  0
SECTION
  2
HEADER
  9
$ANGBASE
  50
0.0
  9
$ANGDIR
  70
1
  9
$MEASUREMENT
  70
0
  0
ENDSEC
  0
SECTION
  2
TABLES
  0
TABLE
  2
LTYPE
  70
4
  0
LTYPE
  5
40F
  2
CONTINUOUS
  70
0
  3
Solid line
  72
65
  73
0
  40
0.0
  0
LTYPE
  5
410
  2
DASHDOT
 70
0
  3
Dash Dot ____ _ ____ _
 72
65
 73
4
 40
2.0
 49
1.25
 49
-0.25
 49
0.25
 49
-0.25
  0
LTYPE
  5
411
  2
DASHED
 70
0
  3
Dashed __ __ __ __ __
 72
65
 73
2
 40
0.75
 49
0.5
 49
-0.25
  0
LTYPE
  5
43B
  2
DOTTED
 70
0
  3
Dotted .  .  .  .
 72
65
 73
2
 40
0.2
 49
0.0
 49
-0.2
  0
ENDTAB
  0
TABLE
  2
STYLE
  70
4
  0
STYLE
  2
KICAD
  70
0
  40
0
  41
1
  42
1
  50
0
  71
0
  3
isocp.shx
  0
STYLE
  2
KICADB
  70
0
  40
0
  41
1
  42
1
  50
0
  71
0
  3
isocp.shx
  0
STYLE
  2
KICADI
  70
0
  40
0
  41
1
  42
1
  50
15
  71
0
  3
isocp.shx
  0
STYLE
  2
KICADBI
  70
0
  40
0
  41
1
  42
1
  50
15
  71
0
  3
isocp.shx
  0
ENDTAB
  0
TABLE
  2
LAYER
  70
1
  0
LAYER
  2
BLACK
  70
0
  62
7
  6
CONTINUOUS
  0
ENDTAB
  0
ENDSEC
  0
SECTION
  2
ENTITIES
0
LINE
8
BLACK
6
CONTINUOUS
10
0.3837031496062992
20
0.2478506692913386
11
0.3838011417322835
21
0.2478100787401575
0
LINE
8
BLACK
6
CONTINUOUS
10
0.3838011417322835
20
0.2478100787401575
11
0.383906968503937
21
0.2478025590551181
0
LINE
8
BLACK
6
CONTINUOUS
10
0.383906968503937
20
0.2478025590551181
11
0.3844475984251968
21
0.2475956692913386
0
LINE
8
BLACK
6
CONTINUOUS
10
0.3844475984251968
20
0.2475956692913386
11
0.3850972047244094
21
0.2472708661417323
0
LINE
8
BLACK
6
CONTINUOUS
10
0.3850972047244094
20
0.2472708661417323
11
0.3852361417322834
21
0.2474097637795276
0
LINE
8
BLACK
6
CONTINUOUS
10
0.3852361417322834
20
0.2474097637795276
11
0.3863005511811023
21
0.2478506692913386
0
LINE
8
BLACK
6
CONTINUOUS
10
0.3863005511811023
20
0.2478506692913386
11
0.3874526771653543
21
0.2478506692913386
0
LINE
8
BLACK
6
CONTINUOUS
10
0.3874526771653543
20
0.2478506692913386
11
0.3885170866141732
21
0.2474097637795276
0
LINE
8
BLACK
6
CONTINUOUS
10
0.3885170866141732
20
0.2474097637795276
11
0.3893317322834646
21
0.2465951181102362
0
LINE
8
BLACK
6
CONTINUOUS
10
0.3893317322834646
20
0.2465951181102362
11
0.3897726377952756
21
0.2455307086614173
0
LINE
8
BLACK
6
CONTINUOUS
10
0.3897726377952756
20
0.2455307086614173
11
0.3898293700787401
21
0.2449546456692913
0
LINE
8
BLACK
6
CONTINUOUS
10
0.3898293700787401
20
0.2449546456692913
11
0.3898293700787401
21
0.2130836220472441
0
LINE
8
BLACK
6
CONTINUOUS
10
0.3898293700787401
20
0.2130836220472441
11
0.3897726377952756
21
0.2125075590551181
0
LINE
8
BLACK
6
CONTINUOUS
10
0.3897726377952756
20
0.2125075590551181
11
0.3897320472440945
21
0.2124096062992126
0
LINE
8
BLACK
6
CONTINUOUS
10
0.3897320472440945
20
0.2124096062992126
11
0.3897245275590551
21
0.2123037007874016
0
LINE
8
BLACK
6
CONTINUOUS
10
0.3897245275590551
20
0.2123037007874016
11
0.3895176377952756
21
0.2117631102362205
0
LINE
8
BLACK
6
CONTINUOUS
10
0.3895176377952756
20
0.2117631102362205
11
0.387642874015748
21
0.2080135826771654
0
LINE
8
BLACK
6
CONTINUOUS
10
0.387642874015748
20
0.2080135826771654
11
0.3874867716535433
21
0.2077655905511811
0
LINE
8
BLACK
6
CONTINUOUS
10
0.3874867716535433
20
0.2077655905511811
11
0.387456968503937
21
0.2076936220472441
0
LINE
8
BLACK
6
CONTINUOUS
10
0.387456968503937
20
0.2076936220472441
11
0.3873904724409449
21
0.2076126771653543
0
LINE
8
BLACK
6
CONTINUOUS
10
0.3873904724409449
20
0.2076126771653543
11
0.3873345275590551
21
0.2075237007874016
0
LINE
8
BLACK
6
CONTINUOUS
10
0.3873345275590551
20
0.2075237007874016
11
0.3872755118110236
21
0.2074725590551181
0
LINE
8
BLACK
6
CONTINUOUS
10
0.3872755118110236
20
0.2074725590551181
11
0.3870897637795275
21
0.2072461811023622
0
LINE
8
BLACK
6
CONTINUOUS
10
0.3870897637795275
20
0.2072461811023622
11
0.385215
21
0.2053714173228346
0
LINE
8
BLACK
6
CONTINUOUS
10
0.385215
20
0.2053714173228346
11
0.3849886220472441
21
0.2051856692913386
0
LINE
8
BLACK
6
CONTINUOUS
10
0.3849886220472441
20
0.2051856692913386
11
0.3849374803149606
21
0.2051266535433071
0
LINE
8
BLACK
6
CONTINUOUS
10
0.3849374803149606
20
0.2051266535433071
11
0.3848485039370079
21
0.2050707086614173
0
LINE
8
BLACK
6
CONTINUOUS
10
0.3848485039370079
20
0.2050707086614173
11
0.3847675590551181
21
0.2050042125984252
0
LINE
8
BLACK
6
CONTINUOUS
10
0.3847675590551181
20
0.2050042125984252
11
0.3846955905511811
21
0.2049744094488189
0
LINE
8
BLACK
6
CONTINUOUS
10
0.3846955905511811
20
0.2049744094488189
11
0.3844475984251968
21
0.2048183070866142
0
LINE
8
BLACK
6
CONTINUOUS
10
0.3844475984251968
20
0.2048183070866142
11
0.3806980708661417
21
0.2029435433070866
0
LINE
8
BLACK
6
CONTINUOUS
10
0.3806980708661417
20
0.2029435433070866
11
0.3801574409448819
21
0.2027366535433071
0
LINE
8
BLACK
6
CONTINUOUS
10
0.3801574409448819
20
0.2027366535433071
11
0.3800516141732284
21
0.2027291732283465
0
LINE
8
BLACK
6
CONTINUOUS
10
0.3800516141732284
20
0.2027291732283465
11
0.3799536220472441
21
0.2026885433070866
0
LINE
8
BLACK
6
CONTINUOUS
10
0.3799536220472441
20
0.2026885433070866
11
0.3793775590551181
21
0.202631811023622
0
LINE
8
BLACK
6
CONTINUOUS
10
0.3793775590551181
20
0.202631811023622
11
0.3737532677165354
21
0.202631811023622
0
LINE
8
BLACK
6
CONTINUOUS
10
0.3737532677165354
20
0.202631811023622
11
0.3731772047244095
21
0.2026885433070866
0
LINE
8
BLACK
6
CONTINUOUS
10
0.3731772047244095
20
0.2026885433070866
11
0.3730792125984252
21
0.2027291338582677
0
LINE
8
BLACK
6
CONTINUOUS
10
0.3730792125984252
20
0.2027291338582677
11
0.3729733464566929
21
0.2027366535433071
0
LINE
8
BLACK
6
CONTINUOUS
10
0.3729733464566929
20
0.2027366535433071
11
0.3724327559055118
21
0.2029435433070866
0
LINE
8
BLACK
6
CONTINUOUS
10
0.3724327559055118
20
0.2029435433070866
11
0.3686832283464567
21
0.2048183070866142
0
LINE
8
BLACK
6
CONTINUOUS
10
0.3686832283464567
20
0.2048183070866142
11
0.3681933464566929
21
0.2051266535433071
0
LINE
8
BLACK
6
CONTINUOUS
10
0.3681933464566929
20
0.2051266535433071
11
0.3674385039370079
21
0.2059970472440945
0
LINE
8
BLACK
6
CONTINUOUS
10
0.3674385039370079
20
0.2059970472440945
11
0.3670741732283465
21
0.20709
0
LINE
8
BLACK
6
CONTINUOUS
10
0.3670741732283465
20
0.20709
11
0.3671558267716535
21
0.2082392125984252
0
LINE
8
BLACK
6
CONTINUOUS
10
0.3671558267716535
20
0.2082392125984252
11
0.367671062992126
21
0.2092697244094488
0
LINE
8
BLACK
6
CONTINUOUS
10
0.367671062992126
20
0.2092697244094488
11
0.3685414566929134
21
0.2100245669291338
0
LINE
8
BLACK
6
CONTINUOUS
10
0.3685414566929134
20
0.2100245669291338
11
0.3696344094488189
21
0.2103888976377953
0
LINE
8
BLACK
6
CONTINUOUS
10
0.3696344094488189
20
0.2103888976377953
11
0.3707836220472441
21
0.2103072440944882
0
LINE
8
BLACK
6
CONTINUOUS
10
0.3707836220472441
20
0.2103072440944882
11
0.3713242519685039
21
0.2101003543307086
0
LINE
8
BLACK
6
CONTINUOUS
10
0.3713242519685039
20
0.2101003543307086
11
0.3744503149606299
21
0.2085373228346457
0
LINE
8
BLACK
6
CONTINUOUS
10
0.3744503149606299
20
0.2085373228346457
11
0.3786805118110236
21
0.2085373228346457
0
LINE
8
BLACK
6
CONTINUOUS
10
0.3786805118110236
20
0.2085373228346457
11
0.3813779921259842
21
0.209886062992126
0
LINE
8
BLACK
6
CONTINUOUS
10
0.3813779921259842
20
0.209886062992126
11
0.3825751181102362
21
0.211083188976378
0
LINE
8
BLACK
6
CONTINUOUS
10
0.3825751181102362
20
0.211083188976378
11
0.3839238582677165
21
0.2137806692913386
0
LINE
8
BLACK
6
CONTINUOUS
10
0.3839238582677165
20
0.2137806692913386
11
0.3839238582677165
21
0.2158664960629921
0
LINE
8
BLACK
6
CONTINUOUS
10
0.3839238582677165
20
0.2158664960629921
11
0.383906968503937
21
0.21586
0
LINE
8
BLACK
6
CONTINUOUS
10
0.383906968503937
20
0.21586
11
0.3838011417322835
21
0.2158525196850394
0
LINE
8
BLACK
6
CONTINUOUS
10
0.3838011417322835
20
0.2158525196850394
11
0.3837031496062992
21
0.2158118897637795
0
LINE
8
BLACK
6
CONTINUOUS
10
0.3837031496062992
20
0.2158118897637795
11
0.3831270866141732
21
0.215755157480315
0
LINE
8
BLACK
6
CONTINUOUS
10
0.3831270866141732
20
0.215755157480315
11
0.375628031496063
21
0.215755157480315
0
LINE
8
BLACK
6
CONTINUOUS
10
0.375628031496063
20
0.215755157480315
11
0.375051968503937
21
0.2158118897637795
0
LINE
8
BLACK
6
CONTINUOUS
10
0.375051968503937
20
0.2158118897637795
11
0.3749539763779527
21
0.2158524803149606
0
LINE
8
BLACK
6
CONTINUOUS
10
0.3749539763779527
20
0.2158524803149606
11
0.3748481102362204
21
0.21586
0
LINE
8
BLACK
6
CONTINUOUS
10
0.3748481102362204
20
0.21586
11
0.3743075196850393
21
0.2160668897637795
0
LINE
8
BLACK
6
CONTINUOUS
10
0.3743075196850393
20
0.2160668897637795
11
0.3705579921259842
21
0.2179416535433071
0
LINE
8
BLACK
6
CONTINUOUS
10
0.3705579921259842
20
0.2179416535433071
11
0.3703099606299213
21
0.2180977559055118
0
LINE
8
BLACK
6
CONTINUOUS
10
0.3703099606299213
20
0.2180977559055118
11
0.370238031496063
21
0.2181275590551181
0
LINE
8
BLACK
6
CONTINUOUS
10
0.370238031496063
20
0.2181275590551181
11
0.3701570472440945
21
0.2181940157480315
0
LINE
8
BLACK
6
CONTINUOUS
10
0.3701570472440945
20
0.2181940157480315
11
0.3700681102362204
21
0.21825
0
LINE
8
BLACK
6
CONTINUOUS
10
0.3700681102362204
20
0.21825
11
0.3700168897637795
21
0.2183090551181102
0
LINE
8
BLACK
6
CONTINUOUS
10
0.3700168897637795
20
0.2183090551181102
11
0.3697905511811024
21
0.2184948031496063
0
LINE
8
BLACK
6
CONTINUOUS
10
0.3697905511811024
20
0.2184948031496063
11
0.3679157874015748
21
0.2203696062992126
0
LINE
8
BLACK
6
CONTINUOUS
10
0.3679157874015748
20
0.2203696062992126
11
0.3677300393700788
21
0.2205959448818898
0
LINE
8
BLACK
6
CONTINUOUS
10
0.3677300393700788
20
0.2205959448818898
11
0.367671062992126
21
0.2206470866141732
0
LINE
8
BLACK
6
CONTINUOUS
10
0.367671062992126
20
0.2206470866141732
11
0.3676150787401575
21
0.2207360236220473
0
LINE
8
BLACK
6
CONTINUOUS
10
0.3676150787401575
20
0.2207360236220473
11
0.3675485826771653
21
0.2208170472440945
0
LINE
8
BLACK
6
CONTINUOUS
10
0.3675485826771653
20
0.2208170472440945
11
0.3675187401574803
21
0.220889094488189
0
LINE
8
BLACK
6
CONTINUOUS
10
0.3675187401574803
20
0.220889094488189
11
0.3673627165354331
21
0.221136968503937
0
LINE
8
BLACK
6
CONTINUOUS
10
0.3673627165354331
20
0.221136968503937
11
0.3654879527559055
21
0.2248864960629921
0
LINE
8
BLACK
6
CONTINUOUS
10
0.3654879527559055
20
0.2248864960629921
11
0.365281062992126
21
0.225427125984252
0
LINE
8
BLACK
6
CONTINUOUS
10
0.365281062992126
20
0.225427125984252
11
0.3652735433070866
21
0.2255329527559055
0
LINE
8
BLACK
6
CONTINUOUS
10
0.3652735433070866
20
0.2255329527559055
11
0.3652329527559055
21
0.2256309448818898
0
LINE
8
BLACK
6
CONTINUOUS
10
0.3652329527559055
20
0.2256309448818898
11
0.3651762204724409
21
0.2262070078740157
0
LINE
8
BLACK
6
CONTINUOUS
10
0.3651762204724409
20
0.2262070078740157
11
0.3651762204724409
21
0.2374555905511811
0
LINE
8
BLACK
6
CONTINUOUS
10
0.3651762204724409
20
0.2374555905511811
11
0.3652329527559055
21
0.2380316535433071
0
LINE
8
BLACK
6
CONTINUOUS
10
0.3652329527559055
20
0.2380316535433071
11
0.3652735433070866
21
0.2381296850393701
0
LINE
8
BLACK
6
CONTINUOUS
10
0.3652735433070866
20
0.2381296850393701
11
0.365281062992126
21
0.2382354724409449
0
LINE
8
BLACK
6
CONTINUOUS
10
0.365281062992126
20
0.2382354724409449
11
0.3654879527559055
21
0.2387761023622047
0
LINE
8
BLACK
6
CONTINUOUS
10
0.3654879527559055
20
0.2387761023622047
11
0.3673627165354331
21
0.2425256299212598
0
LINE
8
BLACK
6
CONTINUOUS
10
0.3673627165354331
20
0.2425256299212598
11
0.3675187795275591
21
0.2427736614173228
0
LINE
8
BLACK
6
CONTINUOUS
10
0.3675187795275591
20
0.2427736614173228
11
0.3675486220472441
21
0.2428455905511811
0
LINE
8
BLACK
6
CONTINUOUS
10
0.3675486220472441
20
0.2428455905511811
11
0.3676150787401575
21
0.2429265748031496
0
LINE
8
BLACK
6
CONTINUOUS
10
0.3676150787401575
20
0.2429265748031496
11
0.367671062992126
21
0.2430155118110236
0
LINE
8
BLACK
6
CONTINUOUS
10
0.367671062992126
20
0.2430155118110236
11
0.3677300393700788
21
0.2430666929133858
0
LINE
8
BLACK
6
CONTINUOUS
10
0.3677300393700788
20
0.2430666929133858
11
0.3679158267716535
21
0.243293031496063
0
LINE
8
BLACK
6
CONTINUOUS
10
0.3679158267716535
20
0.243293031496063
11
0.3697905905511811
21
0.2451677952755905
0
LINE
8
BLACK
6
CONTINUOUS
10
0.3697905905511811
20
0.2451677952755905
11
0.3700169291338583
21
0.2453535826771653
0
LINE
8
BLACK
6
CONTINUOUS
10
0.3700169291338583
20
0.2453535826771653
11
0.3700681102362204
21
0.2454125590551181
0
LINE
8
BLACK
6
CONTINUOUS
10
0.3700681102362204
20
0.2454125590551181
11
0.3701570472440945
21
0.2454685433070866
0
LINE
8
BLACK
6
CONTINUOUS
10
0.3701570472440945
20
0.2454685433070866
11
0.370238031496063
21
0.245535
0
LINE
8
BLACK
6
CONTINUOUS
10
0.370238031496063
20
0.245535
11
0.3703099606299213
21
0.245564842519685
0
LINE
8
BLACK
6
CONTINUOUS
10
0.3703099606299213
20
0.245564842519685
11
0.3705579921259842
21
0.245720905511811
0
LINE
8
BLACK
6
CONTINUOUS
10
0.3705579921259842
20
0.245720905511811
11
0.3743075196850393
21
0.2475956692913386
0
LINE
8
BLACK
6
CONTINUOUS
10
0.3743075196850393
20
0.2475956692913386
11
0.3748481102362204
21
0.2478025590551181
0
LINE
8
BLACK
6
CONTINUOUS
10
0.3748481102362204
20
0.2478025590551181
11
0.3749539763779527
21
0.2478101181102362
0
LINE
8
BLACK
6
CONTINUOUS
10
0.3749539763779527
20
0.2478101181102362
11
0.375051968503937
21
0.2478506692913386
0
LINE
8
BLACK
6
CONTINUOUS
10
0.375051968503937
20
0.2478506692913386
11
0.375628031496063
21
0.2479074015748031
0
LINE
8
BLACK
6
CONTINUOUS
10
0.375628031496063
20
0.2479074015748031
11
0.3831270866141732
21
0.2479074015748031
0
LINE
8
BLACK
6
CONTINUOUS
10
0.3831270866141732
20
0.2479074015748031
11
0.3837031496062992
21
0.2478506692913386
0
LINE
8
BLACK
6
CONTINUOUS
10
0.3736275984251968
20
0.2406531496062992
11
0.3724304724409448
21
0.2394560236220472
0
LINE
8
BLACK
6
CONTINUOUS
10
0.3724304724409448
20
0.2394560236220472
11
0.3710817322834646
21
0.2367585433070866
0
LINE
8
BLACK
6
CONTINUOUS
10
0.3710817322834646
20
0.2367585433070866
11
0.3710817322834646
21
0.2269040551181102
0
LINE
8
BLACK
6
CONTINUOUS
10
0.3710817322834646
20
0.2269040551181102
11
0.3724304724409448
21
0.2242065748031496
0
LINE
8
BLACK
6
CONTINUOUS
10
0.3724304724409448
20
0.2242065748031496
11
0.3736275984251968
21
0.2230094094488189
0
LINE
8
BLACK
6
CONTINUOUS
10
0.3736275984251968
20
0.2230094094488189
11
0.3763250787401575
21
0.2216606692913386
0
LINE
8
BLACK
6
CONTINUOUS
10
0.3763250787401575
20
0.2216606692913386
11
0.3824300393700787
21
0.2216606692913386
0
LINE
8
BLACK
6
CONTINUOUS
10
0.3824300393700787
20
0.2216606692913386
11
0.3839238582677165
21
0.2224075984251968
0
LINE
8
BLACK
6
CONTINUOUS
10
0.3839238582677165
20
0.2224075984251968
11
0.3839238582677165
21
0.241255
0
LINE
8
BLACK
6
CONTINUOUS
10
0.3839238582677165
20
0.241255
11
0.3824300393700787
21
0.2420018897637795
0
LINE
8
BLACK
6
CONTINUOUS
10
0.3824300393700787
20
0.2420018897637795
11
0.3763250787401575
21
0.2420018897637795
0
LINE
8
BLACK
6
CONTINUOUS
10
0.3763250787401575
20
0.2420018897637795
11
0.3736275984251968
21
0.2406531496062992
0
LINE
8
BLACK
6
CONTINUOUS
10
2.383703149606299
20
0.2478506692913386
11
2.3838011417322833
21
0.2478100787401575
0
LINE
8
BLACK
6
CONTINUOUS
10
2.3838011417322833
20
0.2478100787401575
11
2.3839069685039371
21
0.2478025590551181
0
LINE
8
BLACK
6
CONTINUOUS
10
2.3839069685039371
20
0.2478025590551181
11
2.3844475984251967
21
0.2475956692913386
0
LINE
8
BLACK
6
CONTINUOUS
10
2.3844475984251967
20
0.2475956692913386
11
2.3850972047244094
21
0.2472708661417323
0
LINE
8
BLACK
6
CONTINUOUS
10
2.3850972047244094
20
0.2472708661417323
11
2.3852361417322836
21
0.2474097637795276
0
LINE
8
BLACK
6
CONTINUOUS
10
2.3852361417322836
20
0.2474097637795276
11
2.3863005511811024
21
0.2478506692913386
0
LINE
8
BLACK
6
CONTINUOUS
10
2.3863005511811024
20
0.2478506692913386
11
2.3874526771653541
21
0.2478506692913386
0
LINE
8
BLACK
6
CONTINUOUS
10
2.3874526771653541
20
0.2478506692913386
11
2.3885170866141734
21
0.2474097637795276
0
LINE
8
BLACK
6
CONTINUOUS
10
2.3885170866141734
20
0.2474097637795276
11
2.3893317322834644
21
0.2465951181102362
0
LINE
8
BLACK
6
CONTINUOUS
10
2.3893317322834644
20
0.2465951181102362
11
2.3897726377952755
21
0.2455307086614173
0
LINE
8
BLACK
6
CONTINUOUS
10
2.3897726377952755
20
0.2455307086614173
11
2.3898293700787403
21
0.2449546456692913
0
LINE
8
BLACK
6
CONTINUOUS
10
2.3898293700787403
20
0.2449546456692913
11
2.3898293700787403
21
0.2130836220472441
0
LINE
8
BLACK
6
CONTINUOUS
10
2.3898293700787403
20
0.2130836220472441
11
2.3897726377952755
21
0.2125075590551181
0
LINE
8
BLACK
6
CONTINUOUS
10
2.3897726377952755
20
0.2125075590551181
11
2.3897320472440944
21
0.2124096062992126
0
LINE
8
BLACK
6
CONTINUOUS
10
2.3897320472440944
20
0.2124096062992126
11
2.3897245275590548
21
0.2123037007874016
0
LINE
8
BLACK
6
CONTINUOUS
10
2.3897245275590548
20
0.2123037007874016
11
2.3895176377952754
21
0.2117631102362205
0
LINE
8
BLACK
6
CONTINUOUS
10
2.3895176377952754
20
0.2117631102362205
11
2.3876428740157478
21
0.2080135826771654
0
LINE
8
BLACK
6
CONTINUOUS
10
2.3876428740157478
20
0.2080135826771654
11
2.3874867716535433
21
0.2077655905511811
0
LINE
8
BLACK
6
CONTINUOUS
10
2.3874867716535433
20
0.2077655905511811
11
2.3874569685039368
21
0.2076936220472441
0
LINE
8
BLACK
6
CONTINUOUS
10
2.3874569685039368
20
0.2076936220472441
11
2.3873904724409449
21
0.2076126771653543
0
LINE
8
BLACK
6
CONTINUOUS
10
2.3873904724409449
20
0.2076126771653543
11
2.3873345275590552
21
0.2075237007874016
0
LINE
8
BLACK
6
CONTINUOUS
10
2.3873345275590552
20
0.2075237007874016
11
2.3872755118110236
21
0.2074725590551181
0
LINE
8
BLACK
6
CONTINUOUS
10
2.3872755118110236
20
0.2074725590551181
11
2.3870897637795276
21
0.2072461811023622
0
LINE
8
BLACK
6
CONTINUOUS
10
2.3870897637795276
20
0.2072461811023622
11
2.3852150000000001
21
0.2053714173228346
0
LINE
8
BLACK
6
CONTINUOUS
10
2.3852150000000001
20
0.2053714173228346
11
2.3849886220472438
21
0.2051856692913386
0
LINE
8
BLACK
6
CONTINUOUS
10
2.3849886220472438
20
0.2051856692913386
11
2.3849374803149606
21
0.2051266535433071
0
LINE
8
BLACK
6
CONTINUOUS
10
2.3849374803149606
20
0.2051266535433071
11
2.384848503937008
21
0.2050707086614173
0
LINE
8
BLACK
6
CONTINUOUS
10
2.384848503937008
20
0.2050707086614173
11
2.3847675590551178
21
0.2050042125984252
0
LINE
8
BLACK
6
CONTINUOUS
10
2.3847675590551178
20
0.2050042125984252
11
2.3846955905511811
21
0.2049744094488189
0
LINE
8
BLACK
6
CONTINUOUS
10
2.3846955905511811
20
0.2049744094488189
11
2.3844475984251967
21
0.2048183070866142
0
LINE
8
BLACK
6
CONTINUOUS
10
2.3844475984251967
20
0.2048183070866142
11
2.3806980708661416
21
0.2029435433070866
0
LINE
8
BLACK
6
CONTINUOUS
10
2.3806980708661416
20
0.2029435433070866
11
2.380157440944882
21
0.2027366535433071
0
LINE
8
BLACK
6
CONTINUOUS
10
2.380157440944882
20
0.2027366535433071
11
2.3800516141732282
21
0.2027291732283465
0
LINE
8
BLACK
6
CONTINUOUS
10
2.3800516141732282
20
0.2027291732283465
11
2.3799536220472439
21
0.2026885433070866
0
LINE
8
BLACK
6
CONTINUOUS
10
2.3799536220472439
20
0.2026885433070866
11
2.3793775590551181
21
0.202631811023622
0
LINE
8
BLACK
6
CONTINUOUS
10
2.3793775590551181
20
0.202631811023622
11
2.3737532677165354
21
0.202631811023622
0
LINE
8
BLACK
6
CONTINUOUS
10
2.3737532677165354
20
0.202631811023622
11
2.3731772047244095
21
0.2026885433070866
0
LINE
8
BLACK
6
CONTINUOUS
10
2.3731772047244095
20
0.2026885433070866
11
2.3730792125984252
21
0.2027291338582677
0
LINE
8
BLACK
6
CONTINUOUS
10
2.3730792125984252
20
0.2027291338582677
11
2.3729733464566927
21
0.2027366535433071
0
LINE
8
BLACK
6
CONTINUOUS
10
2.3729733464566927
20
0.2027366535433071
11
2.3724327559055118
21
0.2029435433070866
0
LINE
8
BLACK
6
CONTINUOUS
10
2.3724327559055118
20
0.2029435433070866
11
2.3686832283464567
21
0.2048183070866142
0
LINE
8
BLACK
6
CONTINUOUS
10
2.3686832283464567
20
0.2048183070866142
11
2.3681933464566929
21
0.2051266535433071
0
LINE
8
BLACK
6
CONTINUOUS
10
2.3681933464566929
20
0.2051266535433071
11
2.3674385039370076
21
0.2059970472440945
0
LINE
8
BLACK
6
CONTINUOUS
10
2.3674385039370076
20
0.2059970472440945
11
2.3670741732283465
21
0.20709
0
LINE
8
BLACK
6
CONTINUOUS
10
2.3670741732283465
20
0.20709
11
2.3671558267716537
21
0.2082392125984252
0
LINE
8
BLACK
6
CONTINUOUS
10
2.3671558267716537
20
0.2082392125984252
11
2.3676710629921258
21
0.2092697244094488
0
LINE
8
BLACK
6
CONTINUOUS
10
2.3676710629921258
20
0.2092697244094488
11
2.3685414566929133
21
0.2100245669291338
0
LINE
8
BLACK
6
CONTINUOUS
10
2.3685414566929133
20
0.2100245669291338
11
2.3696344094488189
21
0.2103888976377953
0
LINE
8
BLACK
6
CONTINUOUS
10
2.3696344094488189
20
0.2103888976377953
11
2.3707836220472442
21
0.2103072440944882
0
LINE
8
BLACK
6
CONTINUOUS
10
2.3707836220472442
20
0.2103072440944882
11
2.3713242519685038
21
0.2101003543307086
0
LINE
8
BLACK
6
CONTINUOUS
10
2.3713242519685038
20
0.2101003543307086
11
2.37445031496063
21
0.2085373228346457
0
LINE
8
BLACK
6
CONTINUOUS
10
2.37445031496063
20
0.2085373228346457
11
2.3786805118110235
21
0.2085373228346457
0
LINE
8
BLACK
6
CONTINUOUS
10
2.3786805118110235
20
0.2085373228346457
11
2.3813779921259841
21
0.209886062992126
0
LINE
8
BLACK
6
CONTINUOUS
10
2.3813779921259841
20
0.209886062992126
11
2.3825751181102364
21
0.211083188976378
0
LINE
8
BLACK
6
CONTINUOUS
10
2.3825751181102364
20
0.211083188976378
11
2.3839238582677167
21
0.2137806692913386
0
LINE
8
BLACK
6
CONTINUOUS
10
2.3839238582677167
20
0.2137806692913386
11
2.3839238582677167
21
0.2158664960629921
0
LINE
8
BLACK
6
CONTINUOUS
10
2.3839238582677167
20
0.2158664960629921
11
2.3839069685039371
21
0.21586
0
LINE
8
BLACK
6
CONTINUOUS
10
2.3839069685039371
20
0.21586
11
2.3838011417322833
21
0.2158525196850394
0
LINE
8
BLACK
6
CONTINUOUS
10
2.3838011417322833
20
0.2158525196850394
11
2.383703149606299
21
0.2158118897637795
0
LINE
8
BLACK
6
CONTINUOUS
10
2.383703149606299
20
0.2158118897637795
11
2.3831270866141732
21
0.215755157480315
0
LINE
8
BLACK
6
CONTINUOUS
10
2.3831270866141732
20
0.215755157480315
11
2.3756280314960629
21
0.215755157480315
0
LINE
8
BLACK
6
CONTINUOUS
10
2.3756280314960629
20
0.215755157480315
11
2.3750519685039371
21
0.2158118897637795
0
LINE
8
BLACK
6
CONTINUOUS
10
2.3750519685039371
20
0.2158118897637795
11
2.3749539763779528
21
0.2158524803149606
0
LINE
8
BLACK
6
CONTINUOUS
10
2.3749539763779528
20
0.2158524803149606
11
2.3748481102362202
21
0.21586
0
LINE
8
BLACK
6
CONTINUOUS
10
2.3748481102362202
20
0.21586
11
2.3743075196850394
21
0.2160668897637795
0
LINE
8
BLACK
6
CONTINUOUS
10
2.3743075196850394
20
0.2160668897637795
11
2.3705579921259843
21
0.2179416535433071
0
LINE
8
BLACK
6
CONTINUOUS
10
2.3705579921259843
20
0.2179416535433071
11
2.3703099606299212
21
0.2180977559055118
0
LINE
8
BLACK
6
CONTINUOUS
10
2.3703099606299212
20
0.2180977559055118
11
2.3702380314960632
21
0.2181275590551181
0
LINE
8
BLACK
6
CONTINUOUS
10
2.3702380314960632
20
0.2181275590551181
11
2.3701570472440943
21
0.2181940157480315
0
LINE
8
BLACK
6
CONTINUOUS
10
2.3701570472440943
20
0.2181940157480315
11
2.3700681102362204
21
0.21825
0
LINE
8
BLACK
6
CONTINUOUS
10
2.3700681102362204
20
0.21825
11
2.3700168897637797
21
0.2183090551181102
0
LINE
8
BLACK
6
CONTINUOUS
10
2.3700168897637797
20
0.2183090551181102
11
2.3697905511811022
21
0.2184948031496063
0
LINE
8
BLACK
6
CONTINUOUS
10
2.3697905511811022
20
0.2184948031496063
11
2.3679157874015746
21
0.2203696062992126
0
LINE
8
BLACK
6
CONTINUOUS
10
2.3679157874015746
20
0.2203696062992126
11
2.3677300393700786
21
0.2205959448818898
0
LINE
8
BLACK
6
CONTINUOUS
10
2.3677300393700786
20
0.2205959448818898
11
2.3676710629921258
21
0.2206470866141732
0
LINE
8
BLACK
6
CONTINUOUS
10
2.3676710629921258
20
0.2206470866141732
11
2.3676150787401573
21
0.2207360236220473
0
LINE
8
BLACK
6
CONTINUOUS
10
2.3676150787401573
20
0.2207360236220473
11
2.3675485826771654
21
0.2208170472440945
0
LINE
8
BLACK
6
CONTINUOUS
10
2.3675485826771654
20
0.2208170472440945
11
2.3675187401574802
21
0.220889094488189
0
LINE
8
BLACK
6
CONTINUOUS
10
2.3675187401574802
20
0.220889094488189
11
2.3673627165354332
21
0.221136968503937
0
LINE
8
BLACK
6
CONTINUOUS
10
2.3673627165354332
20
0.221136968503937
11
2.3654879527559056
21
0.2248864960629921
0
LINE
8
BLACK
6
CONTINUOUS
10
2.3654879527559056
20
0.2248864960629921
11
2.3652810629921261
21
0.225427125984252
0
LINE
8
BLACK
6
CONTINUOUS
10
2.3652810629921261
20
0.225427125984252
11
2.3652735433070866
21
0.2255329527559055
0
LINE
8
BLACK
6
CONTINUOUS
10
2.3652735433070866
20
0.2255329527559055
11
2.3652329527559055
21
0.2256309448818898
0
LINE
8
BLACK
6
CONTINUOUS
10
2.3652329527559055
20
0.2256309448818898
11
2.3651762204724407
21
0.2262070078740157
0
LINE
8
BLACK
6
CONTINUOUS
10
2.3651762204724407
20
0.2262070078740157
11
2.3651762204724407
21
0.2374555905511811
0
LINE
8
BLACK
6
CONTINUOUS
10
2.3651762204724407
20
0.2374555905511811
11
2.3652329527559055
21
0.2380316535433071
0
LINE
8
BLACK
6
CONTINUOUS
10
2.3652329527559055
20
0.2380316535433071
11
2.3652735433070866
21
0.2381296850393701
0
LINE
8
BLACK
6
CONTINUOUS
10
2.3652735433070866
20
0.2381296850393701
11
2.3652810629921261
21
0.2382354724409449
0
LINE
8
BLACK
6
CONTINUOUS
10
2.3652810629921261
20
0.2382354724409449
11
2.3654879527559056
21
0.2387761023622047
0
LINE
8
BLACK
6
CONTINUOUS
10
2.3654879527559056
20
0.2387761023622047
11
2.3673627165354332
21
0.2425256299212598
0
LINE
8
BLACK
6
CONTINUOUS
10
2.3673627165354332
20
0.2425256299212598
11
2.367518779527559
21
0.2427736614173228
0
LINE
8
BLACK
6
CONTINUOUS
10
2.367518779527559
20
0.2427736614173228
11
2.3675486220472441
21
0.2428455905511811
0
LINE
8
BLACK
6
CONTINUOUS
10
2.3675486220472441
20
0.2428455905511811
11
2.3676150787401573
21
0.2429265748031496
0
LINE
8
BLACK
6
CONTINUOUS
10
2.3676150787401573
20
0.2429265748031496
11
2.3676710629921258
21
0.2430155118110236
0
LINE
8
BLACK
6
CONTINUOUS
10
2.3676710629921258
20
0.2430155118110236
11
2.3677300393700786
21
0.2430666929133858
0
LINE
8
BLACK
6
CONTINUOUS
10
2.3677300393700786
20
0.2430666929133858
11
2.3679158267716534
21
0.243293031496063
0
LINE
8
BLACK
6
CONTINUOUS
10
2.3679158267716534
20
0.243293031496063
11
2.3697905905511809
21
0.2451677952755905
0
LINE
8
BLACK
6
CONTINUOUS
10
2.3697905905511809
20
0.2451677952755905
11
2.3700169291338584
21
0.2453535826771653
0
LINE
8
BLACK
6
CONTINUOUS
10
2.3700169291338584
20
0.2453535826771653
11
2.3700681102362204
21
0.2454125590551181
0
LINE
8
BLACK
6
CONTINUOUS
10
2.3700681102362204
20
0.2454125590551181
11
2.3701570472440943
21
0.2454685433070866
0
LINE
8
BLACK
6
CONTINUOUS
10
2.3701570472440943
20
0.2454685433070866
11
2.3702380314960632
21
0.245535
0
LINE
8
BLACK
6
CONTINUOUS
10
2.3702380314960632
20
0.245535
11
2.3703099606299212
21
0.245564842519685
0
LINE
8
BLACK
6
CONTINUOUS
10
2.3703099606299212
20
0.245564842519685
11
2.3705579921259843
21
0.245720905511811
0
LINE
8
BLACK
6
CONTINUOUS
10
2.3705579921259843
20
0.245720905511811
11
2.3743075196850394
21
0.2475956692913386
0
LINE
8
BLACK
6
CONTINUOUS
10
2.3743075196850394
20
0.2475956692913386
11
2.3748481102362202
21
0.2478025590551181
0
LINE
8
BLACK
6
CONTINUOUS
10
2.3748481102362202
20
0.2478025590551181
11
2.3749539763779528
21
0.2478101181102362
0
LINE
8
BLACK
6
CONTINUOUS
10
2.3749539763779528
20
0.2478101181102362
11
2.3750519685039371
21
0.2478506692913386
0
LINE
8
BLACK
6
CONTINUOUS
10
2.3750519685039371
20
0.2478506692913386
11
2.3756280314960629
21
0.2479074015748031
0
LINE
8
BLACK
6
CONTINUOUS
10
2.3756280314960629
20
0.2479074015748031
11
2.3831270866141732
21
0.2479074015748031
0
LINE
8
BLACK
6
CONTINUOUS
10
2.3831270866141732
20
0.2479074015748031
11
2.383703149606299
21
0.2478506692913386
0
LINE
8
BLACK
6
CONTINUOUS
10
2.3736275984251969
20
0.2406531496062992
11
2.3724304724409446
21
0.2394560236220472
0
LINE
8
BLACK
6
CONTINUOUS
10
2.3724304724409446
20
0.2394560236220472
11
2.3710817322834643
21
0.2367585433070866
0
LINE
8
BLACK
6
CONTINUOUS
10
2.3710817322834643
20
0.2367585433070866
11
2.3710817322834643
21
0.2269040551181102
0
LINE
8
BLACK
6
CONTINUOUS
10
2.3710817322834643
20
0.2269040551181102
11
2.3724304724409446
21
0.2242065748031496
0
LINE
8
BLACK
6
CONTINUOUS
10
2.3724304724409446
20
0.2242065748031496
11
2.3736275984251969
21
0.2230094094488189
0
LINE
8
BLACK
6
CONTINUOUS
10
2.3736275984251969
20
0.2230094094488189
11
2.3763250787401575
21
0.2216606692913386
0
LINE
8
BLACK
6
CONTINUOUS
10
2.3763250787401575
20
0.2216606692913386
11
2.3824300393700786
21
0.2216606692913386
0
LINE
8
BLACK
6
CONTINUOUS
10
2.3824300393700786
20
0.2216606692913386
11
2.3839238582677167
21
0.2224075984251968
0
LINE
8
BLACK
6
CONTINUOUS
10
2.3839238582677167
20
0.2224075984251968
11
2.3839238582677167
21
0.241255
0
LINE
8
BLACK
6
CONTINUOUS
10
2.3839238582677167
20
0.241255
11
2.3824300393700786
21
0.2420018897637795
0
LINE
8
BLACK
6
CONTINUOUS
10
2.3824300393700786
20
0.2420018897637795
11
2.3763250787401575
21
0.2420018897637795
0
LINE
8
BLACK
6
CONTINUOUS
10
2.3763250787401575
20
0.2420018897637795
11
2.3736275984251969
21
0.2406531496062992
0
LINE
8
BLACK
6
CONTINUOUS
10
0.5580563779527559
20
0.2178544094488189
11
0.5591207874015748
21
0.2174135039370079
0
LINE
8
BLACK
6
CONTINUOUS
10
0.5591207874015748
20
0.2174135039370079
11
0.5599354330708661
21
0.2165988582677165
0
LINE
8
BLACK
6
CONTINUOUS
10
0.5599354330708661
20
0.2165988582677165
11
0.5603763385826771
21
0.2155344488188976
0
LINE
8
BLACK
6
CONTINUOUS
10
0.5603763385826771
20
0.2155344488188976
11
0.5603763385826771
21
0.2143823228346457
0
LINE
8
BLACK
6
CONTINUOUS
10
0.5603763385826771
20
0.2143823228346457
11
0.5599354330708661
21
0.2133179133858268
0
LINE
8
BLACK
6
CONTINUOUS
10
0.5599354330708661
20
0.2133179133858268
11
0.5591207874015748
21
0.2125032677165354
0
LINE
8
BLACK
6
CONTINUOUS
10
0.5591207874015748
20
0.2125032677165354
11
0.5580563779527559
21
0.2120623622047244
0
LINE
8
BLACK
6
CONTINUOUS
10
0.5580563779527559
20
0.2120623622047244
11
0.5574803149606299
21
0.2120056299212598
0
LINE
8
BLACK
6
CONTINUOUS
10
0.5574803149606299
20
0.2120056299212598
11
0.527484094488189
21
0.2120056299212598
0
LINE
8
BLACK
6
CONTINUOUS
10
0.527484094488189
20
0.2120056299212598
11
0.526908031496063
21
0.2120623622047244
0
LINE
8
BLACK
6
CONTINUOUS
10
0.526908031496063
20
0.2120623622047244
11
0.5258436220472441
21
0.2125032677165354
0
LINE
8
BLACK
6
CONTINUOUS
10
0.5258436220472441
20
0.2125032677165354
11
0.5250289763779528
21
0.2133179133858268
0
LINE
8
BLACK
6
CONTINUOUS
10
0.5250289763779528
20
0.2133179133858268
11
0.5245880708661417
21
0.2143823228346457
0
LINE
8
BLACK
6
CONTINUOUS
10
0.5245880708661417
20
0.2143823228346457
11
0.5245880708661417
21
0.2155344488188976
0
LINE
8
BLACK
6
CONTINUOUS
10
0.5245880708661417
20
0.2155344488188976
11
0.5250289763779528
21
0.2165988582677165
0
LINE
8
BLACK
6
CONTINUOUS
10
0.5250289763779528
20
0.2165988582677165
11
0.5258436220472441
21
0.2174135039370079
0
LINE
8
BLACK
6
CONTINUOUS
10
0.5258436220472441
20
0.2174135039370079
11
0.526908031496063
21
0.2178544094488189
0
LINE
8
BLACK
6
CONTINUOUS
10
0.526908031496063
20
0.2178544094488189
11
0.527484094488189
21
0.2179111417322835
0
LINE
8
BLACK
6
CONTINUOUS
10
0.527484094488189
20
0.2179111417322835
11
0.5574803149606299
21
0.2179111417322835
0
LINE
8
BLACK
6
CONTINUOUS
10
0.5574803149606299
20
0.2179111417322835
11
0.5580563779527559
21
0.2178544094488189
0
LINE
8
BLACK
6
CONTINUOUS
10
2.5580563779527559
20
0.2178544094488189
11
2.5591207874015747
21
0.2174135039370079
0
LINE
8
BLACK
6
CONTINUOUS
10
2.5591207874015747
20
0.2174135039370079
11
2.5599354330708661
21
0.2165988582677165
0
LINE
8
BLACK
6
CONTINUOUS
10
2.5599354330708661
20
0.2165988582677165
11
2.5603763385826772
21
0.2155344488188976
0
LINE
8
BLACK
6
CONTINUOUS
10
2.5603763385826772
20
0.2155344488188976
11
2.5603763385826772
21
0.2143823228346457
0
LINE
8
BLACK
6
CONTINUOUS
10
2.5603763385826772
20
0.2143823228346457
11
2.5599354330708661
21
0.2133179133858268
0
LINE
8
BLACK
6
CONTINUOUS
10
2.5599354330708661
20
0.2133179133858268
11
2.5591207874015747
21
0.2125032677165354
0
LINE
8
BLACK
6
CONTINUOUS
10
2.5591207874015747
20
0.2125032677165354
11
2.5580563779527559
21
0.2120623622047244
0
LINE
8
BLACK
6
CONTINUOUS
10
2.5580563779527559
20
0.2120623622047244
11
2.55748031496063
21
0.2120056299212598
0
LINE
8
BLACK
6
CONTINUOUS
10
2.55748031496063
20
0.2120056299212598
11
2.5274840944881891
21
0.2120056299212598
0
LINE
8
BLACK
6
CONTINUOUS
10
2.5274840944881891
20
0.2120056299212598
11
2.5269080314960628
21
0.2120623622047244
0
LINE
8
BLACK
6
CONTINUOUS
10
2.5269080314960628
20
0.2120623622047244
11
2.525843622047244
21
0.2125032677165354
0
LINE
8
BLACK
6
CONTINUOUS
10
2.525843622047244
20
0.2125032677165354
11
2.5250289763779525
21
0.2133179133858268
0
LINE
8
BLACK
6
CONTINUOUS
10
2.5250289763779525
20
0.2133179133858268
11
2.5245880708661415
21
0.2143823228346457
0
LINE
8
BLACK
6
CONTINUOUS
10
2.5245880708661415
20
0.2143823228346457
11
2.5245880708661415
21
0.2155344488188976
0
LINE
8
BLACK
6
CONTINUOUS
10
2.5245880708661415
20
0.2155344488188976
11
2.5250289763779525
21
0.2165988582677165
0
LINE
8
BLACK
6
CONTINUOUS
10
2.5250289763779525
20
0.2165988582677165
11
2.525843622047244
21
0.2174135039370079
0
LINE
8
BLACK
6
CONTINUOUS
10
2.525843622047244
20
0.2174135039370079
11
2.5269080314960628
21
0.2178544094488189
0
LINE
8
BLACK
6
CONTINUOUS
10
2.5269080314960628
20
0.2178544094488189
11
2.5274840944881891
21
0.2179111417322835
0
LINE
8
BLACK
6
CONTINUOUS
10
2.5274840944881891
20
0.2179111417322835
11
2.55748031496063
21
0.2179111417322835
0
LINE
8
BLACK
6
CONTINUOUS
10
2.55748031496063
20
0.2179111417322835
11
2.5580563779527559
21
0.2178544094488189
0
LINE
8
BLACK
6
CONTINUOUS
10
0.1981013385826772
20
0.2478506692913386
11
0.1981993307086614
21
0.2478100787401575
0
LINE
8
BLACK
6
CONTINUOUS
10
0.1981993307086614
20
0.2478100787401575
11
0.198305157480315
21
0.2478025590551181
0
LINE
8
BLACK
6
CONTINUOUS
10
0.198305157480315
20
0.2478025590551181
11
0.1988457874015748
21
0.2475956692913386
0
LINE
8
BLACK
6
CONTINUOUS
10
0.1988457874015748
20
0.2475956692913386
11
0.2025953149606299
21
0.245720905511811
0
LINE
8
BLACK
6
CONTINUOUS
10
0.2025953149606299
20
0.245720905511811
11
0.2028433070866142
21
0.245564842519685
0
LINE
8
BLACK
6
CONTINUOUS
10
0.2028433070866142
20
0.245564842519685
11
0.2029152755905512
21
0.245535
0
LINE
8
BLACK
6
CONTINUOUS
10
0.2029152755905512
20
0.245535
11
0.202996220472441
21
0.2454685433070866
0
LINE
8
BLACK
6
CONTINUOUS
10
0.202996220472441
20
0.2454685433070866
11
0.2030851968503937
21
0.2454125590551181
0
LINE
8
BLACK
6
CONTINUOUS
10
0.2030851968503937
20
0.2454125590551181
11
0.2031363385826772
21
0.2453535826771653
0
LINE
8
BLACK
6
CONTINUOUS
10
0.2031363385826772
20
0.2453535826771653
11
0.2033627165354331
21
0.2451677952755905
0
LINE
8
BLACK
6
CONTINUOUS
10
0.2033627165354331
20
0.2451677952755905
11
0.2052374803149606
21
0.243293031496063
0
LINE
8
BLACK
6
CONTINUOUS
10
0.2052374803149606
20
0.243293031496063
11
0.2054232283464567
21
0.2430666929133858
0
LINE
8
BLACK
6
CONTINUOUS
10
0.2054232283464567
20
0.2430666929133858
11
0.2054822440944882
21
0.2430155118110236
0
LINE
8
BLACK
6
CONTINUOUS
10
0.2054822440944882
20
0.2430155118110236
11
0.205538188976378
21
0.2429265748031496
0
LINE
8
BLACK
6
CONTINUOUS
10
0.205538188976378
20
0.2429265748031496
11
0.2056046850393701
21
0.2428455905511811
0
LINE
8
BLACK
6
CONTINUOUS
10
0.2056046850393701
20
0.2428455905511811
11
0.2056344881889764
21
0.2427736614173228
0
LINE
8
BLACK
6
CONTINUOUS
10
0.2056344881889764
20
0.2427736614173228
11
0.2057905905511811
21
0.2425256299212598
0
LINE
8
BLACK
6
CONTINUOUS
10
0.2057905905511811
20
0.2425256299212598
11
0.2076653543307087
21
0.2387761023622047
0
LINE
8
BLACK
6
CONTINUOUS
10
0.2076653543307087
20
0.2387761023622047
11
0.2078722440944882
21
0.2382355118110236
0
LINE
8
BLACK
6
CONTINUOUS
10
0.2078722440944882
20
0.2382355118110236
11
0.2078797637795275
21
0.2381296456692913
0
LINE
8
BLACK
6
CONTINUOUS
10
0.2078797637795275
20
0.2381296456692913
11
0.2079203543307087
21
0.2380316535433071
0
LINE
8
BLACK
6
CONTINUOUS
10
0.2079203543307087
20
0.2380316535433071
11
0.2079770866141732
21
0.2374555905511811
0
LINE
8
BLACK
6
CONTINUOUS
10
0.2079770866141732
20
0.2374555905511811
11
0.2079770866141732
21
0.2262070078740157
0
LINE
8
BLACK
6
CONTINUOUS
10
0.2079770866141732
20
0.2262070078740157
11
0.2079203543307087
21
0.2256309448818898
0
LINE
8
BLACK
6
CONTINUOUS
10
0.2079203543307087
20
0.2256309448818898
11
0.2078797637795275
21
0.2255329921259842
0
LINE
8
BLACK
6
CONTINUOUS
10
0.2078797637795275
20
0.2255329921259842
11
0.2078722440944882
21
0.2254270866141732
0
LINE
8
BLACK
6
CONTINUOUS
10
0.2078722440944882
20
0.2254270866141732
11
0.2076653543307087
21
0.2248864960629921
0
LINE
8
BLACK
6
CONTINUOUS
10
0.2076653543307087
20
0.2248864960629921
11
0.2057905905511811
21
0.221136968503937
0
LINE
8
BLACK
6
CONTINUOUS
10
0.2057905905511811
20
0.221136968503937
11
0.2056345275590551
21
0.220889094488189
0
LINE
8
BLACK
6
CONTINUOUS
10
0.2056345275590551
20
0.220889094488189
11
0.2056047244094488
21
0.2208170472440945
0
LINE
8
BLACK
6
CONTINUOUS
10
0.2056047244094488
20
0.2208170472440945
11
0.205538188976378
21
0.2207360236220473
0
LINE
8
BLACK
6
CONTINUOUS
10
0.205538188976378
20
0.2207360236220473
11
0.2054822440944882
21
0.2206470866141732
0
LINE
8
BLACK
6
CONTINUOUS
10
0.2054822440944882
20
0.2206470866141732
11
0.2054232283464567
21
0.2205959448818898
0
LINE
8
BLACK
6
CONTINUOUS
10
0.2054232283464567
20
0.2205959448818898
11
0.2052374803149606
21
0.2203695669291338
0
LINE
8
BLACK
6
CONTINUOUS
10
0.2052374803149606
20
0.2203695669291338
11
0.2033627559055118
21
0.2184948031496063
0
LINE
8
BLACK
6
CONTINUOUS
10
0.2033627559055118
20
0.2184948031496063
11
0.2031363779527559
21
0.2183090551181102
0
LINE
8
BLACK
6
CONTINUOUS
10
0.2031363779527559
20
0.2183090551181102
11
0.2030851968503937
21
0.21825
0
LINE
8
BLACK
6
CONTINUOUS
10
0.2030851968503937
20
0.21825
11
0.202996220472441
21
0.2181940157480315
0
LINE
8
BLACK
6
CONTINUOUS
10
0.202996220472441
20
0.2181940157480315
11
0.2029152755905512
21
0.2181275590551181
0
LINE
8
BLACK
6
CONTINUOUS
10
0.2029152755905512
20
0.2181275590551181
11
0.2028433070866142
21
0.2180977559055118
0
LINE
8
BLACK
6
CONTINUOUS
10
0.2028433070866142
20
0.2180977559055118
11
0.2025953149606299
21
0.2179416535433071
0
LINE
8
BLACK
6
CONTINUOUS
10
0.2025953149606299
20
0.2179416535433071
11
0.1988457874015748
21
0.2160668897637795
0
LINE
8
BLACK
6
CONTINUOUS
10
0.1988457874015748
20
0.2160668897637795
11
0.198305157480315
21
0.21586
0
LINE
8
BLACK
6
CONTINUOUS
10
0.198305157480315
20
0.21586
11
0.1981993307086614
21
0.2158525196850394
0
LINE
8
BLACK
6
CONTINUOUS
10
0.1981993307086614
20
0.2158525196850394
11
0.1981013385826772
21
0.2158118897637795
0
LINE
8
BLACK
6
CONTINUOUS
10
0.1981013385826772
20
0.2158118897637795
11
0.1975252755905512
21
0.215755157480315
0
LINE
8
BLACK
6
CONTINUOUS
10
0.1975252755905512
20
0.215755157480315
11
0.1919009842519685
21
0.215755157480315
0
LINE
8
BLACK
6
CONTINUOUS
10
0.1919009842519685
20
0.215755157480315
11
0.1913249212598425
21
0.2158118897637795
0
LINE
8
BLACK
6
CONTINUOUS
10
0.1913249212598425
20
0.2158118897637795
11
0.1912269291338583
21
0.2158524803149606
0
LINE
8
BLACK
6
CONTINUOUS
10
0.1912269291338583
20
0.2158524803149606
11
0.191121062992126
21
0.21586
0
LINE
8
BLACK
6
CONTINUOUS
10
0.191121062992126
20
0.21586
11
0.1905804724409449
21
0.2160668897637795
0
LINE
8
BLACK
6
CONTINUOUS
10
0.1905804724409449
20
0.2160668897637795
11
0.1868309448818898
21
0.2179416535433071
0
LINE
8
BLACK
6
CONTINUOUS
10
0.1868309448818898
20
0.2179416535433071
11
0.1865829133858268
21
0.2180977559055118
0
LINE
8
BLACK
6
CONTINUOUS
10
0.1865829133858268
20
0.2180977559055118
11
0.1865109842519685
21
0.2181275590551181
0
LINE
8
BLACK
6
CONTINUOUS
10
0.1865109842519685
20
0.2181275590551181
11
0.18643
21
0.2181940157480315
0
LINE
8
BLACK
6
CONTINUOUS
10
0.18643
20
0.2181940157480315
11
0.186341062992126
21
0.21825
0
LINE
8
BLACK
6
CONTINUOUS
10
0.186341062992126
20
0.21825
11
0.186289842519685
21
0.2183090551181102
0
LINE
8
BLACK
6
CONTINUOUS
10
0.186289842519685
20
0.2183090551181102
11
0.1860635039370079
21
0.2184948031496063
0
LINE
8
BLACK
6
CONTINUOUS
10
0.1860635039370079
20
0.2184948031496063
11
0.1841887401574803
21
0.2203696062992126
0
LINE
8
BLACK
6
CONTINUOUS
10
0.1841887401574803
20
0.2203696062992126
11
0.1840029921259843
21
0.2205959448818898
0
LINE
8
BLACK
6
CONTINUOUS
10
0.1840029921259843
20
0.2205959448818898
11
0.1839440157480315
21
0.2206470866141732
0
LINE
8
BLACK
6
CONTINUOUS
10
0.1839440157480315
20
0.2206470866141732
11
0.183888031496063
21
0.2207360236220473
0
LINE
8
BLACK
6
CONTINUOUS
10
0.183888031496063
20
0.2207360236220473
11
0.1838215354330709
21
0.2208170472440945
0
LINE
8
BLACK
6
CONTINUOUS
10
0.1838215354330709
20
0.2208170472440945
11
0.1837916929133858
21
0.220889094488189
0
LINE
8
BLACK
6
CONTINUOUS
10
0.1837916929133858
20
0.220889094488189
11
0.1836356692913386
21
0.221136968503937
0
LINE
8
BLACK
6
CONTINUOUS
10
0.1836356692913386
20
0.221136968503937
11
0.181760905511811
21
0.2248864960629921
0
LINE
8
BLACK
6
CONTINUOUS
10
0.181760905511811
20
0.2248864960629921
11
0.1815540157480315
21
0.225427125984252
0
LINE
8
BLACK
6
CONTINUOUS
10
0.1815540157480315
20
0.225427125984252
11
0.1815464960629921
21
0.2255329527559055
0
LINE
8
BLACK
6
CONTINUOUS
10
0.1815464960629921
20
0.2255329527559055
11
0.181505905511811
21
0.2256309448818898
0
LINE
8
BLACK
6
CONTINUOUS
10
0.181505905511811
20
0.2256309448818898
11
0.1814491732283464
21
0.2262070078740157
0
LINE
8
BLACK
6
CONTINUOUS
10
0.1814491732283464
20
0.2262070078740157
11
0.1814491732283464
21
0.2374555905511811
0
LINE
8
BLACK
6
CONTINUOUS
10
0.1814491732283464
20
0.2374555905511811
11
0.181505905511811
21
0.2380316535433071
0
LINE
8
BLACK
6
CONTINUOUS
10
0.181505905511811
20
0.2380316535433071
11
0.1815464960629921
21
0.2381296850393701
0
LINE
8
BLACK
6
CONTINUOUS
10
0.1815464960629921
20
0.2381296850393701
11
0.1815540157480315
21
0.2382354724409449
0
LINE
8
BLACK
6
CONTINUOUS
10
0.1815540157480315
20
0.2382354724409449
11
0.181760905511811
21
0.2387761023622047
0
LINE
8
BLACK
6
CONTINUOUS
10
0.181760905511811
20
0.2387761023622047
11
0.1836356692913386
21
0.2425256299212598
0
LINE
8
BLACK
6
CONTINUOUS
10
0.1836356692913386
20
0.2425256299212598
11
0.1837917322834646
21
0.2427736614173228
0
LINE
8
BLACK
6
CONTINUOUS
10
0.1837917322834646
20
0.2427736614173228
11
0.1838215748031496
21
0.2428455905511811
0
LINE
8
BLACK
6
CONTINUOUS
10
0.1838215748031496
20
0.2428455905511811
11
0.183888031496063
21
0.2429265748031496
0
LINE
8
BLACK
6
CONTINUOUS
10
0.183888031496063
20
0.2429265748031496
11
0.1839440157480315
21
0.2430155118110236
0
LINE
8
BLACK
6
CONTINUOUS
10
0.1839440157480315
20
0.2430155118110236
11
0.1840029921259843
21
0.2430666929133858
0
LINE
8
BLACK
6
CONTINUOUS
10
0.1840029921259843
20
0.2430666929133858
11
0.184188779527559
21
0.243293031496063
0
LINE
8
BLACK
6
CONTINUOUS
10
0.184188779527559
20
0.243293031496063
11
0.1860635433070866
21
0.2451677952755905
0
LINE
8
BLACK
6
CONTINUOUS
10
0.1860635433070866
20
0.2451677952755905
11
0.1862898818897638
21
0.2453535826771653
0
LINE
8
BLACK
6
CONTINUOUS
10
0.1862898818897638
20
0.2453535826771653
11
0.186341062992126
21
0.2454125590551181
0
LINE
8
BLACK
6
CONTINUOUS
10
0.186341062992126
20
0.2454125590551181
11
0.18643
21
0.2454685433070866
0
LINE
8
BLACK
6
CONTINUOUS
10
0.18643
20
0.2454685433070866
11
0.1865109842519685
21
0.245535
0
LINE
8
BLACK
6
CONTINUOUS
10
0.1865109842519685
20
0.245535
11
0.1865829133858268
21
0.245564842519685
0
LINE
8
BLACK
6
CONTINUOUS
10
0.1865829133858268
20
0.245564842519685
11
0.1868309448818898
21
0.245720905511811
0
LINE
8
BLACK
6
CONTINUOUS
10
0.1868309448818898
20
0.245720905511811
11
0.1905804724409449
21
0.2475956692913386
0
LINE
8
BLACK
6
CONTINUOUS
10
0.1905804724409449
20
0.2475956692913386
11
0.191121062992126
21
0.2478025590551181
0
LINE
8
BLACK
6
CONTINUOUS
10
0.191121062992126
20
0.2478025590551181
11
0.1912269291338583
21
0.2478101181102362
0
LINE
8
BLACK
6
CONTINUOUS
10
0.1912269291338583
20
0.2478101181102362
11
0.1913249212598425
21
0.2478506692913386
0
LINE
8
BLACK
6
CONTINUOUS
10
0.1913249212598425
20
0.2478506692913386
11
0.1919009842519685
21
0.2479074015748031
0
LINE
8
BLACK
6
CONTINUOUS
10
0.1919009842519685
20
0.2479074015748031
11
0.1975252755905512
21
0.2479074015748031
0
LINE
8
BLACK
6
CONTINUOUS
10
0.1975252755905512
20
0.2479074015748031
11
0.1981013385826772
21
0.2478506692913386
0
LINE
8
BLACK
6
CONTINUOUS
10
0.1899005511811024
20
0.2406531496062992
11
0.1887034251968504
21
0.2394560236220472
0
LINE
8
BLACK
6
CONTINUOUS
10
0.1887034251968504
20
0.2394560236220472
11
0.1873546850393701
21
0.2367585433070866
0
LINE
8
BLACK
6
CONTINUOUS
10
0.1873546850393701
20
0.2367585433070866
11
0.1873546850393701
21
0.2269040551181102
0
LINE
8
BLACK
6
CONTINUOUS
10
0.1873546850393701
20
0.2269040551181102
11
0.1887034251968504
21
0.2242065748031496
0
LINE
8
BLACK
6
CONTINUOUS
10
0.1887034251968504
20
0.2242065748031496
11
0.1899005511811024
21
0.2230094094488189
0
LINE
8
BLACK
6
CONTINUOUS
10
0.1899005511811024
20
0.2230094094488189
11
0.192598031496063
21
0.2216606692913386
0
LINE
8
BLACK
6
CONTINUOUS
10
0.192598031496063
20
0.2216606692913386
11
0.1968282283464567
21
0.2216606692913386
0
LINE
8
BLACK
6
CONTINUOUS
10
0.1968282283464567
20
0.2216606692913386
11
0.1995256692913386
21
0.2230094094488189
0
LINE
8
BLACK
6
CONTINUOUS
10
0.1995256692913386
20
0.2230094094488189
11
0.2007227952755906
21
0.2242065748031496
0
LINE
8
BLACK
6
CONTINUOUS
10
0.2007227952755906
20
0.2242065748031496
11
0.2020715748031496
21
0.2269040551181102
0
LINE
8
BLACK
6
CONTINUOUS
10
0.2020715748031496
20
0.2269040551181102
11
0.2020715748031496
21
0.2367585433070866
0
LINE
8
BLACK
6
CONTINUOUS
10
0.2020715748031496
20
0.2367585433070866
11
0.2007228346456693
21
0.2394560236220472
0
LINE
8
BLACK
6
CONTINUOUS
10
0.2007228346456693
20
0.2394560236220472
11
0.1995257086614173
21
0.2406531496062992
0
LINE
8
BLACK
6
CONTINUOUS
10
0.1995257086614173
20
0.2406531496062992
11
0.1968282283464567
21
0.2420018897637795
0
LINE
8
BLACK
6
CONTINUOUS
10
0.1968282283464567
20
0.2420018897637795
11
0.192598031496063
21
0.2420018897637795
0
LINE
8
BLACK
6
CONTINUOUS
10
0.192598031496063
20
0.2420018897637795
11
0.1899005511811024
21
0.2406531496062992
0
LINE
8
BLACK
6
CONTINUOUS
10
0.2235377165354331
20
0.2474097637795276
11
0.2243523622047244
21
0.2465951181102362
0
LINE
8
BLACK
6
CONTINUOUS
10
0.2243523622047244
20
0.2465951181102362
11
0.2247932677165354
21
0.2455307086614173
0
LINE
8
BLACK
6
CONTINUOUS
10
0.2247932677165354
20
0.2455307086614173
11
0.22485
21
0.2449546456692913
0
LINE
8
BLACK
6
CONTINUOUS
10
0.22485
20
0.2449546456692913
11
0.22485
21
0.2250292913385827
0
LINE
8
BLACK
6
CONTINUOUS
10
0.22485
20
0.2250292913385827
11
0.2259728346456693
21
0.2227835433070866
0
LINE
8
BLACK
6
CONTINUOUS
10
0.2259728346456693
20
0.2227835433070866
11
0.2282185826771654
21
0.2216606692913386
0
LINE
8
BLACK
6
CONTINUOUS
10
0.2282185826771654
20
0.2216606692913386
11
0.232448779527559
21
0.2216606692913386
0
LINE
8
BLACK
6
CONTINUOUS
10
0.232448779527559
20
0.2216606692913386
11
0.2351462204724409
21
0.2230094094488189
0
LINE
8
BLACK
6
CONTINUOUS
10
0.2351462204724409
20
0.2230094094488189
11
0.2358173622047244
21
0.2236805511811024
0
LINE
8
BLACK
6
CONTINUOUS
10
0.2358173622047244
20
0.2236805511811024
11
0.2358173622047244
21
0.2449546456692913
0
LINE
8
BLACK
6
CONTINUOUS
10
0.2358173622047244
20
0.2449546456692913
11
0.235874094488189
21
0.2455307086614173
0
LINE
8
BLACK
6
CONTINUOUS
10
0.235874094488189
20
0.2455307086614173
11
0.236315
21
0.2465951181102362
0
LINE
8
BLACK
6
CONTINUOUS
10
0.236315
20
0.2465951181102362
11
0.2371296456692913
21
0.2474097637795276
0
LINE
8
BLACK
6
CONTINUOUS
10
0.2371296456692913
20
0.2474097637795276
11
0.2381940551181102
21
0.2478506692913386
0
LINE
8
BLACK
6
CONTINUOUS
10
0.2381940551181102
20
0.2478506692913386
11
0.2393461811023622
21
0.2478506692913386
0
LINE
8
BLACK
6
CONTINUOUS
10
0.2393461811023622
20
0.2478506692913386
11
0.2404105905511811
21
0.2474097637795276
0
LINE
8
BLACK
6
CONTINUOUS
10
0.2404105905511811
20
0.2474097637795276
11
0.2412252362204724
21
0.2465951181102362
0
LINE
8
BLACK
6
CONTINUOUS
10
0.2412252362204724
20
0.2465951181102362
11
0.2416661417322835
21
0.2455307086614173
0
LINE
8
BLACK
6
CONTINUOUS
10
0.2416661417322835
20
0.2455307086614173
11
0.241722874015748
21
0.2449546456692913
0
LINE
8
BLACK
6
CONTINUOUS
10
0.241722874015748
20
0.2449546456692913
11
0.241722874015748
21
0.2187079133858268
0
LINE
8
BLACK
6
CONTINUOUS
10
0.241722874015748
20
0.2187079133858268
11
0.2416661417322835
21
0.2181318503937008
0
LINE
8
BLACK
6
CONTINUOUS
10
0.2416661417322835
20
0.2181318503937008
11
0.2412252362204724
21
0.2170674409448819
0
LINE
8
BLACK
6
CONTINUOUS
10
0.2412252362204724
20
0.2170674409448819
11
0.2404105905511811
21
0.2162527952755905
0
LINE
8
BLACK
6
CONTINUOUS
10
0.2404105905511811
20
0.2162527952755905
11
0.2393461811023622
21
0.2158118897637795
0
LINE
8
BLACK
6
CONTINUOUS
10
0.2393461811023622
20
0.2158118897637795
11
0.2381940551181102
21
0.2158118897637795
0
LINE
8
BLACK
6
CONTINUOUS
10
0.2381940551181102
20
0.2158118897637795
11
0.2371296456692913
21
0.2162527952755905
0
LINE
8
BLACK
6
CONTINUOUS
10
0.2371296456692913
20
0.2162527952755905
11
0.2363657874015748
21
0.2170166535433071
0
LINE
8
BLACK
6
CONTINUOUS
10
0.2363657874015748
20
0.2170166535433071
11
0.2344663385826772
21
0.2160668897637795
0
LINE
8
BLACK
6
CONTINUOUS
10
0.2344663385826772
20
0.2160668897637795
11
0.2339257086614173
21
0.21586
0
LINE
8
BLACK
6
CONTINUOUS
10
0.2339257086614173
20
0.21586
11
0.2338198818897638
21
0.2158525196850394
0
LINE
8
BLACK
6
CONTINUOUS
10
0.2338198818897638
20
0.2158525196850394
11
0.2337218897637795
21
0.2158118897637795
0
LINE
8
BLACK
6
CONTINUOUS
10
0.2337218897637795
20
0.2158118897637795
11
0.2331458267716535
21
0.215755157480315
0
LINE
8
BLACK
6
CONTINUOUS
10
0.2331458267716535
20
0.215755157480315
11
0.2275215354330709
21
0.215755157480315
0
LINE
8
BLACK
6
CONTINUOUS
10
0.2275215354330709
20
0.215755157480315
11
0.2269454724409449
21
0.2158118897637795
0
LINE
8
BLACK
6
CONTINUOUS
10
0.2269454724409449
20
0.2158118897637795
11
0.2268474803149606
21
0.2158524803149606
0
LINE
8
BLACK
6
CONTINUOUS
10
0.2268474803149606
20
0.2158524803149606
11
0.2267416141732283
21
0.21586
0
LINE
8
BLACK
6
CONTINUOUS
10
0.2267416141732283
20
0.21586
11
0.2262010236220472
21
0.2160668897637795
0
LINE
8
BLACK
6
CONTINUOUS
10
0.2262010236220472
20
0.2160668897637795
11
0.2224514960629921
21
0.2179416535433071
0
LINE
8
BLACK
6
CONTINUOUS
10
0.2224514960629921
20
0.2179416535433071
11
0.2223551181102362
21
0.2180023228346457
0
LINE
8
BLACK
6
CONTINUOUS
10
0.2223551181102362
20
0.2180023228346457
11
0.2223097244094488
21
0.2180174409448819
0
LINE
8
BLACK
6
CONTINUOUS
10
0.2223097244094488
20
0.2180174409448819
11
0.2222531496062992
21
0.2180664960629921
0
LINE
8
BLACK
6
CONTINUOUS
10
0.2222531496062992
20
0.2180664960629921
11
0.2219616141732283
21
0.21825
0
LINE
8
BLACK
6
CONTINUOUS
10
0.2219616141732283
20
0.21825
11
0.221718937007874
21
0.218529842519685
0
LINE
8
BLACK
6
CONTINUOUS
10
0.221718937007874
20
0.218529842519685
11
0.2214393307086614
21
0.2187723228346457
0
LINE
8
BLACK
6
CONTINUOUS
10
0.2214393307086614
20
0.2187723228346457
11
0.2212558267716535
21
0.2190638188976378
0
LINE
8
BLACK
6
CONTINUOUS
10
0.2212558267716535
20
0.2190638188976378
11
0.2212067716535433
21
0.2191203937007874
0
LINE
8
BLACK
6
CONTINUOUS
10
0.2212067716535433
20
0.2191203937007874
11
0.2211916141732283
21
0.2191658661417323
0
LINE
8
BLACK
6
CONTINUOUS
10
0.2211916141732283
20
0.2191658661417323
11
0.2211309842519685
21
0.2192621653543307
0
LINE
8
BLACK
6
CONTINUOUS
10
0.2211309842519685
20
0.2192621653543307
11
0.2192562204724409
21
0.2230117322834646
0
LINE
8
BLACK
6
CONTINUOUS
10
0.2192562204724409
20
0.2230117322834646
11
0.2190493307086614
21
0.2235523622047244
0
LINE
8
BLACK
6
CONTINUOUS
10
0.2190493307086614
20
0.2235523622047244
11
0.2190418110236221
21
0.223658188976378
0
LINE
8
BLACK
6
CONTINUOUS
10
0.2190418110236221
20
0.223658188976378
11
0.2190012204724409
21
0.2237561811023622
0
LINE
8
BLACK
6
CONTINUOUS
10
0.2190012204724409
20
0.2237561811023622
11
0.2189444881889764
21
0.2243322440944882
0
LINE
8
BLACK
6
CONTINUOUS
10
0.2189444881889764
20
0.2243322440944882
11
0.2189444881889764
21
0.2449546456692913
0
LINE
8
BLACK
6
CONTINUOUS
10
0.2189444881889764
20
0.2449546456692913
11
0.2190012204724409
21
0.2455307086614173
0
LINE
8
BLACK
6
CONTINUOUS
10
0.2190012204724409
20
0.2455307086614173
11
0.219442125984252
21
0.2465951181102362
0
LINE
8
BLACK
6
CONTINUOUS
10
0.219442125984252
20
0.2465951181102362
11
0.2202567716535433
21
0.2474097637795276
0
LINE
8
BLACK
6
CONTINUOUS
10
0.2202567716535433
20
0.2474097637795276
11
0.2213211811023622
21
0.2478506692913386
0
LINE
8
BLACK
6
CONTINUOUS
10
0.2213211811023622
20
0.2478506692913386
11
0.2224733070866142
21
0.2478506692913386
0
LINE
8
BLACK
6
CONTINUOUS
10
0.2224733070866142
20
0.2478506692913386
11
0.2235377165354331
21
0.2474097637795276
0
LINE
8
BLACK
6
CONTINUOUS
10
0.2947788188976378
20
0.2605331102362204
11
0.2955934645669291
21
0.2597184645669292
0
LINE
8
BLACK
6
CONTINUOUS
10
0.2955934645669291
20
0.2597184645669292
11
0.2960343700787402
21
0.2586540551181102
0
LINE
8
BLACK
6
CONTINUOUS
10
0.2960343700787402
20
0.2586540551181102
11
0.2960911023622047
21
0.2580779921259843
0
LINE
8
BLACK
6
CONTINUOUS
10
0.2960911023622047
20
0.2580779921259843
11
0.2960911023622047
21
0.2479074015748031
0
LINE
8
BLACK
6
CONTINUOUS
10
0.2960911023622047
20
0.2479074015748031
11
0.3025121653543307
21
0.2479074015748031
0
LINE
8
BLACK
6
CONTINUOUS
10
0.3025121653543307
20
0.2479074015748031
11
0.3030882283464567
21
0.2478506692913386
0
LINE
8
BLACK
6
CONTINUOUS
10
0.3030882283464567
20
0.2478506692913386
11
0.3041526377952756
21
0.2474097637795276
0
LINE
8
BLACK
6
CONTINUOUS
10
0.3041526377952756
20
0.2474097637795276
11
0.3049672834645669
21
0.2465951181102362
0
LINE
8
BLACK
6
CONTINUOUS
10
0.3049672834645669
20
0.2465951181102362
11
0.3054081889763779
21
0.2455307086614173
0
LINE
8
BLACK
6
CONTINUOUS
10
0.3054081889763779
20
0.2455307086614173
11
0.3054081889763779
21
0.2443785826771654
0
LINE
8
BLACK
6
CONTINUOUS
10
0.3054081889763779
20
0.2443785826771654
11
0.3049672834645669
21
0.2433141732283464
0
LINE
8
BLACK
6
CONTINUOUS
10
0.3049672834645669
20
0.2433141732283464
11
0.3041526377952756
21
0.2424995275590551
0
LINE
8
BLACK
6
CONTINUOUS
10
0.3041526377952756
20
0.2424995275590551
11
0.3030882283464567
21
0.2420586220472441
0
LINE
8
BLACK
6
CONTINUOUS
10
0.3030882283464567
20
0.2420586220472441
11
0.3025121653543307
21
0.2420018897637795
0
LINE
8
BLACK
6
CONTINUOUS
10
0.3025121653543307
20
0.2420018897637795
11
0.2960911023622047
21
0.2420018897637795
0
LINE
8
BLACK
6
CONTINUOUS
10
0.2960911023622047
20
0.2420018897637795
11
0.2960911023622047
21
0.2250292913385827
0
LINE
8
BLACK
6
CONTINUOUS
10
0.2960911023622047
20
0.2250292913385827
11
0.297213937007874
21
0.2227835433070866
0
LINE
8
BLACK
6
CONTINUOUS
10
0.297213937007874
20
0.2227835433070866
11
0.2994596850393701
21
0.2216606692913386
0
LINE
8
BLACK
6
CONTINUOUS
10
0.2994596850393701
20
0.2216606692913386
11
0.3025121653543307
21
0.2216606692913386
0
LINE
8
BLACK
6
CONTINUOUS
10
0.3025121653543307
20
0.2216606692913386
11
0.3030882283464567
21
0.221603937007874
0
LINE
8
BLACK
6
CONTINUOUS
10
0.3030882283464567
20
0.221603937007874
11
0.3041526377952756
21
0.221163031496063
0
LINE
8
BLACK
6
CONTINUOUS
10
0.3041526377952756
20
0.221163031496063
11
0.3049672834645669
21
0.2203483858267717
0
LINE
8
BLACK
6
CONTINUOUS
10
0.3049672834645669
20
0.2203483858267717
11
0.3054081889763779
21
0.2192839763779527
0
LINE
8
BLACK
6
CONTINUOUS
10
0.3054081889763779
20
0.2192839763779527
11
0.3054081889763779
21
0.2181318503937008
0
LINE
8
BLACK
6
CONTINUOUS
10
0.3054081889763779
20
0.2181318503937008
11
0.3049672834645669
21
0.2170674409448819
0
LINE
8
BLACK
6
CONTINUOUS
10
0.3049672834645669
20
0.2170674409448819
11
0.3041526377952756
21
0.2162527952755905
0
LINE
8
BLACK
6
CONTINUOUS
10
0.3041526377952756
20
0.2162527952755905
11
0.3030882283464567
21
0.2158118897637795
0
LINE
8
BLACK
6
CONTINUOUS
10
0.3030882283464567
20
0.2158118897637795
11
0.3025121653543307
21
0.215755157480315
0
LINE
8
BLACK
6
CONTINUOUS
10
0.3025121653543307
20
0.215755157480315
11
0.2987626377952756
21
0.215755157480315
0
LINE
8
BLACK
6
CONTINUOUS
10
0.2987626377952756
20
0.215755157480315
11
0.2981865748031496
21
0.2158118897637795
0
LINE
8
BLACK
6
CONTINUOUS
10
0.2981865748031496
20
0.2158118897637795
11
0.2980885826771654
21
0.2158524803149606
0
LINE
8
BLACK
6
CONTINUOUS
10
0.2980885826771654
20
0.2158524803149606
11
0.2979827165354331
21
0.21586
0
LINE
8
BLACK
6
CONTINUOUS
10
0.2979827165354331
20
0.21586
11
0.297442125984252
21
0.2160668897637795
0
LINE
8
BLACK
6
CONTINUOUS
10
0.297442125984252
20
0.2160668897637795
11
0.2936925984251968
21
0.2179416535433071
0
LINE
8
BLACK
6
CONTINUOUS
10
0.2936925984251968
20
0.2179416535433071
11
0.2935962204724409
21
0.2180023228346457
0
LINE
8
BLACK
6
CONTINUOUS
10
0.2935962204724409
20
0.2180023228346457
11
0.2935508267716536
21
0.2180174409448819
0
LINE
8
BLACK
6
CONTINUOUS
10
0.2935508267716536
20
0.2180174409448819
11
0.2934942519685039
21
0.2180664960629921
0
LINE
8
BLACK
6
CONTINUOUS
10
0.2934942519685039
20
0.2180664960629921
11
0.2932027165354331
21
0.21825
0
LINE
8
BLACK
6
CONTINUOUS
10
0.2932027165354331
20
0.21825
11
0.2929600393700788
21
0.218529842519685
0
LINE
8
BLACK
6
CONTINUOUS
10
0.2929600393700788
20
0.218529842519685
11
0.2926804330708661
21
0.2187723228346457
0
LINE
8
BLACK
6
CONTINUOUS
10
0.2926804330708661
20
0.2187723228346457
11
0.2924969291338583
21
0.2190638188976378
0
LINE
8
BLACK
6
CONTINUOUS
10
0.2924969291338583
20
0.2190638188976378
11
0.292447874015748
21
0.2191203937007874
0
LINE
8
BLACK
6
CONTINUOUS
10
0.292447874015748
20
0.2191203937007874
11
0.2924327165354331
21
0.2191658661417323
0
LINE
8
BLACK
6
CONTINUOUS
10
0.2924327165354331
20
0.2191658661417323
11
0.2923720866141732
21
0.2192621653543307
0
LINE
8
BLACK
6
CONTINUOUS
10
0.2923720866141732
20
0.2192621653543307
11
0.2904973228346457
21
0.2230117322834646
0
LINE
8
BLACK
6
CONTINUOUS
10
0.2904973228346457
20
0.2230117322834646
11
0.2902904330708662
21
0.2235523622047244
0
LINE
8
BLACK
6
CONTINUOUS
10
0.2902904330708662
20
0.2235523622047244
11
0.2902829133858268
21
0.223658188976378
0
LINE
8
BLACK
6
CONTINUOUS
10
0.2902829133858268
20
0.223658188976378
11
0.2902423228346457
21
0.2237561811023622
0
LINE
8
BLACK
6
CONTINUOUS
10
0.2902423228346457
20
0.2237561811023622
11
0.2901855905511811
21
0.2243322440944882
0
LINE
8
BLACK
6
CONTINUOUS
10
0.2901855905511811
20
0.2243322440944882
11
0.2901855905511811
21
0.2420018897637795
0
LINE
8
BLACK
6
CONTINUOUS
10
0.2901855905511811
20
0.2420018897637795
11
0.2875140551181102
21
0.2420018897637795
0
LINE
8
BLACK
6
CONTINUOUS
10
0.2875140551181102
20
0.2420018897637795
11
0.2869379921259843
21
0.2420586220472441
0
LINE
8
BLACK
6
CONTINUOUS
10
0.2869379921259843
20
0.2420586220472441
11
0.2858735826771653
21
0.2424995275590551
0
LINE
8
BLACK
6
CONTINUOUS
10
0.2858735826771653
20
0.2424995275590551
11
0.285058937007874
21
0.2433141732283464
0
LINE
8
BLACK
6
CONTINUOUS
10
0.285058937007874
20
0.2433141732283464
11
0.284618031496063
21
0.2443785826771654
0
LINE
8
BLACK
6
CONTINUOUS
10
0.284618031496063
20
0.2443785826771654
11
0.284618031496063
21
0.2455307086614173
0
LINE
8
BLACK
6
CONTINUOUS
10
0.284618031496063
20
0.2455307086614173
11
0.285058937007874
21
0.2465951181102362
0
LINE
8
BLACK
6
CONTINUOUS
10
0.285058937007874
20
0.2465951181102362
11
0.2858735826771653
21
0.2474097637795276
0
LINE
8
BLACK
6
CONTINUOUS
10
0.2858735826771653
20
0.2474097637795276
11
0.2869379921259843
21
0.2478506692913386
0
LINE
8
BLACK
6
CONTINUOUS
10
0.2869379921259843
20
0.2478506692913386
11
0.2875140551181102
21
0.2479074015748031
0
LINE
8
BLACK
6
CONTINUOUS
10
0.2875140551181102
20
0.2479074015748031
11
0.2901855905511811
21
0.2479074015748031
0
LINE
8
BLACK
6
CONTINUOUS
10
0.2901855905511811
20
0.2479074015748031
11
0.2901855905511811
21
0.2580779921259843
0
LINE
8
BLACK
6
CONTINUOUS
10
0.2901855905511811
20
0.2580779921259843
11
0.2902423228346457
21
0.2586540551181102
0
LINE
8
BLACK
6
CONTINUOUS
10
0.2902423228346457
20
0.2586540551181102
11
0.2906832283464567
21
0.2597184645669292
0
LINE
8
BLACK
6
CONTINUOUS
10
0.2906832283464567
20
0.2597184645669292
11
0.291497874015748
21
0.2605331102362204
0
LINE
8
BLACK
6
CONTINUOUS
10
0.291497874015748
20
0.2605331102362204
11
0.2925622834645669
21
0.2609740157480315
0
LINE
8
BLACK
6
CONTINUOUS
10
0.2925622834645669
20
0.2609740157480315
11
0.2937144094488189
21
0.2609740157480315
0
LINE
8
BLACK
6
CONTINUOUS
10
0.2937144094488189
20
0.2609740157480315
11
0.2947788188976378
21
0.2605331102362204
0
LINE
8
BLACK
6
CONTINUOUS
10
0.458693779527559
20
0.2478506692913386
11
0.4587917716535433
21
0.2478100787401575
0
LINE
8
BLACK
6
CONTINUOUS
10
0.4587917716535433
20
0.2478100787401575
11
0.4588975984251968
21
0.2478025590551181
0
LINE
8
BLACK
6
CONTINUOUS
10
0.4588975984251968
20
0.2478025590551181
11
0.4594382283464567
21
0.2475956692913386
0
LINE
8
BLACK
6
CONTINUOUS
10
0.4594382283464567
20
0.2475956692913386
11
0.4631877559055118
21
0.245720905511811
0
LINE
8
BLACK
6
CONTINUOUS
10
0.4631877559055118
20
0.245720905511811
11
0.4634357480314961
21
0.245564842519685
0
LINE
8
BLACK
6
CONTINUOUS
10
0.4634357480314961
20
0.245564842519685
11
0.463507716535433
21
0.245535
0
LINE
8
BLACK
6
CONTINUOUS
10
0.463507716535433
20
0.245535
11
0.4635886614173228
21
0.2454685433070866
0
LINE
8
BLACK
6
CONTINUOUS
10
0.4635886614173228
20
0.2454685433070866
11
0.4636776377952756
21
0.2454125590551181
0
LINE
8
BLACK
6
CONTINUOUS
10
0.4636776377952756
20
0.2454125590551181
11
0.463728779527559
21
0.2453535826771653
0
LINE
8
BLACK
6
CONTINUOUS
10
0.463728779527559
20
0.2453535826771653
11
0.463955157480315
21
0.2451677952755905
0
LINE
8
BLACK
6
CONTINUOUS
10
0.463955157480315
20
0.2451677952755905
11
0.4658299212598425
21
0.243293031496063
0
LINE
8
BLACK
6
CONTINUOUS
10
0.4658299212598425
20
0.243293031496063
11
0.4660156692913386
21
0.2430666929133858
0
LINE
8
BLACK
6
CONTINUOUS
10
0.4660156692913386
20
0.2430666929133858
11
0.4660746850393701
21
0.2430155118110236
0
LINE
8
BLACK
6
CONTINUOUS
10
0.4660746850393701
20
0.2430155118110236
11
0.4661306299212598
21
0.2429265748031496
0
LINE
8
BLACK
6
CONTINUOUS
10
0.4661306299212598
20
0.2429265748031496
11
0.4661971259842519
21
0.2428455905511811
0
LINE
8
BLACK
6
CONTINUOUS
10
0.4661971259842519
20
0.2428455905511811
11
0.4662269291338583
21
0.2427736614173228
0
LINE
8
BLACK
6
CONTINUOUS
10
0.4662269291338583
20
0.2427736614173228
11
0.466383031496063
21
0.2425256299212598
0
LINE
8
BLACK
6
CONTINUOUS
10
0.466383031496063
20
0.2425256299212598
11
0.4682577952755905
21
0.2387761023622047
0
LINE
8
BLACK
6
CONTINUOUS
10
0.4682577952755905
20
0.2387761023622047
11
0.4684646850393701
21
0.2382355118110236
0
LINE
8
BLACK
6
CONTINUOUS
10
0.4684646850393701
20
0.2382355118110236
11
0.4684722047244094
21
0.2381296456692913
0
LINE
8
BLACK
6
CONTINUOUS
10
0.4684722047244094
20
0.2381296456692913
11
0.4685127952755905
21
0.2380316535433071
0
LINE
8
BLACK
6
CONTINUOUS
10
0.4685127952755905
20
0.2380316535433071
11
0.4685695275590551
21
0.2374555905511811
0
LINE
8
BLACK
6
CONTINUOUS
10
0.4685695275590551
20
0.2374555905511811
11
0.4685695275590551
21
0.2262070078740157
0
LINE
8
BLACK
6
CONTINUOUS
10
0.4685695275590551
20
0.2262070078740157
11
0.4685127952755905
21
0.2256309448818898
0
LINE
8
BLACK
6
CONTINUOUS
10
0.4685127952755905
20
0.2256309448818898
11
0.4684722047244094
21
0.2255329921259842
0
LINE
8
BLACK
6
CONTINUOUS
10
0.4684722047244094
20
0.2255329921259842
11
0.4684646850393701
21
0.2254270866141732
0
LINE
8
BLACK
6
CONTINUOUS
10
0.4684646850393701
20
0.2254270866141732
11
0.4682577952755905
21
0.2248864960629921
0
LINE
8
BLACK
6
CONTINUOUS
10
0.4682577952755905
20
0.2248864960629921
11
0.466383031496063
21
0.221136968503937
0
LINE
8
BLACK
6
CONTINUOUS
10
0.466383031496063
20
0.221136968503937
11
0.466226968503937
21
0.220889094488189
0
LINE
8
BLACK
6
CONTINUOUS
10
0.466226968503937
20
0.220889094488189
11
0.4661971653543307
21
0.2208170472440945
0
LINE
8
BLACK
6
CONTINUOUS
10
0.4661971653543307
20
0.2208170472440945
11
0.4661306299212598
21
0.2207360236220473
0
LINE
8
BLACK
6
CONTINUOUS
10
0.4661306299212598
20
0.2207360236220473
11
0.4660746850393701
21
0.2206470866141732
0
LINE
8
BLACK
6
CONTINUOUS
10
0.4660746850393701
20
0.2206470866141732
11
0.4660156692913386
21
0.2205959448818898
0
LINE
8
BLACK
6
CONTINUOUS
10
0.4660156692913386
20
0.2205959448818898
11
0.4658299212598425
21
0.2203695669291338
0
LINE
8
BLACK
6
CONTINUOUS
10
0.4658299212598425
20
0.2203695669291338
11
0.4639551968503937
21
0.2184948031496063
0
LINE
8
BLACK
6
CONTINUOUS
10
0.4639551968503937
20
0.2184948031496063
11
0.4637288188976378
21
0.2183090551181102
0
LINE
8
BLACK
6
CONTINUOUS
10
0.4637288188976378
20
0.2183090551181102
11
0.4636776377952756
21
0.21825
0
LINE
8
BLACK
6
CONTINUOUS
10
0.4636776377952756
20
0.21825
11
0.4635886614173228
21
0.2181940157480315
0
LINE
8
BLACK
6
CONTINUOUS
10
0.4635886614173228
20
0.2181940157480315
11
0.463507716535433
21
0.2181275590551181
0
LINE
8
BLACK
6
CONTINUOUS
10
0.463507716535433
20
0.2181275590551181
11
0.4634357480314961
21
0.2180977559055118
0
LINE
8
BLACK
6
CONTINUOUS
10
0.4634357480314961
20
0.2180977559055118
11
0.4631877559055118
21
0.2179416535433071
0
LINE
8
BLACK
6
CONTINUOUS
10
0.4631877559055118
20
0.2179416535433071
11
0.4594382283464567
21
0.2160668897637795
0
LINE
8
BLACK
6
CONTINUOUS
10
0.4594382283464567
20
0.2160668897637795
11
0.4588975984251968
21
0.21586
0
LINE
8
BLACK
6
CONTINUOUS
10
0.4588975984251968
20
0.21586
11
0.4587917716535433
21
0.2158525196850394
0
LINE
8
BLACK
6
CONTINUOUS
10
0.4587917716535433
20
0.2158525196850394
11
0.458693779527559
21
0.2158118897637795
0
LINE
8
BLACK
6
CONTINUOUS
10
0.458693779527559
20
0.2158118897637795
11
0.458117716535433
21
0.215755157480315
0
LINE
8
BLACK
6
CONTINUOUS
10
0.458117716535433
20
0.215755157480315
11
0.4524934251968504
21
0.215755157480315
0
LINE
8
BLACK
6
CONTINUOUS
10
0.4524934251968504
20
0.215755157480315
11
0.4519173622047244
21
0.2158118897637795
0
LINE
8
BLACK
6
CONTINUOUS
10
0.4519173622047244
20
0.2158118897637795
11
0.4518193700787401
21
0.2158524803149606
0
LINE
8
BLACK
6
CONTINUOUS
10
0.4518193700787401
20
0.2158524803149606
11
0.4517135039370079
21
0.21586
0
LINE
8
BLACK
6
CONTINUOUS
10
0.4517135039370079
20
0.21586
11
0.4511729133858268
21
0.2160668897637795
0
LINE
8
BLACK
6
CONTINUOUS
10
0.4511729133858268
20
0.2160668897637795
11
0.4474233858267717
21
0.2179416535433071
0
LINE
8
BLACK
6
CONTINUOUS
10
0.4474233858267717
20
0.2179416535433071
11
0.4471753543307087
21
0.2180977559055118
0
LINE
8
BLACK
6
CONTINUOUS
10
0.4471753543307087
20
0.2180977559055118
11
0.4471034251968504
21
0.2181275590551181
0
LINE
8
BLACK
6
CONTINUOUS
10
0.4471034251968504
20
0.2181275590551181
11
0.4470224409448819
21
0.2181940157480315
0
LINE
8
BLACK
6
CONTINUOUS
10
0.4470224409448819
20
0.2181940157480315
11
0.4469335039370079
21
0.21825
0
LINE
8
BLACK
6
CONTINUOUS
10
0.4469335039370079
20
0.21825
11
0.4468822834645669
21
0.2183090551181102
0
LINE
8
BLACK
6
CONTINUOUS
10
0.4468822834645669
20
0.2183090551181102
11
0.4466559448818898
21
0.2184948031496063
0
LINE
8
BLACK
6
CONTINUOUS
10
0.4466559448818898
20
0.2184948031496063
11
0.4447811811023622
21
0.2203696062992126
0
LINE
8
BLACK
6
CONTINUOUS
10
0.4447811811023622
20
0.2203696062992126
11
0.4445954330708661
21
0.2205959448818898
0
LINE
8
BLACK
6
CONTINUOUS
10
0.4445954330708661
20
0.2205959448818898
11
0.4445364566929134
21
0.2206470866141732
0
LINE
8
BLACK
6
CONTINUOUS
10
0.4445364566929134
20
0.2206470866141732
11
0.4444804724409449
21
0.2207360236220473
0
LINE
8
BLACK
6
CONTINUOUS
10
0.4444804724409449
20
0.2207360236220473
11
0.4444139763779528
21
0.2208170472440945
0
LINE
8
BLACK
6
CONTINUOUS
10
0.4444139763779528
20
0.2208170472440945
11
0.4443841338582677
21
0.220889094488189
0
LINE
8
BLACK
6
CONTINUOUS
10
0.4443841338582677
20
0.220889094488189
11
0.4442281102362204
21
0.221136968503937
0
LINE
8
BLACK
6
CONTINUOUS
10
0.4442281102362204
20
0.221136968503937
11
0.4423533464566929
21
0.2248864960629921
0
LINE
8
BLACK
6
CONTINUOUS
10
0.4423533464566929
20
0.2248864960629921
11
0.4421464566929134
21
0.225427125984252
0
LINE
8
BLACK
6
CONTINUOUS
10
0.4421464566929134
20
0.225427125984252
11
0.442138937007874
21
0.2255329527559055
0
LINE
8
BLACK
6
CONTINUOUS
10
0.442138937007874
20
0.2255329527559055
11
0.4420983464566929
21
0.2256309448818898
0
LINE
8
BLACK
6
CONTINUOUS
10
0.4420983464566929
20
0.2256309448818898
11
0.4420416141732283
21
0.2262070078740157
0
LINE
8
BLACK
6
CONTINUOUS
10
0.4420416141732283
20
0.2262070078740157
11
0.4420416141732283
21
0.2374555905511811
0
LINE
8
BLACK
6
CONTINUOUS
10
0.4420416141732283
20
0.2374555905511811
11
0.4420983464566929
21
0.2380316535433071
0
LINE
8
BLACK
6
CONTINUOUS
10
0.4420983464566929
20
0.2380316535433071
11
0.442138937007874
21
0.2381296850393701
0
LINE
8
BLACK
6
CONTINUOUS
10
0.442138937007874
20
0.2381296850393701
11
0.4421464566929134
21
0.2382354724409449
0
LINE
8
BLACK
6
CONTINUOUS
10
0.4421464566929134
20
0.2382354724409449
11
0.4423533464566929
21
0.2387761023622047
0
LINE
8
BLACK
6
CONTINUOUS
10
0.4423533464566929
20
0.2387761023622047
11
0.4442281102362204
21
0.2425256299212598
0
LINE
8
BLACK
6
CONTINUOUS
10
0.4442281102362204
20
0.2425256299212598
11
0.4443841732283464
21
0.2427736614173228
0
LINE
8
BLACK
6
CONTINUOUS
10
0.4443841732283464
20
0.2427736614173228
11
0.4444140157480315
21
0.2428455905511811
0
LINE
8
BLACK
6
CONTINUOUS
10
0.4444140157480315
20
0.2428455905511811
11
0.4444804724409449
21
0.2429265748031496
0
LINE
8
BLACK
6
CONTINUOUS
10
0.4444804724409449
20
0.2429265748031496
11
0.4445364566929134
21
0.2430155118110236
0
LINE
8
BLACK
6
CONTINUOUS
10
0.4445364566929134
20
0.2430155118110236
11
0.4445954330708661
21
0.2430666929133858
0
LINE
8
BLACK
6
CONTINUOUS
10
0.4445954330708661
20
0.2430666929133858
11
0.444781220472441
21
0.243293031496063
0
LINE
8
BLACK
6
CONTINUOUS
10
0.444781220472441
20
0.243293031496063
11
0.4466559842519685
21
0.2451677952755905
0
LINE
8
BLACK
6
CONTINUOUS
10
0.4466559842519685
20
0.2451677952755905
11
0.4468823228346457
21
0.2453535826771653
0
LINE
8
BLACK
6
CONTINUOUS
10
0.4468823228346457
20
0.2453535826771653
11
0.4469335039370079
21
0.2454125590551181
0
LINE
8
BLACK
6
CONTINUOUS
10
0.4469335039370079
20
0.2454125590551181
11
0.4470224409448819
21
0.2454685433070866
0
LINE
8
BLACK
6
CONTINUOUS
10
0.4470224409448819
20
0.2454685433070866
11
0.4471034251968504
21
0.245535
0
LINE
8
BLACK
6
CONTINUOUS
10
0.4471034251968504
20
0.245535
11
0.4471753543307087
21
0.245564842519685
0
LINE
8
BLACK
6
CONTINUOUS
10
0.4471753543307087
20
0.245564842519685
11
0.4474233858267717
21
0.245720905511811
0
LINE
8
BLACK
6
CONTINUOUS
10
0.4474233858267717
20
0.245720905511811
11
0.4511729133858268
21
0.2475956692913386
0
LINE
8
BLACK
6
CONTINUOUS
10
0.4511729133858268
20
0.2475956692913386
11
0.4517135039370079
21
0.2478025590551181
0
LINE
8
BLACK
6
CONTINUOUS
10
0.4517135039370079
20
0.2478025590551181
11
0.4518193700787401
21
0.2478101181102362
0
LINE
8
BLACK
6
CONTINUOUS
10
0.4518193700787401
20
0.2478101181102362
11
0.4519173622047244
21
0.2478506692913386
0
LINE
8
BLACK
6
CONTINUOUS
10
0.4519173622047244
20
0.2478506692913386
11
0.4524934251968504
21
0.2479074015748031
0
LINE
8
BLACK
6
CONTINUOUS
10
0.4524934251968504
20
0.2479074015748031
11
0.458117716535433
21
0.2479074015748031
0
LINE
8
BLACK
6
CONTINUOUS
10
0.458117716535433
20
0.2479074015748031
11
0.458693779527559
21
0.2478506692913386
0
LINE
8
BLACK
6
CONTINUOUS
10
0.4504929921259843
20
0.2406531496062992
11
0.4492958661417323
21
0.2394560236220472
0
LINE
8
BLACK
6
CONTINUOUS
10
0.4492958661417323
20
0.2394560236220472
11
0.447947125984252
21
0.2367585433070866
0
LINE
8
BLACK
6
CONTINUOUS
10
0.447947125984252
20
0.2367585433070866
11
0.447947125984252
21
0.2269040551181102
0
LINE
8
BLACK
6
CONTINUOUS
10
0.447947125984252
20
0.2269040551181102
11
0.4492958661417323
21
0.2242065748031496
0
LINE
8
BLACK
6
CONTINUOUS
10
0.4492958661417323
20
0.2242065748031496
11
0.4504929921259843
21
0.2230094094488189
0
LINE
8
BLACK
6
CONTINUOUS
10
0.4504929921259843
20
0.2230094094488189
11
0.4531904724409448
21
0.2216606692913386
0
LINE
8
BLACK
6
CONTINUOUS
10
0.4531904724409448
20
0.2216606692913386
11
0.4574206692913386
21
0.2216606692913386
0
LINE
8
BLACK
6
CONTINUOUS
10
0.4574206692913386
20
0.2216606692913386
11
0.4601181102362205
21
0.2230094094488189
0
LINE
8
BLACK
6
CONTINUOUS
10
0.4601181102362205
20
0.2230094094488189
11
0.4613152362204724
21
0.2242065748031496
0
LINE
8
BLACK
6
CONTINUOUS
10
0.4613152362204724
20
0.2242065748031496
11
0.4626640157480315
21
0.2269040551181102
0
LINE
8
BLACK
6
CONTINUOUS
10
0.4626640157480315
20
0.2269040551181102
11
0.4626640157480315
21
0.2367585433070866
0
LINE
8
BLACK
6
CONTINUOUS
10
0.4626640157480315
20
0.2367585433070866
11
0.4613152755905512
21
0.2394560236220472
0
LINE
8
BLACK
6
CONTINUOUS
10
0.4613152755905512
20
0.2394560236220472
11
0.4601181496062992
21
0.2406531496062992
0
LINE
8
BLACK
6
CONTINUOUS
10
0.4601181496062992
20
0.2406531496062992
11
0.4574206692913386
21
0.2420018897637795
0
LINE
8
BLACK
6
CONTINUOUS
10
0.4574206692913386
20
0.2420018897637795
11
0.4531904724409448
21
0.2420018897637795
0
LINE
8
BLACK
6
CONTINUOUS
10
0.4531904724409448
20
0.2420018897637795
11
0.4504929921259843
21
0.2406531496062992
0
LINE
8
BLACK
6
CONTINUOUS
10
0.5149367716535433
20
0.2478506692913386
11
0.5150347637795275
21
0.2478100787401575
0
LINE
8
BLACK
6
CONTINUOUS
10
0.5150347637795275
20
0.2478100787401575
11
0.5151405905511811
21
0.2478025590551181
0
LINE
8
BLACK
6
CONTINUOUS
10
0.5151405905511811
20
0.2478025590551181
11
0.5156812204724409
21
0.2475956692913386
0
LINE
8
BLACK
6
CONTINUOUS
10
0.5156812204724409
20
0.2475956692913386
11
0.519430748031496
21
0.245720905511811
0
LINE
8
BLACK
6
CONTINUOUS
10
0.519430748031496
20
0.245720905511811
11
0.5195270866141732
21
0.2456602755905512
0
LINE
8
BLACK
6
CONTINUOUS
10
0.5195270866141732
20
0.2456602755905512
11
0.5195725196850394
21
0.2456451181102362
0
LINE
8
BLACK
6
CONTINUOUS
10
0.5195725196850394
20
0.2456451181102362
11
0.5196290551181102
21
0.2455961023622047
0
LINE
8
BLACK
6
CONTINUOUS
10
0.5196290551181102
20
0.2455961023622047
11
0.5199206299212599
21
0.2454125590551181
0
LINE
8
BLACK
6
CONTINUOUS
10
0.5199206299212599
20
0.2454125590551181
11
0.5201631889763779
21
0.245132874015748
0
LINE
8
BLACK
6
CONTINUOUS
10
0.5201631889763779
20
0.245132874015748
11
0.5204429133858267
21
0.2448902755905512
0
LINE
8
BLACK
6
CONTINUOUS
10
0.5204429133858267
20
0.2448902755905512
11
0.5206264173228347
21
0.2445987401574803
0
LINE
8
BLACK
6
CONTINUOUS
10
0.5206264173228347
20
0.2445987401574803
11
0.5206754724409449
21
0.2445421653543307
0
LINE
8
BLACK
6
CONTINUOUS
10
0.5206754724409449
20
0.2445421653543307
11
0.5206905905511811
21
0.2444967716535433
0
LINE
8
BLACK
6
CONTINUOUS
10
0.5206905905511811
20
0.2444967716535433
11
0.5207512598425197
21
0.2444003937007874
0
LINE
8
BLACK
6
CONTINUOUS
10
0.5207512598425197
20
0.2444003937007874
11
0.5226260236220472
21
0.2406508661417323
0
LINE
8
BLACK
6
CONTINUOUS
10
0.5226260236220472
20
0.2406508661417323
11
0.5228329133858267
21
0.2401102755905512
0
LINE
8
BLACK
6
CONTINUOUS
10
0.5228329133858267
20
0.2401102755905512
11
0.5228404330708661
21
0.2400044094488189
0
LINE
8
BLACK
6
CONTINUOUS
10
0.5228404330708661
20
0.2400044094488189
11
0.5228810236220472
21
0.2399064173228346
0
LINE
8
BLACK
6
CONTINUOUS
10
0.5228810236220472
20
0.2399064173228346
11
0.5229377559055118
21
0.2393303543307087
0
LINE
8
BLACK
6
CONTINUOUS
10
0.5229377559055118
20
0.2393303543307087
11
0.5229377559055118
21
0.2355808267716535
0
LINE
8
BLACK
6
CONTINUOUS
10
0.5229377559055118
20
0.2355808267716535
11
0.5228810236220472
21
0.2350047637795276
0
LINE
8
BLACK
6
CONTINUOUS
10
0.5228810236220472
20
0.2350047637795276
11
0.5227702362204725
21
0.2347374015748031
0
LINE
8
BLACK
6
CONTINUOUS
10
0.5227702362204725
20
0.2347374015748031
11
0.5227141338582677
21
0.2344537007874016
0
LINE
8
BLACK
6
CONTINUOUS
10
0.5227141338582677
20
0.2344537007874016
11
0.5225520472440944
21
0.2342105905511811
0
LINE
8
BLACK
6
CONTINUOUS
10
0.5225520472440944
20
0.2342105905511811
11
0.5224401181102362
21
0.2339403543307086
0
LINE
8
BLACK
6
CONTINUOUS
10
0.5224401181102362
20
0.2339403543307086
11
0.5222354724409448
21
0.2337357086614173
0
LINE
8
BLACK
6
CONTINUOUS
10
0.5222354724409448
20
0.2337357086614173
11
0.5220750787401575
21
0.2334951181102362
0
LINE
8
BLACK
6
CONTINUOUS
10
0.5220750787401575
20
0.2334951181102362
11
0.5218322440944881
21
0.2333325196850394
0
LINE
8
BLACK
6
CONTINUOUS
10
0.5218322440944881
20
0.2333325196850394
11
0.5216254724409448
21
0.2331257086614173
0
LINE
8
BLACK
6
CONTINUOUS
10
0.5216254724409448
20
0.2331257086614173
11
0.521358188976378
21
0.233015
0
LINE
8
BLACK
6
CONTINUOUS
10
0.521358188976378
20
0.233015
11
0.5211178346456693
21
0.2328540157480315
0
LINE
8
BLACK
6
CONTINUOUS
10
0.5211178346456693
20
0.2328540157480315
11
0.5205640551181102
21
0.2326853937007874
0
LINE
8
BLACK
6
CONTINUOUS
10
0.5205640551181102
20
0.2326853937007874
11
0.5041901181102362
21
0.2294106299212599
0
LINE
8
BLACK
6
CONTINUOUS
10
0.5041901181102362
20
0.2294106299212599
11
0.5041901181102362
21
0.2250292913385827
0
LINE
8
BLACK
6
CONTINUOUS
10
0.5041901181102362
20
0.2250292913385827
11
0.5053129527559055
21
0.2227835433070866
0
LINE
8
BLACK
6
CONTINUOUS
10
0.5053129527559055
20
0.2227835433070866
11
0.5075587007874016
21
0.2216606692913386
0
LINE
8
BLACK
6
CONTINUOUS
10
0.5075587007874016
20
0.2216606692913386
11
0.5136636614173228
21
0.2216606692913386
0
LINE
8
BLACK
6
CONTINUOUS
10
0.5136636614173228
20
0.2216606692913386
11
0.5167897244094488
21
0.2232237007874016
0
LINE
8
BLACK
6
CONTINUOUS
10
0.5167897244094488
20
0.2232237007874016
11
0.5173303149606299
21
0.2234305905511811
0
LINE
8
BLACK
6
CONTINUOUS
10
0.5173303149606299
20
0.2234305905511811
11
0.5184795275590551
21
0.2235122440944882
0
LINE
8
BLACK
6
CONTINUOUS
10
0.5184795275590551
20
0.2235122440944882
11
0.5195725196850394
21
0.2231479133858268
0
LINE
8
BLACK
6
CONTINUOUS
10
0.5195725196850394
20
0.2231479133858268
11
0.5204428740157481
21
0.2223930708661417
0
LINE
8
BLACK
6
CONTINUOUS
10
0.5204428740157481
20
0.2223930708661417
11
0.5209581496062992
21
0.2213625590551181
0
LINE
8
BLACK
6
CONTINUOUS
10
0.5209581496062992
20
0.2213625590551181
11
0.5210398031496063
21
0.2202133464566929
0
LINE
8
BLACK
6
CONTINUOUS
10
0.5210398031496063
20
0.2202133464566929
11
0.5206754724409449
21
0.2191203937007874
0
LINE
8
BLACK
6
CONTINUOUS
10
0.5206754724409449
20
0.2191203937007874
11
0.5199206299212599
21
0.21825
0
LINE
8
BLACK
6
CONTINUOUS
10
0.5199206299212599
20
0.21825
11
0.519430748031496
21
0.2179416535433071
0
LINE
8
BLACK
6
CONTINUOUS
10
0.519430748031496
20
0.2179416535433071
11
0.5156812204724409
21
0.2160668897637795
0
LINE
8
BLACK
6
CONTINUOUS
10
0.5156812204724409
20
0.2160668897637795
11
0.5151405905511811
21
0.21586
0
LINE
8
BLACK
6
CONTINUOUS
10
0.5151405905511811
20
0.21586
11
0.5150347637795275
21
0.2158525196850394
0
LINE
8
BLACK
6
CONTINUOUS
10
0.5150347637795275
20
0.2158525196850394
11
0.5149367716535433
21
0.2158118897637795
0
LINE
8
BLACK
6
CONTINUOUS
10
0.5149367716535433
20
0.2158118897637795
11
0.5143607086614174
21
0.215755157480315
0
LINE
8
BLACK
6
CONTINUOUS
10
0.5143607086614174
20
0.215755157480315
11
0.506861653543307
21
0.215755157480315
0
LINE
8
BLACK
6
CONTINUOUS
10
0.506861653543307
20
0.215755157480315
11
0.5062855905511811
21
0.2158118897637795
0
LINE
8
BLACK
6
CONTINUOUS
10
0.5062855905511811
20
0.2158118897637795
11
0.5061875984251969
21
0.2158524803149606
0
LINE
8
BLACK
6
CONTINUOUS
10
0.5061875984251969
20
0.2158524803149606
11
0.5060817322834645
21
0.21586
0
LINE
8
BLACK
6
CONTINUOUS
10
0.5060817322834645
20
0.21586
11
0.5055411417322835
21
0.2160668897637795
0
LINE
8
BLACK
6
CONTINUOUS
10
0.5055411417322835
20
0.2160668897637795
11
0.5017916141732284
21
0.2179416535433071
0
LINE
8
BLACK
6
CONTINUOUS
10
0.5017916141732284
20
0.2179416535433071
11
0.5016952362204724
21
0.2180023228346457
0
LINE
8
BLACK
6
CONTINUOUS
10
0.5016952362204724
20
0.2180023228346457
11
0.501649842519685
21
0.2180174409448819
0
LINE
8
BLACK
6
CONTINUOUS
10
0.501649842519685
20
0.2180174409448819
11
0.5015932677165355
21
0.2180664960629921
0
LINE
8
BLACK
6
CONTINUOUS
10
0.5015932677165355
20
0.2180664960629921
11
0.5013017322834645
21
0.21825
0
LINE
8
BLACK
6
CONTINUOUS
10
0.5013017322834645
20
0.21825
11
0.5010590551181102
21
0.218529842519685
0
LINE
8
BLACK
6
CONTINUOUS
10
0.5010590551181102
20
0.218529842519685
11
0.5007794488188976
21
0.2187723228346457
0
LINE
8
BLACK
6
CONTINUOUS
10
0.5007794488188976
20
0.2187723228346457
11
0.5005959448818897
21
0.2190638188976378
0
LINE
8
BLACK
6
CONTINUOUS
10
0.5005959448818897
20
0.2190638188976378
11
0.5005468897637795
21
0.2191203937007874
0
LINE
8
BLACK
6
CONTINUOUS
10
0.5005468897637795
20
0.2191203937007874
11
0.5005317322834646
21
0.2191658661417323
0
LINE
8
BLACK
6
CONTINUOUS
10
0.5005317322834646
20
0.2191658661417323
11
0.5004711023622047
21
0.2192621653543307
0
LINE
8
BLACK
6
CONTINUOUS
10
0.5004711023622047
20
0.2192621653543307
11
0.4985963385826772
21
0.2230117322834646
0
LINE
8
BLACK
6
CONTINUOUS
10
0.4985963385826772
20
0.2230117322834646
11
0.4983894488188976
21
0.2235523622047244
0
LINE
8
BLACK
6
CONTINUOUS
10
0.4983894488188976
20
0.2235523622047244
11
0.4983819291338583
21
0.223658188976378
0
LINE
8
BLACK
6
CONTINUOUS
10
0.4983819291338583
20
0.223658188976378
11
0.4983413385826772
21
0.2237561811023622
0
LINE
8
BLACK
6
CONTINUOUS
10
0.4983413385826772
20
0.2237561811023622
11
0.4982846062992126
21
0.2243322440944882
0
LINE
8
BLACK
6
CONTINUOUS
10
0.4982846062992126
20
0.2243322440944882
11
0.4982846062992126
21
0.2393303543307087
0
LINE
8
BLACK
6
CONTINUOUS
10
0.4982846062992126
20
0.2393303543307087
11
0.4983413385826772
21
0.2399064173228346
0
LINE
8
BLACK
6
CONTINUOUS
10
0.4983413385826772
20
0.2399064173228346
11
0.4983819291338583
21
0.2400044488188976
0
LINE
8
BLACK
6
CONTINUOUS
10
0.4983819291338583
20
0.2400044488188976
11
0.4983894488188976
21
0.2401102362204724
0
LINE
8
BLACK
6
CONTINUOUS
10
0.4983894488188976
20
0.2401102362204724
11
0.4985963385826772
21
0.2406508661417323
0
LINE
8
BLACK
6
CONTINUOUS
10
0.4985963385826772
20
0.2406508661417323
11
0.5004711023622047
21
0.2444003937007874
0
LINE
8
BLACK
6
CONTINUOUS
10
0.5004711023622047
20
0.2444003937007874
11
0.5005317322834646
21
0.2444967716535433
0
LINE
8
BLACK
6
CONTINUOUS
10
0.5005317322834646
20
0.2444967716535433
11
0.5005468897637795
21
0.2445421653543307
0
LINE
8
BLACK
6
CONTINUOUS
10
0.5005468897637795
20
0.2445421653543307
11
0.500595905511811
21
0.2445987401574803
0
LINE
8
BLACK
6
CONTINUOUS
10
0.500595905511811
20
0.2445987401574803
11
0.5007794488188976
21
0.2448902755905512
0
LINE
8
BLACK
6
CONTINUOUS
10
0.5007794488188976
20
0.2448902755905512
11
0.5010591338582677
21
0.245132874015748
0
LINE
8
BLACK
6
CONTINUOUS
10
0.5010591338582677
20
0.245132874015748
11
0.5013017322834645
21
0.2454125590551181
0
LINE
8
BLACK
6
CONTINUOUS
10
0.5013017322834645
20
0.2454125590551181
11
0.5015932677165355
21
0.2455961023622047
0
LINE
8
BLACK
6
CONTINUOUS
10
0.5015932677165355
20
0.2455961023622047
11
0.501649842519685
21
0.2456451181102362
0
LINE
8
BLACK
6
CONTINUOUS
10
0.501649842519685
20
0.2456451181102362
11
0.5016952362204724
21
0.2456602755905512
0
LINE
8
BLACK
6
CONTINUOUS
10
0.5016952362204724
20
0.2456602755905512
11
0.5017916141732284
21
0.245720905511811
0
LINE
8
BLACK
6
CONTINUOUS
10
0.5017916141732284
20
0.245720905511811
11
0.5055411417322835
21
0.2475956692913386
0
LINE
8
BLACK
6
CONTINUOUS
10
0.5055411417322835
20
0.2475956692913386
11
0.5060817322834645
21
0.2478025590551181
0
LINE
8
BLACK
6
CONTINUOUS
10
0.5060817322834645
20
0.2478025590551181
11
0.5061875984251969
21
0.2478101181102362
0
LINE
8
BLACK
6
CONTINUOUS
10
0.5061875984251969
20
0.2478101181102362
11
0.5062855905511811
21
0.2478506692913386
0
LINE
8
BLACK
6
CONTINUOUS
10
0.5062855905511811
20
0.2478506692913386
11
0.506861653543307
21
0.2479074015748031
0
LINE
8
BLACK
6
CONTINUOUS
10
0.506861653543307
20
0.2479074015748031
11
0.5143607086614174
21
0.2479074015748031
0
LINE
8
BLACK
6
CONTINUOUS
10
0.5143607086614174
20
0.2479074015748031
11
0.5149367716535433
21
0.2478506692913386
0
LINE
8
BLACK
6
CONTINUOUS
10
0.5053129527559055
20
0.2408790551181102
11
0.5041901181102362
21
0.2386333070866142
0
LINE
8
BLACK
6
CONTINUOUS
10
0.5041901181102362
20
0.2386333070866142
11
0.5041901181102362
21
0.2354331102362205
0
LINE
8
BLACK
6
CONTINUOUS
10
0.5041901181102362
20
0.2354331102362205
11
0.5170322440944882
21
0.2380014960629921
0
LINE
8
BLACK
6
CONTINUOUS
10
0.5170322440944882
20
0.2380014960629921
11
0.5170322440944882
21
0.2386333070866142
0
LINE
8
BLACK
6
CONTINUOUS
10
0.5170322440944882
20
0.2386333070866142
11
0.5159093700787402
21
0.2408790551181102
0
LINE
8
BLACK
6
CONTINUOUS
10
0.5159093700787402
20
0.2408790551181102
11
0.5136636614173228
21
0.2420018897637795
0
LINE
8
BLACK
6
CONTINUOUS
10
0.5136636614173228
20
0.2420018897637795
11
0.5075587007874016
21
0.2420018897637795
0
LINE
8
BLACK
6
CONTINUOUS
10
0.5075587007874016
20
0.2420018897637795
11
0.5053129527559055
21
0.2408790551181102
0
LINE
8
BLACK
6
CONTINUOUS
10
0.6180488976377952
20
0.2478506692913386
11
0.6181468897637795
21
0.2478100787401575
0
LINE
8
BLACK
6
CONTINUOUS
10
0.6181468897637795
20
0.2478100787401575
11
0.618252716535433
21
0.2478025590551181
0
LINE
8
BLACK
6
CONTINUOUS
10
0.618252716535433
20
0.2478025590551181
11
0.6187933464566929
21
0.2475956692913386
0
LINE
8
BLACK
6
CONTINUOUS
10
0.6187933464566929
20
0.2475956692913386
11
0.622542874015748
21
0.245720905511811
0
LINE
8
BLACK
6
CONTINUOUS
10
0.622542874015748
20
0.245720905511811
11
0.6226392125984251
21
0.2456602755905512
0
LINE
8
BLACK
6
CONTINUOUS
10
0.6226392125984251
20
0.2456602755905512
11
0.6226846456692913
21
0.2456451181102362
0
LINE
8
BLACK
6
CONTINUOUS
10
0.6226846456692913
20
0.2456451181102362
11
0.6227411811023622
21
0.2455961023622047
0
LINE
8
BLACK
6
CONTINUOUS
10
0.6227411811023622
20
0.2455961023622047
11
0.6230327559055118
21
0.2454125590551181
0
LINE
8
BLACK
6
CONTINUOUS
10
0.6230327559055118
20
0.2454125590551181
11
0.6232753149606299
21
0.245132874015748
0
LINE
8
BLACK
6
CONTINUOUS
10
0.6232753149606299
20
0.245132874015748
11
0.6235550393700787
21
0.2448902755905512
0
LINE
8
BLACK
6
CONTINUOUS
10
0.6235550393700787
20
0.2448902755905512
11
0.6237385433070866
21
0.2445987401574803
0
LINE
8
BLACK
6
CONTINUOUS
10
0.6237385433070866
20
0.2445987401574803
11
0.6237875984251968
21
0.2445421653543307
0
LINE
8
BLACK
6
CONTINUOUS
10
0.6237875984251968
20
0.2445421653543307
11
0.6238027165354331
21
0.2444967716535433
0
LINE
8
BLACK
6
CONTINUOUS
10
0.6238027165354331
20
0.2444967716535433
11
0.6238633858267716
21
0.2444003937007874
0
LINE
8
BLACK
6
CONTINUOUS
10
0.6238633858267716
20
0.2444003937007874
11
0.6257381496062991
21
0.2406508661417323
0
LINE
8
BLACK
6
CONTINUOUS
10
0.6257381496062991
20
0.2406508661417323
11
0.6259450393700787
21
0.2401102755905512
0
LINE
8
BLACK
6
CONTINUOUS
10
0.6259450393700787
20
0.2401102755905512
11
0.625952559055118
21
0.2400044094488189
0
LINE
8
BLACK
6
CONTINUOUS
10
0.625952559055118
20
0.2400044094488189
11
0.6259931496062991
21
0.2399064173228346
0
LINE
8
BLACK
6
CONTINUOUS
10
0.6259931496062991
20
0.2399064173228346
11
0.6260498818897637
21
0.2393303543307087
0
LINE
8
BLACK
6
CONTINUOUS
10
0.6260498818897637
20
0.2393303543307087
11
0.6260498818897637
21
0.2187079133858268
0
LINE
8
BLACK
6
CONTINUOUS
10
0.6260498818897637
20
0.2187079133858268
11
0.6259931496062991
21
0.2181318503937008
0
LINE
8
BLACK
6
CONTINUOUS
10
0.6259931496062991
20
0.2181318503937008
11
0.6255522440944882
21
0.2170674409448819
0
LINE
8
BLACK
6
CONTINUOUS
10
0.6255522440944882
20
0.2170674409448819
11
0.6247375984251968
21
0.2162527952755905
0
LINE
8
BLACK
6
CONTINUOUS
10
0.6247375984251968
20
0.2162527952755905
11
0.6236731889763779
21
0.2158118897637795
0
LINE
8
BLACK
6
CONTINUOUS
10
0.6236731889763779
20
0.2158118897637795
11
0.622521062992126
21
0.2158118897637795
0
LINE
8
BLACK
6
CONTINUOUS
10
0.622521062992126
20
0.2158118897637795
11
0.621456653543307
21
0.2162527952755905
0
LINE
8
BLACK
6
CONTINUOUS
10
0.621456653543307
20
0.2162527952755905
11
0.6213177165354331
21
0.2163917322834646
0
LINE
8
BLACK
6
CONTINUOUS
10
0.6213177165354331
20
0.2163917322834646
11
0.6206681102362205
21
0.2160668897637795
0
LINE
8
BLACK
6
CONTINUOUS
10
0.6206681102362205
20
0.2160668897637795
11
0.6201274803149606
21
0.21586
0
LINE
8
BLACK
6
CONTINUOUS
10
0.6201274803149606
20
0.21586
11
0.6200216535433071
21
0.2158525196850394
0
LINE
8
BLACK
6
CONTINUOUS
10
0.6200216535433071
20
0.2158525196850394
11
0.6199236614173228
21
0.2158118897637795
0
LINE
8
BLACK
6
CONTINUOUS
10
0.6199236614173228
20
0.2158118897637795
11
0.6193475984251968
21
0.215755157480315
0
LINE
8
BLACK
6
CONTINUOUS
10
0.6193475984251968
20
0.215755157480315
11
0.609973779527559
21
0.215755157480315
0
LINE
8
BLACK
6
CONTINUOUS
10
0.609973779527559
20
0.215755157480315
11
0.6093977165354331
21
0.2158118897637795
0
LINE
8
BLACK
6
CONTINUOUS
10
0.6093977165354331
20
0.2158118897637795
11
0.6092997244094488
21
0.2158524803149606
0
LINE
8
BLACK
6
CONTINUOUS
10
0.6092997244094488
20
0.2158524803149606
11
0.6091938582677165
21
0.21586
0
LINE
8
BLACK
6
CONTINUOUS
10
0.6091938582677165
20
0.21586
11
0.6086532677165354
21
0.2160668897637795
0
LINE
8
BLACK
6
CONTINUOUS
10
0.6086532677165354
20
0.2160668897637795
11
0.6049037401574803
21
0.2179416535433071
0
LINE
8
BLACK
6
CONTINUOUS
10
0.6049037401574803
20
0.2179416535433071
11
0.6048073622047244
21
0.2180023228346457
0
LINE
8
BLACK
6
CONTINUOUS
10
0.6048073622047244
20
0.2180023228346457
11
0.604761968503937
21
0.2180174409448819
0
LINE
8
BLACK
6
CONTINUOUS
10
0.604761968503937
20
0.2180174409448819
11
0.6047053937007874
21
0.2180664960629921
0
LINE
8
BLACK
6
CONTINUOUS
10
0.6047053937007874
20
0.2180664960629921
11
0.6044138582677165
21
0.21825
0
LINE
8
BLACK
6
CONTINUOUS
10
0.6044138582677165
20
0.21825
11
0.6041711811023622
21
0.218529842519685
0
LINE
8
BLACK
6
CONTINUOUS
10
0.6041711811023622
20
0.218529842519685
11
0.6038915748031496
21
0.2187723228346457
0
LINE
8
BLACK
6
CONTINUOUS
10
0.6038915748031496
20
0.2187723228346457
11
0.6037080708661418
21
0.2190638188976378
0
LINE
8
BLACK
6
CONTINUOUS
10
0.6037080708661418
20
0.2190638188976378
11
0.6036590157480315
21
0.2191203937007874
0
LINE
8
BLACK
6
CONTINUOUS
10
0.6036590157480315
20
0.2191203937007874
11
0.6036438582677165
21
0.2191658661417323
0
LINE
8
BLACK
6
CONTINUOUS
10
0.6036438582677165
20
0.2191658661417323
11
0.6035832283464567
21
0.2192621653543307
0
LINE
8
BLACK
6
CONTINUOUS
10
0.6035832283464567
20
0.2192621653543307
11
0.6017084645669292
21
0.2230117322834646
0
LINE
8
BLACK
6
CONTINUOUS
10
0.6017084645669292
20
0.2230117322834646
11
0.6015015748031496
21
0.2235523622047244
0
LINE
8
BLACK
6
CONTINUOUS
10
0.6015015748031496
20
0.2235523622047244
11
0.6014940551181103
21
0.223658188976378
0
LINE
8
BLACK
6
CONTINUOUS
10
0.6014940551181103
20
0.223658188976378
11
0.6014534645669292
21
0.2237561811023622
0
LINE
8
BLACK
6
CONTINUOUS
10
0.6014534645669292
20
0.2237561811023622
11
0.6013967322834646
21
0.2243322440944882
0
LINE
8
BLACK
6
CONTINUOUS
10
0.6013967322834646
20
0.2243322440944882
11
0.6013967322834646
21
0.2280817716535433
0
LINE
8
BLACK
6
CONTINUOUS
10
0.6013967322834646
20
0.2280817716535433
11
0.6014534645669292
21
0.2286578346456693
0
LINE
8
BLACK
6
CONTINUOUS
10
0.6014534645669292
20
0.2286578346456693
11
0.6014940551181103
21
0.2287558661417323
0
LINE
8
BLACK
6
CONTINUOUS
10
0.6014940551181103
20
0.2287558661417323
11
0.6015015748031496
21
0.2288616535433071
0
LINE
8
BLACK
6
CONTINUOUS
10
0.6015015748031496
20
0.2288616535433071
11
0.6017084645669292
21
0.2294022834645669
0
LINE
8
BLACK
6
CONTINUOUS
10
0.6017084645669292
20
0.2294022834645669
11
0.6035832283464567
21
0.233151811023622
0
LINE
8
BLACK
6
CONTINUOUS
10
0.6035832283464567
20
0.233151811023622
11
0.6036438582677165
21
0.2332481889763779
0
LINE
8
BLACK
6
CONTINUOUS
10
0.6036438582677165
20
0.2332481889763779
11
0.6036590157480315
21
0.2332935826771654
0
LINE
8
BLACK
6
CONTINUOUS
10
0.6036590157480315
20
0.2332935826771654
11
0.603708031496063
21
0.233350157480315
0
LINE
8
BLACK
6
CONTINUOUS
10
0.603708031496063
20
0.233350157480315
11
0.6038915748031496
21
0.2336416929133858
0
LINE
8
BLACK
6
CONTINUOUS
10
0.6038915748031496
20
0.2336416929133858
11
0.6041712598425196
21
0.2338842913385827
0
LINE
8
BLACK
6
CONTINUOUS
10
0.6041712598425196
20
0.2338842913385827
11
0.6044138582677165
21
0.2341639763779527
0
LINE
8
BLACK
6
CONTINUOUS
10
0.6044138582677165
20
0.2341639763779527
11
0.6047053937007874
21
0.2343475196850394
0
LINE
8
BLACK
6
CONTINUOUS
10
0.6047053937007874
20
0.2343475196850394
11
0.604761968503937
21
0.2343965354330709
0
LINE
8
BLACK
6
CONTINUOUS
10
0.604761968503937
20
0.2343965354330709
11
0.6048073622047244
21
0.2344116929133858
0
LINE
8
BLACK
6
CONTINUOUS
10
0.6048073622047244
20
0.2344116929133858
11
0.6049037401574803
21
0.2344723228346457
0
LINE
8
BLACK
6
CONTINUOUS
10
0.6049037401574803
20
0.2344723228346457
11
0.6086532677165354
21
0.2363470866141732
0
LINE
8
BLACK
6
CONTINUOUS
10
0.6086532677165354
20
0.2363470866141732
11
0.6091938582677165
21
0.2365539763779528
0
LINE
8
BLACK
6
CONTINUOUS
10
0.6091938582677165
20
0.2365539763779528
11
0.6092997244094488
21
0.2365615354330709
0
LINE
8
BLACK
6
CONTINUOUS
10
0.6092997244094488
20
0.2365615354330709
11
0.6093977165354331
21
0.2366020866141732
0
LINE
8
BLACK
6
CONTINUOUS
10
0.6093977165354331
20
0.2366020866141732
11
0.609973779527559
21
0.2366588188976378
0
LINE
8
BLACK
6
CONTINUOUS
10
0.609973779527559
20
0.2366588188976378
11
0.6186505511811023
21
0.2366588188976378
0
LINE
8
BLACK
6
CONTINUOUS
10
0.6186505511811023
20
0.2366588188976378
11
0.6201443700787401
21
0.2374057480314961
0
LINE
8
BLACK
6
CONTINUOUS
10
0.6201443700787401
20
0.2374057480314961
11
0.6201443700787401
21
0.2386333070866142
0
LINE
8
BLACK
6
CONTINUOUS
10
0.6201443700787401
20
0.2386333070866142
11
0.6190214960629921
21
0.2408790551181102
0
LINE
8
BLACK
6
CONTINUOUS
10
0.6190214960629921
20
0.2408790551181102
11
0.6167757874015748
21
0.2420018897637795
0
LINE
8
BLACK
6
CONTINUOUS
10
0.6167757874015748
20
0.2420018897637795
11
0.6106708267716535
21
0.2420018897637795
0
LINE
8
BLACK
6
CONTINUOUS
10
0.6106708267716535
20
0.2420018897637795
11
0.6075447637795276
21
0.2404388582677165
0
LINE
8
BLACK
6
CONTINUOUS
10
0.6075447637795276
20
0.2404388582677165
11
0.6070041338582677
21
0.240231968503937
0
LINE
8
BLACK
6
CONTINUOUS
10
0.6070041338582677
20
0.240231968503937
11
0.6058549212598425
21
0.2401503149606299
0
LINE
8
BLACK
6
CONTINUOUS
10
0.6058549212598425
20
0.2401503149606299
11
0.604761968503937
21
0.2405146456692913
0
LINE
8
BLACK
6
CONTINUOUS
10
0.604761968503937
20
0.2405146456692913
11
0.6038915748031496
21
0.2412694881889764
0
LINE
8
BLACK
6
CONTINUOUS
10
0.6038915748031496
20
0.2412694881889764
11
0.6033763385826771
21
0.2423
0
LINE
8
BLACK
6
CONTINUOUS
10
0.6033763385826771
20
0.2423
11
0.6032946850393701
21
0.2434492125984252
0
LINE
8
BLACK
6
CONTINUOUS
10
0.6032946850393701
20
0.2434492125984252
11
0.6036590157480315
21
0.2445421653543307
0
LINE
8
BLACK
6
CONTINUOUS
10
0.6036590157480315
20
0.2445421653543307
11
0.6044138582677165
21
0.2454125590551181
0
LINE
8
BLACK
6
CONTINUOUS
10
0.6044138582677165
20
0.2454125590551181
11
0.6049037401574803
21
0.245720905511811
0
LINE
8
BLACK
6
CONTINUOUS
10
0.6049037401574803
20
0.245720905511811
11
0.6086532677165354
21
0.2475956692913386
0
LINE
8
BLACK
6
CONTINUOUS
10
0.6086532677165354
20
0.2475956692913386
11
0.6091938582677165
21
0.2478025590551181
0
LINE
8
BLACK
6
CONTINUOUS
10
0.6091938582677165
20
0.2478025590551181
11
0.6092997244094488
21
0.2478101181102362
0
LINE
8
BLACK
6
CONTINUOUS
10
0.6092997244094488
20
0.2478101181102362
11
0.6093977165354331
21
0.2478506692913386
0
LINE
8
BLACK
6
CONTINUOUS
10
0.6093977165354331
20
0.2478506692913386
11
0.609973779527559
21
0.2479074015748031
0
LINE
8
BLACK
6
CONTINUOUS
10
0.609973779527559
20
0.2479074015748031
11
0.6174728346456693
21
0.2479074015748031
0
LINE
8
BLACK
6
CONTINUOUS
10
0.6174728346456693
20
0.2479074015748031
11
0.6180488976377952
21
0.2478506692913386
0
LINE
8
BLACK
6
CONTINUOUS
10
0.6201274803149606
20
0.2308581496062992
11
0.6200216535433071
21
0.2308506692913386
0
LINE
8
BLACK
6
CONTINUOUS
10
0.6200216535433071
20
0.2308506692913386
11
0.6199236614173228
21
0.2308100393700787
0
LINE
8
BLACK
6
CONTINUOUS
10
0.6199236614173228
20
0.2308100393700787
11
0.6193475984251968
21
0.2307533070866142
0
LINE
8
BLACK
6
CONTINUOUS
10
0.6193475984251968
20
0.2307533070866142
11
0.6106708267716535
21
0.2307533070866142
0
LINE
8
BLACK
6
CONTINUOUS
10
0.6106708267716535
20
0.2307533070866142
11
0.6084250787401575
21
0.2296304724409449
0
LINE
8
BLACK
6
CONTINUOUS
10
0.6084250787401575
20
0.2296304724409449
11
0.6073022440944882
21
0.2273847244094488
0
LINE
8
BLACK
6
CONTINUOUS
10
0.6073022440944882
20
0.2273847244094488
11
0.6073022440944882
21
0.2250292913385827
0
LINE
8
BLACK
6
CONTINUOUS
10
0.6073022440944882
20
0.2250292913385827
11
0.6084250787401575
21
0.2227835433070866
0
LINE
8
BLACK
6
CONTINUOUS
10
0.6084250787401575
20
0.2227835433070866
11
0.6106708267716535
21
0.2216606692913386
0
LINE
8
BLACK
6
CONTINUOUS
10
0.6106708267716535
20
0.2216606692913386
11
0.6186505511811023
21
0.2216606692913386
0
LINE
8
BLACK
6
CONTINUOUS
10
0.6186505511811023
20
0.2216606692913386
11
0.6201443700787401
21
0.2224075984251968
0
LINE
8
BLACK
6
CONTINUOUS
10
0.6201443700787401
20
0.2224075984251968
11
0.6201443700787401
21
0.2308646456692913
0
LINE
8
BLACK
6
CONTINUOUS
10
0.6201443700787401
20
0.2308646456692913
11
0.6201274803149606
21
0.2308581496062992
0
LINE
8
BLACK
6
CONTINUOUS
10
0.6603581496062992
20
0.2605331102362204
11
0.6611727952755906
21
0.2597184645669292
0
LINE
8
BLACK
6
CONTINUOUS
10
0.6611727952755906
20
0.2597184645669292
11
0.6616137007874016
21
0.2586540551181102
0
LINE
8
BLACK
6
CONTINUOUS
10
0.6616137007874016
20
0.2586540551181102
11
0.6616704330708661
21
0.2580779921259843
0
LINE
8
BLACK
6
CONTINUOUS
10
0.6616704330708661
20
0.2580779921259843
11
0.6616704330708661
21
0.2187079133858268
0
LINE
8
BLACK
6
CONTINUOUS
10
0.6616704330708661
20
0.2187079133858268
11
0.6616137007874016
21
0.2181318503937008
0
LINE
8
BLACK
6
CONTINUOUS
10
0.6616137007874016
20
0.2181318503937008
11
0.6611727952755906
21
0.2170674409448819
0
LINE
8
BLACK
6
CONTINUOUS
10
0.6611727952755906
20
0.2170674409448819
11
0.6603581496062992
21
0.2162527952755905
0
LINE
8
BLACK
6
CONTINUOUS
10
0.6603581496062992
20
0.2162527952755905
11
0.6592937401574803
21
0.2158118897637795
0
LINE
8
BLACK
6
CONTINUOUS
10
0.6592937401574803
20
0.2158118897637795
11
0.6581416141732284
21
0.2158118897637795
0
LINE
8
BLACK
6
CONTINUOUS
10
0.6581416141732284
20
0.2158118897637795
11
0.6570772047244094
21
0.2162527952755905
0
LINE
8
BLACK
6
CONTINUOUS
10
0.6570772047244094
20
0.2162527952755905
11
0.6569382677165354
21
0.2163917322834646
0
LINE
8
BLACK
6
CONTINUOUS
10
0.6569382677165354
20
0.2163917322834646
11
0.6562886614173228
21
0.2160668897637795
0
LINE
8
BLACK
6
CONTINUOUS
10
0.6562886614173228
20
0.2160668897637795
11
0.655748031496063
21
0.21586
0
LINE
8
BLACK
6
CONTINUOUS
10
0.655748031496063
20
0.21586
11
0.6556422047244095
21
0.2158525196850394
0
LINE
8
BLACK
6
CONTINUOUS
10
0.6556422047244095
20
0.2158525196850394
11
0.6555442125984252
21
0.2158118897637795
0
LINE
8
BLACK
6
CONTINUOUS
10
0.6555442125984252
20
0.2158118897637795
11
0.6549681496062992
21
0.215755157480315
0
LINE
8
BLACK
6
CONTINUOUS
10
0.6549681496062992
20
0.215755157480315
11
0.647469094488189
21
0.215755157480315
0
LINE
8
BLACK
6
CONTINUOUS
10
0.647469094488189
20
0.215755157480315
11
0.646893031496063
21
0.2158118897637795
0
LINE
8
BLACK
6
CONTINUOUS
10
0.646893031496063
20
0.2158118897637795
11
0.6467950393700788
21
0.2158524803149606
0
LINE
8
BLACK
6
CONTINUOUS
10
0.6467950393700788
20
0.2158524803149606
11
0.6466891732283464
21
0.21586
0
LINE
8
BLACK
6
CONTINUOUS
10
0.6466891732283464
20
0.21586
11
0.6461485826771654
21
0.2160668897637795
0
LINE
8
BLACK
6
CONTINUOUS
10
0.6461485826771654
20
0.2160668897637795
11
0.6423990551181102
21
0.2179416535433071
0
LINE
8
BLACK
6
CONTINUOUS
10
0.6423990551181102
20
0.2179416535433071
11
0.6421510236220472
21
0.2180977559055118
0
LINE
8
BLACK
6
CONTINUOUS
10
0.6421510236220472
20
0.2180977559055118
11
0.642079094488189
21
0.2181275590551181
0
LINE
8
BLACK
6
CONTINUOUS
10
0.642079094488189
20
0.2181275590551181
11
0.6419981102362204
21
0.2181940157480315
0
LINE
8
BLACK
6
CONTINUOUS
10
0.6419981102362204
20
0.2181940157480315
11
0.6419091732283464
21
0.21825
0
LINE
8
BLACK
6
CONTINUOUS
10
0.6419091732283464
20
0.21825
11
0.6418579527559055
21
0.2183090551181102
0
LINE
8
BLACK
6
CONTINUOUS
10
0.6418579527559055
20
0.2183090551181102
11
0.6416316141732283
21
0.2184948031496063
0
LINE
8
BLACK
6
CONTINUOUS
10
0.6416316141732283
20
0.2184948031496063
11
0.6397568503937008
21
0.2203696062992126
0
LINE
8
BLACK
6
CONTINUOUS
10
0.6397568503937008
20
0.2203696062992126
11
0.6395711023622047
21
0.2205959448818898
0
LINE
8
BLACK
6
CONTINUOUS
10
0.6395711023622047
20
0.2205959448818898
11
0.639512125984252
21
0.2206470866141732
0
LINE
8
BLACK
6
CONTINUOUS
10
0.639512125984252
20
0.2206470866141732
11
0.6394561417322835
21
0.2207360236220473
0
LINE
8
BLACK
6
CONTINUOUS
10
0.6394561417322835
20
0.2207360236220473
11
0.6393896456692914
21
0.2208170472440945
0
LINE
8
BLACK
6
CONTINUOUS
10
0.6393896456692914
20
0.2208170472440945
11
0.6393598031496063
21
0.220889094488189
0
LINE
8
BLACK
6
CONTINUOUS
10
0.6393598031496063
20
0.220889094488189
11
0.639203779527559
21
0.221136968503937
0
LINE
8
BLACK
6
CONTINUOUS
10
0.639203779527559
20
0.221136968503937
11
0.6373290157480315
21
0.2248864960629921
0
LINE
8
BLACK
6
CONTINUOUS
10
0.6373290157480315
20
0.2248864960629921
11
0.637122125984252
21
0.225427125984252
0
LINE
8
BLACK
6
CONTINUOUS
10
0.637122125984252
20
0.225427125984252
11
0.6371146062992126
21
0.2255329527559055
0
LINE
8
BLACK
6
CONTINUOUS
10
0.6371146062992126
20
0.2255329527559055
11
0.6370740157480315
21
0.2256309448818898
0
LINE
8
BLACK
6
CONTINUOUS
10
0.6370740157480315
20
0.2256309448818898
11
0.6370172834645669
21
0.2262070078740157
0
LINE
8
BLACK
6
CONTINUOUS
10
0.6370172834645669
20
0.2262070078740157
11
0.6370172834645669
21
0.2374555905511811
0
LINE
8
BLACK
6
CONTINUOUS
10
0.6370172834645669
20
0.2374555905511811
11
0.6370740157480315
21
0.2380316535433071
0
LINE
8
BLACK
6
CONTINUOUS
10
0.6370740157480315
20
0.2380316535433071
11
0.6371146062992126
21
0.2381296850393701
0
LINE
8
BLACK
6
CONTINUOUS
10
0.6371146062992126
20
0.2381296850393701
11
0.637122125984252
21
0.2382354724409449
0
LINE
8
BLACK
6
CONTINUOUS
10
0.637122125984252
20
0.2382354724409449
11
0.6373290157480315
21
0.2387761023622047
0
LINE
8
BLACK
6
CONTINUOUS
10
0.6373290157480315
20
0.2387761023622047
11
0.639203779527559
21
0.2425256299212598
0
LINE
8
BLACK
6
CONTINUOUS
10
0.639203779527559
20
0.2425256299212598
11
0.639359842519685
21
0.2427736614173228
0
LINE
8
BLACK
6
CONTINUOUS
10
0.639359842519685
20
0.2427736614173228
11
0.6393896850393701
21
0.2428455905511811
0
LINE
8
BLACK
6
CONTINUOUS
10
0.6393896850393701
20
0.2428455905511811
11
0.6394561417322835
21
0.2429265748031496
0
LINE
8
BLACK
6
CONTINUOUS
10
0.6394561417322835
20
0.2429265748031496
11
0.639512125984252
21
0.2430155118110236
0
LINE
8
BLACK
6
CONTINUOUS
10
0.639512125984252
20
0.2430155118110236
11
0.6395711023622047
21
0.2430666929133858
0
LINE
8
BLACK
6
CONTINUOUS
10
0.6395711023622047
20
0.2430666929133858
11
0.6397568897637795
21
0.243293031496063
0
LINE
8
BLACK
6
CONTINUOUS
10
0.6397568897637795
20
0.243293031496063
11
0.6416316535433071
21
0.2451677952755905
0
LINE
8
BLACK
6
CONTINUOUS
10
0.6416316535433071
20
0.2451677952755905
11
0.6418579921259843
21
0.2453535826771653
0
LINE
8
BLACK
6
CONTINUOUS
10
0.6418579921259843
20
0.2453535826771653
11
0.6419091732283464
21
0.2454125590551181
0
LINE
8
BLACK
6
CONTINUOUS
10
0.6419091732283464
20
0.2454125590551181
11
0.6419981102362204
21
0.2454685433070866
0
LINE
8
BLACK
6
CONTINUOUS
10
0.6419981102362204
20
0.2454685433070866
11
0.642079094488189
21
0.245535
0
LINE
8
BLACK
6
CONTINUOUS
10
0.642079094488189
20
0.245535
11
0.6421510236220472
21
0.245564842519685
0
LINE
8
BLACK
6
CONTINUOUS
10
0.6421510236220472
20
0.245564842519685
11
0.6423990551181102
21
0.245720905511811
0
LINE
8
BLACK
6
CONTINUOUS
10
0.6423990551181102
20
0.245720905511811
11
0.6461485826771654
21
0.2475956692913386
0
LINE
8
BLACK
6
CONTINUOUS
10
0.6461485826771654
20
0.2475956692913386
11
0.6466891732283464
21
0.2478025590551181
0
LINE
8
BLACK
6
CONTINUOUS
10
0.6466891732283464
20
0.2478025590551181
11
0.6467950393700788
21
0.2478101181102362
0
LINE
8
BLACK
6
CONTINUOUS
10
0.6467950393700788
20
0.2478101181102362
11
0.646893031496063
21
0.2478506692913386
0
LINE
8
BLACK
6
CONTINUOUS
10
0.646893031496063
20
0.2478506692913386
11
0.647469094488189
21
0.2479074015748031
0
LINE
8
BLACK
6
CONTINUOUS
10
0.647469094488189
20
0.2479074015748031
11
0.6549681496062992
21
0.2479074015748031
0
LINE
8
BLACK
6
CONTINUOUS
10
0.6549681496062992
20
0.2479074015748031
11
0.6555442125984252
21
0.2478506692913386
0
LINE
8
BLACK
6
CONTINUOUS
10
0.6555442125984252
20
0.2478506692913386
11
0.6556422047244095
21
0.2478100787401575
0
LINE
8
BLACK
6
CONTINUOUS
10
0.6556422047244095
20
0.2478100787401575
11
0.655748031496063
21
0.2478025590551181
0
LINE
8
BLACK
6
CONTINUOUS
10
0.655748031496063
20
0.2478025590551181
11
0.6557649212598425
21
0.2477961023622047
0
LINE
8
BLACK
6
CONTINUOUS
10
0.6557649212598425
20
0.2477961023622047
11
0.6557649212598425
21
0.2580779921259843
0
LINE
8
BLACK
6
CONTINUOUS
10
0.6557649212598425
20
0.2580779921259843
11
0.6558216535433071
21
0.2586540551181102
0
LINE
8
BLACK
6
CONTINUOUS
10
0.6558216535433071
20
0.2586540551181102
11
0.6562625590551181
21
0.2597184645669292
0
LINE
8
BLACK
6
CONTINUOUS
10
0.6562625590551181
20
0.2597184645669292
11
0.6570772047244094
21
0.2605331102362204
0
LINE
8
BLACK
6
CONTINUOUS
10
0.6570772047244094
20
0.2605331102362204
11
0.6581416141732284
21
0.2609740157480315
0
LINE
8
BLACK
6
CONTINUOUS
10
0.6581416141732284
20
0.2609740157480315
11
0.6592937401574803
21
0.2609740157480315
0
LINE
8
BLACK
6
CONTINUOUS
10
0.6592937401574803
20
0.2609740157480315
11
0.6603581496062992
21
0.2605331102362204
0
LINE
8
BLACK
6
CONTINUOUS
10
0.6454686614173228
20
0.2406531496062992
11
0.6442715354330708
21
0.2394560236220472
0
LINE
8
BLACK
6
CONTINUOUS
10
0.6442715354330708
20
0.2394560236220472
11
0.6429227952755905
21
0.2367585433070866
0
LINE
8
BLACK
6
CONTINUOUS
10
0.6429227952755905
20
0.2367585433070866
11
0.6429227952755905
21
0.2269040551181102
0
LINE
8
BLACK
6
CONTINUOUS
10
0.6429227952755905
20
0.2269040551181102
11
0.6442715354330708
21
0.2242065748031496
0
LINE
8
BLACK
6
CONTINUOUS
10
0.6442715354330708
20
0.2242065748031496
11
0.6454686614173228
21
0.2230094094488189
0
LINE
8
BLACK
6
CONTINUOUS
10
0.6454686614173228
20
0.2230094094488189
11
0.6481661417322835
21
0.2216606692913386
0
LINE
8
BLACK
6
CONTINUOUS
10
0.6481661417322835
20
0.2216606692913386
11
0.6542711023622048
21
0.2216606692913386
0
LINE
8
BLACK
6
CONTINUOUS
10
0.6542711023622048
20
0.2216606692913386
11
0.6557649212598425
21
0.2224075984251968
0
LINE
8
BLACK
6
CONTINUOUS
10
0.6557649212598425
20
0.2224075984251968
11
0.6557649212598425
21
0.241255
0
LINE
8
BLACK
6
CONTINUOUS
10
0.6557649212598425
20
0.241255
11
0.6542711023622048
21
0.2420018897637795
0
LINE
8
BLACK
6
CONTINUOUS
10
0.6542711023622048
20
0.2420018897637795
11
0.6481661417322835
21
0.2420018897637795
0
LINE
8
BLACK
6
CONTINUOUS
10
0.6481661417322835
20
0.2420018897637795
11
0.6454686614173228
21
0.2406531496062992
0
LINE
8
BLACK
6
CONTINUOUS
10
2.1981013385826773
20
0.2478506692913386
11
2.1981993307086616
21
0.2478100787401575
0
LINE
8
BLACK
6
CONTINUOUS
10
2.1981993307086616
20
0.2478100787401575
11
2.198305157480315
21
0.2478025590551181
0
LINE
8
BLACK
6
CONTINUOUS
10
2.198305157480315
20
0.2478025590551181
11
2.1988457874015745
21
0.2475956692913386
0
LINE
8
BLACK
6
CONTINUOUS
10
2.1988457874015745
20
0.2475956692913386
11
2.2025953149606297
21
0.245720905511811
0
LINE
8
BLACK
6
CONTINUOUS
10
2.2025953149606297
20
0.245720905511811
11
2.202843307086614
21
0.245564842519685
0
LINE
8
BLACK
6
CONTINUOUS
10
2.202843307086614
20
0.245564842519685
11
2.2029152755905512
21
0.245535
0
LINE
8
BLACK
6
CONTINUOUS
10
2.2029152755905512
20
0.245535
11
2.2029962204724409
21
0.2454685433070866
0
LINE
8
BLACK
6
CONTINUOUS
10
2.2029962204724409
20
0.2454685433070866
11
2.2030851968503935
21
0.2454125590551181
0
LINE
8
BLACK
6
CONTINUOUS
10
2.2030851968503935
20
0.2454125590551181
11
2.2031363385826772
21
0.2453535826771653
0
LINE
8
BLACK
6
CONTINUOUS
10
2.2031363385826772
20
0.2453535826771653
11
2.203362716535433
21
0.2451677952755905
0
LINE
8
BLACK
6
CONTINUOUS
10
2.203362716535433
20
0.2451677952755905
11
2.2052374803149606
21
0.243293031496063
0
LINE
8
BLACK
6
CONTINUOUS
10
2.2052374803149606
20
0.243293031496063
11
2.2054232283464565
21
0.2430666929133858
0
LINE
8
BLACK
6
CONTINUOUS
10
2.2054232283464565
20
0.2430666929133858
11
2.2054822440944881
21
0.2430155118110236
0
LINE
8
BLACK
6
CONTINUOUS
10
2.2054822440944881
20
0.2430155118110236
11
2.2055381889763779
21
0.2429265748031496
0
LINE
8
BLACK
6
CONTINUOUS
10
2.2055381889763779
20
0.2429265748031496
11
2.2056046850393702
21
0.2428455905511811
0
LINE
8
BLACK
6
CONTINUOUS
10
2.2056046850393702
20
0.2428455905511811
11
2.2056344881889762
21
0.2427736614173228
0
LINE
8
BLACK
6
CONTINUOUS
10
2.2056344881889762
20
0.2427736614173228
11
2.2057905905511812
21
0.2425256299212598
0
LINE
8
BLACK
6
CONTINUOUS
10
2.2057905905511812
20
0.2425256299212598
11
2.2076653543307088
21
0.2387761023622047
0
LINE
8
BLACK
6
CONTINUOUS
10
2.2076653543307088
20
0.2387761023622047
11
2.2078722440944882
21
0.2382355118110236
0
LINE
8
BLACK
6
CONTINUOUS
10
2.2078722440944882
20
0.2382355118110236
11
2.2078797637795273
21
0.2381296456692913
0
LINE
8
BLACK
6
CONTINUOUS
10
2.2078797637795273
20
0.2381296456692913
11
2.2079203543307084
21
0.2380316535433071
0
LINE
8
BLACK
6
CONTINUOUS
10
2.2079203543307084
20
0.2380316535433071
11
2.2079770866141732
21
0.2374555905511811
0
LINE
8
BLACK
6
CONTINUOUS
10
2.2079770866141732
20
0.2374555905511811
11
2.2079770866141732
21
0.2262070078740157
0
LINE
8
BLACK
6
CONTINUOUS
10
2.2079770866141732
20
0.2262070078740157
11
2.2079203543307084
21
0.2256309448818898
0
LINE
8
BLACK
6
CONTINUOUS
10
2.2079203543307084
20
0.2256309448818898
11
2.2078797637795273
21
0.2255329921259842
0
LINE
8
BLACK
6
CONTINUOUS
10
2.2078797637795273
20
0.2255329921259842
11
2.2078722440944882
21
0.2254270866141732
0
LINE
8
BLACK
6
CONTINUOUS
10
2.2078722440944882
20
0.2254270866141732
11
2.2076653543307088
21
0.2248864960629921
0
LINE
8
BLACK
6
CONTINUOUS
10
2.2076653543307088
20
0.2248864960629921
11
2.2057905905511812
21
0.221136968503937
0
LINE
8
BLACK
6
CONTINUOUS
10
2.2057905905511812
20
0.221136968503937
11
2.205634527559055
21
0.220889094488189
0
LINE
8
BLACK
6
CONTINUOUS
10
2.205634527559055
20
0.220889094488189
11
2.2056047244094485
21
0.2208170472440945
0
LINE
8
BLACK
6
CONTINUOUS
10
2.2056047244094485
20
0.2208170472440945
11
2.2055381889763779
21
0.2207360236220473
0
LINE
8
BLACK
6
CONTINUOUS
10
2.2055381889763779
20
0.2207360236220473
11
2.2054822440944881
21
0.2206470866141732
0
LINE
8
BLACK
6
CONTINUOUS
10
2.2054822440944881
20
0.2206470866141732
11
2.2054232283464565
21
0.2205959448818898
0
LINE
8
BLACK
6
CONTINUOUS
10
2.2054232283464565
20
0.2205959448818898
11
2.2052374803149606
21
0.2203695669291338
0
LINE
8
BLACK
6
CONTINUOUS
10
2.2052374803149606
20
0.2203695669291338
11
2.2033627559055118
21
0.2184948031496063
0
LINE
8
BLACK
6
CONTINUOUS
10
2.2033627559055118
20
0.2184948031496063
11
2.203136377952756
21
0.2183090551181102
0
LINE
8
BLACK
6
CONTINUOUS
10
2.203136377952756
20
0.2183090551181102
11
2.2030851968503935
21
0.21825
0
LINE
8
BLACK
6
CONTINUOUS
10
2.2030851968503935
20
0.21825
11
2.2029962204724409
21
0.2181940157480315
0
LINE
8
BLACK
6
CONTINUOUS
10
2.2029962204724409
20
0.2181940157480315
11
2.2029152755905512
21
0.2181275590551181
0
LINE
8
BLACK
6
CONTINUOUS
10
2.2029152755905512
20
0.2181275590551181
11
2.202843307086614
21
0.2180977559055118
0
LINE
8
BLACK
6
CONTINUOUS
10
2.202843307086614
20
0.2180977559055118
11
2.2025953149606297
21
0.2179416535433071
0
LINE
8
BLACK
6
CONTINUOUS
10
2.2025953149606297
20
0.2179416535433071
11
2.1988457874015745
21
0.2160668897637795
0
LINE
8
BLACK
6
CONTINUOUS
10
2.1988457874015745
20
0.2160668897637795
11
2.198305157480315
21
0.21586
0
LINE
8
BLACK
6
CONTINUOUS
10
2.198305157480315
20
0.21586
11
2.1981993307086616
21
0.2158525196850394
0
LINE
8
BLACK
6
CONTINUOUS
10
2.1981993307086616
20
0.2158525196850394
11
2.1981013385826773
21
0.2158118897637795
0
LINE
8
BLACK
6
CONTINUOUS
10
2.1981013385826773
20
0.2158118897637795
11
2.197525275590551
21
0.215755157480315
0
LINE
8
BLACK
6
CONTINUOUS
10
2.197525275590551
20
0.215755157480315
11
2.1919009842519683
21
0.215755157480315
0
LINE
8
BLACK
6
CONTINUOUS
10
2.1919009842519683
20
0.215755157480315
11
2.1913249212598425
21
0.2158118897637795
0
LINE
8
BLACK
6
CONTINUOUS
10
2.1913249212598425
20
0.2158118897637795
11
2.1912269291338582
21
0.2158524803149606
0
LINE
8
BLACK
6
CONTINUOUS
10
2.1912269291338582
20
0.2158524803149606
11
2.1911210629921261
21
0.21586
0
LINE
8
BLACK
6
CONTINUOUS
10
2.1911210629921261
20
0.21586
11
2.1905804724409448
21
0.2160668897637795
0
LINE
8
BLACK
6
CONTINUOUS
10
2.1905804724409448
20
0.2160668897637795
11
2.1868309448818897
21
0.2179416535433071
0
LINE
8
BLACK
6
CONTINUOUS
10
2.1868309448818897
20
0.2179416535433071
11
2.1865829133858266
21
0.2180977559055118
0
LINE
8
BLACK
6
CONTINUOUS
10
2.1865829133858266
20
0.2180977559055118
11
2.1865109842519685
21
0.2181275590551181
0
LINE
8
BLACK
6
CONTINUOUS
10
2.1865109842519685
20
0.2181275590551181
11
2.1864300000000001
21
0.2181940157480315
0
LINE
8
BLACK
6
CONTINUOUS
10
2.1864300000000001
20
0.2181940157480315
11
2.1863410629921258
21
0.21825
0
LINE
8
BLACK
6
CONTINUOUS
10
2.1863410629921258
20
0.21825
11
2.1862898425196851
21
0.2183090551181102
0
LINE
8
BLACK
6
CONTINUOUS
10
2.1862898425196851
20
0.2183090551181102
11
2.186063503937008
21
0.2184948031496063
0
LINE
8
BLACK
6
CONTINUOUS
10
2.186063503937008
20
0.2184948031496063
11
2.1841887401574804
21
0.2203696062992126
0
LINE
8
BLACK
6
CONTINUOUS
10
2.1841887401574804
20
0.2203696062992126
11
2.184002992125984
21
0.2205959448818898
0
LINE
8
BLACK
6
CONTINUOUS
10
2.184002992125984
20
0.2205959448818898
11
2.1839440157480317
21
0.2206470866141732
0
LINE
8
BLACK
6
CONTINUOUS
10
2.1839440157480317
20
0.2206470866141732
11
2.1838880314960631
21
0.2207360236220473
0
LINE
8
BLACK
6
CONTINUOUS
10
2.1838880314960631
20
0.2207360236220473
11
2.1838215354330708
21
0.2208170472440945
0
LINE
8
BLACK
6
CONTINUOUS
10
2.1838215354330708
20
0.2208170472440945
11
2.1837916929133856
21
0.220889094488189
0
LINE
8
BLACK
6
CONTINUOUS
10
2.1837916929133856
20
0.220889094488189
11
2.1836356692913386
21
0.221136968503937
0
LINE
8
BLACK
6
CONTINUOUS
10
2.1836356692913386
20
0.221136968503937
11
2.181760905511811
21
0.2248864960629921
0
LINE
8
BLACK
6
CONTINUOUS
10
2.181760905511811
20
0.2248864960629921
11
2.1815540157480315
21
0.225427125984252
0
LINE
8
BLACK
6
CONTINUOUS
10
2.1815540157480315
20
0.225427125984252
11
2.181546496062992
21
0.2255329527559055
0
LINE
8
BLACK
6
CONTINUOUS
10
2.181546496062992
20
0.2255329527559055
11
2.1815059055118109
21
0.2256309448818898
0
LINE
8
BLACK
6
CONTINUOUS
10
2.1815059055118109
20
0.2256309448818898
11
2.1814491732283465
21
0.2262070078740157
0
LINE
8
BLACK
6
CONTINUOUS
10
2.1814491732283465
20
0.2262070078740157
11
2.1814491732283465
21
0.2374555905511811
0
LINE
8
BLACK
6
CONTINUOUS
10
2.1814491732283465
20
0.2374555905511811
11
2.1815059055118109
21
0.2380316535433071
0
LINE
8
BLACK
6
CONTINUOUS
10
2.1815059055118109
20
0.2380316535433071
11
2.181546496062992
21
0.2381296850393701
0
LINE
8
BLACK
6
CONTINUOUS
10
2.181546496062992
20
0.2381296850393701
11
2.1815540157480315
21
0.2382354724409449
0
LINE
8
BLACK
6
CONTINUOUS
10
2.1815540157480315
20
0.2382354724409449
11
2.181760905511811
21
0.2387761023622047
0
LINE
8
BLACK
6
CONTINUOUS
10
2.181760905511811
20
0.2387761023622047
11
2.1836356692913386
21
0.2425256299212598
0
LINE
8
BLACK
6
CONTINUOUS
10
2.1836356692913386
20
0.2425256299212598
11
2.1837917322834643
21
0.2427736614173228
0
LINE
8
BLACK
6
CONTINUOUS
10
2.1837917322834643
20
0.2427736614173228
11
2.1838215748031495
21
0.2428455905511811
0
LINE
8
BLACK
6
CONTINUOUS
10
2.1838215748031495
20
0.2428455905511811
11
2.1838880314960631
21
0.2429265748031496
0
LINE
8
BLACK
6
CONTINUOUS
10
2.1838880314960631
20
0.2429265748031496
11
2.1839440157480317
21
0.2430155118110236
0
LINE
8
BLACK
6
CONTINUOUS
10
2.1839440157480317
20
0.2430155118110236
11
2.184002992125984
21
0.2430666929133858
0
LINE
8
BLACK
6
CONTINUOUS
10
2.184002992125984
20
0.2430666929133858
11
2.1841887795275592
21
0.243293031496063
0
LINE
8
BLACK
6
CONTINUOUS
10
2.1841887795275592
20
0.243293031496063
11
2.1860635433070867
21
0.2451677952755905
0
LINE
8
BLACK
6
CONTINUOUS
10
2.1860635433070867
20
0.2451677952755905
11
2.1862898818897638
21
0.2453535826771653
0
LINE
8
BLACK
6
CONTINUOUS
10
2.1862898818897638
20
0.2453535826771653
11
2.1863410629921258
21
0.2454125590551181
0
LINE
8
BLACK
6
CONTINUOUS
10
2.1863410629921258
20
0.2454125590551181
11
2.1864300000000001
21
0.2454685433070866
0
LINE
8
BLACK
6
CONTINUOUS
10
2.1864300000000001
20
0.2454685433070866
11
2.1865109842519685
21
0.245535
0
LINE
8
BLACK
6
CONTINUOUS
10
2.1865109842519685
20
0.245535
11
2.1865829133858266
21
0.245564842519685
0
LINE
8
BLACK
6
CONTINUOUS
10
2.1865829133858266
20
0.245564842519685
11
2.1868309448818897
21
0.245720905511811
0
LINE
8
BLACK
6
CONTINUOUS
10
2.1868309448818897
20
0.245720905511811
11
2.1905804724409448
21
0.2475956692913386
0
LINE
8
BLACK
6
CONTINUOUS
10
2.1905804724409448
20
0.2475956692913386
11
2.1911210629921261
21
0.2478025590551181
0
LINE
8
BLACK
6
CONTINUOUS
10
2.1911210629921261
20
0.2478025590551181
11
2.1912269291338582
21
0.2478101181102362
0
LINE
8
BLACK
6
CONTINUOUS
10
2.1912269291338582
20
0.2478101181102362
11
2.1913249212598425
21
0.2478506692913386
0
LINE
8
BLACK
6
CONTINUOUS
10
2.1913249212598425
20
0.2478506692913386
11
2.1919009842519683
21
0.2479074015748031
0
LINE
8
BLACK
6
CONTINUOUS
10
2.1919009842519683
20
0.2479074015748031
11
2.197525275590551
21
0.2479074015748031
0
LINE
8
BLACK
6
CONTINUOUS
10
2.197525275590551
20
0.2479074015748031
11
2.1981013385826773
21
0.2478506692913386
0
LINE
8
BLACK
6
CONTINUOUS
10
2.1899005511811023
20
0.2406531496062992
11
2.1887034251968505
21
0.2394560236220472
0
LINE
8
BLACK
6
CONTINUOUS
10
2.1887034251968505
20
0.2394560236220472
11
2.1873546850393701
21
0.2367585433070866
0
LINE
8
BLACK
6
CONTINUOUS
10
2.1873546850393701
20
0.2367585433070866
11
2.1873546850393701
21
0.2269040551181102
0
LINE
8
BLACK
6
CONTINUOUS
10
2.1873546850393701
20
0.2269040551181102
11
2.1887034251968505
21
0.2242065748031496
0
LINE
8
BLACK
6
CONTINUOUS
10
2.1887034251968505
20
0.2242065748031496
11
2.1899005511811023
21
0.2230094094488189
0
LINE
8
BLACK
6
CONTINUOUS
10
2.1899005511811023
20
0.2230094094488189
11
2.1925980314960629
21
0.2216606692913386
0
LINE
8
BLACK
6
CONTINUOUS
10
2.1925980314960629
20
0.2216606692913386
11
2.1968282283464569
21
0.2216606692913386
0
LINE
8
BLACK
6
CONTINUOUS
10
2.1968282283464569
20
0.2216606692913386
11
2.1995256692913387
21
0.2230094094488189
0
LINE
8
BLACK
6
CONTINUOUS
10
2.1995256692913387
20
0.2230094094488189
11
2.2007227952755906
21
0.2242065748031496
0
LINE
8
BLACK
6
CONTINUOUS
10
2.2007227952755906
20
0.2242065748031496
11
2.2020715748031496
21
0.2269040551181102
0
LINE
8
BLACK
6
CONTINUOUS
10
2.2020715748031496
20
0.2269040551181102
11
2.2020715748031496
21
0.2367585433070866
0
LINE
8
BLACK
6
CONTINUOUS
10
2.2020715748031496
20
0.2367585433070866
11
2.2007228346456693
21
0.2394560236220472
0
LINE
8
BLACK
6
CONTINUOUS
10
2.2007228346456693
20
0.2394560236220472
11
2.1995257086614171
21
0.2406531496062992
0
LINE
8
BLACK
6
CONTINUOUS
10
2.1995257086614171
20
0.2406531496062992
11
2.1968282283464569
21
0.2420018897637795
0
LINE
8
BLACK
6
CONTINUOUS
10
2.1968282283464569
20
0.2420018897637795
11
2.1925980314960629
21
0.2420018897637795
0
LINE
8
BLACK
6
CONTINUOUS
10
2.1925980314960629
20
0.2420018897637795
11
2.1899005511811023
21
0.2406531496062992
0
LINE
8
BLACK
6
CONTINUOUS
10
2.2235377165354331
20
0.2474097637795276
11
2.2243523622047245
21
0.2465951181102362
0
LINE
8
BLACK
6
CONTINUOUS
10
2.2243523622047245
20
0.2465951181102362
11
2.2247932677165352
21
0.2455307086614173
0
LINE
8
BLACK
6
CONTINUOUS
10
2.2247932677165352
20
0.2455307086614173
11
2.22485
21
0.2449546456692913
0
LINE
8
BLACK
6
CONTINUOUS
10
2.22485
20
0.2449546456692913
11
2.22485
21
0.2250292913385827
0
LINE
8
BLACK
6
CONTINUOUS
10
2.22485
20
0.2250292913385827
11
2.2259728346456691
21
0.2227835433070866
0
LINE
8
BLACK
6
CONTINUOUS
10
2.2259728346456691
20
0.2227835433070866
11
2.2282185826771652
21
0.2216606692913386
0
LINE
8
BLACK
6
CONTINUOUS
10
2.2282185826771652
20
0.2216606692913386
11
2.2324487795275592
21
0.2216606692913386
0
LINE
8
BLACK
6
CONTINUOUS
10
2.2324487795275592
20
0.2216606692913386
11
2.235146220472441
21
0.2230094094488189
0
LINE
8
BLACK
6
CONTINUOUS
10
2.235146220472441
20
0.2230094094488189
11
2.2358173622047244
21
0.2236805511811024
0
LINE
8
BLACK
6
CONTINUOUS
10
2.2358173622047244
20
0.2236805511811024
11
2.2358173622047244
21
0.2449546456692913
0
LINE
8
BLACK
6
CONTINUOUS
10
2.2358173622047244
20
0.2449546456692913
11
2.2358740944881887
21
0.2455307086614173
0
LINE
8
BLACK
6
CONTINUOUS
10
2.2358740944881887
20
0.2455307086614173
11
2.2363149999999998
21
0.2465951181102362
0
LINE
8
BLACK
6
CONTINUOUS
10
2.2363149999999998
20
0.2465951181102362
11
2.2371296456692913
21
0.2474097637795276
0
LINE
8
BLACK
6
CONTINUOUS
10
2.2371296456692913
20
0.2474097637795276
11
2.2381940551181101
21
0.2478506692913386
0
LINE
8
BLACK
6
CONTINUOUS
10
2.2381940551181101
20
0.2478506692913386
11
2.2393461811023623
21
0.2478506692913386
0
LINE
8
BLACK
6
CONTINUOUS
10
2.2393461811023623
20
0.2478506692913386
11
2.2404105905511811
21
0.2474097637795276
0
LINE
8
BLACK
6
CONTINUOUS
10
2.2404105905511811
20
0.2474097637795276
11
2.2412252362204725
21
0.2465951181102362
0
LINE
8
BLACK
6
CONTINUOUS
10
2.2412252362204725
20
0.2465951181102362
11
2.2416661417322836
21
0.2455307086614173
0
LINE
8
BLACK
6
CONTINUOUS
10
2.2416661417322836
20
0.2455307086614173
11
2.241722874015748
21
0.2449546456692913
0
LINE
8
BLACK
6
CONTINUOUS
10
2.241722874015748
20
0.2449546456692913
11
2.241722874015748
21
0.2187079133858268
0
LINE
8
BLACK
6
CONTINUOUS
10
2.241722874015748
20
0.2187079133858268
11
2.2416661417322836
21
0.2181318503937008
0
LINE
8
BLACK
6
CONTINUOUS
10
2.2416661417322836
20
0.2181318503937008
11
2.2412252362204725
21
0.2170674409448819
0
LINE
8
BLACK
6
CONTINUOUS
10
2.2412252362204725
20
0.2170674409448819
11
2.2404105905511811
21
0.2162527952755905
0
LINE
8
BLACK
6
CONTINUOUS
10
2.2404105905511811
20
0.2162527952755905
11
2.2393461811023623
21
0.2158118897637795
0
LINE
8
BLACK
6
CONTINUOUS
10
2.2393461811023623
20
0.2158118897637795
11
2.2381940551181101
21
0.2158118897637795
0
LINE
8
BLACK
6
CONTINUOUS
10
2.2381940551181101
20
0.2158118897637795
11
2.2371296456692913
21
0.2162527952755905
0
LINE
8
BLACK
6
CONTINUOUS
10
2.2371296456692913
20
0.2162527952755905
11
2.2363657874015748
21
0.2170166535433071
0
LINE
8
BLACK
6
CONTINUOUS
10
2.2363657874015748
20
0.2170166535433071
11
2.2344663385826773
21
0.2160668897637795
0
LINE
8
BLACK
6
CONTINUOUS
10
2.2344663385826773
20
0.2160668897637795
11
2.2339257086614173
21
0.21586
0
LINE
8
BLACK
6
CONTINUOUS
10
2.2339257086614173
20
0.21586
11
2.2338198818897639
21
0.2158525196850394
0
LINE
8
BLACK
6
CONTINUOUS
10
2.2338198818897639
20
0.2158525196850394
11
2.2337218897637796
21
0.2158118897637795
0
LINE
8
BLACK
6
CONTINUOUS
10
2.2337218897637796
20
0.2158118897637795
11
2.2331458267716533
21
0.215755157480315
0
LINE
8
BLACK
6
CONTINUOUS
10
2.2331458267716533
20
0.215755157480315
11
2.2275215354330706
21
0.215755157480315
0
LINE
8
BLACK
6
CONTINUOUS
10
2.2275215354330706
20
0.215755157480315
11
2.2269454724409448
21
0.2158118897637795
0
LINE
8
BLACK
6
CONTINUOUS
10
2.2269454724409448
20
0.2158118897637795
11
2.2268474803149605
21
0.2158524803149606
0
LINE
8
BLACK
6
CONTINUOUS
10
2.2268474803149605
20
0.2158524803149606
11
2.2267416141732284
21
0.21586
0
LINE
8
BLACK
6
CONTINUOUS
10
2.2267416141732284
20
0.21586
11
2.2262010236220471
21
0.2160668897637795
0
LINE
8
BLACK
6
CONTINUOUS
10
2.2262010236220471
20
0.2160668897637795
11
2.222451496062992
21
0.2179416535433071
0
LINE
8
BLACK
6
CONTINUOUS
10
2.222451496062992
20
0.2179416535433071
11
2.2223551181102361
21
0.2180023228346457
0
LINE
8
BLACK
6
CONTINUOUS
10
2.2223551181102361
20
0.2180023228346457
11
2.222309724409449
21
0.2180174409448819
0
LINE
8
BLACK
6
CONTINUOUS
10
2.222309724409449
20
0.2180174409448819
11
2.2222531496062992
21
0.2180664960629921
0
LINE
8
BLACK
6
CONTINUOUS
10
2.2222531496062992
20
0.2180664960629921
11
2.2219616141732281
21
0.21825
0
LINE
8
BLACK
6
CONTINUOUS
10
2.2219616141732281
20
0.21825
11
2.221718937007874
21
0.218529842519685
0
LINE
8
BLACK
6
CONTINUOUS
10
2.221718937007874
20
0.218529842519685
11
2.2214393307086615
21
0.2187723228346457
0
LINE
8
BLACK
6
CONTINUOUS
10
2.2214393307086615
20
0.2187723228346457
11
2.2212558267716536
21
0.2190638188976378
0
LINE
8
BLACK
6
CONTINUOUS
10
2.2212558267716536
20
0.2190638188976378
11
2.2212067716535433
21
0.2191203937007874
0
LINE
8
BLACK
6
CONTINUOUS
10
2.2212067716535433
20
0.2191203937007874
11
2.2211916141732284
21
0.2191658661417323
0
LINE
8
BLACK
6
CONTINUOUS
10
2.2211916141732284
20
0.2191658661417323
11
2.2211309842519684
21
0.2192621653543307
0
LINE
8
BLACK
6
CONTINUOUS
10
2.2211309842519684
20
0.2192621653543307
11
2.2192562204724409
21
0.2230117322834646
0
LINE
8
BLACK
6
CONTINUOUS
10
2.2192562204724409
20
0.2230117322834646
11
2.2190493307086614
21
0.2235523622047244
0
LINE
8
BLACK
6
CONTINUOUS
10
2.2190493307086614
20
0.2235523622047244
11
2.2190418110236219
21
0.223658188976378
0
LINE
8
BLACK
6
CONTINUOUS
10
2.2190418110236219
20
0.223658188976378
11
2.2190012204724407
21
0.2237561811023622
0
LINE
8
BLACK
6
CONTINUOUS
10
2.2190012204724407
20
0.2237561811023622
11
2.2189444881889764
21
0.2243322440944882
0
LINE
8
BLACK
6
CONTINUOUS
10
2.2189444881889764
20
0.2243322440944882
11
2.2189444881889764
21
0.2449546456692913
0
LINE
8
BLACK
6
CONTINUOUS
10
2.2189444881889764
20
0.2449546456692913
11
2.2190012204724407
21
0.2455307086614173
0
LINE
8
BLACK
6
CONTINUOUS
10
2.2190012204724407
20
0.2455307086614173
11
2.2194421259842518
21
0.2465951181102362
0
LINE
8
BLACK
6
CONTINUOUS
10
2.2194421259842518
20
0.2465951181102362
11
2.2202567716535433
21
0.2474097637795276
0
LINE
8
BLACK
6
CONTINUOUS
10
2.2202567716535433
20
0.2474097637795276
11
2.2213211811023621
21
0.2478506692913386
0
LINE
8
BLACK
6
CONTINUOUS
10
2.2213211811023621
20
0.2478506692913386
11
2.2224733070866143
21
0.2478506692913386
0
LINE
8
BLACK
6
CONTINUOUS
10
2.2224733070866143
20
0.2478506692913386
11
2.2235377165354331
21
0.2474097637795276
0
LINE
8
BLACK
6
CONTINUOUS
10
2.2947788188976377
20
0.2605331102362204
11
2.2955934645669291
21
0.2597184645669292
0
LINE
8
BLACK
6
CONTINUOUS
10
2.2955934645669291
20
0.2597184645669292
11
2.2960343700787402
21
0.2586540551181102
0
LINE
8
BLACK
6
CONTINUOUS
10
2.2960343700787402
20
0.2586540551181102
11
2.2960911023622046
21
0.2580779921259843
0
LINE
8
BLACK
6
CONTINUOUS
10
2.2960911023622046
20
0.2580779921259843
11
2.2960911023622046
21
0.2479074015748031
0
LINE
8
BLACK
6
CONTINUOUS
10
2.2960911023622046
20
0.2479074015748031
11
2.3025121653543308
21
0.2479074015748031
0
LINE
8
BLACK
6
CONTINUOUS
10
2.3025121653543308
20
0.2479074015748031
11
2.3030882283464567
21
0.2478506692913386
0
LINE
8
BLACK
6
CONTINUOUS
10
2.3030882283464567
20
0.2478506692913386
11
2.3041526377952755
21
0.2474097637795276
0
LINE
8
BLACK
6
CONTINUOUS
10
2.3041526377952755
20
0.2474097637795276
11
2.3049672834645669
21
0.2465951181102362
0
LINE
8
BLACK
6
CONTINUOUS
10
2.3049672834645669
20
0.2465951181102362
11
2.305408188976378
21
0.2455307086614173
0
LINE
8
BLACK
6
CONTINUOUS
10
2.305408188976378
20
0.2455307086614173
11
2.305408188976378
21
0.2443785826771654
0
LINE
8
BLACK
6
CONTINUOUS
10
2.305408188976378
20
0.2443785826771654
11
2.3049672834645669
21
0.2433141732283464
0
LINE
8
BLACK
6
CONTINUOUS
10
2.3049672834645669
20
0.2433141732283464
11
2.3041526377952755
21
0.2424995275590551
0
LINE
8
BLACK
6
CONTINUOUS
10
2.3041526377952755
20
0.2424995275590551
11
2.3030882283464567
21
0.2420586220472441
0
LINE
8
BLACK
6
CONTINUOUS
10
2.3030882283464567
20
0.2420586220472441
11
2.3025121653543308
21
0.2420018897637795
0
LINE
8
BLACK
6
CONTINUOUS
10
2.3025121653543308
20
0.2420018897637795
11
2.2960911023622046
21
0.2420018897637795
0
LINE
8
BLACK
6
CONTINUOUS
10
2.2960911023622046
20
0.2420018897637795
11
2.2960911023622046
21
0.2250292913385827
0
LINE
8
BLACK
6
CONTINUOUS
10
2.2960911023622046
20
0.2250292913385827
11
2.2972139370078741
21
0.2227835433070866
0
LINE
8
BLACK
6
CONTINUOUS
10
2.2972139370078741
20
0.2227835433070866
11
2.2994596850393698
21
0.2216606692913386
0
LINE
8
BLACK
6
CONTINUOUS
10
2.2994596850393698
20
0.2216606692913386
11
2.3025121653543308
21
0.2216606692913386
0
LINE
8
BLACK
6
CONTINUOUS
10
2.3025121653543308
20
0.2216606692913386
11
2.3030882283464567
21
0.221603937007874
0
LINE
8
BLACK
6
CONTINUOUS
10
2.3030882283464567
20
0.221603937007874
11
2.3041526377952755
21
0.221163031496063
0
LINE
8
BLACK
6
CONTINUOUS
10
2.3041526377952755
20
0.221163031496063
11
2.3049672834645669
21
0.2203483858267717
0
LINE
8
BLACK
6
CONTINUOUS
10
2.3049672834645669
20
0.2203483858267717
11
2.305408188976378
21
0.2192839763779527
0
LINE
8
BLACK
6
CONTINUOUS
10
2.305408188976378
20
0.2192839763779527
11
2.305408188976378
21
0.2181318503937008
0
LINE
8
BLACK
6
CONTINUOUS
10
2.305408188976378
20
0.2181318503937008
11
2.3049672834645669
21
0.2170674409448819
0
LINE
8
BLACK
6
CONTINUOUS
10
2.3049672834645669
20
0.2170674409448819
11
2.3041526377952755
21
0.2162527952755905
0
LINE
8
BLACK
6
CONTINUOUS
10
2.3041526377952755
20
0.2162527952755905
11
2.3030882283464567
21
0.2158118897637795
0
LINE
8
BLACK
6
CONTINUOUS
10
2.3030882283464567
20
0.2158118897637795
11
2.3025121653543308
21
0.215755157480315
0
LINE
8
BLACK
6
CONTINUOUS
10
2.3025121653543308
20
0.215755157480315
11
2.2987626377952757
21
0.215755157480315
0
LINE
8
BLACK
6
CONTINUOUS
10
2.2987626377952757
20
0.215755157480315
11
2.2981865748031494
21
0.2158118897637795
0
LINE
8
BLACK
6
CONTINUOUS
10
2.2981865748031494
20
0.2158118897637795
11
2.2980885826771651
21
0.2158524803149606
0
LINE
8
BLACK
6
CONTINUOUS
10
2.2980885826771651
20
0.2158524803149606
11
2.297982716535433
21
0.21586
0
LINE
8
BLACK
6
CONTINUOUS
10
2.297982716535433
20
0.21586
11
2.2974421259842521
21
0.2160668897637795
0
LINE
8
BLACK
6
CONTINUOUS
10
2.2974421259842521
20
0.2160668897637795
11
2.293692598425197
21
0.2179416535433071
0
LINE
8
BLACK
6
CONTINUOUS
10
2.293692598425197
20
0.2179416535433071
11
2.2935962204724407
21
0.2180023228346457
0
LINE
8
BLACK
6
CONTINUOUS
10
2.2935962204724407
20
0.2180023228346457
11
2.2935508267716536
21
0.2180174409448819
0
LINE
8
BLACK
6
CONTINUOUS
10
2.2935508267716536
20
0.2180174409448819
11
2.2934942519685038
21
0.2180664960629921
0
LINE
8
BLACK
6
CONTINUOUS
10
2.2934942519685038
20
0.2180664960629921
11
2.2932027165354332
21
0.21825
0
LINE
8
BLACK
6
CONTINUOUS
10
2.2932027165354332
20
0.21825
11
2.2929600393700786
21
0.218529842519685
0
LINE
8
BLACK
6
CONTINUOUS
10
2.2929600393700786
20
0.218529842519685
11
2.2926804330708661
21
0.2187723228346457
0
LINE
8
BLACK
6
CONTINUOUS
10
2.2926804330708661
20
0.2187723228346457
11
2.2924969291338582
21
0.2190638188976378
0
LINE
8
BLACK
6
CONTINUOUS
10
2.2924969291338582
20
0.2190638188976378
11
2.2924478740157479
21
0.2191203937007874
0
LINE
8
BLACK
6
CONTINUOUS
10
2.2924478740157479
20
0.2191203937007874
11
2.292432716535433
21
0.2191658661417323
0
LINE
8
BLACK
6
CONTINUOUS
10
2.292432716535433
20
0.2191658661417323
11
2.292372086614173
21
0.2192621653543307
0
LINE
8
BLACK
6
CONTINUOUS
10
2.292372086614173
20
0.2192621653543307
11
2.2904973228346455
21
0.2230117322834646
0
LINE
8
BLACK
6
CONTINUOUS
10
2.2904973228346455
20
0.2230117322834646
11
2.290290433070866
21
0.2235523622047244
0
LINE
8
BLACK
6
CONTINUOUS
10
2.290290433070866
20
0.2235523622047244
11
2.2902829133858269
21
0.223658188976378
0
LINE
8
BLACK
6
CONTINUOUS
10
2.2902829133858269
20
0.223658188976378
11
2.2902423228346458
21
0.2237561811023622
0
LINE
8
BLACK
6
CONTINUOUS
10
2.2902423228346458
20
0.2237561811023622
11
2.290185590551181
21
0.2243322440944882
0
LINE
8
BLACK
6
CONTINUOUS
10
2.290185590551181
20
0.2243322440944882
11
2.290185590551181
21
0.2420018897637795
0
LINE
8
BLACK
6
CONTINUOUS
10
2.290185590551181
20
0.2420018897637795
11
2.2875140551181103
21
0.2420018897637795
0
LINE
8
BLACK
6
CONTINUOUS
10
2.2875140551181103
20
0.2420018897637795
11
2.286937992125984
21
0.2420586220472441
0
LINE
8
BLACK
6
CONTINUOUS
10
2.286937992125984
20
0.2420586220472441
11
2.2858735826771652
21
0.2424995275590551
0
LINE
8
BLACK
6
CONTINUOUS
10
2.2858735826771652
20
0.2424995275590551
11
2.2850589370078738
21
0.2433141732283464
0
LINE
8
BLACK
6
CONTINUOUS
10
2.2850589370078738
20
0.2433141732283464
11
2.2846180314960631
21
0.2443785826771654
0
LINE
8
BLACK
6
CONTINUOUS
10
2.2846180314960631
20
0.2443785826771654
11
2.2846180314960631
21
0.2455307086614173
0
LINE
8
BLACK
6
CONTINUOUS
10
2.2846180314960631
20
0.2455307086614173
11
2.2850589370078738
21
0.2465951181102362
0
LINE
8
BLACK
6
CONTINUOUS
10
2.2850589370078738
20
0.2465951181102362
11
2.2858735826771652
21
0.2474097637795276
0
LINE
8
BLACK
6
CONTINUOUS
10
2.2858735826771652
20
0.2474097637795276
11
2.286937992125984
21
0.2478506692913386
0
LINE
8
BLACK
6
CONTINUOUS
10
2.286937992125984
20
0.2478506692913386
11
2.2875140551181103
21
0.2479074015748031
0
LINE
8
BLACK
6
CONTINUOUS
10
2.2875140551181103
20
0.2479074015748031
11
2.290185590551181
21
0.2479074015748031
0
LINE
8
BLACK
6
CONTINUOUS
10
2.290185590551181
20
0.2479074015748031
11
2.290185590551181
21
0.2580779921259843
0
LINE
8
BLACK
6
CONTINUOUS
10
2.290185590551181
20
0.2580779921259843
11
2.2902423228346458
21
0.2586540551181102
0
LINE
8
BLACK
6
CONTINUOUS
10
2.2902423228346458
20
0.2586540551181102
11
2.2906832283464564
21
0.2597184645669292
0
LINE
8
BLACK
6
CONTINUOUS
10
2.2906832283464564
20
0.2597184645669292
11
2.2914978740157479
21
0.2605331102362204
0
LINE
8
BLACK
6
CONTINUOUS
10
2.2914978740157479
20
0.2605331102362204
11
2.2925622834645667
21
0.2609740157480315
0
LINE
8
BLACK
6
CONTINUOUS
10
2.2925622834645667
20
0.2609740157480315
11
2.2937144094488189
21
0.2609740157480315
0
LINE
8
BLACK
6
CONTINUOUS
10
2.2937144094488189
20
0.2609740157480315
11
2.2947788188976377
21
0.2605331102362204
0
LINE
8
BLACK
6
CONTINUOUS
10
2.4586937795275592
20
0.2478506692913386
11
2.4587917716535435
21
0.2478100787401575
0
LINE
8
BLACK
6
CONTINUOUS
10
2.4587917716535435
20
0.2478100787401575
11
2.4588975984251968
21
0.2478025590551181
0
LINE
8
BLACK
6
CONTINUOUS
10
2.4588975984251968
20
0.2478025590551181
11
2.4594382283464564
21
0.2475956692913386
0
LINE
8
BLACK
6
CONTINUOUS
10
2.4594382283464564
20
0.2475956692913386
11
2.4631877559055115
21
0.245720905511811
0
LINE
8
BLACK
6
CONTINUOUS
10
2.4631877559055115
20
0.245720905511811
11
2.4634357480314959
21
0.245564842519685
0
LINE
8
BLACK
6
CONTINUOUS
10
2.4634357480314959
20
0.245564842519685
11
2.4635077165354331
21
0.245535
0
LINE
8
BLACK
6
CONTINUOUS
10
2.4635077165354331
20
0.245535
11
2.4635886614173228
21
0.2454685433070866
0
LINE
8
BLACK
6
CONTINUOUS
10
2.4635886614173228
20
0.2454685433070866
11
2.4636776377952754
21
0.2454125590551181
0
LINE
8
BLACK
6
CONTINUOUS
10
2.4636776377952754
20
0.2454125590551181
11
2.4637287795275591
21
0.2453535826771653
0
LINE
8
BLACK
6
CONTINUOUS
10
2.4637287795275591
20
0.2453535826771653
11
2.4639551574803149
21
0.2451677952755905
0
LINE
8
BLACK
6
CONTINUOUS
10
2.4639551574803149
20
0.2451677952755905
11
2.4658299212598425
21
0.243293031496063
0
LINE
8
BLACK
6
CONTINUOUS
10
2.4658299212598425
20
0.243293031496063
11
2.4660156692913384
21
0.2430666929133858
0
LINE
8
BLACK
6
CONTINUOUS
10
2.4660156692913384
20
0.2430666929133858
11
2.46607468503937
21
0.2430155118110236
0
LINE
8
BLACK
6
CONTINUOUS
10
2.46607468503937
20
0.2430155118110236
11
2.4661306299212598
21
0.2429265748031496
0
LINE
8
BLACK
6
CONTINUOUS
10
2.4661306299212598
20
0.2429265748031496
11
2.4661971259842521
21
0.2428455905511811
0
LINE
8
BLACK
6
CONTINUOUS
10
2.4661971259842521
20
0.2428455905511811
11
2.4662269291338581
21
0.2427736614173228
0
LINE
8
BLACK
6
CONTINUOUS
10
2.4662269291338581
20
0.2427736614173228
11
2.4663830314960631
21
0.2425256299212598
0
LINE
8
BLACK
6
CONTINUOUS
10
2.4663830314960631
20
0.2425256299212598
11
2.4682577952755906
21
0.2387761023622047
0
LINE
8
BLACK
6
CONTINUOUS
10
2.4682577952755906
20
0.2387761023622047
11
2.4684646850393701
21
0.2382355118110236
0
LINE
8
BLACK
6
CONTINUOUS
10
2.4684646850393701
20
0.2382355118110236
11
2.4684722047244092
21
0.2381296456692913
0
LINE
8
BLACK
6
CONTINUOUS
10
2.4684722047244092
20
0.2381296456692913
11
2.4685127952755903
21
0.2380316535433071
0
LINE
8
BLACK
6
CONTINUOUS
10
2.4685127952755903
20
0.2380316535433071
11
2.4685695275590551
21
0.2374555905511811
0
LINE
8
BLACK
6
CONTINUOUS
10
2.4685695275590551
20
0.2374555905511811
11
2.4685695275590551
21
0.2262070078740157
0
LINE
8
BLACK
6
CONTINUOUS
10
2.4685695275590551
20
0.2262070078740157
11
2.4685127952755903
21
0.2256309448818898
0
LINE
8
BLACK
6
CONTINUOUS
10
2.4685127952755903
20
0.2256309448818898
11
2.4684722047244092
21
0.2255329921259842
0
LINE
8
BLACK
6
CONTINUOUS
10
2.4684722047244092
20
0.2255329921259842
11
2.4684646850393701
21
0.2254270866141732
0
LINE
8
BLACK
6
CONTINUOUS
10
2.4684646850393701
20
0.2254270866141732
11
2.4682577952755906
21
0.2248864960629921
0
LINE
8
BLACK
6
CONTINUOUS
10
2.4682577952755906
20
0.2248864960629921
11
2.4663830314960631
21
0.221136968503937
0
LINE
8
BLACK
6
CONTINUOUS
10
2.4663830314960631
20
0.221136968503937
11
2.4662269685039369
21
0.220889094488189
0
LINE
8
BLACK
6
CONTINUOUS
10
2.4662269685039369
20
0.220889094488189
11
2.4661971653543309
21
0.2208170472440945
0
LINE
8
BLACK
6
CONTINUOUS
10
2.4661971653543309
20
0.2208170472440945
11
2.4661306299212598
21
0.2207360236220473
0
LINE
8
BLACK
6
CONTINUOUS
10
2.4661306299212598
20
0.2207360236220473
11
2.46607468503937
21
0.2206470866141732
0
LINE
8
BLACK
6
CONTINUOUS
10
2.46607468503937
20
0.2206470866141732
11
2.4660156692913384
21
0.2205959448818898
0
LINE
8
BLACK
6
CONTINUOUS
10
2.4660156692913384
20
0.2205959448818898
11
2.4658299212598425
21
0.2203695669291338
0
LINE
8
BLACK
6
CONTINUOUS
10
2.4658299212598425
20
0.2203695669291338
11
2.4639551968503937
21
0.2184948031496063
0
LINE
8
BLACK
6
CONTINUOUS
10
2.4639551968503937
20
0.2184948031496063
11
2.4637288188976378
21
0.2183090551181102
0
LINE
8
BLACK
6
CONTINUOUS
10
2.4637288188976378
20
0.2183090551181102
11
2.4636776377952754
21
0.21825
0
LINE
8
BLACK
6
CONTINUOUS
10
2.4636776377952754
20
0.21825
11
2.4635886614173228
21
0.2181940157480315
0
LINE
8
BLACK
6
CONTINUOUS
10
2.4635886614173228
20
0.2181940157480315
11
2.4635077165354331
21
0.2181275590551181
0
LINE
8
BLACK
6
CONTINUOUS
10
2.4635077165354331
20
0.2181275590551181
11
2.4634357480314959
21
0.2180977559055118
0
LINE
8
BLACK
6
CONTINUOUS
10
2.4634357480314959
20
0.2180977559055118
11
2.4631877559055115
21
0.2179416535433071
0
LINE
8
BLACK
6
CONTINUOUS
10
2.4631877559055115
20
0.2179416535433071
11
2.4594382283464564
21
0.2160668897637795
0
LINE
8
BLACK
6
CONTINUOUS
10
2.4594382283464564
20
0.2160668897637795
11
2.4588975984251968
21
0.21586
0
LINE
8
BLACK
6
CONTINUOUS
10
2.4588975984251968
20
0.21586
11
2.4587917716535435
21
0.2158525196850394
0
LINE
8
BLACK
6
CONTINUOUS
10
2.4587917716535435
20
0.2158525196850394
11
2.4586937795275592
21
0.2158118897637795
0
LINE
8
BLACK
6
CONTINUOUS
10
2.4586937795275592
20
0.2158118897637795
11
2.4581177165354329
21
0.215755157480315
0
LINE
8
BLACK
6
CONTINUOUS
10
2.4581177165354329
20
0.215755157480315
11
2.4524934251968502
21
0.215755157480315
0
LINE
8
BLACK
6
CONTINUOUS
10
2.4524934251968502
20
0.215755157480315
11
2.4519173622047243
21
0.2158118897637795
0
LINE
8
BLACK
6
CONTINUOUS
10
2.4519173622047243
20
0.2158118897637795
11
2.4518193700787401
21
0.2158524803149606
0
LINE
8
BLACK
6
CONTINUOUS
10
2.4518193700787401
20
0.2158524803149606
11
2.4517135039370079
21
0.21586
0
LINE
8
BLACK
6
CONTINUOUS
10
2.4517135039370079
20
0.21586
11
2.4511729133858267
21
0.2160668897637795
0
LINE
8
BLACK
6
CONTINUOUS
10
2.4511729133858267
20
0.2160668897637795
11
2.4474233858267715
21
0.2179416535433071
0
LINE
8
BLACK
6
CONTINUOUS
10
2.4474233858267715
20
0.2179416535433071
11
2.4471753543307084
21
0.2180977559055118
0
LINE
8
BLACK
6
CONTINUOUS
10
2.4471753543307084
20
0.2180977559055118
11
2.4471034251968504
21
0.2181275590551181
0
LINE
8
BLACK
6
CONTINUOUS
10
2.4471034251968504
20
0.2181275590551181
11
2.447022440944882
21
0.2181940157480315
0
LINE
8
BLACK
6
CONTINUOUS
10
2.447022440944882
20
0.2181940157480315
11
2.4469335039370077
21
0.21825
0
LINE
8
BLACK
6
CONTINUOUS
10
2.4469335039370077
20
0.21825
11
2.4468822834645669
21
0.2183090551181102
0
LINE
8
BLACK
6
CONTINUOUS
10
2.4468822834645669
20
0.2183090551181102
11
2.4466559448818899
21
0.2184948031496063
0
LINE
8
BLACK
6
CONTINUOUS
10
2.4466559448818899
20
0.2184948031496063
11
2.4447811811023623
21
0.2203696062992126
0
LINE
8
BLACK
6
CONTINUOUS
10
2.4447811811023623
20
0.2203696062992126
11
2.4445954330708659
21
0.2205959448818898
0
LINE
8
BLACK
6
CONTINUOUS
10
2.4445954330708659
20
0.2205959448818898
11
2.4445364566929135
21
0.2206470866141732
0
LINE
8
BLACK
6
CONTINUOUS
10
2.4445364566929135
20
0.2206470866141732
11
2.444480472440945
21
0.2207360236220473
0
LINE
8
BLACK
6
CONTINUOUS
10
2.444480472440945
20
0.2207360236220473
11
2.4444139763779527
21
0.2208170472440945
0
LINE
8
BLACK
6
CONTINUOUS
10
2.4444139763779527
20
0.2208170472440945
11
2.4443841338582675
21
0.220889094488189
0
LINE
8
BLACK
6
CONTINUOUS
10
2.4443841338582675
20
0.220889094488189
11
2.4442281102362204
21
0.221136968503937
0
LINE
8
BLACK
6
CONTINUOUS
10
2.4442281102362204
20
0.221136968503937
11
2.4423533464566929
21
0.2248864960629921
0
LINE
8
BLACK
6
CONTINUOUS
10
2.4423533464566929
20
0.2248864960629921
11
2.4421464566929134
21
0.225427125984252
0
LINE
8
BLACK
6
CONTINUOUS
10
2.4421464566929134
20
0.225427125984252
11
2.4421389370078739
21
0.2255329527559055
0
LINE
8
BLACK
6
CONTINUOUS
10
2.4421389370078739
20
0.2255329527559055
11
2.4420983464566928
21
0.2256309448818898
0
LINE
8
BLACK
6
CONTINUOUS
10
2.4420983464566928
20
0.2256309448818898
11
2.4420416141732284
21
0.2262070078740157
0
LINE
8
BLACK
6
CONTINUOUS
10
2.4420416141732284
20
0.2262070078740157
11
2.4420416141732284
21
0.2374555905511811
0
LINE
8
BLACK
6
CONTINUOUS
10
2.4420416141732284
20
0.2374555905511811
11
2.4420983464566928
21
0.2380316535433071
0
LINE
8
BLACK
6
CONTINUOUS
10
2.4420983464566928
20
0.2380316535433071
11
2.4421389370078739
21
0.2381296850393701
0
LINE
8
BLACK
6
CONTINUOUS
10
2.4421389370078739
20
0.2381296850393701
11
2.4421464566929134
21
0.2382354724409449
0
LINE
8
BLACK
6
CONTINUOUS
10
2.4421464566929134
20
0.2382354724409449
11
2.4423533464566929
21
0.2387761023622047
0
LINE
8
BLACK
6
CONTINUOUS
10
2.4423533464566929
20
0.2387761023622047
11
2.4442281102362204
21
0.2425256299212598
0
LINE
8
BLACK
6
CONTINUOUS
10
2.4442281102362204
20
0.2425256299212598
11
2.4443841732283462
21
0.2427736614173228
0
LINE
8
BLACK
6
CONTINUOUS
10
2.4443841732283462
20
0.2427736614173228
11
2.4444140157480314
21
0.2428455905511811
0
LINE
8
BLACK
6
CONTINUOUS
10
2.4444140157480314
20
0.2428455905511811
11
2.444480472440945
21
0.2429265748031496
0
LINE
8
BLACK
6
CONTINUOUS
10
2.444480472440945
20
0.2429265748031496
11
2.4445364566929135
21
0.2430155118110236
0
LINE
8
BLACK
6
CONTINUOUS
10
2.4445364566929135
20
0.2430155118110236
11
2.4445954330708659
21
0.2430666929133858
0
LINE
8
BLACK
6
CONTINUOUS
10
2.4445954330708659
20
0.2430666929133858
11
2.4447812204724411
21
0.243293031496063
0
LINE
8
BLACK
6
CONTINUOUS
10
2.4447812204724411
20
0.243293031496063
11
2.4466559842519686
21
0.2451677952755905
0
LINE
8
BLACK
6
CONTINUOUS
10
2.4466559842519686
20
0.2451677952755905
11
2.4468823228346457
21
0.2453535826771653
0
LINE
8
BLACK
6
CONTINUOUS
10
2.4468823228346457
20
0.2453535826771653
11
2.4469335039370077
21
0.2454125590551181
0
LINE
8
BLACK
6
CONTINUOUS
10
2.4469335039370077
20
0.2454125590551181
11
2.447022440944882
21
0.2454685433070866
0
LINE
8
BLACK
6
CONTINUOUS
10
2.447022440944882
20
0.2454685433070866
11
2.4471034251968504
21
0.245535
0
LINE
8
BLACK
6
CONTINUOUS
10
2.4471034251968504
20
0.245535
11
2.4471753543307084
21
0.245564842519685
0
LINE
8
BLACK
6
CONTINUOUS
10
2.4471753543307084
20
0.245564842519685
11
2.4474233858267715
21
0.245720905511811
0
LINE
8
BLACK
6
CONTINUOUS
10
2.4474233858267715
20
0.245720905511811
11
2.4511729133858267
21
0.2475956692913386
0
LINE
8
BLACK
6
CONTINUOUS
10
2.4511729133858267
20
0.2475956692913386
11
2.4517135039370079
21
0.2478025590551181
0
LINE
8
BLACK
6
CONTINUOUS
10
2.4517135039370079
20
0.2478025590551181
11
2.4518193700787401
21
0.2478101181102362
0
LINE
8
BLACK
6
CONTINUOUS
10
2.4518193700787401
20
0.2478101181102362
11
2.4519173622047243
21
0.2478506692913386
0
LINE
8
BLACK
6
CONTINUOUS
10
2.4519173622047243
20
0.2478506692913386
11
2.4524934251968502
21
0.2479074015748031
0
LINE
8
BLACK
6
CONTINUOUS
10
2.4524934251968502
20
0.2479074015748031
11
2.4581177165354329
21
0.2479074015748031
0
LINE
8
BLACK
6
CONTINUOUS
10
2.4581177165354329
20
0.2479074015748031
11
2.4586937795275592
21
0.2478506692913386
0
LINE
8
BLACK
6
CONTINUOUS
10
2.4504929921259841
20
0.2406531496062992
11
2.4492958661417323
21
0.2394560236220472
0
LINE
8
BLACK
6
CONTINUOUS
10
2.4492958661417323
20
0.2394560236220472
11
2.447947125984252
21
0.2367585433070866
0
LINE
8
BLACK
6
CONTINUOUS
10
2.447947125984252
20
0.2367585433070866
11
2.447947125984252
21
0.2269040551181102
0
LINE
8
BLACK
6
CONTINUOUS
10
2.447947125984252
20
0.2269040551181102
11
2.4492958661417323
21
0.2242065748031496
0
LINE
8
BLACK
6
CONTINUOUS
10
2.4492958661417323
20
0.2242065748031496
11
2.4504929921259841
21
0.2230094094488189
0
LINE
8
BLACK
6
CONTINUOUS
10
2.4504929921259841
20
0.2230094094488189
11
2.4531904724409448
21
0.2216606692913386
0
LINE
8
BLACK
6
CONTINUOUS
10
2.4531904724409448
20
0.2216606692913386
11
2.4574206692913387
21
0.2216606692913386
0
LINE
8
BLACK
6
CONTINUOUS
10
2.4574206692913387
20
0.2216606692913386
11
2.4601181102362206
21
0.2230094094488189
0
LINE
8
BLACK
6
CONTINUOUS
10
2.4601181102362206
20
0.2230094094488189
11
2.4613152362204724
21
0.2242065748031496
0
LINE
8
BLACK
6
CONTINUOUS
10
2.4613152362204724
20
0.2242065748031496
11
2.4626640157480315
21
0.2269040551181102
0
LINE
8
BLACK
6
CONTINUOUS
10
2.4626640157480315
20
0.2269040551181102
11
2.4626640157480315
21
0.2367585433070866
0
LINE
8
BLACK
6
CONTINUOUS
10
2.4626640157480315
20
0.2367585433070866
11
2.4613152755905512
21
0.2394560236220472
0
LINE
8
BLACK
6
CONTINUOUS
10
2.4613152755905512
20
0.2394560236220472
11
2.4601181496062994
21
0.2406531496062992
0
LINE
8
BLACK
6
CONTINUOUS
10
2.4601181496062994
20
0.2406531496062992
11
2.4574206692913387
21
0.2420018897637795
0
LINE
8
BLACK
6
CONTINUOUS
10
2.4574206692913387
20
0.2420018897637795
11
2.4531904724409448
21
0.2420018897637795
0
LINE
8
BLACK
6
CONTINUOUS
10
2.4531904724409448
20
0.2420018897637795
11
2.4504929921259841
21
0.2406531496062992
0
LINE
8
BLACK
6
CONTINUOUS
10
2.5149367716535433
20
0.2478506692913386
11
2.5150347637795276
21
0.2478100787401575
0
LINE
8
BLACK
6
CONTINUOUS
10
2.5150347637795276
20
0.2478100787401575
11
2.515140590551181
21
0.2478025590551181
0
LINE
8
BLACK
6
CONTINUOUS
10
2.515140590551181
20
0.2478025590551181
11
2.515681220472441
21
0.2475956692913386
0
LINE
8
BLACK
6
CONTINUOUS
10
2.515681220472441
20
0.2475956692913386
11
2.5194307480314961
21
0.245720905511811
0
LINE
8
BLACK
6
CONTINUOUS
10
2.5194307480314961
20
0.245720905511811
11
2.5195270866141732
21
0.2456602755905512
0
LINE
8
BLACK
6
CONTINUOUS
10
2.5195270866141732
20
0.2456602755905512
11
2.5195725196850391
21
0.2456451181102362
0
LINE
8
BLACK
6
CONTINUOUS
10
2.5195725196850391
20
0.2456451181102362
11
2.5196290551181102
21
0.2455961023622047
0
LINE
8
BLACK
6
CONTINUOUS
10
2.5196290551181102
20
0.2455961023622047
11
2.51992062992126
21
0.2454125590551181
0
LINE
8
BLACK
6
CONTINUOUS
10
2.51992062992126
20
0.2454125590551181
11
2.5201631889763778
21
0.245132874015748
0
LINE
8
BLACK
6
CONTINUOUS
10
2.5201631889763778
20
0.245132874015748
11
2.5204429133858266
21
0.2448902755905512
0
LINE
8
BLACK
6
CONTINUOUS
10
2.5204429133858266
20
0.2448902755905512
11
2.5206264173228345
21
0.2445987401574803
0
LINE
8
BLACK
6
CONTINUOUS
10
2.5206264173228345
20
0.2445987401574803
11
2.5206754724409448
21
0.2445421653543307
0
LINE
8
BLACK
6
CONTINUOUS
10
2.5206754724409448
20
0.2445421653543307
11
2.5206905905511809
21
0.2444967716535433
0
LINE
8
BLACK
6
CONTINUOUS
10
2.5206905905511809
20
0.2444967716535433
11
2.5207512598425197
21
0.2444003937007874
0
LINE
8
BLACK
6
CONTINUOUS
10
2.5207512598425197
20
0.2444003937007874
11
2.5226260236220472
21
0.2406508661417323
0
LINE
8
BLACK
6
CONTINUOUS
10
2.5226260236220472
20
0.2406508661417323
11
2.5228329133858267
21
0.2401102755905512
0
LINE
8
BLACK
6
CONTINUOUS
10
2.5228329133858267
20
0.2401102755905512
11
2.5228404330708663
21
0.2400044094488189
0
LINE
8
BLACK
6
CONTINUOUS
10
2.5228404330708663
20
0.2400044094488189
11
2.5228810236220474
21
0.2399064173228346
0
LINE
8
BLACK
6
CONTINUOUS
10
2.5228810236220474
20
0.2399064173228346
11
2.5229377559055117
21
0.2393303543307087
0
LINE
8
BLACK
6
CONTINUOUS
10
2.5229377559055117
20
0.2393303543307087
11
2.5229377559055117
21
0.2355808267716535
0
LINE
8
BLACK
6
CONTINUOUS
10
2.5229377559055117
20
0.2355808267716535
11
2.5228810236220474
21
0.2350047637795276
0
LINE
8
BLACK
6
CONTINUOUS
10
2.5228810236220474
20
0.2350047637795276
11
2.5227702362204725
21
0.2347374015748031
0
LINE
8
BLACK
6
CONTINUOUS
10
2.5227702362204725
20
0.2347374015748031
11
2.5227141338582677
21
0.2344537007874016
0
LINE
8
BLACK
6
CONTINUOUS
10
2.5227141338582677
20
0.2344537007874016
11
2.5225520472440945
21
0.2342105905511811
0
LINE
8
BLACK
6
CONTINUOUS
10
2.5225520472440945
20
0.2342105905511811
11
2.5224401181102363
21
0.2339403543307086
0
LINE
8
BLACK
6
CONTINUOUS
10
2.5224401181102363
20
0.2339403543307086
11
2.5222354724409448
21
0.2337357086614173
0
LINE
8
BLACK
6
CONTINUOUS
10
2.5222354724409448
20
0.2337357086614173
11
2.5220750787401576
21
0.2334951181102362
0
LINE
8
BLACK
6
CONTINUOUS
10
2.5220750787401576
20
0.2334951181102362
11
2.521832244094488
21
0.2333325196850394
0
LINE
8
BLACK
6
CONTINUOUS
10
2.521832244094488
20
0.2333325196850394
11
2.5216254724409448
21
0.2331257086614173
0
LINE
8
BLACK
6
CONTINUOUS
10
2.5216254724409448
20
0.2331257086614173
11
2.5213581889763779
21
0.233015
0
LINE
8
BLACK
6
CONTINUOUS
10
2.5213581889763779
20
0.233015
11
2.5211178346456693
21
0.2328540157480315
0
LINE
8
BLACK
6
CONTINUOUS
10
2.5211178346456693
20
0.2328540157480315
11
2.5205640551181103
21
0.2326853937007874
0
LINE
8
BLACK
6
CONTINUOUS
10
2.5205640551181103
20
0.2326853937007874
11
2.5041901181102362
21
0.2294106299212599
0
LINE
8
BLACK
6
CONTINUOUS
10
2.5041901181102362
20
0.2294106299212599
11
2.5041901181102362
21
0.2250292913385827
0
LINE
8
BLACK
6
CONTINUOUS
10
2.5041901181102362
20
0.2250292913385827
11
2.5053129527559053
21
0.2227835433070866
0
LINE
8
BLACK
6
CONTINUOUS
10
2.5053129527559053
20
0.2227835433070866
11
2.5075587007874014
21
0.2216606692913386
0
LINE
8
BLACK
6
CONTINUOUS
10
2.5075587007874014
20
0.2216606692913386
11
2.5136636614173229
21
0.2216606692913386
0
LINE
8
BLACK
6
CONTINUOUS
10
2.5136636614173229
20
0.2216606692913386
11
2.5167897244094486
21
0.2232237007874016
0
LINE
8
BLACK
6
CONTINUOUS
10
2.5167897244094486
20
0.2232237007874016
11
2.5173303149606299
21
0.2234305905511811
0
LINE
8
BLACK
6
CONTINUOUS
10
2.5173303149606299
20
0.2234305905511811
11
2.5184795275590552
21
0.2235122440944882
0
LINE
8
BLACK
6
CONTINUOUS
10
2.5184795275590552
20
0.2235122440944882
11
2.5195725196850391
21
0.2231479133858268
0
LINE
8
BLACK
6
CONTINUOUS
10
2.5195725196850391
20
0.2231479133858268
11
2.5204428740157478
21
0.2223930708661417
0
LINE
8
BLACK
6
CONTINUOUS
10
2.5204428740157478
20
0.2223930708661417
11
2.5209581496062992
21
0.2213625590551181
0
LINE
8
BLACK
6
CONTINUOUS
10
2.5209581496062992
20
0.2213625590551181
11
2.5210398031496064
21
0.2202133464566929
0
LINE
8
BLACK
6
CONTINUOUS
10
2.5210398031496064
20
0.2202133464566929
11
2.5206754724409448
21
0.2191203937007874
0
LINE
8
BLACK
6
CONTINUOUS
10
2.5206754724409448
20
0.2191203937007874
11
2.51992062992126
21
0.21825
0
LINE
8
BLACK
6
CONTINUOUS
10
2.51992062992126
20
0.21825
11
2.5194307480314961
21
0.2179416535433071
0
LINE
8
BLACK
6
CONTINUOUS
10
2.5194307480314961
20
0.2179416535433071
11
2.515681220472441
21
0.2160668897637795
0
LINE
8
BLACK
6
CONTINUOUS
10
2.515681220472441
20
0.2160668897637795
11
2.515140590551181
21
0.21586
0
LINE
8
BLACK
6
CONTINUOUS
10
2.515140590551181
20
0.21586
11
2.5150347637795276
21
0.2158525196850394
0
LINE
8
BLACK
6
CONTINUOUS
10
2.5150347637795276
20
0.2158525196850394
11
2.5149367716535433
21
0.2158118897637795
0
LINE
8
BLACK
6
CONTINUOUS
10
2.5149367716535433
20
0.2158118897637795
11
2.5143607086614175
21
0.215755157480315
0
LINE
8
BLACK
6
CONTINUOUS
10
2.5143607086614175
20
0.215755157480315
11
2.5068616535433068
21
0.215755157480315
0
LINE
8
BLACK
6
CONTINUOUS
10
2.5068616535433068
20
0.215755157480315
11
2.5062855905511809
21
0.2158118897637795
0
LINE
8
BLACK
6
CONTINUOUS
10
2.5062855905511809
20
0.2158118897637795
11
2.5061875984251967
21
0.2158524803149606
0
LINE
8
BLACK
6
CONTINUOUS
10
2.5061875984251967
20
0.2158524803149606
11
2.5060817322834645
21
0.21586
0
LINE
8
BLACK
6
CONTINUOUS
10
2.5060817322834645
20
0.21586
11
2.5055411417322833
21
0.2160668897637795
0
LINE
8
BLACK
6
CONTINUOUS
10
2.5055411417322833
20
0.2160668897637795
11
2.5017916141732282
21
0.2179416535433071
0
LINE
8
BLACK
6
CONTINUOUS
10
2.5017916141732282
20
0.2179416535433071
11
2.5016952362204723
21
0.2180023228346457
0
LINE
8
BLACK
6
CONTINUOUS
10
2.5016952362204723
20
0.2180023228346457
11
2.5016498425196851
21
0.2180174409448819
0
LINE
8
BLACK
6
CONTINUOUS
10
2.5016498425196851
20
0.2180174409448819
11
2.5015932677165353
21
0.2180664960629921
0
LINE
8
BLACK
6
CONTINUOUS
10
2.5015932677165353
20
0.2180664960629921
11
2.5013017322834643
21
0.21825
0
LINE
8
BLACK
6
CONTINUOUS
10
2.5013017322834643
20
0.21825
11
2.5010590551181102
21
0.218529842519685
0
LINE
8
BLACK
6
CONTINUOUS
10
2.5010590551181102
20
0.218529842519685
11
2.5007794488188977
21
0.2187723228346457
0
LINE
8
BLACK
6
CONTINUOUS
10
2.5007794488188977
20
0.2187723228346457
11
2.5005959448818897
21
0.2190638188976378
0
LINE
8
BLACK
6
CONTINUOUS
10
2.5005959448818897
20
0.2190638188976378
11
2.5005468897637795
21
0.2191203937007874
0
LINE
8
BLACK
6
CONTINUOUS
10
2.5005468897637795
20
0.2191203937007874
11
2.5005317322834646
21
0.2191658661417323
0
LINE
8
BLACK
6
CONTINUOUS
10
2.5005317322834646
20
0.2191658661417323
11
2.5004711023622046
21
0.2192621653543307
0
LINE
8
BLACK
6
CONTINUOUS
10
2.5004711023622046
20
0.2192621653543307
11
2.498596338582677
21
0.2230117322834646
0
LINE
8
BLACK
6
CONTINUOUS
10
2.498596338582677
20
0.2230117322834646
11
2.4983894488188976
21
0.2235523622047244
0
LINE
8
BLACK
6
CONTINUOUS
10
2.4983894488188976
20
0.2235523622047244
11
2.498381929133858
21
0.223658188976378
0
LINE
8
BLACK
6
CONTINUOUS
10
2.498381929133858
20
0.223658188976378
11
2.4983413385826769
21
0.2237561811023622
0
LINE
8
BLACK
6
CONTINUOUS
10
2.4983413385826769
20
0.2237561811023622
11
2.4982846062992126
21
0.2243322440944882
0
LINE
8
BLACK
6
CONTINUOUS
10
2.4982846062992126
20
0.2243322440944882
11
2.4982846062992126
21
0.2393303543307087
0
LINE
8
BLACK
6
CONTINUOUS
10
2.4982846062992126
20
0.2393303543307087
11
2.4983413385826769
21
0.2399064173228346
0
LINE
8
BLACK
6
CONTINUOUS
10
2.4983413385826769
20
0.2399064173228346
11
2.498381929133858
21
0.2400044488188976
0
LINE
8
BLACK
6
CONTINUOUS
10
2.498381929133858
20
0.2400044488188976
11
2.4983894488188976
21
0.2401102362204724
0
LINE
8
BLACK
6
CONTINUOUS
10
2.4983894488188976
20
0.2401102362204724
11
2.498596338582677
21
0.2406508661417323
0
LINE
8
BLACK
6
CONTINUOUS
10
2.498596338582677
20
0.2406508661417323
11
2.5004711023622046
21
0.2444003937007874
0
LINE
8
BLACK
6
CONTINUOUS
10
2.5004711023622046
20
0.2444003937007874
11
2.5005317322834646
21
0.2444967716535433
0
LINE
8
BLACK
6
CONTINUOUS
10
2.5005317322834646
20
0.2444967716535433
11
2.5005468897637795
21
0.2445421653543307
0
LINE
8
BLACK
6
CONTINUOUS
10
2.5005468897637795
20
0.2445421653543307
11
2.500595905511811
21
0.2445987401574803
0
LINE
8
BLACK
6
CONTINUOUS
10
2.500595905511811
20
0.2445987401574803
11
2.5007794488188977
21
0.2448902755905512
0
LINE
8
BLACK
6
CONTINUOUS
10
2.5007794488188977
20
0.2448902755905512
11
2.5010591338582677
21
0.245132874015748
0
LINE
8
BLACK
6
CONTINUOUS
10
2.5010591338582677
20
0.245132874015748
11
2.5013017322834643
21
0.2454125590551181
0
LINE
8
BLACK
6
CONTINUOUS
10
2.5013017322834643
20
0.2454125590551181
11
2.5015932677165353
21
0.2455961023622047
0
LINE
8
BLACK
6
CONTINUOUS
10
2.5015932677165353
20
0.2455961023622047
11
2.5016498425196851
21
0.2456451181102362
0
LINE
8
BLACK
6
CONTINUOUS
10
2.5016498425196851
20
0.2456451181102362
11
2.5016952362204723
21
0.2456602755905512
0
LINE
8
BLACK
6
CONTINUOUS
10
2.5016952362204723
20
0.2456602755905512
11
2.5017916141732282
21
0.245720905511811
0
LINE
8
BLACK
6
CONTINUOUS
10
2.5017916141732282
20
0.245720905511811
11
2.5055411417322833
21
0.2475956692913386
0
LINE
8
BLACK
6
CONTINUOUS
10
2.5055411417322833
20
0.2475956692913386
11
2.5060817322834645
21
0.2478025590551181
0
LINE
8
BLACK
6
CONTINUOUS
10
2.5060817322834645
20
0.2478025590551181
11
2.5061875984251967
21
0.2478101181102362
0
LINE
8
BLACK
6
CONTINUOUS
10
2.5061875984251967
20
0.2478101181102362
11
2.5062855905511809
21
0.2478506692913386
0
LINE
8
BLACK
6
CONTINUOUS
10
2.5062855905511809
20
0.2478506692913386
11
2.5068616535433068
21
0.2479074015748031
0
LINE
8
BLACK
6
CONTINUOUS
10
2.5068616535433068
20
0.2479074015748031
11
2.5143607086614175
21
0.2479074015748031
0
LINE
8
BLACK
6
CONTINUOUS
10
2.5143607086614175
20
0.2479074015748031
11
2.5149367716535433
21
0.2478506692913386
0
LINE
8
BLACK
6
CONTINUOUS
10
2.5053129527559053
20
0.2408790551181102
11
2.5041901181102362
21
0.2386333070866142
0
LINE
8
BLACK
6
CONTINUOUS
10
2.5041901181102362
20
0.2386333070866142
11
2.5041901181102362
21
0.2354331102362205
0
LINE
8
BLACK
6
CONTINUOUS
10
2.5041901181102362
20
0.2354331102362205
11
2.5170322440944881
21
0.2380014960629921
0
LINE
8
BLACK
6
CONTINUOUS
10
2.5170322440944881
20
0.2380014960629921
11
2.5170322440944881
21
0.2386333070866142
0
LINE
8
BLACK
6
CONTINUOUS
10
2.5170322440944881
20
0.2386333070866142
11
2.5159093700787403
21
0.2408790551181102
0
LINE
8
BLACK
6
CONTINUOUS
10
2.5159093700787403
20
0.2408790551181102
11
2.5136636614173229
21
0.2420018897637795
0
LINE
8
BLACK
6
CONTINUOUS
10
2.5136636614173229
20
0.2420018897637795
11
2.5075587007874014
21
0.2420018897637795
0
LINE
8
BLACK
6
CONTINUOUS
10
2.5075587007874014
20
0.2420018897637795
11
2.5053129527559053
21
0.2408790551181102
0
LINE
8
BLACK
6
CONTINUOUS
10
2.6180488976377951
20
0.2478506692913386
11
2.6181468897637794
21
0.2478100787401575
0
LINE
8
BLACK
6
CONTINUOUS
10
2.6181468897637794
20
0.2478100787401575
11
2.6182527165354332
21
0.2478025590551181
0
LINE
8
BLACK
6
CONTINUOUS
10
2.6182527165354332
20
0.2478025590551181
11
2.6187933464566928
21
0.2475956692913386
0
LINE
8
BLACK
6
CONTINUOUS
10
2.6187933464566928
20
0.2475956692913386
11
2.6225428740157479
21
0.245720905511811
0
LINE
8
BLACK
6
CONTINUOUS
10
2.6225428740157479
20
0.245720905511811
11
2.622639212598425
21
0.2456602755905512
0
LINE
8
BLACK
6
CONTINUOUS
10
2.622639212598425
20
0.2456602755905512
11
2.6226846456692914
21
0.2456451181102362
0
LINE
8
BLACK
6
CONTINUOUS
10
2.6226846456692914
20
0.2456451181102362
11
2.622741181102362
21
0.2455961023622047
0
LINE
8
BLACK
6
CONTINUOUS
10
2.622741181102362
20
0.2455961023622047
11
2.6230327559055118
21
0.2454125590551181
0
LINE
8
BLACK
6
CONTINUOUS
10
2.6230327559055118
20
0.2454125590551181
11
2.62327531496063
21
0.245132874015748
0
LINE
8
BLACK
6
CONTINUOUS
10
2.62327531496063
20
0.245132874015748
11
2.6235550393700788
21
0.2448902755905512
0
LINE
8
BLACK
6
CONTINUOUS
10
2.6235550393700788
20
0.2448902755905512
11
2.6237385433070863
21
0.2445987401574803
0
LINE
8
BLACK
6
CONTINUOUS
10
2.6237385433070863
20
0.2445987401574803
11
2.6237875984251966
21
0.2445421653543307
0
LINE
8
BLACK
6
CONTINUOUS
10
2.6237875984251966
20
0.2445421653543307
11
2.6238027165354332
21
0.2444967716535433
0
LINE
8
BLACK
6
CONTINUOUS
10
2.6238027165354332
20
0.2444967716535433
11
2.6238633858267715
21
0.2444003937007874
0
LINE
8
BLACK
6
CONTINUOUS
10
2.6238633858267715
20
0.2444003937007874
11
2.625738149606299
21
0.2406508661417323
0
LINE
8
BLACK
6
CONTINUOUS
10
2.625738149606299
20
0.2406508661417323
11
2.6259450393700785
21
0.2401102755905512
0
LINE
8
BLACK
6
CONTINUOUS
10
2.6259450393700785
20
0.2401102755905512
11
2.625952559055118
21
0.2400044094488189
0
LINE
8
BLACK
6
CONTINUOUS
10
2.625952559055118
20
0.2400044094488189
11
2.6259931496062991
21
0.2399064173228346
0
LINE
8
BLACK
6
CONTINUOUS
10
2.6259931496062991
20
0.2399064173228346
11
2.6260498818897635
21
0.2393303543307087
0
LINE
8
BLACK
6
CONTINUOUS
10
2.6260498818897635
20
0.2393303543307087
11
2.6260498818897635
21
0.2187079133858268
0
LINE
8
BLACK
6
CONTINUOUS
10
2.6260498818897635
20
0.2187079133858268
11
2.6259931496062991
21
0.2181318503937008
0
LINE
8
BLACK
6
CONTINUOUS
10
2.6259931496062991
20
0.2181318503937008
11
2.6255522440944881
21
0.2170674409448819
0
LINE
8
BLACK
6
CONTINUOUS
10
2.6255522440944881
20
0.2170674409448819
11
2.6247375984251966
21
0.2162527952755905
0
LINE
8
BLACK
6
CONTINUOUS
10
2.6247375984251966
20
0.2162527952755905
11
2.6236731889763778
21
0.2158118897637795
0
LINE
8
BLACK
6
CONTINUOUS
10
2.6236731889763778
20
0.2158118897637795
11
2.6225210629921261
21
0.2158118897637795
0
LINE
8
BLACK
6
CONTINUOUS
10
2.6225210629921261
20
0.2158118897637795
11
2.6214566535433068
21
0.2162527952755905
0
LINE
8
BLACK
6
CONTINUOUS
10
2.6214566535433068
20
0.2162527952755905
11
2.6213177165354331
21
0.2163917322834646
0
LINE
8
BLACK
6
CONTINUOUS
10
2.6213177165354331
20
0.2163917322834646
11
2.6206681102362204
21
0.2160668897637795
0
LINE
8
BLACK
6
CONTINUOUS
10
2.6206681102362204
20
0.2160668897637795
11
2.6201274803149608
21
0.21586
0
LINE
8
BLACK
6
CONTINUOUS
10
2.6201274803149608
20
0.21586
11
2.620021653543307
21
0.2158525196850394
0
LINE
8
BLACK
6
CONTINUOUS
10
2.620021653543307
20
0.2158525196850394
11
2.6199236614173227
21
0.2158118897637795
0
LINE
8
BLACK
6
CONTINUOUS
10
2.6199236614173227
20
0.2158118897637795
11
2.6193475984251968
21
0.215755157480315
0
LINE
8
BLACK
6
CONTINUOUS
10
2.6193475984251968
20
0.215755157480315
11
2.609973779527559
21
0.215755157480315
0
LINE
8
BLACK
6
CONTINUOUS
10
2.609973779527559
20
0.215755157480315
11
2.6093977165354332
21
0.2158118897637795
0
LINE
8
BLACK
6
CONTINUOUS
10
2.6093977165354332
20
0.2158118897637795
11
2.6092997244094489
21
0.2158524803149606
0
LINE
8
BLACK
6
CONTINUOUS
10
2.6092997244094489
20
0.2158524803149606
11
2.6091938582677163
21
0.21586
0
LINE
8
BLACK
6
CONTINUOUS
10
2.6091938582677163
20
0.21586
11
2.6086532677165355
21
0.2160668897637795
0
LINE
8
BLACK
6
CONTINUOUS
10
2.6086532677165355
20
0.2160668897637795
11
2.6049037401574804
21
0.2179416535433071
0
LINE
8
BLACK
6
CONTINUOUS
10
2.6049037401574804
20
0.2179416535433071
11
2.6048073622047245
21
0.2180023228346457
0
LINE
8
BLACK
6
CONTINUOUS
10
2.6048073622047245
20
0.2180023228346457
11
2.6047619685039369
21
0.2180174409448819
0
LINE
8
BLACK
6
CONTINUOUS
10
2.6047619685039369
20
0.2180174409448819
11
2.6047053937007871
21
0.2180664960629921
0
LINE
8
BLACK
6
CONTINUOUS
10
2.6047053937007871
20
0.2180664960629921
11
2.6044138582677165
21
0.21825
0
LINE
8
BLACK
6
CONTINUOUS
10
2.6044138582677165
20
0.21825
11
2.604171181102362
21
0.218529842519685
0
LINE
8
BLACK
6
CONTINUOUS
10
2.604171181102362
20
0.218529842519685
11
2.6038915748031495
21
0.2187723228346457
0
LINE
8
BLACK
6
CONTINUOUS
10
2.6038915748031495
20
0.2187723228346457
11
2.6037080708661415
21
0.2190638188976378
0
LINE
8
BLACK
6
CONTINUOUS
10
2.6037080708661415
20
0.2190638188976378
11
2.6036590157480313
21
0.2191203937007874
0
LINE
8
BLACK
6
CONTINUOUS
10
2.6036590157480313
20
0.2191203937007874
11
2.6036438582677164
21
0.2191658661417323
0
LINE
8
BLACK
6
CONTINUOUS
10
2.6036438582677164
20
0.2191658661417323
11
2.6035832283464568
21
0.2192621653543307
0
LINE
8
BLACK
6
CONTINUOUS
10
2.6035832283464568
20
0.2192621653543307
11
2.6017084645669293
21
0.2230117322834646
0
LINE
8
BLACK
6
CONTINUOUS
10
2.6017084645669293
20
0.2230117322834646
11
2.6015015748031494
21
0.2235523622047244
0
LINE
8
BLACK
6
CONTINUOUS
10
2.6015015748031494
20
0.2235523622047244
11
2.6014940551181103
21
0.223658188976378
0
LINE
8
BLACK
6
CONTINUOUS
10
2.6014940551181103
20
0.223658188976378
11
2.6014534645669292
21
0.2237561811023622
0
LINE
8
BLACK
6
CONTINUOUS
10
2.6014534645669292
20
0.2237561811023622
11
2.6013967322834644
21
0.2243322440944882
0
LINE
8
BLACK
6
CONTINUOUS
10
2.6013967322834644
20
0.2243322440944882
11
2.6013967322834644
21
0.2280817716535433
0
LINE
8
BLACK
6
CONTINUOUS
10
2.6013967322834644
20
0.2280817716535433
11
2.6014534645669292
21
0.2286578346456693
0
LINE
8
BLACK
6
CONTINUOUS
10
2.6014534645669292
20
0.2286578346456693
11
2.6014940551181103
21
0.2287558661417323
0
LINE
8
BLACK
6
CONTINUOUS
10
2.6014940551181103
20
0.2287558661417323
11
2.6015015748031494
21
0.2288616535433071
0
LINE
8
BLACK
6
CONTINUOUS
10
2.6015015748031494
20
0.2288616535433071
11
2.6017084645669293
21
0.2294022834645669
0
LINE
8
BLACK
6
CONTINUOUS
10
2.6017084645669293
20
0.2294022834645669
11
2.6035832283464568
21
0.233151811023622
0
LINE
8
BLACK
6
CONTINUOUS
10
2.6035832283464568
20
0.233151811023622
11
2.6036438582677164
21
0.2332481889763779
0
LINE
8
BLACK
6
CONTINUOUS
10
2.6036438582677164
20
0.2332481889763779
11
2.6036590157480313
21
0.2332935826771654
0
LINE
8
BLACK
6
CONTINUOUS
10
2.6036590157480313
20
0.2332935826771654
11
2.6037080314960628
21
0.233350157480315
0
LINE
8
BLACK
6
CONTINUOUS
10
2.6037080314960628
20
0.233350157480315
11
2.6038915748031495
21
0.2336416929133858
0
LINE
8
BLACK
6
CONTINUOUS
10
2.6038915748031495
20
0.2336416929133858
11
2.6041712598425195
21
0.2338842913385827
0
LINE
8
BLACK
6
CONTINUOUS
10
2.6041712598425195
20
0.2338842913385827
11
2.6044138582677165
21
0.2341639763779527
0
LINE
8
BLACK
6
CONTINUOUS
10
2.6044138582677165
20
0.2341639763779527
11
2.6047053937007871
21
0.2343475196850394
0
LINE
8
BLACK
6
CONTINUOUS
10
2.6047053937007871
20
0.2343475196850394
11
2.6047619685039369
21
0.2343965354330709
0
LINE
8
BLACK
6
CONTINUOUS
10
2.6047619685039369
20
0.2343965354330709
11
2.6048073622047245
21
0.2344116929133858
0
LINE
8
BLACK
6
CONTINUOUS
10
2.6048073622047245
20
0.2344116929133858
11
2.6049037401574804
21
0.2344723228346457
0
LINE
8
BLACK
6
CONTINUOUS
10
2.6049037401574804
20
0.2344723228346457
11
2.6086532677165355
21
0.2363470866141732
0
LINE
8
BLACK
6
CONTINUOUS
10
2.6086532677165355
20
0.2363470866141732
11
2.6091938582677163
21
0.2365539763779528
0
LINE
8
BLACK
6
CONTINUOUS
10
2.6091938582677163
20
0.2365539763779528
11
2.6092997244094489
21
0.2365615354330709
0
LINE
8
BLACK
6
CONTINUOUS
10
2.6092997244094489
20
0.2365615354330709
11
2.6093977165354332
21
0.2366020866141732
0
LINE
8
BLACK
6
CONTINUOUS
10
2.6093977165354332
20
0.2366020866141732
11
2.609973779527559
21
0.2366588188976378
0
LINE
8
BLACK
6
CONTINUOUS
10
2.609973779527559
20
0.2366588188976378
11
2.6186505511811022
21
0.2366588188976378
0
LINE
8
BLACK
6
CONTINUOUS
10
2.6186505511811022
20
0.2366588188976378
11
2.6201443700787399
21
0.2374057480314961
0
LINE
8
BLACK
6
CONTINUOUS
10
2.6201443700787399
20
0.2374057480314961
11
2.6201443700787399
21
0.2386333070866142
0
LINE
8
BLACK
6
CONTINUOUS
10
2.6201443700787399
20
0.2386333070866142
11
2.6190214960629921
21
0.2408790551181102
0
LINE
8
BLACK
6
CONTINUOUS
10
2.6190214960629921
20
0.2408790551181102
11
2.6167757874015747
21
0.2420018897637795
0
LINE
8
BLACK
6
CONTINUOUS
10
2.6167757874015747
20
0.2420018897637795
11
2.6106708267716536
21
0.2420018897637795
0
LINE
8
BLACK
6
CONTINUOUS
10
2.6106708267716536
20
0.2420018897637795
11
2.6075447637795275
21
0.2404388582677165
0
LINE
8
BLACK
6
CONTINUOUS
10
2.6075447637795275
20
0.2404388582677165
11
2.6070041338582675
21
0.240231968503937
0
LINE
8
BLACK
6
CONTINUOUS
10
2.6070041338582675
20
0.240231968503937
11
2.6058549212598425
21
0.2401503149606299
0
LINE
8
BLACK
6
CONTINUOUS
10
2.6058549212598425
20
0.2401503149606299
11
2.6047619685039369
21
0.2405146456692913
0
LINE
8
BLACK
6
CONTINUOUS
10
2.6047619685039369
20
0.2405146456692913
11
2.6038915748031495
21
0.2412694881889764
0
LINE
8
BLACK
6
CONTINUOUS
10
2.6038915748031495
20
0.2412694881889764
11
2.6033763385826769
21
0.2423
0
LINE
8
BLACK
6
CONTINUOUS
10
2.6033763385826769
20
0.2423
11
2.6032946850393701
21
0.2434492125984252
0
LINE
8
BLACK
6
CONTINUOUS
10
2.6032946850393701
20
0.2434492125984252
11
2.6036590157480313
21
0.2445421653543307
0
LINE
8
BLACK
6
CONTINUOUS
10
2.6036590157480313
20
0.2445421653543307
11
2.6044138582677165
21
0.2454125590551181
0
LINE
8
BLACK
6
CONTINUOUS
10
2.6044138582677165
20
0.2454125590551181
11
2.6049037401574804
21
0.245720905511811
0
LINE
8
BLACK
6
CONTINUOUS
10
2.6049037401574804
20
0.245720905511811
11
2.6086532677165355
21
0.2475956692913386
0
LINE
8
BLACK
6
CONTINUOUS
10
2.6086532677165355
20
0.2475956692913386
11
2.6091938582677163
21
0.2478025590551181
0
LINE
8
BLACK
6
CONTINUOUS
10
2.6091938582677163
20
0.2478025590551181
11
2.6092997244094489
21
0.2478101181102362
0
LINE
8
BLACK
6
CONTINUOUS
10
2.6092997244094489
20
0.2478101181102362
11
2.6093977165354332
21
0.2478506692913386
0
LINE
8
BLACK
6
CONTINUOUS
10
2.6093977165354332
20
0.2478506692913386
11
2.609973779527559
21
0.2479074015748031
0
LINE
8
BLACK
6
CONTINUOUS
10
2.609973779527559
20
0.2479074015748031
11
2.6174728346456693
21
0.2479074015748031
0
LINE
8
BLACK
6
CONTINUOUS
10
2.6174728346456693
20
0.2479074015748031
11
2.6180488976377951
21
0.2478506692913386
0
LINE
8
BLACK
6
CONTINUOUS
10
2.6201274803149608
20
0.2308581496062992
11
2.620021653543307
21
0.2308506692913386
0
LINE
8
BLACK
6
CONTINUOUS
10
2.620021653543307
20
0.2308506692913386
11
2.6199236614173227
21
0.2308100393700787
0
LINE
8
BLACK
6
CONTINUOUS
10
2.6199236614173227
20
0.2308100393700787
11
2.6193475984251968
21
0.2307533070866142
0
LINE
8
BLACK
6
CONTINUOUS
10
2.6193475984251968
20
0.2307533070866142
11
2.6106708267716536
21
0.2307533070866142
0
LINE
8
BLACK
6
CONTINUOUS
10
2.6106708267716536
20
0.2307533070866142
11
2.6084250787401575
21
0.2296304724409449
0
LINE
8
BLACK
6
CONTINUOUS
10
2.6084250787401575
20
0.2296304724409449
11
2.607302244094488
21
0.2273847244094488
0
LINE
8
BLACK
6
CONTINUOUS
10
2.607302244094488
20
0.2273847244094488
11
2.607302244094488
21
0.2250292913385827
0
LINE
8
BLACK
6
CONTINUOUS
10
2.607302244094488
20
0.2250292913385827
11
2.6084250787401575
21
0.2227835433070866
0
LINE
8
BLACK
6
CONTINUOUS
10
2.6084250787401575
20
0.2227835433070866
11
2.6106708267716536
21
0.2216606692913386
0
LINE
8
BLACK
6
CONTINUOUS
10
2.6106708267716536
20
0.2216606692913386
11
2.6186505511811022
21
0.2216606692913386
0
LINE
8
BLACK
6
CONTINUOUS
10
2.6186505511811022
20
0.2216606692913386
11
2.6201443700787399
21
0.2224075984251968
0
LINE
8
BLACK
6
CONTINUOUS
10
2.6201443700787399
20
0.2224075984251968
11
2.6201443700787399
21
0.2308646456692913
0
LINE
8
BLACK
6
CONTINUOUS
10
2.6201443700787399
20
0.2308646456692913
11
2.6201274803149608
21
0.2308581496062992
0
LINE
8
BLACK
6
CONTINUOUS
10
2.6603581496062993
20
0.2605331102362204
11
2.6611727952755904
21
0.2597184645669292
0
LINE
8
BLACK
6
CONTINUOUS
10
2.6611727952755904
20
0.2597184645669292
11
2.6616137007874014
21
0.2586540551181102
0
LINE
8
BLACK
6
CONTINUOUS
10
2.6616137007874014
20
0.2586540551181102
11
2.6616704330708663
21
0.2580779921259843
0
LINE
8
BLACK
6
CONTINUOUS
10
2.6616704330708663
20
0.2580779921259843
11
2.6616704330708663
21
0.2187079133858268
0
LINE
8
BLACK
6
CONTINUOUS
10
2.6616704330708663
20
0.2187079133858268
11
2.6616137007874014
21
0.2181318503937008
0
LINE
8
BLACK
6
CONTINUOUS
10
2.6616137007874014
20
0.2181318503937008
11
2.6611727952755904
21
0.2170674409448819
0
LINE
8
BLACK
6
CONTINUOUS
10
2.6611727952755904
20
0.2170674409448819
11
2.6603581496062993
21
0.2162527952755905
0
LINE
8
BLACK
6
CONTINUOUS
10
2.6603581496062993
20
0.2162527952755905
11
2.6592937401574801
21
0.2158118897637795
0
LINE
8
BLACK
6
CONTINUOUS
10
2.6592937401574801
20
0.2158118897637795
11
2.6581416141732284
21
0.2158118897637795
0
LINE
8
BLACK
6
CONTINUOUS
10
2.6581416141732284
20
0.2158118897637795
11
2.6570772047244096
21
0.2162527952755905
0
LINE
8
BLACK
6
CONTINUOUS
10
2.6570772047244096
20
0.2162527952755905
11
2.6569382677165354
21
0.2163917322834646
0
LINE
8
BLACK
6
CONTINUOUS
10
2.6569382677165354
20
0.2163917322834646
11
2.6562886614173227
21
0.2160668897637795
0
LINE
8
BLACK
6
CONTINUOUS
10
2.6562886614173227
20
0.2160668897637795
11
2.6557480314960631
21
0.21586
0
LINE
8
BLACK
6
CONTINUOUS
10
2.6557480314960631
20
0.21586
11
2.6556422047244093
21
0.2158525196850394
0
LINE
8
BLACK
6
CONTINUOUS
10
2.6556422047244093
20
0.2158525196850394
11
2.655544212598425
21
0.2158118897637795
0
LINE
8
BLACK
6
CONTINUOUS
10
2.655544212598425
20
0.2158118897637795
11
2.6549681496062991
21
0.215755157480315
0
LINE
8
BLACK
6
CONTINUOUS
10
2.6549681496062991
20
0.215755157480315
11
2.6474690944881889
21
0.215755157480315
0
LINE
8
BLACK
6
CONTINUOUS
10
2.6474690944881889
20
0.215755157480315
11
2.646893031496063
21
0.2158118897637795
0
LINE
8
BLACK
6
CONTINUOUS
10
2.646893031496063
20
0.2158118897637795
11
2.6467950393700788
21
0.2158524803149606
0
LINE
8
BLACK
6
CONTINUOUS
10
2.6467950393700788
20
0.2158524803149606
11
2.6466891732283462
21
0.21586
0
LINE
8
BLACK
6
CONTINUOUS
10
2.6466891732283462
20
0.21586
11
2.6461485826771654
21
0.2160668897637795
0
LINE
8
BLACK
6
CONTINUOUS
10
2.6461485826771654
20
0.2160668897637795
11
2.6423990551181102
21
0.2179416535433071
0
LINE
8
BLACK
6
CONTINUOUS
10
2.6423990551181102
20
0.2179416535433071
11
2.6421510236220471
21
0.2180977559055118
0
LINE
8
BLACK
6
CONTINUOUS
10
2.6421510236220471
20
0.2180977559055118
11
2.6420790944881891
21
0.2181275590551181
0
LINE
8
BLACK
6
CONTINUOUS
10
2.6420790944881891
20
0.2181275590551181
11
2.6419981102362202
21
0.2181940157480315
0
LINE
8
BLACK
6
CONTINUOUS
10
2.6419981102362202
20
0.2181940157480315
11
2.6419091732283464
21
0.21825
0
LINE
8
BLACK
6
CONTINUOUS
10
2.6419091732283464
20
0.21825
11
2.6418579527559056
21
0.2183090551181102
0
LINE
8
BLACK
6
CONTINUOUS
10
2.6418579527559056
20
0.2183090551181102
11
2.6416316141732281
21
0.2184948031496063
0
LINE
8
BLACK
6
CONTINUOUS
10
2.6416316141732281
20
0.2184948031496063
11
2.6397568503937006
21
0.2203696062992126
0
LINE
8
BLACK
6
CONTINUOUS
10
2.6397568503937006
20
0.2203696062992126
11
2.6395711023622046
21
0.2205959448818898
0
LINE
8
BLACK
6
CONTINUOUS
10
2.6395711023622046
20
0.2205959448818898
11
2.6395121259842518
21
0.2206470866141732
0
LINE
8
BLACK
6
CONTINUOUS
10
2.6395121259842518
20
0.2206470866141732
11
2.6394561417322833
21
0.2207360236220473
0
LINE
8
BLACK
6
CONTINUOUS
10
2.6394561417322833
20
0.2207360236220473
11
2.6393896456692914
21
0.2208170472440945
0
LINE
8
BLACK
6
CONTINUOUS
10
2.6393896456692914
20
0.2208170472440945
11
2.6393598031496062
21
0.220889094488189
0
LINE
8
BLACK
6
CONTINUOUS
10
2.6393598031496062
20
0.220889094488189
11
2.6392037795275591
21
0.221136968503937
0
LINE
8
BLACK
6
CONTINUOUS
10
2.6392037795275591
20
0.221136968503937
11
2.6373290157480316
21
0.2248864960629921
0
LINE
8
BLACK
6
CONTINUOUS
10
2.6373290157480316
20
0.2248864960629921
11
2.6371221259842521
21
0.225427125984252
0
LINE
8
BLACK
6
CONTINUOUS
10
2.6371221259842521
20
0.225427125984252
11
2.6371146062992126
21
0.2255329527559055
0
LINE
8
BLACK
6
CONTINUOUS
10
2.6371146062992126
20
0.2255329527559055
11
2.6370740157480315
21
0.2256309448818898
0
LINE
8
BLACK
6
CONTINUOUS
10
2.6370740157480315
20
0.2256309448818898
11
2.6370172834645667
21
0.2262070078740157
0
LINE
8
BLACK
6
CONTINUOUS
10
2.6370172834645667
20
0.2262070078740157
11
2.6370172834645667
21
0.2374555905511811
0
LINE
8
BLACK
6
CONTINUOUS
10
2.6370172834645667
20
0.2374555905511811
11
2.6370740157480315
21
0.2380316535433071
0
LINE
8
BLACK
6
CONTINUOUS
10
2.6370740157480315
20
0.2380316535433071
11
2.6371146062992126
21
0.2381296850393701
0
LINE
8
BLACK
6
CONTINUOUS
10
2.6371146062992126
20
0.2381296850393701
11
2.6371221259842521
21
0.2382354724409449
0
LINE
8
BLACK
6
CONTINUOUS
10
2.6371221259842521
20
0.2382354724409449
11
2.6373290157480316
21
0.2387761023622047
0
LINE
8
BLACK
6
CONTINUOUS
10
2.6373290157480316
20
0.2387761023622047
11
2.6392037795275591
21
0.2425256299212598
0
LINE
8
BLACK
6
CONTINUOUS
10
2.6392037795275591
20
0.2425256299212598
11
2.6393598425196849
21
0.2427736614173228
0
LINE
8
BLACK
6
CONTINUOUS
10
2.6393598425196849
20
0.2427736614173228
11
2.6393896850393701
21
0.2428455905511811
0
LINE
8
BLACK
6
CONTINUOUS
10
2.6393896850393701
20
0.2428455905511811
11
2.6394561417322833
21
0.2429265748031496
0
LINE
8
BLACK
6
CONTINUOUS
10
2.6394561417322833
20
0.2429265748031496
11
2.6395121259842518
21
0.2430155118110236
0
LINE
8
BLACK
6
CONTINUOUS
10
2.6395121259842518
20
0.2430155118110236
11
2.6395711023622046
21
0.2430666929133858
0
LINE
8
BLACK
6
CONTINUOUS
10
2.6395711023622046
20
0.2430666929133858
11
2.6397568897637793
21
0.243293031496063
0
LINE
8
BLACK
6
CONTINUOUS
10
2.6397568897637793
20
0.243293031496063
11
2.6416316535433069
21
0.2451677952755905
0
LINE
8
BLACK
6
CONTINUOUS
10
2.6416316535433069
20
0.2451677952755905
11
2.6418579921259844
21
0.2453535826771653
0
LINE
8
BLACK
6
CONTINUOUS
10
2.6418579921259844
20
0.2453535826771653
11
2.6419091732283464
21
0.2454125590551181
0
LINE
8
BLACK
6
CONTINUOUS
10
2.6419091732283464
20
0.2454125590551181
11
2.6419981102362202
21
0.2454685433070866
0
LINE
8
BLACK
6
CONTINUOUS
10
2.6419981102362202
20
0.2454685433070866
11
2.6420790944881891
21
0.245535
0
LINE
8
BLACK
6
CONTINUOUS
10
2.6420790944881891
20
0.245535
11
2.6421510236220471
21
0.245564842519685
0
LINE
8
BLACK
6
CONTINUOUS
10
2.6421510236220471
20
0.245564842519685
11
2.6423990551181102
21
0.245720905511811
0
LINE
8
BLACK
6
CONTINUOUS
10
2.6423990551181102
20
0.245720905511811
11
2.6461485826771654
21
0.2475956692913386
0
LINE
8
BLACK
6
CONTINUOUS
10
2.6461485826771654
20
0.2475956692913386
11
2.6466891732283462
21
0.2478025590551181
0
LINE
8
BLACK
6
CONTINUOUS
10
2.6466891732283462
20
0.2478025590551181
11
2.6467950393700788
21
0.2478101181102362
0
LINE
8
BLACK
6
CONTINUOUS
10
2.6467950393700788
20
0.2478101181102362
11
2.646893031496063
21
0.2478506692913386
0
LINE
8
BLACK
6
CONTINUOUS
10
2.646893031496063
20
0.2478506692913386
11
2.6474690944881889
21
0.2479074015748031
0
LINE
8
BLACK
6
CONTINUOUS
10
2.6474690944881889
20
0.2479074015748031
11
2.6549681496062991
21
0.2479074015748031
0
LINE
8
BLACK
6
CONTINUOUS
10
2.6549681496062991
20
0.2479074015748031
11
2.655544212598425
21
0.2478506692913386
0
LINE
8
BLACK
6
CONTINUOUS
10
2.655544212598425
20
0.2478506692913386
11
2.6556422047244093
21
0.2478100787401575
0
LINE
8
BLACK
6
CONTINUOUS
10
2.6556422047244093
20
0.2478100787401575
11
2.6557480314960631
21
0.2478025590551181
0
LINE
8
BLACK
6
CONTINUOUS
10
2.6557480314960631
20
0.2478025590551181
11
2.6557649212598426
21
0.2477961023622047
0
LINE
8
BLACK
6
CONTINUOUS
10
2.6557649212598426
20
0.2477961023622047
11
2.6557649212598426
21
0.2580779921259843
0
LINE
8
BLACK
6
CONTINUOUS
10
2.6557649212598426
20
0.2580779921259843
11
2.655821653543307
21
0.2586540551181102
0
LINE
8
BLACK
6
CONTINUOUS
10
2.655821653543307
20
0.2586540551181102
11
2.6562625590551181
21
0.2597184645669292
0
LINE
8
BLACK
6
CONTINUOUS
10
2.6562625590551181
20
0.2597184645669292
11
2.6570772047244096
21
0.2605331102362204
0
LINE
8
BLACK
6
CONTINUOUS
10
2.6570772047244096
20
0.2605331102362204
11
2.6581416141732284
21
0.2609740157480315
0
LINE
8
BLACK
6
CONTINUOUS
10
2.6581416141732284
20
0.2609740157480315
11
2.6592937401574801
21
0.2609740157480315
0
LINE
8
BLACK
6
CONTINUOUS
10
2.6592937401574801
20
0.2609740157480315
11
2.6603581496062993
21
0.2605331102362204
0
LINE
8
BLACK
6
CONTINUOUS
10
2.6454686614173228
20
0.2406531496062992
11
2.6442715354330706
21
0.2394560236220472
0
LINE
8
BLACK
6
CONTINUOUS
10
2.6442715354330706
20
0.2394560236220472
11
2.6429227952755907
21
0.2367585433070866
0
LINE
8
BLACK
6
CONTINUOUS
10
2.6429227952755907
20
0.2367585433070866
11
2.6429227952755907
21
0.2269040551181102
0
LINE
8
BLACK
6
CONTINUOUS
10
2.6429227952755907
20
0.2269040551181102
11
2.6442715354330706
21
0.2242065748031496
0
LINE
8
BLACK
6
CONTINUOUS
10
2.6442715354330706
20
0.2242065748031496
11
2.6454686614173228
21
0.2230094094488189
0
LINE
8
BLACK
6
CONTINUOUS
10
2.6454686614173228
20
0.2230094094488189
11
2.6481661417322835
21
0.2216606692913386
0
LINE
8
BLACK
6
CONTINUOUS
10
2.6481661417322835
20
0.2216606692913386
11
2.6542711023622045
21
0.2216606692913386
0
LINE
8
BLACK
6
CONTINUOUS
10
2.6542711023622045
20
0.2216606692913386
11
2.6557649212598426
21
0.2224075984251968
0
LINE
8
BLACK
6
CONTINUOUS
10
2.6557649212598426
20
0.2224075984251968
11
2.6557649212598426
21
0.241255
0
LINE
8
BLACK
6
CONTINUOUS
10
2.6557649212598426
20
0.241255
11
2.6542711023622045
21
0.2420018897637795
0
LINE
8
BLACK
6
CONTINUOUS
10
2.6542711023622045
20
0.2420018897637795
11
2.6481661417322835
21
0.2420018897637795
0
LINE
8
BLACK
6
CONTINUOUS
10
2.6481661417322835
20
0.2420018897637795
11
2.6454686614173228
21
0.2406531496062992
0
LINE
8
BLACK
6
CONTINUOUS
10
0.484130157480315
20
0.2605331102362204
11
0.4849448031496063
21
0.2597184645669292
0
LINE
8
BLACK
6
CONTINUOUS
10
0.4849448031496063
20
0.2597184645669292
11
0.4853857086614173
21
0.2586540551181102
0
LINE
8
BLACK
6
CONTINUOUS
10
0.4853857086614173
20
0.2586540551181102
11
0.4854424409448819
21
0.2580779921259843
0
LINE
8
BLACK
6
CONTINUOUS
10
0.4854424409448819
20
0.2580779921259843
11
0.4854424409448819
21
0.2250292913385827
0
LINE
8
BLACK
6
CONTINUOUS
10
0.4854424409448819
20
0.2250292913385827
11
0.4865652755905512
21
0.2227835433070866
0
LINE
8
BLACK
6
CONTINUOUS
10
0.4865652755905512
20
0.2227835433070866
11
0.4894344881889764
21
0.221348937007874
0
LINE
8
BLACK
6
CONTINUOUS
10
0.4894344881889764
20
0.221348937007874
11
0.4899243700787401
21
0.2210405905511811
0
LINE
8
BLACK
6
CONTINUOUS
10
0.4899243700787401
20
0.2210405905511811
11
0.4906792125984252
21
0.2201701968503937
0
LINE
8
BLACK
6
CONTINUOUS
10
0.4906792125984252
20
0.2201701968503937
11
0.4910435433070866
21
0.2190772440944882
0
LINE
8
BLACK
6
CONTINUOUS
10
0.4910435433070866
20
0.2190772440944882
11
0.4909618897637795
21
0.217928031496063
0
LINE
8
BLACK
6
CONTINUOUS
10
0.4909618897637795
20
0.217928031496063
11
0.4904466141732283
21
0.2168975196850394
0
LINE
8
BLACK
6
CONTINUOUS
10
0.4904466141732283
20
0.2168975196850394
11
0.4895762598425197
21
0.2161426771653543
0
LINE
8
BLACK
6
CONTINUOUS
10
0.4895762598425197
20
0.2161426771653543
11
0.4884832677165354
21
0.2157783464566929
0
LINE
8
BLACK
6
CONTINUOUS
10
0.4884832677165354
20
0.2157783464566929
11
0.4873340551181102
21
0.21586
0
LINE
8
BLACK
6
CONTINUOUS
10
0.4873340551181102
20
0.21586
11
0.4867934645669291
21
0.2160668897637795
0
LINE
8
BLACK
6
CONTINUOUS
10
0.4867934645669291
20
0.2160668897637795
11
0.483043937007874
21
0.2179416535433071
0
LINE
8
BLACK
6
CONTINUOUS
10
0.483043937007874
20
0.2179416535433071
11
0.4829475590551181
21
0.2180023228346457
0
LINE
8
BLACK
6
CONTINUOUS
10
0.4829475590551181
20
0.2180023228346457
11
0.4829021653543307
21
0.2180174409448819
0
LINE
8
BLACK
6
CONTINUOUS
10
0.4829021653543307
20
0.2180174409448819
11
0.4828455905511811
21
0.2180664960629921
0
LINE
8
BLACK
6
CONTINUOUS
10
0.4828455905511811
20
0.2180664960629921
11
0.4825540551181102
21
0.21825
0
LINE
8
BLACK
6
CONTINUOUS
10
0.4825540551181102
20
0.21825
11
0.4823113779527559
21
0.218529842519685
0
LINE
8
BLACK
6
CONTINUOUS
10
0.4823113779527559
20
0.218529842519685
11
0.4820317716535433
21
0.2187723228346457
0
LINE
8
BLACK
6
CONTINUOUS
10
0.4820317716535433
20
0.2187723228346457
11
0.4818482677165354
21
0.2190638188976378
0
LINE
8
BLACK
6
CONTINUOUS
10
0.4818482677165354
20
0.2190638188976378
11
0.4817992125984252
21
0.2191203937007874
0
LINE
8
BLACK
6
CONTINUOUS
10
0.4817992125984252
20
0.2191203937007874
11
0.4817840551181102
21
0.2191658661417323
0
LINE
8
BLACK
6
CONTINUOUS
10
0.4817840551181102
20
0.2191658661417323
11
0.4817234251968504
21
0.2192621653543307
0
LINE
8
BLACK
6
CONTINUOUS
10
0.4817234251968504
20
0.2192621653543307
11
0.4798486614173228
21
0.2230117322834646
0
LINE
8
BLACK
6
CONTINUOUS
10
0.4798486614173228
20
0.2230117322834646
11
0.4796417716535433
21
0.2235523622047244
0
LINE
8
BLACK
6
CONTINUOUS
10
0.4796417716535433
20
0.2235523622047244
11
0.4796342519685039
21
0.223658188976378
0
LINE
8
BLACK
6
CONTINUOUS
10
0.4796342519685039
20
0.223658188976378
11
0.4795936614173228
21
0.2237561811023622
0
LINE
8
BLACK
6
CONTINUOUS
10
0.4795936614173228
20
0.2237561811023622
11
0.4795369291338583
21
0.2243322440944882
0
LINE
8
BLACK
6
CONTINUOUS
10
0.4795369291338583
20
0.2243322440944882
11
0.4795369291338583
21
0.2580779921259843
0
LINE
8
BLACK
6
CONTINUOUS
10
0.4795369291338583
20
0.2580779921259843
11
0.4795936614173228
21
0.2586540551181102
0
LINE
8
BLACK
6
CONTINUOUS
10
0.4795936614173228
20
0.2586540551181102
11
0.4800345669291338
21
0.2597184645669292
0
LINE
8
BLACK
6
CONTINUOUS
10
0.4800345669291338
20
0.2597184645669292
11
0.4808492125984252
21
0.2605331102362204
0
LINE
8
BLACK
6
CONTINUOUS
10
0.4808492125984252
20
0.2605331102362204
11
0.4819136220472441
21
0.2609740157480315
0
LINE
8
BLACK
6
CONTINUOUS
10
0.4819136220472441
20
0.2609740157480315
11
0.483065748031496
21
0.2609740157480315
0
LINE
8
BLACK
6
CONTINUOUS
10
0.483065748031496
20
0.2609740157480315
11
0.484130157480315
21
0.2605331102362204
0
LINE
8
BLACK
6
CONTINUOUS
10
2.484130157480315
20
0.2605331102362204
11
2.4849448031496064
21
0.2597184645669292
0
LINE
8
BLACK
6
CONTINUOUS
10
2.4849448031496064
20
0.2597184645669292
11
2.4853857086614171
21
0.2586540551181102
0
LINE
8
BLACK
6
CONTINUOUS
10
2.4853857086614171
20
0.2586540551181102
11
2.4854424409448819
21
0.2580779921259843
0
LINE
8
BLACK
6
CONTINUOUS
10
2.4854424409448819
20
0.2580779921259843
11
2.4854424409448819
21
0.2250292913385827
0
LINE
8
BLACK
6
CONTINUOUS
10
2.4854424409448819
20
0.2250292913385827
11
2.486565275590551
21
0.2227835433070866
0
LINE
8
BLACK
6
CONTINUOUS
10
2.486565275590551
20
0.2227835433070866
11
2.4894344881889765
21
0.221348937007874
0
LINE
8
BLACK
6
CONTINUOUS
10
2.4894344881889765
20
0.221348937007874
11
2.4899243700787399
21
0.2210405905511811
0
LINE
8
BLACK
6
CONTINUOUS
10
2.4899243700787399
20
0.2210405905511811
11
2.4906792125984252
21
0.2201701968503937
0
LINE
8
BLACK
6
CONTINUOUS
10
2.4906792125984252
20
0.2201701968503937
11
2.4910435433070868
21
0.2190772440944882
0
LINE
8
BLACK
6
CONTINUOUS
10
2.4910435433070868
20
0.2190772440944882
11
2.4909618897637795
21
0.217928031496063
0
LINE
8
BLACK
6
CONTINUOUS
10
2.4909618897637795
20
0.217928031496063
11
2.4904466141732282
21
0.2168975196850394
0
LINE
8
BLACK
6
CONTINUOUS
10
2.4904466141732282
20
0.2168975196850394
11
2.4895762598425195
21
0.2161426771653543
0
LINE
8
BLACK
6
CONTINUOUS
10
2.4895762598425195
20
0.2161426771653543
11
2.4884832677165352
21
0.2157783464566929
0
LINE
8
BLACK
6
CONTINUOUS
10
2.4884832677165352
20
0.2157783464566929
11
2.4873340551181102
21
0.21586
0
LINE
8
BLACK
6
CONTINUOUS
10
2.4873340551181102
20
0.21586
11
2.486793464566929
21
0.2160668897637795
0
LINE
8
BLACK
6
CONTINUOUS
10
2.486793464566929
20
0.2160668897637795
11
2.4830439370078738
21
0.2179416535433071
0
LINE
8
BLACK
6
CONTINUOUS
10
2.4830439370078738
20
0.2179416535433071
11
2.482947559055118
21
0.2180023228346457
0
LINE
8
BLACK
6
CONTINUOUS
10
2.482947559055118
20
0.2180023228346457
11
2.4829021653543308
21
0.2180174409448819
0
LINE
8
BLACK
6
CONTINUOUS
10
2.4829021653543308
20
0.2180174409448819
11
2.482845590551181
21
0.2180664960629921
0
LINE
8
BLACK
6
CONTINUOUS
10
2.482845590551181
20
0.2180664960629921
11
2.48255405511811
21
0.21825
0
LINE
8
BLACK
6
CONTINUOUS
10
2.48255405511811
20
0.21825
11
2.4823113779527559
21
0.218529842519685
0
LINE
8
BLACK
6
CONTINUOUS
10
2.4823113779527559
20
0.218529842519685
11
2.4820317716535434
21
0.2187723228346457
0
LINE
8
BLACK
6
CONTINUOUS
10
2.4820317716535434
20
0.2187723228346457
11
2.4818482677165354
21
0.2190638188976378
0
LINE
8
BLACK
6
CONTINUOUS
10
2.4818482677165354
20
0.2190638188976378
11
2.4817992125984252
21
0.2191203937007874
0
LINE
8
BLACK
6
CONTINUOUS
10
2.4817992125984252
20
0.2191203937007874
11
2.4817840551181103
21
0.2191658661417323
0
LINE
8
BLACK
6
CONTINUOUS
10
2.4817840551181103
20
0.2191658661417323
11
2.4817234251968503
21
0.2192621653543307
0
LINE
8
BLACK
6
CONTINUOUS
10
2.4817234251968503
20
0.2192621653543307
11
2.4798486614173227
21
0.2230117322834646
0
LINE
8
BLACK
6
CONTINUOUS
10
2.4798486614173227
20
0.2230117322834646
11
2.4796417716535433
21
0.2235523622047244
0
LINE
8
BLACK
6
CONTINUOUS
10
2.4796417716535433
20
0.2235523622047244
11
2.4796342519685037
21
0.223658188976378
0
LINE
8
BLACK
6
CONTINUOUS
10
2.4796342519685037
20
0.223658188976378
11
2.4795936614173226
21
0.2237561811023622
0
LINE
8
BLACK
6
CONTINUOUS
10
2.4795936614173226
20
0.2237561811023622
11
2.4795369291338583
21
0.2243322440944882
0
LINE
8
BLACK
6
CONTINUOUS
10
2.4795369291338583
20
0.2243322440944882
11
2.4795369291338583
21
0.2580779921259843
0
LINE
8
BLACK
6
CONTINUOUS
10
2.4795369291338583
20
0.2580779921259843
11
2.4795936614173226
21
0.2586540551181102
0
LINE
8
BLACK
6
CONTINUOUS
10
2.4795936614173226
20
0.2586540551181102
11
2.4800345669291337
21
0.2597184645669292
0
LINE
8
BLACK
6
CONTINUOUS
10
2.4800345669291337
20
0.2597184645669292
11
2.4808492125984252
21
0.2605331102362204
0
LINE
8
BLACK
6
CONTINUOUS
10
2.4808492125984252
20
0.2605331102362204
11
2.481913622047244
21
0.2609740157480315
0
LINE
8
BLACK
6
CONTINUOUS
10
2.481913622047244
20
0.2609740157480315
11
2.4830657480314962
21
0.2609740157480315
0
LINE
8
BLACK
6
CONTINUOUS
10
2.4830657480314962
20
0.2609740157480315
11
2.484130157480315
21
0.2605331102362204
0
LINE
8
BLACK
6
CONTINUOUS
10
0.167593031496063
20
0.2609740157480315
11
0.1681050787401575
21
0.2609740157480315
0
LINE
8
BLACK
6
CONTINUOUS
10
0.1681050787401575
20
0.2609740157480315
11
0.1681658267716535
21
0.2609488582677165
0
LINE
8
BLACK
6
CONTINUOUS
10
0.1681658267716535
20
0.2609488582677165
11
0.1682316929133858
21
0.2609459448818898
0
LINE
8
BLACK
6
CONTINUOUS
10
0.1682316929133858
20
0.2609459448818898
11
0.1686965354330709
21
0.2607290551181102
0
LINE
8
BLACK
6
CONTINUOUS
10
0.1686965354330709
20
0.2607290551181102
11
0.1691694881889764
21
0.2605331102362204
0
LINE
8
BLACK
6
CONTINUOUS
10
0.1691694881889764
20
0.2605331102362204
11
0.1692159842519685
21
0.2604866141732283
0
LINE
8
BLACK
6
CONTINUOUS
10
0.1692159842519685
20
0.2604866141732283
11
0.1692757086614173
21
0.2604587401574803
0
LINE
8
BLACK
6
CONTINUOUS
10
0.1692757086614173
20
0.2604587401574803
11
0.1696219291338583
21
0.2600806692913386
0
LINE
8
BLACK
6
CONTINUOUS
10
0.1696219291338583
20
0.2600806692913386
11
0.1699841338582677
21
0.2597184645669292
0
LINE
8
BLACK
6
CONTINUOUS
10
0.1699841338582677
20
0.2597184645669292
11
0.1700093307086614
21
0.2596576377952756
0
LINE
8
BLACK
6
CONTINUOUS
10
0.1700093307086614
20
0.2596576377952756
11
0.1700538188976378
21
0.2596090551181102
0
LINE
8
BLACK
6
CONTINUOUS
10
0.1700538188976378
20
0.2596090551181102
11
0.1702288976377953
21
0.2591275590551181
0
LINE
8
BLACK
6
CONTINUOUS
10
0.1702288976377953
20
0.2591275590551181
11
0.1704250393700787
21
0.2586540551181102
0
LINE
8
BLACK
6
CONTINUOUS
10
0.1704250393700787
20
0.2586540551181102
11
0.170433937007874
21
0.2585637007874016
0
LINE
8
BLACK
6
CONTINUOUS
10
0.170433937007874
20
0.2585637007874016
11
0.1704475196850394
21
0.2585263385826772
0
LINE
8
BLACK
6
CONTINUOUS
10
0.1704475196850394
20
0.2585263385826772
11
0.1704444488188976
21
0.2584568110236221
0
LINE
8
BLACK
6
CONTINUOUS
10
0.1704444488188976
20
0.2584568110236221
11
0.1704817716535433
21
0.2580779921259843
0
LINE
8
BLACK
6
CONTINUOUS
10
0.1704817716535433
20
0.2580779921259843
11
0.1704817716535433
21
0.2187079133858268
0
LINE
8
BLACK
6
CONTINUOUS
10
0.1704817716535433
20
0.2187079133858268
11
0.1704250393700787
21
0.2181318503937008
0
LINE
8
BLACK
6
CONTINUOUS
10
0.1704250393700787
20
0.2181318503937008
11
0.1699841338582677
21
0.2170674409448819
0
LINE
8
BLACK
6
CONTINUOUS
10
0.1699841338582677
20
0.2170674409448819
11
0.1691694881889764
21
0.2162527952755905
0
LINE
8
BLACK
6
CONTINUOUS
10
0.1691694881889764
20
0.2162527952755905
11
0.1681050787401575
21
0.2158118897637795
0
LINE
8
BLACK
6
CONTINUOUS
10
0.1681050787401575
20
0.2158118897637795
11
0.1669529527559055
21
0.2158118897637795
0
LINE
8
BLACK
6
CONTINUOUS
10
0.1669529527559055
20
0.2158118897637795
11
0.1658885433070866
21
0.2162527952755905
0
LINE
8
BLACK
6
CONTINUOUS
10
0.1658885433070866
20
0.2162527952755905
11
0.1650738976377953
21
0.2170674409448819
0
LINE
8
BLACK
6
CONTINUOUS
10
0.1650738976377953
20
0.2170674409448819
11
0.1646329921259843
21
0.2181318503937008
0
LINE
8
BLACK
6
CONTINUOUS
10
0.1646329921259843
20
0.2181318503937008
11
0.1645762598425197
21
0.2187079133858268
0
LINE
8
BLACK
6
CONTINUOUS
10
0.1645762598425197
20
0.2187079133858268
11
0.1645762598425197
21
0.2447682677165354
0
LINE
8
BLACK
6
CONTINUOUS
10
0.1645762598425197
20
0.2447682677165354
11
0.1570814173228346
21
0.228707874015748
0
LINE
8
BLACK
6
CONTINUOUS
10
0.1570814173228346
20
0.228707874015748
11
0.1569564566929134
21
0.228496968503937
0
LINE
8
BLACK
6
CONTINUOUS
10
0.1569564566929134
20
0.228496968503937
11
0.1569304724409449
21
0.2284254724409449
0
LINE
8
BLACK
6
CONTINUOUS
10
0.1569304724409449
20
0.2284254724409449
11
0.1568841338582677
21
0.2283749212598425
0
LINE
8
BLACK
6
CONTINUOUS
10
0.1568841338582677
20
0.2283749212598425
11
0.1567863779527559
21
0.228209842519685
0
LINE
8
BLACK
6
CONTINUOUS
10
0.1567863779527559
20
0.228209842519685
11
0.1564555511811024
21
0.2279069291338583
0
LINE
8
BLACK
6
CONTINUOUS
10
0.1564555511811024
20
0.2279069291338583
11
0.1561523622047244
21
0.2275757874015748
0
LINE
8
BLACK
6
CONTINUOUS
10
0.1561523622047244
20
0.2275757874015748
11
0.1560333858267716
21
0.2275203149606299
0
LINE
8
BLACK
6
CONTINUOUS
10
0.1560333858267716
20
0.2275203149606299
11
0.1559367322834646
21
0.2274317322834646
0
LINE
8
BLACK
6
CONTINUOUS
10
0.1559367322834646
20
0.2274317322834646
11
0.1555152362204724
21
0.2272785039370079
0
LINE
8
BLACK
6
CONTINUOUS
10
0.1555152362204724
20
0.2272785039370079
11
0.1551083464566929
21
0.2270885826771654
0
LINE
8
BLACK
6
CONTINUOUS
10
0.1551083464566929
20
0.2270885826771654
11
0.1549771653543307
21
0.2270828346456693
0
LINE
8
BLACK
6
CONTINUOUS
10
0.1549771653543307
20
0.2270828346456693
11
0.1548540157480315
21
0.227038031496063
0
LINE
8
BLACK
6
CONTINUOUS
10
0.1548540157480315
20
0.227038031496063
11
0.154405905511811
21
0.2270577165354331
0
LINE
8
BLACK
6
CONTINUOUS
10
0.154405905511811
20
0.2270577165354331
11
0.1539573228346457
21
0.2270379921259842
0
LINE
8
BLACK
6
CONTINUOUS
10
0.1539573228346457
20
0.2270379921259842
11
0.1538340157480315
21
0.2270828346456693
0
LINE
8
BLACK
6
CONTINUOUS
10
0.1538340157480315
20
0.2270828346456693
11
0.1537029921259843
21
0.2270885826771654
0
LINE
8
BLACK
6
CONTINUOUS
10
0.1537029921259843
20
0.2270885826771654
11
0.1532963385826772
21
0.2272783858267717
0
LINE
8
BLACK
6
CONTINUOUS
10
0.1532963385826772
20
0.2272783858267717
11
0.1528746062992126
21
0.2274317322834646
0
LINE
8
BLACK
6
CONTINUOUS
10
0.1528746062992126
20
0.2274317322834646
11
0.1527777952755905
21
0.2275203937007874
0
LINE
8
BLACK
6
CONTINUOUS
10
0.1527777952755905
20
0.2275203937007874
11
0.1526589763779528
21
0.2275758267716535
0
LINE
8
BLACK
6
CONTINUOUS
10
0.1526589763779528
20
0.2275758267716535
11
0.1523560236220473
21
0.2279066535433071
0
LINE
8
BLACK
6
CONTINUOUS
10
0.1523560236220473
20
0.2279066535433071
11
0.1520249606299213
21
0.2282098031496063
0
LINE
8
BLACK
6
CONTINUOUS
10
0.1520249606299213
20
0.2282098031496063
11
0.1519270866141732
21
0.228375
0
LINE
8
BLACK
6
CONTINUOUS
10
0.1519270866141732
20
0.228375
11
0.1518808661417323
21
0.2284254724409449
0
LINE
8
BLACK
6
CONTINUOUS
10
0.1518808661417323
20
0.2284254724409449
11
0.1518548818897638
21
0.2284968503937008
0
LINE
8
BLACK
6
CONTINUOUS
10
0.1518548818897638
20
0.2284968503937008
11
0.1517299212598425
21
0.2287078346456693
0
LINE
8
BLACK
6
CONTINUOUS
10
0.1517299212598425
20
0.2287078346456693
11
0.1442350787401575
21
0.2447682677165354
0
LINE
8
BLACK
6
CONTINUOUS
10
0.1442350787401575
20
0.2447682677165354
11
0.1442350787401575
21
0.2187079133858268
0
LINE
8
BLACK
6
CONTINUOUS
10
0.1442350787401575
20
0.2187079133858268
11
0.1441783464566929
21
0.2181318503937008
0
LINE
8
BLACK
6
CONTINUOUS
10
0.1441783464566929
20
0.2181318503937008
11
0.1437374409448819
21
0.2170674409448819
0
LINE
8
BLACK
6
CONTINUOUS
10
0.1437374409448819
20
0.2170674409448819
11
0.1429227952755905
21
0.2162527952755905
0
LINE
8
BLACK
6
CONTINUOUS
10
0.1429227952755905
20
0.2162527952755905
11
0.1418583858267717
21
0.2158118897637795
0
LINE
8
BLACK
6
CONTINUOUS
10
0.1418583858267717
20
0.2158118897637795
11
0.1407062598425197
21
0.2158118897637795
0
LINE
8
BLACK
6
CONTINUOUS
10
0.1407062598425197
20
0.2158118897637795
11
0.1396418503937008
21
0.2162527952755905
0
LINE
8
BLACK
6
CONTINUOUS
10
0.1396418503937008
20
0.2162527952755905
11
0.1388272047244095
21
0.2170674409448819
0
LINE
8
BLACK
6
CONTINUOUS
10
0.1388272047244095
20
0.2170674409448819
11
0.1383862992125984
21
0.2181318503937008
0
LINE
8
BLACK
6
CONTINUOUS
10
0.1383862992125984
20
0.2181318503937008
11
0.1383295669291339
21
0.2187079133858268
0
LINE
8
BLACK
6
CONTINUOUS
10
0.1383295669291339
20
0.2187079133858268
11
0.1383295669291339
21
0.2580779921259843
0
LINE
8
BLACK
6
CONTINUOUS
10
0.1383295669291339
20
0.2580779921259843
11
0.1383668503937008
21
0.2584568110236221
0
LINE
8
BLACK
6
CONTINUOUS
10
0.1383668503937008
20
0.2584568110236221
11
0.1383638188976378
21
0.2585263385826772
0
LINE
8
BLACK
6
CONTINUOUS
10
0.1383638188976378
20
0.2585263385826772
11
0.1383773622047244
21
0.2585637007874016
0
LINE
8
BLACK
6
CONTINUOUS
10
0.1383773622047244
20
0.2585637007874016
11
0.1383862992125984
21
0.2586540551181102
0
LINE
8
BLACK
6
CONTINUOUS
10
0.1383862992125984
20
0.2586540551181102
11
0.1385824015748031
21
0.2591275590551181
0
LINE
8
BLACK
6
CONTINUOUS
10
0.1385824015748031
20
0.2591275590551181
11
0.1387575196850394
21
0.2596090551181102
0
LINE
8
BLACK
6
CONTINUOUS
10
0.1387575196850394
20
0.2596090551181102
11
0.138801968503937
21
0.2596576377952756
0
LINE
8
BLACK
6
CONTINUOUS
10
0.138801968503937
20
0.2596576377952756
11
0.1388272047244095
21
0.2597184645669292
0
LINE
8
BLACK
6
CONTINUOUS
10
0.1388272047244095
20
0.2597184645669292
11
0.1391896062992126
21
0.260080905511811
0
LINE
8
BLACK
6
CONTINUOUS
10
0.1391896062992126
20
0.260080905511811
11
0.1395356299212598
21
0.2604587007874016
0
LINE
8
BLACK
6
CONTINUOUS
10
0.1395356299212598
20
0.2604587007874016
11
0.1395952755905512
21
0.2604865748031496
0
LINE
8
BLACK
6
CONTINUOUS
10
0.1395952755905512
20
0.2604865748031496
11
0.1396418503937008
21
0.2605331102362204
0
LINE
8
BLACK
6
CONTINUOUS
10
0.1396418503937008
20
0.2605331102362204
11
0.1401151181102362
21
0.2607291732283464
0
LINE
8
BLACK
6
CONTINUOUS
10
0.1401151181102362
20
0.2607291732283464
11
0.1405796456692913
21
0.2609459448818898
0
LINE
8
BLACK
6
CONTINUOUS
10
0.1405796456692913
20
0.2609459448818898
11
0.1406454330708661
21
0.2609488582677165
0
LINE
8
BLACK
6
CONTINUOUS
10
0.1406454330708661
20
0.2609488582677165
11
0.1407062598425197
21
0.2609740157480315
0
LINE
8
BLACK
6
CONTINUOUS
10
0.1407062598425197
20
0.2609740157480315
11
0.1412188188976378
21
0.2609740157480315
0
LINE
8
BLACK
6
CONTINUOUS
10
0.1412188188976378
20
0.2609740157480315
11
0.1417306692913386
21
0.2609964960629921
0
LINE
8
BLACK
6
CONTINUOUS
10
0.1417306692913386
20
0.2609964960629921
11
0.1417924803149606
21
0.2609740157480315
0
LINE
8
BLACK
6
CONTINUOUS
10
0.1417924803149606
20
0.2609740157480315
11
0.1418583858267717
21
0.2609740157480315
0
LINE
8
BLACK
6
CONTINUOUS
10
0.1418583858267717
20
0.2609740157480315
11
0.1423318503937008
21
0.2607779133858268
0
LINE
8
BLACK
6
CONTINUOUS
10
0.1423318503937008
20
0.2607779133858268
11
0.1428133858267716
21
0.2606027952755905
0
LINE
8
BLACK
6
CONTINUOUS
10
0.1428133858267716
20
0.2606027952755905
11
0.1428619291338583
21
0.2605583464566929
0
LINE
8
BLACK
6
CONTINUOUS
10
0.1428619291338583
20
0.2605583464566929
11
0.1429227952755905
21
0.2605331102362204
0
LINE
8
BLACK
6
CONTINUOUS
10
0.1429227952755905
20
0.2605331102362204
11
0.1432851968503937
21
0.2601707086614173
0
LINE
8
BLACK
6
CONTINUOUS
10
0.1432851968503937
20
0.2601707086614173
11
0.143663031496063
21
0.2598246850393701
0
LINE
8
BLACK
6
CONTINUOUS
10
0.143663031496063
20
0.2598246850393701
11
0.1437092519685039
21
0.2597466535433071
0
LINE
8
BLACK
6
CONTINUOUS
10
0.1437092519685039
20
0.2597466535433071
11
0.1437374409448819
21
0.2597184645669292
0
LINE
8
BLACK
6
CONTINUOUS
10
0.1437374409448819
20
0.2597184645669292
11
0.1437641338582677
21
0.2596540551181102
0
LINE
8
BLACK
6
CONTINUOUS
10
0.1437641338582677
20
0.2596540551181102
11
0.1439580708661417
21
0.2593266535433071
0
LINE
8
BLACK
6
CONTINUOUS
10
0.1439580708661417
20
0.2593266535433071
11
0.1544056299212598
21
0.2369389763779527
0
LINE
8
BLACK
6
CONTINUOUS
10
0.1544056299212598
20
0.2369389763779527
11
0.1648532677165354
21
0.2593266929133858
0
LINE
8
BLACK
6
CONTINUOUS
10
0.1648532677165354
20
0.2593266929133858
11
0.1650472440944882
21
0.2596541732283464
0
LINE
8
BLACK
6
CONTINUOUS
10
0.1650472440944882
20
0.2596541732283464
11
0.1650738976377953
21
0.2597184645669292
0
LINE
8
BLACK
6
CONTINUOUS
10
0.1650738976377953
20
0.2597184645669292
11
0.1651020078740157
21
0.2597466141732284
0
LINE
8
BLACK
6
CONTINUOUS
10
0.1651020078740157
20
0.2597466141732284
11
0.1651483070866142
21
0.2598247244094488
0
LINE
8
BLACK
6
CONTINUOUS
10
0.1651483070866142
20
0.2598247244094488
11
0.1655263779527559
21
0.2601709842519685
0
LINE
8
BLACK
6
CONTINUOUS
10
0.1655263779527559
20
0.2601709842519685
11
0.1658885433070866
21
0.2605331102362204
0
LINE
8
BLACK
6
CONTINUOUS
10
0.1658885433070866
20
0.2605331102362204
11
0.1659493700787402
21
0.2605583070866141
0
LINE
8
BLACK
6
CONTINUOUS
10
0.1659493700787402
20
0.2605583070866141
11
0.1659979527559055
21
0.2606027952755905
0
LINE
8
BLACK
6
CONTINUOUS
10
0.1659979527559055
20
0.2606027952755905
11
0.1664797637795276
21
0.260778031496063
0
LINE
8
BLACK
6
CONTINUOUS
10
0.1664797637795276
20
0.260778031496063
11
0.1669529527559055
21
0.2609740157480315
0
LINE
8
BLACK
6
CONTINUOUS
10
0.1669529527559055
20
0.2609740157480315
11
0.1670187401574803
21
0.2609740157480315
0
LINE
8
BLACK
6
CONTINUOUS
10
0.1670187401574803
20
0.2609740157480315
11
0.1670806692913386
21
0.2609965354330709
0
LINE
8
BLACK
6
CONTINUOUS
10
0.1670806692913386
20
0.2609965354330709
11
0.167593031496063
21
0.2609740157480315
0
LINE
8
BLACK
6
CONTINUOUS
10
0.2693424409448819
20
0.2478506692913386
11
0.2694404330708661
21
0.2478100787401575
0
LINE
8
BLACK
6
CONTINUOUS
10
0.2694404330708661
20
0.2478100787401575
11
0.2695462598425197
21
0.2478025590551181
0
LINE
8
BLACK
6
CONTINUOUS
10
0.2695462598425197
20
0.2478025590551181
11
0.2700868897637795
21
0.2475956692913386
0
LINE
8
BLACK
6
CONTINUOUS
10
0.2700868897637795
20
0.2475956692913386
11
0.2738364173228346
21
0.245720905511811
0
LINE
8
BLACK
6
CONTINUOUS
10
0.2738364173228346
20
0.245720905511811
11
0.2739327559055118
21
0.2456602755905512
0
LINE
8
BLACK
6
CONTINUOUS
10
0.2739327559055118
20
0.2456602755905512
11
0.2739781889763779
21
0.2456451181102362
0
LINE
8
BLACK
6
CONTINUOUS
10
0.2739781889763779
20
0.2456451181102362
11
0.2740347244094488
21
0.2455961023622047
0
LINE
8
BLACK
6
CONTINUOUS
10
0.2740347244094488
20
0.2455961023622047
11
0.2743262992125984
21
0.2454125590551181
0
LINE
8
BLACK
6
CONTINUOUS
10
0.2743262992125984
20
0.2454125590551181
11
0.2745688582677165
21
0.245132874015748
0
LINE
8
BLACK
6
CONTINUOUS
10
0.2745688582677165
20
0.245132874015748
11
0.2748485826771653
21
0.2448902755905512
0
LINE
8
BLACK
6
CONTINUOUS
10
0.2748485826771653
20
0.2448902755905512
11
0.2750320866141732
21
0.2445987401574803
0
LINE
8
BLACK
6
CONTINUOUS
10
0.2750320866141732
20
0.2445987401574803
11
0.2750811417322835
21
0.2445421653543307
0
LINE
8
BLACK
6
CONTINUOUS
10
0.2750811417322835
20
0.2445421653543307
11
0.2750962598425197
21
0.2444967716535433
0
LINE
8
BLACK
6
CONTINUOUS
10
0.2750962598425197
20
0.2444967716535433
11
0.2751569291338583
21
0.2444003937007874
0
LINE
8
BLACK
6
CONTINUOUS
10
0.2751569291338583
20
0.2444003937007874
11
0.2770316929133858
21
0.2406508661417323
0
LINE
8
BLACK
6
CONTINUOUS
10
0.2770316929133858
20
0.2406508661417323
11
0.2772385826771653
21
0.2401102755905512
0
LINE
8
BLACK
6
CONTINUOUS
10
0.2772385826771653
20
0.2401102755905512
11
0.2772461023622047
21
0.2400044094488189
0
LINE
8
BLACK
6
CONTINUOUS
10
0.2772461023622047
20
0.2400044094488189
11
0.2772866929133858
21
0.2399064173228346
0
LINE
8
BLACK
6
CONTINUOUS
10
0.2772866929133858
20
0.2399064173228346
11
0.2773434251968504
21
0.2393303543307087
0
LINE
8
BLACK
6
CONTINUOUS
10
0.2773434251968504
20
0.2393303543307087
11
0.2773434251968504
21
0.2187079133858268
0
LINE
8
BLACK
6
CONTINUOUS
10
0.2773434251968504
20
0.2187079133858268
11
0.2772866929133858
21
0.2181318503937008
0
LINE
8
BLACK
6
CONTINUOUS
10
0.2772866929133858
20
0.2181318503937008
11
0.2768457874015748
21
0.2170674409448819
0
LINE
8
BLACK
6
CONTINUOUS
10
0.2768457874015748
20
0.2170674409448819
11
0.2760311417322834
21
0.2162527952755905
0
LINE
8
BLACK
6
CONTINUOUS
10
0.2760311417322834
20
0.2162527952755905
11
0.2749667322834646
21
0.2158118897637795
0
LINE
8
BLACK
6
CONTINUOUS
10
0.2749667322834646
20
0.2158118897637795
11
0.2738146062992126
21
0.2158118897637795
0
LINE
8
BLACK
6
CONTINUOUS
10
0.2738146062992126
20
0.2158118897637795
11
0.2727501968503937
21
0.2162527952755905
0
LINE
8
BLACK
6
CONTINUOUS
10
0.2727501968503937
20
0.2162527952755905
11
0.2719355511811024
21
0.2170674409448819
0
LINE
8
BLACK
6
CONTINUOUS
10
0.2719355511811024
20
0.2170674409448819
11
0.2714946456692913
21
0.2181318503937008
0
LINE
8
BLACK
6
CONTINUOUS
10
0.2714946456692913
20
0.2181318503937008
11
0.2714379133858268
21
0.2187079133858268
0
LINE
8
BLACK
6
CONTINUOUS
10
0.2714379133858268
20
0.2187079133858268
11
0.2714379133858268
21
0.2386333070866142
0
LINE
8
BLACK
6
CONTINUOUS
10
0.2714379133858268
20
0.2386333070866142
11
0.2703150393700787
21
0.2408790551181102
0
LINE
8
BLACK
6
CONTINUOUS
10
0.2703150393700787
20
0.2408790551181102
11
0.2680693307086614
21
0.2420018897637795
0
LINE
8
BLACK
6
CONTINUOUS
10
0.2680693307086614
20
0.2420018897637795
11
0.2638391338582677
21
0.2420018897637795
0
LINE
8
BLACK
6
CONTINUOUS
10
0.2638391338582677
20
0.2420018897637795
11
0.2611416535433071
21
0.2406531496062992
0
LINE
8
BLACK
6
CONTINUOUS
10
0.2611416535433071
20
0.2406531496062992
11
0.2604705511811023
21
0.2399820472440945
0
LINE
8
BLACK
6
CONTINUOUS
10
0.2604705511811023
20
0.2399820472440945
11
0.2604705511811023
21
0.2187079133858268
0
LINE
8
BLACK
6
CONTINUOUS
10
0.2604705511811023
20
0.2187079133858268
11
0.2604138188976378
21
0.2181318503937008
0
LINE
8
BLACK
6
CONTINUOUS
10
0.2604138188976378
20
0.2181318503937008
11
0.2599729133858268
21
0.2170674409448819
0
LINE
8
BLACK
6
CONTINUOUS
10
0.2599729133858268
20
0.2170674409448819
11
0.2591582677165354
21
0.2162527952755905
0
LINE
8
BLACK
6
CONTINUOUS
10
0.2591582677165354
20
0.2162527952755905
11
0.2580938582677165
21
0.2158118897637795
0
LINE
8
BLACK
6
CONTINUOUS
10
0.2580938582677165
20
0.2158118897637795
11
0.2569417322834646
21
0.2158118897637795
0
LINE
8
BLACK
6
CONTINUOUS
10
0.2569417322834646
20
0.2158118897637795
11
0.2558773228346456
21
0.2162527952755905
0
LINE
8
BLACK
6
CONTINUOUS
10
0.2558773228346456
20
0.2162527952755905
11
0.2550626771653543
21
0.2170674409448819
0
LINE
8
BLACK
6
CONTINUOUS
10
0.2550626771653543
20
0.2170674409448819
11
0.2546217716535433
21
0.2181318503937008
0
LINE
8
BLACK
6
CONTINUOUS
10
0.2546217716535433
20
0.2181318503937008
11
0.2545650393700787
21
0.2187079133858268
0
LINE
8
BLACK
6
CONTINUOUS
10
0.2545650393700787
20
0.2187079133858268
11
0.2545650393700787
21
0.2449546456692913
0
LINE
8
BLACK
6
CONTINUOUS
10
0.2545650393700787
20
0.2449546456692913
11
0.2546217716535433
21
0.2455307086614173
0
LINE
8
BLACK
6
CONTINUOUS
10
0.2546217716535433
20
0.2455307086614173
11
0.2550626771653543
21
0.2465951181102362
0
LINE
8
BLACK
6
CONTINUOUS
10
0.2550626771653543
20
0.2465951181102362
11
0.2558773228346456
21
0.2474097637795276
0
LINE
8
BLACK
6
CONTINUOUS
10
0.2558773228346456
20
0.2474097637795276
11
0.2569417322834646
21
0.2478506692913386
0
LINE
8
BLACK
6
CONTINUOUS
10
0.2569417322834646
20
0.2478506692913386
11
0.2580938582677165
21
0.2478506692913386
0
LINE
8
BLACK
6
CONTINUOUS
10
0.2580938582677165
20
0.2478506692913386
11
0.2591582677165354
21
0.2474097637795276
0
LINE
8
BLACK
6
CONTINUOUS
10
0.2591582677165354
20
0.2474097637795276
11
0.2599220866141732
21
0.2466459448818898
0
LINE
8
BLACK
6
CONTINUOUS
10
0.2599220866141732
20
0.2466459448818898
11
0.2618215748031496
21
0.2475956692913386
0
LINE
8
BLACK
6
CONTINUOUS
10
0.2618215748031496
20
0.2475956692913386
11
0.2623621653543307
21
0.2478025590551181
0
LINE
8
BLACK
6
CONTINUOUS
10
0.2623621653543307
20
0.2478025590551181
11
0.262468031496063
21
0.2478101181102362
0
LINE
8
BLACK
6
CONTINUOUS
10
0.262468031496063
20
0.2478101181102362
11
0.2625660236220472
21
0.2478506692913386
0
LINE
8
BLACK
6
CONTINUOUS
10
0.2625660236220472
20
0.2478506692913386
11
0.2631420866141732
21
0.2479074015748031
0
LINE
8
BLACK
6
CONTINUOUS
10
0.2631420866141732
20
0.2479074015748031
11
0.2687663779527559
21
0.2479074015748031
0
LINE
8
BLACK
6
CONTINUOUS
10
0.2687663779527559
20
0.2479074015748031
11
0.2693424409448819
21
0.2478506692913386
0
LINE
8
BLACK
6
CONTINUOUS
10
0.3172760236220472
20
0.2474097637795276
11
0.3180906692913386
21
0.2465951181102362
0
LINE
8
BLACK
6
CONTINUOUS
10
0.3180906692913386
20
0.2465951181102362
11
0.3185315748031496
21
0.2455307086614173
0
LINE
8
BLACK
6
CONTINUOUS
10
0.3185315748031496
20
0.2455307086614173
11
0.3185883070866142
21
0.2449546456692913
0
LINE
8
BLACK
6
CONTINUOUS
10
0.3185883070866142
20
0.2449546456692913
11
0.3185883070866142
21
0.2187079133858268
0
LINE
8
BLACK
6
CONTINUOUS
10
0.3185883070866142
20
0.2187079133858268
11
0.3185315748031496
21
0.2181318503937008
0
LINE
8
BLACK
6
CONTINUOUS
10
0.3185315748031496
20
0.2181318503937008
11
0.3180906692913386
21
0.2170674409448819
0
LINE
8
BLACK
6
CONTINUOUS
10
0.3180906692913386
20
0.2170674409448819
11
0.3172760236220472
21
0.2162527952755905
0
LINE
8
BLACK
6
CONTINUOUS
10
0.3172760236220472
20
0.2162527952755905
11
0.3162116141732284
21
0.2158118897637795
0
LINE
8
BLACK
6
CONTINUOUS
10
0.3162116141732284
20
0.2158118897637795
11
0.3150594881889764
21
0.2158118897637795
0
LINE
8
BLACK
6
CONTINUOUS
10
0.3150594881889764
20
0.2158118897637795
11
0.3139950787401575
21
0.2162527952755905
0
LINE
8
BLACK
6
CONTINUOUS
10
0.3139950787401575
20
0.2162527952755905
11
0.3131804330708661
21
0.2170674409448819
0
LINE
8
BLACK
6
CONTINUOUS
10
0.3131804330708661
20
0.2170674409448819
11
0.3127395275590551
21
0.2181318503937008
0
LINE
8
BLACK
6
CONTINUOUS
10
0.3127395275590551
20
0.2181318503937008
11
0.3126827952755906
21
0.2187079133858268
0
LINE
8
BLACK
6
CONTINUOUS
10
0.3126827952755906
20
0.2187079133858268
11
0.3126827952755906
21
0.2449546456692913
0
LINE
8
BLACK
6
CONTINUOUS
10
0.3126827952755906
20
0.2449546456692913
11
0.3127395275590551
21
0.2455307086614173
0
LINE
8
BLACK
6
CONTINUOUS
10
0.3127395275590551
20
0.2455307086614173
11
0.3131804330708661
21
0.2465951181102362
0
LINE
8
BLACK
6
CONTINUOUS
10
0.3131804330708661
20
0.2465951181102362
11
0.3139950787401575
21
0.2474097637795276
0
LINE
8
BLACK
6
CONTINUOUS
10
0.3139950787401575
20
0.2474097637795276
11
0.3150594881889764
21
0.2478506692913386
0
LINE
8
BLACK
6
CONTINUOUS
10
0.3150594881889764
20
0.2478506692913386
11
0.3162116141732284
21
0.2478506692913386
0
LINE
8
BLACK
6
CONTINUOUS
10
0.3162116141732284
20
0.2478506692913386
11
0.3172760236220472
21
0.2474097637795276
0
LINE
8
BLACK
6
CONTINUOUS
10
0.3462078346456693
20
0.2478506692913386
11
0.3463058267716536
21
0.2478100787401575
0
LINE
8
BLACK
6
CONTINUOUS
10
0.3463058267716536
20
0.2478100787401575
11
0.3464116535433071
21
0.2478025590551181
0
LINE
8
BLACK
6
CONTINUOUS
10
0.3464116535433071
20
0.2478025590551181
11
0.3469522834645669
21
0.2475956692913386
0
LINE
8
BLACK
6
CONTINUOUS
10
0.3469522834645669
20
0.2475956692913386
11
0.350701811023622
21
0.245720905511811
0
LINE
8
BLACK
6
CONTINUOUS
10
0.350701811023622
20
0.245720905511811
11
0.3507981496062992
21
0.2456602755905512
0
LINE
8
BLACK
6
CONTINUOUS
10
0.3507981496062992
20
0.2456602755905512
11
0.3508435826771654
21
0.2456451181102362
0
LINE
8
BLACK
6
CONTINUOUS
10
0.3508435826771654
20
0.2456451181102362
11
0.3509001181102362
21
0.2455961023622047
0
LINE
8
BLACK
6
CONTINUOUS
10
0.3509001181102362
20
0.2455961023622047
11
0.3511916929133858
21
0.2454125590551181
0
LINE
8
BLACK
6
CONTINUOUS
10
0.3511916929133858
20
0.2454125590551181
11
0.3514342519685039
21
0.245132874015748
0
LINE
8
BLACK
6
CONTINUOUS
10
0.3514342519685039
20
0.245132874015748
11
0.3517139763779528
21
0.2448902755905512
0
LINE
8
BLACK
6
CONTINUOUS
10
0.3517139763779528
20
0.2448902755905512
11
0.3518974803149606
21
0.2445987401574803
0
LINE
8
BLACK
6
CONTINUOUS
10
0.3518974803149606
20
0.2445987401574803
11
0.3519465354330709
21
0.2445421653543307
0
LINE
8
BLACK
6
CONTINUOUS
10
0.3519465354330709
20
0.2445421653543307
11
0.3519616535433071
21
0.2444967716535433
0
LINE
8
BLACK
6
CONTINUOUS
10
0.3519616535433071
20
0.2444967716535433
11
0.3520223228346457
21
0.2444003937007874
0
LINE
8
BLACK
6
CONTINUOUS
10
0.3520223228346457
20
0.2444003937007874
11
0.3538970866141732
21
0.2406508661417323
0
LINE
8
BLACK
6
CONTINUOUS
10
0.3538970866141732
20
0.2406508661417323
11
0.3541039763779528
21
0.2401102755905512
0
LINE
8
BLACK
6
CONTINUOUS
10
0.3541039763779528
20
0.2401102755905512
11
0.3541114960629921
21
0.2400044094488189
0
LINE
8
BLACK
6
CONTINUOUS
10
0.3541114960629921
20
0.2400044094488189
11
0.3541520866141732
21
0.2399064173228346
0
LINE
8
BLACK
6
CONTINUOUS
10
0.3541520866141732
20
0.2399064173228346
11
0.3542088188976378
21
0.2393303543307087
0
LINE
8
BLACK
6
CONTINUOUS
10
0.3542088188976378
20
0.2393303543307087
11
0.3542088188976378
21
0.2187079133858268
0
LINE
8
BLACK
6
CONTINUOUS
10
0.3542088188976378
20
0.2187079133858268
11
0.3541520866141732
21
0.2181318503937008
0
LINE
8
BLACK
6
CONTINUOUS
10
0.3541520866141732
20
0.2181318503937008
11
0.3537111811023622
21
0.2170674409448819
0
LINE
8
BLACK
6
CONTINUOUS
10
0.3537111811023622
20
0.2170674409448819
11
0.3528965354330709
21
0.2162527952755905
0
LINE
8
BLACK
6
CONTINUOUS
10
0.3528965354330709
20
0.2162527952755905
11
0.351832125984252
21
0.2158118897637795
0
LINE
8
BLACK
6
CONTINUOUS
10
0.351832125984252
20
0.2158118897637795
11
0.35068
21
0.2158118897637795
0
LINE
8
BLACK
6
CONTINUOUS
10
0.35068
20
0.2158118897637795
11
0.3496155905511811
21
0.2162527952755905
0
LINE
8
BLACK
6
CONTINUOUS
10
0.3496155905511811
20
0.2162527952755905
11
0.3488009448818897
21
0.2170674409448819
0
LINE
8
BLACK
6
CONTINUOUS
10
0.3488009448818897
20
0.2170674409448819
11
0.3483600393700788
21
0.2181318503937008
0
LINE
8
BLACK
6
CONTINUOUS
10
0.3483600393700788
20
0.2181318503937008
11
0.3483033070866142
21
0.2187079133858268
0
LINE
8
BLACK
6
CONTINUOUS
10
0.3483033070866142
20
0.2187079133858268
11
0.3483033070866142
21
0.2386333070866142
0
LINE
8
BLACK
6
CONTINUOUS
10
0.3483033070866142
20
0.2386333070866142
11
0.3471804330708662
21
0.2408790551181102
0
LINE
8
BLACK
6
CONTINUOUS
10
0.3471804330708662
20
0.2408790551181102
11
0.3449347244094488
21
0.2420018897637795
0
LINE
8
BLACK
6
CONTINUOUS
10
0.3449347244094488
20
0.2420018897637795
11
0.3407045275590551
21
0.2420018897637795
0
LINE
8
BLACK
6
CONTINUOUS
10
0.3407045275590551
20
0.2420018897637795
11
0.3380070472440945
21
0.2406531496062992
0
LINE
8
BLACK
6
CONTINUOUS
10
0.3380070472440945
20
0.2406531496062992
11
0.3373359448818898
21
0.2399820472440945
0
LINE
8
BLACK
6
CONTINUOUS
10
0.3373359448818898
20
0.2399820472440945
11
0.3373359448818898
21
0.2187079133858268
0
LINE
8
BLACK
6
CONTINUOUS
10
0.3373359448818898
20
0.2187079133858268
11
0.3372792125984252
21
0.2181318503937008
0
LINE
8
BLACK
6
CONTINUOUS
10
0.3372792125984252
20
0.2181318503937008
11
0.3368383070866142
21
0.2170674409448819
0
LINE
8
BLACK
6
CONTINUOUS
10
0.3368383070866142
20
0.2170674409448819
11
0.3360236614173228
21
0.2162527952755905
0
LINE
8
BLACK
6
CONTINUOUS
10
0.3360236614173228
20
0.2162527952755905
11
0.334959251968504
21
0.2158118897637795
0
LINE
8
BLACK
6
CONTINUOUS
10
0.334959251968504
20
0.2158118897637795
11
0.3338071259842519
21
0.2158118897637795
0
LINE
8
BLACK
6
CONTINUOUS
10
0.3338071259842519
20
0.2158118897637795
11
0.3327427165354331
21
0.2162527952755905
0
LINE
8
BLACK
6
CONTINUOUS
10
0.3327427165354331
20
0.2162527952755905
11
0.3319280708661417
21
0.2170674409448819
0
LINE
8
BLACK
6
CONTINUOUS
10
0.3319280708661417
20
0.2170674409448819
11
0.3314871653543307
21
0.2181318503937008
0
LINE
8
BLACK
6
CONTINUOUS
10
0.3314871653543307
20
0.2181318503937008
11
0.3314304330708661
21
0.2187079133858268
0
LINE
8
BLACK
6
CONTINUOUS
10
0.3314304330708661
20
0.2187079133858268
11
0.3314304330708661
21
0.2449546456692913
0
LINE
8
BLACK
6
CONTINUOUS
10
0.3314304330708661
20
0.2449546456692913
11
0.3314871653543307
21
0.2455307086614173
0
LINE
8
BLACK
6
CONTINUOUS
10
0.3314871653543307
20
0.2455307086614173
11
0.3319280708661417
21
0.2465951181102362
0
LINE
8
BLACK
6
CONTINUOUS
10
0.3319280708661417
20
0.2465951181102362
11
0.3327427165354331
21
0.2474097637795276
0
LINE
8
BLACK
6
CONTINUOUS
10
0.3327427165354331
20
0.2474097637795276
11
0.3338071259842519
21
0.2478506692913386
0
LINE
8
BLACK
6
CONTINUOUS
10
0.3338071259842519
20
0.2478506692913386
11
0.334959251968504
21
0.2478506692913386
0
LINE
8
BLACK
6
CONTINUOUS
10
0.334959251968504
20
0.2478506692913386
11
0.3360236614173228
21
0.2474097637795276
0
LINE
8
BLACK
6
CONTINUOUS
10
0.3360236614173228
20
0.2474097637795276
11
0.3367874803149606
21
0.2466459448818898
0
LINE
8
BLACK
6
CONTINUOUS
10
0.3367874803149606
20
0.2466459448818898
11
0.338686968503937
21
0.2475956692913386
0
LINE
8
BLACK
6
CONTINUOUS
10
0.338686968503937
20
0.2475956692913386
11
0.3392275590551181
21
0.2478025590551181
0
LINE
8
BLACK
6
CONTINUOUS
10
0.3392275590551181
20
0.2478025590551181
11
0.3393334251968504
21
0.2478101181102362
0
LINE
8
BLACK
6
CONTINUOUS
10
0.3393334251968504
20
0.2478101181102362
11
0.3394314173228347
21
0.2478506692913386
0
LINE
8
BLACK
6
CONTINUOUS
10
0.3394314173228347
20
0.2478506692913386
11
0.3400074803149606
21
0.2479074015748031
0
LINE
8
BLACK
6
CONTINUOUS
10
0.3400074803149606
20
0.2479074015748031
11
0.3456317716535433
21
0.2479074015748031
0
LINE
8
BLACK
6
CONTINUOUS
10
0.3456317716535433
20
0.2479074015748031
11
0.3462078346456693
21
0.2478506692913386
0
LINE
8
BLACK
6
CONTINUOUS
10
0.4072647637795275
20
0.2605331102362204
11
0.4080794094488189
21
0.2597184645669292
0
LINE
8
BLACK
6
CONTINUOUS
10
0.4080794094488189
20
0.2597184645669292
11
0.4085203149606299
21
0.2586540551181102
0
LINE
8
BLACK
6
CONTINUOUS
10
0.4085203149606299
20
0.2586540551181102
11
0.4085770472440945
21
0.2580779921259843
0
LINE
8
BLACK
6
CONTINUOUS
10
0.4085770472440945
20
0.2580779921259843
11
0.4085770472440945
21
0.2422831102362205
0
LINE
8
BLACK
6
CONTINUOUS
10
0.4085770472440945
20
0.2422831102362205
11
0.4251687007874015
21
0.2422831102362205
0
LINE
8
BLACK
6
CONTINUOUS
10
0.4251687007874015
20
0.2422831102362205
11
0.4251687007874015
21
0.2580779921259843
0
LINE
8
BLACK
6
CONTINUOUS
10
0.4251687007874015
20
0.2580779921259843
11
0.4252254330708661
21
0.2586540551181102
0
LINE
8
BLACK
6
CONTINUOUS
10
0.4252254330708661
20
0.2586540551181102
11
0.4256663385826772
21
0.2597184645669292
0
LINE
8
BLACK
6
CONTINUOUS
10
0.4256663385826772
20
0.2597184645669292
11
0.4264809842519685
21
0.2605331102362204
0
LINE
8
BLACK
6
CONTINUOUS
10
0.4264809842519685
20
0.2605331102362204
11
0.4275453937007874
21
0.2609740157480315
0
LINE
8
BLACK
6
CONTINUOUS
10
0.4275453937007874
20
0.2609740157480315
11
0.4286975196850394
21
0.2609740157480315
0
LINE
8
BLACK
6
CONTINUOUS
10
0.4286975196850394
20
0.2609740157480315
11
0.4297619291338582
21
0.2605331102362204
0
LINE
8
BLACK
6
CONTINUOUS
10
0.4297619291338582
20
0.2605331102362204
11
0.4305765748031496
21
0.2597184645669292
0
LINE
8
BLACK
6
CONTINUOUS
10
0.4305765748031496
20
0.2597184645669292
11
0.4310174803149606
21
0.2586540551181102
0
LINE
8
BLACK
6
CONTINUOUS
10
0.4310174803149606
20
0.2586540551181102
11
0.4310742125984252
21
0.2580779921259843
0
LINE
8
BLACK
6
CONTINUOUS
10
0.4310742125984252
20
0.2580779921259843
11
0.4310742125984252
21
0.2187079133858268
0
LINE
8
BLACK
6
CONTINUOUS
10
0.4310742125984252
20
0.2187079133858268
11
0.4310174803149606
21
0.2181318503937008
0
LINE
8
BLACK
6
CONTINUOUS
10
0.4310174803149606
20
0.2181318503937008
11
0.4305765748031496
21
0.2170674409448819
0
LINE
8
BLACK
6
CONTINUOUS
10
0.4305765748031496
20
0.2170674409448819
11
0.4297619291338582
21
0.2162527952755905
0
LINE
8
BLACK
6
CONTINUOUS
10
0.4297619291338582
20
0.2162527952755905
11
0.4286975196850394
21
0.2158118897637795
0
LINE
8
BLACK
6
CONTINUOUS
10
0.4286975196850394
20
0.2158118897637795
11
0.4275453937007874
21
0.2158118897637795
0
LINE
8
BLACK
6
CONTINUOUS
10
0.4275453937007874
20
0.2158118897637795
11
0.4264809842519685
21
0.2162527952755905
0
LINE
8
BLACK
6
CONTINUOUS
10
0.4264809842519685
20
0.2162527952755905
11
0.4256663385826772
21
0.2170674409448819
0
LINE
8
BLACK
6
CONTINUOUS
10
0.4256663385826772
20
0.2170674409448819
11
0.4252254330708661
21
0.2181318503937008
0
LINE
8
BLACK
6
CONTINUOUS
10
0.4252254330708661
20
0.2181318503937008
11
0.4251687007874015
21
0.2187079133858268
0
LINE
8
BLACK
6
CONTINUOUS
10
0.4251687007874015
20
0.2187079133858268
11
0.4251687007874015
21
0.2363775984251968
0
LINE
8
BLACK
6
CONTINUOUS
10
0.4251687007874015
20
0.2363775984251968
11
0.4085770472440945
21
0.2363775984251968
0
LINE
8
BLACK
6
CONTINUOUS
10
0.4085770472440945
20
0.2363775984251968
11
0.4085770472440945
21
0.2187079133858268
0
LINE
8
BLACK
6
CONTINUOUS
10
0.4085770472440945
20
0.2187079133858268
11
0.4085203149606299
21
0.2181318503937008
0
LINE
8
BLACK
6
CONTINUOUS
10
0.4085203149606299
20
0.2181318503937008
11
0.4080794094488189
21
0.2170674409448819
0
LINE
8
BLACK
6
CONTINUOUS
10
0.4080794094488189
20
0.2170674409448819
11
0.4072647637795275
21
0.2162527952755905
0
LINE
8
BLACK
6
CONTINUOUS
10
0.4072647637795275
20
0.2162527952755905
11
0.4062003543307087
21
0.2158118897637795
0
LINE
8
BLACK
6
CONTINUOUS
10
0.4062003543307087
20
0.2158118897637795
11
0.4050482283464567
21
0.2158118897637795
0
LINE
8
BLACK
6
CONTINUOUS
10
0.4050482283464567
20
0.2158118897637795
11
0.4039838188976378
21
0.2162527952755905
0
LINE
8
BLACK
6
CONTINUOUS
10
0.4039838188976378
20
0.2162527952755905
11
0.4031691732283464
21
0.2170674409448819
0
LINE
8
BLACK
6
CONTINUOUS
10
0.4031691732283464
20
0.2170674409448819
11
0.4027282677165354
21
0.2181318503937008
0
LINE
8
BLACK
6
CONTINUOUS
10
0.4027282677165354
20
0.2181318503937008
11
0.4026715354330709
21
0.2187079133858268
0
LINE
8
BLACK
6
CONTINUOUS
10
0.4026715354330709
20
0.2187079133858268
11
0.4026715354330709
21
0.2580779921259843
0
LINE
8
BLACK
6
CONTINUOUS
10
0.4026715354330709
20
0.2580779921259843
11
0.4027282677165354
21
0.2586540551181102
0
LINE
8
BLACK
6
CONTINUOUS
10
0.4027282677165354
20
0.2586540551181102
11
0.4031691732283464
21
0.2597184645669292
0
LINE
8
BLACK
6
CONTINUOUS
10
0.4031691732283464
20
0.2597184645669292
11
0.4039838188976378
21
0.2605331102362204
0
LINE
8
BLACK
6
CONTINUOUS
10
0.4039838188976378
20
0.2605331102362204
11
0.4050482283464567
21
0.2609740157480315
0
LINE
8
BLACK
6
CONTINUOUS
10
0.4050482283464567
20
0.2609740157480315
11
0.4062003543307087
21
0.2609740157480315
0
LINE
8
BLACK
6
CONTINUOUS
10
0.4062003543307087
20
0.2609740157480315
11
0.4072647637795275
21
0.2605331102362204
0
LINE
8
BLACK
6
CONTINUOUS
10
0.5824283464566929
20
0.2609740157480315
11
0.5825263385826771
21
0.2609334251968504
0
LINE
8
BLACK
6
CONTINUOUS
10
0.5825263385826771
20
0.2609334251968504
11
0.5826321653543307
21
0.260925905511811
0
LINE
8
BLACK
6
CONTINUOUS
10
0.5826321653543307
20
0.260925905511811
11
0.5831727952755905
21
0.2607190157480315
0
LINE
8
BLACK
6
CONTINUOUS
10
0.5831727952755905
20
0.2607190157480315
11
0.5869223228346456
21
0.2588442519685039
0
LINE
8
BLACK
6
CONTINUOUS
10
0.5869223228346456
20
0.2588442519685039
11
0.5871703149606299
21
0.258688188976378
0
LINE
8
BLACK
6
CONTINUOUS
10
0.5871703149606299
20
0.258688188976378
11
0.5872422834645669
21
0.2586583464566929
0
LINE
8
BLACK
6
CONTINUOUS
10
0.5872422834645669
20
0.2586583464566929
11
0.5873232283464567
21
0.2585918897637795
0
LINE
8
BLACK
6
CONTINUOUS
10
0.5873232283464567
20
0.2585918897637795
11
0.5874122047244095
21
0.258535905511811
0
LINE
8
BLACK
6
CONTINUOUS
10
0.5874122047244095
20
0.258535905511811
11
0.5874633464566928
21
0.2584769291338583
0
LINE
8
BLACK
6
CONTINUOUS
10
0.5874633464566928
20
0.2584769291338583
11
0.5876897244094488
21
0.2582911417322835
0
LINE
8
BLACK
6
CONTINUOUS
10
0.5876897244094488
20
0.2582911417322835
11
0.5895644881889763
21
0.2564163779527559
0
LINE
8
BLACK
6
CONTINUOUS
10
0.5895644881889763
20
0.2564163779527559
11
0.5897502362204724
21
0.2561900393700787
0
LINE
8
BLACK
6
CONTINUOUS
10
0.5897502362204724
20
0.2561900393700787
11
0.589809251968504
21
0.2561388582677165
0
LINE
8
BLACK
6
CONTINUOUS
10
0.589809251968504
20
0.2561388582677165
11
0.5898651968503937
21
0.2560499212598425
0
LINE
8
BLACK
6
CONTINUOUS
10
0.5898651968503937
20
0.2560499212598425
11
0.5899316929133858
21
0.255968937007874
0
LINE
8
BLACK
6
CONTINUOUS
10
0.5899316929133858
20
0.255968937007874
11
0.5899614960629921
21
0.2558970078740158
0
LINE
8
BLACK
6
CONTINUOUS
10
0.5899614960629921
20
0.2558970078740158
11
0.5901175984251968
21
0.2556489763779528
0
LINE
8
BLACK
6
CONTINUOUS
10
0.5901175984251968
20
0.2556489763779528
11
0.5919923622047244
21
0.2518994488188976
0
LINE
8
BLACK
6
CONTINUOUS
10
0.5919923622047244
20
0.2518994488188976
11
0.5921992519685039
21
0.2513588582677165
0
LINE
8
BLACK
6
CONTINUOUS
10
0.5921992519685039
20
0.2513588582677165
11
0.5922067716535433
21
0.2512529921259842
0
LINE
8
BLACK
6
CONTINUOUS
10
0.5922067716535433
20
0.2512529921259842
11
0.5922473622047244
21
0.251155
0
LINE
8
BLACK
6
CONTINUOUS
10
0.5922473622047244
20
0.251155
11
0.592304094488189
21
0.250578937007874
0
LINE
8
BLACK
6
CONTINUOUS
10
0.592304094488189
20
0.250578937007874
11
0.592304094488189
21
0.2449546456692913
0
LINE
8
BLACK
6
CONTINUOUS
10
0.592304094488189
20
0.2449546456692913
11
0.5922473622047244
21
0.2443785826771654
0
LINE
8
BLACK
6
CONTINUOUS
10
0.5922473622047244
20
0.2443785826771654
11
0.5922067716535433
21
0.2442806299212598
0
LINE
8
BLACK
6
CONTINUOUS
10
0.5922067716535433
20
0.2442806299212598
11
0.5921992519685039
21
0.2441747244094488
0
LINE
8
BLACK
6
CONTINUOUS
10
0.5921992519685039
20
0.2441747244094488
11
0.5919923622047244
21
0.2436341338582677
0
LINE
8
BLACK
6
CONTINUOUS
10
0.5919923622047244
20
0.2436341338582677
11
0.5901175984251968
21
0.2398846062992126
0
LINE
8
BLACK
6
CONTINUOUS
10
0.5901175984251968
20
0.2398846062992126
11
0.5899614960629921
21
0.2396366141732283
0
LINE
8
BLACK
6
CONTINUOUS
10
0.5899614960629921
20
0.2396366141732283
11
0.5899316929133858
21
0.2395646456692913
0
LINE
8
BLACK
6
CONTINUOUS
10
0.5899316929133858
20
0.2395646456692913
11
0.5898651968503937
21
0.2394837007874016
0
LINE
8
BLACK
6
CONTINUOUS
10
0.5898651968503937
20
0.2394837007874016
11
0.589809251968504
21
0.2393947244094488
0
LINE
8
BLACK
6
CONTINUOUS
10
0.589809251968504
20
0.2393947244094488
11
0.5897502362204724
21
0.2393435826771654
0
LINE
8
BLACK
6
CONTINUOUS
10
0.5897502362204724
20
0.2393435826771654
11
0.5895644881889763
21
0.2391172047244094
0
LINE
8
BLACK
6
CONTINUOUS
10
0.5895644881889763
20
0.2391172047244094
11
0.5876897244094488
21
0.2372424409448819
0
LINE
8
BLACK
6
CONTINUOUS
10
0.5876897244094488
20
0.2372424409448819
11
0.5874633464566928
21
0.2370566929133858
0
LINE
8
BLACK
6
CONTINUOUS
10
0.5874633464566928
20
0.2370566929133858
11
0.5874122047244095
21
0.2369976771653543
0
LINE
8
BLACK
6
CONTINUOUS
10
0.5874122047244095
20
0.2369976771653543
11
0.5873232283464567
21
0.2369417322834646
0
LINE
8
BLACK
6
CONTINUOUS
10
0.5873232283464567
20
0.2369417322834646
11
0.5872422834645669
21
0.2368752362204724
0
LINE
8
BLACK
6
CONTINUOUS
10
0.5872422834645669
20
0.2368752362204724
11
0.5871703149606299
21
0.2368454330708661
0
LINE
8
BLACK
6
CONTINUOUS
10
0.5871703149606299
20
0.2368454330708661
11
0.5869223228346456
21
0.2366893307086614
0
LINE
8
BLACK
6
CONTINUOUS
10
0.5869223228346456
20
0.2366893307086614
11
0.5831727952755905
21
0.2348145669291339
0
LINE
8
BLACK
6
CONTINUOUS
10
0.5831727952755905
20
0.2348145669291339
11
0.5826321653543307
21
0.2346076771653543
0
LINE
8
BLACK
6
CONTINUOUS
10
0.5826321653543307
20
0.2346076771653543
11
0.5825263385826771
21
0.2346001968503937
0
LINE
8
BLACK
6
CONTINUOUS
10
0.5825263385826771
20
0.2346001968503937
11
0.5824283464566929
21
0.2345595669291339
0
LINE
8
BLACK
6
CONTINUOUS
10
0.5824283464566929
20
0.2345595669291339
11
0.581852283464567
21
0.2345028346456693
0
LINE
8
BLACK
6
CONTINUOUS
10
0.581852283464567
20
0.2345028346456693
11
0.5698069291338582
21
0.2345028346456693
0
LINE
8
BLACK
6
CONTINUOUS
10
0.5698069291338582
20
0.2345028346456693
11
0.5698069291338582
21
0.2187079133858268
0
LINE
8
BLACK
6
CONTINUOUS
10
0.5698069291338582
20
0.2187079133858268
11
0.5697501968503937
21
0.2181318503937008
0
LINE
8
BLACK
6
CONTINUOUS
10
0.5697501968503937
20
0.2181318503937008
11
0.5693092913385827
21
0.2170674409448819
0
LINE
8
BLACK
6
CONTINUOUS
10
0.5693092913385827
20
0.2170674409448819
11
0.5684946456692913
21
0.2162527952755905
0
LINE
8
BLACK
6
CONTINUOUS
10
0.5684946456692913
20
0.2162527952755905
11
0.5674302362204724
21
0.2158118897637795
0
LINE
8
BLACK
6
CONTINUOUS
10
0.5674302362204724
20
0.2158118897637795
11
0.5662781102362204
21
0.2158118897637795
0
LINE
8
BLACK
6
CONTINUOUS
10
0.5662781102362204
20
0.2158118897637795
11
0.5652137007874015
21
0.2162527952755905
0
LINE
8
BLACK
6
CONTINUOUS
10
0.5652137007874015
20
0.2162527952755905
11
0.5643990551181102
21
0.2170674409448819
0
LINE
8
BLACK
6
CONTINUOUS
10
0.5643990551181102
20
0.2170674409448819
11
0.5639581496062992
21
0.2181318503937008
0
LINE
8
BLACK
6
CONTINUOUS
10
0.5639581496062992
20
0.2181318503937008
11
0.5639014173228346
21
0.2187079133858268
0
LINE
8
BLACK
6
CONTINUOUS
10
0.5639014173228346
20
0.2187079133858268
11
0.5639014173228346
21
0.2580779921259843
0
LINE
8
BLACK
6
CONTINUOUS
10
0.5639014173228346
20
0.2580779921259843
11
0.5639581496062992
21
0.2586540551181102
0
LINE
8
BLACK
6
CONTINUOUS
10
0.5639581496062992
20
0.2586540551181102
11
0.5643990551181102
21
0.2597184645669292
0
LINE
8
BLACK
6
CONTINUOUS
10
0.5643990551181102
20
0.2597184645669292
11
0.5652137007874015
21
0.2605331102362204
0
LINE
8
BLACK
6
CONTINUOUS
10
0.5652137007874015
20
0.2605331102362204
11
0.5662781102362204
21
0.2609740157480315
0
LINE
8
BLACK
6
CONTINUOUS
10
0.5662781102362204
20
0.2609740157480315
11
0.5668541732283464
21
0.2610307480314961
0
LINE
8
BLACK
6
CONTINUOUS
10
0.5668541732283464
20
0.2610307480314961
11
0.581852283464567
21
0.2610307480314961
0
LINE
8
BLACK
6
CONTINUOUS
10
0.581852283464567
20
0.2610307480314961
11
0.5824283464566929
21
0.2609740157480315
0
LINE
8
BLACK
6
CONTINUOUS
10
0.5698069291338582
20
0.2404083464566929
11
0.5811552362204724
21
0.2404083464566929
0
LINE
8
BLACK
6
CONTINUOUS
10
0.5811552362204724
20
0.2404083464566929
11
0.583852716535433
21
0.2417570866141732
0
LINE
8
BLACK
6
CONTINUOUS
10
0.583852716535433
20
0.2417570866141732
11
0.5850498425196851
21
0.2429542125984252
0
LINE
8
BLACK
6
CONTINUOUS
10
0.5850498425196851
20
0.2429542125984252
11
0.5863985826771654
21
0.2456516929133858
0
LINE
8
BLACK
6
CONTINUOUS
10
0.5863985826771654
20
0.2456516929133858
11
0.5863985826771654
21
0.2498818897637795
0
LINE
8
BLACK
6
CONTINUOUS
10
0.5863985826771654
20
0.2498818897637795
11
0.5850498425196851
21
0.2525793700787402
0
LINE
8
BLACK
6
CONTINUOUS
10
0.5850498425196851
20
0.2525793700787402
11
0.583852716535433
21
0.2537764960629921
0
LINE
8
BLACK
6
CONTINUOUS
10
0.583852716535433
20
0.2537764960629921
11
0.5811552362204724
21
0.2551252362204725
0
LINE
8
BLACK
6
CONTINUOUS
10
0.5811552362204724
20
0.2551252362204725
11
0.5698069291338582
21
0.2551252362204725
0
LINE
8
BLACK
6
CONTINUOUS
10
0.5698069291338582
20
0.2551252362204725
11
0.5698069291338582
21
0.2404083464566929
0
LINE
8
BLACK
6
CONTINUOUS
10
2.1675930314960627
20
0.2609740157480315
11
2.1681050787401572
21
0.2609740157480315
0
LINE
8
BLACK
6
CONTINUOUS
10
2.1681050787401572
20
0.2609740157480315
11
2.1681658267716535
21
0.2609488582677165
0
LINE
8
BLACK
6
CONTINUOUS
10
2.1681658267716535
20
0.2609488582677165
11
2.1682316929133858
21
0.2609459448818898
0
LINE
8
BLACK
6
CONTINUOUS
10
2.1682316929133858
20
0.2609459448818898
11
2.1686965354330709
21
0.2607290551181102
0
LINE
8
BLACK
6
CONTINUOUS
10
2.1686965354330709
20
0.2607290551181102
11
2.1691694881889765
21
0.2605331102362204
0
LINE
8
BLACK
6
CONTINUOUS
10
2.1691694881889765
20
0.2605331102362204
11
2.1692159842519683
21
0.2604866141732283
0
LINE
8
BLACK
6
CONTINUOUS
10
2.1692159842519683
20
0.2604866141732283
11
2.1692757086614174
21
0.2604587401574803
0
LINE
8
BLACK
6
CONTINUOUS
10
2.1692757086614174
20
0.2604587401574803
11
2.1696219291338581
21
0.2600806692913386
0
LINE
8
BLACK
6
CONTINUOUS
10
2.1696219291338581
20
0.2600806692913386
11
2.1699841338582675
21
0.2597184645669292
0
LINE
8
BLACK
6
CONTINUOUS
10
2.1699841338582675
20
0.2597184645669292
11
2.1700093307086612
21
0.2596576377952756
0
LINE
8
BLACK
6
CONTINUOUS
10
2.1700093307086612
20
0.2596576377952756
11
2.1700538188976379
21
0.2596090551181102
0
LINE
8
BLACK
6
CONTINUOUS
10
2.1700538188976379
20
0.2596090551181102
11
2.170228897637795
21
0.2591275590551181
0
LINE
8
BLACK
6
CONTINUOUS
10
2.170228897637795
20
0.2591275590551181
11
2.1704250393700786
21
0.2586540551181102
0
LINE
8
BLACK
6
CONTINUOUS
10
2.1704250393700786
20
0.2586540551181102
11
2.170433937007874
21
0.2585637007874016
0
LINE
8
BLACK
6
CONTINUOUS
10
2.170433937007874
20
0.2585637007874016
11
2.1704475196850392
21
0.2585263385826772
0
LINE
8
BLACK
6
CONTINUOUS
10
2.1704475196850392
20
0.2585263385826772
11
2.1704444488188974
21
0.2584568110236221
0
LINE
8
BLACK
6
CONTINUOUS
10
2.1704444488188974
20
0.2584568110236221
11
2.1704817716535434
21
0.2580779921259843
0
LINE
8
BLACK
6
CONTINUOUS
10
2.1704817716535434
20
0.2580779921259843
11
2.1704817716535434
21
0.2187079133858268
0
LINE
8
BLACK
6
CONTINUOUS
10
2.1704817716535434
20
0.2187079133858268
11
2.1704250393700786
21
0.2181318503937008
0
LINE
8
BLACK
6
CONTINUOUS
10
2.1704250393700786
20
0.2181318503937008
11
2.1699841338582675
21
0.2170674409448819
0
LINE
8
BLACK
6
CONTINUOUS
10
2.1699841338582675
20
0.2170674409448819
11
2.1691694881889765
21
0.2162527952755905
0
LINE
8
BLACK
6
CONTINUOUS
10
2.1691694881889765
20
0.2162527952755905
11
2.1681050787401572
21
0.2158118897637795
0
LINE
8
BLACK
6
CONTINUOUS
10
2.1681050787401572
20
0.2158118897637795
11
2.1669529527559055
21
0.2158118897637795
0
LINE
8
BLACK
6
CONTINUOUS
10
2.1669529527559055
20
0.2158118897637795
11
2.1658885433070867
21
0.2162527952755905
0
LINE
8
BLACK
6
CONTINUOUS
10
2.1658885433070867
20
0.2162527952755905
11
2.1650738976377952
21
0.2170674409448819
0
LINE
8
BLACK
6
CONTINUOUS
10
2.1650738976377952
20
0.2170674409448819
11
2.1646329921259841
21
0.2181318503937008
0
LINE
8
BLACK
6
CONTINUOUS
10
2.1646329921259841
20
0.2181318503937008
11
2.1645762598425198
21
0.2187079133858268
0
LINE
8
BLACK
6
CONTINUOUS
10
2.1645762598425198
20
0.2187079133858268
11
2.1645762598425198
21
0.2447682677165354
0
LINE
8
BLACK
6
CONTINUOUS
10
2.1645762598425198
20
0.2447682677165354
11
2.1570814173228348
21
0.228707874015748
0
LINE
8
BLACK
6
CONTINUOUS
10
2.1570814173228348
20
0.228707874015748
11
2.1569564566929134
21
0.228496968503937
0
LINE
8
BLACK
6
CONTINUOUS
10
2.1569564566929134
20
0.228496968503937
11
2.156930472440945
21
0.2284254724409449
0
LINE
8
BLACK
6
CONTINUOUS
10
2.156930472440945
20
0.2284254724409449
11
2.1568841338582678
21
0.2283749212598425
0
LINE
8
BLACK
6
CONTINUOUS
10
2.1568841338582678
20
0.2283749212598425
11
2.1567863779527561
21
0.228209842519685
0
LINE
8
BLACK
6
CONTINUOUS
10
2.1567863779527561
20
0.228209842519685
11
2.1564555511811023
21
0.2279069291338583
0
LINE
8
BLACK
6
CONTINUOUS
10
2.1564555511811023
20
0.2279069291338583
11
2.1561523622047245
21
0.2275757874015748
0
LINE
8
BLACK
6
CONTINUOUS
10
2.1561523622047245
20
0.2275757874015748
11
2.1560333858267717
21
0.2275203149606299
0
LINE
8
BLACK
6
CONTINUOUS
10
2.1560333858267717
20
0.2275203149606299
11
2.1559367322834646
21
0.2274317322834646
0
LINE
8
BLACK
6
CONTINUOUS
10
2.1559367322834646
20
0.2274317322834646
11
2.1555152362204724
21
0.2272785039370079
0
LINE
8
BLACK
6
CONTINUOUS
10
2.1555152362204724
20
0.2272785039370079
11
2.1551083464566929
21
0.2270885826771654
0
LINE
8
BLACK
6
CONTINUOUS
10
2.1551083464566929
20
0.2270885826771654
11
2.1549771653543308
21
0.2270828346456693
0
LINE
8
BLACK
6
CONTINUOUS
10
2.1549771653543308
20
0.2270828346456693
11
2.1548540157480316
21
0.227038031496063
0
LINE
8
BLACK
6
CONTINUOUS
10
2.1548540157480316
20
0.227038031496063
11
2.154405905511811
21
0.2270577165354331
0
LINE
8
BLACK
6
CONTINUOUS
10
2.154405905511811
20
0.2270577165354331
11
2.1539573228346458
21
0.2270379921259842
0
LINE
8
BLACK
6
CONTINUOUS
10
2.1539573228346458
20
0.2270379921259842
11
2.1538340157480316
21
0.2270828346456693
0
LINE
8
BLACK
6
CONTINUOUS
10
2.1538340157480316
20
0.2270828346456693
11
2.153702992125984
21
0.2270885826771654
0
LINE
8
BLACK
6
CONTINUOUS
10
2.153702992125984
20
0.2270885826771654
11
2.1532963385826771
21
0.2272783858267717
0
LINE
8
BLACK
6
CONTINUOUS
10
2.1532963385826771
20
0.2272783858267717
11
2.1528746062992123
21
0.2274317322834646
0
LINE
8
BLACK
6
CONTINUOUS
10
2.1528746062992123
20
0.2274317322834646
11
2.1527777952755907
21
0.2275203937007874
0
LINE
8
BLACK
6
CONTINUOUS
10
2.1527777952755907
20
0.2275203937007874
11
2.1526589763779529
21
0.2275758267716535
0
LINE
8
BLACK
6
CONTINUOUS
10
2.1526589763779529
20
0.2275758267716535
11
2.1523560236220471
21
0.2279066535433071
0
LINE
8
BLACK
6
CONTINUOUS
10
2.1523560236220471
20
0.2279066535433071
11
2.1520249606299213
21
0.2282098031496063
0
LINE
8
BLACK
6
CONTINUOUS
10
2.1520249606299213
20
0.2282098031496063
11
2.1519270866141733
21
0.228375
0
LINE
8
BLACK
6
CONTINUOUS
10
2.1519270866141733
20
0.228375
11
2.1518808661417324
21
0.2284254724409449
0
LINE
8
BLACK
6
CONTINUOUS
10
2.1518808661417324
20
0.2284254724409449
11
2.1518548818897636
21
0.2284968503937008
0
LINE
8
BLACK
6
CONTINUOUS
10
2.1518548818897636
20
0.2284968503937008
11
2.1517299212598426
21
0.2287078346456693
0
LINE
8
BLACK
6
CONTINUOUS
10
2.1517299212598426
20
0.2287078346456693
11
2.1442350787401576
21
0.2447682677165354
0
LINE
8
BLACK
6
CONTINUOUS
10
2.1442350787401576
20
0.2447682677165354
11
2.1442350787401576
21
0.2187079133858268
0
LINE
8
BLACK
6
CONTINUOUS
10
2.1442350787401576
20
0.2187079133858268
11
2.1441783464566928
21
0.2181318503937008
0
LINE
8
BLACK
6
CONTINUOUS
10
2.1441783464566928
20
0.2181318503937008
11
2.1437374409448817
21
0.2170674409448819
0
LINE
8
BLACK
6
CONTINUOUS
10
2.1437374409448817
20
0.2170674409448819
11
2.1429227952755907
21
0.2162527952755905
0
LINE
8
BLACK
6
CONTINUOUS
10
2.1429227952755907
20
0.2162527952755905
11
2.1418583858267715
21
0.2158118897637795
0
LINE
8
BLACK
6
CONTINUOUS
10
2.1418583858267715
20
0.2158118897637795
11
2.1407062598425197
21
0.2158118897637795
0
LINE
8
BLACK
6
CONTINUOUS
10
2.1407062598425197
20
0.2158118897637795
11
2.1396418503937009
21
0.2162527952755905
0
LINE
8
BLACK
6
CONTINUOUS
10
2.1396418503937009
20
0.2162527952755905
11
2.1388272047244095
21
0.2170674409448819
0
LINE
8
BLACK
6
CONTINUOUS
10
2.1388272047244095
20
0.2170674409448819
11
2.1383862992125984
21
0.2181318503937008
0
LINE
8
BLACK
6
CONTINUOUS
10
2.1383862992125984
20
0.2181318503937008
11
2.138329566929134
21
0.2187079133858268
0
LINE
8
BLACK
6
CONTINUOUS
10
2.138329566929134
20
0.2187079133858268
11
2.138329566929134
21
0.2580779921259843
0
LINE
8
BLACK
6
CONTINUOUS
10
2.138329566929134
20
0.2580779921259843
11
2.1383668503937008
21
0.2584568110236221
0
LINE
8
BLACK
6
CONTINUOUS
10
2.1383668503937008
20
0.2584568110236221
11
2.1383638188976377
21
0.2585263385826772
0
LINE
8
BLACK
6
CONTINUOUS
10
2.1383638188976377
20
0.2585263385826772
11
2.1383773622047242
21
0.2585637007874016
0
LINE
8
BLACK
6
CONTINUOUS
10
2.1383773622047242
20
0.2585637007874016
11
2.1383862992125984
21
0.2586540551181102
0
LINE
8
BLACK
6
CONTINUOUS
10
2.1383862992125984
20
0.2586540551181102
11
2.1385824015748032
21
0.2591275590551181
0
LINE
8
BLACK
6
CONTINUOUS
10
2.1385824015748032
20
0.2591275590551181
11
2.1387575196850395
21
0.2596090551181102
0
LINE
8
BLACK
6
CONTINUOUS
10
2.1387575196850395
20
0.2596090551181102
11
2.138801968503937
21
0.2596576377952756
0
LINE
8
BLACK
6
CONTINUOUS
10
2.138801968503937
20
0.2596576377952756
11
2.1388272047244095
21
0.2597184645669292
0
LINE
8
BLACK
6
CONTINUOUS
10
2.1388272047244095
20
0.2597184645669292
11
2.1391896062992126
21
0.260080905511811
0
LINE
8
BLACK
6
CONTINUOUS
10
2.1391896062992126
20
0.260080905511811
11
2.13953562992126
21
0.2604587007874016
0
LINE
8
BLACK
6
CONTINUOUS
10
2.13953562992126
20
0.2604587007874016
11
2.1395952755905512
21
0.2604865748031496
0
LINE
8
BLACK
6
CONTINUOUS
10
2.1395952755905512
20
0.2604865748031496
11
2.1396418503937009
21
0.2605331102362204
0
LINE
8
BLACK
6
CONTINUOUS
10
2.1396418503937009
20
0.2605331102362204
11
2.140115118110236
21
0.2607291732283464
0
LINE
8
BLACK
6
CONTINUOUS
10
2.140115118110236
20
0.2607291732283464
11
2.1405796456692912
21
0.2609459448818898
0
LINE
8
BLACK
6
CONTINUOUS
10
2.1405796456692912
20
0.2609459448818898
11
2.140645433070866
21
0.2609488582677165
0
LINE
8
BLACK
6
CONTINUOUS
10
2.140645433070866
20
0.2609488582677165
11
2.1407062598425197
21
0.2609740157480315
0
LINE
8
BLACK
6
CONTINUOUS
10
2.1407062598425197
20
0.2609740157480315
11
2.1412188188976375
21
0.2609740157480315
0
LINE
8
BLACK
6
CONTINUOUS
10
2.1412188188976375
20
0.2609740157480315
11
2.1417306692913387
21
0.2609964960629921
0
LINE
8
BLACK
6
CONTINUOUS
10
2.1417306692913387
20
0.2609964960629921
11
2.1417924803149604
21
0.2609740157480315
0
LINE
8
BLACK
6
CONTINUOUS
10
2.1417924803149604
20
0.2609740157480315
11
2.1418583858267715
21
0.2609740157480315
0
LINE
8
BLACK
6
CONTINUOUS
10
2.1418583858267715
20
0.2609740157480315
11
2.1423318503937008
21
0.2607779133858268
0
LINE
8
BLACK
6
CONTINUOUS
10
2.1423318503937008
20
0.2607779133858268
11
2.1428133858267717
21
0.2606027952755905
0
LINE
8
BLACK
6
CONTINUOUS
10
2.1428133858267717
20
0.2606027952755905
11
2.1428619291338582
21
0.2605583464566929
0
LINE
8
BLACK
6
CONTINUOUS
10
2.1428619291338582
20
0.2605583464566929
11
2.1429227952755907
21
0.2605331102362204
0
LINE
8
BLACK
6
CONTINUOUS
10
2.1429227952755907
20
0.2605331102362204
11
2.1432851968503939
21
0.2601707086614173
0
LINE
8
BLACK
6
CONTINUOUS
10
2.1432851968503939
20
0.2601707086614173
11
2.1436630314960627
21
0.2598246850393701
0
LINE
8
BLACK
6
CONTINUOUS
10
2.1436630314960627
20
0.2598246850393701
11
2.1437092519685037
21
0.2597466535433071
0
LINE
8
BLACK
6
CONTINUOUS
10
2.1437092519685037
20
0.2597466535433071
11
2.1437374409448817
21
0.2597184645669292
0
LINE
8
BLACK
6
CONTINUOUS
10
2.1437374409448817
20
0.2597184645669292
11
2.1437641338582676
21
0.2596540551181102
0
LINE
8
BLACK
6
CONTINUOUS
10
2.1437641338582676
20
0.2596540551181102
11
2.1439580708661419
21
0.2593266535433071
0
LINE
8
BLACK
6
CONTINUOUS
10
2.1439580708661419
20
0.2593266535433071
11
2.1544056299212597
21
0.2369389763779527
0
LINE
8
BLACK
6
CONTINUOUS
10
2.1544056299212597
20
0.2369389763779527
11
2.1648532677165355
21
0.2593266929133858
0
LINE
8
BLACK
6
CONTINUOUS
10
2.1648532677165355
20
0.2593266929133858
11
2.1650472440944881
21
0.2596541732283464
0
LINE
8
BLACK
6
CONTINUOUS
10
2.1650472440944881
20
0.2596541732283464
11
2.1650738976377952
21
0.2597184645669292
0
LINE
8
BLACK
6
CONTINUOUS
10
2.1650738976377952
20
0.2597184645669292
11
2.1651020078740157
21
0.2597466141732284
0
LINE
8
BLACK
6
CONTINUOUS
10
2.1651020078740157
20
0.2597466141732284
11
2.1651483070866142
21
0.2598247244094488
0
LINE
8
BLACK
6
CONTINUOUS
10
2.1651483070866142
20
0.2598247244094488
11
2.165526377952756
21
0.2601709842519685
0
LINE
8
BLACK
6
CONTINUOUS
10
2.165526377952756
20
0.2601709842519685
11
2.1658885433070867
21
0.2605331102362204
0
LINE
8
BLACK
6
CONTINUOUS
10
2.1658885433070867
20
0.2605331102362204
11
2.16594937007874
21
0.2605583070866141
0
LINE
8
BLACK
6
CONTINUOUS
10
2.16594937007874
20
0.2605583070866141
11
2.1659979527559057
21
0.2606027952755905
0
LINE
8
BLACK
6
CONTINUOUS
10
2.1659979527559057
20
0.2606027952755905
11
2.1664797637795274
21
0.260778031496063
0
LINE
8
BLACK
6
CONTINUOUS
10
2.1664797637795274
20
0.260778031496063
11
2.1669529527559055
21
0.2609740157480315
0
LINE
8
BLACK
6
CONTINUOUS
10
2.1669529527559055
20
0.2609740157480315
11
2.1670187401574803
21
0.2609740157480315
0
LINE
8
BLACK
6
CONTINUOUS
10
2.1670187401574803
20
0.2609740157480315
11
2.1670806692913387
21
0.2609965354330709
0
LINE
8
BLACK
6
CONTINUOUS
10
2.1670806692913387
20
0.2609965354330709
11
2.1675930314960627
21
0.2609740157480315
0
LINE
8
BLACK
6
CONTINUOUS
10
2.2693424409448819
20
0.2478506692913386
11
2.2694404330708662
21
0.2478100787401575
0
LINE
8
BLACK
6
CONTINUOUS
10
2.2694404330708662
20
0.2478100787401575
11
2.2695462598425196
21
0.2478025590551181
0
LINE
8
BLACK
6
CONTINUOUS
10
2.2695462598425196
20
0.2478025590551181
11
2.2700868897637796
21
0.2475956692913386
0
LINE
8
BLACK
6
CONTINUOUS
10
2.2700868897637796
20
0.2475956692913386
11
2.2738364173228347
21
0.245720905511811
0
LINE
8
BLACK
6
CONTINUOUS
10
2.2738364173228347
20
0.245720905511811
11
2.2739327559055118
21
0.2456602755905512
0
LINE
8
BLACK
6
CONTINUOUS
10
2.2739327559055118
20
0.2456602755905512
11
2.2739781889763777
21
0.2456451181102362
0
LINE
8
BLACK
6
CONTINUOUS
10
2.2739781889763777
20
0.2456451181102362
11
2.2740347244094488
21
0.2455961023622047
0
LINE
8
BLACK
6
CONTINUOUS
10
2.2740347244094488
20
0.2455961023622047
11
2.2743262992125985
21
0.2454125590551181
0
LINE
8
BLACK
6
CONTINUOUS
10
2.2743262992125985
20
0.2454125590551181
11
2.2745688582677164
21
0.245132874015748
0
LINE
8
BLACK
6
CONTINUOUS
10
2.2745688582677164
20
0.245132874015748
11
2.2748485826771652
21
0.2448902755905512
0
LINE
8
BLACK
6
CONTINUOUS
10
2.2748485826771652
20
0.2448902755905512
11
2.2750320866141731
21
0.2445987401574803
0
LINE
8
BLACK
6
CONTINUOUS
10
2.2750320866141731
20
0.2445987401574803
11
2.2750811417322834
21
0.2445421653543307
0
LINE
8
BLACK
6
CONTINUOUS
10
2.2750811417322834
20
0.2445421653543307
11
2.2750962598425195
21
0.2444967716535433
0
LINE
8
BLACK
6
CONTINUOUS
10
2.2750962598425195
20
0.2444967716535433
11
2.2751569291338583
21
0.2444003937007874
0
LINE
8
BLACK
6
CONTINUOUS
10
2.2751569291338583
20
0.2444003937007874
11
2.2770316929133858
21
0.2406508661417323
0
LINE
8
BLACK
6
CONTINUOUS
10
2.2770316929133858
20
0.2406508661417323
11
2.2772385826771653
21
0.2401102755905512
0
LINE
8
BLACK
6
CONTINUOUS
10
2.2772385826771653
20
0.2401102755905512
11
2.2772461023622048
21
0.2400044094488189
0
LINE
8
BLACK
6
CONTINUOUS
10
2.2772461023622048
20
0.2400044094488189
11
2.2772866929133859
21
0.2399064173228346
0
LINE
8
BLACK
6
CONTINUOUS
10
2.2772866929133859
20
0.2399064173228346
11
2.2773434251968503
21
0.2393303543307087
0
LINE
8
BLACK
6
CONTINUOUS
10
2.2773434251968503
20
0.2393303543307087
11
2.2773434251968503
21
0.2187079133858268
0
LINE
8
BLACK
6
CONTINUOUS
10
2.2773434251968503
20
0.2187079133858268
11
2.2772866929133859
21
0.2181318503937008
0
LINE
8
BLACK
6
CONTINUOUS
10
2.2772866929133859
20
0.2181318503937008
11
2.2768457874015748
21
0.2170674409448819
0
LINE
8
BLACK
6
CONTINUOUS
10
2.2768457874015748
20
0.2170674409448819
11
2.2760311417322834
21
0.2162527952755905
0
LINE
8
BLACK
6
CONTINUOUS
10
2.2760311417322834
20
0.2162527952755905
11
2.2749667322834646
21
0.2158118897637795
0
LINE
8
BLACK
6
CONTINUOUS
10
2.2749667322834646
20
0.2158118897637795
11
2.2738146062992124
21
0.2158118897637795
0
LINE
8
BLACK
6
CONTINUOUS
10
2.2738146062992124
20
0.2158118897637795
11
2.2727501968503936
21
0.2162527952755905
0
LINE
8
BLACK
6
CONTINUOUS
10
2.2727501968503936
20
0.2162527952755905
11
2.2719355511811021
21
0.2170674409448819
0
LINE
8
BLACK
6
CONTINUOUS
10
2.2719355511811021
20
0.2170674409448819
11
2.2714946456692915
21
0.2181318503937008
0
LINE
8
BLACK
6
CONTINUOUS
10
2.2714946456692915
20
0.2181318503937008
11
2.2714379133858267
21
0.2187079133858268
0
LINE
8
BLACK
6
CONTINUOUS
10
2.2714379133858267
20
0.2187079133858268
11
2.2714379133858267
21
0.2386333070866142
0
LINE
8
BLACK
6
CONTINUOUS
10
2.2714379133858267
20
0.2386333070866142
11
2.2703150393700788
21
0.2408790551181102
0
LINE
8
BLACK
6
CONTINUOUS
10
2.2703150393700788
20
0.2408790551181102
11
2.2680693307086615
21
0.2420018897637795
0
LINE
8
BLACK
6
CONTINUOUS
10
2.2680693307086615
20
0.2420018897637795
11
2.2638391338582675
21
0.2420018897637795
0
LINE
8
BLACK
6
CONTINUOUS
10
2.2638391338582675
20
0.2420018897637795
11
2.2611416535433069
21
0.2406531496062992
0
LINE
8
BLACK
6
CONTINUOUS
10
2.2611416535433069
20
0.2406531496062992
11
2.2604705511811023
21
0.2399820472440945
0
LINE
8
BLACK
6
CONTINUOUS
10
2.2604705511811023
20
0.2399820472440945
11
2.2604705511811023
21
0.2187079133858268
0
LINE
8
BLACK
6
CONTINUOUS
10
2.2604705511811023
20
0.2187079133858268
11
2.2604138188976379
21
0.2181318503937008
0
LINE
8
BLACK
6
CONTINUOUS
10
2.2604138188976379
20
0.2181318503937008
11
2.2599729133858268
21
0.2170674409448819
0
LINE
8
BLACK
6
CONTINUOUS
10
2.2599729133858268
20
0.2170674409448819
11
2.2591582677165354
21
0.2162527952755905
0
LINE
8
BLACK
6
CONTINUOUS
10
2.2591582677165354
20
0.2162527952755905
11
2.2580938582677166
21
0.2158118897637795
0
LINE
8
BLACK
6
CONTINUOUS
10
2.2580938582677166
20
0.2158118897637795
11
2.2569417322834644
21
0.2158118897637795
0
LINE
8
BLACK
6
CONTINUOUS
10
2.2569417322834644
20
0.2158118897637795
11
2.2558773228346456
21
0.2162527952755905
0
LINE
8
BLACK
6
CONTINUOUS
10
2.2558773228346456
20
0.2162527952755905
11
2.2550626771653541
21
0.2170674409448819
0
LINE
8
BLACK
6
CONTINUOUS
10
2.2550626771653541
20
0.2170674409448819
11
2.254621771653543
21
0.2181318503937008
0
LINE
8
BLACK
6
CONTINUOUS
10
2.254621771653543
20
0.2181318503937008
11
2.2545650393700787
21
0.2187079133858268
0
LINE
8
BLACK
6
CONTINUOUS
10
2.2545650393700787
20
0.2187079133858268
11
2.2545650393700787
21
0.2449546456692913
0
LINE
8
BLACK
6
CONTINUOUS
10
2.2545650393700787
20
0.2449546456692913
11
2.254621771653543
21
0.2455307086614173
0
LINE
8
BLACK
6
CONTINUOUS
10
2.254621771653543
20
0.2455307086614173
11
2.2550626771653541
21
0.2465951181102362
0
LINE
8
BLACK
6
CONTINUOUS
10
2.2550626771653541
20
0.2465951181102362
11
2.2558773228346456
21
0.2474097637795276
0
LINE
8
BLACK
6
CONTINUOUS
10
2.2558773228346456
20
0.2474097637795276
11
2.2569417322834644
21
0.2478506692913386
0
LINE
8
BLACK
6
CONTINUOUS
10
2.2569417322834644
20
0.2478506692913386
11
2.2580938582677166
21
0.2478506692913386
0
LINE
8
BLACK
6
CONTINUOUS
10
2.2580938582677166
20
0.2478506692913386
11
2.2591582677165354
21
0.2474097637795276
0
LINE
8
BLACK
6
CONTINUOUS
10
2.2591582677165354
20
0.2474097637795276
11
2.2599220866141732
21
0.2466459448818898
0
LINE
8
BLACK
6
CONTINUOUS
10
2.2599220866141732
20
0.2466459448818898
11
2.2618215748031494
21
0.2475956692913386
0
LINE
8
BLACK
6
CONTINUOUS
10
2.2618215748031494
20
0.2475956692913386
11
2.2623621653543307
21
0.2478025590551181
0
LINE
8
BLACK
6
CONTINUOUS
10
2.2623621653543307
20
0.2478025590551181
11
2.2624680314960628
21
0.2478101181102362
0
LINE
8
BLACK
6
CONTINUOUS
10
2.2624680314960628
20
0.2478101181102362
11
2.2625660236220471
21
0.2478506692913386
0
LINE
8
BLACK
6
CONTINUOUS
10
2.2625660236220471
20
0.2478506692913386
11
2.2631420866141734
21
0.2479074015748031
0
LINE
8
BLACK
6
CONTINUOUS
10
2.2631420866141734
20
0.2479074015748031
11
2.268766377952756
21
0.2479074015748031
0
LINE
8
BLACK
6
CONTINUOUS
10
2.268766377952756
20
0.2479074015748031
11
2.2693424409448819
21
0.2478506692913386
0
LINE
8
BLACK
6
CONTINUOUS
10
2.3172760236220471
20
0.2474097637795276
11
2.3180906692913386
21
0.2465951181102362
0
LINE
8
BLACK
6
CONTINUOUS
10
2.3180906692913386
20
0.2465951181102362
11
2.3185315748031496
21
0.2455307086614173
0
LINE
8
BLACK
6
CONTINUOUS
10
2.3185315748031496
20
0.2455307086614173
11
2.318588307086614
21
0.2449546456692913
0
LINE
8
BLACK
6
CONTINUOUS
10
2.318588307086614
20
0.2449546456692913
11
2.318588307086614
21
0.2187079133858268
0
LINE
8
BLACK
6
CONTINUOUS
10
2.318588307086614
20
0.2187079133858268
11
2.3185315748031496
21
0.2181318503937008
0
LINE
8
BLACK
6
CONTINUOUS
10
2.3185315748031496
20
0.2181318503937008
11
2.3180906692913386
21
0.2170674409448819
0
LINE
8
BLACK
6
CONTINUOUS
10
2.3180906692913386
20
0.2170674409448819
11
2.3172760236220471
21
0.2162527952755905
0
LINE
8
BLACK
6
CONTINUOUS
10
2.3172760236220471
20
0.2162527952755905
11
2.3162116141732283
21
0.2158118897637795
0
LINE
8
BLACK
6
CONTINUOUS
10
2.3162116141732283
20
0.2158118897637795
11
2.3150594881889761
21
0.2158118897637795
0
LINE
8
BLACK
6
CONTINUOUS
10
2.3150594881889761
20
0.2158118897637795
11
2.3139950787401573
21
0.2162527952755905
0
LINE
8
BLACK
6
CONTINUOUS
10
2.3139950787401573
20
0.2162527952755905
11
2.3131804330708663
21
0.2170674409448819
0
LINE
8
BLACK
6
CONTINUOUS
10
2.3131804330708663
20
0.2170674409448819
11
2.3127395275590552
21
0.2181318503937008
0
LINE
8
BLACK
6
CONTINUOUS
10
2.3127395275590552
20
0.2181318503937008
11
2.3126827952755904
21
0.2187079133858268
0
LINE
8
BLACK
6
CONTINUOUS
10
2.3126827952755904
20
0.2187079133858268
11
2.3126827952755904
21
0.2449546456692913
0
LINE
8
BLACK
6
CONTINUOUS
10
2.3126827952755904
20
0.2449546456692913
11
2.3127395275590552
21
0.2455307086614173
0
LINE
8
BLACK
6
CONTINUOUS
10
2.3127395275590552
20
0.2455307086614173
11
2.3131804330708663
21
0.2465951181102362
0
LINE
8
BLACK
6
CONTINUOUS
10
2.3131804330708663
20
0.2465951181102362
11
2.3139950787401573
21
0.2474097637795276
0
LINE
8
BLACK
6
CONTINUOUS
10
2.3139950787401573
20
0.2474097637795276
11
2.3150594881889761
21
0.2478506692913386
0
LINE
8
BLACK
6
CONTINUOUS
10
2.3150594881889761
20
0.2478506692913386
11
2.3162116141732283
21
0.2478506692913386
0
LINE
8
BLACK
6
CONTINUOUS
10
2.3162116141732283
20
0.2478506692913386
11
2.3172760236220471
21
0.2474097637795276
0
LINE
8
BLACK
6
CONTINUOUS
10
2.3462078346456692
20
0.2478506692913386
11
2.3463058267716534
21
0.2478100787401575
0
LINE
8
BLACK
6
CONTINUOUS
10
2.3463058267716534
20
0.2478100787401575
11
2.3464116535433068
21
0.2478025590551181
0
LINE
8
BLACK
6
CONTINUOUS
10
2.3464116535433068
20
0.2478025590551181
11
2.3469522834645669
21
0.2475956692913386
0
LINE
8
BLACK
6
CONTINUOUS
10
2.3469522834645669
20
0.2475956692913386
11
2.350701811023622
21
0.245720905511811
0
LINE
8
BLACK
6
CONTINUOUS
10
2.350701811023622
20
0.245720905511811
11
2.3507981496062991
21
0.2456602755905512
0
LINE
8
BLACK
6
CONTINUOUS
10
2.3507981496062991
20
0.2456602755905512
11
2.3508435826771654
21
0.2456451181102362
0
LINE
8
BLACK
6
CONTINUOUS
10
2.3508435826771654
20
0.2456451181102362
11
2.350900118110236
21
0.2455961023622047
0
LINE
8
BLACK
6
CONTINUOUS
10
2.350900118110236
20
0.2455961023622047
11
2.3511916929133858
21
0.2454125590551181
0
LINE
8
BLACK
6
CONTINUOUS
10
2.3511916929133858
20
0.2454125590551181
11
2.3514342519685041
21
0.245132874015748
0
LINE
8
BLACK
6
CONTINUOUS
10
2.3514342519685041
20
0.245132874015748
11
2.3517139763779529
21
0.2448902755905512
0
LINE
8
BLACK
6
CONTINUOUS
10
2.3517139763779529
20
0.2448902755905512
11
2.3518974803149604
21
0.2445987401574803
0
LINE
8
BLACK
6
CONTINUOUS
10
2.3518974803149604
20
0.2445987401574803
11
2.3519465354330706
21
0.2445421653543307
0
LINE
8
BLACK
6
CONTINUOUS
10
2.3519465354330706
20
0.2445421653543307
11
2.3519616535433072
21
0.2444967716535433
0
LINE
8
BLACK
6
CONTINUOUS
10
2.3519616535433072
20
0.2444967716535433
11
2.3520223228346455
21
0.2444003937007874
0
LINE
8
BLACK
6
CONTINUOUS
10
2.3520223228346455
20
0.2444003937007874
11
2.3538970866141731
21
0.2406508661417323
0
LINE
8
BLACK
6
CONTINUOUS
10
2.3538970866141731
20
0.2406508661417323
11
2.3541039763779525
21
0.2401102755905512
0
LINE
8
BLACK
6
CONTINUOUS
10
2.3541039763779525
20
0.2401102755905512
11
2.3541114960629921
21
0.2400044094488189
0
LINE
8
BLACK
6
CONTINUOUS
10
2.3541114960629921
20
0.2400044094488189
11
2.3541520866141732
21
0.2399064173228346
0
LINE
8
BLACK
6
CONTINUOUS
10
2.3541520866141732
20
0.2399064173228346
11
2.3542088188976376
21
0.2393303543307087
0
LINE
8
BLACK
6
CONTINUOUS
10
2.3542088188976376
20
0.2393303543307087
11
2.3542088188976376
21
0.2187079133858268
0
LINE
8
BLACK
6
CONTINUOUS
10
2.3542088188976376
20
0.2187079133858268
11
2.3541520866141732
21
0.2181318503937008
0
LINE
8
BLACK
6
CONTINUOUS
10
2.3541520866141732
20
0.2181318503937008
11
2.3537111811023621
21
0.2170674409448819
0
LINE
8
BLACK
6
CONTINUOUS
10
2.3537111811023621
20
0.2170674409448819
11
2.3528965354330706
21
0.2162527952755905
0
LINE
8
BLACK
6
CONTINUOUS
10
2.3528965354330706
20
0.2162527952755905
11
2.3518321259842518
21
0.2158118897637795
0
LINE
8
BLACK
6
CONTINUOUS
10
2.3518321259842518
20
0.2158118897637795
11
2.3506800000000001
21
0.2158118897637795
0
LINE
8
BLACK
6
CONTINUOUS
10
2.3506800000000001
20
0.2158118897637795
11
2.3496155905511809
21
0.2162527952755905
0
LINE
8
BLACK
6
CONTINUOUS
10
2.3496155905511809
20
0.2162527952755905
11
2.3488009448818898
21
0.2170674409448819
0
LINE
8
BLACK
6
CONTINUOUS
10
2.3488009448818898
20
0.2170674409448819
11
2.3483600393700788
21
0.2181318503937008
0
LINE
8
BLACK
6
CONTINUOUS
10
2.3483600393700788
20
0.2181318503937008
11
2.3483033070866139
21
0.2187079133858268
0
LINE
8
BLACK
6
CONTINUOUS
10
2.3483033070866139
20
0.2187079133858268
11
2.3483033070866139
21
0.2386333070866142
0
LINE
8
BLACK
6
CONTINUOUS
10
2.3483033070866139
20
0.2386333070866142
11
2.3471804330708661
21
0.2408790551181102
0
LINE
8
BLACK
6
CONTINUOUS
10
2.3471804330708661
20
0.2408790551181102
11
2.3449347244094487
21
0.2420018897637795
0
LINE
8
BLACK
6
CONTINUOUS
10
2.3449347244094487
20
0.2420018897637795
11
2.3407045275590552
21
0.2420018897637795
0
LINE
8
BLACK
6
CONTINUOUS
10
2.3407045275590552
20
0.2420018897637795
11
2.3380070472440946
21
0.2406531496062992
0
LINE
8
BLACK
6
CONTINUOUS
10
2.3380070472440946
20
0.2406531496062992
11
2.3373359448818896
21
0.2399820472440945
0
LINE
8
BLACK
6
CONTINUOUS
10
2.3373359448818896
20
0.2399820472440945
11
2.3373359448818896
21
0.2187079133858268
0
LINE
8
BLACK
6
CONTINUOUS
10
2.3373359448818896
20
0.2187079133858268
11
2.3372792125984252
21
0.2181318503937008
0
LINE
8
BLACK
6
CONTINUOUS
10
2.3372792125984252
20
0.2181318503937008
11
2.3368383070866141
21
0.2170674409448819
0
LINE
8
BLACK
6
CONTINUOUS
10
2.3368383070866141
20
0.2170674409448819
11
2.3360236614173226
21
0.2162527952755905
0
LINE
8
BLACK
6
CONTINUOUS
10
2.3360236614173226
20
0.2162527952755905
11
2.3349592519685038
21
0.2158118897637795
0
LINE
8
BLACK
6
CONTINUOUS
10
2.3349592519685038
20
0.2158118897637795
11
2.3338071259842521
21
0.2158118897637795
0
LINE
8
BLACK
6
CONTINUOUS
10
2.3338071259842521
20
0.2158118897637795
11
2.3327427165354329
21
0.2162527952755905
0
LINE
8
BLACK
6
CONTINUOUS
10
2.3327427165354329
20
0.2162527952755905
11
2.3319280708661418
21
0.2170674409448819
0
LINE
8
BLACK
6
CONTINUOUS
10
2.3319280708661418
20
0.2170674409448819
11
2.3314871653543308
21
0.2181318503937008
0
LINE
8
BLACK
6
CONTINUOUS
10
2.3314871653543308
20
0.2181318503937008
11
2.3314304330708659
21
0.2187079133858268
0
LINE
8
BLACK
6
CONTINUOUS
10
2.3314304330708659
20
0.2187079133858268
11
2.3314304330708659
21
0.2449546456692913
0
LINE
8
BLACK
6
CONTINUOUS
10
2.3314304330708659
20
0.2449546456692913
11
2.3314871653543308
21
0.2455307086614173
0
LINE
8
BLACK
6
CONTINUOUS
10
2.3314871653543308
20
0.2455307086614173
11
2.3319280708661418
21
0.2465951181102362
0
LINE
8
BLACK
6
CONTINUOUS
10
2.3319280708661418
20
0.2465951181102362
11
2.3327427165354329
21
0.2474097637795276
0
LINE
8
BLACK
6
CONTINUOUS
10
2.3327427165354329
20
0.2474097637795276
11
2.3338071259842521
21
0.2478506692913386
0
LINE
8
BLACK
6
CONTINUOUS
10
2.3338071259842521
20
0.2478506692913386
11
2.3349592519685038
21
0.2478506692913386
0
LINE
8
BLACK
6
CONTINUOUS
10
2.3349592519685038
20
0.2478506692913386
11
2.3360236614173226
21
0.2474097637795276
0
LINE
8
BLACK
6
CONTINUOUS
10
2.3360236614173226
20
0.2474097637795276
11
2.3367874803149604
21
0.2466459448818898
0
LINE
8
BLACK
6
CONTINUOUS
10
2.3367874803149604
20
0.2466459448818898
11
2.3386869685039371
21
0.2475956692913386
0
LINE
8
BLACK
6
CONTINUOUS
10
2.3386869685039371
20
0.2475956692913386
11
2.3392275590551179
21
0.2478025590551181
0
LINE
8
BLACK
6
CONTINUOUS
10
2.3392275590551179
20
0.2478025590551181
11
2.3393334251968505
21
0.2478101181102362
0
LINE
8
BLACK
6
CONTINUOUS
10
2.3393334251968505
20
0.2478101181102362
11
2.3394314173228348
21
0.2478506692913386
0
LINE
8
BLACK
6
CONTINUOUS
10
2.3394314173228348
20
0.2478506692913386
11
2.3400074803149606
21
0.2479074015748031
0
LINE
8
BLACK
6
CONTINUOUS
10
2.3400074803149606
20
0.2479074015748031
11
2.3456317716535433
21
0.2479074015748031
0
LINE
8
BLACK
6
CONTINUOUS
10
2.3456317716535433
20
0.2479074015748031
11
2.3462078346456692
21
0.2478506692913386
0
LINE
8
BLACK
6
CONTINUOUS
10
2.4072647637795277
20
0.2605331102362204
11
2.4080794094488187
21
0.2597184645669292
0
LINE
8
BLACK
6
CONTINUOUS
10
2.4080794094488187
20
0.2597184645669292
11
2.4085203149606298
21
0.2586540551181102
0
LINE
8
BLACK
6
CONTINUOUS
10
2.4085203149606298
20
0.2586540551181102
11
2.4085770472440946
21
0.2580779921259843
0
LINE
8
BLACK
6
CONTINUOUS
10
2.4085770472440946
20
0.2580779921259843
11
2.4085770472440946
21
0.2422831102362205
0
LINE
8
BLACK
6
CONTINUOUS
10
2.4085770472440946
20
0.2422831102362205
11
2.4251687007874017
21
0.2422831102362205
0
LINE
8
BLACK
6
CONTINUOUS
10
2.4251687007874017
20
0.2422831102362205
11
2.4251687007874017
21
0.2580779921259843
0
LINE
8
BLACK
6
CONTINUOUS
10
2.4251687007874017
20
0.2580779921259843
11
2.425225433070866
21
0.2586540551181102
0
LINE
8
BLACK
6
CONTINUOUS
10
2.425225433070866
20
0.2586540551181102
11
2.4256663385826771
21
0.2597184645669292
0
LINE
8
BLACK
6
CONTINUOUS
10
2.4256663385826771
20
0.2597184645669292
11
2.4264809842519686
21
0.2605331102362204
0
LINE
8
BLACK
6
CONTINUOUS
10
2.4264809842519686
20
0.2605331102362204
11
2.4275453937007874
21
0.2609740157480315
0
LINE
8
BLACK
6
CONTINUOUS
10
2.4275453937007874
20
0.2609740157480315
11
2.4286975196850391
21
0.2609740157480315
0
LINE
8
BLACK
6
CONTINUOUS
10
2.4286975196850391
20
0.2609740157480315
11
2.4297619291338584
21
0.2605331102362204
0
LINE
8
BLACK
6
CONTINUOUS
10
2.4297619291338584
20
0.2605331102362204
11
2.4305765748031494
21
0.2597184645669292
0
LINE
8
BLACK
6
CONTINUOUS
10
2.4305765748031494
20
0.2597184645669292
11
2.4310174803149605
21
0.2586540551181102
0
LINE
8
BLACK
6
CONTINUOUS
10
2.4310174803149605
20
0.2586540551181102
11
2.4310742125984253
21
0.2580779921259843
0
LINE
8
BLACK
6
CONTINUOUS
10
2.4310742125984253
20
0.2580779921259843
11
2.4310742125984253
21
0.2187079133858268
0
LINE
8
BLACK
6
CONTINUOUS
10
2.4310742125984253
20
0.2187079133858268
11
2.4310174803149605
21
0.2181318503937008
0
LINE
8
BLACK
6
CONTINUOUS
10
2.4310174803149605
20
0.2181318503937008
11
2.4305765748031494
21
0.2170674409448819
0
LINE
8
BLACK
6
CONTINUOUS
10
2.4305765748031494
20
0.2170674409448819
11
2.4297619291338584
21
0.2162527952755905
0
LINE
8
BLACK
6
CONTINUOUS
10
2.4297619291338584
20
0.2162527952755905
11
2.4286975196850391
21
0.2158118897637795
0
LINE
8
BLACK
6
CONTINUOUS
10
2.4286975196850391
20
0.2158118897637795
11
2.4275453937007874
21
0.2158118897637795
0
LINE
8
BLACK
6
CONTINUOUS
10
2.4275453937007874
20
0.2158118897637795
11
2.4264809842519686
21
0.2162527952755905
0
LINE
8
BLACK
6
CONTINUOUS
10
2.4264809842519686
20
0.2162527952755905
11
2.4256663385826771
21
0.2170674409448819
0
LINE
8
BLACK
6
CONTINUOUS
10
2.4256663385826771
20
0.2170674409448819
11
2.425225433070866
21
0.2181318503937008
0
LINE
8
BLACK
6
CONTINUOUS
10
2.425225433070866
20
0.2181318503937008
11
2.4251687007874017
21
0.2187079133858268
0
LINE
8
BLACK
6
CONTINUOUS
10
2.4251687007874017
20
0.2187079133858268
11
2.4251687007874017
21
0.2363775984251968
0
LINE
8
BLACK
6
CONTINUOUS
10
2.4251687007874017
20
0.2363775984251968
11
2.4085770472440946
21
0.2363775984251968
0
LINE
8
BLACK
6
CONTINUOUS
10
2.4085770472440946
20
0.2363775984251968
11
2.4085770472440946
21
0.2187079133858268
0
LINE
8
BLACK
6
CONTINUOUS
10
2.4085770472440946
20
0.2187079133858268
11
2.4085203149606298
21
0.2181318503937008
0
LINE
8
BLACK
6
CONTINUOUS
10
2.4085203149606298
20
0.2181318503937008
11
2.4080794094488187
21
0.2170674409448819
0
LINE
8
BLACK
6
CONTINUOUS
10
2.4080794094488187
20
0.2170674409448819
11
2.4072647637795277
21
0.2162527952755905
0
LINE
8
BLACK
6
CONTINUOUS
10
2.4072647637795277
20
0.2162527952755905
11
2.4062003543307084
21
0.2158118897637795
0
LINE
8
BLACK
6
CONTINUOUS
10
2.4062003543307084
20
0.2158118897637795
11
2.4050482283464567
21
0.2158118897637795
0
LINE
8
BLACK
6
CONTINUOUS
10
2.4050482283464567
20
0.2158118897637795
11
2.4039838188976379
21
0.2162527952755905
0
LINE
8
BLACK
6
CONTINUOUS
10
2.4039838188976379
20
0.2162527952755905
11
2.4031691732283464
21
0.2170674409448819
0
LINE
8
BLACK
6
CONTINUOUS
10
2.4031691732283464
20
0.2170674409448819
11
2.4027282677165354
21
0.2181318503937008
0
LINE
8
BLACK
6
CONTINUOUS
10
2.4027282677165354
20
0.2181318503937008
11
2.402671535433071
21
0.2187079133858268
0
LINE
8
BLACK
6
CONTINUOUS
10
2.402671535433071
20
0.2187079133858268
11
2.402671535433071
21
0.2580779921259843
0
LINE
8
BLACK
6
CONTINUOUS
10
2.402671535433071
20
0.2580779921259843
11
2.4027282677165354
21
0.2586540551181102
0
LINE
8
BLACK
6
CONTINUOUS
10
2.4027282677165354
20
0.2586540551181102
11
2.4031691732283464
21
0.2597184645669292
0
LINE
8
BLACK
6
CONTINUOUS
10
2.4031691732283464
20
0.2597184645669292
11
2.4039838188976379
21
0.2605331102362204
0
LINE
8
BLACK
6
CONTINUOUS
10
2.4039838188976379
20
0.2605331102362204
11
2.4050482283464567
21
0.2609740157480315
0
LINE
8
BLACK
6
CONTINUOUS
10
2.4050482283464567
20
0.2609740157480315
11
2.4062003543307084
21
0.2609740157480315
0
LINE
8
BLACK
6
CONTINUOUS
10
2.4062003543307084
20
0.2609740157480315
11
2.4072647637795277
21
0.2605331102362204
0
LINE
8
BLACK
6
CONTINUOUS
10
2.5824283464566928
20
0.2609740157480315
11
2.5825263385826771
21
0.2609334251968504
0
LINE
8
BLACK
6
CONTINUOUS
10
2.5825263385826771
20
0.2609334251968504
11
2.5826321653543305
21
0.260925905511811
0
LINE
8
BLACK
6
CONTINUOUS
10
2.5826321653543305
20
0.260925905511811
11
2.5831727952755905
21
0.2607190157480315
0
LINE
8
BLACK
6
CONTINUOUS
10
2.5831727952755905
20
0.2607190157480315
11
2.5869223228346456
21
0.2588442519685039
0
LINE
8
BLACK
6
CONTINUOUS
10
2.5869223228346456
20
0.2588442519685039
11
2.58717031496063
21
0.258688188976378
0
LINE
8
BLACK
6
CONTINUOUS
10
2.58717031496063
20
0.258688188976378
11
2.5872422834645667
21
0.2586583464566929
0
LINE
8
BLACK
6
CONTINUOUS
10
2.5872422834645667
20
0.2586583464566929
11
2.5873232283464564
21
0.2585918897637795
0
LINE
8
BLACK
6
CONTINUOUS
10
2.5873232283464564
20
0.2585918897637795
11
2.5874122047244095
21
0.258535905511811
0
LINE
8
BLACK
6
CONTINUOUS
10
2.5874122047244095
20
0.258535905511811
11
2.5874633464566927
21
0.2584769291338583
0
LINE
8
BLACK
6
CONTINUOUS
10
2.5874633464566927
20
0.2584769291338583
11
2.5876897244094486
21
0.2582911417322835
0
LINE
8
BLACK
6
CONTINUOUS
10
2.5876897244094486
20
0.2582911417322835
11
2.5895644881889761
21
0.2564163779527559
0
LINE
8
BLACK
6
CONTINUOUS
10
2.5895644881889761
20
0.2564163779527559
11
2.5897502362204725
21
0.2561900393700787
0
LINE
8
BLACK
6
CONTINUOUS
10
2.5897502362204725
20
0.2561900393700787
11
2.5898092519685041
21
0.2561388582677165
0
LINE
8
BLACK
6
CONTINUOUS
10
2.5898092519685041
20
0.2561388582677165
11
2.5898651968503938
21
0.2560499212598425
0
LINE
8
BLACK
6
CONTINUOUS
10
2.5898651968503938
20
0.2560499212598425
11
2.5899316929133858
21
0.255968937007874
0
LINE
8
BLACK
6
CONTINUOUS
10
2.5899316929133858
20
0.255968937007874
11
2.5899614960629922
21
0.2558970078740158
0
LINE
8
BLACK
6
CONTINUOUS
10
2.5899614960629922
20
0.2558970078740158
11
2.5901175984251967
21
0.2556489763779528
0
LINE
8
BLACK
6
CONTINUOUS
10
2.5901175984251967
20
0.2556489763779528
11
2.5919923622047243
21
0.2518994488188976
0
LINE
8
BLACK
6
CONTINUOUS
10
2.5919923622047243
20
0.2518994488188976
11
2.5921992519685038
21
0.2513588582677165
0
LINE
8
BLACK
6
CONTINUOUS
10
2.5921992519685038
20
0.2513588582677165
11
2.5922067716535433
21
0.2512529921259842
0
LINE
8
BLACK
6
CONTINUOUS
10
2.5922067716535433
20
0.2512529921259842
11
2.5922473622047244
21
0.251155
0
LINE
8
BLACK
6
CONTINUOUS
10
2.5922473622047244
20
0.251155
11
2.5923040944881888
21
0.250578937007874
0
LINE
8
BLACK
6
CONTINUOUS
10
2.5923040944881888
20
0.250578937007874
11
2.5923040944881888
21
0.2449546456692913
0
LINE
8
BLACK
6
CONTINUOUS
10
2.5923040944881888
20
0.2449546456692913
11
2.5922473622047244
21
0.2443785826771654
0
LINE
8
BLACK
6
CONTINUOUS
10
2.5922473622047244
20
0.2443785826771654
11
2.5922067716535433
21
0.2442806299212598
0
LINE
8
BLACK
6
CONTINUOUS
10
2.5922067716535433
20
0.2442806299212598
11
2.5921992519685038
21
0.2441747244094488
0
LINE
8
BLACK
6
CONTINUOUS
10
2.5921992519685038
20
0.2441747244094488
11
2.5919923622047243
21
0.2436341338582677
0
LINE
8
BLACK
6
CONTINUOUS
10
2.5919923622047243
20
0.2436341338582677
11
2.5901175984251967
21
0.2398846062992126
0
LINE
8
BLACK
6
CONTINUOUS
10
2.5901175984251967
20
0.2398846062992126
11
2.5899614960629922
21
0.2396366141732283
0
LINE
8
BLACK
6
CONTINUOUS
10
2.5899614960629922
20
0.2396366141732283
11
2.5899316929133858
21
0.2395646456692913
0
LINE
8
BLACK
6
CONTINUOUS
10
2.5899316929133858
20
0.2395646456692913
11
2.5898651968503938
21
0.2394837007874016
0
LINE
8
BLACK
6
CONTINUOUS
10
2.5898651968503938
20
0.2394837007874016
11
2.5898092519685041
21
0.2393947244094488
0
LINE
8
BLACK
6
CONTINUOUS
10
2.5898092519685041
20
0.2393947244094488
11
2.5897502362204725
21
0.2393435826771654
0
LINE
8
BLACK
6
CONTINUOUS
10
2.5897502362204725
20
0.2393435826771654
11
2.5895644881889761
21
0.2391172047244094
0
LINE
8
BLACK
6
CONTINUOUS
10
2.5895644881889761
20
0.2391172047244094
11
2.5876897244094486
21
0.2372424409448819
0
LINE
8
BLACK
6
CONTINUOUS
10
2.5876897244094486
20
0.2372424409448819
11
2.5874633464566927
21
0.2370566929133858
0
LINE
8
BLACK
6
CONTINUOUS
10
2.5874633464566927
20
0.2370566929133858
11
2.5874122047244095
21
0.2369976771653543
0
LINE
8
BLACK
6
CONTINUOUS
10
2.5874122047244095
20
0.2369976771653543
11
2.5873232283464564
21
0.2369417322834646
0
LINE
8
BLACK
6
CONTINUOUS
10
2.5873232283464564
20
0.2369417322834646
11
2.5872422834645667
21
0.2368752362204724
0
LINE
8
BLACK
6
CONTINUOUS
10
2.5872422834645667
20
0.2368752362204724
11
2.58717031496063
21
0.2368454330708661
0
LINE
8
BLACK
6
CONTINUOUS
10
2.58717031496063
20
0.2368454330708661
11
2.5869223228346456
21
0.2366893307086614
0
LINE
8
BLACK
6
CONTINUOUS
10
2.5869223228346456
20
0.2366893307086614
11
2.5831727952755905
21
0.2348145669291339
0
LINE
8
BLACK
6
CONTINUOUS
10
2.5831727952755905
20
0.2348145669291339
11
2.5826321653543305
21
0.2346076771653543
0
LINE
8
BLACK
6
CONTINUOUS
10
2.5826321653543305
20
0.2346076771653543
11
2.5825263385826771
21
0.2346001968503937
0
LINE
8
BLACK
6
CONTINUOUS
10
2.5825263385826771
20
0.2346001968503937
11
2.5824283464566928
21
0.2345595669291339
0
LINE
8
BLACK
6
CONTINUOUS
10
2.5824283464566928
20
0.2345595669291339
11
2.581852283464567
21
0.2345028346456693
0
LINE
8
BLACK
6
CONTINUOUS
10
2.581852283464567
20
0.2345028346456693
11
2.5698069291338581
21
0.2345028346456693
0
LINE
8
BLACK
6
CONTINUOUS
10
2.5698069291338581
20
0.2345028346456693
11
2.5698069291338581
21
0.2187079133858268
0
LINE
8
BLACK
6
CONTINUOUS
10
2.5698069291338581
20
0.2187079133858268
11
2.5697501968503937
21
0.2181318503937008
0
LINE
8
BLACK
6
CONTINUOUS
10
2.5697501968503937
20
0.2181318503937008
11
2.5693092913385827
21
0.2170674409448819
0
LINE
8
BLACK
6
CONTINUOUS
10
2.5693092913385827
20
0.2170674409448819
11
2.5684946456692912
21
0.2162527952755905
0
LINE
8
BLACK
6
CONTINUOUS
10
2.5684946456692912
20
0.2162527952755905
11
2.5674302362204724
21
0.2158118897637795
0
LINE
8
BLACK
6
CONTINUOUS
10
2.5674302362204724
20
0.2158118897637795
11
2.5662781102362202
21
0.2158118897637795
0
LINE
8
BLACK
6
CONTINUOUS
10
2.5662781102362202
20
0.2158118897637795
11
2.5652137007874014
21
0.2162527952755905
0
LINE
8
BLACK
6
CONTINUOUS
10
2.5652137007874014
20
0.2162527952755905
11
2.5643990551181104
21
0.2170674409448819
0
LINE
8
BLACK
6
CONTINUOUS
10
2.5643990551181104
20
0.2170674409448819
11
2.5639581496062993
21
0.2181318503937008
0
LINE
8
BLACK
6
CONTINUOUS
10
2.5639581496062993
20
0.2181318503937008
11
2.5639014173228345
21
0.2187079133858268
0
LINE
8
BLACK
6
CONTINUOUS
10
2.5639014173228345
20
0.2187079133858268
11
2.5639014173228345
21
0.2580779921259843
0
LINE
8
BLACK
6
CONTINUOUS
10
2.5639014173228345
20
0.2580779921259843
11
2.5639581496062993
21
0.2586540551181102
0
LINE
8
BLACK
6
CONTINUOUS
10
2.5639581496062993
20
0.2586540551181102
11
2.5643990551181104
21
0.2597184645669292
0
LINE
8
BLACK
6
CONTINUOUS
10
2.5643990551181104
20
0.2597184645669292
11
2.5652137007874014
21
0.2605331102362204
0
LINE
8
BLACK
6
CONTINUOUS
10
2.5652137007874014
20
0.2605331102362204
11
2.5662781102362202
21
0.2609740157480315
0
LINE
8
BLACK
6
CONTINUOUS
10
2.5662781102362202
20
0.2609740157480315
11
2.5668541732283465
21
0.2610307480314961
0
LINE
8
BLACK
6
CONTINUOUS
10
2.5668541732283465
20
0.2610307480314961
11
2.581852283464567
21
0.2610307480314961
0
LINE
8
BLACK
6
CONTINUOUS
10
2.581852283464567
20
0.2610307480314961
11
2.5824283464566928
21
0.2609740157480315
0
LINE
8
BLACK
6
CONTINUOUS
10
2.5698069291338581
20
0.2404083464566929
11
2.5811552362204724
21
0.2404083464566929
0
LINE
8
BLACK
6
CONTINUOUS
10
2.5811552362204724
20
0.2404083464566929
11
2.583852716535433
21
0.2417570866141732
0
LINE
8
BLACK
6
CONTINUOUS
10
2.583852716535433
20
0.2417570866141732
11
2.5850498425196848
21
0.2429542125984252
0
LINE
8
BLACK
6
CONTINUOUS
10
2.5850498425196848
20
0.2429542125984252
11
2.5863985826771652
21
0.2456516929133858
0
LINE
8
BLACK
6
CONTINUOUS
10
2.5863985826771652
20
0.2456516929133858
11
2.5863985826771652
21
0.2498818897637795
0
LINE
8
BLACK
6
CONTINUOUS
10
2.5863985826771652
20
0.2498818897637795
11
2.5850498425196848
21
0.2525793700787402
0
LINE
8
BLACK
6
CONTINUOUS
10
2.5850498425196848
20
0.2525793700787402
11
2.583852716535433
21
0.2537764960629921
0
LINE
8
BLACK
6
CONTINUOUS
10
2.583852716535433
20
0.2537764960629921
11
2.5811552362204724
21
0.2551252362204725
0
LINE
8
BLACK
6
CONTINUOUS
10
2.5811552362204724
20
0.2551252362204725
11
2.5698069291338581
21
0.2551252362204725
0
LINE
8
BLACK
6
CONTINUOUS
10
2.5698069291338581
20
0.2551252362204725
11
2.5698069291338581
21
0.2404083464566929
0
LINE
8
BLACK
6
CONTINUOUS
10
3.2434894094488187
20
0.5426598031496063
11
3.2445538188976379
21
0.5422188976377953
0
LINE
8
BLACK
6
CONTINUOUS
10
3.2445538188976379
20
0.5422188976377953
11
3.245368464566929
21
0.5414042519685039
0
LINE
8
BLACK
6
CONTINUOUS
10
3.245368464566929
20
0.5414042519685039
11
3.24580937007874
21
0.540339842519685
0
LINE
8
BLACK
6
CONTINUOUS
10
3.24580937007874
20
0.540339842519685
11
3.2458661023622049
21
0.5397637795275591
0
LINE
8
BLACK
6
CONTINUOUS
10
3.2458661023622049
20
0.5397637795275591
11
3.2458661023622049
21
0.2397637795275591
0
LINE
8
BLACK
6
CONTINUOUS
10
3.2458661023622049
20
0.2397637795275591
11
3.24580937007874
21
0.2391877165354331
0
LINE
8
BLACK
6
CONTINUOUS
10
3.24580937007874
20
0.2391877165354331
11
3.245368464566929
21
0.2381233070866142
0
LINE
8
BLACK
6
CONTINUOUS
10
3.245368464566929
20
0.2381233070866142
11
3.2445538188976379
21
0.2373086614173228
0
LINE
8
BLACK
6
CONTINUOUS
10
3.2445538188976379
20
0.2373086614173228
11
3.2434894094488187
21
0.2368677559055118
0
LINE
8
BLACK
6
CONTINUOUS
10
3.2434894094488187
20
0.2368677559055118
11
3.2429133464566928
21
0.2368110236220472
0
LINE
8
BLACK
6
CONTINUOUS
10
3.2429133464566928
20
0.2368110236220472
11
3.0429133464566926
21
0.2368110236220472
0
LINE
8
BLACK
6
CONTINUOUS
10
3.0429133464566926
20
0.2368110236220472
11
3.0423372834645668
21
0.2368677559055118
0
LINE
8
BLACK
6
CONTINUOUS
10
3.0423372834645668
20
0.2368677559055118
11
3.041272874015748
21
0.2373086614173228
0
LINE
8
BLACK
6
CONTINUOUS
10
3.041272874015748
20
0.2373086614173228
11
3.0404582283464565
21
0.2381233070866142
0
LINE
8
BLACK
6
CONTINUOUS
10
3.0404582283464565
20
0.2381233070866142
11
3.0400173228346454
21
0.2391877165354331
0
LINE
8
BLACK
6
CONTINUOUS
10
3.0400173228346454
20
0.2391877165354331
11
3.0399605905511811
21
0.2397637795275591
0
LINE
8
BLACK
6
CONTINUOUS
10
3.0399605905511811
20
0.2397637795275591
11
3.0399605905511811
21
0.5397637795275591
0
LINE
8
BLACK
6
CONTINUOUS
10
3.0399605905511811
20
0.5397637795275591
11
3.0400173228346454
21
0.540339842519685
0
LINE
8
BLACK
6
CONTINUOUS
10
3.0400173228346454
20
0.540339842519685
11
3.0404582283464565
21
0.5414042519685039
0
LINE
8
BLACK
6
CONTINUOUS
10
3.0404582283464565
20
0.5414042519685039
11
3.041272874015748
21
0.5422188976377953
0
LINE
8
BLACK
6
CONTINUOUS
10
3.041272874015748
20
0.5422188976377953
11
3.0423372834645668
21
0.5426598031496063
0
LINE
8
BLACK
6
CONTINUOUS
10
3.0423372834645668
20
0.5426598031496063
11
3.0429133464566926
21
0.5427165354330709
0
LINE
8
BLACK
6
CONTINUOUS
10
3.0429133464566926
20
0.5427165354330709
11
3.2429133464566928
21
0.5427165354330709
0
LINE
8
BLACK
6
CONTINUOUS
10
3.2429133464566928
20
0.5427165354330709
11
3.2434894094488187
21
0.5426598031496063
0
LINE
8
BLACK
6
CONTINUOUS
10
3.0458661023622047
20
0.5368110236220472
11
3.0458661023622047
21
0.2427165354330709
0
LINE
8
BLACK
6
CONTINUOUS
10
3.0458661023622047
20
0.2427165354330709
11
3.2399605905511812
21
0.2427165354330709
0
LINE
8
BLACK
6
CONTINUOUS
10
3.2399605905511812
20
0.2427165354330709
11
3.2399605905511812
21
0.5368110236220472
0
LINE
8
BLACK
6
CONTINUOUS
10
3.2399605905511812
20
0.5368110236220472
11
3.0458661023622047
21
0.5368110236220472
0
LINE
8
BLACK
6
CONTINUOUS
10
0.3171077952755905
20
0.2606027952755905
11
0.3172760236220472
21
0.2605331102362204
0
LINE
8
BLACK
6
CONTINUOUS
10
0.3172760236220472
20
0.2605331102362204
11
0.3177234645669291
21
0.260165905511811
0
LINE
8
BLACK
6
CONTINUOUS
10
0.3177234645669291
20
0.260165905511811
11
0.3195982283464567
21
0.2582911417322835
0
LINE
8
BLACK
6
CONTINUOUS
10
0.3195982283464567
20
0.2582911417322835
11
0.3199654330708661
21
0.2578437007874015
0
LINE
8
BLACK
6
CONTINUOUS
10
0.3199654330708661
20
0.2578437007874015
11
0.3203856299212599
21
0.2568293307086614
0
LINE
8
BLACK
6
CONTINUOUS
10
0.3203856299212599
20
0.2568293307086614
11
0.3204063385826771
21
0.2567792519685039
0
LINE
8
BLACK
6
CONTINUOUS
10
0.3204063385826771
20
0.2567792519685039
11
0.3204063385826771
21
0.2556271653543307
0
LINE
8
BLACK
6
CONTINUOUS
10
0.3204063385826771
20
0.2556271653543307
11
0.3199654330708661
21
0.2545627559055118
0
LINE
8
BLACK
6
CONTINUOUS
10
0.3199654330708661
20
0.2545627559055118
11
0.3195982283464567
21
0.2541153149606299
0
LINE
8
BLACK
6
CONTINUOUS
10
0.3195982283464567
20
0.2541153149606299
11
0.3177234645669291
21
0.2522405511811023
0
LINE
8
BLACK
6
CONTINUOUS
10
0.3177234645669291
20
0.2522405511811023
11
0.3172760236220472
21
0.2518733464566929
0
LINE
8
BLACK
6
CONTINUOUS
10
0.3172760236220472
20
0.2518733464566929
11
0.3162116141732284
21
0.2514324409448819
0
LINE
8
BLACK
6
CONTINUOUS
10
0.3162116141732284
20
0.2514324409448819
11
0.3162115748031496
21
0.2514324409448819
0
LINE
8
BLACK
6
CONTINUOUS
10
0.3162115748031496
20
0.2514324409448819
11
0.3150595275590551
21
0.2514324409448819
0
LINE
8
BLACK
6
CONTINUOUS
10
0.3150595275590551
20
0.2514324409448819
11
0.3150594881889764
21
0.2514324409448819
0
LINE
8
BLACK
6
CONTINUOUS
10
0.3150594881889764
20
0.2514324409448819
11
0.3139950787401575
21
0.2518733464566929
0
LINE
8
BLACK
6
CONTINUOUS
10
0.3139950787401575
20
0.2518733464566929
11
0.3135476377952756
21
0.2522405511811023
0
LINE
8
BLACK
6
CONTINUOUS
10
0.3135476377952756
20
0.2522405511811023
11
0.311672874015748
21
0.2541153149606299
0
LINE
8
BLACK
6
CONTINUOUS
10
0.311672874015748
20
0.2541153149606299
11
0.3113056692913386
21
0.2545627559055118
0
LINE
8
BLACK
6
CONTINUOUS
10
0.3113056692913386
20
0.2545627559055118
11
0.3108647637795275
21
0.2556272047244094
0
LINE
8
BLACK
6
CONTINUOUS
10
0.3108647637795275
20
0.2556272047244094
11
0.3108647637795275
21
0.2567792519685039
0
LINE
8
BLACK
6
CONTINUOUS
10
0.3108647637795275
20
0.2567792519685039
11
0.3113056692913386
21
0.2578437007874015
0
LINE
8
BLACK
6
CONTINUOUS
10
0.3113056692913386
20
0.2578437007874015
11
0.311672874015748
21
0.2582911417322835
0
LINE
8
BLACK
6
CONTINUOUS
10
0.311672874015748
20
0.2582911417322835
11
0.3135476377952756
21
0.260165905511811
0
LINE
8
BLACK
6
CONTINUOUS
10
0.3135476377952756
20
0.260165905511811
11
0.3139950787401575
21
0.2605331102362204
0
LINE
8
BLACK
6
CONTINUOUS
10
0.3139950787401575
20
0.2605331102362204
11
0.3150594881889764
21
0.2609740157480315
0
LINE
8
BLACK
6
CONTINUOUS
10
0.3150594881889764
20
0.2609740157480315
11
0.3162115748031496
21
0.2609740157480315
0
LINE
8
BLACK
6
CONTINUOUS
10
0.3162115748031496
20
0.2609740157480315
11
0.3162116141732284
21
0.2609740157480315
0
LINE
8
BLACK
6
CONTINUOUS
10
0.3162116141732284
20
0.2609740157480315
11
0.3171077952755905
21
0.2606027952755905
0
LINE
8
BLACK
6
CONTINUOUS
10
2.3171077952755903
20
0.2606027952755905
11
2.3172760236220471
21
0.2605331102362204
0
LINE
8
BLACK
6
CONTINUOUS
10
2.3172760236220471
20
0.2605331102362204
11
2.3177234645669289
21
0.260165905511811
0
LINE
8
BLACK
6
CONTINUOUS
10
2.3177234645669289
20
0.260165905511811
11
2.3195982283464565
21
0.2582911417322835
0
LINE
8
BLACK
6
CONTINUOUS
10
2.3195982283464565
20
0.2582911417322835
11
2.3199654330708661
21
0.2578437007874015
0
LINE
8
BLACK
6
CONTINUOUS
10
2.3199654330708661
20
0.2578437007874015
11
2.32038562992126
21
0.2568293307086614
0
LINE
8
BLACK
6
CONTINUOUS
10
2.32038562992126
20
0.2568293307086614
11
2.3204063385826772
21
0.2567792519685039
0
LINE
8
BLACK
6
CONTINUOUS
10
2.3204063385826772
20
0.2567792519685039
11
2.3204063385826772
21
0.2556271653543307
0
LINE
8
BLACK
6
CONTINUOUS
10
2.3204063385826772
20
0.2556271653543307
11
2.3199654330708661
21
0.2545627559055118
0
LINE
8
BLACK
6
CONTINUOUS
10
2.3199654330708661
20
0.2545627559055118
11
2.3195982283464565
21
0.2541153149606299
0
LINE
8
BLACK
6
CONTINUOUS
10
2.3195982283464565
20
0.2541153149606299
11
2.3177234645669289
21
0.2522405511811023
0
LINE
8
BLACK
6
CONTINUOUS
10
2.3177234645669289
20
0.2522405511811023
11
2.3172760236220471
21
0.2518733464566929
0
LINE
8
BLACK
6
CONTINUOUS
10
2.3172760236220471
20
0.2518733464566929
11
2.3162116141732283
21
0.2514324409448819
0
LINE
8
BLACK
6
CONTINUOUS
10
2.3162116141732283
20
0.2514324409448819
11
2.3162115748031495
21
0.2514324409448819
0
LINE
8
BLACK
6
CONTINUOUS
10
2.3162115748031495
20
0.2514324409448819
11
2.3150595275590549
21
0.2514324409448819
0
LINE
8
BLACK
6
CONTINUOUS
10
2.3150595275590549
20
0.2514324409448819
11
2.3150594881889761
21
0.2514324409448819
0
LINE
8
BLACK
6
CONTINUOUS
10
2.3150594881889761
20
0.2514324409448819
11
2.3139950787401573
21
0.2518733464566929
0
LINE
8
BLACK
6
CONTINUOUS
10
2.3139950787401573
20
0.2518733464566929
11
2.3135476377952755
21
0.2522405511811023
0
LINE
8
BLACK
6
CONTINUOUS
10
2.3135476377952755
20
0.2522405511811023
11
2.3116728740157479
21
0.2541153149606299
0
LINE
8
BLACK
6
CONTINUOUS
10
2.3116728740157479
20
0.2541153149606299
11
2.3113056692913387
21
0.2545627559055118
0
LINE
8
BLACK
6
CONTINUOUS
10
2.3113056692913387
20
0.2545627559055118
11
2.3108647637795277
21
0.2556272047244094
0
LINE
8
BLACK
6
CONTINUOUS
10
2.3108647637795277
20
0.2556272047244094
11
2.3108647637795277
21
0.2567792519685039
0
LINE
8
BLACK
6
CONTINUOUS
10
2.3108647637795277
20
0.2567792519685039
11
2.3113056692913387
21
0.2578437007874015
0
LINE
8
BLACK
6
CONTINUOUS
10
2.3113056692913387
20
0.2578437007874015
11
2.3116728740157479
21
0.2582911417322835
0
LINE
8
BLACK
6
CONTINUOUS
10
2.3116728740157479
20
0.2582911417322835
11
2.3135476377952755
21
0.260165905511811
0
LINE
8
BLACK
6
CONTINUOUS
10
2.3135476377952755
20
0.260165905511811
11
2.3139950787401573
21
0.2605331102362204
0
LINE
8
BLACK
6
CONTINUOUS
10
2.3139950787401573
20
0.2605331102362204
11
2.3150594881889761
21
0.2609740157480315
0
LINE
8
BLACK
6
CONTINUOUS
10
2.3150594881889761
20
0.2609740157480315
11
2.3162115748031495
21
0.2609740157480315
0
LINE
8
BLACK
6
CONTINUOUS
10
2.3162115748031495
20
0.2609740157480315
11
2.3162116141732283
21
0.2609740157480315
0
LINE
8
BLACK
6
CONTINUOUS
10
2.3162116141732283
20
0.2609740157480315
11
2.3171077952755903
21
0.2606027952755905
0
LINE
8
BLACK
6
CONTINUOUS
10
0.4321756299212599
20
0.4243865748031496
11
0.4322531102362205
21
0.4243917322834646
0
LINE
8
BLACK
6
CONTINUOUS
10
0.4322531102362205
20
0.4243917322834646
11
0.4323064566929134
21
0.4243737007874016
0
LINE
8
BLACK
6
CONTINUOUS
10
0.4323064566929134
20
0.4243737007874016
11
0.4324470472440945
21
0.424359842519685
0
LINE
8
BLACK
6
CONTINUOUS
10
0.4324470472440945
20
0.424359842519685
11
0.4328902362204725
21
0.4241762598425197
0
LINE
8
BLACK
6
CONTINUOUS
10
0.4328902362204725
20
0.4241762598425197
11
0.4333444881889764
21
0.4240226377952756
0
LINE
8
BLACK
6
CONTINUOUS
10
0.4333444881889764
20
0.4240226377952756
11
0.4334194488188976
21
0.4239570866141732
0
LINE
8
BLACK
6
CONTINUOUS
10
0.4334194488188976
20
0.4239570866141732
11
0.4335114566929134
21
0.423918937007874
0
LINE
8
BLACK
6
CONTINUOUS
10
0.4335114566929134
20
0.423918937007874
11
0.4338504330708661
21
0.4235799606299213
0
LINE
8
BLACK
6
CONTINUOUS
10
0.4338504330708661
20
0.4235799606299213
11
0.4342115748031496
21
0.4232639763779528
0
LINE
8
BLACK
6
CONTINUOUS
10
0.4342115748031496
20
0.4232639763779528
11
0.4342557480314961
21
0.4231746456692913
0
LINE
8
BLACK
6
CONTINUOUS
10
0.4342557480314961
20
0.4231746456692913
11
0.4343261023622047
21
0.4231042913385827
0
LINE
8
BLACK
6
CONTINUOUS
10
0.4343261023622047
20
0.4231042913385827
11
0.4345095669291338
21
0.4226613779527559
0
LINE
8
BLACK
6
CONTINUOUS
10
0.4345095669291338
20
0.4226613779527559
11
0.4347222834645669
21
0.4222312204724409
0
LINE
8
BLACK
6
CONTINUOUS
10
0.4347222834645669
20
0.4222312204724409
11
0.4347288976377953
21
0.4221318897637795
0
LINE
8
BLACK
6
CONTINUOUS
10
0.4347288976377953
20
0.4221318897637795
11
0.4347670078740157
21
0.4220398818897638
0
LINE
8
BLACK
6
CONTINUOUS
10
0.4347670078740157
20
0.4220398818897638
11
0.4347670078740157
21
0.4215601968503937
0
LINE
8
BLACK
6
CONTINUOUS
10
0.4347670078740157
20
0.4215601968503937
11
0.4347988976377953
21
0.4210816929133858
0
LINE
8
BLACK
6
CONTINUOUS
10
0.4347988976377953
20
0.4210816929133858
11
0.4347670078740157
21
0.4209874015748031
0
LINE
8
BLACK
6
CONTINUOUS
10
0.4347670078740157
20
0.4209874015748031
11
0.4347670078740157
21
0.4208877559055118
0
LINE
8
BLACK
6
CONTINUOUS
10
0.4347670078740157
20
0.4208877559055118
11
0.4345833858267716
21
0.4204445669291338
0
LINE
8
BLACK
6
CONTINUOUS
10
0.4345833858267716
20
0.4204445669291338
11
0.4344298031496063
21
0.4199903149606299
0
LINE
8
BLACK
6
CONTINUOUS
10
0.4344298031496063
20
0.4199903149606299
11
0.4343476771653543
21
0.4198754724409449
0
LINE
8
BLACK
6
CONTINUOUS
10
0.4343476771653543
20
0.4198754724409449
11
0.4343261023622047
21
0.4198233464566929
0
LINE
8
BLACK
6
CONTINUOUS
10
0.4343261023622047
20
0.4198233464566929
11
0.4342711417322834
21
0.4197684251968504
0
LINE
8
BLACK
6
CONTINUOUS
10
0.4342711417322834
20
0.4197684251968504
11
0.4340931496062992
21
0.4195194094488189
0
LINE
8
BLACK
6
CONTINUOUS
10
0.4340931496062992
20
0.4195194094488189
11
0.4251602362204724
21
0.4093103937007874
0
LINE
8
BLACK
6
CONTINUOUS
10
0.4251602362204724
20
0.4093103937007874
11
0.4256924409448819
21
0.4091067322834646
0
LINE
8
BLACK
6
CONTINUOUS
10
0.4256924409448819
20
0.4091067322834646
11
0.429441968503937
21
0.407231968503937
0
LINE
8
BLACK
6
CONTINUOUS
10
0.429441968503937
20
0.407231968503937
11
0.4296899606299213
21
0.407075905511811
0
LINE
8
BLACK
6
CONTINUOUS
10
0.4296899606299213
20
0.407075905511811
11
0.4297619291338582
21
0.407046062992126
0
LINE
8
BLACK
6
CONTINUOUS
10
0.4297619291338582
20
0.407046062992126
11
0.429842874015748
21
0.4069796062992126
0
LINE
8
BLACK
6
CONTINUOUS
10
0.429842874015748
20
0.4069796062992126
11
0.4299318503937008
21
0.4069236220472441
0
LINE
8
BLACK
6
CONTINUOUS
10
0.4299318503937008
20
0.4069236220472441
11
0.4299829921259842
21
0.4068646456692913
0
LINE
8
BLACK
6
CONTINUOUS
10
0.4299829921259842
20
0.4068646456692913
11
0.4302093700787402
21
0.4066788582677165
0
LINE
8
BLACK
6
CONTINUOUS
10
0.4302093700787402
20
0.4066788582677165
11
0.4320841338582677
21
0.404804094488189
0
LINE
8
BLACK
6
CONTINUOUS
10
0.4320841338582677
20
0.404804094488189
11
0.4322698818897638
21
0.4045777559055118
0
LINE
8
BLACK
6
CONTINUOUS
10
0.4322698818897638
20
0.4045777559055118
11
0.4323288976377953
21
0.4045265748031496
0
LINE
8
BLACK
6
CONTINUOUS
10
0.4323288976377953
20
0.4045265748031496
11
0.432384842519685
21
0.4044376377952756
0
LINE
8
BLACK
6
CONTINUOUS
10
0.432384842519685
20
0.4044376377952756
11
0.4324513385826771
21
0.4043566535433071
0
LINE
8
BLACK
6
CONTINUOUS
10
0.4324513385826771
20
0.4043566535433071
11
0.4324811417322835
21
0.4042847244094488
0
LINE
8
BLACK
6
CONTINUOUS
10
0.4324811417322835
20
0.4042847244094488
11
0.4326372440944882
21
0.4040366929133858
0
LINE
8
BLACK
6
CONTINUOUS
10
0.4326372440944882
20
0.4040366929133858
11
0.4345120078740157
21
0.4002871653543307
0
LINE
8
BLACK
6
CONTINUOUS
10
0.4345120078740157
20
0.4002871653543307
11
0.4347188976377953
21
0.3997465748031496
0
LINE
8
BLACK
6
CONTINUOUS
10
0.4347188976377953
20
0.3997465748031496
11
0.4347264173228346
21
0.3996407086614173
0
LINE
8
BLACK
6
CONTINUOUS
10
0.4347264173228346
20
0.3996407086614173
11
0.4347670078740157
21
0.3995427165354331
0
LINE
8
BLACK
6
CONTINUOUS
10
0.4347670078740157
20
0.3995427165354331
11
0.4348237401574803
21
0.3989666535433071
0
LINE
8
BLACK
6
CONTINUOUS
10
0.4348237401574803
20
0.3989666535433071
11
0.4348237401574803
21
0.3895928346456693
0
LINE
8
BLACK
6
CONTINUOUS
10
0.4348237401574803
20
0.3895928346456693
11
0.4347670078740157
21
0.3890167716535433
0
LINE
8
BLACK
6
CONTINUOUS
10
0.4347670078740157
20
0.3890167716535433
11
0.4347264173228346
21
0.3889188188976378
0
LINE
8
BLACK
6
CONTINUOUS
10
0.4347264173228346
20
0.3889188188976378
11
0.4347188976377953
21
0.3888129133858267
0
LINE
8
BLACK
6
CONTINUOUS
10
0.4347188976377953
20
0.3888129133858267
11
0.4345120078740157
21
0.3882723228346456
0
LINE
8
BLACK
6
CONTINUOUS
10
0.4345120078740157
20
0.3882723228346456
11
0.4326372440944882
21
0.3845227952755905
0
LINE
8
BLACK
6
CONTINUOUS
10
0.4326372440944882
20
0.3845227952755905
11
0.4324811811023622
21
0.3842749212598425
0
LINE
8
BLACK
6
CONTINUOUS
10
0.4324811811023622
20
0.3842749212598425
11
0.4324513779527559
21
0.384202874015748
0
LINE
8
BLACK
6
CONTINUOUS
10
0.4324513779527559
20
0.384202874015748
11
0.432384842519685
21
0.3841218503937008
0
LINE
8
BLACK
6
CONTINUOUS
10
0.432384842519685
20
0.3841218503937008
11
0.4323288976377953
21
0.3840329133858267
0
LINE
8
BLACK
6
CONTINUOUS
10
0.4323288976377953
20
0.3840329133858267
11
0.4322698818897638
21
0.3839817716535433
0
LINE
8
BLACK
6
CONTINUOUS
10
0.4322698818897638
20
0.3839817716535433
11
0.4320841338582677
21
0.3837553937007874
0
LINE
8
BLACK
6
CONTINUOUS
10
0.4320841338582677
20
0.3837553937007874
11
0.4302094094488189
21
0.3818806299212598
0
LINE
8
BLACK
6
CONTINUOUS
10
0.4302094094488189
20
0.3818806299212598
11
0.429983031496063
21
0.3816948818897637
0
LINE
8
BLACK
6
CONTINUOUS
10
0.429983031496063
20
0.3816948818897637
11
0.4299318503937008
21
0.3816358267716535
0
LINE
8
BLACK
6
CONTINUOUS
10
0.4299318503937008
20
0.3816358267716535
11
0.429842874015748
21
0.381579842519685
0
LINE
8
BLACK
6
CONTINUOUS
10
0.429842874015748
20
0.381579842519685
11
0.4297619291338582
21
0.3815133858267716
0
LINE
8
BLACK
6
CONTINUOUS
10
0.4297619291338582
20
0.3815133858267716
11
0.4296899606299213
21
0.3814835826771654
0
LINE
8
BLACK
6
CONTINUOUS
10
0.4296899606299213
20
0.3814835826771654
11
0.429441968503937
21
0.3813274803149606
0
LINE
8
BLACK
6
CONTINUOUS
10
0.429441968503937
20
0.3813274803149606
11
0.4256924409448819
21
0.3794527165354331
0
LINE
8
BLACK
6
CONTINUOUS
10
0.4256924409448819
20
0.3794527165354331
11
0.425151811023622
21
0.3792458267716535
0
LINE
8
BLACK
6
CONTINUOUS
10
0.425151811023622
20
0.3792458267716535
11
0.4250459842519685
21
0.3792383464566929
0
LINE
8
BLACK
6
CONTINUOUS
10
0.4250459842519685
20
0.3792383464566929
11
0.4249479921259842
21
0.379197716535433
0
LINE
8
BLACK
6
CONTINUOUS
10
0.4249479921259842
20
0.379197716535433
11
0.4243719291338582
21
0.3791409842519685
0
LINE
8
BLACK
6
CONTINUOUS
10
0.4243719291338582
20
0.3791409842519685
11
0.4131233464566929
21
0.3791409842519685
0
LINE
8
BLACK
6
CONTINUOUS
10
0.4131233464566929
20
0.3791409842519685
11
0.4125472834645669
21
0.379197716535433
0
LINE
8
BLACK
6
CONTINUOUS
10
0.4125472834645669
20
0.379197716535433
11
0.4124492913385827
21
0.3792383070866142
0
LINE
8
BLACK
6
CONTINUOUS
10
0.4124492913385827
20
0.3792383070866142
11
0.4123434251968504
21
0.3792458267716535
0
LINE
8
BLACK
6
CONTINUOUS
10
0.4123434251968504
20
0.3792458267716535
11
0.4118028346456693
21
0.3794527165354331
0
LINE
8
BLACK
6
CONTINUOUS
10
0.4118028346456693
20
0.3794527165354331
11
0.4080533070866141
21
0.3813274803149606
0
LINE
8
BLACK
6
CONTINUOUS
10
0.4080533070866141
20
0.3813274803149606
11
0.4078052755905512
21
0.3814835826771654
0
LINE
8
BLACK
6
CONTINUOUS
10
0.4078052755905512
20
0.3814835826771654
11
0.4077333464566929
21
0.3815133858267716
0
LINE
8
BLACK
6
CONTINUOUS
10
0.4077333464566929
20
0.3815133858267716
11
0.4076523622047244
21
0.381579842519685
0
LINE
8
BLACK
6
CONTINUOUS
10
0.4076523622047244
20
0.381579842519685
11
0.4075634251968504
21
0.3816358267716535
0
LINE
8
BLACK
6
CONTINUOUS
10
0.4075634251968504
20
0.3816358267716535
11
0.4075122047244095
21
0.3816948818897637
0
LINE
8
BLACK
6
CONTINUOUS
10
0.4075122047244095
20
0.3816948818897637
11
0.4072858661417323
21
0.3818806299212598
0
LINE
8
BLACK
6
CONTINUOUS
10
0.4072858661417323
20
0.3818806299212598
11
0.4054111023622047
21
0.3837554330708661
0
LINE
8
BLACK
6
CONTINUOUS
10
0.4054111023622047
20
0.3837554330708661
11
0.4050438976377952
21
0.384202874015748
0
LINE
8
BLACK
6
CONTINUOUS
10
0.4050438976377952
20
0.384202874015748
11
0.404603031496063
21
0.3852672834645669
0
LINE
8
BLACK
6
CONTINUOUS
10
0.404603031496063
20
0.3852672834645669
11
0.404603031496063
21
0.3864193700787402
0
LINE
8
BLACK
6
CONTINUOUS
10
0.404603031496063
20
0.3864193700787402
11
0.405043937007874
21
0.387483779527559
0
LINE
8
BLACK
6
CONTINUOUS
10
0.405043937007874
20
0.387483779527559
11
0.4058586220472441
21
0.3882984645669291
0
LINE
8
BLACK
6
CONTINUOUS
10
0.4058586220472441
20
0.3882984645669291
11
0.406923031496063
21
0.3887393307086614
0
LINE
8
BLACK
6
CONTINUOUS
10
0.406923031496063
20
0.3887393307086614
11
0.4080751181102362
21
0.3887393307086614
0
LINE
8
BLACK
6
CONTINUOUS
10
0.4080751181102362
20
0.3887393307086614
11
0.4091395275590551
21
0.3882984251968504
0
LINE
8
BLACK
6
CONTINUOUS
10
0.4091395275590551
20
0.3882984251968504
11
0.4095870078740158
21
0.3879311811023622
0
LINE
8
BLACK
6
CONTINUOUS
10
0.4095870078740158
20
0.3879311811023622
11
0.4111229133858267
21
0.3863952362204724
0
LINE
8
BLACK
6
CONTINUOUS
10
0.4111229133858267
20
0.3863952362204724
11
0.4138203937007874
21
0.3850464960629921
0
LINE
8
BLACK
6
CONTINUOUS
10
0.4138203937007874
20
0.3850464960629921
11
0.4236748818897638
21
0.3850464960629921
0
LINE
8
BLACK
6
CONTINUOUS
10
0.4236748818897638
20
0.3850464960629921
11
0.4263723228346457
21
0.3863952362204724
0
LINE
8
BLACK
6
CONTINUOUS
10
0.4263723228346457
20
0.3863952362204724
11
0.4275694488188976
21
0.3875924015748031
0
LINE
8
BLACK
6
CONTINUOUS
10
0.4275694488188976
20
0.3875924015748031
11
0.4289182283464567
21
0.3902898818897638
0
LINE
8
BLACK
6
CONTINUOUS
10
0.4289182283464567
20
0.3902898818897638
11
0.4289182283464567
21
0.3982696062992126
0
LINE
8
BLACK
6
CONTINUOUS
10
0.4289182283464567
20
0.3982696062992126
11
0.4275694881889764
21
0.4009670866141732
0
LINE
8
BLACK
6
CONTINUOUS
10
0.4275694881889764
20
0.4009670866141732
11
0.4263723622047244
21
0.4021642125984252
0
LINE
8
BLACK
6
CONTINUOUS
10
0.4263723622047244
20
0.4021642125984252
11
0.4236748818897638
21
0.4035129527559055
0
LINE
8
BLACK
6
CONTINUOUS
10
0.4236748818897638
20
0.4035129527559055
11
0.4187476377952756
21
0.4035129527559055
0
LINE
8
BLACK
6
CONTINUOUS
10
0.4187476377952756
20
0.4035129527559055
11
0.4184429527559055
21
0.4035429921259843
0
LINE
8
BLACK
6
CONTINUOUS
10
0.4184429527559055
20
0.4035429921259843
11
0.4183655118110236
21
0.4035377952755905
0
LINE
8
BLACK
6
CONTINUOUS
10
0.4183655118110236
20
0.4035377952755905
11
0.4183121259842519
21
0.4035558661417323
0
LINE
8
BLACK
6
CONTINUOUS
10
0.4183121259842519
20
0.4035558661417323
11
0.4181715748031496
21
0.4035696850393701
0
LINE
8
BLACK
6
CONTINUOUS
10
0.4181715748031496
20
0.4035696850393701
11
0.4177283464566929
21
0.4037533070866142
0
LINE
8
BLACK
6
CONTINUOUS
10
0.4177283464566929
20
0.4037533070866142
11
0.4172741338582677
21
0.4039068897637795
0
LINE
8
BLACK
6
CONTINUOUS
10
0.4172741338582677
20
0.4039068897637795
11
0.4171991338582677
21
0.4039724803149606
0
LINE
8
BLACK
6
CONTINUOUS
10
0.4171991338582677
20
0.4039724803149606
11
0.4171071653543307
21
0.4040105905511811
0
LINE
8
BLACK
6
CONTINUOUS
10
0.4171071653543307
20
0.4040105905511811
11
0.4167681496062992
21
0.4043496062992126
0
LINE
8
BLACK
6
CONTINUOUS
10
0.4167681496062992
20
0.4043496062992126
11
0.4164070472440945
21
0.4046655511811024
0
LINE
8
BLACK
6
CONTINUOUS
10
0.4164070472440945
20
0.4046655511811024
11
0.4163628346456693
21
0.4047549212598425
0
LINE
8
BLACK
6
CONTINUOUS
10
0.4163628346456693
20
0.4047549212598425
11
0.4162925196850394
21
0.4048252362204725
0
LINE
8
BLACK
6
CONTINUOUS
10
0.4162925196850394
20
0.4048252362204725
11
0.4161090157480315
21
0.405268188976378
0
LINE
8
BLACK
6
CONTINUOUS
10
0.4161090157480315
20
0.405268188976378
11
0.4158963385826772
21
0.4056983070866141
0
LINE
8
BLACK
6
CONTINUOUS
10
0.4158963385826772
20
0.4056983070866141
11
0.4158896850393701
21
0.4057976771653543
0
LINE
8
BLACK
6
CONTINUOUS
10
0.4158896850393701
20
0.4057976771653543
11
0.4158516141732284
21
0.4058896456692913
0
LINE
8
BLACK
6
CONTINUOUS
10
0.4158516141732284
20
0.4058896456692913
11
0.4158516141732284
21
0.4063693700787401
0
LINE
8
BLACK
6
CONTINUOUS
10
0.4158516141732284
20
0.4063693700787401
11
0.4158197244094488
21
0.4068478346456693
0
LINE
8
BLACK
6
CONTINUOUS
10
0.4158197244094488
20
0.4068478346456693
11
0.4158516141732284
21
0.4069421653543307
0
LINE
8
BLACK
6
CONTINUOUS
10
0.4158516141732284
20
0.4069421653543307
11
0.4158516141732284
21
0.4070417716535433
0
LINE
8
BLACK
6
CONTINUOUS
10
0.4158516141732284
20
0.4070417716535433
11
0.4160351968503937
21
0.407485
0
LINE
8
BLACK
6
CONTINUOUS
10
0.4160351968503937
20
0.407485
11
0.4161888188976378
21
0.4079392125984252
0
LINE
8
BLACK
6
CONTINUOUS
10
0.4161888188976378
20
0.4079392125984252
11
0.416270905511811
21
0.408054094488189
0
LINE
8
BLACK
6
CONTINUOUS
10
0.416270905511811
20
0.408054094488189
11
0.4162925196850394
21
0.4081061811023622
0
LINE
8
BLACK
6
CONTINUOUS
10
0.4162925196850394
20
0.4081061811023622
11
0.4163474409448819
21
0.4081611417322835
0
LINE
8
BLACK
6
CONTINUOUS
10
0.4163474409448819
20
0.4081611417322835
11
0.4165254724409449
21
0.4084101181102362
0
LINE
8
BLACK
6
CONTINUOUS
10
0.4165254724409449
20
0.4084101181102362
11
0.4253638188976378
21
0.418511062992126
0
LINE
8
BLACK
6
CONTINUOUS
10
0.4253638188976378
20
0.418511062992126
11
0.4074990551181102
21
0.418511062992126
0
LINE
8
BLACK
6
CONTINUOUS
10
0.4074990551181102
20
0.418511062992126
11
0.4069229921259843
21
0.4185677952755905
0
LINE
8
BLACK
6
CONTINUOUS
10
0.4069229921259843
20
0.4185677952755905
11
0.4058585826771653
21
0.4190087007874015
0
LINE
8
BLACK
6
CONTINUOUS
10
0.4058585826771653
20
0.4190087007874015
11
0.405043937007874
21
0.4198233464566929
0
LINE
8
BLACK
6
CONTINUOUS
10
0.405043937007874
20
0.4198233464566929
11
0.404603031496063
21
0.4208877559055118
0
LINE
8
BLACK
6
CONTINUOUS
10
0.404603031496063
20
0.4208877559055118
11
0.404603031496063
21
0.4220398818897638
0
LINE
8
BLACK
6
CONTINUOUS
10
0.404603031496063
20
0.4220398818897638
11
0.405043937007874
21
0.4231042913385827
0
LINE
8
BLACK
6
CONTINUOUS
10
0.405043937007874
20
0.4231042913385827
11
0.4058585826771653
21
0.423918937007874
0
LINE
8
BLACK
6
CONTINUOUS
10
0.4058585826771653
20
0.423918937007874
11
0.4069229921259843
21
0.424359842519685
0
LINE
8
BLACK
6
CONTINUOUS
10
0.4069229921259843
20
0.424359842519685
11
0.4074990551181102
21
0.4244165748031496
0
LINE
8
BLACK
6
CONTINUOUS
10
0.4074990551181102
20
0.4244165748031496
11
0.4318709842519685
21
0.4244165748031496
0
LINE
8
BLACK
6
CONTINUOUS
10
0.4318709842519685
20
0.4244165748031496
11
0.4321756299212599
21
0.4243865748031496
0
LINE
8
BLACK
6
CONTINUOUS
10
0.3716442125984252
20
0.423918937007874
11
0.3724588582677165
21
0.4231042913385827
0
LINE
8
BLACK
6
CONTINUOUS
10
0.3724588582677165
20
0.4231042913385827
11
0.3728997637795275
21
0.4220398818897638
0
LINE
8
BLACK
6
CONTINUOUS
10
0.3728997637795275
20
0.4220398818897638
11
0.3729564960629921
21
0.4214638188976378
0
LINE
8
BLACK
6
CONTINUOUS
10
0.3729564960629921
20
0.4214638188976378
11
0.3729564960629921
21
0.405668937007874
0
LINE
8
BLACK
6
CONTINUOUS
10
0.3729564960629921
20
0.405668937007874
11
0.3895481496062992
21
0.405668937007874
0
LINE
8
BLACK
6
CONTINUOUS
10
0.3895481496062992
20
0.405668937007874
11
0.3895481496062992
21
0.4214638188976378
0
LINE
8
BLACK
6
CONTINUOUS
10
0.3895481496062992
20
0.4214638188976378
11
0.3896048818897638
21
0.4220398818897638
0
LINE
8
BLACK
6
CONTINUOUS
10
0.3896048818897638
20
0.4220398818897638
11
0.3900457874015748
21
0.4231042913385827
0
LINE
8
BLACK
6
CONTINUOUS
10
0.3900457874015748
20
0.4231042913385827
11
0.3908604330708662
21
0.423918937007874
0
LINE
8
BLACK
6
CONTINUOUS
10
0.3908604330708662
20
0.423918937007874
11
0.391924842519685
21
0.424359842519685
0
LINE
8
BLACK
6
CONTINUOUS
10
0.391924842519685
20
0.424359842519685
11
0.393076968503937
21
0.424359842519685
0
LINE
8
BLACK
6
CONTINUOUS
10
0.393076968503937
20
0.424359842519685
11
0.3941413779527559
21
0.423918937007874
0
LINE
8
BLACK
6
CONTINUOUS
10
0.3941413779527559
20
0.423918937007874
11
0.3949560236220472
21
0.4231042913385827
0
LINE
8
BLACK
6
CONTINUOUS
10
0.3949560236220472
20
0.4231042913385827
11
0.3953969291338583
21
0.4220398818897638
0
LINE
8
BLACK
6
CONTINUOUS
10
0.3953969291338583
20
0.4220398818897638
11
0.3954536614173228
21
0.4214638188976378
0
LINE
8
BLACK
6
CONTINUOUS
10
0.3954536614173228
20
0.4214638188976378
11
0.3954536614173228
21
0.3820937401574803
0
LINE
8
BLACK
6
CONTINUOUS
10
0.3954536614173228
20
0.3820937401574803
11
0.3953969291338583
21
0.3815176771653543
0
LINE
8
BLACK
6
CONTINUOUS
10
0.3953969291338583
20
0.3815176771653543
11
0.3949560236220472
21
0.3804532677165354
0
LINE
8
BLACK
6
CONTINUOUS
10
0.3949560236220472
20
0.3804532677165354
11
0.3941413779527559
21
0.3796386220472441
0
LINE
8
BLACK
6
CONTINUOUS
10
0.3941413779527559
20
0.3796386220472441
11
0.393076968503937
21
0.379197716535433
0
LINE
8
BLACK
6
CONTINUOUS
10
0.393076968503937
20
0.379197716535433
11
0.391924842519685
21
0.379197716535433
0
LINE
8
BLACK
6
CONTINUOUS
10
0.391924842519685
20
0.379197716535433
11
0.3908604330708662
21
0.3796386220472441
0
LINE
8
BLACK
6
CONTINUOUS
10
0.3908604330708662
20
0.3796386220472441
11
0.3900457874015748
21
0.3804532677165354
0
LINE
8
BLACK
6
CONTINUOUS
10
0.3900457874015748
20
0.3804532677165354
11
0.3896048818897638
21
0.3815176771653543
0
LINE
8
BLACK
6
CONTINUOUS
10
0.3896048818897638
20
0.3815176771653543
11
0.3895481496062992
21
0.3820937401574803
0
LINE
8
BLACK
6
CONTINUOUS
10
0.3895481496062992
20
0.3820937401574803
11
0.3895481496062992
21
0.3997634251968504
0
LINE
8
BLACK
6
CONTINUOUS
10
0.3895481496062992
20
0.3997634251968504
11
0.3729564960629921
21
0.3997634251968504
0
LINE
8
BLACK
6
CONTINUOUS
10
0.3729564960629921
20
0.3997634251968504
11
0.3729564960629921
21
0.3820937401574803
0
LINE
8
BLACK
6
CONTINUOUS
10
0.3729564960629921
20
0.3820937401574803
11
0.3728997637795275
21
0.3815176771653543
0
LINE
8
BLACK
6
CONTINUOUS
10
0.3728997637795275
20
0.3815176771653543
11
0.3724588582677165
21
0.3804532677165354
0
LINE
8
BLACK
6
CONTINUOUS
10
0.3724588582677165
20
0.3804532677165354
11
0.3716442125984252
21
0.3796386220472441
0
LINE
8
BLACK
6
CONTINUOUS
10
0.3716442125984252
20
0.3796386220472441
11
0.3705798031496063
21
0.379197716535433
0
LINE
8
BLACK
6
CONTINUOUS
10
0.3705798031496063
20
0.379197716535433
11
0.3694276771653543
21
0.379197716535433
0
LINE
8
BLACK
6
CONTINUOUS
10
0.3694276771653543
20
0.379197716535433
11
0.3683632677165354
21
0.3796386220472441
0
LINE
8
BLACK
6
CONTINUOUS
10
0.3683632677165354
20
0.3796386220472441
11
0.3675486220472441
21
0.3804532677165354
0
LINE
8
BLACK
6
CONTINUOUS
10
0.3675486220472441
20
0.3804532677165354
11
0.3671077165354331
21
0.3815176771653543
0
LINE
8
BLACK
6
CONTINUOUS
10
0.3671077165354331
20
0.3815176771653543
11
0.3670509842519685
21
0.3820937401574803
0
LINE
8
BLACK
6
CONTINUOUS
10
0.3670509842519685
20
0.3820937401574803
11
0.3670509842519685
21
0.4214638188976378
0
LINE
8
BLACK
6
CONTINUOUS
10
0.3670509842519685
20
0.4214638188976378
11
0.3671077165354331
21
0.4220398818897638
0
LINE
8
BLACK
6
CONTINUOUS
10
0.3671077165354331
20
0.4220398818897638
11
0.3675486220472441
21
0.4231042913385827
0
LINE
8
BLACK
6
CONTINUOUS
10
0.3675486220472441
20
0.4231042913385827
11
0.3683632677165354
21
0.423918937007874
0
LINE
8
BLACK
6
CONTINUOUS
10
0.3683632677165354
20
0.423918937007874
11
0.3694276771653543
21
0.424359842519685
0
LINE
8
BLACK
6
CONTINUOUS
10
0.3694276771653543
20
0.424359842519685
11
0.3705798031496063
21
0.424359842519685
0
LINE
8
BLACK
6
CONTINUOUS
10
0.3705798031496063
20
0.424359842519685
11
0.3716442125984252
21
0.423918937007874
0
LINE
8
BLACK
6
CONTINUOUS
10
2.371644212598425
20
0.423918937007874
11
2.3724588582677164
21
0.4231042913385827
0
LINE
8
BLACK
6
CONTINUOUS
10
2.3724588582677164
20
0.4231042913385827
11
2.3728997637795275
21
0.4220398818897638
0
LINE
8
BLACK
6
CONTINUOUS
10
2.3728997637795275
20
0.4220398818897638
11
2.3729564960629919
21
0.4214638188976378
0
LINE
8
BLACK
6
CONTINUOUS
10
2.3729564960629919
20
0.4214638188976378
11
2.3729564960629919
21
0.405668937007874
0
LINE
8
BLACK
6
CONTINUOUS
10
2.3729564960629919
20
0.405668937007874
11
2.3895481496062994
21
0.405668937007874
0
LINE
8
BLACK
6
CONTINUOUS
10
2.3895481496062994
20
0.405668937007874
11
2.3895481496062994
21
0.4214638188976378
0
LINE
8
BLACK
6
CONTINUOUS
10
2.3895481496062994
20
0.4214638188976378
11
2.3896048818897637
21
0.4220398818897638
0
LINE
8
BLACK
6
CONTINUOUS
10
2.3896048818897637
20
0.4220398818897638
11
2.3900457874015748
21
0.4231042913385827
0
LINE
8
BLACK
6
CONTINUOUS
10
2.3900457874015748
20
0.4231042913385827
11
2.3908604330708663
21
0.423918937007874
0
LINE
8
BLACK
6
CONTINUOUS
10
2.3908604330708663
20
0.423918937007874
11
2.3919248425196851
21
0.424359842519685
0
LINE
8
BLACK
6
CONTINUOUS
10
2.3919248425196851
20
0.424359842519685
11
2.3930769685039368
21
0.424359842519685
0
LINE
8
BLACK
6
CONTINUOUS
10
2.3930769685039368
20
0.424359842519685
11
2.3941413779527561
21
0.423918937007874
0
LINE
8
BLACK
6
CONTINUOUS
10
2.3941413779527561
20
0.423918937007874
11
2.3949560236220471
21
0.4231042913385827
0
LINE
8
BLACK
6
CONTINUOUS
10
2.3949560236220471
20
0.4231042913385827
11
2.3953969291338582
21
0.4220398818897638
0
LINE
8
BLACK
6
CONTINUOUS
10
2.3953969291338582
20
0.4220398818897638
11
2.395453661417323
21
0.4214638188976378
0
LINE
8
BLACK
6
CONTINUOUS
10
2.395453661417323
20
0.4214638188976378
11
2.395453661417323
21
0.3820937401574803
0
LINE
8
BLACK
6
CONTINUOUS
10
2.395453661417323
20
0.3820937401574803
11
2.3953969291338582
21
0.3815176771653543
0
LINE
8
BLACK
6
CONTINUOUS
10
2.3953969291338582
20
0.3815176771653543
11
2.3949560236220471
21
0.3804532677165354
0
LINE
8
BLACK
6
CONTINUOUS
10
2.3949560236220471
20
0.3804532677165354
11
2.3941413779527561
21
0.3796386220472441
0
LINE
8
BLACK
6
CONTINUOUS
10
2.3941413779527561
20
0.3796386220472441
11
2.3930769685039368
21
0.379197716535433
0
LINE
8
BLACK
6
CONTINUOUS
10
2.3930769685039368
20
0.379197716535433
11
2.3919248425196851
21
0.379197716535433
0
LINE
8
BLACK
6
CONTINUOUS
10
2.3919248425196851
20
0.379197716535433
11
2.3908604330708663
21
0.3796386220472441
0
LINE
8
BLACK
6
CONTINUOUS
10
2.3908604330708663
20
0.3796386220472441
11
2.3900457874015748
21
0.3804532677165354
0
LINE
8
BLACK
6
CONTINUOUS
10
2.3900457874015748
20
0.3804532677165354
11
2.3896048818897637
21
0.3815176771653543
0
LINE
8
BLACK
6
CONTINUOUS
10
2.3896048818897637
20
0.3815176771653543
11
2.3895481496062994
21
0.3820937401574803
0
LINE
8
BLACK
6
CONTINUOUS
10
2.3895481496062994
20
0.3820937401574803
11
2.3895481496062994
21
0.3997634251968504
0
LINE
8
BLACK
6
CONTINUOUS
10
2.3895481496062994
20
0.3997634251968504
11
2.3729564960629919
21
0.3997634251968504
0
LINE
8
BLACK
6
CONTINUOUS
10
2.3729564960629919
20
0.3997634251968504
11
2.3729564960629919
21
0.3820937401574803
0
LINE
8
BLACK
6
CONTINUOUS
10
2.3729564960629919
20
0.3820937401574803
11
2.3728997637795275
21
0.3815176771653543
0
LINE
8
BLACK
6
CONTINUOUS
10
2.3728997637795275
20
0.3815176771653543
11
2.3724588582677164
21
0.3804532677165354
0
LINE
8
BLACK
6
CONTINUOUS
10
2.3724588582677164
20
0.3804532677165354
11
2.371644212598425
21
0.3796386220472441
0
LINE
8
BLACK
6
CONTINUOUS
10
2.371644212598425
20
0.3796386220472441
11
2.3705798031496061
21
0.379197716535433
0
LINE
8
BLACK
6
CONTINUOUS
10
2.3705798031496061
20
0.379197716535433
11
2.3694276771653544
21
0.379197716535433
0
LINE
8
BLACK
6
CONTINUOUS
10
2.3694276771653544
20
0.379197716535433
11
2.3683632677165352
21
0.3796386220472441
0
LINE
8
BLACK
6
CONTINUOUS
10
2.3683632677165352
20
0.3796386220472441
11
2.3675486220472441
21
0.3804532677165354
0
LINE
8
BLACK
6
CONTINUOUS
10
2.3675486220472441
20
0.3804532677165354
11
2.3671077165354331
21
0.3815176771653543
0
LINE
8
BLACK
6
CONTINUOUS
10
2.3671077165354331
20
0.3815176771653543
11
2.3670509842519682
21
0.3820937401574803
0
LINE
8
BLACK
6
CONTINUOUS
10
2.3670509842519682
20
0.3820937401574803
11
2.3670509842519682
21
0.4214638188976378
0
LINE
8
BLACK
6
CONTINUOUS
10
2.3670509842519682
20
0.4214638188976378
11
2.3671077165354331
21
0.4220398818897638
0
LINE
8
BLACK
6
CONTINUOUS
10
2.3671077165354331
20
0.4220398818897638
11
2.3675486220472441
21
0.4231042913385827
0
LINE
8
BLACK
6
CONTINUOUS
10
2.3675486220472441
20
0.4231042913385827
11
2.3683632677165352
21
0.423918937007874
0
LINE
8
BLACK
6
CONTINUOUS
10
2.3683632677165352
20
0.423918937007874
11
2.3694276771653544
21
0.424359842519685
0
LINE
8
BLACK
6
CONTINUOUS
10
2.3694276771653544
20
0.424359842519685
11
2.3705798031496061
21
0.424359842519685
0
LINE
8
BLACK
6
CONTINUOUS
10
2.3705798031496061
20
0.424359842519685
11
2.371644212598425
21
0.423918937007874
0
LINE
8
BLACK
6
CONTINUOUS
10
2.4202099212598425
20
0.4259038188976378
11
2.4210803149606299
21
0.425148937007874
0
LINE
8
BLACK
6
CONTINUOUS
10
2.4210803149606299
20
0.425148937007874
11
2.4215955118110237
21
0.4241184645669291
0
LINE
8
BLACK
6
CONTINUOUS
10
2.4215955118110237
20
0.4241184645669291
11
2.4216772047244093
21
0.4229692519685039
0
LINE
8
BLACK
6
CONTINUOUS
10
2.4216772047244093
20
0.4229692519685039
11
2.4215488582677165
21
0.4224048031496063
0
LINE
8
BLACK
6
CONTINUOUS
10
2.4215488582677165
20
0.4224048031496063
11
2.4134705511811023
21
0.3981698818897638
0
LINE
8
BLACK
6
CONTINUOUS
10
2.4134705511811023
20
0.3981698818897638
11
2.4251687007874017
21
0.3981698818897638
0
LINE
8
BLACK
6
CONTINUOUS
10
2.4251687007874017
20
0.3981698818897638
11
2.4251687007874017
21
0.4083404724409448
0
LINE
8
BLACK
6
CONTINUOUS
10
2.4251687007874017
20
0.4083404724409448
11
2.425225433070866
21
0.4089165354330709
0
LINE
8
BLACK
6
CONTINUOUS
10
2.425225433070866
20
0.4089165354330709
11
2.4256663385826771
21
0.4099809448818897
0
LINE
8
BLACK
6
CONTINUOUS
10
2.4256663385826771
20
0.4099809448818897
11
2.4264809842519686
21
0.4107955905511811
0
LINE
8
BLACK
6
CONTINUOUS
10
2.4264809842519686
20
0.4107955905511811
11
2.4275453937007874
21
0.4112364960629921
0
LINE
8
BLACK
6
CONTINUOUS
10
2.4275453937007874
20
0.4112364960629921
11
2.4286975196850391
21
0.4112364960629921
0
LINE
8
BLACK
6
CONTINUOUS
10
2.4286975196850391
20
0.4112364960629921
11
2.4297619291338584
21
0.4107955905511811
0
LINE
8
BLACK
6
CONTINUOUS
10
2.4297619291338584
20
0.4107955905511811
11
2.4305765748031494
21
0.4099809448818897
0
LINE
8
BLACK
6
CONTINUOUS
10
2.4305765748031494
20
0.4099809448818897
11
2.4310174803149605
21
0.4089165354330709
0
LINE
8
BLACK
6
CONTINUOUS
10
2.4310174803149605
20
0.4089165354330709
11
2.4310742125984253
21
0.4083404724409448
0
LINE
8
BLACK
6
CONTINUOUS
10
2.4310742125984253
20
0.4083404724409448
11
2.4310742125984253
21
0.3981698818897638
0
LINE
8
BLACK
6
CONTINUOUS
10
2.4310742125984253
20
0.3981698818897638
11
2.4337457480314959
21
0.3981698818897638
0
LINE
8
BLACK
6
CONTINUOUS
10
2.4337457480314959
20
0.3981698818897638
11
2.4343218110236218
21
0.3981131496062992
0
LINE
8
BLACK
6
CONTINUOUS
10
2.4343218110236218
20
0.3981131496062992
11
2.435386220472441
21
0.3976722440944882
0
LINE
8
BLACK
6
CONTINUOUS
10
2.435386220472441
20
0.3976722440944882
11
2.436200866141732
21
0.3968575984251969
0
LINE
8
BLACK
6
CONTINUOUS
10
2.436200866141732
20
0.3968575984251969
11
2.4366417716535431
21
0.3957931889763779
0
LINE
8
BLACK
6
CONTINUOUS
10
2.4366417716535431
20
0.3957931889763779
11
2.4366417716535431
21
0.394641062992126
0
LINE
8
BLACK
6
CONTINUOUS
10
2.4366417716535431
20
0.394641062992126
11
2.436200866141732
21
0.3935766535433071
0
LINE
8
BLACK
6
CONTINUOUS
10
2.436200866141732
20
0.3935766535433071
11
2.435386220472441
21
0.3927620078740157
0
LINE
8
BLACK
6
CONTINUOUS
10
2.435386220472441
20
0.3927620078740157
11
2.4343218110236218
21
0.3923211023622047
0
LINE
8
BLACK
6
CONTINUOUS
10
2.4343218110236218
20
0.3923211023622047
11
2.4337457480314959
21
0.3922643700787402
0
LINE
8
BLACK
6
CONTINUOUS
10
2.4337457480314959
20
0.3922643700787402
11
2.4310742125984253
21
0.3922643700787402
0
LINE
8
BLACK
6
CONTINUOUS
10
2.4310742125984253
20
0.3922643700787402
11
2.4310742125984253
21
0.3820937401574803
0
LINE
8
BLACK
6
CONTINUOUS
10
2.4310742125984253
20
0.3820937401574803
11
2.4310174803149605
21
0.3815176771653543
0
LINE
8
BLACK
6
CONTINUOUS
10
2.4310174803149605
20
0.3815176771653543
11
2.4305765748031494
21
0.3804532677165354
0
LINE
8
BLACK
6
CONTINUOUS
10
2.4305765748031494
20
0.3804532677165354
11
2.4297619291338584
21
0.3796386220472441
0
LINE
8
BLACK
6
CONTINUOUS
10
2.4297619291338584
20
0.3796386220472441
11
2.4286975196850391
21
0.379197716535433
0
LINE
8
BLACK
6
CONTINUOUS
10
2.4286975196850391
20
0.379197716535433
11
2.4275453937007874
21
0.379197716535433
0
LINE
8
BLACK
6
CONTINUOUS
10
2.4275453937007874
20
0.379197716535433
11
2.4264809842519686
21
0.3796386220472441
0
LINE
8
BLACK
6
CONTINUOUS
10
2.4264809842519686
20
0.3796386220472441
11
2.4256663385826771
21
0.3804532677165354
0
LINE
8
BLACK
6
CONTINUOUS
10
2.4256663385826771
20
0.3804532677165354
11
2.425225433070866
21
0.3815176771653543
0
LINE
8
BLACK
6
CONTINUOUS
10
2.425225433070866
20
0.3815176771653543
11
2.4251687007874017
21
0.3820937401574803
0
LINE
8
BLACK
6
CONTINUOUS
10
2.4251687007874017
20
0.3820937401574803
11
2.4251687007874017
21
0.3922643700787402
0
LINE
8
BLACK
6
CONTINUOUS
10
2.4251687007874017
20
0.3922643700787402
11
2.4093738188976377
21
0.3922643700787402
0
LINE
8
BLACK
6
CONTINUOUS
10
2.4093738188976377
20
0.3922643700787402
11
2.4090822440944883
21
0.3922931102362205
0
LINE
8
BLACK
6
CONTINUOUS
10
2.4090822440944883
20
0.3922931102362205
11
2.409004527559055
21
0.3922875590551181
0
LINE
8
BLACK
6
CONTINUOUS
10
2.409004527559055
20
0.3922875590551181
11
2.4089483858267715
21
0.3923062992125984
0
LINE
8
BLACK
6
CONTINUOUS
10
2.4089483858267715
20
0.3923062992125984
11
2.4087977559055118
21
0.3923211023622047
0
LINE
8
BLACK
6
CONTINUOUS
10
2.4087977559055118
20
0.3923211023622047
11
2.4083604330708659
21
0.3925022440944882
0
LINE
8
BLACK
6
CONTINUOUS
10
2.4083604330708659
20
0.3925022440944882
11
2.4079114960629919
21
0.3926518897637795
0
LINE
8
BLACK
6
CONTINUOUS
10
2.4079114960629919
20
0.3926518897637795
11
2.4078312992125985
21
0.3927214566929134
0
LINE
8
BLACK
6
CONTINUOUS
10
2.4078312992125985
20
0.3927214566929134
11
2.407733346456693
21
0.3927620078740157
0
LINE
8
BLACK
6
CONTINUOUS
10
2.407733346456693
20
0.3927620078740157
11
2.4073987007874016
21
0.3930966535433071
0
LINE
8
BLACK
6
CONTINUOUS
10
2.4073987007874016
20
0.3930966535433071
11
2.4070411417322832
21
0.3934067716535433
0
LINE
8
BLACK
6
CONTINUOUS
10
2.4070411417322832
20
0.3934067716535433
11
2.4069937007874014
21
0.3935016535433071
0
LINE
8
BLACK
6
CONTINUOUS
10
2.4069937007874014
20
0.3935016535433071
11
2.4069187007874016
21
0.3935766535433071
0
LINE
8
BLACK
6
CONTINUOUS
10
2.4069187007874016
20
0.3935766535433071
11
2.4067375196850391
21
0.3940140157480315
0
LINE
8
BLACK
6
CONTINUOUS
10
2.4067375196850391
20
0.3940140157480315
11
2.4065259448818899
21
0.3944372047244095
0
LINE
8
BLACK
6
CONTINUOUS
10
2.4065259448818899
20
0.3944372047244095
11
2.4065184251968503
21
0.3945429921259843
0
LINE
8
BLACK
6
CONTINUOUS
10
2.4065184251968503
20
0.3945429921259843
11
2.4064777952755905
21
0.394641062992126
0
LINE
8
BLACK
6
CONTINUOUS
10
2.4064777952755905
20
0.394641062992126
11
2.4064777952755905
21
0.3951145669291338
0
LINE
8
BLACK
6
CONTINUOUS
10
2.4064777952755905
20
0.3951145669291338
11
2.4064442519685039
21
0.3955864173228346
0
LINE
8
BLACK
6
CONTINUOUS
10
2.4064442519685039
20
0.3955864173228346
11
2.4064777952755905
21
0.395733937007874
0
LINE
8
BLACK
6
CONTINUOUS
10
2.4064777952755905
20
0.395733937007874
11
2.4064777952755905
21
0.3957931889763779
0
LINE
8
BLACK
6
CONTINUOUS
10
2.4064777952755905
20
0.3957931889763779
11
2.4065076377952757
21
0.3958653149606299
0
LINE
8
BLACK
6
CONTINUOUS
10
2.4065076377952757
20
0.3958653149606299
11
2.4065725984251967
21
0.3961508661417323
0
LINE
8
BLACK
6
CONTINUOUS
10
2.4065725984251967
20
0.3961508661417323
11
2.4159464173228344
21
0.4242723228346457
0
LINE
8
BLACK
6
CONTINUOUS
10
2.4159464173228344
20
0.4242723228346457
11
2.4161824015748032
21
0.4248008661417323
0
LINE
8
BLACK
6
CONTINUOUS
10
2.4161824015748032
20
0.4248008661417323
11
2.4169372834645668
21
0.4256712204724409
0
LINE
8
BLACK
6
CONTINUOUS
10
2.4169372834645668
20
0.4256712204724409
11
2.4179677165354332
21
0.4261864566929134
0
LINE
8
BLACK
6
CONTINUOUS
10
2.4179677165354332
20
0.4261864566929134
11
2.4191169291338581
21
0.4262681496062992
0
LINE
8
BLACK
6
CONTINUOUS
10
2.4191169291338581
20
0.4262681496062992
11
2.4202099212598425
21
0.4259038188976378
0
LINE
8
BLACK
6
CONTINUOUS
10
-0.476983031496063
20
0.9599826377952756
11
-0.4759186220472441
21
0.9595417322834645
0
LINE
8
BLACK
6
CONTINUOUS
10
-0.4759186220472441
20
0.9595417322834645
11
-0.4751039763779528
21
0.9587270866141732
0
LINE
8
BLACK
6
CONTINUOUS
10
-0.4751039763779528
20
0.9587270866141732
11
-0.4746630708661417
21
0.9576626771653544
0
LINE
8
BLACK
6
CONTINUOUS
10
-0.4746630708661417
20
0.9576626771653544
11
-0.4746063385826771
21
0.9570866141732284
0
LINE
8
BLACK
6
CONTINUOUS
10
-0.4746063385826771
20
0.9570866141732284
11
-0.4746063385826771
21
0.6570866141732283
0
LINE
8
BLACK
6
CONTINUOUS
10
-0.4746063385826771
20
0.6570866141732283
11
-0.4746630708661417
21
0.6565105511811024
0
LINE
8
BLACK
6
CONTINUOUS
10
-0.4746630708661417
20
0.6565105511811024
11
-0.4751039763779528
21
0.6554461417322834
0
LINE
8
BLACK
6
CONTINUOUS
10
-0.4751039763779528
20
0.6554461417322834
11
-0.4759186220472441
21
0.6546314960629921
0
LINE
8
BLACK
6
CONTINUOUS
10
-0.4759186220472441
20
0.6546314960629921
11
-0.476983031496063
21
0.6541905905511811
0
LINE
8
BLACK
6
CONTINUOUS
10
-0.476983031496063
20
0.6541905905511811
11
-0.477559094488189
21
0.6541338582677165
0
LINE
8
BLACK
6
CONTINUOUS
10
-0.477559094488189
20
0.6541338582677165
11
-0.677559094488189
21
0.6541338582677165
0
LINE
8
BLACK
6
CONTINUOUS
10
-0.677559094488189
20
0.6541338582677165
11
-0.6781351574803149
21
0.6541905905511811
0
LINE
8
BLACK
6
CONTINUOUS
10
-0.6781351574803149
20
0.6541905905511811
11
-0.6791995669291339
21
0.6546314960629921
0
LINE
8
BLACK
6
CONTINUOUS
10
-0.6791995669291339
20
0.6546314960629921
11
-0.6800142125984252
21
0.6554461417322834
0
LINE
8
BLACK
6
CONTINUOUS
10
-0.6800142125984252
20
0.6554461417322834
11
-0.6804551181102362
21
0.6565105511811024
0
LINE
8
BLACK
6
CONTINUOUS
10
-0.6804551181102362
20
0.6565105511811024
11
-0.6805118503937008
21
0.6570866141732283
0
LINE
8
BLACK
6
CONTINUOUS
10
-0.6805118503937008
20
0.6570866141732283
11
-0.6805118503937008
21
0.9570866141732284
0
LINE
8
BLACK
6
CONTINUOUS
10
-0.6805118503937008
20
0.9570866141732284
11
-0.6804551181102362
21
0.9576626771653544
0
LINE
8
BLACK
6
CONTINUOUS
10
-0.6804551181102362
20
0.9576626771653544
11
-0.6800142125984252
21
0.9587270866141732
0
LINE
8
BLACK
6
CONTINUOUS
10
-0.6800142125984252
20
0.9587270866141732
11
-0.6791995669291339
21
0.9595417322834645
0
LINE
8
BLACK
6
CONTINUOUS
10
-0.6791995669291339
20
0.9595417322834645
11
-0.6781351574803149
21
0.9599826377952756
0
LINE
8
BLACK
6
CONTINUOUS
10
-0.6781351574803149
20
0.9599826377952756
11
-0.677559094488189
21
0.9600393700787402
0
LINE
8
BLACK
6
CONTINUOUS
10
-0.677559094488189
20
0.9600393700787402
11
-0.477559094488189
21
0.9600393700787402
0
LINE
8
BLACK
6
CONTINUOUS
10
-0.477559094488189
20
0.9600393700787402
11
-0.476983031496063
21
0.9599826377952756
0
LINE
8
BLACK
6
CONTINUOUS
10
-0.6746063385826772
20
0.9541338582677165
11
-0.6746063385826772
21
0.6600393700787401
0
LINE
8
BLACK
6
CONTINUOUS
10
-0.6746063385826772
20
0.6600393700787401
11
-0.4805118503937008
21
0.6600393700787401
0
LINE
8
BLACK
6
CONTINUOUS
10
-0.4805118503937008
20
0.6600393700787401
11
-0.4805118503937008
21
0.9541338582677165
0
LINE
8
BLACK
6
CONTINUOUS
10
-0.4805118503937008
20
0.9541338582677165
11
-0.6746063385826772
21
0.9541338582677165
0
LINE
8
BLACK
6
CONTINUOUS
10
4.23915874015748
20
1.3950220078740156
11
4.2402231496062992
21
1.3945811023622048
0
LINE
8
BLACK
6
CONTINUOUS
10
4.2402231496062992
20
1.3945811023622048
11
4.2410377952755907
21
1.3937664566929133
0
LINE
8
BLACK
6
CONTINUOUS
10
4.2410377952755907
20
1.3937664566929133
11
4.2414787007874013
21
1.3927020472440945
0
LINE
8
BLACK
6
CONTINUOUS
10
4.2414787007874013
20
1.3927020472440945
11
4.2415354330708661
21
1.3921259842519684
0
LINE
8
BLACK
6
CONTINUOUS
10
4.2415354330708661
20
1.3921259842519684
11
4.2415354330708661
21
1.0921259842519684
0
LINE
8
BLACK
6
CONTINUOUS
10
4.2415354330708661
20
1.0921259842519684
11
4.2414787007874013
21
1.0915499212598425
0
LINE
8
BLACK
6
CONTINUOUS
10
4.2414787007874013
20
1.0915499212598425
11
4.2410377952755907
21
1.0904855118110235
0
LINE
8
BLACK
6
CONTINUOUS
10
4.2410377952755907
20
1.0904855118110235
11
4.2402231496062992
21
1.0896708661417323
0
LINE
8
BLACK
6
CONTINUOUS
10
4.2402231496062992
20
1.0896708661417323
11
4.23915874015748
21
1.0892299606299212
0
LINE
8
BLACK
6
CONTINUOUS
10
4.23915874015748
20
1.0892299606299212
11
4.2385826771653541
21
1.0891732283464566
0
LINE
8
BLACK
6
CONTINUOUS
10
4.2385826771653541
20
1.0891732283464566
11
4.0385826771653539
21
1.0891732283464566
0
LINE
8
BLACK
6
CONTINUOUS
10
4.0385826771653539
20
1.0891732283464566
11
4.038006614173228
21
1.0892299606299212
0
LINE
8
BLACK
6
CONTINUOUS
10
4.038006614173228
20
1.0892299606299212
11
4.0369422047244097
21
1.0896708661417323
0
LINE
8
BLACK
6
CONTINUOUS
10
4.0369422047244097
20
1.0896708661417323
11
4.0361275590551182
21
1.0904855118110235
0
LINE
8
BLACK
6
CONTINUOUS
10
4.0361275590551182
20
1.0904855118110235
11
4.0356866535433067
21
1.0915499212598425
0
LINE
8
BLACK
6
CONTINUOUS
10
4.0356866535433067
20
1.0915499212598425
11
4.0356299212598428
21
1.0921259842519684
0
LINE
8
BLACK
6
CONTINUOUS
10
4.0356299212598428
20
1.0921259842519684
11
4.0356299212598428
21
1.3921259842519684
0
LINE
8
BLACK
6
CONTINUOUS
10
4.0356299212598428
20
1.3921259842519684
11
4.0356866535433067
21
1.3927020472440945
0
LINE
8
BLACK
6
CONTINUOUS
10
4.0356866535433067
20
1.3927020472440945
11
4.0361275590551182
21
1.3937664566929133
0
LINE
8
BLACK
6
CONTINUOUS
10
4.0361275590551182
20
1.3937664566929133
11
4.0369422047244097
21
1.3945811023622048
0
LINE
8
BLACK
6
CONTINUOUS
10
4.0369422047244097
20
1.3945811023622048
11
4.038006614173228
21
1.3950220078740156
0
LINE
8
BLACK
6
CONTINUOUS
10
4.038006614173228
20
1.3950220078740156
11
4.0385826771653539
21
1.3950787401574802
0
LINE
8
BLACK
6
CONTINUOUS
10
4.0385826771653539
20
1.3950787401574802
11
4.2385826771653541
21
1.3950787401574802
0
LINE
8
BLACK
6
CONTINUOUS
10
4.2385826771653541
20
1.3950787401574802
11
4.23915874015748
21
1.3950220078740156
0
LINE
8
BLACK
6
CONTINUOUS
10
4.0415354330708659
20
1.3891732283464566
11
4.0415354330708659
21
1.0950787401574802
0
LINE
8
BLACK
6
CONTINUOUS
10
4.0415354330708659
20
1.0950787401574802
11
4.2356299212598421
21
1.0950787401574802
0
LINE
8
BLACK
6
CONTINUOUS
10
4.2356299212598421
20
1.0950787401574802
11
4.2356299212598421
21
1.3891732283464566
0
LINE
8
BLACK
6
CONTINUOUS
10
4.2356299212598421
20
1.3891732283464566
11
4.0415354330708659
21
1.3891732283464566
0
LINE
8
BLACK
6
CONTINUOUS
10
0.3837031496062992
20
1.8478506692913386
11
0.3838011417322835
21
1.8478100787401575
0
LINE
8
BLACK
6
CONTINUOUS
10
0.3838011417322835
20
1.8478100787401575
11
0.383906968503937
21
1.8478025590551181
0
LINE
8
BLACK
6
CONTINUOUS
10
0.383906968503937
20
1.8478025590551181
11
0.3844475984251968
21
1.8475956692913384
0
LINE
8
BLACK
6
CONTINUOUS
10
0.3844475984251968
20
1.8475956692913384
11
0.3850972047244094
21
1.8472708661417323
0
LINE
8
BLACK
6
CONTINUOUS
10
0.3850972047244094
20
1.8472708661417323
11
0.3852361417322834
21
1.8474097637795275
0
LINE
8
BLACK
6
CONTINUOUS
10
0.3852361417322834
20
1.8474097637795275
11
0.3863005511811023
21
1.8478506692913386
0
LINE
8
BLACK
6
CONTINUOUS
10
0.3863005511811023
20
1.8478506692913386
11
0.3874526771653543
21
1.8478506692913386
0
LINE
8
BLACK
6
CONTINUOUS
10
0.3874526771653543
20
1.8478506692913386
11
0.3885170866141732
21
1.8474097637795275
0
LINE
8
BLACK
6
CONTINUOUS
10
0.3885170866141732
20
1.8474097637795275
11
0.3893317322834646
21
1.8465951181102362
0
LINE
8
BLACK
6
CONTINUOUS
10
0.3893317322834646
20
1.8465951181102362
11
0.3897726377952756
21
1.8455307086614172
0
LINE
8
BLACK
6
CONTINUOUS
10
0.3897726377952756
20
1.8455307086614172
11
0.3898293700787401
21
1.8449546456692913
0
LINE
8
BLACK
6
CONTINUOUS
10
0.3898293700787401
20
1.8449546456692913
11
0.3898293700787401
21
1.8130836220472442
0
LINE
8
BLACK
6
CONTINUOUS
10
0.3898293700787401
20
1.8130836220472442
11
0.3897726377952756
21
1.8125075590551181
0
LINE
8
BLACK
6
CONTINUOUS
10
0.3897726377952756
20
1.8125075590551181
11
0.3897320472440945
21
1.8124096062992125
0
LINE
8
BLACK
6
CONTINUOUS
10
0.3897320472440945
20
1.8124096062992125
11
0.3897245275590551
21
1.8123037007874014
0
LINE
8
BLACK
6
CONTINUOUS
10
0.3897245275590551
20
1.8123037007874014
11
0.3895176377952756
21
1.8117631102362204
0
LINE
8
BLACK
6
CONTINUOUS
10
0.3895176377952756
20
1.8117631102362204
11
0.387642874015748
21
1.8080135826771653
0
LINE
8
BLACK
6
CONTINUOUS
10
0.387642874015748
20
1.8080135826771653
11
0.3874867716535433
21
1.8077655905511811
0
LINE
8
BLACK
6
CONTINUOUS
10
0.3874867716535433
20
1.8077655905511811
11
0.387456968503937
21
1.8076936220472442
0
LINE
8
BLACK
6
CONTINUOUS
10
0.387456968503937
20
1.8076936220472442
11
0.3873904724409449
21
1.8076126771653542
0
LINE
8
BLACK
6
CONTINUOUS
10
0.3873904724409449
20
1.8076126771653542
11
0.3873345275590551
21
1.8075237007874014
0
LINE
8
BLACK
6
CONTINUOUS
10
0.3873345275590551
20
1.8075237007874014
11
0.3872755118110236
21
1.8074725590551182
0
LINE
8
BLACK
6
CONTINUOUS
10
0.3872755118110236
20
1.8074725590551182
11
0.3870897637795275
21
1.8072461811023621
0
LINE
8
BLACK
6
CONTINUOUS
10
0.3870897637795275
20
1.8072461811023621
11
0.385215
21
1.8053714173228346
0
LINE
8
BLACK
6
CONTINUOUS
10
0.385215
20
1.8053714173228346
11
0.3849886220472441
21
1.8051856692913386
0
LINE
8
BLACK
6
CONTINUOUS
10
0.3849886220472441
20
1.8051856692913386
11
0.3849374803149606
21
1.805126653543307
0
LINE
8
BLACK
6
CONTINUOUS
10
0.3849374803149606
20
1.805126653543307
11
0.3848485039370079
21
1.8050707086614173
0
LINE
8
BLACK
6
CONTINUOUS
10
0.3848485039370079
20
1.8050707086614173
11
0.3847675590551181
21
1.8050042125984251
0
LINE
8
BLACK
6
CONTINUOUS
10
0.3847675590551181
20
1.8050042125984251
11
0.3846955905511811
21
1.8049744094488189
0
LINE
8
BLACK
6
CONTINUOUS
10
0.3846955905511811
20
1.8049744094488189
11
0.3844475984251968
21
1.8048183070866142
0
LINE
8
BLACK
6
CONTINUOUS
10
0.3844475984251968
20
1.8048183070866142
11
0.3806980708661417
21
1.8029435433070866
0
LINE
8
BLACK
6
CONTINUOUS
10
0.3806980708661417
20
1.8029435433070866
11
0.3801574409448819
21
1.8027366535433071
0
LINE
8
BLACK
6
CONTINUOUS
10
0.3801574409448819
20
1.8027366535433071
11
0.3800516141732284
21
1.8027291732283464
0
LINE
8
BLACK
6
CONTINUOUS
10
0.3800516141732284
20
1.8027291732283464
11
0.3799536220472441
21
1.8026885433070865
0
LINE
8
BLACK
6
CONTINUOUS
10
0.3799536220472441
20
1.8026885433070865
11
0.3793775590551181
21
1.8026318110236219
0
LINE
8
BLACK
6
CONTINUOUS
10
0.3793775590551181
20
1.8026318110236219
11
0.3737532677165354
21
1.8026318110236219
0
LINE
8
BLACK
6
CONTINUOUS
10
0.3737532677165354
20
1.8026318110236219
11
0.3731772047244095
21
1.8026885433070865
0
LINE
8
BLACK
6
CONTINUOUS
10
0.3731772047244095
20
1.8026885433070865
11
0.3730792125984252
21
1.8027291338582676
0
LINE
8
BLACK
6
CONTINUOUS
10
0.3730792125984252
20
1.8027291338582676
11
0.3729733464566929
21
1.8027366535433071
0
LINE
8
BLACK
6
CONTINUOUS
10
0.3729733464566929
20
1.8027366535433071
11
0.3724327559055118
21
1.8029435433070866
0
LINE
8
BLACK
6
CONTINUOUS
10
0.3724327559055118
20
1.8029435433070866
11
0.3686832283464567
21
1.8048183070866142
0
LINE
8
BLACK
6
CONTINUOUS
10
0.3686832283464567
20
1.8048183070866142
11
0.3681933464566929
21
1.805126653543307
0
LINE
8
BLACK
6
CONTINUOUS
10
0.3681933464566929
20
1.805126653543307
11
0.3674385039370079
21
1.8059970472440945
0
LINE
8
BLACK
6
CONTINUOUS
10
0.3674385039370079
20
1.8059970472440945
11
0.3670741732283465
21
1.8070899999999999
0
LINE
8
BLACK
6
CONTINUOUS
10
0.3670741732283465
20
1.8070899999999999
11
0.3671558267716535
21
1.8082392125984252
0
LINE
8
BLACK
6
CONTINUOUS
10
0.3671558267716535
20
1.8082392125984252
11
0.367671062992126
21
1.8092697244094489
0
LINE
8
BLACK
6
CONTINUOUS
10
0.367671062992126
20
1.8092697244094489
11
0.3685414566929134
21
1.8100245669291337
0
LINE
8
BLACK
6
CONTINUOUS
10
0.3685414566929134
20
1.8100245669291337
11
0.3696344094488189
21
1.8103888976377953
0
LINE
8
BLACK
6
CONTINUOUS
10
0.3696344094488189
20
1.8103888976377953
11
0.3707836220472441
21
1.8103072440944881
0
LINE
8
BLACK
6
CONTINUOUS
10
0.3707836220472441
20
1.8103072440944881
11
0.3713242519685039
21
1.8101003543307086
0
LINE
8
BLACK
6
CONTINUOUS
10
0.3713242519685039
20
1.8101003543307086
11
0.3744503149606299
21
1.8085373228346455
0
LINE
8
BLACK
6
CONTINUOUS
10
0.3744503149606299
20
1.8085373228346455
11
0.3786805118110236
21
1.8085373228346455
0
LINE
8
BLACK
6
CONTINUOUS
10
0.3786805118110236
20
1.8085373228346455
11
0.3813779921259842
21
1.8098860629921258
0
LINE
8
BLACK
6
CONTINUOUS
10
0.3813779921259842
20
1.8098860629921258
11
0.3825751181102362
21
1.8110831889763779
0
LINE
8
BLACK
6
CONTINUOUS
10
0.3825751181102362
20
1.8110831889763779
11
0.3839238582677165
21
1.8137806692913385
0
LINE
8
BLACK
6
CONTINUOUS
10
0.3839238582677165
20
1.8137806692913385
11
0.3839238582677165
21
1.815866496062992
0
LINE
8
BLACK
6
CONTINUOUS
10
0.3839238582677165
20
1.815866496062992
11
0.383906968503937
21
1.81586
0
LINE
8
BLACK
6
CONTINUOUS
10
0.383906968503937
20
1.81586
11
0.3838011417322835
21
1.8158525196850392
0
LINE
8
BLACK
6
CONTINUOUS
10
0.3838011417322835
20
1.8158525196850392
11
0.3837031496062992
21
1.8158118897637794
0
LINE
8
BLACK
6
CONTINUOUS
10
0.3837031496062992
20
1.8158118897637794
11
0.3831270866141732
21
1.815755157480315
0
LINE
8
BLACK
6
CONTINUOUS
10
0.3831270866141732
20
1.815755157480315
11
0.375628031496063
21
1.815755157480315
0
LINE
8
BLACK
6
CONTINUOUS
10
0.375628031496063
20
1.815755157480315
11
0.375051968503937
21
1.8158118897637794
0
LINE
8
BLACK
6
CONTINUOUS
10
0.375051968503937
20
1.8158118897637794
11
0.3749539763779527
21
1.8158524803149605
0
LINE
8
BLACK
6
CONTINUOUS
10
0.3749539763779527
20
1.8158524803149605
11
0.3748481102362204
21
1.81586
0
LINE
8
BLACK
6
CONTINUOUS
10
0.3748481102362204
20
1.81586
11
0.3743075196850393
21
1.8160668897637795
0
LINE
8
BLACK
6
CONTINUOUS
10
0.3743075196850393
20
1.8160668897637795
11
0.3705579921259842
21
1.8179416535433071
0
LINE
8
BLACK
6
CONTINUOUS
10
0.3705579921259842
20
1.8179416535433071
11
0.3703099606299213
21
1.8180977559055118
0
LINE
8
BLACK
6
CONTINUOUS
10
0.3703099606299213
20
1.8180977559055118
11
0.370238031496063
21
1.818127559055118
0
LINE
8
BLACK
6
CONTINUOUS
10
0.370238031496063
20
1.818127559055118
11
0.3701570472440945
21
1.8181940157480314
0
LINE
8
BLACK
6
CONTINUOUS
10
0.3701570472440945
20
1.8181940157480314
11
0.3700681102362204
21
1.8182499999999999
0
LINE
8
BLACK
6
CONTINUOUS
10
0.3700681102362204
20
1.8182499999999999
11
0.3700168897637795
21
1.8183090551181103
0
LINE
8
BLACK
6
CONTINUOUS
10
0.3700168897637795
20
1.8183090551181103
11
0.3697905511811024
21
1.8184948031496062
0
LINE
8
BLACK
6
CONTINUOUS
10
0.3697905511811024
20
1.8184948031496062
11
0.3679157874015748
21
1.8203696062992125
0
LINE
8
BLACK
6
CONTINUOUS
10
0.3679157874015748
20
1.8203696062992125
11
0.3677300393700788
21
1.8205959448818898
0
LINE
8
BLACK
6
CONTINUOUS
10
0.3677300393700788
20
1.8205959448818898
11
0.367671062992126
21
1.8206470866141733
0
LINE
8
BLACK
6
CONTINUOUS
10
0.367671062992126
20
1.8206470866141733
11
0.3676150787401575
21
1.8207360236220471
0
LINE
8
BLACK
6
CONTINUOUS
10
0.3676150787401575
20
1.8207360236220471
11
0.3675485826771653
21
1.8208170472440945
0
LINE
8
BLACK
6
CONTINUOUS
10
0.3675485826771653
20
1.8208170472440945
11
0.3675187401574803
21
1.820889094488189
0
LINE
8
BLACK
6
CONTINUOUS
10
0.3675187401574803
20
1.820889094488189
11
0.3673627165354331
21
1.8211369685039369
0
LINE
8
BLACK
6
CONTINUOUS
10
0.3673627165354331
20
1.8211369685039369
11
0.3654879527559055
21
1.824886496062992
0
LINE
8
BLACK
6
CONTINUOUS
10
0.3654879527559055
20
1.824886496062992
11
0.365281062992126
21
1.8254271259842518
0
LINE
8
BLACK
6
CONTINUOUS
10
0.365281062992126
20
1.8254271259842518
11
0.3652735433070866
21
1.8255329527559054
0
LINE
8
BLACK
6
CONTINUOUS
10
0.3652735433070866
20
1.8255329527559054
11
0.3652329527559055
21
1.8256309448818897
0
LINE
8
BLACK
6
CONTINUOUS
10
0.3652329527559055
20
1.8256309448818897
11
0.3651762204724409
21
1.8262070078740158
0
LINE
8
BLACK
6
CONTINUOUS
10
0.3651762204724409
20
1.8262070078740158
11
0.3651762204724409
21
1.8374555905511811
0
LINE
8
BLACK
6
CONTINUOUS
10
0.3651762204724409
20
1.8374555905511811
11
0.3652329527559055
21
1.838031653543307
0
LINE
8
BLACK
6
CONTINUOUS
10
0.3652329527559055
20
1.838031653543307
11
0.3652735433070866
21
1.83812968503937
0
LINE
8
BLACK
6
CONTINUOUS
10
0.3652735433070866
20
1.83812968503937
11
0.365281062992126
21
1.8382354724409449
0
LINE
8
BLACK
6
CONTINUOUS
10
0.365281062992126
20
1.8382354724409449
11
0.3654879527559055
21
1.8387761023622047
0
LINE
8
BLACK
6
CONTINUOUS
10
0.3654879527559055
20
1.8387761023622047
11
0.3673627165354331
21
1.8425256299212598
0
LINE
8
BLACK
6
CONTINUOUS
10
0.3673627165354331
20
1.8425256299212598
11
0.3675187795275591
21
1.8427736614173227
0
LINE
8
BLACK
6
CONTINUOUS
10
0.3675187795275591
20
1.8427736614173227
11
0.3675486220472441
21
1.8428455905511811
0
LINE
8
BLACK
6
CONTINUOUS
10
0.3675486220472441
20
1.8428455905511811
11
0.3676150787401575
21
1.8429265748031496
0
LINE
8
BLACK
6
CONTINUOUS
10
0.3676150787401575
20
1.8429265748031496
11
0.367671062992126
21
1.8430155118110236
0
LINE
8
BLACK
6
CONTINUOUS
10
0.367671062992126
20
1.8430155118110236
11
0.3677300393700788
21
1.8430666929133859
0
LINE
8
BLACK
6
CONTINUOUS
10
0.3677300393700788
20
1.8430666929133859
11
0.3679158267716535
21
1.8432930314960629
0
LINE
8
BLACK
6
CONTINUOUS
10
0.3679158267716535
20
1.8432930314960629
11
0.3697905905511811
21
1.8451677952755905
0
LINE
8
BLACK
6
CONTINUOUS
10
0.3697905905511811
20
1.8451677952755905
11
0.3700169291338583
21
1.8453535826771652
0
LINE
8
BLACK
6
CONTINUOUS
10
0.3700169291338583
20
1.8453535826771652
11
0.3700681102362204
21
1.845412559055118
0
LINE
8
BLACK
6
CONTINUOUS
10
0.3700681102362204
20
1.845412559055118
11
0.3701570472440945
21
1.8454685433070865
0
LINE
8
BLACK
6
CONTINUOUS
10
0.3701570472440945
20
1.8454685433070865
11
0.370238031496063
21
1.8455349999999999
0
LINE
8
BLACK
6
CONTINUOUS
10
0.370238031496063
20
1.8455349999999999
11
0.3703099606299213
21
1.8455648425196849
0
LINE
8
BLACK
6
CONTINUOUS
10
0.3703099606299213
20
1.8455648425196849
11
0.3705579921259842
21
1.8457209055118109
0
LINE
8
BLACK
6
CONTINUOUS
10
0.3705579921259842
20
1.8457209055118109
11
0.3743075196850393
21
1.8475956692913384
0
LINE
8
BLACK
6
CONTINUOUS
10
0.3743075196850393
20
1.8475956692913384
11
0.3748481102362204
21
1.8478025590551181
0
LINE
8
BLACK
6
CONTINUOUS
10
0.3748481102362204
20
1.8478025590551181
11
0.3749539763779527
21
1.8478101181102362
0
LINE
8
BLACK
6
CONTINUOUS
10
0.3749539763779527
20
1.8478101181102362
11
0.375051968503937
21
1.8478506692913386
0
LINE
8
BLACK
6
CONTINUOUS
10
0.375051968503937
20
1.8478506692913386
11
0.375628031496063
21
1.8479074015748032
0
LINE
8
BLACK
6
CONTINUOUS
10
0.375628031496063
20
1.8479074015748032
11
0.3831270866141732
21
1.8479074015748032
0
LINE
8
BLACK
6
CONTINUOUS
10
0.3831270866141732
20
1.8479074015748032
11
0.3837031496062992
21
1.8478506692913386
0
LINE
8
BLACK
6
CONTINUOUS
10
0.3736275984251968
20
1.8406531496062992
11
0.3724304724409448
21
1.8394560236220472
0
LINE
8
BLACK
6
CONTINUOUS
10
0.3724304724409448
20
1.8394560236220472
11
0.3710817322834646
21
1.8367585433070865
0
LINE
8
BLACK
6
CONTINUOUS
10
0.3710817322834646
20
1.8367585433070865
11
0.3710817322834646
21
1.8269040551181102
0
LINE
8
BLACK
6
CONTINUOUS
10
0.3710817322834646
20
1.8269040551181102
11
0.3724304724409448
21
1.8242065748031495
0
LINE
8
BLACK
6
CONTINUOUS
10
0.3724304724409448
20
1.8242065748031495
11
0.3736275984251968
21
1.823009409448819
0
LINE
8
BLACK
6
CONTINUOUS
10
0.3736275984251968
20
1.823009409448819
11
0.3763250787401575
21
1.8216606692913386
0
LINE
8
BLACK
6
CONTINUOUS
10
0.3763250787401575
20
1.8216606692913386
11
0.3824300393700787
21
1.8216606692913386
0
LINE
8
BLACK
6
CONTINUOUS
10
0.3824300393700787
20
1.8216606692913386
11
0.3839238582677165
21
1.8224075984251968
0
LINE
8
BLACK
6
CONTINUOUS
10
0.3839238582677165
20
1.8224075984251968
11
0.3839238582677165
21
1.8412549999999999
0
LINE
8
BLACK
6
CONTINUOUS
10
0.3839238582677165
20
1.8412549999999999
11
0.3824300393700787
21
1.8420018897637795
0
LINE
8
BLACK
6
CONTINUOUS
10
0.3824300393700787
20
1.8420018897637795
11
0.3763250787401575
21
1.8420018897637795
0
LINE
8
BLACK
6
CONTINUOUS
10
0.3763250787401575
20
1.8420018897637795
11
0.3736275984251968
21
1.8406531496062992
0
LINE
8
BLACK
6
CONTINUOUS
10
2.383703149606299
20
1.8478506692913386
11
2.3838011417322833
21
1.8478100787401575
0
LINE
8
BLACK
6
CONTINUOUS
10
2.3838011417322833
20
1.8478100787401575
11
2.3839069685039371
21
1.8478025590551181
0
LINE
8
BLACK
6
CONTINUOUS
10
2.3839069685039371
20
1.8478025590551181
11
2.3844475984251967
21
1.8475956692913384
0
LINE
8
BLACK
6
CONTINUOUS
10
2.3844475984251967
20
1.8475956692913384
11
2.3850972047244094
21
1.8472708661417323
0
LINE
8
BLACK
6
CONTINUOUS
10
2.3850972047244094
20
1.8472708661417323
11
2.3852361417322836
21
1.8474097637795275
0
LINE
8
BLACK
6
CONTINUOUS
10
2.3852361417322836
20
1.8474097637795275
11
2.3863005511811024
21
1.8478506692913386
0
LINE
8
BLACK
6
CONTINUOUS
10
2.3863005511811024
20
1.8478506692913386
11
2.3874526771653541
21
1.8478506692913386
0
LINE
8
BLACK
6
CONTINUOUS
10
2.3874526771653541
20
1.8478506692913386
11
2.3885170866141734
21
1.8474097637795275
0
LINE
8
BLACK
6
CONTINUOUS
10
2.3885170866141734
20
1.8474097637795275
11
2.3893317322834644
21
1.8465951181102362
0
LINE
8
BLACK
6
CONTINUOUS
10
2.3893317322834644
20
1.8465951181102362
11
2.3897726377952755
21
1.8455307086614172
0
LINE
8
BLACK
6
CONTINUOUS
10
2.3897726377952755
20
1.8455307086614172
11
2.3898293700787403
21
1.8449546456692913
0
LINE
8
BLACK
6
CONTINUOUS
10
2.3898293700787403
20
1.8449546456692913
11
2.3898293700787403
21
1.8130836220472442
0
LINE
8
BLACK
6
CONTINUOUS
10
2.3898293700787403
20
1.8130836220472442
11
2.3897726377952755
21
1.8125075590551181
0
LINE
8
BLACK
6
CONTINUOUS
10
2.3897726377952755
20
1.8125075590551181
11
2.3897320472440944
21
1.8124096062992125
0
LINE
8
BLACK
6
CONTINUOUS
10
2.3897320472440944
20
1.8124096062992125
11
2.3897245275590548
21
1.8123037007874014
0
LINE
8
BLACK
6
CONTINUOUS
10
2.3897245275590548
20
1.8123037007874014
11
2.3895176377952754
21
1.8117631102362204
0
LINE
8
BLACK
6
CONTINUOUS
10
2.3895176377952754
20
1.8117631102362204
11
2.3876428740157478
21
1.8080135826771653
0
LINE
8
BLACK
6
CONTINUOUS
10
2.3876428740157478
20
1.8080135826771653
11
2.3874867716535433
21
1.8077655905511811
0
LINE
8
BLACK
6
CONTINUOUS
10
2.3874867716535433
20
1.8077655905511811
11
2.3874569685039368
21
1.8076936220472442
0
LINE
8
BLACK
6
CONTINUOUS
10
2.3874569685039368
20
1.8076936220472442
11
2.3873904724409449
21
1.8076126771653542
0
LINE
8
BLACK
6
CONTINUOUS
10
2.3873904724409449
20
1.8076126771653542
11
2.3873345275590552
21
1.8075237007874014
0
LINE
8
BLACK
6
CONTINUOUS
10
2.3873345275590552
20
1.8075237007874014
11
2.3872755118110236
21
1.8074725590551182
0
LINE
8
BLACK
6
CONTINUOUS
10
2.3872755118110236
20
1.8074725590551182
11
2.3870897637795276
21
1.8072461811023621
0
LINE
8
BLACK
6
CONTINUOUS
10
2.3870897637795276
20
1.8072461811023621
11
2.3852150000000001
21
1.8053714173228346
0
LINE
8
BLACK
6
CONTINUOUS
10
2.3852150000000001
20
1.8053714173228346
11
2.3849886220472438
21
1.8051856692913386
0
LINE
8
BLACK
6
CONTINUOUS
10
2.3849886220472438
20
1.8051856692913386
11
2.3849374803149606
21
1.805126653543307
0
LINE
8
BLACK
6
CONTINUOUS
10
2.3849374803149606
20
1.805126653543307
11
2.384848503937008
21
1.8050707086614173
0
LINE
8
BLACK
6
CONTINUOUS
10
2.384848503937008
20
1.8050707086614173
11
2.3847675590551178
21
1.8050042125984251
0
LINE
8
BLACK
6
CONTINUOUS
10
2.3847675590551178
20
1.8050042125984251
11
2.3846955905511811
21
1.8049744094488189
0
LINE
8
BLACK
6
CONTINUOUS
10
2.3846955905511811
20
1.8049744094488189
11
2.3844475984251967
21
1.8048183070866142
0
LINE
8
BLACK
6
CONTINUOUS
10
2.3844475984251967
20
1.8048183070866142
11
2.3806980708661416
21
1.8029435433070866
0
LINE
8
BLACK
6
CONTINUOUS
10
2.3806980708661416
20
1.8029435433070866
11
2.380157440944882
21
1.8027366535433071
0
LINE
8
BLACK
6
CONTINUOUS
10
2.380157440944882
20
1.8027366535433071
11
2.3800516141732282
21
1.8027291732283464
0
LINE
8
BLACK
6
CONTINUOUS
10
2.3800516141732282
20
1.8027291732283464
11
2.3799536220472439
21
1.8026885433070865
0
LINE
8
BLACK
6
CONTINUOUS
10
2.3799536220472439
20
1.8026885433070865
11
2.3793775590551181
21
1.8026318110236219
0
LINE
8
BLACK
6
CONTINUOUS
10
2.3793775590551181
20
1.8026318110236219
11
2.3737532677165354
21
1.8026318110236219
0
LINE
8
BLACK
6
CONTINUOUS
10
2.3737532677165354
20
1.8026318110236219
11
2.3731772047244095
21
1.8026885433070865
0
LINE
8
BLACK
6
CONTINUOUS
10
2.3731772047244095
20
1.8026885433070865
11
2.3730792125984252
21
1.8027291338582676
0
LINE
8
BLACK
6
CONTINUOUS
10
2.3730792125984252
20
1.8027291338582676
11
2.3729733464566927
21
1.8027366535433071
0
LINE
8
BLACK
6
CONTINUOUS
10
2.3729733464566927
20
1.8027366535433071
11
2.3724327559055118
21
1.8029435433070866
0
LINE
8
BLACK
6
CONTINUOUS
10
2.3724327559055118
20
1.8029435433070866
11
2.3686832283464567
21
1.8048183070866142
0
LINE
8
BLACK
6
CONTINUOUS
10
2.3686832283464567
20
1.8048183070866142
11
2.3681933464566929
21
1.805126653543307
0
LINE
8
BLACK
6
CONTINUOUS
10
2.3681933464566929
20
1.805126653543307
11
2.3674385039370076
21
1.8059970472440945
0
LINE
8
BLACK
6
CONTINUOUS
10
2.3674385039370076
20
1.8059970472440945
11
2.3670741732283465
21
1.8070899999999999
0
LINE
8
BLACK
6
CONTINUOUS
10
2.3670741732283465
20
1.8070899999999999
11
2.3671558267716537
21
1.8082392125984252
0
LINE
8
BLACK
6
CONTINUOUS
10
2.3671558267716537
20
1.8082392125984252
11
2.3676710629921258
21
1.8092697244094489
0
LINE
8
BLACK
6
CONTINUOUS
10
2.3676710629921258
20
1.8092697244094489
11
2.3685414566929133
21
1.8100245669291337
0
LINE
8
BLACK
6
CONTINUOUS
10
2.3685414566929133
20
1.8100245669291337
11
2.3696344094488189
21
1.8103888976377953
0
LINE
8
BLACK
6
CONTINUOUS
10
2.3696344094488189
20
1.8103888976377953
11
2.3707836220472442
21
1.8103072440944881
0
LINE
8
BLACK
6
CONTINUOUS
10
2.3707836220472442
20
1.8103072440944881
11
2.3713242519685038
21
1.8101003543307086
0
LINE
8
BLACK
6
CONTINUOUS
10
2.3713242519685038
20
1.8101003543307086
11
2.37445031496063
21
1.8085373228346455
0
LINE
8
BLACK
6
CONTINUOUS
10
2.37445031496063
20
1.8085373228346455
11
2.3786805118110235
21
1.8085373228346455
0
LINE
8
BLACK
6
CONTINUOUS
10
2.3786805118110235
20
1.8085373228346455
11
2.3813779921259841
21
1.8098860629921258
0
LINE
8
BLACK
6
CONTINUOUS
10
2.3813779921259841
20
1.8098860629921258
11
2.3825751181102364
21
1.8110831889763779
0
LINE
8
BLACK
6
CONTINUOUS
10
2.3825751181102364
20
1.8110831889763779
11
2.3839238582677167
21
1.8137806692913385
0
LINE
8
BLACK
6
CONTINUOUS
10
2.3839238582677167
20
1.8137806692913385
11
2.3839238582677167
21
1.815866496062992
0
LINE
8
BLACK
6
CONTINUOUS
10
2.3839238582677167
20
1.815866496062992
11
2.3839069685039371
21
1.81586
0
LINE
8
BLACK
6
CONTINUOUS
10
2.3839069685039371
20
1.81586
11
2.3838011417322833
21
1.8158525196850392
0
LINE
8
BLACK
6
CONTINUOUS
10
2.3838011417322833
20
1.8158525196850392
11
2.383703149606299
21
1.8158118897637794
0
LINE
8
BLACK
6
CONTINUOUS
10
2.383703149606299
20
1.8158118897637794
11
2.3831270866141732
21
1.815755157480315
0
LINE
8
BLACK
6
CONTINUOUS
10
2.3831270866141732
20
1.815755157480315
11
2.3756280314960629
21
1.815755157480315
0
LINE
8
BLACK
6
CONTINUOUS
10
2.3756280314960629
20
1.815755157480315
11
2.3750519685039371
21
1.8158118897637794
0
LINE
8
BLACK
6
CONTINUOUS
10
2.3750519685039371
20
1.8158118897637794
11
2.3749539763779528
21
1.8158524803149605
0
LINE
8
BLACK
6
CONTINUOUS
10
2.3749539763779528
20
1.8158524803149605
11
2.3748481102362202
21
1.81586
0
LINE
8
BLACK
6
CONTINUOUS
10
2.3748481102362202
20
1.81586
11
2.3743075196850394
21
1.8160668897637795
0
LINE
8
BLACK
6
CONTINUOUS
10
2.3743075196850394
20
1.8160668897637795
11
2.3705579921259843
21
1.8179416535433071
0
LINE
8
BLACK
6
CONTINUOUS
10
2.3705579921259843
20
1.8179416535433071
11
2.3703099606299212
21
1.8180977559055118
0
LINE
8
BLACK
6
CONTINUOUS
10
2.3703099606299212
20
1.8180977559055118
11
2.3702380314960632
21
1.818127559055118
0
LINE
8
BLACK
6
CONTINUOUS
10
2.3702380314960632
20
1.818127559055118
11
2.3701570472440943
21
1.8181940157480314
0
LINE
8
BLACK
6
CONTINUOUS
10
2.3701570472440943
20
1.8181940157480314
11
2.3700681102362204
21
1.8182499999999999
0
LINE
8
BLACK
6
CONTINUOUS
10
2.3700681102362204
20
1.8182499999999999
11
2.3700168897637797
21
1.8183090551181103
0
LINE
8
BLACK
6
CONTINUOUS
10
2.3700168897637797
20
1.8183090551181103
11
2.3697905511811022
21
1.8184948031496062
0
LINE
8
BLACK
6
CONTINUOUS
10
2.3697905511811022
20
1.8184948031496062
11
2.3679157874015746
21
1.8203696062992125
0
LINE
8
BLACK
6
CONTINUOUS
10
2.3679157874015746
20
1.8203696062992125
11
2.3677300393700786
21
1.8205959448818898
0
LINE
8
BLACK
6
CONTINUOUS
10
2.3677300393700786
20
1.8205959448818898
11
2.3676710629921258
21
1.8206470866141733
0
LINE
8
BLACK
6
CONTINUOUS
10
2.3676710629921258
20
1.8206470866141733
11
2.3676150787401573
21
1.8207360236220471
0
LINE
8
BLACK
6
CONTINUOUS
10
2.3676150787401573
20
1.8207360236220471
11
2.3675485826771654
21
1.8208170472440945
0
LINE
8
BLACK
6
CONTINUOUS
10
2.3675485826771654
20
1.8208170472440945
11
2.3675187401574802
21
1.820889094488189
0
LINE
8
BLACK
6
CONTINUOUS
10
2.3675187401574802
20
1.820889094488189
11
2.3673627165354332
21
1.8211369685039369
0
LINE
8
BLACK
6
CONTINUOUS
10
2.3673627165354332
20
1.8211369685039369
11
2.3654879527559056
21
1.824886496062992
0
LINE
8
BLACK
6
CONTINUOUS
10
2.3654879527559056
20
1.824886496062992
11
2.3652810629921261
21
1.8254271259842518
0
LINE
8
BLACK
6
CONTINUOUS
10
2.3652810629921261
20
1.8254271259842518
11
2.3652735433070866
21
1.8255329527559054
0
LINE
8
BLACK
6
CONTINUOUS
10
2.3652735433070866
20
1.8255329527559054
11
2.3652329527559055
21
1.8256309448818897
0
LINE
8
BLACK
6
CONTINUOUS
10
2.3652329527559055
20
1.8256309448818897
11
2.3651762204724407
21
1.8262070078740158
0
LINE
8
BLACK
6
CONTINUOUS
10
2.3651762204724407
20
1.8262070078740158
11
2.3651762204724407
21
1.8374555905511811
0
LINE
8
BLACK
6
CONTINUOUS
10
2.3651762204724407
20
1.8374555905511811
11
2.3652329527559055
21
1.838031653543307
0
LINE
8
BLACK
6
CONTINUOUS
10
2.3652329527559055
20
1.838031653543307
11
2.3652735433070866
21
1.83812968503937
0
LINE
8
BLACK
6
CONTINUOUS
10
2.3652735433070866
20
1.83812968503937
11
2.3652810629921261
21
1.8382354724409449
0
LINE
8
BLACK
6
CONTINUOUS
10
2.3652810629921261
20
1.8382354724409449
11
2.3654879527559056
21
1.8387761023622047
0
LINE
8
BLACK
6
CONTINUOUS
10
2.3654879527559056
20
1.8387761023622047
11
2.3673627165354332
21
1.8425256299212598
0
LINE
8
BLACK
6
CONTINUOUS
10
2.3673627165354332
20
1.8425256299212598
11
2.367518779527559
21
1.8427736614173227
0
LINE
8
BLACK
6
CONTINUOUS
10
2.367518779527559
20
1.8427736614173227
11
2.3675486220472441
21
1.8428455905511811
0
LINE
8
BLACK
6
CONTINUOUS
10
2.3675486220472441
20
1.8428455905511811
11
2.3676150787401573
21
1.8429265748031496
0
LINE
8
BLACK
6
CONTINUOUS
10
2.3676150787401573
20
1.8429265748031496
11
2.3676710629921258
21
1.8430155118110236
0
LINE
8
BLACK
6
CONTINUOUS
10
2.3676710629921258
20
1.8430155118110236
11
2.3677300393700786
21
1.8430666929133859
0
LINE
8
BLACK
6
CONTINUOUS
10
2.3677300393700786
20
1.8430666929133859
11
2.3679158267716534
21
1.8432930314960629
0
LINE
8
BLACK
6
CONTINUOUS
10
2.3679158267716534
20
1.8432930314960629
11
2.3697905905511809
21
1.8451677952755905
0
LINE
8
BLACK
6
CONTINUOUS
10
2.3697905905511809
20
1.8451677952755905
11
2.3700169291338584
21
1.8453535826771652
0
LINE
8
BLACK
6
CONTINUOUS
10
2.3700169291338584
20
1.8453535826771652
11
2.3700681102362204
21
1.845412559055118
0
LINE
8
BLACK
6
CONTINUOUS
10
2.3700681102362204
20
1.845412559055118
11
2.3701570472440943
21
1.8454685433070865
0
LINE
8
BLACK
6
CONTINUOUS
10
2.3701570472440943
20
1.8454685433070865
11
2.3702380314960632
21
1.8455349999999999
0
LINE
8
BLACK
6
CONTINUOUS
10
2.3702380314960632
20
1.8455349999999999
11
2.3703099606299212
21
1.8455648425196849
0
LINE
8
BLACK
6
CONTINUOUS
10
2.3703099606299212
20
1.8455648425196849
11
2.3705579921259843
21
1.8457209055118109
0
LINE
8
BLACK
6
CONTINUOUS
10
2.3705579921259843
20
1.8457209055118109
11
2.3743075196850394
21
1.8475956692913384
0
LINE
8
BLACK
6
CONTINUOUS
10
2.3743075196850394
20
1.8475956692913384
11
2.3748481102362202
21
1.8478025590551181
0
LINE
8
BLACK
6
CONTINUOUS
10
2.3748481102362202
20
1.8478025590551181
11
2.3749539763779528
21
1.8478101181102362
0
LINE
8
BLACK
6
CONTINUOUS
10
2.3749539763779528
20
1.8478101181102362
11
2.3750519685039371
21
1.8478506692913386
0
LINE
8
BLACK
6
CONTINUOUS
10
2.3750519685039371
20
1.8478506692913386
11
2.3756280314960629
21
1.8479074015748032
0
LINE
8
BLACK
6
CONTINUOUS
10
2.3756280314960629
20
1.8479074015748032
11
2.3831270866141732
21
1.8479074015748032
0
LINE
8
BLACK
6
CONTINUOUS
10
2.3831270866141732
20
1.8479074015748032
11
2.383703149606299
21
1.8478506692913386
0
LINE
8
BLACK
6
CONTINUOUS
10
2.3736275984251969
20
1.8406531496062992
11
2.3724304724409446
21
1.8394560236220472
0
LINE
8
BLACK
6
CONTINUOUS
10
2.3724304724409446
20
1.8394560236220472
11
2.3710817322834643
21
1.8367585433070865
0
LINE
8
BLACK
6
CONTINUOUS
10
2.3710817322834643
20
1.8367585433070865
11
2.3710817322834643
21
1.8269040551181102
0
LINE
8
BLACK
6
CONTINUOUS
10
2.3710817322834643
20
1.8269040551181102
11
2.3724304724409446
21
1.8242065748031495
0
LINE
8
BLACK
6
CONTINUOUS
10
2.3724304724409446
20
1.8242065748031495
11
2.3736275984251969
21
1.823009409448819
0
LINE
8
BLACK
6
CONTINUOUS
10
2.3736275984251969
20
1.823009409448819
11
2.3763250787401575
21
1.8216606692913386
0
LINE
8
BLACK
6
CONTINUOUS
10
2.3763250787401575
20
1.8216606692913386
11
2.3824300393700786
21
1.8216606692913386
0
LINE
8
BLACK
6
CONTINUOUS
10
2.3824300393700786
20
1.8216606692913386
11
2.3839238582677167
21
1.8224075984251968
0
LINE
8
BLACK
6
CONTINUOUS
10
2.3839238582677167
20
1.8224075984251968
11
2.3839238582677167
21
1.8412549999999999
0
LINE
8
BLACK
6
CONTINUOUS
10
2.3839238582677167
20
1.8412549999999999
11
2.3824300393700786
21
1.8420018897637795
0
LINE
8
BLACK
6
CONTINUOUS
10
2.3824300393700786
20
1.8420018897637795
11
2.3763250787401575
21
1.8420018897637795
0
LINE
8
BLACK
6
CONTINUOUS
10
2.3763250787401575
20
1.8420018897637795
11
2.3736275984251969
21
1.8406531496062992
0
LINE
8
BLACK
6
CONTINUOUS
10
0.5580563779527559
20
1.8178544094488189
11
0.5591207874015748
21
1.8174135039370078
0
LINE
8
BLACK
6
CONTINUOUS
10
0.5591207874015748
20
1.8174135039370078
11
0.5599354330708661
21
1.8165988582677164
0
LINE
8
BLACK
6
CONTINUOUS
10
0.5599354330708661
20
1.8165988582677164
11
0.5603763385826771
21
1.8155344488188976
0
LINE
8
BLACK
6
CONTINUOUS
10
0.5603763385826771
20
1.8155344488188976
11
0.5603763385826771
21
1.8143823228346456
0
LINE
8
BLACK
6
CONTINUOUS
10
0.5603763385826771
20
1.8143823228346456
11
0.5599354330708661
21
1.8133179133858268
0
LINE
8
BLACK
6
CONTINUOUS
10
0.5599354330708661
20
1.8133179133858268
11
0.5591207874015748
21
1.8125032677165354
0
LINE
8
BLACK
6
CONTINUOUS
10
0.5591207874015748
20
1.8125032677165354
11
0.5580563779527559
21
1.8120623622047243
0
LINE
8
BLACK
6
CONTINUOUS
10
0.5580563779527559
20
1.8120623622047243
11
0.5574803149606299
21
1.8120056299212599
0
LINE
8
BLACK
6
CONTINUOUS
10
0.5574803149606299
20
1.8120056299212599
11
0.527484094488189
21
1.8120056299212599
0
LINE
8
BLACK
6
CONTINUOUS
10
0.527484094488189
20
1.8120056299212599
11
0.526908031496063
21
1.8120623622047243
0
LINE
8
BLACK
6
CONTINUOUS
10
0.526908031496063
20
1.8120623622047243
11
0.5258436220472441
21
1.8125032677165354
0
LINE
8
BLACK
6
CONTINUOUS
10
0.5258436220472441
20
1.8125032677165354
11
0.5250289763779528
21
1.8133179133858268
0
LINE
8
BLACK
6
CONTINUOUS
10
0.5250289763779528
20
1.8133179133858268
11
0.5245880708661417
21
1.8143823228346456
0
LINE
8
BLACK
6
CONTINUOUS
10
0.5245880708661417
20
1.8143823228346456
11
0.5245880708661417
21
1.8155344488188976
0
LINE
8
BLACK
6
CONTINUOUS
10
0.5245880708661417
20
1.8155344488188976
11
0.5250289763779528
21
1.8165988582677164
0
LINE
8
BLACK
6
CONTINUOUS
10
0.5250289763779528
20
1.8165988582677164
11
0.5258436220472441
21
1.8174135039370078
0
LINE
8
BLACK
6
CONTINUOUS
10
0.5258436220472441
20
1.8174135039370078
11
0.526908031496063
21
1.8178544094488189
0
LINE
8
BLACK
6
CONTINUOUS
10
0.526908031496063
20
1.8178544094488189
11
0.527484094488189
21
1.8179111417322835
0
LINE
8
BLACK
6
CONTINUOUS
10
0.527484094488189
20
1.8179111417322835
11
0.5574803149606299
21
1.8179111417322835
0
LINE
8
BLACK
6
CONTINUOUS
10
0.5574803149606299
20
1.8179111417322835
11
0.5580563779527559
21
1.8178544094488189
0
LINE
8
BLACK
6
CONTINUOUS
10
2.5580563779527559
20
1.8178544094488189
11
2.5591207874015747
21
1.8174135039370078
0
LINE
8
BLACK
6
CONTINUOUS
10
2.5591207874015747
20
1.8174135039370078
11
2.5599354330708661
21
1.8165988582677164
0
LINE
8
BLACK
6
CONTINUOUS
10
2.5599354330708661
20
1.8165988582677164
11
2.5603763385826772
21
1.8155344488188976
0
LINE
8
BLACK
6
CONTINUOUS
10
2.5603763385826772
20
1.8155344488188976
11
2.5603763385826772
21
1.8143823228346456
0
LINE
8
BLACK
6
CONTINUOUS
10
2.5603763385826772
20
1.8143823228346456
11
2.5599354330708661
21
1.8133179133858268
0
LINE
8
BLACK
6
CONTINUOUS
10
2.5599354330708661
20
1.8133179133858268
11
2.5591207874015747
21
1.8125032677165354
0
LINE
8
BLACK
6
CONTINUOUS
10
2.5591207874015747
20
1.8125032677165354
11
2.5580563779527559
21
1.8120623622047243
0
LINE
8
BLACK
6
CONTINUOUS
10
2.5580563779527559
20
1.8120623622047243
11
2.55748031496063
21
1.8120056299212599
0
LINE
8
BLACK
6
CONTINUOUS
10
2.55748031496063
20
1.8120056299212599
11
2.5274840944881891
21
1.8120056299212599
0
LINE
8
BLACK
6
CONTINUOUS
10
2.5274840944881891
20
1.8120056299212599
11
2.5269080314960628
21
1.8120623622047243
0
LINE
8
BLACK
6
CONTINUOUS
10
2.5269080314960628
20
1.8120623622047243
11
2.525843622047244
21
1.8125032677165354
0
LINE
8
BLACK
6
CONTINUOUS
10
2.525843622047244
20
1.8125032677165354
11
2.5250289763779525
21
1.8133179133858268
0
LINE
8
BLACK
6
CONTINUOUS
10
2.5250289763779525
20
1.8133179133858268
11
2.5245880708661415
21
1.8143823228346456
0
LINE
8
BLACK
6
CONTINUOUS
10
2.5245880708661415
20
1.8143823228346456
11
2.5245880708661415
21
1.8155344488188976
0
LINE
8
BLACK
6
CONTINUOUS
10
2.5245880708661415
20
1.8155344488188976
11
2.5250289763779525
21
1.8165988582677164
0
LINE
8
BLACK
6
CONTINUOUS
10
2.5250289763779525
20
1.8165988582677164
11
2.525843622047244
21
1.8174135039370078
0
LINE
8
BLACK
6
CONTINUOUS
10
2.525843622047244
20
1.8174135039370078
11
2.5269080314960628
21
1.8178544094488189
0
LINE
8
BLACK
6
CONTINUOUS
10
2.5269080314960628
20
1.8178544094488189
11
2.5274840944881891
21
1.8179111417322835
0
LINE
8
BLACK
6
CONTINUOUS
10
2.5274840944881891
20
1.8179111417322835
11
2.55748031496063
21
1.8179111417322835
0
LINE
8
BLACK
6
CONTINUOUS
10
2.55748031496063
20
1.8179111417322835
11
2.5580563779527559
21
1.8178544094488189
0
LINE
8
BLACK
6
CONTINUOUS
10
0.1981013385826772
20
1.8478506692913386
11
0.1981993307086614
21
1.8478100787401575
0
LINE
8
BLACK
6
CONTINUOUS
10
0.1981993307086614
20
1.8478100787401575
11
0.198305157480315
21
1.8478025590551181
0
LINE
8
BLACK
6
CONTINUOUS
10
0.198305157480315
20
1.8478025590551181
11
0.1988457874015748
21
1.8475956692913384
0
LINE
8
BLACK
6
CONTINUOUS
10
0.1988457874015748
20
1.8475956692913384
11
0.2025953149606299
21
1.8457209055118109
0
LINE
8
BLACK
6
CONTINUOUS
10
0.2025953149606299
20
1.8457209055118109
11
0.2028433070866142
21
1.8455648425196849
0
LINE
8
BLACK
6
CONTINUOUS
10
0.2028433070866142
20
1.8455648425196849
11
0.2029152755905512
21
1.8455349999999999
0
LINE
8
BLACK
6
CONTINUOUS
10
0.2029152755905512
20
1.8455349999999999
11
0.202996220472441
21
1.8454685433070865
0
LINE
8
BLACK
6
CONTINUOUS
10
0.202996220472441
20
1.8454685433070865
11
0.2030851968503937
21
1.845412559055118
0
LINE
8
BLACK
6
CONTINUOUS
10
0.2030851968503937
20
1.845412559055118
11
0.2031363385826772
21
1.8453535826771652
0
LINE
8
BLACK
6
CONTINUOUS
10
0.2031363385826772
20
1.8453535826771652
11
0.2033627165354331
21
1.8451677952755905
0
LINE
8
BLACK
6
CONTINUOUS
10
0.2033627165354331
20
1.8451677952755905
11
0.2052374803149606
21
1.8432930314960629
0
LINE
8
BLACK
6
CONTINUOUS
10
0.2052374803149606
20
1.8432930314960629
11
0.2054232283464567
21
1.8430666929133859
0
LINE
8
BLACK
6
CONTINUOUS
10
0.2054232283464567
20
1.8430666929133859
11
0.2054822440944882
21
1.8430155118110236
0
LINE
8
BLACK
6
CONTINUOUS
10
0.2054822440944882
20
1.8430155118110236
11
0.205538188976378
21
1.8429265748031496
0
LINE
8
BLACK
6
CONTINUOUS
10
0.205538188976378
20
1.8429265748031496
11
0.2056046850393701
21
1.8428455905511811
0
LINE
8
BLACK
6
CONTINUOUS
10
0.2056046850393701
20
1.8428455905511811
11
0.2056344881889764
21
1.8427736614173227
0
LINE
8
BLACK
6
CONTINUOUS
10
0.2056344881889764
20
1.8427736614173227
11
0.2057905905511811
21
1.8425256299212598
0
LINE
8
BLACK
6
CONTINUOUS
10
0.2057905905511811
20
1.8425256299212598
11
0.2076653543307087
21
1.8387761023622047
0
LINE
8
BLACK
6
CONTINUOUS
10
0.2076653543307087
20
1.8387761023622047
11
0.2078722440944882
21
1.8382355118110236
0
LINE
8
BLACK
6
CONTINUOUS
10
0.2078722440944882
20
1.8382355118110236
11
0.2078797637795275
21
1.8381296456692913
0
LINE
8
BLACK
6
CONTINUOUS
10
0.2078797637795275
20
1.8381296456692913
11
0.2079203543307087
21
1.838031653543307
0
LINE
8
BLACK
6
CONTINUOUS
10
0.2079203543307087
20
1.838031653543307
11
0.2079770866141732
21
1.8374555905511811
0
LINE
8
BLACK
6
CONTINUOUS
10
0.2079770866141732
20
1.8374555905511811
11
0.2079770866141732
21
1.8262070078740158
0
LINE
8
BLACK
6
CONTINUOUS
10
0.2079770866141732
20
1.8262070078740158
11
0.2079203543307087
21
1.8256309448818897
0
LINE
8
BLACK
6
CONTINUOUS
10
0.2079203543307087
20
1.8256309448818897
11
0.2078797637795275
21
1.8255329921259842
0
LINE
8
BLACK
6
CONTINUOUS
10
0.2078797637795275
20
1.8255329921259842
11
0.2078722440944882
21
1.8254270866141731
0
LINE
8
BLACK
6
CONTINUOUS
10
0.2078722440944882
20
1.8254270866141731
11
0.2076653543307087
21
1.824886496062992
0
LINE
8
BLACK
6
CONTINUOUS
10
0.2076653543307087
20
1.824886496062992
11
0.2057905905511811
21
1.8211369685039369
0
LINE
8
BLACK
6
CONTINUOUS
10
0.2057905905511811
20
1.8211369685039369
11
0.2056345275590551
21
1.820889094488189
0
LINE
8
BLACK
6
CONTINUOUS
10
0.2056345275590551
20
1.820889094488189
11
0.2056047244094488
21
1.8208170472440945
0
LINE
8
BLACK
6
CONTINUOUS
10
0.2056047244094488
20
1.8208170472440945
11
0.205538188976378
21
1.8207360236220471
0
LINE
8
BLACK
6
CONTINUOUS
10
0.205538188976378
20
1.8207360236220471
11
0.2054822440944882
21
1.8206470866141733
0
LINE
8
BLACK
6
CONTINUOUS
10
0.2054822440944882
20
1.8206470866141733
11
0.2054232283464567
21
1.8205959448818898
0
LINE
8
BLACK
6
CONTINUOUS
10
0.2054232283464567
20
1.8205959448818898
11
0.2052374803149606
21
1.8203695669291338
0
LINE
8
BLACK
6
CONTINUOUS
10
0.2052374803149606
20
1.8203695669291338
11
0.2033627559055118
21
1.8184948031496062
0
LINE
8
BLACK
6
CONTINUOUS
10
0.2033627559055118
20
1.8184948031496062
11
0.2031363779527559
21
1.8183090551181103
0
LINE
8
BLACK
6
CONTINUOUS
10
0.2031363779527559
20
1.8183090551181103
11
0.2030851968503937
21
1.8182499999999999
0
LINE
8
BLACK
6
CONTINUOUS
10
0.2030851968503937
20
1.8182499999999999
11
0.202996220472441
21
1.8181940157480314
0
LINE
8
BLACK
6
CONTINUOUS
10
0.202996220472441
20
1.8181940157480314
11
0.2029152755905512
21
1.818127559055118
0
LINE
8
BLACK
6
CONTINUOUS
10
0.2029152755905512
20
1.818127559055118
11
0.2028433070866142
21
1.8180977559055118
0
LINE
8
BLACK
6
CONTINUOUS
10
0.2028433070866142
20
1.8180977559055118
11
0.2025953149606299
21
1.8179416535433071
0
LINE
8
BLACK
6
CONTINUOUS
10
0.2025953149606299
20
1.8179416535433071
11
0.1988457874015748
21
1.8160668897637795
0
LINE
8
BLACK
6
CONTINUOUS
10
0.1988457874015748
20
1.8160668897637795
11
0.198305157480315
21
1.81586
0
LINE
8
BLACK
6
CONTINUOUS
10
0.198305157480315
20
1.81586
11
0.1981993307086614
21
1.8158525196850392
0
LINE
8
BLACK
6
CONTINUOUS
10
0.1981993307086614
20
1.8158525196850392
11
0.1981013385826772
21
1.8158118897637794
0
LINE
8
BLACK
6
CONTINUOUS
10
0.1981013385826772
20
1.8158118897637794
11
0.1975252755905512
21
1.815755157480315
0
LINE
8
BLACK
6
CONTINUOUS
10
0.1975252755905512
20
1.815755157480315
11
0.1919009842519685
21
1.815755157480315
0
LINE
8
BLACK
6
CONTINUOUS
10
0.1919009842519685
20
1.815755157480315
11
0.1913249212598425
21
1.8158118897637794
0
LINE
8
BLACK
6
CONTINUOUS
10
0.1913249212598425
20
1.8158118897637794
11
0.1912269291338583
21
1.8158524803149605
0
LINE
8
BLACK
6
CONTINUOUS
10
0.1912269291338583
20
1.8158524803149605
11
0.191121062992126
21
1.81586
0
LINE
8
BLACK
6
CONTINUOUS
10
0.191121062992126
20
1.81586
11
0.1905804724409449
21
1.8160668897637795
0
LINE
8
BLACK
6
CONTINUOUS
10
0.1905804724409449
20
1.8160668897637795
11
0.1868309448818898
21
1.8179416535433071
0
LINE
8
BLACK
6
CONTINUOUS
10
0.1868309448818898
20
1.8179416535433071
11
0.1865829133858268
21
1.8180977559055118
0
LINE
8
BLACK
6
CONTINUOUS
10
0.1865829133858268
20
1.8180977559055118
11
0.1865109842519685
21
1.818127559055118
0
LINE
8
BLACK
6
CONTINUOUS
10
0.1865109842519685
20
1.818127559055118
11
0.18643
21
1.8181940157480314
0
LINE
8
BLACK
6
CONTINUOUS
10
0.18643
20
1.8181940157480314
11
0.186341062992126
21
1.8182499999999999
0
LINE
8
BLACK
6
CONTINUOUS
10
0.186341062992126
20
1.8182499999999999
11
0.186289842519685
21
1.8183090551181103
0
LINE
8
BLACK
6
CONTINUOUS
10
0.186289842519685
20
1.8183090551181103
11
0.1860635039370079
21
1.8184948031496062
0
LINE
8
BLACK
6
CONTINUOUS
10
0.1860635039370079
20
1.8184948031496062
11
0.1841887401574803
21
1.8203696062992125
0
LINE
8
BLACK
6
CONTINUOUS
10
0.1841887401574803
20
1.8203696062992125
11
0.1840029921259843
21
1.8205959448818898
0
LINE
8
BLACK
6
CONTINUOUS
10
0.1840029921259843
20
1.8205959448818898
11
0.1839440157480315
21
1.8206470866141733
0
LINE
8
BLACK
6
CONTINUOUS
10
0.1839440157480315
20
1.8206470866141733
11
0.183888031496063
21
1.8207360236220471
0
LINE
8
BLACK
6
CONTINUOUS
10
0.183888031496063
20
1.8207360236220471
11
0.1838215354330709
21
1.8208170472440945
0
LINE
8
BLACK
6
CONTINUOUS
10
0.1838215354330709
20
1.8208170472440945
11
0.1837916929133858
21
1.820889094488189
0
LINE
8
BLACK
6
CONTINUOUS
10
0.1837916929133858
20
1.820889094488189
11
0.1836356692913386
21
1.8211369685039369
0
LINE
8
BLACK
6
CONTINUOUS
10
0.1836356692913386
20
1.8211369685039369
11
0.181760905511811
21
1.824886496062992
0
LINE
8
BLACK
6
CONTINUOUS
10
0.181760905511811
20
1.824886496062992
11
0.1815540157480315
21
1.8254271259842518
0
LINE
8
BLACK
6
CONTINUOUS
10
0.1815540157480315
20
1.8254271259842518
11
0.1815464960629921
21
1.8255329527559054
0
LINE
8
BLACK
6
CONTINUOUS
10
0.1815464960629921
20
1.8255329527559054
11
0.181505905511811
21
1.8256309448818897
0
LINE
8
BLACK
6
CONTINUOUS
10
0.181505905511811
20
1.8256309448818897
11
0.1814491732283464
21
1.8262070078740158
0
LINE
8
BLACK
6
CONTINUOUS
10
0.1814491732283464
20
1.8262070078740158
11
0.1814491732283464
21
1.8374555905511811
0
LINE
8
BLACK
6
CONTINUOUS
10
0.1814491732283464
20
1.8374555905511811
11
0.181505905511811
21
1.838031653543307
0
LINE
8
BLACK
6
CONTINUOUS
10
0.181505905511811
20
1.838031653543307
11
0.1815464960629921
21
1.83812968503937
0
LINE
8
BLACK
6
CONTINUOUS
10
0.1815464960629921
20
1.83812968503937
11
0.1815540157480315
21
1.8382354724409449
0
LINE
8
BLACK
6
CONTINUOUS
10
0.1815540157480315
20
1.8382354724409449
11
0.181760905511811
21
1.8387761023622047
0
LINE
8
BLACK
6
CONTINUOUS
10
0.181760905511811
20
1.8387761023622047
11
0.1836356692913386
21
1.8425256299212598
0
LINE
8
BLACK
6
CONTINUOUS
10
0.1836356692913386
20
1.8425256299212598
11
0.1837917322834646
21
1.8427736614173227
0
LINE
8
BLACK
6
CONTINUOUS
10
0.1837917322834646
20
1.8427736614173227
11
0.1838215748031496
21
1.8428455905511811
0
LINE
8
BLACK
6
CONTINUOUS
10
0.1838215748031496
20
1.8428455905511811
11
0.183888031496063
21
1.8429265748031496
0
LINE
8
BLACK
6
CONTINUOUS
10
0.183888031496063
20
1.8429265748031496
11
0.1839440157480315
21
1.8430155118110236
0
LINE
8
BLACK
6
CONTINUOUS
10
0.1839440157480315
20
1.8430155118110236
11
0.1840029921259843
21
1.8430666929133859
0
LINE
8
BLACK
6
CONTINUOUS
10
0.1840029921259843
20
1.8430666929133859
11
0.184188779527559
21
1.8432930314960629
0
LINE
8
BLACK
6
CONTINUOUS
10
0.184188779527559
20
1.8432930314960629
11
0.1860635433070866
21
1.8451677952755905
0
LINE
8
BLACK
6
CONTINUOUS
10
0.1860635433070866
20
1.8451677952755905
11
0.1862898818897638
21
1.8453535826771652
0
LINE
8
BLACK
6
CONTINUOUS
10
0.1862898818897638
20
1.8453535826771652
11
0.186341062992126
21
1.845412559055118
0
LINE
8
BLACK
6
CONTINUOUS
10
0.186341062992126
20
1.845412559055118
11
0.18643
21
1.8454685433070865
0
LINE
8
BLACK
6
CONTINUOUS
10
0.18643
20
1.8454685433070865
11
0.1865109842519685
21
1.8455349999999999
0
LINE
8
BLACK
6
CONTINUOUS
10
0.1865109842519685
20
1.8455349999999999
11
0.1865829133858268
21
1.8455648425196849
0
LINE
8
BLACK
6
CONTINUOUS
10
0.1865829133858268
20
1.8455648425196849
11
0.1868309448818898
21
1.8457209055118109
0
LINE
8
BLACK
6
CONTINUOUS
10
0.1868309448818898
20
1.8457209055118109
11
0.1905804724409449
21
1.8475956692913384
0
LINE
8
BLACK
6
CONTINUOUS
10
0.1905804724409449
20
1.8475956692913384
11
0.191121062992126
21
1.8478025590551181
0
LINE
8
BLACK
6
CONTINUOUS
10
0.191121062992126
20
1.8478025590551181
11
0.1912269291338583
21
1.8478101181102362
0
LINE
8
BLACK
6
CONTINUOUS
10
0.1912269291338583
20
1.8478101181102362
11
0.1913249212598425
21
1.8478506692913386
0
LINE
8
BLACK
6
CONTINUOUS
10
0.1913249212598425
20
1.8478506692913386
11
0.1919009842519685
21
1.8479074015748032
0
LINE
8
BLACK
6
CONTINUOUS
10
0.1919009842519685
20
1.8479074015748032
11
0.1975252755905512
21
1.8479074015748032
0
LINE
8
BLACK
6
CONTINUOUS
10
0.1975252755905512
20
1.8479074015748032
11
0.1981013385826772
21
1.8478506692913386
0
LINE
8
BLACK
6
CONTINUOUS
10
0.1899005511811024
20
1.8406531496062992
11
0.1887034251968504
21
1.8394560236220472
0
LINE
8
BLACK
6
CONTINUOUS
10
0.1887034251968504
20
1.8394560236220472
11
0.1873546850393701
21
1.8367585433070865
0
LINE
8
BLACK
6
CONTINUOUS
10
0.1873546850393701
20
1.8367585433070865
11
0.1873546850393701
21
1.8269040551181102
0
LINE
8
BLACK
6
CONTINUOUS
10
0.1873546850393701
20
1.8269040551181102
11
0.1887034251968504
21
1.8242065748031495
0
LINE
8
BLACK
6
CONTINUOUS
10
0.1887034251968504
20
1.8242065748031495
11
0.1899005511811024
21
1.823009409448819
0
LINE
8
BLACK
6
CONTINUOUS
10
0.1899005511811024
20
1.823009409448819
11
0.192598031496063
21
1.8216606692913386
0
LINE
8
BLACK
6
CONTINUOUS
10
0.192598031496063
20
1.8216606692913386
11
0.1968282283464567
21
1.8216606692913386
0
LINE
8
BLACK
6
CONTINUOUS
10
0.1968282283464567
20
1.8216606692913386
11
0.1995256692913386
21
1.823009409448819
0
LINE
8
BLACK
6
CONTINUOUS
10
0.1995256692913386
20
1.823009409448819
11
0.2007227952755906
21
1.8242065748031495
0
LINE
8
BLACK
6
CONTINUOUS
10
0.2007227952755906
20
1.8242065748031495
11
0.2020715748031496
21
1.8269040551181102
0
LINE
8
BLACK
6
CONTINUOUS
10
0.2020715748031496
20
1.8269040551181102
11
0.2020715748031496
21
1.8367585433070865
0
LINE
8
BLACK
6
CONTINUOUS
10
0.2020715748031496
20
1.8367585433070865
11
0.2007228346456693
21
1.8394560236220472
0
LINE
8
BLACK
6
CONTINUOUS
10
0.2007228346456693
20
1.8394560236220472
11
0.1995257086614173
21
1.8406531496062992
0
LINE
8
BLACK
6
CONTINUOUS
10
0.1995257086614173
20
1.8406531496062992
11
0.1968282283464567
21
1.8420018897637795
0
LINE
8
BLACK
6
CONTINUOUS
10
0.1968282283464567
20
1.8420018897637795
11
0.192598031496063
21
1.8420018897637795
0
LINE
8
BLACK
6
CONTINUOUS
10
0.192598031496063
20
1.8420018897637795
11
0.1899005511811024
21
1.8406531496062992
0
LINE
8
BLACK
6
CONTINUOUS
10
0.2235377165354331
20
1.8474097637795275
11
0.2243523622047244
21
1.8465951181102362
0
LINE
8
BLACK
6
CONTINUOUS
10
0.2243523622047244
20
1.8465951181102362
11
0.2247932677165354
21
1.8455307086614172
0
LINE
8
BLACK
6
CONTINUOUS
10
0.2247932677165354
20
1.8455307086614172
11
0.22485
21
1.8449546456692913
0
LINE
8
BLACK
6
CONTINUOUS
10
0.22485
20
1.8449546456692913
11
0.22485
21
1.8250292913385826
0
LINE
8
BLACK
6
CONTINUOUS
10
0.22485
20
1.8250292913385826
11
0.2259728346456693
21
1.8227835433070865
0
LINE
8
BLACK
6
CONTINUOUS
10
0.2259728346456693
20
1.8227835433070865
11
0.2282185826771654
21
1.8216606692913386
0
LINE
8
BLACK
6
CONTINUOUS
10
0.2282185826771654
20
1.8216606692913386
11
0.232448779527559
21
1.8216606692913386
0
LINE
8
BLACK
6
CONTINUOUS
10
0.232448779527559
20
1.8216606692913386
11
0.2351462204724409
21
1.823009409448819
0
LINE
8
BLACK
6
CONTINUOUS
10
0.2351462204724409
20
1.823009409448819
11
0.2358173622047244
21
1.8236805511811023
0
LINE
8
BLACK
6
CONTINUOUS
10
0.2358173622047244
20
1.8236805511811023
11
0.2358173622047244
21
1.8449546456692913
0
LINE
8
BLACK
6
CONTINUOUS
10
0.2358173622047244
20
1.8449546456692913
11
0.235874094488189
21
1.8455307086614172
0
LINE
8
BLACK
6
CONTINUOUS
10
0.235874094488189
20
1.8455307086614172
11
0.236315
21
1.8465951181102362
0
LINE
8
BLACK
6
CONTINUOUS
10
0.236315
20
1.8465951181102362
11
0.2371296456692913
21
1.8474097637795275
0
LINE
8
BLACK
6
CONTINUOUS
10
0.2371296456692913
20
1.8474097637795275
11
0.2381940551181102
21
1.8478506692913386
0
LINE
8
BLACK
6
CONTINUOUS
10
0.2381940551181102
20
1.8478506692913386
11
0.2393461811023622
21
1.8478506692913386
0
LINE
8
BLACK
6
CONTINUOUS
10
0.2393461811023622
20
1.8478506692913386
11
0.2404105905511811
21
1.8474097637795275
0
LINE
8
BLACK
6
CONTINUOUS
10
0.2404105905511811
20
1.8474097637795275
11
0.2412252362204724
21
1.8465951181102362
0
LINE
8
BLACK
6
CONTINUOUS
10
0.2412252362204724
20
1.8465951181102362
11
0.2416661417322835
21
1.8455307086614172
0
LINE
8
BLACK
6
CONTINUOUS
10
0.2416661417322835
20
1.8455307086614172
11
0.241722874015748
21
1.8449546456692913
0
LINE
8
BLACK
6
CONTINUOUS
10
0.241722874015748
20
1.8449546456692913
11
0.241722874015748
21
1.8187079133858268
0
LINE
8
BLACK
6
CONTINUOUS
10
0.241722874015748
20
1.8187079133858268
11
0.2416661417322835
21
1.8181318503937007
0
LINE
8
BLACK
6
CONTINUOUS
10
0.2416661417322835
20
1.8181318503937007
11
0.2412252362204724
21
1.8170674409448819
0
LINE
8
BLACK
6
CONTINUOUS
10
0.2412252362204724
20
1.8170674409448819
11
0.2404105905511811
21
1.8162527952755905
0
LINE
8
BLACK
6
CONTINUOUS
10
0.2404105905511811
20
1.8162527952755905
11
0.2393461811023622
21
1.8158118897637794
0
LINE
8
BLACK
6
CONTINUOUS
10
0.2393461811023622
20
1.8158118897637794
11
0.2381940551181102
21
1.8158118897637794
0
LINE
8
BLACK
6
CONTINUOUS
10
0.2381940551181102
20
1.8158118897637794
11
0.2371296456692913
21
1.8162527952755905
0
LINE
8
BLACK
6
CONTINUOUS
10
0.2371296456692913
20
1.8162527952755905
11
0.2363657874015748
21
1.817016653543307
0
LINE
8
BLACK
6
CONTINUOUS
10
0.2363657874015748
20
1.817016653543307
11
0.2344663385826772
21
1.8160668897637795
0
LINE
8
BLACK
6
CONTINUOUS
10
0.2344663385826772
20
1.8160668897637795
11
0.2339257086614173
21
1.81586
0
LINE
8
BLACK
6
CONTINUOUS
10
0.2339257086614173
20
1.81586
11
0.2338198818897638
21
1.8158525196850392
0
LINE
8
BLACK
6
CONTINUOUS
10
0.2338198818897638
20
1.8158525196850392
11
0.2337218897637795
21
1.8158118897637794
0
LINE
8
BLACK
6
CONTINUOUS
10
0.2337218897637795
20
1.8158118897637794
11
0.2331458267716535
21
1.815755157480315
0
LINE
8
BLACK
6
CONTINUOUS
10
0.2331458267716535
20
1.815755157480315
11
0.2275215354330709
21
1.815755157480315
0
LINE
8
BLACK
6
CONTINUOUS
10
0.2275215354330709
20
1.815755157480315
11
0.2269454724409449
21
1.8158118897637794
0
LINE
8
BLACK
6
CONTINUOUS
10
0.2269454724409449
20
1.8158118897637794
11
0.2268474803149606
21
1.8158524803149605
0
LINE
8
BLACK
6
CONTINUOUS
10
0.2268474803149606
20
1.8158524803149605
11
0.2267416141732283
21
1.81586
0
LINE
8
BLACK
6
CONTINUOUS
10
0.2267416141732283
20
1.81586
11
0.2262010236220472
21
1.8160668897637795
0
LINE
8
BLACK
6
CONTINUOUS
10
0.2262010236220472
20
1.8160668897637795
11
0.2224514960629921
21
1.8179416535433071
0
LINE
8
BLACK
6
CONTINUOUS
10
0.2224514960629921
20
1.8179416535433071
11
0.2223551181102362
21
1.8180023228346456
0
LINE
8
BLACK
6
CONTINUOUS
10
0.2223551181102362
20
1.8180023228346456
11
0.2223097244094488
21
1.8180174409448819
0
LINE
8
BLACK
6
CONTINUOUS
10
0.2223097244094488
20
1.8180174409448819
11
0.2222531496062992
21
1.818066496062992
0
LINE
8
BLACK
6
CONTINUOUS
10
0.2222531496062992
20
1.818066496062992
11
0.2219616141732283
21
1.8182499999999999
0
LINE
8
BLACK
6
CONTINUOUS
10
0.2219616141732283
20
1.8182499999999999
11
0.221718937007874
21
1.818529842519685
0
LINE
8
BLACK
6
CONTINUOUS
10
0.221718937007874
20
1.818529842519685
11
0.2214393307086614
21
1.8187723228346457
0
LINE
8
BLACK
6
CONTINUOUS
10
0.2214393307086614
20
1.8187723228346457
11
0.2212558267716535
21
1.8190638188976378
0
LINE
8
BLACK
6
CONTINUOUS
10
0.2212558267716535
20
1.8190638188976378
11
0.2212067716535433
21
1.8191203937007874
0
LINE
8
BLACK
6
CONTINUOUS
10
0.2212067716535433
20
1.8191203937007874
11
0.2211916141732283
21
1.8191658661417323
0
LINE
8
BLACK
6
CONTINUOUS
10
0.2211916141732283
20
1.8191658661417323
11
0.2211309842519685
21
1.8192621653543306
0
LINE
8
BLACK
6
CONTINUOUS
10
0.2211309842519685
20
1.8192621653543306
11
0.2192562204724409
21
1.8230117322834645
0
LINE
8
BLACK
6
CONTINUOUS
10
0.2192562204724409
20
1.8230117322834645
11
0.2190493307086614
21
1.8235523622047243
0
LINE
8
BLACK
6
CONTINUOUS
10
0.2190493307086614
20
1.8235523622047243
11
0.2190418110236221
21
1.8236581889763779
0
LINE
8
BLACK
6
CONTINUOUS
10
0.2190418110236221
20
1.8236581889763779
11
0.2190012204724409
21
1.8237561811023622
0
LINE
8
BLACK
6
CONTINUOUS
10
0.2190012204724409
20
1.8237561811023622
11
0.2189444881889764
21
1.8243322440944882
0
LINE
8
BLACK
6
CONTINUOUS
10
0.2189444881889764
20
1.8243322440944882
11
0.2189444881889764
21
1.8449546456692913
0
LINE
8
BLACK
6
CONTINUOUS
10
0.2189444881889764
20
1.8449546456692913
11
0.2190012204724409
21
1.8455307086614172
0
LINE
8
BLACK
6
CONTINUOUS
10
0.2190012204724409
20
1.8455307086614172
11
0.219442125984252
21
1.8465951181102362
0
LINE
8
BLACK
6
CONTINUOUS
10
0.219442125984252
20
1.8465951181102362
11
0.2202567716535433
21
1.8474097637795275
0
LINE
8
BLACK
6
CONTINUOUS
10
0.2202567716535433
20
1.8474097637795275
11
0.2213211811023622
21
1.8478506692913386
0
LINE
8
BLACK
6
CONTINUOUS
10
0.2213211811023622
20
1.8478506692913386
11
0.2224733070866142
21
1.8478506692913386
0
LINE
8
BLACK
6
CONTINUOUS
10
0.2224733070866142
20
1.8478506692913386
11
0.2235377165354331
21
1.8474097637795275
0
LINE
8
BLACK
6
CONTINUOUS
10
0.2947788188976378
20
1.8605331102362204
11
0.2955934645669291
21
1.8597184645669291
0
LINE
8
BLACK
6
CONTINUOUS
10
0.2955934645669291
20
1.8597184645669291
11
0.2960343700787402
21
1.8586540551181101
0
LINE
8
BLACK
6
CONTINUOUS
10
0.2960343700787402
20
1.8586540551181101
11
0.2960911023622047
21
1.8580779921259842
0
LINE
8
BLACK
6
CONTINUOUS
10
0.2960911023622047
20
1.8580779921259842
11
0.2960911023622047
21
1.8479074015748032
0
LINE
8
BLACK
6
CONTINUOUS
10
0.2960911023622047
20
1.8479074015748032
11
0.3025121653543307
21
1.8479074015748032
0
LINE
8
BLACK
6
CONTINUOUS
10
0.3025121653543307
20
1.8479074015748032
11
0.3030882283464567
21
1.8478506692913386
0
LINE
8
BLACK
6
CONTINUOUS
10
0.3030882283464567
20
1.8478506692913386
11
0.3041526377952756
21
1.8474097637795275
0
LINE
8
BLACK
6
CONTINUOUS
10
0.3041526377952756
20
1.8474097637795275
11
0.3049672834645669
21
1.8465951181102362
0
LINE
8
BLACK
6
CONTINUOUS
10
0.3049672834645669
20
1.8465951181102362
11
0.3054081889763779
21
1.8455307086614172
0
LINE
8
BLACK
6
CONTINUOUS
10
0.3054081889763779
20
1.8455307086614172
11
0.3054081889763779
21
1.8443785826771653
0
LINE
8
BLACK
6
CONTINUOUS
10
0.3054081889763779
20
1.8443785826771653
11
0.3049672834645669
21
1.8433141732283465
0
LINE
8
BLACK
6
CONTINUOUS
10
0.3049672834645669
20
1.8433141732283465
11
0.3041526377952756
21
1.842499527559055
0
LINE
8
BLACK
6
CONTINUOUS
10
0.3041526377952756
20
1.842499527559055
11
0.3030882283464567
21
1.8420586220472441
0
LINE
8
BLACK
6
CONTINUOUS
10
0.3030882283464567
20
1.8420586220472441
11
0.3025121653543307
21
1.8420018897637795
0
LINE
8
BLACK
6
CONTINUOUS
10
0.3025121653543307
20
1.8420018897637795
11
0.2960911023622047
21
1.8420018897637795
0
LINE
8
BLACK
6
CONTINUOUS
10
0.2960911023622047
20
1.8420018897637795
11
0.2960911023622047
21
1.8250292913385826
0
LINE
8
BLACK
6
CONTINUOUS
10
0.2960911023622047
20
1.8250292913385826
11
0.297213937007874
21
1.8227835433070865
0
LINE
8
BLACK
6
CONTINUOUS
10
0.297213937007874
20
1.8227835433070865
11
0.2994596850393701
21
1.8216606692913386
0
LINE
8
BLACK
6
CONTINUOUS
10
0.2994596850393701
20
1.8216606692913386
11
0.3025121653543307
21
1.8216606692913386
0
LINE
8
BLACK
6
CONTINUOUS
10
0.3025121653543307
20
1.8216606692913386
11
0.3030882283464567
21
1.821603937007874
0
LINE
8
BLACK
6
CONTINUOUS
10
0.3030882283464567
20
1.821603937007874
11
0.3041526377952756
21
1.821163031496063
0
LINE
8
BLACK
6
CONTINUOUS
10
0.3041526377952756
20
1.821163031496063
11
0.3049672834645669
21
1.8203483858267717
0
LINE
8
BLACK
6
CONTINUOUS
10
0.3049672834645669
20
1.8203483858267717
11
0.3054081889763779
21
1.8192839763779527
0
LINE
8
BLACK
6
CONTINUOUS
10
0.3054081889763779
20
1.8192839763779527
11
0.3054081889763779
21
1.8181318503937007
0
LINE
8
BLACK
6
CONTINUOUS
10
0.3054081889763779
20
1.8181318503937007
11
0.3049672834645669
21
1.8170674409448819
0
LINE
8
BLACK
6
CONTINUOUS
10
0.3049672834645669
20
1.8170674409448819
11
0.3041526377952756
21
1.8162527952755905
0
LINE
8
BLACK
6
CONTINUOUS
10
0.3041526377952756
20
1.8162527952755905
11
0.3030882283464567
21
1.8158118897637794
0
LINE
8
BLACK
6
CONTINUOUS
10
0.3030882283464567
20
1.8158118897637794
11
0.3025121653543307
21
1.815755157480315
0
LINE
8
BLACK
6
CONTINUOUS
10
0.3025121653543307
20
1.815755157480315
11
0.2987626377952756
21
1.815755157480315
0
LINE
8
BLACK
6
CONTINUOUS
10
0.2987626377952756
20
1.815755157480315
11
0.2981865748031496
21
1.8158118897637794
0
LINE
8
BLACK
6
CONTINUOUS
10
0.2981865748031496
20
1.8158118897637794
11
0.2980885826771654
21
1.8158524803149605
0
LINE
8
BLACK
6
CONTINUOUS
10
0.2980885826771654
20
1.8158524803149605
11
0.2979827165354331
21
1.81586
0
LINE
8
BLACK
6
CONTINUOUS
10
0.2979827165354331
20
1.81586
11
0.297442125984252
21
1.8160668897637795
0
LINE
8
BLACK
6
CONTINUOUS
10
0.297442125984252
20
1.8160668897637795
11
0.2936925984251968
21
1.8179416535433071
0
LINE
8
BLACK
6
CONTINUOUS
10
0.2936925984251968
20
1.8179416535433071
11
0.2935962204724409
21
1.8180023228346456
0
LINE
8
BLACK
6
CONTINUOUS
10
0.2935962204724409
20
1.8180023228346456
11
0.2935508267716536
21
1.8180174409448819
0
LINE
8
BLACK
6
CONTINUOUS
10
0.2935508267716536
20
1.8180174409448819
11
0.2934942519685039
21
1.818066496062992
0
LINE
8
BLACK
6
CONTINUOUS
10
0.2934942519685039
20
1.818066496062992
11
0.2932027165354331
21
1.8182499999999999
0
LINE
8
BLACK
6
CONTINUOUS
10
0.2932027165354331
20
1.8182499999999999
11
0.2929600393700788
21
1.818529842519685
0
LINE
8
BLACK
6
CONTINUOUS
10
0.2929600393700788
20
1.818529842519685
11
0.2926804330708661
21
1.8187723228346457
0
LINE
8
BLACK
6
CONTINUOUS
10
0.2926804330708661
20
1.8187723228346457
11
0.2924969291338583
21
1.8190638188976378
0
LINE
8
BLACK
6
CONTINUOUS
10
0.2924969291338583
20
1.8190638188976378
11
0.292447874015748
21
1.8191203937007874
0
LINE
8
BLACK
6
CONTINUOUS
10
0.292447874015748
20
1.8191203937007874
11
0.2924327165354331
21
1.8191658661417323
0
LINE
8
BLACK
6
CONTINUOUS
10
0.2924327165354331
20
1.8191658661417323
11
0.2923720866141732
21
1.8192621653543306
0
LINE
8
BLACK
6
CONTINUOUS
10
0.2923720866141732
20
1.8192621653543306
11
0.2904973228346457
21
1.8230117322834645
0
LINE
8
BLACK
6
CONTINUOUS
10
0.2904973228346457
20
1.8230117322834645
11
0.2902904330708662
21
1.8235523622047243
0
LINE
8
BLACK
6
CONTINUOUS
10
0.2902904330708662
20
1.8235523622047243
11
0.2902829133858268
21
1.8236581889763779
0
LINE
8
BLACK
6
CONTINUOUS
10
0.2902829133858268
20
1.8236581889763779
11
0.2902423228346457
21
1.8237561811023622
0
LINE
8
BLACK
6
CONTINUOUS
10
0.2902423228346457
20
1.8237561811023622
11
0.2901855905511811
21
1.8243322440944882
0
LINE
8
BLACK
6
CONTINUOUS
10
0.2901855905511811
20
1.8243322440944882
11
0.2901855905511811
21
1.8420018897637795
0
LINE
8
BLACK
6
CONTINUOUS
10
0.2901855905511811
20
1.8420018897637795
11
0.2875140551181102
21
1.8420018897637795
0
LINE
8
BLACK
6
CONTINUOUS
10
0.2875140551181102
20
1.8420018897637795
11
0.2869379921259843
21
1.8420586220472441
0
LINE
8
BLACK
6
CONTINUOUS
10
0.2869379921259843
20
1.8420586220472441
11
0.2858735826771653
21
1.842499527559055
0
LINE
8
BLACK
6
CONTINUOUS
10
0.2858735826771653
20
1.842499527559055
11
0.285058937007874
21
1.8433141732283465
0
LINE
8
BLACK
6
CONTINUOUS
10
0.285058937007874
20
1.8433141732283465
11
0.284618031496063
21
1.8443785826771653
0
LINE
8
BLACK
6
CONTINUOUS
10
0.284618031496063
20
1.8443785826771653
11
0.284618031496063
21
1.8455307086614172
0
LINE
8
BLACK
6
CONTINUOUS
10
0.284618031496063
20
1.8455307086614172
11
0.285058937007874
21
1.8465951181102362
0
LINE
8
BLACK
6
CONTINUOUS
10
0.285058937007874
20
1.8465951181102362
11
0.2858735826771653
21
1.8474097637795275
0
LINE
8
BLACK
6
CONTINUOUS
10
0.2858735826771653
20
1.8474097637795275
11
0.2869379921259843
21
1.8478506692913386
0
LINE
8
BLACK
6
CONTINUOUS
10
0.2869379921259843
20
1.8478506692913386
11
0.2875140551181102
21
1.8479074015748032
0
LINE
8
BLACK
6
CONTINUOUS
10
0.2875140551181102
20
1.8479074015748032
11
0.2901855905511811
21
1.8479074015748032
0
LINE
8
BLACK
6
CONTINUOUS
10
0.2901855905511811
20
1.8479074015748032
11
0.2901855905511811
21
1.8580779921259842
0
LINE
8
BLACK
6
CONTINUOUS
10
0.2901855905511811
20
1.8580779921259842
11
0.2902423228346457
21
1.8586540551181101
0
LINE
8
BLACK
6
CONTINUOUS
10
0.2902423228346457
20
1.8586540551181101
11
0.2906832283464567
21
1.8597184645669291
0
LINE
8
BLACK
6
CONTINUOUS
10
0.2906832283464567
20
1.8597184645669291
11
0.291497874015748
21
1.8605331102362204
0
LINE
8
BLACK
6
CONTINUOUS
10
0.291497874015748
20
1.8605331102362204
11
0.2925622834645669
21
1.8609740157480315
0
LINE
8
BLACK
6
CONTINUOUS
10
0.2925622834645669
20
1.8609740157480315
11
0.2937144094488189
21
1.8609740157480315
0
LINE
8
BLACK
6
CONTINUOUS
10
0.2937144094488189
20
1.8609740157480315
11
0.2947788188976378
21
1.8605331102362204
0
LINE
8
BLACK
6
CONTINUOUS
10
0.458693779527559
20
1.8478506692913386
11
0.4587917716535433
21
1.8478100787401575
0
LINE
8
BLACK
6
CONTINUOUS
10
0.4587917716535433
20
1.8478100787401575
11
0.4588975984251968
21
1.8478025590551181
0
LINE
8
BLACK
6
CONTINUOUS
10
0.4588975984251968
20
1.8478025590551181
11
0.4594382283464567
21
1.8475956692913384
0
LINE
8
BLACK
6
CONTINUOUS
10
0.4594382283464567
20
1.8475956692913384
11
0.4631877559055118
21
1.8457209055118109
0
LINE
8
BLACK
6
CONTINUOUS
10
0.4631877559055118
20
1.8457209055118109
11
0.4634357480314961
21
1.8455648425196849
0
LINE
8
BLACK
6
CONTINUOUS
10
0.4634357480314961
20
1.8455648425196849
11
0.463507716535433
21
1.8455349999999999
0
LINE
8
BLACK
6
CONTINUOUS
10
0.463507716535433
20
1.8455349999999999
11
0.4635886614173228
21
1.8454685433070865
0
LINE
8
BLACK
6
CONTINUOUS
10
0.4635886614173228
20
1.8454685433070865
11
0.4636776377952756
21
1.845412559055118
0
LINE
8
BLACK
6
CONTINUOUS
10
0.4636776377952756
20
1.845412559055118
11
0.463728779527559
21
1.8453535826771652
0
LINE
8
BLACK
6
CONTINUOUS
10
0.463728779527559
20
1.8453535826771652
11
0.463955157480315
21
1.8451677952755905
0
LINE
8
BLACK
6
CONTINUOUS
10
0.463955157480315
20
1.8451677952755905
11
0.4658299212598425
21
1.8432930314960629
0
LINE
8
BLACK
6
CONTINUOUS
10
0.4658299212598425
20
1.8432930314960629
11
0.4660156692913386
21
1.8430666929133859
0
LINE
8
BLACK
6
CONTINUOUS
10
0.4660156692913386
20
1.8430666929133859
11
0.4660746850393701
21
1.8430155118110236
0
LINE
8
BLACK
6
CONTINUOUS
10
0.4660746850393701
20
1.8430155118110236
11
0.4661306299212598
21
1.8429265748031496
0
LINE
8
BLACK
6
CONTINUOUS
10
0.4661306299212598
20
1.8429265748031496
11
0.4661971259842519
21
1.8428455905511811
0
LINE
8
BLACK
6
CONTINUOUS
10
0.4661971259842519
20
1.8428455905511811
11
0.4662269291338583
21
1.8427736614173227
0
LINE
8
BLACK
6
CONTINUOUS
10
0.4662269291338583
20
1.8427736614173227
11
0.466383031496063
21
1.8425256299212598
0
LINE
8
BLACK
6
CONTINUOUS
10
0.466383031496063
20
1.8425256299212598
11
0.4682577952755905
21
1.8387761023622047
0
LINE
8
BLACK
6
CONTINUOUS
10
0.4682577952755905
20
1.8387761023622047
11
0.4684646850393701
21
1.8382355118110236
0
LINE
8
BLACK
6
CONTINUOUS
10
0.4684646850393701
20
1.8382355118110236
11
0.4684722047244094
21
1.8381296456692913
0
LINE
8
BLACK
6
CONTINUOUS
10
0.4684722047244094
20
1.8381296456692913
11
0.4685127952755905
21
1.838031653543307
0
LINE
8
BLACK
6
CONTINUOUS
10
0.4685127952755905
20
1.838031653543307
11
0.4685695275590551
21
1.8374555905511811
0
LINE
8
BLACK
6
CONTINUOUS
10
0.4685695275590551
20
1.8374555905511811
11
0.4685695275590551
21
1.8262070078740158
0
LINE
8
BLACK
6
CONTINUOUS
10
0.4685695275590551
20
1.8262070078740158
11
0.4685127952755905
21
1.8256309448818897
0
LINE
8
BLACK
6
CONTINUOUS
10
0.4685127952755905
20
1.8256309448818897
11
0.4684722047244094
21
1.8255329921259842
0
LINE
8
BLACK
6
CONTINUOUS
10
0.4684722047244094
20
1.8255329921259842
11
0.4684646850393701
21
1.8254270866141731
0
LINE
8
BLACK
6
CONTINUOUS
10
0.4684646850393701
20
1.8254270866141731
11
0.4682577952755905
21
1.824886496062992
0
LINE
8
BLACK
6
CONTINUOUS
10
0.4682577952755905
20
1.824886496062992
11
0.466383031496063
21
1.8211369685039369
0
LINE
8
BLACK
6
CONTINUOUS
10
0.466383031496063
20
1.8211369685039369
11
0.466226968503937
21
1.820889094488189
0
LINE
8
BLACK
6
CONTINUOUS
10
0.466226968503937
20
1.820889094488189
11
0.4661971653543307
21
1.8208170472440945
0
LINE
8
BLACK
6
CONTINUOUS
10
0.4661971653543307
20
1.8208170472440945
11
0.4661306299212598
21
1.8207360236220471
0
LINE
8
BLACK
6
CONTINUOUS
10
0.4661306299212598
20
1.8207360236220471
11
0.4660746850393701
21
1.8206470866141733
0
LINE
8
BLACK
6
CONTINUOUS
10
0.4660746850393701
20
1.8206470866141733
11
0.4660156692913386
21
1.8205959448818898
0
LINE
8
BLACK
6
CONTINUOUS
10
0.4660156692913386
20
1.8205959448818898
11
0.4658299212598425
21
1.8203695669291338
0
LINE
8
BLACK
6
CONTINUOUS
10
0.4658299212598425
20
1.8203695669291338
11
0.4639551968503937
21
1.8184948031496062
0
LINE
8
BLACK
6
CONTINUOUS
10
0.4639551968503937
20
1.8184948031496062
11
0.4637288188976378
21
1.8183090551181103
0
LINE
8
BLACK
6
CONTINUOUS
10
0.4637288188976378
20
1.8183090551181103
11
0.4636776377952756
21
1.8182499999999999
0
LINE
8
BLACK
6
CONTINUOUS
10
0.4636776377952756
20
1.8182499999999999
11
0.4635886614173228
21
1.8181940157480314
0
LINE
8
BLACK
6
CONTINUOUS
10
0.4635886614173228
20
1.8181940157480314
11
0.463507716535433
21
1.818127559055118
0
LINE
8
BLACK
6
CONTINUOUS
10
0.463507716535433
20
1.818127559055118
11
0.4634357480314961
21
1.8180977559055118
0
LINE
8
BLACK
6
CONTINUOUS
10
0.4634357480314961
20
1.8180977559055118
11
0.4631877559055118
21
1.8179416535433071
0
LINE
8
BLACK
6
CONTINUOUS
10
0.4631877559055118
20
1.8179416535433071
11
0.4594382283464567
21
1.8160668897637795
0
LINE
8
BLACK
6
CONTINUOUS
10
0.4594382283464567
20
1.8160668897637795
11
0.4588975984251968
21
1.81586
0
LINE
8
BLACK
6
CONTINUOUS
10
0.4588975984251968
20
1.81586
11
0.4587917716535433
21
1.8158525196850392
0
LINE
8
BLACK
6
CONTINUOUS
10
0.4587917716535433
20
1.8158525196850392
11
0.458693779527559
21
1.8158118897637794
0
LINE
8
BLACK
6
CONTINUOUS
10
0.458693779527559
20
1.8158118897637794
11
0.458117716535433
21
1.815755157480315
0
LINE
8
BLACK
6
CONTINUOUS
10
0.458117716535433
20
1.815755157480315
11
0.4524934251968504
21
1.815755157480315
0
LINE
8
BLACK
6
CONTINUOUS
10
0.4524934251968504
20
1.815755157480315
11
0.4519173622047244
21
1.8158118897637794
0
LINE
8
BLACK
6
CONTINUOUS
10
0.4519173622047244
20
1.8158118897637794
11
0.4518193700787401
21
1.8158524803149605
0
LINE
8
BLACK
6
CONTINUOUS
10
0.4518193700787401
20
1.8158524803149605
11
0.4517135039370079
21
1.81586
0
LINE
8
BLACK
6
CONTINUOUS
10
0.4517135039370079
20
1.81586
11
0.4511729133858268
21
1.8160668897637795
0
LINE
8
BLACK
6
CONTINUOUS
10
0.4511729133858268
20
1.8160668897637795
11
0.4474233858267717
21
1.8179416535433071
0
LINE
8
BLACK
6
CONTINUOUS
10
0.4474233858267717
20
1.8179416535433071
11
0.4471753543307087
21
1.8180977559055118
0
LINE
8
BLACK
6
CONTINUOUS
10
0.4471753543307087
20
1.8180977559055118
11
0.4471034251968504
21
1.818127559055118
0
LINE
8
BLACK
6
CONTINUOUS
10
0.4471034251968504
20
1.818127559055118
11
0.4470224409448819
21
1.8181940157480314
0
LINE
8
BLACK
6
CONTINUOUS
10
0.4470224409448819
20
1.8181940157480314
11
0.4469335039370079
21
1.8182499999999999
0
LINE
8
BLACK
6
CONTINUOUS
10
0.4469335039370079
20
1.8182499999999999
11
0.4468822834645669
21
1.8183090551181103
0
LINE
8
BLACK
6
CONTINUOUS
10
0.4468822834645669
20
1.8183090551181103
11
0.4466559448818898
21
1.8184948031496062
0
LINE
8
BLACK
6
CONTINUOUS
10
0.4466559448818898
20
1.8184948031496062
11
0.4447811811023622
21
1.8203696062992125
0
LINE
8
BLACK
6
CONTINUOUS
10
0.4447811811023622
20
1.8203696062992125
11
0.4445954330708661
21
1.8205959448818898
0
LINE
8
BLACK
6
CONTINUOUS
10
0.4445954330708661
20
1.8205959448818898
11
0.4445364566929134
21
1.8206470866141733
0
LINE
8
BLACK
6
CONTINUOUS
10
0.4445364566929134
20
1.8206470866141733
11
0.4444804724409449
21
1.8207360236220471
0
LINE
8
BLACK
6
CONTINUOUS
10
0.4444804724409449
20
1.8207360236220471
11
0.4444139763779528
21
1.8208170472440945
0
LINE
8
BLACK
6
CONTINUOUS
10
0.4444139763779528
20
1.8208170472440945
11
0.4443841338582677
21
1.820889094488189
0
LINE
8
BLACK
6
CONTINUOUS
10
0.4443841338582677
20
1.820889094488189
11
0.4442281102362204
21
1.8211369685039369
0
LINE
8
BLACK
6
CONTINUOUS
10
0.4442281102362204
20
1.8211369685039369
11
0.4423533464566929
21
1.824886496062992
0
LINE
8
BLACK
6
CONTINUOUS
10
0.4423533464566929
20
1.824886496062992
11
0.4421464566929134
21
1.8254271259842518
0
LINE
8
BLACK
6
CONTINUOUS
10
0.4421464566929134
20
1.8254271259842518
11
0.442138937007874
21
1.8255329527559054
0
LINE
8
BLACK
6
CONTINUOUS
10
0.442138937007874
20
1.8255329527559054
11
0.4420983464566929
21
1.8256309448818897
0
LINE
8
BLACK
6
CONTINUOUS
10
0.4420983464566929
20
1.8256309448818897
11
0.4420416141732283
21
1.8262070078740158
0
LINE
8
BLACK
6
CONTINUOUS
10
0.4420416141732283
20
1.8262070078740158
11
0.4420416141732283
21
1.8374555905511811
0
LINE
8
BLACK
6
CONTINUOUS
10
0.4420416141732283
20
1.8374555905511811
11
0.4420983464566929
21
1.838031653543307
0
LINE
8
BLACK
6
CONTINUOUS
10
0.4420983464566929
20
1.838031653543307
11
0.442138937007874
21
1.83812968503937
0
LINE
8
BLACK
6
CONTINUOUS
10
0.442138937007874
20
1.83812968503937
11
0.4421464566929134
21
1.8382354724409449
0
LINE
8
BLACK
6
CONTINUOUS
10
0.4421464566929134
20
1.8382354724409449
11
0.4423533464566929
21
1.8387761023622047
0
LINE
8
BLACK
6
CONTINUOUS
10
0.4423533464566929
20
1.8387761023622047
11
0.4442281102362204
21
1.8425256299212598
0
LINE
8
BLACK
6
CONTINUOUS
10
0.4442281102362204
20
1.8425256299212598
11
0.4443841732283464
21
1.8427736614173227
0
LINE
8
BLACK
6
CONTINUOUS
10
0.4443841732283464
20
1.8427736614173227
11
0.4444140157480315
21
1.8428455905511811
0
LINE
8
BLACK
6
CONTINUOUS
10
0.4444140157480315
20
1.8428455905511811
11
0.4444804724409449
21
1.8429265748031496
0
LINE
8
BLACK
6
CONTINUOUS
10
0.4444804724409449
20
1.8429265748031496
11
0.4445364566929134
21
1.8430155118110236
0
LINE
8
BLACK
6
CONTINUOUS
10
0.4445364566929134
20
1.8430155118110236
11
0.4445954330708661
21
1.8430666929133859
0
LINE
8
BLACK
6
CONTINUOUS
10
0.4445954330708661
20
1.8430666929133859
11
0.444781220472441
21
1.8432930314960629
0
LINE
8
BLACK
6
CONTINUOUS
10
0.444781220472441
20
1.8432930314960629
11
0.4466559842519685
21
1.8451677952755905
0
LINE
8
BLACK
6
CONTINUOUS
10
0.4466559842519685
20
1.8451677952755905
11
0.4468823228346457
21
1.8453535826771652
0
LINE
8
BLACK
6
CONTINUOUS
10
0.4468823228346457
20
1.8453535826771652
11
0.4469335039370079
21
1.845412559055118
0
LINE
8
BLACK
6
CONTINUOUS
10
0.4469335039370079
20
1.845412559055118
11
0.4470224409448819
21
1.8454685433070865
0
LINE
8
BLACK
6
CONTINUOUS
10
0.4470224409448819
20
1.8454685433070865
11
0.4471034251968504
21
1.8455349999999999
0
LINE
8
BLACK
6
CONTINUOUS
10
0.4471034251968504
20
1.8455349999999999
11
0.4471753543307087
21
1.8455648425196849
0
LINE
8
BLACK
6
CONTINUOUS
10
0.4471753543307087
20
1.8455648425196849
11
0.4474233858267717
21
1.8457209055118109
0
LINE
8
BLACK
6
CONTINUOUS
10
0.4474233858267717
20
1.8457209055118109
11
0.4511729133858268
21
1.8475956692913384
0
LINE
8
BLACK
6
CONTINUOUS
10
0.4511729133858268
20
1.8475956692913384
11
0.4517135039370079
21
1.8478025590551181
0
LINE
8
BLACK
6
CONTINUOUS
10
0.4517135039370079
20
1.8478025590551181
11
0.4518193700787401
21
1.8478101181102362
0
LINE
8
BLACK
6
CONTINUOUS
10
0.4518193700787401
20
1.8478101181102362
11
0.4519173622047244
21
1.8478506692913386
0
LINE
8
BLACK
6
CONTINUOUS
10
0.4519173622047244
20
1.8478506692913386
11
0.4524934251968504
21
1.8479074015748032
0
LINE
8
BLACK
6
CONTINUOUS
10
0.4524934251968504
20
1.8479074015748032
11
0.458117716535433
21
1.8479074015748032
0
LINE
8
BLACK
6
CONTINUOUS
10
0.458117716535433
20
1.8479074015748032
11
0.458693779527559
21
1.8478506692913386
0
LINE
8
BLACK
6
CONTINUOUS
10
0.4504929921259843
20
1.8406531496062992
11
0.4492958661417323
21
1.8394560236220472
0
LINE
8
BLACK
6
CONTINUOUS
10
0.4492958661417323
20
1.8394560236220472
11
0.447947125984252
21
1.8367585433070865
0
LINE
8
BLACK
6
CONTINUOUS
10
0.447947125984252
20
1.8367585433070865
11
0.447947125984252
21
1.8269040551181102
0
LINE
8
BLACK
6
CONTINUOUS
10
0.447947125984252
20
1.8269040551181102
11
0.4492958661417323
21
1.8242065748031495
0
LINE
8
BLACK
6
CONTINUOUS
10
0.4492958661417323
20
1.8242065748031495
11
0.4504929921259843
21
1.823009409448819
0
LINE
8
BLACK
6
CONTINUOUS
10
0.4504929921259843
20
1.823009409448819
11
0.4531904724409448
21
1.8216606692913386
0
LINE
8
BLACK
6
CONTINUOUS
10
0.4531904724409448
20
1.8216606692913386
11
0.4574206692913386
21
1.8216606692913386
0
LINE
8
BLACK
6
CONTINUOUS
10
0.4574206692913386
20
1.8216606692913386
11
0.4601181102362205
21
1.823009409448819
0
LINE
8
BLACK
6
CONTINUOUS
10
0.4601181102362205
20
1.823009409448819
11
0.4613152362204724
21
1.8242065748031495
0
LINE
8
BLACK
6
CONTINUOUS
10
0.4613152362204724
20
1.8242065748031495
11
0.4626640157480315
21
1.8269040551181102
0
LINE
8
BLACK
6
CONTINUOUS
10
0.4626640157480315
20
1.8269040551181102
11
0.4626640157480315
21
1.8367585433070865
0
LINE
8
BLACK
6
CONTINUOUS
10
0.4626640157480315
20
1.8367585433070865
11
0.4613152755905512
21
1.8394560236220472
0
LINE
8
BLACK
6
CONTINUOUS
10
0.4613152755905512
20
1.8394560236220472
11
0.4601181496062992
21
1.8406531496062992
0
LINE
8
BLACK
6
CONTINUOUS
10
0.4601181496062992
20
1.8406531496062992
11
0.4574206692913386
21
1.8420018897637795
0
LINE
8
BLACK
6
CONTINUOUS
10
0.4574206692913386
20
1.8420018897637795
11
0.4531904724409448
21
1.8420018897637795
0
LINE
8
BLACK
6
CONTINUOUS
10
0.4531904724409448
20
1.8420018897637795
11
0.4504929921259843
21
1.8406531496062992
0
LINE
8
BLACK
6
CONTINUOUS
10
0.5149367716535433
20
1.8478506692913386
11
0.5150347637795275
21
1.8478100787401575
0
LINE
8
BLACK
6
CONTINUOUS
10
0.5150347637795275
20
1.8478100787401575
11
0.5151405905511811
21
1.8478025590551181
0
LINE
8
BLACK
6
CONTINUOUS
10
0.5151405905511811
20
1.8478025590551181
11
0.5156812204724409
21
1.8475956692913384
0
LINE
8
BLACK
6
CONTINUOUS
10
0.5156812204724409
20
1.8475956692913384
11
0.519430748031496
21
1.8457209055118109
0
LINE
8
BLACK
6
CONTINUOUS
10
0.519430748031496
20
1.8457209055118109
11
0.5195270866141732
21
1.8456602755905511
0
LINE
8
BLACK
6
CONTINUOUS
10
0.5195270866141732
20
1.8456602755905511
11
0.5195725196850394
21
1.8456451181102362
0
LINE
8
BLACK
6
CONTINUOUS
10
0.5195725196850394
20
1.8456451181102362
11
0.5196290551181102
21
1.8455961023622047
0
LINE
8
BLACK
6
CONTINUOUS
10
0.5196290551181102
20
1.8455961023622047
11
0.5199206299212599
21
1.845412559055118
0
LINE
8
BLACK
6
CONTINUOUS
10
0.5199206299212599
20
1.845412559055118
11
0.5201631889763779
21
1.845132874015748
0
LINE
8
BLACK
6
CONTINUOUS
10
0.5201631889763779
20
1.845132874015748
11
0.5204429133858267
21
1.8448902755905512
0
LINE
8
BLACK
6
CONTINUOUS
10
0.5204429133858267
20
1.8448902755905512
11
0.5206264173228347
21
1.8445987401574804
0
LINE
8
BLACK
6
CONTINUOUS
10
0.5206264173228347
20
1.8445987401574804
11
0.5206754724409449
21
1.8445421653543306
0
LINE
8
BLACK
6
CONTINUOUS
10
0.5206754724409449
20
1.8445421653543306
11
0.5206905905511811
21
1.8444967716535432
0
LINE
8
BLACK
6
CONTINUOUS
10
0.5206905905511811
20
1.8444967716535432
11
0.5207512598425197
21
1.8444003937007873
0
LINE
8
BLACK
6
CONTINUOUS
10
0.5207512598425197
20
1.8444003937007873
11
0.5226260236220472
21
1.8406508661417322
0
LINE
8
BLACK
6
CONTINUOUS
10
0.5226260236220472
20
1.8406508661417322
11
0.5228329133858267
21
1.8401102755905512
0
LINE
8
BLACK
6
CONTINUOUS
10
0.5228329133858267
20
1.8401102755905512
11
0.5228404330708661
21
1.8400044094488188
0
LINE
8
BLACK
6
CONTINUOUS
10
0.5228404330708661
20
1.8400044094488188
11
0.5228810236220472
21
1.8399064173228346
0
LINE
8
BLACK
6
CONTINUOUS
10
0.5228810236220472
20
1.8399064173228346
11
0.5229377559055118
21
1.8393303543307087
0
LINE
8
BLACK
6
CONTINUOUS
10
0.5229377559055118
20
1.8393303543307087
11
0.5229377559055118
21
1.8355808267716536
0
LINE
8
BLACK
6
CONTINUOUS
10
0.5229377559055118
20
1.8355808267716536
11
0.5228810236220472
21
1.8350047637795275
0
LINE
8
BLACK
6
CONTINUOUS
10
0.5228810236220472
20
1.8350047637795275
11
0.5227702362204725
21
1.834737401574803
0
LINE
8
BLACK
6
CONTINUOUS
10
0.5227702362204725
20
1.834737401574803
11
0.5227141338582677
21
1.8344537007874016
0
LINE
8
BLACK
6
CONTINUOUS
10
0.5227141338582677
20
1.8344537007874016
11
0.5225520472440944
21
1.834210590551181
0
LINE
8
BLACK
6
CONTINUOUS
10
0.5225520472440944
20
1.834210590551181
11
0.5224401181102362
21
1.8339403543307087
0
LINE
8
BLACK
6
CONTINUOUS
10
0.5224401181102362
20
1.8339403543307087
11
0.5222354724409448
21
1.8337357086614172
0
LINE
8
BLACK
6
CONTINUOUS
10
0.5222354724409448
20
1.8337357086614172
11
0.5220750787401575
21
1.8334951181102361
0
LINE
8
BLACK
6
CONTINUOUS
10
0.5220750787401575
20
1.8334951181102361
11
0.5218322440944881
21
1.8333325196850394
0
LINE
8
BLACK
6
CONTINUOUS
10
0.5218322440944881
20
1.8333325196850394
11
0.5216254724409448
21
1.8331257086614172
0
LINE
8
BLACK
6
CONTINUOUS
10
0.5216254724409448
20
1.8331257086614172
11
0.521358188976378
21
1.8330150000000001
0
LINE
8
BLACK
6
CONTINUOUS
10
0.521358188976378
20
1.8330150000000001
11
0.5211178346456693
21
1.8328540157480315
0
LINE
8
BLACK
6
CONTINUOUS
10
0.5211178346456693
20
1.8328540157480315
11
0.5205640551181102
21
1.8326853937007874
0
LINE
8
BLACK
6
CONTINUOUS
10
0.5205640551181102
20
1.8326853937007874
11
0.5041901181102362
21
1.8294106299212598
0
LINE
8
BLACK
6
CONTINUOUS
10
0.5041901181102362
20
1.8294106299212598
11
0.5041901181102362
21
1.8250292913385826
0
LINE
8
BLACK
6
CONTINUOUS
10
0.5041901181102362
20
1.8250292913385826
11
0.5053129527559055
21
1.8227835433070865
0
LINE
8
BLACK
6
CONTINUOUS
10
0.5053129527559055
20
1.8227835433070865
11
0.5075587007874016
21
1.8216606692913386
0
LINE
8
BLACK
6
CONTINUOUS
10
0.5075587007874016
20
1.8216606692913386
11
0.5136636614173228
21
1.8216606692913386
0
LINE
8
BLACK
6
CONTINUOUS
10
0.5136636614173228
20
1.8216606692913386
11
0.5167897244094488
21
1.8232237007874015
0
LINE
8
BLACK
6
CONTINUOUS
10
0.5167897244094488
20
1.8232237007874015
11
0.5173303149606299
21
1.823430590551181
0
LINE
8
BLACK
6
CONTINUOUS
10
0.5173303149606299
20
1.823430590551181
11
0.5184795275590551
21
1.8235122440944882
0
LINE
8
BLACK
6
CONTINUOUS
10
0.5184795275590551
20
1.8235122440944882
11
0.5195725196850394
21
1.8231479133858268
0
LINE
8
BLACK
6
CONTINUOUS
10
0.5195725196850394
20
1.8231479133858268
11
0.5204428740157481
21
1.8223930708661418
0
LINE
8
BLACK
6
CONTINUOUS
10
0.5204428740157481
20
1.8223930708661418
11
0.5209581496062992
21
1.8213625590551181
0
LINE
8
BLACK
6
CONTINUOUS
10
0.5209581496062992
20
1.8213625590551181
11
0.5210398031496063
21
1.820213346456693
0
LINE
8
BLACK
6
CONTINUOUS
10
0.5210398031496063
20
1.820213346456693
11
0.5206754724409449
21
1.8191203937007874
0
LINE
8
BLACK
6
CONTINUOUS
10
0.5206754724409449
20
1.8191203937007874
11
0.5199206299212599
21
1.8182499999999999
0
LINE
8
BLACK
6
CONTINUOUS
10
0.5199206299212599
20
1.8182499999999999
11
0.519430748031496
21
1.8179416535433071
0
LINE
8
BLACK
6
CONTINUOUS
10
0.519430748031496
20
1.8179416535433071
11
0.5156812204724409
21
1.8160668897637795
0
LINE
8
BLACK
6
CONTINUOUS
10
0.5156812204724409
20
1.8160668897637795
11
0.5151405905511811
21
1.81586
0
LINE
8
BLACK
6
CONTINUOUS
10
0.5151405905511811
20
1.81586
11
0.5150347637795275
21
1.8158525196850392
0
LINE
8
BLACK
6
CONTINUOUS
10
0.5150347637795275
20
1.8158525196850392
11
0.5149367716535433
21
1.8158118897637794
0
LINE
8
BLACK
6
CONTINUOUS
10
0.5149367716535433
20
1.8158118897637794
11
0.5143607086614174
21
1.815755157480315
0
LINE
8
BLACK
6
CONTINUOUS
10
0.5143607086614174
20
1.815755157480315
11
0.506861653543307
21
1.815755157480315
0
LINE
8
BLACK
6
CONTINUOUS
10
0.506861653543307
20
1.815755157480315
11
0.5062855905511811
21
1.8158118897637794
0
LINE
8
BLACK
6
CONTINUOUS
10
0.5062855905511811
20
1.8158118897637794
11
0.5061875984251969
21
1.8158524803149605
0
LINE
8
BLACK
6
CONTINUOUS
10
0.5061875984251969
20
1.8158524803149605
11
0.5060817322834645
21
1.81586
0
LINE
8
BLACK
6
CONTINUOUS
10
0.5060817322834645
20
1.81586
11
0.5055411417322835
21
1.8160668897637795
0
LINE
8
BLACK
6
CONTINUOUS
10
0.5055411417322835
20
1.8160668897637795
11
0.5017916141732284
21
1.8179416535433071
0
LINE
8
BLACK
6
CONTINUOUS
10
0.5017916141732284
20
1.8179416535433071
11
0.5016952362204724
21
1.8180023228346456
0
LINE
8
BLACK
6
CONTINUOUS
10
0.5016952362204724
20
1.8180023228346456
11
0.501649842519685
21
1.8180174409448819
0
LINE
8
BLACK
6
CONTINUOUS
10
0.501649842519685
20
1.8180174409448819
11
0.5015932677165355
21
1.818066496062992
0
LINE
8
BLACK
6
CONTINUOUS
10
0.5015932677165355
20
1.818066496062992
11
0.5013017322834645
21
1.8182499999999999
0
LINE
8
BLACK
6
CONTINUOUS
10
0.5013017322834645
20
1.8182499999999999
11
0.5010590551181102
21
1.818529842519685
0
LINE
8
BLACK
6
CONTINUOUS
10
0.5010590551181102
20
1.818529842519685
11
0.5007794488188976
21
1.8187723228346457
0
LINE
8
BLACK
6
CONTINUOUS
10
0.5007794488188976
20
1.8187723228346457
11
0.5005959448818897
21
1.8190638188976378
0
LINE
8
BLACK
6
CONTINUOUS
10
0.5005959448818897
20
1.8190638188976378
11
0.5005468897637795
21
1.8191203937007874
0
LINE
8
BLACK
6
CONTINUOUS
10
0.5005468897637795
20
1.8191203937007874
11
0.5005317322834646
21
1.8191658661417323
0
LINE
8
BLACK
6
CONTINUOUS
10
0.5005317322834646
20
1.8191658661417323
11
0.5004711023622047
21
1.8192621653543306
0
LINE
8
BLACK
6
CONTINUOUS
10
0.5004711023622047
20
1.8192621653543306
11
0.4985963385826772
21
1.8230117322834645
0
LINE
8
BLACK
6
CONTINUOUS
10
0.4985963385826772
20
1.8230117322834645
11
0.4983894488188976
21
1.8235523622047243
0
LINE
8
BLACK
6
CONTINUOUS
10
0.4983894488188976
20
1.8235523622047243
11
0.4983819291338583
21
1.8236581889763779
0
LINE
8
BLACK
6
CONTINUOUS
10
0.4983819291338583
20
1.8236581889763779
11
0.4983413385826772
21
1.8237561811023622
0
LINE
8
BLACK
6
CONTINUOUS
10
0.4983413385826772
20
1.8237561811023622
11
0.4982846062992126
21
1.8243322440944882
0
LINE
8
BLACK
6
CONTINUOUS
10
0.4982846062992126
20
1.8243322440944882
11
0.4982846062992126
21
1.8393303543307087
0
LINE
8
BLACK
6
CONTINUOUS
10
0.4982846062992126
20
1.8393303543307087
11
0.4983413385826772
21
1.8399064173228346
0
LINE
8
BLACK
6
CONTINUOUS
10
0.4983413385826772
20
1.8399064173228346
11
0.4983819291338583
21
1.8400044488188976
0
LINE
8
BLACK
6
CONTINUOUS
10
0.4983819291338583
20
1.8400044488188976
11
0.4983894488188976
21
1.8401102362204724
0
LINE
8
BLACK
6
CONTINUOUS
10
0.4983894488188976
20
1.8401102362204724
11
0.4985963385826772
21
1.8406508661417322
0
LINE
8
BLACK
6
CONTINUOUS
10
0.4985963385826772
20
1.8406508661417322
11
0.5004711023622047
21
1.8444003937007873
0
LINE
8
BLACK
6
CONTINUOUS
10
0.5004711023622047
20
1.8444003937007873
11
0.5005317322834646
21
1.8444967716535432
0
LINE
8
BLACK
6
CONTINUOUS
10
0.5005317322834646
20
1.8444967716535432
11
0.5005468897637795
21
1.8445421653543306
0
LINE
8
BLACK
6
CONTINUOUS
10
0.5005468897637795
20
1.8445421653543306
11
0.500595905511811
21
1.8445987401574804
0
LINE
8
BLACK
6
CONTINUOUS
10
0.500595905511811
20
1.8445987401574804
11
0.5007794488188976
21
1.8448902755905512
0
LINE
8
BLACK
6
CONTINUOUS
10
0.5007794488188976
20
1.8448902755905512
11
0.5010591338582677
21
1.845132874015748
0
LINE
8
BLACK
6
CONTINUOUS
10
0.5010591338582677
20
1.845132874015748
11
0.5013017322834645
21
1.845412559055118
0
LINE
8
BLACK
6
CONTINUOUS
10
0.5013017322834645
20
1.845412559055118
11
0.5015932677165355
21
1.8455961023622047
0
LINE
8
BLACK
6
CONTINUOUS
10
0.5015932677165355
20
1.8455961023622047
11
0.501649842519685
21
1.8456451181102362
0
LINE
8
BLACK
6
CONTINUOUS
10
0.501649842519685
20
1.8456451181102362
11
0.5016952362204724
21
1.8456602755905511
0
LINE
8
BLACK
6
CONTINUOUS
10
0.5016952362204724
20
1.8456602755905511
11
0.5017916141732284
21
1.8457209055118109
0
LINE
8
BLACK
6
CONTINUOUS
10
0.5017916141732284
20
1.8457209055118109
11
0.5055411417322835
21
1.8475956692913384
0
LINE
8
BLACK
6
CONTINUOUS
10
0.5055411417322835
20
1.8475956692913384
11
0.5060817322834645
21
1.8478025590551181
0
LINE
8
BLACK
6
CONTINUOUS
10
0.5060817322834645
20
1.8478025590551181
11
0.5061875984251969
21
1.8478101181102362
0
LINE
8
BLACK
6
CONTINUOUS
10
0.5061875984251969
20
1.8478101181102362
11
0.5062855905511811
21
1.8478506692913386
0
LINE
8
BLACK
6
CONTINUOUS
10
0.5062855905511811
20
1.8478506692913386
11
0.506861653543307
21
1.8479074015748032
0
LINE
8
BLACK
6
CONTINUOUS
10
0.506861653543307
20
1.8479074015748032
11
0.5143607086614174
21
1.8479074015748032
0
LINE
8
BLACK
6
CONTINUOUS
10
0.5143607086614174
20
1.8479074015748032
11
0.5149367716535433
21
1.8478506692913386
0
LINE
8
BLACK
6
CONTINUOUS
10
0.5053129527559055
20
1.8408790551181102
11
0.5041901181102362
21
1.8386333070866141
0
LINE
8
BLACK
6
CONTINUOUS
10
0.5041901181102362
20
1.8386333070866141
11
0.5041901181102362
21
1.8354331102362205
0
LINE
8
BLACK
6
CONTINUOUS
10
0.5041901181102362
20
1.8354331102362205
11
0.5170322440944882
21
1.838001496062992
0
LINE
8
BLACK
6
CONTINUOUS
10
0.5170322440944882
20
1.838001496062992
11
0.5170322440944882
21
1.8386333070866141
0
LINE
8
BLACK
6
CONTINUOUS
10
0.5170322440944882
20
1.8386333070866141
11
0.5159093700787402
21
1.8408790551181102
0
LINE
8
BLACK
6
CONTINUOUS
10
0.5159093700787402
20
1.8408790551181102
11
0.5136636614173228
21
1.8420018897637795
0
LINE
8
BLACK
6
CONTINUOUS
10
0.5136636614173228
20
1.8420018897637795
11
0.5075587007874016
21
1.8420018897637795
0
LINE
8
BLACK
6
CONTINUOUS
10
0.5075587007874016
20
1.8420018897637795
11
0.5053129527559055
21
1.8408790551181102
0
LINE
8
BLACK
6
CONTINUOUS
10
0.6180488976377952
20
1.8478506692913386
11
0.6181468897637795
21
1.8478100787401575
0
LINE
8
BLACK
6
CONTINUOUS
10
0.6181468897637795
20
1.8478100787401575
11
0.618252716535433
21
1.8478025590551181
0
LINE
8
BLACK
6
CONTINUOUS
10
0.618252716535433
20
1.8478025590551181
11
0.6187933464566929
21
1.8475956692913384
0
LINE
8
BLACK
6
CONTINUOUS
10
0.6187933464566929
20
1.8475956692913384
11
0.622542874015748
21
1.8457209055118109
0
LINE
8
BLACK
6
CONTINUOUS
10
0.622542874015748
20
1.8457209055118109
11
0.6226392125984251
21
1.8456602755905511
0
LINE
8
BLACK
6
CONTINUOUS
10
0.6226392125984251
20
1.8456602755905511
11
0.6226846456692913
21
1.8456451181102362
0
LINE
8
BLACK
6
CONTINUOUS
10
0.6226846456692913
20
1.8456451181102362
11
0.6227411811023622
21
1.8455961023622047
0
LINE
8
BLACK
6
CONTINUOUS
10
0.6227411811023622
20
1.8455961023622047
11
0.6230327559055118
21
1.845412559055118
0
LINE
8
BLACK
6
CONTINUOUS
10
0.6230327559055118
20
1.845412559055118
11
0.6232753149606299
21
1.845132874015748
0
LINE
8
BLACK
6
CONTINUOUS
10
0.6232753149606299
20
1.845132874015748
11
0.6235550393700787
21
1.8448902755905512
0
LINE
8
BLACK
6
CONTINUOUS
10
0.6235550393700787
20
1.8448902755905512
11
0.6237385433070866
21
1.8445987401574804
0
LINE
8
BLACK
6
CONTINUOUS
10
0.6237385433070866
20
1.8445987401574804
11
0.6237875984251968
21
1.8445421653543306
0
LINE
8
BLACK
6
CONTINUOUS
10
0.6237875984251968
20
1.8445421653543306
11
0.6238027165354331
21
1.8444967716535432
0
LINE
8
BLACK
6
CONTINUOUS
10
0.6238027165354331
20
1.8444967716535432
11
0.6238633858267716
21
1.8444003937007873
0
LINE
8
BLACK
6
CONTINUOUS
10
0.6238633858267716
20
1.8444003937007873
11
0.6257381496062991
21
1.8406508661417322
0
LINE
8
BLACK
6
CONTINUOUS
10
0.6257381496062991
20
1.8406508661417322
11
0.6259450393700787
21
1.8401102755905512
0
LINE
8
BLACK
6
CONTINUOUS
10
0.6259450393700787
20
1.8401102755905512
11
0.625952559055118
21
1.8400044094488188
0
LINE
8
BLACK
6
CONTINUOUS
10
0.625952559055118
20
1.8400044094488188
11
0.6259931496062991
21
1.8399064173228346
0
LINE
8
BLACK
6
CONTINUOUS
10
0.6259931496062991
20
1.8399064173228346
11
0.6260498818897637
21
1.8393303543307087
0
LINE
8
BLACK
6
CONTINUOUS
10
0.6260498818897637
20
1.8393303543307087
11
0.6260498818897637
21
1.8187079133858268
0
LINE
8
BLACK
6
CONTINUOUS
10
0.6260498818897637
20
1.8187079133858268
11
0.6259931496062991
21
1.8181318503937007
0
LINE
8
BLACK
6
CONTINUOUS
10
0.6259931496062991
20
1.8181318503937007
11
0.6255522440944882
21
1.8170674409448819
0
LINE
8
BLACK
6
CONTINUOUS
10
0.6255522440944882
20
1.8170674409448819
11
0.6247375984251968
21
1.8162527952755905
0
LINE
8
BLACK
6
CONTINUOUS
10
0.6247375984251968
20
1.8162527952755905
11
0.6236731889763779
21
1.8158118897637794
0
LINE
8
BLACK
6
CONTINUOUS
10
0.6236731889763779
20
1.8158118897637794
11
0.622521062992126
21
1.8158118897637794
0
LINE
8
BLACK
6
CONTINUOUS
10
0.622521062992126
20
1.8158118897637794
11
0.621456653543307
21
1.8162527952755905
0
LINE
8
BLACK
6
CONTINUOUS
10
0.621456653543307
20
1.8162527952755905
11
0.6213177165354331
21
1.8163917322834646
0
LINE
8
BLACK
6
CONTINUOUS
10
0.6213177165354331
20
1.8163917322834646
11
0.6206681102362205
21
1.8160668897637795
0
LINE
8
BLACK
6
CONTINUOUS
10
0.6206681102362205
20
1.8160668897637795
11
0.6201274803149606
21
1.81586
0
LINE
8
BLACK
6
CONTINUOUS
10
0.6201274803149606
20
1.81586
11
0.6200216535433071
21
1.8158525196850392
0
LINE
8
BLACK
6
CONTINUOUS
10
0.6200216535433071
20
1.8158525196850392
11
0.6199236614173228
21
1.8158118897637794
0
LINE
8
BLACK
6
CONTINUOUS
10
0.6199236614173228
20
1.8158118897637794
11
0.6193475984251968
21
1.815755157480315
0
LINE
8
BLACK
6
CONTINUOUS
10
0.6193475984251968
20
1.815755157480315
11
0.609973779527559
21
1.815755157480315
0
LINE
8
BLACK
6
CONTINUOUS
10
0.609973779527559
20
1.815755157480315
11
0.6093977165354331
21
1.8158118897637794
0
LINE
8
BLACK
6
CONTINUOUS
10
0.6093977165354331
20
1.8158118897637794
11
0.6092997244094488
21
1.8158524803149605
0
LINE
8
BLACK
6
CONTINUOUS
10
0.6092997244094488
20
1.8158524803149605
11
0.6091938582677165
21
1.81586
0
LINE
8
BLACK
6
CONTINUOUS
10
0.6091938582677165
20
1.81586
11
0.6086532677165354
21
1.8160668897637795
0
LINE
8
BLACK
6
CONTINUOUS
10
0.6086532677165354
20
1.8160668897637795
11
0.6049037401574803
21
1.8179416535433071
0
LINE
8
BLACK
6
CONTINUOUS
10
0.6049037401574803
20
1.8179416535433071
11
0.6048073622047244
21
1.8180023228346456
0
LINE
8
BLACK
6
CONTINUOUS
10
0.6048073622047244
20
1.8180023228346456
11
0.604761968503937
21
1.8180174409448819
0
LINE
8
BLACK
6
CONTINUOUS
10
0.604761968503937
20
1.8180174409448819
11
0.6047053937007874
21
1.818066496062992
0
LINE
8
BLACK
6
CONTINUOUS
10
0.6047053937007874
20
1.818066496062992
11
0.6044138582677165
21
1.8182499999999999
0
LINE
8
BLACK
6
CONTINUOUS
10
0.6044138582677165
20
1.8182499999999999
11
0.6041711811023622
21
1.818529842519685
0
LINE
8
BLACK
6
CONTINUOUS
10
0.6041711811023622
20
1.818529842519685
11
0.6038915748031496
21
1.8187723228346457
0
LINE
8
BLACK
6
CONTINUOUS
10
0.6038915748031496
20
1.8187723228346457
11
0.6037080708661418
21
1.8190638188976378
0
LINE
8
BLACK
6
CONTINUOUS
10
0.6037080708661418
20
1.8190638188976378
11
0.6036590157480315
21
1.8191203937007874
0
LINE
8
BLACK
6
CONTINUOUS
10
0.6036590157480315
20
1.8191203937007874
11
0.6036438582677165
21
1.8191658661417323
0
LINE
8
BLACK
6
CONTINUOUS
10
0.6036438582677165
20
1.8191658661417323
11
0.6035832283464567
21
1.8192621653543306
0
LINE
8
BLACK
6
CONTINUOUS
10
0.6035832283464567
20
1.8192621653543306
11
0.6017084645669292
21
1.8230117322834645
0
LINE
8
BLACK
6
CONTINUOUS
10
0.6017084645669292
20
1.8230117322834645
11
0.6015015748031496
21
1.8235523622047243
0
LINE
8
BLACK
6
CONTINUOUS
10
0.6015015748031496
20
1.8235523622047243
11
0.6014940551181103
21
1.8236581889763779
0
LINE
8
BLACK
6
CONTINUOUS
10
0.6014940551181103
20
1.8236581889763779
11
0.6014534645669292
21
1.8237561811023622
0
LINE
8
BLACK
6
CONTINUOUS
10
0.6014534645669292
20
1.8237561811023622
11
0.6013967322834646
21
1.8243322440944882
0
LINE
8
BLACK
6
CONTINUOUS
10
0.6013967322834646
20
1.8243322440944882
11
0.6013967322834646
21
1.8280817716535434
0
LINE
8
BLACK
6
CONTINUOUS
10
0.6013967322834646
20
1.8280817716535434
11
0.6014534645669292
21
1.8286578346456692
0
LINE
8
BLACK
6
CONTINUOUS
10
0.6014534645669292
20
1.8286578346456692
11
0.6014940551181103
21
1.8287558661417322
0
LINE
8
BLACK
6
CONTINUOUS
10
0.6014940551181103
20
1.8287558661417322
11
0.6015015748031496
21
1.8288616535433071
0
LINE
8
BLACK
6
CONTINUOUS
10
0.6015015748031496
20
1.8288616535433071
11
0.6017084645669292
21
1.8294022834645669
0
LINE
8
BLACK
6
CONTINUOUS
10
0.6017084645669292
20
1.8294022834645669
11
0.6035832283464567
21
1.833151811023622
0
LINE
8
BLACK
6
CONTINUOUS
10
0.6035832283464567
20
1.833151811023622
11
0.6036438582677165
21
1.8332481889763779
0
LINE
8
BLACK
6
CONTINUOUS
10
0.6036438582677165
20
1.8332481889763779
11
0.6036590157480315
21
1.8332935826771652
0
LINE
8
BLACK
6
CONTINUOUS
10
0.6036590157480315
20
1.8332935826771652
11
0.603708031496063
21
1.8333501574803148
0
LINE
8
BLACK
6
CONTINUOUS
10
0.603708031496063
20
1.8333501574803148
11
0.6038915748031496
21
1.8336416929133859
0
LINE
8
BLACK
6
CONTINUOUS
10
0.6038915748031496
20
1.8336416929133859
11
0.6041712598425196
21
1.8338842913385827
0
LINE
8
BLACK
6
CONTINUOUS
10
0.6041712598425196
20
1.8338842913385827
11
0.6044138582677165
21
1.8341639763779527
0
LINE
8
BLACK
6
CONTINUOUS
10
0.6044138582677165
20
1.8341639763779527
11
0.6047053937007874
21
1.8343475196850394
0
LINE
8
BLACK
6
CONTINUOUS
10
0.6047053937007874
20
1.8343475196850394
11
0.604761968503937
21
1.8343965354330709
0
LINE
8
BLACK
6
CONTINUOUS
10
0.604761968503937
20
1.8343965354330709
11
0.6048073622047244
21
1.8344116929133858
0
LINE
8
BLACK
6
CONTINUOUS
10
0.6048073622047244
20
1.8344116929133858
11
0.6049037401574803
21
1.8344723228346456
0
LINE
8
BLACK
6
CONTINUOUS
10
0.6049037401574803
20
1.8344723228346456
11
0.6086532677165354
21
1.8363470866141731
0
LINE
8
BLACK
6
CONTINUOUS
10
0.6086532677165354
20
1.8363470866141731
11
0.6091938582677165
21
1.8365539763779528
0
LINE
8
BLACK
6
CONTINUOUS
10
0.6091938582677165
20
1.8365539763779528
11
0.6092997244094488
21
1.8365615354330709
0
LINE
8
BLACK
6
CONTINUOUS
10
0.6092997244094488
20
1.8365615354330709
11
0.6093977165354331
21
1.8366020866141732
0
LINE
8
BLACK
6
CONTINUOUS
10
0.6093977165354331
20
1.8366020866141732
11
0.609973779527559
21
1.8366588188976378
0
LINE
8
BLACK
6
CONTINUOUS
10
0.609973779527559
20
1.8366588188976378
11
0.6186505511811023
21
1.8366588188976378
0
LINE
8
BLACK
6
CONTINUOUS
10
0.6186505511811023
20
1.8366588188976378
11
0.6201443700787401
21
1.837405748031496
0
LINE
8
BLACK
6
CONTINUOUS
10
0.6201443700787401
20
1.837405748031496
11
0.6201443700787401
21
1.8386333070866141
0
LINE
8
BLACK
6
CONTINUOUS
10
0.6201443700787401
20
1.8386333070866141
11
0.6190214960629921
21
1.8408790551181102
0
LINE
8
BLACK
6
CONTINUOUS
10
0.6190214960629921
20
1.8408790551181102
11
0.6167757874015748
21
1.8420018897637795
0
LINE
8
BLACK
6
CONTINUOUS
10
0.6167757874015748
20
1.8420018897637795
11
0.6106708267716535
21
1.8420018897637795
0
LINE
8
BLACK
6
CONTINUOUS
10
0.6106708267716535
20
1.8420018897637795
11
0.6075447637795276
21
1.8404388582677165
0
LINE
8
BLACK
6
CONTINUOUS
10
0.6075447637795276
20
1.8404388582677165
11
0.6070041338582677
21
1.840231968503937
0
LINE
8
BLACK
6
CONTINUOUS
10
0.6070041338582677
20
1.840231968503937
11
0.6058549212598425
21
1.84015031496063
0
LINE
8
BLACK
6
CONTINUOUS
10
0.6058549212598425
20
1.84015031496063
11
0.604761968503937
21
1.8405146456692913
0
LINE
8
BLACK
6
CONTINUOUS
10
0.604761968503937
20
1.8405146456692913
11
0.6038915748031496
21
1.8412694881889764
0
LINE
8
BLACK
6
CONTINUOUS
10
0.6038915748031496
20
1.8412694881889764
11
0.6033763385826771
21
1.8423
0
LINE
8
BLACK
6
CONTINUOUS
10
0.6033763385826771
20
1.8423
11
0.6032946850393701
21
1.8434492125984252
0
LINE
8
BLACK
6
CONTINUOUS
10
0.6032946850393701
20
1.8434492125984252
11
0.6036590157480315
21
1.8445421653543306
0
LINE
8
BLACK
6
CONTINUOUS
10
0.6036590157480315
20
1.8445421653543306
11
0.6044138582677165
21
1.845412559055118
0
LINE
8
BLACK
6
CONTINUOUS
10
0.6044138582677165
20
1.845412559055118
11
0.6049037401574803
21
1.8457209055118109
0
LINE
8
BLACK
6
CONTINUOUS
10
0.6049037401574803
20
1.8457209055118109
11
0.6086532677165354
21
1.8475956692913384
0
LINE
8
BLACK
6
CONTINUOUS
10
0.6086532677165354
20
1.8475956692913384
11
0.6091938582677165
21
1.8478025590551181
0
LINE
8
BLACK
6
CONTINUOUS
10
0.6091938582677165
20
1.8478025590551181
11
0.6092997244094488
21
1.8478101181102362
0
LINE
8
BLACK
6
CONTINUOUS
10
0.6092997244094488
20
1.8478101181102362
11
0.6093977165354331
21
1.8478506692913386
0
LINE
8
BLACK
6
CONTINUOUS
10
0.6093977165354331
20
1.8478506692913386
11
0.609973779527559
21
1.8479074015748032
0
LINE
8
BLACK
6
CONTINUOUS
10
0.609973779527559
20
1.8479074015748032
11
0.6174728346456693
21
1.8479074015748032
0
LINE
8
BLACK
6
CONTINUOUS
10
0.6174728346456693
20
1.8479074015748032
11
0.6180488976377952
21
1.8478506692913386
0
LINE
8
BLACK
6
CONTINUOUS
10
0.6201274803149606
20
1.8308581496062992
11
0.6200216535433071
21
1.8308506692913384
0
LINE
8
BLACK
6
CONTINUOUS
10
0.6200216535433071
20
1.8308506692913384
11
0.6199236614173228
21
1.8308100393700788
0
LINE
8
BLACK
6
CONTINUOUS
10
0.6199236614173228
20
1.8308100393700788
11
0.6193475984251968
21
1.8307533070866142
0
LINE
8
BLACK
6
CONTINUOUS
10
0.6193475984251968
20
1.8307533070866142
11
0.6106708267716535
21
1.8307533070866142
0
LINE
8
BLACK
6
CONTINUOUS
10
0.6106708267716535
20
1.8307533070866142
11
0.6084250787401575
21
1.8296304724409449
0
LINE
8
BLACK
6
CONTINUOUS
10
0.6084250787401575
20
1.8296304724409449
11
0.6073022440944882
21
1.8273847244094488
0
LINE
8
BLACK
6
CONTINUOUS
10
0.6073022440944882
20
1.8273847244094488
11
0.6073022440944882
21
1.8250292913385826
0
LINE
8
BLACK
6
CONTINUOUS
10
0.6073022440944882
20
1.8250292913385826
11
0.6084250787401575
21
1.8227835433070865
0
LINE
8
BLACK
6
CONTINUOUS
10
0.6084250787401575
20
1.8227835433070865
11
0.6106708267716535
21
1.8216606692913386
0
LINE
8
BLACK
6
CONTINUOUS
10
0.6106708267716535
20
1.8216606692913386
11
0.6186505511811023
21
1.8216606692913386
0
LINE
8
BLACK
6
CONTINUOUS
10
0.6186505511811023
20
1.8216606692913386
11
0.6201443700787401
21
1.8224075984251968
0
LINE
8
BLACK
6
CONTINUOUS
10
0.6201443700787401
20
1.8224075984251968
11
0.6201443700787401
21
1.8308646456692912
0
LINE
8
BLACK
6
CONTINUOUS
10
0.6201443700787401
20
1.8308646456692912
11
0.6201274803149606
21
1.8308581496062992
0
LINE
8
BLACK
6
CONTINUOUS
10
0.6603581496062992
20
1.8605331102362204
11
0.6611727952755906
21
1.8597184645669291
0
LINE
8
BLACK
6
CONTINUOUS
10
0.6611727952755906
20
1.8597184645669291
11
0.6616137007874016
21
1.8586540551181101
0
LINE
8
BLACK
6
CONTINUOUS
10
0.6616137007874016
20
1.8586540551181101
11
0.6616704330708661
21
1.8580779921259842
0
LINE
8
BLACK
6
CONTINUOUS
10
0.6616704330708661
20
1.8580779921259842
11
0.6616704330708661
21
1.8187079133858268
0
LINE
8
BLACK
6
CONTINUOUS
10
0.6616704330708661
20
1.8187079133858268
11
0.6616137007874016
21
1.8181318503937007
0
LINE
8
BLACK
6
CONTINUOUS
10
0.6616137007874016
20
1.8181318503937007
11
0.6611727952755906
21
1.8170674409448819
0
LINE
8
BLACK
6
CONTINUOUS
10
0.6611727952755906
20
1.8170674409448819
11
0.6603581496062992
21
1.8162527952755905
0
LINE
8
BLACK
6
CONTINUOUS
10
0.6603581496062992
20
1.8162527952755905
11
0.6592937401574803
21
1.8158118897637794
0
LINE
8
BLACK
6
CONTINUOUS
10
0.6592937401574803
20
1.8158118897637794
11
0.6581416141732284
21
1.8158118897637794
0
LINE
8
BLACK
6
CONTINUOUS
10
0.6581416141732284
20
1.8158118897637794
11
0.6570772047244094
21
1.8162527952755905
0
LINE
8
BLACK
6
CONTINUOUS
10
0.6570772047244094
20
1.8162527952755905
11
0.6569382677165354
21
1.8163917322834646
0
LINE
8
BLACK
6
CONTINUOUS
10
0.6569382677165354
20
1.8163917322834646
11
0.6562886614173228
21
1.8160668897637795
0
LINE
8
BLACK
6
CONTINUOUS
10
0.6562886614173228
20
1.8160668897637795
11
0.655748031496063
21
1.81586
0
LINE
8
BLACK
6
CONTINUOUS
10
0.655748031496063
20
1.81586
11
0.6556422047244095
21
1.8158525196850392
0
LINE
8
BLACK
6
CONTINUOUS
10
0.6556422047244095
20
1.8158525196850392
11
0.6555442125984252
21
1.8158118897637794
0
LINE
8
BLACK
6
CONTINUOUS
10
0.6555442125984252
20
1.8158118897637794
11
0.6549681496062992
21
1.815755157480315
0
LINE
8
BLACK
6
CONTINUOUS
10
0.6549681496062992
20
1.815755157480315
11
0.647469094488189
21
1.815755157480315
0
LINE
8
BLACK
6
CONTINUOUS
10
0.647469094488189
20
1.815755157480315
11
0.646893031496063
21
1.8158118897637794
0
LINE
8
BLACK
6
CONTINUOUS
10
0.646893031496063
20
1.8158118897637794
11
0.6467950393700788
21
1.8158524803149605
0
LINE
8
BLACK
6
CONTINUOUS
10
0.6467950393700788
20
1.8158524803149605
11
0.6466891732283464
21
1.81586
0
LINE
8
BLACK
6
CONTINUOUS
10
0.6466891732283464
20
1.81586
11
0.6461485826771654
21
1.8160668897637795
0
LINE
8
BLACK
6
CONTINUOUS
10
0.6461485826771654
20
1.8160668897637795
11
0.6423990551181102
21
1.8179416535433071
0
LINE
8
BLACK
6
CONTINUOUS
10
0.6423990551181102
20
1.8179416535433071
11
0.6421510236220472
21
1.8180977559055118
0
LINE
8
BLACK
6
CONTINUOUS
10
0.6421510236220472
20
1.8180977559055118
11
0.642079094488189
21
1.818127559055118
0
LINE
8
BLACK
6
CONTINUOUS
10
0.642079094488189
20
1.818127559055118
11
0.6419981102362204
21
1.8181940157480314
0
LINE
8
BLACK
6
CONTINUOUS
10
0.6419981102362204
20
1.8181940157480314
11
0.6419091732283464
21
1.8182499999999999
0
LINE
8
BLACK
6
CONTINUOUS
10
0.6419091732283464
20
1.8182499999999999
11
0.6418579527559055
21
1.8183090551181103
0
LINE
8
BLACK
6
CONTINUOUS
10
0.6418579527559055
20
1.8183090551181103
11
0.6416316141732283
21
1.8184948031496062
0
LINE
8
BLACK
6
CONTINUOUS
10
0.6416316141732283
20
1.8184948031496062
11
0.6397568503937008
21
1.8203696062992125
0
LINE
8
BLACK
6
CONTINUOUS
10
0.6397568503937008
20
1.8203696062992125
11
0.6395711023622047
21
1.8205959448818898
0
LINE
8
BLACK
6
CONTINUOUS
10
0.6395711023622047
20
1.8205959448818898
11
0.639512125984252
21
1.8206470866141733
0
LINE
8
BLACK
6
CONTINUOUS
10
0.639512125984252
20
1.8206470866141733
11
0.6394561417322835
21
1.8207360236220471
0
LINE
8
BLACK
6
CONTINUOUS
10
0.6394561417322835
20
1.8207360236220471
11
0.6393896456692914
21
1.8208170472440945
0
LINE
8
BLACK
6
CONTINUOUS
10
0.6393896456692914
20
1.8208170472440945
11
0.6393598031496063
21
1.820889094488189
0
LINE
8
BLACK
6
CONTINUOUS
10
0.6393598031496063
20
1.820889094488189
11
0.639203779527559
21
1.8211369685039369
0
LINE
8
BLACK
6
CONTINUOUS
10
0.639203779527559
20
1.8211369685039369
11
0.6373290157480315
21
1.824886496062992
0
LINE
8
BLACK
6
CONTINUOUS
10
0.6373290157480315
20
1.824886496062992
11
0.637122125984252
21
1.8254271259842518
0
LINE
8
BLACK
6
CONTINUOUS
10
0.637122125984252
20
1.8254271259842518
11
0.6371146062992126
21
1.8255329527559054
0
LINE
8
BLACK
6
CONTINUOUS
10
0.6371146062992126
20
1.8255329527559054
11
0.6370740157480315
21
1.8256309448818897
0
LINE
8
BLACK
6
CONTINUOUS
10
0.6370740157480315
20
1.8256309448818897
11
0.6370172834645669
21
1.8262070078740158
0
LINE
8
BLACK
6
CONTINUOUS
10
0.6370172834645669
20
1.8262070078740158
11
0.6370172834645669
21
1.8374555905511811
0
LINE
8
BLACK
6
CONTINUOUS
10
0.6370172834645669
20
1.8374555905511811
11
0.6370740157480315
21
1.838031653543307
0
LINE
8
BLACK
6
CONTINUOUS
10
0.6370740157480315
20
1.838031653543307
11
0.6371146062992126
21
1.83812968503937
0
LINE
8
BLACK
6
CONTINUOUS
10
0.6371146062992126
20
1.83812968503937
11
0.637122125984252
21
1.8382354724409449
0
LINE
8
BLACK
6
CONTINUOUS
10
0.637122125984252
20
1.8382354724409449
11
0.6373290157480315
21
1.8387761023622047
0
LINE
8
BLACK
6
CONTINUOUS
10
0.6373290157480315
20
1.8387761023622047
11
0.639203779527559
21
1.8425256299212598
0
LINE
8
BLACK
6
CONTINUOUS
10
0.639203779527559
20
1.8425256299212598
11
0.639359842519685
21
1.8427736614173227
0
LINE
8
BLACK
6
CONTINUOUS
10
0.639359842519685
20
1.8427736614173227
11
0.6393896850393701
21
1.8428455905511811
0
LINE
8
BLACK
6
CONTINUOUS
10
0.6393896850393701
20
1.8428455905511811
11
0.6394561417322835
21
1.8429265748031496
0
LINE
8
BLACK
6
CONTINUOUS
10
0.6394561417322835
20
1.8429265748031496
11
0.639512125984252
21
1.8430155118110236
0
LINE
8
BLACK
6
CONTINUOUS
10
0.639512125984252
20
1.8430155118110236
11
0.6395711023622047
21
1.8430666929133859
0
LINE
8
BLACK
6
CONTINUOUS
10
0.6395711023622047
20
1.8430666929133859
11
0.6397568897637795
21
1.8432930314960629
0
LINE
8
BLACK
6
CONTINUOUS
10
0.6397568897637795
20
1.8432930314960629
11
0.6416316535433071
21
1.8451677952755905
0
LINE
8
BLACK
6
CONTINUOUS
10
0.6416316535433071
20
1.8451677952755905
11
0.6418579921259843
21
1.8453535826771652
0
LINE
8
BLACK
6
CONTINUOUS
10
0.6418579921259843
20
1.8453535826771652
11
0.6419091732283464
21
1.845412559055118
0
LINE
8
BLACK
6
CONTINUOUS
10
0.6419091732283464
20
1.845412559055118
11
0.6419981102362204
21
1.8454685433070865
0
LINE
8
BLACK
6
CONTINUOUS
10
0.6419981102362204
20
1.8454685433070865
11
0.642079094488189
21
1.8455349999999999
0
LINE
8
BLACK
6
CONTINUOUS
10
0.642079094488189
20
1.8455349999999999
11
0.6421510236220472
21
1.8455648425196849
0
LINE
8
BLACK
6
CONTINUOUS
10
0.6421510236220472
20
1.8455648425196849
11
0.6423990551181102
21
1.8457209055118109
0
LINE
8
BLACK
6
CONTINUOUS
10
0.6423990551181102
20
1.8457209055118109
11
0.6461485826771654
21
1.8475956692913384
0
LINE
8
BLACK
6
CONTINUOUS
10
0.6461485826771654
20
1.8475956692913384
11
0.6466891732283464
21
1.8478025590551181
0
LINE
8
BLACK
6
CONTINUOUS
10
0.6466891732283464
20
1.8478025590551181
11
0.6467950393700788
21
1.8478101181102362
0
LINE
8
BLACK
6
CONTINUOUS
10
0.6467950393700788
20
1.8478101181102362
11
0.646893031496063
21
1.8478506692913386
0
LINE
8
BLACK
6
CONTINUOUS
10
0.646893031496063
20
1.8478506692913386
11
0.647469094488189
21
1.8479074015748032
0
LINE
8
BLACK
6
CONTINUOUS
10
0.647469094488189
20
1.8479074015748032
11
0.6549681496062992
21
1.8479074015748032
0
LINE
8
BLACK
6
CONTINUOUS
10
0.6549681496062992
20
1.8479074015748032
11
0.6555442125984252
21
1.8478506692913386
0
LINE
8
BLACK
6
CONTINUOUS
10
0.6555442125984252
20
1.8478506692913386
11
0.6556422047244095
21
1.8478100787401575
0
LINE
8
BLACK
6
CONTINUOUS
10
0.6556422047244095
20
1.8478100787401575
11
0.655748031496063
21
1.8478025590551181
0
LINE
8
BLACK
6
CONTINUOUS
10
0.655748031496063
20
1.8478025590551181
11
0.6557649212598425
21
1.8477961023622047
0
LINE
8
BLACK
6
CONTINUOUS
10
0.6557649212598425
20
1.8477961023622047
11
0.6557649212598425
21
1.8580779921259842
0
LINE
8
BLACK
6
CONTINUOUS
10
0.6557649212598425
20
1.8580779921259842
11
0.6558216535433071
21
1.8586540551181101
0
LINE
8
BLACK
6
CONTINUOUS
10
0.6558216535433071
20
1.8586540551181101
11
0.6562625590551181
21
1.8597184645669291
0
LINE
8
BLACK
6
CONTINUOUS
10
0.6562625590551181
20
1.8597184645669291
11
0.6570772047244094
21
1.8605331102362204
0
LINE
8
BLACK
6
CONTINUOUS
10
0.6570772047244094
20
1.8605331102362204
11
0.6581416141732284
21
1.8609740157480315
0
LINE
8
BLACK
6
CONTINUOUS
10
0.6581416141732284
20
1.8609740157480315
11
0.6592937401574803
21
1.8609740157480315
0
LINE
8
BLACK
6
CONTINUOUS
10
0.6592937401574803
20
1.8609740157480315
11
0.6603581496062992
21
1.8605331102362204
0
LINE
8
BLACK
6
CONTINUOUS
10
0.6454686614173228
20
1.8406531496062992
11
0.6442715354330708
21
1.8394560236220472
0
LINE
8
BLACK
6
CONTINUOUS
10
0.6442715354330708
20
1.8394560236220472
11
0.6429227952755905
21
1.8367585433070865
0
LINE
8
BLACK
6
CONTINUOUS
10
0.6429227952755905
20
1.8367585433070865
11
0.6429227952755905
21
1.8269040551181102
0
LINE
8
BLACK
6
CONTINUOUS
10
0.6429227952755905
20
1.8269040551181102
11
0.6442715354330708
21
1.8242065748031495
0
LINE
8
BLACK
6
CONTINUOUS
10
0.6442715354330708
20
1.8242065748031495
11
0.6454686614173228
21
1.823009409448819
0
LINE
8
BLACK
6
CONTINUOUS
10
0.6454686614173228
20
1.823009409448819
11
0.6481661417322835
21
1.8216606692913386
0
LINE
8
BLACK
6
CONTINUOUS
10
0.6481661417322835
20
1.8216606692913386
11
0.6542711023622048
21
1.8216606692913386
0
LINE
8
BLACK
6
CONTINUOUS
10
0.6542711023622048
20
1.8216606692913386
11
0.6557649212598425
21
1.8224075984251968
0
LINE
8
BLACK
6
CONTINUOUS
10
0.6557649212598425
20
1.8224075984251968
11
0.6557649212598425
21
1.8412549999999999
0
LINE
8
BLACK
6
CONTINUOUS
10
0.6557649212598425
20
1.8412549999999999
11
0.6542711023622048
21
1.8420018897637795
0
LINE
8
BLACK
6
CONTINUOUS
10
0.6542711023622048
20
1.8420018897637795
11
0.6481661417322835
21
1.8420018897637795
0
LINE
8
BLACK
6
CONTINUOUS
10
0.6481661417322835
20
1.8420018897637795
11
0.6454686614173228
21
1.8406531496062992
0
LINE
8
BLACK
6
CONTINUOUS
10
2.1981013385826773
20
1.8478506692913386
11
2.1981993307086616
21
1.8478100787401575
0
LINE
8
BLACK
6
CONTINUOUS
10
2.1981993307086616
20
1.8478100787401575
11
2.198305157480315
21
1.8478025590551181
0
LINE
8
BLACK
6
CONTINUOUS
10
2.198305157480315
20
1.8478025590551181
11
2.1988457874015745
21
1.8475956692913384
0
LINE
8
BLACK
6
CONTINUOUS
10
2.1988457874015745
20
1.8475956692913384
11
2.2025953149606297
21
1.8457209055118109
0
LINE
8
BLACK
6
CONTINUOUS
10
2.2025953149606297
20
1.8457209055118109
11
2.202843307086614
21
1.8455648425196849
0
LINE
8
BLACK
6
CONTINUOUS
10
2.202843307086614
20
1.8455648425196849
11
2.2029152755905512
21
1.8455349999999999
0
LINE
8
BLACK
6
CONTINUOUS
10
2.2029152755905512
20
1.8455349999999999
11
2.2029962204724409
21
1.8454685433070865
0
LINE
8
BLACK
6
CONTINUOUS
10
2.2029962204724409
20
1.8454685433070865
11
2.2030851968503935
21
1.845412559055118
0
LINE
8
BLACK
6
CONTINUOUS
10
2.2030851968503935
20
1.845412559055118
11
2.2031363385826772
21
1.8453535826771652
0
LINE
8
BLACK
6
CONTINUOUS
10
2.2031363385826772
20
1.8453535826771652
11
2.203362716535433
21
1.8451677952755905
0
LINE
8
BLACK
6
CONTINUOUS
10
2.203362716535433
20
1.8451677952755905
11
2.2052374803149606
21
1.8432930314960629
0
LINE
8
BLACK
6
CONTINUOUS
10
2.2052374803149606
20
1.8432930314960629
11
2.2054232283464565
21
1.8430666929133859
0
LINE
8
BLACK
6
CONTINUOUS
10
2.2054232283464565
20
1.8430666929133859
11
2.2054822440944881
21
1.8430155118110236
0
LINE
8
BLACK
6
CONTINUOUS
10
2.2054822440944881
20
1.8430155118110236
11
2.2055381889763779
21
1.8429265748031496
0
LINE
8
BLACK
6
CONTINUOUS
10
2.2055381889763779
20
1.8429265748031496
11
2.2056046850393702
21
1.8428455905511811
0
LINE
8
BLACK
6
CONTINUOUS
10
2.2056046850393702
20
1.8428455905511811
11
2.2056344881889762
21
1.8427736614173227
0
LINE
8
BLACK
6
CONTINUOUS
10
2.2056344881889762
20
1.8427736614173227
11
2.2057905905511812
21
1.8425256299212598
0
LINE
8
BLACK
6
CONTINUOUS
10
2.2057905905511812
20
1.8425256299212598
11
2.2076653543307088
21
1.8387761023622047
0
LINE
8
BLACK
6
CONTINUOUS
10
2.2076653543307088
20
1.8387761023622047
11
2.2078722440944882
21
1.8382355118110236
0
LINE
8
BLACK
6
CONTINUOUS
10
2.2078722440944882
20
1.8382355118110236
11
2.2078797637795273
21
1.8381296456692913
0
LINE
8
BLACK
6
CONTINUOUS
10
2.2078797637795273
20
1.8381296456692913
11
2.2079203543307084
21
1.838031653543307
0
LINE
8
BLACK
6
CONTINUOUS
10
2.2079203543307084
20
1.838031653543307
11
2.2079770866141732
21
1.8374555905511811
0
LINE
8
BLACK
6
CONTINUOUS
10
2.2079770866141732
20
1.8374555905511811
11
2.2079770866141732
21
1.8262070078740158
0
LINE
8
BLACK
6
CONTINUOUS
10
2.2079770866141732
20
1.8262070078740158
11
2.2079203543307084
21
1.8256309448818897
0
LINE
8
BLACK
6
CONTINUOUS
10
2.2079203543307084
20
1.8256309448818897
11
2.2078797637795273
21
1.8255329921259842
0
LINE
8
BLACK
6
CONTINUOUS
10
2.2078797637795273
20
1.8255329921259842
11
2.2078722440944882
21
1.8254270866141731
0
LINE
8
BLACK
6
CONTINUOUS
10
2.2078722440944882
20
1.8254270866141731
11
2.2076653543307088
21
1.824886496062992
0
LINE
8
BLACK
6
CONTINUOUS
10
2.2076653543307088
20
1.824886496062992
11
2.2057905905511812
21
1.8211369685039369
0
LINE
8
BLACK
6
CONTINUOUS
10
2.2057905905511812
20
1.8211369685039369
11
2.205634527559055
21
1.820889094488189
0
LINE
8
BLACK
6
CONTINUOUS
10
2.205634527559055
20
1.820889094488189
11
2.2056047244094485
21
1.8208170472440945
0
LINE
8
BLACK
6
CONTINUOUS
10
2.2056047244094485
20
1.8208170472440945
11
2.2055381889763779
21
1.8207360236220471
0
LINE
8
BLACK
6
CONTINUOUS
10
2.2055381889763779
20
1.8207360236220471
11
2.2054822440944881
21
1.8206470866141733
0
LINE
8
BLACK
6
CONTINUOUS
10
2.2054822440944881
20
1.8206470866141733
11
2.2054232283464565
21
1.8205959448818898
0
LINE
8
BLACK
6
CONTINUOUS
10
2.2054232283464565
20
1.8205959448818898
11
2.2052374803149606
21
1.8203695669291338
0
LINE
8
BLACK
6
CONTINUOUS
10
2.2052374803149606
20
1.8203695669291338
11
2.2033627559055118
21
1.8184948031496062
0
LINE
8
BLACK
6
CONTINUOUS
10
2.2033627559055118
20
1.8184948031496062
11
2.203136377952756
21
1.8183090551181103
0
LINE
8
BLACK
6
CONTINUOUS
10
2.203136377952756
20
1.8183090551181103
11
2.2030851968503935
21
1.8182499999999999
0
LINE
8
BLACK
6
CONTINUOUS
10
2.2030851968503935
20
1.8182499999999999
11
2.2029962204724409
21
1.8181940157480314
0
LINE
8
BLACK
6
CONTINUOUS
10
2.2029962204724409
20
1.8181940157480314
11
2.2029152755905512
21
1.818127559055118
0
LINE
8
BLACK
6
CONTINUOUS
10
2.2029152755905512
20
1.818127559055118
11
2.202843307086614
21
1.8180977559055118
0
LINE
8
BLACK
6
CONTINUOUS
10
2.202843307086614
20
1.8180977559055118
11
2.2025953149606297
21
1.8179416535433071
0
LINE
8
BLACK
6
CONTINUOUS
10
2.2025953149606297
20
1.8179416535433071
11
2.1988457874015745
21
1.8160668897637795
0
LINE
8
BLACK
6
CONTINUOUS
10
2.1988457874015745
20
1.8160668897637795
11
2.198305157480315
21
1.81586
0
LINE
8
BLACK
6
CONTINUOUS
10
2.198305157480315
20
1.81586
11
2.1981993307086616
21
1.8158525196850392
0
LINE
8
BLACK
6
CONTINUOUS
10
2.1981993307086616
20
1.8158525196850392
11
2.1981013385826773
21
1.8158118897637794
0
LINE
8
BLACK
6
CONTINUOUS
10
2.1981013385826773
20
1.8158118897637794
11
2.197525275590551
21
1.815755157480315
0
LINE
8
BLACK
6
CONTINUOUS
10
2.197525275590551
20
1.815755157480315
11
2.1919009842519683
21
1.815755157480315
0
LINE
8
BLACK
6
CONTINUOUS
10
2.1919009842519683
20
1.815755157480315
11
2.1913249212598425
21
1.8158118897637794
0
LINE
8
BLACK
6
CONTINUOUS
10
2.1913249212598425
20
1.8158118897637794
11
2.1912269291338582
21
1.8158524803149605
0
LINE
8
BLACK
6
CONTINUOUS
10
2.1912269291338582
20
1.8158524803149605
11
2.1911210629921261
21
1.81586
0
LINE
8
BLACK
6
CONTINUOUS
10
2.1911210629921261
20
1.81586
11
2.1905804724409448
21
1.8160668897637795
0
LINE
8
BLACK
6
CONTINUOUS
10
2.1905804724409448
20
1.8160668897637795
11
2.1868309448818897
21
1.8179416535433071
0
LINE
8
BLACK
6
CONTINUOUS
10
2.1868309448818897
20
1.8179416535433071
11
2.1865829133858266
21
1.8180977559055118
0
LINE
8
BLACK
6
CONTINUOUS
10
2.1865829133858266
20
1.8180977559055118
11
2.1865109842519685
21
1.818127559055118
0
LINE
8
BLACK
6
CONTINUOUS
10
2.1865109842519685
20
1.818127559055118
11
2.1864300000000001
21
1.8181940157480314
0
LINE
8
BLACK
6
CONTINUOUS
10
2.1864300000000001
20
1.8181940157480314
11
2.1863410629921258
21
1.8182499999999999
0
LINE
8
BLACK
6
CONTINUOUS
10
2.1863410629921258
20
1.8182499999999999
11
2.1862898425196851
21
1.8183090551181103
0
LINE
8
BLACK
6
CONTINUOUS
10
2.1862898425196851
20
1.8183090551181103
11
2.186063503937008
21
1.8184948031496062
0
LINE
8
BLACK
6
CONTINUOUS
10
2.186063503937008
20
1.8184948031496062
11
2.1841887401574804
21
1.8203696062992125
0
LINE
8
BLACK
6
CONTINUOUS
10
2.1841887401574804
20
1.8203696062992125
11
2.184002992125984
21
1.8205959448818898
0
LINE
8
BLACK
6
CONTINUOUS
10
2.184002992125984
20
1.8205959448818898
11
2.1839440157480317
21
1.8206470866141733
0
LINE
8
BLACK
6
CONTINUOUS
10
2.1839440157480317
20
1.8206470866141733
11
2.1838880314960631
21
1.8207360236220471
0
LINE
8
BLACK
6
CONTINUOUS
10
2.1838880314960631
20
1.8207360236220471
11
2.1838215354330708
21
1.8208170472440945
0
LINE
8
BLACK
6
CONTINUOUS
10
2.1838215354330708
20
1.8208170472440945
11
2.1837916929133856
21
1.820889094488189
0
LINE
8
BLACK
6
CONTINUOUS
10
2.1837916929133856
20
1.820889094488189
11
2.1836356692913386
21
1.8211369685039369
0
LINE
8
BLACK
6
CONTINUOUS
10
2.1836356692913386
20
1.8211369685039369
11
2.181760905511811
21
1.824886496062992
0
LINE
8
BLACK
6
CONTINUOUS
10
2.181760905511811
20
1.824886496062992
11
2.1815540157480315
21
1.8254271259842518
0
LINE
8
BLACK
6
CONTINUOUS
10
2.1815540157480315
20
1.8254271259842518
11
2.181546496062992
21
1.8255329527559054
0
LINE
8
BLACK
6
CONTINUOUS
10
2.181546496062992
20
1.8255329527559054
11
2.1815059055118109
21
1.8256309448818897
0
LINE
8
BLACK
6
CONTINUOUS
10
2.1815059055118109
20
1.8256309448818897
11
2.1814491732283465
21
1.8262070078740158
0
LINE
8
BLACK
6
CONTINUOUS
10
2.1814491732283465
20
1.8262070078740158
11
2.1814491732283465
21
1.8374555905511811
0
LINE
8
BLACK
6
CONTINUOUS
10
2.1814491732283465
20
1.8374555905511811
11
2.1815059055118109
21
1.838031653543307
0
LINE
8
BLACK
6
CONTINUOUS
10
2.1815059055118109
20
1.838031653543307
11
2.181546496062992
21
1.83812968503937
0
LINE
8
BLACK
6
CONTINUOUS
10
2.181546496062992
20
1.83812968503937
11
2.1815540157480315
21
1.8382354724409449
0
LINE
8
BLACK
6
CONTINUOUS
10
2.1815540157480315
20
1.8382354724409449
11
2.181760905511811
21
1.8387761023622047
0
LINE
8
BLACK
6
CONTINUOUS
10
2.181760905511811
20
1.8387761023622047
11
2.1836356692913386
21
1.8425256299212598
0
LINE
8
BLACK
6
CONTINUOUS
10
2.1836356692913386
20
1.8425256299212598
11
2.1837917322834643
21
1.8427736614173227
0
LINE
8
BLACK
6
CONTINUOUS
10
2.1837917322834643
20
1.8427736614173227
11
2.1838215748031495
21
1.8428455905511811
0
LINE
8
BLACK
6
CONTINUOUS
10
2.1838215748031495
20
1.8428455905511811
11
2.1838880314960631
21
1.8429265748031496
0
LINE
8
BLACK
6
CONTINUOUS
10
2.1838880314960631
20
1.8429265748031496
11
2.1839440157480317
21
1.8430155118110236
0
LINE
8
BLACK
6
CONTINUOUS
10
2.1839440157480317
20
1.8430155118110236
11
2.184002992125984
21
1.8430666929133859
0
LINE
8
BLACK
6
CONTINUOUS
10
2.184002992125984
20
1.8430666929133859
11
2.1841887795275592
21
1.8432930314960629
0
LINE
8
BLACK
6
CONTINUOUS
10
2.1841887795275592
20
1.8432930314960629
11
2.1860635433070867
21
1.8451677952755905
0
LINE
8
BLACK
6
CONTINUOUS
10
2.1860635433070867
20
1.8451677952755905
11
2.1862898818897638
21
1.8453535826771652
0
LINE
8
BLACK
6
CONTINUOUS
10
2.1862898818897638
20
1.8453535826771652
11
2.1863410629921258
21
1.845412559055118
0
LINE
8
BLACK
6
CONTINUOUS
10
2.1863410629921258
20
1.845412559055118
11
2.1864300000000001
21
1.8454685433070865
0
LINE
8
BLACK
6
CONTINUOUS
10
2.1864300000000001
20
1.8454685433070865
11
2.1865109842519685
21
1.8455349999999999
0
LINE
8
BLACK
6
CONTINUOUS
10
2.1865109842519685
20
1.8455349999999999
11
2.1865829133858266
21
1.8455648425196849
0
LINE
8
BLACK
6
CONTINUOUS
10
2.1865829133858266
20
1.8455648425196849
11
2.1868309448818897
21
1.8457209055118109
0
LINE
8
BLACK
6
CONTINUOUS
10
2.1868309448818897
20
1.8457209055118109
11
2.1905804724409448
21
1.8475956692913384
0
LINE
8
BLACK
6
CONTINUOUS
10
2.1905804724409448
20
1.8475956692913384
11
2.1911210629921261
21
1.8478025590551181
0
LINE
8
BLACK
6
CONTINUOUS
10
2.1911210629921261
20
1.8478025590551181
11
2.1912269291338582
21
1.8478101181102362
0
LINE
8
BLACK
6
CONTINUOUS
10
2.1912269291338582
20
1.8478101181102362
11
2.1913249212598425
21
1.8478506692913386
0
LINE
8
BLACK
6
CONTINUOUS
10
2.1913249212598425
20
1.8478506692913386
11
2.1919009842519683
21
1.8479074015748032
0
LINE
8
BLACK
6
CONTINUOUS
10
2.1919009842519683
20
1.8479074015748032
11
2.197525275590551
21
1.8479074015748032
0
LINE
8
BLACK
6
CONTINUOUS
10
2.197525275590551
20
1.8479074015748032
11
2.1981013385826773
21
1.8478506692913386
0
LINE
8
BLACK
6
CONTINUOUS
10
2.1899005511811023
20
1.8406531496062992
11
2.1887034251968505
21
1.8394560236220472
0
LINE
8
BLACK
6
CONTINUOUS
10
2.1887034251968505
20
1.8394560236220472
11
2.1873546850393701
21
1.8367585433070865
0
LINE
8
BLACK
6
CONTINUOUS
10
2.1873546850393701
20
1.8367585433070865
11
2.1873546850393701
21
1.8269040551181102
0
LINE
8
BLACK
6
CONTINUOUS
10
2.1873546850393701
20
1.8269040551181102
11
2.1887034251968505
21
1.8242065748031495
0
LINE
8
BLACK
6
CONTINUOUS
10
2.1887034251968505
20
1.8242065748031495
11
2.1899005511811023
21
1.823009409448819
0
LINE
8
BLACK
6
CONTINUOUS
10
2.1899005511811023
20
1.823009409448819
11
2.1925980314960629
21
1.8216606692913386
0
LINE
8
BLACK
6
CONTINUOUS
10
2.1925980314960629
20
1.8216606692913386
11
2.1968282283464569
21
1.8216606692913386
0
LINE
8
BLACK
6
CONTINUOUS
10
2.1968282283464569
20
1.8216606692913386
11
2.1995256692913387
21
1.823009409448819
0
LINE
8
BLACK
6
CONTINUOUS
10
2.1995256692913387
20
1.823009409448819
11
2.2007227952755906
21
1.8242065748031495
0
LINE
8
BLACK
6
CONTINUOUS
10
2.2007227952755906
20
1.8242065748031495
11
2.2020715748031496
21
1.8269040551181102
0
LINE
8
BLACK
6
CONTINUOUS
10
2.2020715748031496
20
1.8269040551181102
11
2.2020715748031496
21
1.8367585433070865
0
LINE
8
BLACK
6
CONTINUOUS
10
2.2020715748031496
20
1.8367585433070865
11
2.2007228346456693
21
1.8394560236220472
0
LINE
8
BLACK
6
CONTINUOUS
10
2.2007228346456693
20
1.8394560236220472
11
2.1995257086614171
21
1.8406531496062992
0
LINE
8
BLACK
6
CONTINUOUS
10
2.1995257086614171
20
1.8406531496062992
11
2.1968282283464569
21
1.8420018897637795
0
LINE
8
BLACK
6
CONTINUOUS
10
2.1968282283464569
20
1.8420018897637795
11
2.1925980314960629
21
1.8420018897637795
0
LINE
8
BLACK
6
CONTINUOUS
10
2.1925980314960629
20
1.8420018897637795
11
2.1899005511811023
21
1.8406531496062992
0
LINE
8
BLACK
6
CONTINUOUS
10
2.2235377165354331
20
1.8474097637795275
11
2.2243523622047245
21
1.8465951181102362
0
LINE
8
BLACK
6
CONTINUOUS
10
2.2243523622047245
20
1.8465951181102362
11
2.2247932677165352
21
1.8455307086614172
0
LINE
8
BLACK
6
CONTINUOUS
10
2.2247932677165352
20
1.8455307086614172
11
2.22485
21
1.8449546456692913
0
LINE
8
BLACK
6
CONTINUOUS
10
2.22485
20
1.8449546456692913
11
2.22485
21
1.8250292913385826
0
LINE
8
BLACK
6
CONTINUOUS
10
2.22485
20
1.8250292913385826
11
2.2259728346456691
21
1.8227835433070865
0
LINE
8
BLACK
6
CONTINUOUS
10
2.2259728346456691
20
1.8227835433070865
11
2.2282185826771652
21
1.8216606692913386
0
LINE
8
BLACK
6
CONTINUOUS
10
2.2282185826771652
20
1.8216606692913386
11
2.2324487795275592
21
1.8216606692913386
0
LINE
8
BLACK
6
CONTINUOUS
10
2.2324487795275592
20
1.8216606692913386
11
2.235146220472441
21
1.823009409448819
0
LINE
8
BLACK
6
CONTINUOUS
10
2.235146220472441
20
1.823009409448819
11
2.2358173622047244
21
1.8236805511811023
0
LINE
8
BLACK
6
CONTINUOUS
10
2.2358173622047244
20
1.8236805511811023
11
2.2358173622047244
21
1.8449546456692913
0
LINE
8
BLACK
6
CONTINUOUS
10
2.2358173622047244
20
1.8449546456692913
11
2.2358740944881887
21
1.8455307086614172
0
LINE
8
BLACK
6
CONTINUOUS
10
2.2358740944881887
20
1.8455307086614172
11
2.2363149999999998
21
1.8465951181102362
0
LINE
8
BLACK
6
CONTINUOUS
10
2.2363149999999998
20
1.8465951181102362
11
2.2371296456692913
21
1.8474097637795275
0
LINE
8
BLACK
6
CONTINUOUS
10
2.2371296456692913
20
1.8474097637795275
11
2.2381940551181101
21
1.8478506692913386
0
LINE
8
BLACK
6
CONTINUOUS
10
2.2381940551181101
20
1.8478506692913386
11
2.2393461811023623
21
1.8478506692913386
0
LINE
8
BLACK
6
CONTINUOUS
10
2.2393461811023623
20
1.8478506692913386
11
2.2404105905511811
21
1.8474097637795275
0
LINE
8
BLACK
6
CONTINUOUS
10
2.2404105905511811
20
1.8474097637795275
11
2.2412252362204725
21
1.8465951181102362
0
LINE
8
BLACK
6
CONTINUOUS
10
2.2412252362204725
20
1.8465951181102362
11
2.2416661417322836
21
1.8455307086614172
0
LINE
8
BLACK
6
CONTINUOUS
10
2.2416661417322836
20
1.8455307086614172
11
2.241722874015748
21
1.8449546456692913
0
LINE
8
BLACK
6
CONTINUOUS
10
2.241722874015748
20
1.8449546456692913
11
2.241722874015748
21
1.8187079133858268
0
LINE
8
BLACK
6
CONTINUOUS
10
2.241722874015748
20
1.8187079133858268
11
2.2416661417322836
21
1.8181318503937007
0
LINE
8
BLACK
6
CONTINUOUS
10
2.2416661417322836
20
1.8181318503937007
11
2.2412252362204725
21
1.8170674409448819
0
LINE
8
BLACK
6
CONTINUOUS
10
2.2412252362204725
20
1.8170674409448819
11
2.2404105905511811
21
1.8162527952755905
0
LINE
8
BLACK
6
CONTINUOUS
10
2.2404105905511811
20
1.8162527952755905
11
2.2393461811023623
21
1.8158118897637794
0
LINE
8
BLACK
6
CONTINUOUS
10
2.2393461811023623
20
1.8158118897637794
11
2.2381940551181101
21
1.8158118897637794
0
LINE
8
BLACK
6
CONTINUOUS
10
2.2381940551181101
20
1.8158118897637794
11
2.2371296456692913
21
1.8162527952755905
0
LINE
8
BLACK
6
CONTINUOUS
10
2.2371296456692913
20
1.8162527952755905
11
2.2363657874015748
21
1.817016653543307
0
LINE
8
BLACK
6
CONTINUOUS
10
2.2363657874015748
20
1.817016653543307
11
2.2344663385826773
21
1.8160668897637795
0
LINE
8
BLACK
6
CONTINUOUS
10
2.2344663385826773
20
1.8160668897637795
11
2.2339257086614173
21
1.81586
0
LINE
8
BLACK
6
CONTINUOUS
10
2.2339257086614173
20
1.81586
11
2.2338198818897639
21
1.8158525196850392
0
LINE
8
BLACK
6
CONTINUOUS
10
2.2338198818897639
20
1.8158525196850392
11
2.2337218897637796
21
1.8158118897637794
0
LINE
8
BLACK
6
CONTINUOUS
10
2.2337218897637796
20
1.8158118897637794
11
2.2331458267716533
21
1.815755157480315
0
LINE
8
BLACK
6
CONTINUOUS
10
2.2331458267716533
20
1.815755157480315
11
2.2275215354330706
21
1.815755157480315
0
LINE
8
BLACK
6
CONTINUOUS
10
2.2275215354330706
20
1.815755157480315
11
2.2269454724409448
21
1.8158118897637794
0
LINE
8
BLACK
6
CONTINUOUS
10
2.2269454724409448
20
1.8158118897637794
11
2.2268474803149605
21
1.8158524803149605
0
LINE
8
BLACK
6
CONTINUOUS
10
2.2268474803149605
20
1.8158524803149605
11
2.2267416141732284
21
1.81586
0
LINE
8
BLACK
6
CONTINUOUS
10
2.2267416141732284
20
1.81586
11
2.2262010236220471
21
1.8160668897637795
0
LINE
8
BLACK
6
CONTINUOUS
10
2.2262010236220471
20
1.8160668897637795
11
2.222451496062992
21
1.8179416535433071
0
LINE
8
BLACK
6
CONTINUOUS
10
2.222451496062992
20
1.8179416535433071
11
2.2223551181102361
21
1.8180023228346456
0
LINE
8
BLACK
6
CONTINUOUS
10
2.2223551181102361
20
1.8180023228346456
11
2.222309724409449
21
1.8180174409448819
0
LINE
8
BLACK
6
CONTINUOUS
10
2.222309724409449
20
1.8180174409448819
11
2.2222531496062992
21
1.818066496062992
0
LINE
8
BLACK
6
CONTINUOUS
10
2.2222531496062992
20
1.818066496062992
11
2.2219616141732281
21
1.8182499999999999
0
LINE
8
BLACK
6
CONTINUOUS
10
2.2219616141732281
20
1.8182499999999999
11
2.221718937007874
21
1.818529842519685
0
LINE
8
BLACK
6
CONTINUOUS
10
2.221718937007874
20
1.818529842519685
11
2.2214393307086615
21
1.8187723228346457
0
LINE
8
BLACK
6
CONTINUOUS
10
2.2214393307086615
20
1.8187723228346457
11
2.2212558267716536
21
1.8190638188976378
0
LINE
8
BLACK
6
CONTINUOUS
10
2.2212558267716536
20
1.8190638188976378
11
2.2212067716535433
21
1.8191203937007874
0
LINE
8
BLACK
6
CONTINUOUS
10
2.2212067716535433
20
1.8191203937007874
11
2.2211916141732284
21
1.8191658661417323
0
LINE
8
BLACK
6
CONTINUOUS
10
2.2211916141732284
20
1.8191658661417323
11
2.2211309842519684
21
1.8192621653543306
0
LINE
8
BLACK
6
CONTINUOUS
10
2.2211309842519684
20
1.8192621653543306
11
2.2192562204724409
21
1.8230117322834645
0
LINE
8
BLACK
6
CONTINUOUS
10
2.2192562204724409
20
1.8230117322834645
11
2.2190493307086614
21
1.8235523622047243
0
LINE
8
BLACK
6
CONTINUOUS
10
2.2190493307086614
20
1.8235523622047243
11
2.2190418110236219
21
1.8236581889763779
0
LINE
8
BLACK
6
CONTINUOUS
10
2.2190418110236219
20
1.8236581889763779
11
2.2190012204724407
21
1.8237561811023622
0
LINE
8
BLACK
6
CONTINUOUS
10
2.2190012204724407
20
1.8237561811023622
11
2.2189444881889764
21
1.8243322440944882
0
LINE
8
BLACK
6
CONTINUOUS
10
2.2189444881889764
20
1.8243322440944882
11
2.2189444881889764
21
1.8449546456692913
0
LINE
8
BLACK
6
CONTINUOUS
10
2.2189444881889764
20
1.8449546456692913
11
2.2190012204724407
21
1.8455307086614172
0
LINE
8
BLACK
6
CONTINUOUS
10
2.2190012204724407
20
1.8455307086614172
11
2.2194421259842518
21
1.8465951181102362
0
LINE
8
BLACK
6
CONTINUOUS
10
2.2194421259842518
20
1.8465951181102362
11
2.2202567716535433
21
1.8474097637795275
0
LINE
8
BLACK
6
CONTINUOUS
10
2.2202567716535433
20
1.8474097637795275
11
2.2213211811023621
21
1.8478506692913386
0
LINE
8
BLACK
6
CONTINUOUS
10
2.2213211811023621
20
1.8478506692913386
11
2.2224733070866143
21
1.8478506692913386
0
LINE
8
BLACK
6
CONTINUOUS
10
2.2224733070866143
20
1.8478506692913386
11
2.2235377165354331
21
1.8474097637795275
0
LINE
8
BLACK
6
CONTINUOUS
10
2.2947788188976377
20
1.8605331102362204
11
2.2955934645669291
21
1.8597184645669291
0
LINE
8
BLACK
6
CONTINUOUS
10
2.2955934645669291
20
1.8597184645669291
11
2.2960343700787402
21
1.8586540551181101
0
LINE
8
BLACK
6
CONTINUOUS
10
2.2960343700787402
20
1.8586540551181101
11
2.2960911023622046
21
1.8580779921259842
0
LINE
8
BLACK
6
CONTINUOUS
10
2.2960911023622046
20
1.8580779921259842
11
2.2960911023622046
21
1.8479074015748032
0
LINE
8
BLACK
6
CONTINUOUS
10
2.2960911023622046
20
1.8479074015748032
11
2.3025121653543308
21
1.8479074015748032
0
LINE
8
BLACK
6
CONTINUOUS
10
2.3025121653543308
20
1.8479074015748032
11
2.3030882283464567
21
1.8478506692913386
0
LINE
8
BLACK
6
CONTINUOUS
10
2.3030882283464567
20
1.8478506692913386
11
2.3041526377952755
21
1.8474097637795275
0
LINE
8
BLACK
6
CONTINUOUS
10
2.3041526377952755
20
1.8474097637795275
11
2.3049672834645669
21
1.8465951181102362
0
LINE
8
BLACK
6
CONTINUOUS
10
2.3049672834645669
20
1.8465951181102362
11
2.305408188976378
21
1.8455307086614172
0
LINE
8
BLACK
6
CONTINUOUS
10
2.305408188976378
20
1.8455307086614172
11
2.305408188976378
21
1.8443785826771653
0
LINE
8
BLACK
6
CONTINUOUS
10
2.305408188976378
20
1.8443785826771653
11
2.3049672834645669
21
1.8433141732283465
0
LINE
8
BLACK
6
CONTINUOUS
10
2.3049672834645669
20
1.8433141732283465
11
2.3041526377952755
21
1.842499527559055
0
LINE
8
BLACK
6
CONTINUOUS
10
2.3041526377952755
20
1.842499527559055
11
2.3030882283464567
21
1.8420586220472441
0
LINE
8
BLACK
6
CONTINUOUS
10
2.3030882283464567
20
1.8420586220472441
11
2.3025121653543308
21
1.8420018897637795
0
LINE
8
BLACK
6
CONTINUOUS
10
2.3025121653543308
20
1.8420018897637795
11
2.2960911023622046
21
1.8420018897637795
0
LINE
8
BLACK
6
CONTINUOUS
10
2.2960911023622046
20
1.8420018897637795
11
2.2960911023622046
21
1.8250292913385826
0
LINE
8
BLACK
6
CONTINUOUS
10
2.2960911023622046
20
1.8250292913385826
11
2.2972139370078741
21
1.8227835433070865
0
LINE
8
BLACK
6
CONTINUOUS
10
2.2972139370078741
20
1.8227835433070865
11
2.2994596850393698
21
1.8216606692913386
0
LINE
8
BLACK
6
CONTINUOUS
10
2.2994596850393698
20
1.8216606692913386
11
2.3025121653543308
21
1.8216606692913386
0
LINE
8
BLACK
6
CONTINUOUS
10
2.3025121653543308
20
1.8216606692913386
11
2.3030882283464567
21
1.821603937007874
0
LINE
8
BLACK
6
CONTINUOUS
10
2.3030882283464567
20
1.821603937007874
11
2.3041526377952755
21
1.821163031496063
0
LINE
8
BLACK
6
CONTINUOUS
10
2.3041526377952755
20
1.821163031496063
11
2.3049672834645669
21
1.8203483858267717
0
LINE
8
BLACK
6
CONTINUOUS
10
2.3049672834645669
20
1.8203483858267717
11
2.305408188976378
21
1.8192839763779527
0
LINE
8
BLACK
6
CONTINUOUS
10
2.305408188976378
20
1.8192839763779527
11
2.305408188976378
21
1.8181318503937007
0
LINE
8
BLACK
6
CONTINUOUS
10
2.305408188976378
20
1.8181318503937007
11
2.3049672834645669
21
1.8170674409448819
0
LINE
8
BLACK
6
CONTINUOUS
10
2.3049672834645669
20
1.8170674409448819
11
2.3041526377952755
21
1.8162527952755905
0
LINE
8
BLACK
6
CONTINUOUS
10
2.3041526377952755
20
1.8162527952755905
11
2.3030882283464567
21
1.8158118897637794
0
LINE
8
BLACK
6
CONTINUOUS
10
2.3030882283464567
20
1.8158118897637794
11
2.3025121653543308
21
1.815755157480315
0
LINE
8
BLACK
6
CONTINUOUS
10
2.3025121653543308
20
1.815755157480315
11
2.2987626377952757
21
1.815755157480315
0
LINE
8
BLACK
6
CONTINUOUS
10
2.2987626377952757
20
1.815755157480315
11
2.2981865748031494
21
1.8158118897637794
0
LINE
8
BLACK
6
CONTINUOUS
10
2.2981865748031494
20
1.8158118897637794
11
2.2980885826771651
21
1.8158524803149605
0
LINE
8
BLACK
6
CONTINUOUS
10
2.2980885826771651
20
1.8158524803149605
11
2.297982716535433
21
1.81586
0
LINE
8
BLACK
6
CONTINUOUS
10
2.297982716535433
20
1.81586
11
2.2974421259842521
21
1.8160668897637795
0
LINE
8
BLACK
6
CONTINUOUS
10
2.2974421259842521
20
1.8160668897637795
11
2.293692598425197
21
1.8179416535433071
0
LINE
8
BLACK
6
CONTINUOUS
10
2.293692598425197
20
1.8179416535433071
11
2.2935962204724407
21
1.8180023228346456
0
LINE
8
BLACK
6
CONTINUOUS
10
2.2935962204724407
20
1.8180023228346456
11
2.2935508267716536
21
1.8180174409448819
0
LINE
8
BLACK
6
CONTINUOUS
10
2.2935508267716536
20
1.8180174409448819
11
2.2934942519685038
21
1.818066496062992
0
LINE
8
BLACK
6
CONTINUOUS
10
2.2934942519685038
20
1.818066496062992
11
2.2932027165354332
21
1.8182499999999999
0
LINE
8
BLACK
6
CONTINUOUS
10
2.2932027165354332
20
1.8182499999999999
11
2.2929600393700786
21
1.818529842519685
0
LINE
8
BLACK
6
CONTINUOUS
10
2.2929600393700786
20
1.818529842519685
11
2.2926804330708661
21
1.8187723228346457
0
LINE
8
BLACK
6
CONTINUOUS
10
2.2926804330708661
20
1.8187723228346457
11
2.2924969291338582
21
1.8190638188976378
0
LINE
8
BLACK
6
CONTINUOUS
10
2.2924969291338582
20
1.8190638188976378
11
2.2924478740157479
21
1.8191203937007874
0
LINE
8
BLACK
6
CONTINUOUS
10
2.2924478740157479
20
1.8191203937007874
11
2.292432716535433
21
1.8191658661417323
0
LINE
8
BLACK
6
CONTINUOUS
10
2.292432716535433
20
1.8191658661417323
11
2.292372086614173
21
1.8192621653543306
0
LINE
8
BLACK
6
CONTINUOUS
10
2.292372086614173
20
1.8192621653543306
11
2.2904973228346455
21
1.8230117322834645
0
LINE
8
BLACK
6
CONTINUOUS
10
2.2904973228346455
20
1.8230117322834645
11
2.290290433070866
21
1.8235523622047243
0
LINE
8
BLACK
6
CONTINUOUS
10
2.290290433070866
20
1.8235523622047243
11
2.2902829133858269
21
1.8236581889763779
0
LINE
8
BLACK
6
CONTINUOUS
10
2.2902829133858269
20
1.8236581889763779
11
2.2902423228346458
21
1.8237561811023622
0
LINE
8
BLACK
6
CONTINUOUS
10
2.2902423228346458
20
1.8237561811023622
11
2.290185590551181
21
1.8243322440944882
0
LINE
8
BLACK
6
CONTINUOUS
10
2.290185590551181
20
1.8243322440944882
11
2.290185590551181
21
1.8420018897637795
0
LINE
8
BLACK
6
CONTINUOUS
10
2.290185590551181
20
1.8420018897637795
11
2.2875140551181103
21
1.8420018897637795
0
LINE
8
BLACK
6
CONTINUOUS
10
2.2875140551181103
20
1.8420018897637795
11
2.286937992125984
21
1.8420586220472441
0
LINE
8
BLACK
6
CONTINUOUS
10
2.286937992125984
20
1.8420586220472441
11
2.2858735826771652
21
1.842499527559055
0
LINE
8
BLACK
6
CONTINUOUS
10
2.2858735826771652
20
1.842499527559055
11
2.2850589370078738
21
1.8433141732283465
0
LINE
8
BLACK
6
CONTINUOUS
10
2.2850589370078738
20
1.8433141732283465
11
2.2846180314960631
21
1.8443785826771653
0
LINE
8
BLACK
6
CONTINUOUS
10
2.2846180314960631
20
1.8443785826771653
11
2.2846180314960631
21
1.8455307086614172
0
LINE
8
BLACK
6
CONTINUOUS
10
2.2846180314960631
20
1.8455307086614172
11
2.2850589370078738
21
1.8465951181102362
0
LINE
8
BLACK
6
CONTINUOUS
10
2.2850589370078738
20
1.8465951181102362
11
2.2858735826771652
21
1.8474097637795275
0
LINE
8
BLACK
6
CONTINUOUS
10
2.2858735826771652
20
1.8474097637795275
11
2.286937992125984
21
1.8478506692913386
0
LINE
8
BLACK
6
CONTINUOUS
10
2.286937992125984
20
1.8478506692913386
11
2.2875140551181103
21
1.8479074015748032
0
LINE
8
BLACK
6
CONTINUOUS
10
2.2875140551181103
20
1.8479074015748032
11
2.290185590551181
21
1.8479074015748032
0
LINE
8
BLACK
6
CONTINUOUS
10
2.290185590551181
20
1.8479074015748032
11
2.290185590551181
21
1.8580779921259842
0
LINE
8
BLACK
6
CONTINUOUS
10
2.290185590551181
20
1.8580779921259842
11
2.2902423228346458
21
1.8586540551181101
0
LINE
8
BLACK
6
CONTINUOUS
10
2.2902423228346458
20
1.8586540551181101
11
2.2906832283464564
21
1.8597184645669291
0
LINE
8
BLACK
6
CONTINUOUS
10
2.2906832283464564
20
1.8597184645669291
11
2.2914978740157479
21
1.8605331102362204
0
LINE
8
BLACK
6
CONTINUOUS
10
2.2914978740157479
20
1.8605331102362204
11
2.2925622834645667
21
1.8609740157480315
0
LINE
8
BLACK
6
CONTINUOUS
10
2.2925622834645667
20
1.8609740157480315
11
2.2937144094488189
21
1.8609740157480315
0
LINE
8
BLACK
6
CONTINUOUS
10
2.2937144094488189
20
1.8609740157480315
11
2.2947788188976377
21
1.8605331102362204
0
LINE
8
BLACK
6
CONTINUOUS
10
2.4586937795275592
20
1.8478506692913386
11
2.4587917716535435
21
1.8478100787401575
0
LINE
8
BLACK
6
CONTINUOUS
10
2.4587917716535435
20
1.8478100787401575
11
2.4588975984251968
21
1.8478025590551181
0
LINE
8
BLACK
6
CONTINUOUS
10
2.4588975984251968
20
1.8478025590551181
11
2.4594382283464564
21
1.8475956692913384
0
LINE
8
BLACK
6
CONTINUOUS
10
2.4594382283464564
20
1.8475956692913384
11
2.4631877559055115
21
1.8457209055118109
0
LINE
8
BLACK
6
CONTINUOUS
10
2.4631877559055115
20
1.8457209055118109
11
2.4634357480314959
21
1.8455648425196849
0
LINE
8
BLACK
6
CONTINUOUS
10
2.4634357480314959
20
1.8455648425196849
11
2.4635077165354331
21
1.8455349999999999
0
LINE
8
BLACK
6
CONTINUOUS
10
2.4635077165354331
20
1.8455349999999999
11
2.4635886614173228
21
1.8454685433070865
0
LINE
8
BLACK
6
CONTINUOUS
10
2.4635886614173228
20
1.8454685433070865
11
2.4636776377952754
21
1.845412559055118
0
LINE
8
BLACK
6
CONTINUOUS
10
2.4636776377952754
20
1.845412559055118
11
2.4637287795275591
21
1.8453535826771652
0
LINE
8
BLACK
6
CONTINUOUS
10
2.4637287795275591
20
1.8453535826771652
11
2.4639551574803149
21
1.8451677952755905
0
LINE
8
BLACK
6
CONTINUOUS
10
2.4639551574803149
20
1.8451677952755905
11
2.4658299212598425
21
1.8432930314960629
0
LINE
8
BLACK
6
CONTINUOUS
10
2.4658299212598425
20
1.8432930314960629
11
2.4660156692913384
21
1.8430666929133859
0
LINE
8
BLACK
6
CONTINUOUS
10
2.4660156692913384
20
1.8430666929133859
11
2.46607468503937
21
1.8430155118110236
0
LINE
8
BLACK
6
CONTINUOUS
10
2.46607468503937
20
1.8430155118110236
11
2.4661306299212598
21
1.8429265748031496
0
LINE
8
BLACK
6
CONTINUOUS
10
2.4661306299212598
20
1.8429265748031496
11
2.4661971259842521
21
1.8428455905511811
0
LINE
8
BLACK
6
CONTINUOUS
10
2.4661971259842521
20
1.8428455905511811
11
2.4662269291338581
21
1.8427736614173227
0
LINE
8
BLACK
6
CONTINUOUS
10
2.4662269291338581
20
1.8427736614173227
11
2.4663830314960631
21
1.8425256299212598
0
LINE
8
BLACK
6
CONTINUOUS
10
2.4663830314960631
20
1.8425256299212598
11
2.4682577952755906
21
1.8387761023622047
0
LINE
8
BLACK
6
CONTINUOUS
10
2.4682577952755906
20
1.8387761023622047
11
2.4684646850393701
21
1.8382355118110236
0
LINE
8
BLACK
6
CONTINUOUS
10
2.4684646850393701
20
1.8382355118110236
11
2.4684722047244092
21
1.8381296456692913
0
LINE
8
BLACK
6
CONTINUOUS
10
2.4684722047244092
20
1.8381296456692913
11
2.4685127952755903
21
1.838031653543307
0
LINE
8
BLACK
6
CONTINUOUS
10
2.4685127952755903
20
1.838031653543307
11
2.4685695275590551
21
1.8374555905511811
0
LINE
8
BLACK
6
CONTINUOUS
10
2.4685695275590551
20
1.8374555905511811
11
2.4685695275590551
21
1.8262070078740158
0
LINE
8
BLACK
6
CONTINUOUS
10
2.4685695275590551
20
1.8262070078740158
11
2.4685127952755903
21
1.8256309448818897
0
LINE
8
BLACK
6
CONTINUOUS
10
2.4685127952755903
20
1.8256309448818897
11
2.4684722047244092
21
1.8255329921259842
0
LINE
8
BLACK
6
CONTINUOUS
10
2.4684722047244092
20
1.8255329921259842
11
2.4684646850393701
21
1.8254270866141731
0
LINE
8
BLACK
6
CONTINUOUS
10
2.4684646850393701
20
1.8254270866141731
11
2.4682577952755906
21
1.824886496062992
0
LINE
8
BLACK
6
CONTINUOUS
10
2.4682577952755906
20
1.824886496062992
11
2.4663830314960631
21
1.8211369685039369
0
LINE
8
BLACK
6
CONTINUOUS
10
2.4663830314960631
20
1.8211369685039369
11
2.4662269685039369
21
1.820889094488189
0
LINE
8
BLACK
6
CONTINUOUS
10
2.4662269685039369
20
1.820889094488189
11
2.4661971653543309
21
1.8208170472440945
0
LINE
8
BLACK
6
CONTINUOUS
10
2.4661971653543309
20
1.8208170472440945
11
2.4661306299212598
21
1.8207360236220471
0
LINE
8
BLACK
6
CONTINUOUS
10
2.4661306299212598
20
1.8207360236220471
11
2.46607468503937
21
1.8206470866141733
0
LINE
8
BLACK
6
CONTINUOUS
10
2.46607468503937
20
1.8206470866141733
11
2.4660156692913384
21
1.8205959448818898
0
LINE
8
BLACK
6
CONTINUOUS
10
2.4660156692913384
20
1.8205959448818898
11
2.4658299212598425
21
1.8203695669291338
0
LINE
8
BLACK
6
CONTINUOUS
10
2.4658299212598425
20
1.8203695669291338
11
2.4639551968503937
21
1.8184948031496062
0
LINE
8
BLACK
6
CONTINUOUS
10
2.4639551968503937
20
1.8184948031496062
11
2.4637288188976378
21
1.8183090551181103
0
LINE
8
BLACK
6
CONTINUOUS
10
2.4637288188976378
20
1.8183090551181103
11
2.4636776377952754
21
1.8182499999999999
0
LINE
8
BLACK
6
CONTINUOUS
10
2.4636776377952754
20
1.8182499999999999
11
2.4635886614173228
21
1.8181940157480314
0
LINE
8
BLACK
6
CONTINUOUS
10
2.4635886614173228
20
1.8181940157480314
11
2.4635077165354331
21
1.818127559055118
0
LINE
8
BLACK
6
CONTINUOUS
10
2.4635077165354331
20
1.818127559055118
11
2.4634357480314959
21
1.8180977559055118
0
LINE
8
BLACK
6
CONTINUOUS
10
2.4634357480314959
20
1.8180977559055118
11
2.4631877559055115
21
1.8179416535433071
0
LINE
8
BLACK
6
CONTINUOUS
10
2.4631877559055115
20
1.8179416535433071
11
2.4594382283464564
21
1.8160668897637795
0
LINE
8
BLACK
6
CONTINUOUS
10
2.4594382283464564
20
1.8160668897637795
11
2.4588975984251968
21
1.81586
0
LINE
8
BLACK
6
CONTINUOUS
10
2.4588975984251968
20
1.81586
11
2.4587917716535435
21
1.8158525196850392
0
LINE
8
BLACK
6
CONTINUOUS
10
2.4587917716535435
20
1.8158525196850392
11
2.4586937795275592
21
1.8158118897637794
0
LINE
8
BLACK
6
CONTINUOUS
10
2.4586937795275592
20
1.8158118897637794
11
2.4581177165354329
21
1.815755157480315
0
LINE
8
BLACK
6
CONTINUOUS
10
2.4581177165354329
20
1.815755157480315
11
2.4524934251968502
21
1.815755157480315
0
LINE
8
BLACK
6
CONTINUOUS
10
2.4524934251968502
20
1.815755157480315
11
2.4519173622047243
21
1.8158118897637794
0
LINE
8
BLACK
6
CONTINUOUS
10
2.4519173622047243
20
1.8158118897637794
11
2.4518193700787401
21
1.8158524803149605
0
LINE
8
BLACK
6
CONTINUOUS
10
2.4518193700787401
20
1.8158524803149605
11
2.4517135039370079
21
1.81586
0
LINE
8
BLACK
6
CONTINUOUS
10
2.4517135039370079
20
1.81586
11
2.4511729133858267
21
1.8160668897637795
0
LINE
8
BLACK
6
CONTINUOUS
10
2.4511729133858267
20
1.8160668897637795
11
2.4474233858267715
21
1.8179416535433071
0
LINE
8
BLACK
6
CONTINUOUS
10
2.4474233858267715
20
1.8179416535433071
11
2.4471753543307084
21
1.8180977559055118
0
LINE
8
BLACK
6
CONTINUOUS
10
2.4471753543307084
20
1.8180977559055118
11
2.4471034251968504
21
1.818127559055118
0
LINE
8
BLACK
6
CONTINUOUS
10
2.4471034251968504
20
1.818127559055118
11
2.447022440944882
21
1.8181940157480314
0
LINE
8
BLACK
6
CONTINUOUS
10
2.447022440944882
20
1.8181940157480314
11
2.4469335039370077
21
1.8182499999999999
0
LINE
8
BLACK
6
CONTINUOUS
10
2.4469335039370077
20
1.8182499999999999
11
2.4468822834645669
21
1.8183090551181103
0
LINE
8
BLACK
6
CONTINUOUS
10
2.4468822834645669
20
1.8183090551181103
11
2.4466559448818899
21
1.8184948031496062
0
LINE
8
BLACK
6
CONTINUOUS
10
2.4466559448818899
20
1.8184948031496062
11
2.4447811811023623
21
1.8203696062992125
0
LINE
8
BLACK
6
CONTINUOUS
10
2.4447811811023623
20
1.8203696062992125
11
2.4445954330708659
21
1.8205959448818898
0
LINE
8
BLACK
6
CONTINUOUS
10
2.4445954330708659
20
1.8205959448818898
11
2.4445364566929135
21
1.8206470866141733
0
LINE
8
BLACK
6
CONTINUOUS
10
2.4445364566929135
20
1.8206470866141733
11
2.444480472440945
21
1.8207360236220471
0
LINE
8
BLACK
6
CONTINUOUS
10
2.444480472440945
20
1.8207360236220471
11
2.4444139763779527
21
1.8208170472440945
0
LINE
8
BLACK
6
CONTINUOUS
10
2.4444139763779527
20
1.8208170472440945
11
2.4443841338582675
21
1.820889094488189
0
LINE
8
BLACK
6
CONTINUOUS
10
2.4443841338582675
20
1.820889094488189
11
2.4442281102362204
21
1.8211369685039369
0
LINE
8
BLACK
6
CONTINUOUS
10
2.4442281102362204
20
1.8211369685039369
11
2.4423533464566929
21
1.824886496062992
0
LINE
8
BLACK
6
CONTINUOUS
10
2.4423533464566929
20
1.824886496062992
11
2.4421464566929134
21
1.8254271259842518
0
LINE
8
BLACK
6
CONTINUOUS
10
2.4421464566929134
20
1.8254271259842518
11
2.4421389370078739
21
1.8255329527559054
0
LINE
8
BLACK
6
CONTINUOUS
10
2.4421389370078739
20
1.8255329527559054
11
2.4420983464566928
21
1.8256309448818897
0
LINE
8
BLACK
6
CONTINUOUS
10
2.4420983464566928
20
1.8256309448818897
11
2.4420416141732284
21
1.8262070078740158
0
LINE
8
BLACK
6
CONTINUOUS
10
2.4420416141732284
20
1.8262070078740158
11
2.4420416141732284
21
1.8374555905511811
0
LINE
8
BLACK
6
CONTINUOUS
10
2.4420416141732284
20
1.8374555905511811
11
2.4420983464566928
21
1.838031653543307
0
LINE
8
BLACK
6
CONTINUOUS
10
2.4420983464566928
20
1.838031653543307
11
2.4421389370078739
21
1.83812968503937
0
LINE
8
BLACK
6
CONTINUOUS
10
2.4421389370078739
20
1.83812968503937
11
2.4421464566929134
21
1.8382354724409449
0
LINE
8
BLACK
6
CONTINUOUS
10
2.4421464566929134
20
1.8382354724409449
11
2.4423533464566929
21
1.8387761023622047
0
LINE
8
BLACK
6
CONTINUOUS
10
2.4423533464566929
20
1.8387761023622047
11
2.4442281102362204
21
1.8425256299212598
0
LINE
8
BLACK
6
CONTINUOUS
10
2.4442281102362204
20
1.8425256299212598
11
2.4443841732283462
21
1.8427736614173227
0
LINE
8
BLACK
6
CONTINUOUS
10
2.4443841732283462
20
1.8427736614173227
11
2.4444140157480314
21
1.8428455905511811
0
LINE
8
BLACK
6
CONTINUOUS
10
2.4444140157480314
20
1.8428455905511811
11
2.444480472440945
21
1.8429265748031496
0
LINE
8
BLACK
6
CONTINUOUS
10
2.444480472440945
20
1.8429265748031496
11
2.4445364566929135
21
1.8430155118110236
0
LINE
8
BLACK
6
CONTINUOUS
10
2.4445364566929135
20
1.8430155118110236
11
2.4445954330708659
21
1.8430666929133859
0
LINE
8
BLACK
6
CONTINUOUS
10
2.4445954330708659
20
1.8430666929133859
11
2.4447812204724411
21
1.8432930314960629
0
LINE
8
BLACK
6
CONTINUOUS
10
2.4447812204724411
20
1.8432930314960629
11
2.4466559842519686
21
1.8451677952755905
0
LINE
8
BLACK
6
CONTINUOUS
10
2.4466559842519686
20
1.8451677952755905
11
2.4468823228346457
21
1.8453535826771652
0
LINE
8
BLACK
6
CONTINUOUS
10
2.4468823228346457
20
1.8453535826771652
11
2.4469335039370077
21
1.845412559055118
0
LINE
8
BLACK
6
CONTINUOUS
10
2.4469335039370077
20
1.845412559055118
11
2.447022440944882
21
1.8454685433070865
0
LINE
8
BLACK
6
CONTINUOUS
10
2.447022440944882
20
1.8454685433070865
11
2.4471034251968504
21
1.8455349999999999
0
LINE
8
BLACK
6
CONTINUOUS
10
2.4471034251968504
20
1.8455349999999999
11
2.4471753543307084
21
1.8455648425196849
0
LINE
8
BLACK
6
CONTINUOUS
10
2.4471753543307084
20
1.8455648425196849
11
2.4474233858267715
21
1.8457209055118109
0
LINE
8
BLACK
6
CONTINUOUS
10
2.4474233858267715
20
1.8457209055118109
11
2.4511729133858267
21
1.8475956692913384
0
LINE
8
BLACK
6
CONTINUOUS
10
2.4511729133858267
20
1.8475956692913384
11
2.4517135039370079
21
1.8478025590551181
0
LINE
8
BLACK
6
CONTINUOUS
10
2.4517135039370079
20
1.8478025590551181
11
2.4518193700787401
21
1.8478101181102362
0
LINE
8
BLACK
6
CONTINUOUS
10
2.4518193700787401
20
1.8478101181102362
11
2.4519173622047243
21
1.8478506692913386
0
LINE
8
BLACK
6
CONTINUOUS
10
2.4519173622047243
20
1.8478506692913386
11
2.4524934251968502
21
1.8479074015748032
0
LINE
8
BLACK
6
CONTINUOUS
10
2.4524934251968502
20
1.8479074015748032
11
2.4581177165354329
21
1.8479074015748032
0
LINE
8
BLACK
6
CONTINUOUS
10
2.4581177165354329
20
1.8479074015748032
11
2.4586937795275592
21
1.8478506692913386
0
LINE
8
BLACK
6
CONTINUOUS
10
2.4504929921259841
20
1.8406531496062992
11
2.4492958661417323
21
1.8394560236220472
0
LINE
8
BLACK
6
CONTINUOUS
10
2.4492958661417323
20
1.8394560236220472
11
2.447947125984252
21
1.8367585433070865
0
LINE
8
BLACK
6
CONTINUOUS
10
2.447947125984252
20
1.8367585433070865
11
2.447947125984252
21
1.8269040551181102
0
LINE
8
BLACK
6
CONTINUOUS
10
2.447947125984252
20
1.8269040551181102
11
2.4492958661417323
21
1.8242065748031495
0
LINE
8
BLACK
6
CONTINUOUS
10
2.4492958661417323
20
1.8242065748031495
11
2.4504929921259841
21
1.823009409448819
0
LINE
8
BLACK
6
CONTINUOUS
10
2.4504929921259841
20
1.823009409448819
11
2.4531904724409448
21
1.8216606692913386
0
LINE
8
BLACK
6
CONTINUOUS
10
2.4531904724409448
20
1.8216606692913386
11
2.4574206692913387
21
1.8216606692913386
0
LINE
8
BLACK
6
CONTINUOUS
10
2.4574206692913387
20
1.8216606692913386
11
2.4601181102362206
21
1.823009409448819
0
LINE
8
BLACK
6
CONTINUOUS
10
2.4601181102362206
20
1.823009409448819
11
2.4613152362204724
21
1.8242065748031495
0
LINE
8
BLACK
6
CONTINUOUS
10
2.4613152362204724
20
1.8242065748031495
11
2.4626640157480315
21
1.8269040551181102
0
LINE
8
BLACK
6
CONTINUOUS
10
2.4626640157480315
20
1.8269040551181102
11
2.4626640157480315
21
1.8367585433070865
0
LINE
8
BLACK
6
CONTINUOUS
10
2.4626640157480315
20
1.8367585433070865
11
2.4613152755905512
21
1.8394560236220472
0
LINE
8
BLACK
6
CONTINUOUS
10
2.4613152755905512
20
1.8394560236220472
11
2.4601181496062994
21
1.8406531496062992
0
LINE
8
BLACK
6
CONTINUOUS
10
2.4601181496062994
20
1.8406531496062992
11
2.4574206692913387
21
1.8420018897637795
0
LINE
8
BLACK
6
CONTINUOUS
10
2.4574206692913387
20
1.8420018897637795
11
2.4531904724409448
21
1.8420018897637795
0
LINE
8
BLACK
6
CONTINUOUS
10
2.4531904724409448
20
1.8420018897637795
11
2.4504929921259841
21
1.8406531496062992
0
LINE
8
BLACK
6
CONTINUOUS
10
2.5149367716535433
20
1.8478506692913386
11
2.5150347637795276
21
1.8478100787401575
0
LINE
8
BLACK
6
CONTINUOUS
10
2.5150347637795276
20
1.8478100787401575
11
2.515140590551181
21
1.8478025590551181
0
LINE
8
BLACK
6
CONTINUOUS
10
2.515140590551181
20
1.8478025590551181
11
2.515681220472441
21
1.8475956692913384
0
LINE
8
BLACK
6
CONTINUOUS
10
2.515681220472441
20
1.8475956692913384
11
2.5194307480314961
21
1.8457209055118109
0
LINE
8
BLACK
6
CONTINUOUS
10
2.5194307480314961
20
1.8457209055118109
11
2.5195270866141732
21
1.8456602755905511
0
LINE
8
BLACK
6
CONTINUOUS
10
2.5195270866141732
20
1.8456602755905511
11
2.5195725196850391
21
1.8456451181102362
0
LINE
8
BLACK
6
CONTINUOUS
10
2.5195725196850391
20
1.8456451181102362
11
2.5196290551181102
21
1.8455961023622047
0
LINE
8
BLACK
6
CONTINUOUS
10
2.5196290551181102
20
1.8455961023622047
11
2.51992062992126
21
1.845412559055118
0
LINE
8
BLACK
6
CONTINUOUS
10
2.51992062992126
20
1.845412559055118
11
2.5201631889763778
21
1.845132874015748
0
LINE
8
BLACK
6
CONTINUOUS
10
2.5201631889763778
20
1.845132874015748
11
2.5204429133858266
21
1.8448902755905512
0
LINE
8
BLACK
6
CONTINUOUS
10
2.5204429133858266
20
1.8448902755905512
11
2.5206264173228345
21
1.8445987401574804
0
LINE
8
BLACK
6
CONTINUOUS
10
2.5206264173228345
20
1.8445987401574804
11
2.5206754724409448
21
1.8445421653543306
0
LINE
8
BLACK
6
CONTINUOUS
10
2.5206754724409448
20
1.8445421653543306
11
2.5206905905511809
21
1.8444967716535432
0
LINE
8
BLACK
6
CONTINUOUS
10
2.5206905905511809
20
1.8444967716535432
11
2.5207512598425197
21
1.8444003937007873
0
LINE
8
BLACK
6
CONTINUOUS
10
2.5207512598425197
20
1.8444003937007873
11
2.5226260236220472
21
1.8406508661417322
0
LINE
8
BLACK
6
CONTINUOUS
10
2.5226260236220472
20
1.8406508661417322
11
2.5228329133858267
21
1.8401102755905512
0
LINE
8
BLACK
6
CONTINUOUS
10
2.5228329133858267
20
1.8401102755905512
11
2.5228404330708663
21
1.8400044094488188
0
LINE
8
BLACK
6
CONTINUOUS
10
2.5228404330708663
20
1.8400044094488188
11
2.5228810236220474
21
1.8399064173228346
0
LINE
8
BLACK
6
CONTINUOUS
10
2.5228810236220474
20
1.8399064173228346
11
2.5229377559055117
21
1.8393303543307087
0
LINE
8
BLACK
6
CONTINUOUS
10
2.5229377559055117
20
1.8393303543307087
11
2.5229377559055117
21
1.8355808267716536
0
LINE
8
BLACK
6
CONTINUOUS
10
2.5229377559055117
20
1.8355808267716536
11
2.5228810236220474
21
1.8350047637795275
0
LINE
8
BLACK
6
CONTINUOUS
10
2.5228810236220474
20
1.8350047637795275
11
2.5227702362204725
21
1.834737401574803
0
LINE
8
BLACK
6
CONTINUOUS
10
2.5227702362204725
20
1.834737401574803
11
2.5227141338582677
21
1.8344537007874016
0
LINE
8
BLACK
6
CONTINUOUS
10
2.5227141338582677
20
1.8344537007874016
11
2.5225520472440945
21
1.834210590551181
0
LINE
8
BLACK
6
CONTINUOUS
10
2.5225520472440945
20
1.834210590551181
11
2.5224401181102363
21
1.8339403543307087
0
LINE
8
BLACK
6
CONTINUOUS
10
2.5224401181102363
20
1.8339403543307087
11
2.5222354724409448
21
1.8337357086614172
0
LINE
8
BLACK
6
CONTINUOUS
10
2.5222354724409448
20
1.8337357086614172
11
2.5220750787401576
21
1.8334951181102361
0
LINE
8
BLACK
6
CONTINUOUS
10
2.5220750787401576
20
1.8334951181102361
11
2.521832244094488
21
1.8333325196850394
0
LINE
8
BLACK
6
CONTINUOUS
10
2.521832244094488
20
1.8333325196850394
11
2.5216254724409448
21
1.8331257086614172
0
LINE
8
BLACK
6
CONTINUOUS
10
2.5216254724409448
20
1.8331257086614172
11
2.5213581889763779
21
1.8330150000000001
0
LINE
8
BLACK
6
CONTINUOUS
10
2.5213581889763779
20
1.8330150000000001
11
2.5211178346456693
21
1.8328540157480315
0
LINE
8
BLACK
6
CONTINUOUS
10
2.5211178346456693
20
1.8328540157480315
11
2.5205640551181103
21
1.8326853937007874
0
LINE
8
BLACK
6
CONTINUOUS
10
2.5205640551181103
20
1.8326853937007874
11
2.5041901181102362
21
1.8294106299212598
0
LINE
8
BLACK
6
CONTINUOUS
10
2.5041901181102362
20
1.8294106299212598
11
2.5041901181102362
21
1.8250292913385826
0
LINE
8
BLACK
6
CONTINUOUS
10
2.5041901181102362
20
1.8250292913385826
11
2.5053129527559053
21
1.8227835433070865
0
LINE
8
BLACK
6
CONTINUOUS
10
2.5053129527559053
20
1.8227835433070865
11
2.5075587007874014
21
1.8216606692913386
0
LINE
8
BLACK
6
CONTINUOUS
10
2.5075587007874014
20
1.8216606692913386
11
2.5136636614173229
21
1.8216606692913386
0
LINE
8
BLACK
6
CONTINUOUS
10
2.5136636614173229
20
1.8216606692913386
11
2.5167897244094486
21
1.8232237007874015
0
LINE
8
BLACK
6
CONTINUOUS
10
2.5167897244094486
20
1.8232237007874015
11
2.5173303149606299
21
1.823430590551181
0
LINE
8
BLACK
6
CONTINUOUS
10
2.5173303149606299
20
1.823430590551181
11
2.5184795275590552
21
1.8235122440944882
0
LINE
8
BLACK
6
CONTINUOUS
10
2.5184795275590552
20
1.8235122440944882
11
2.5195725196850391
21
1.8231479133858268
0
LINE
8
BLACK
6
CONTINUOUS
10
2.5195725196850391
20
1.8231479133858268
11
2.5204428740157478
21
1.8223930708661418
0
LINE
8
BLACK
6
CONTINUOUS
10
2.5204428740157478
20
1.8223930708661418
11
2.5209581496062992
21
1.8213625590551181
0
LINE
8
BLACK
6
CONTINUOUS
10
2.5209581496062992
20
1.8213625590551181
11
2.5210398031496064
21
1.820213346456693
0
LINE
8
BLACK
6
CONTINUOUS
10
2.5210398031496064
20
1.820213346456693
11
2.5206754724409448
21
1.8191203937007874
0
LINE
8
BLACK
6
CONTINUOUS
10
2.5206754724409448
20
1.8191203937007874
11
2.51992062992126
21
1.8182499999999999
0
LINE
8
BLACK
6
CONTINUOUS
10
2.51992062992126
20
1.8182499999999999
11
2.5194307480314961
21
1.8179416535433071
0
LINE
8
BLACK
6
CONTINUOUS
10
2.5194307480314961
20
1.8179416535433071
11
2.515681220472441
21
1.8160668897637795
0
LINE
8
BLACK
6
CONTINUOUS
10
2.515681220472441
20
1.8160668897637795
11
2.515140590551181
21
1.81586
0
LINE
8
BLACK
6
CONTINUOUS
10
2.515140590551181
20
1.81586
11
2.5150347637795276
21
1.8158525196850392
0
LINE
8
BLACK
6
CONTINUOUS
10
2.5150347637795276
20
1.8158525196850392
11
2.5149367716535433
21
1.8158118897637794
0
LINE
8
BLACK
6
CONTINUOUS
10
2.5149367716535433
20
1.8158118897637794
11
2.5143607086614175
21
1.815755157480315
0
LINE
8
BLACK
6
CONTINUOUS
10
2.5143607086614175
20
1.815755157480315
11
2.5068616535433068
21
1.815755157480315
0
LINE
8
BLACK
6
CONTINUOUS
10
2.5068616535433068
20
1.815755157480315
11
2.5062855905511809
21
1.8158118897637794
0
LINE
8
BLACK
6
CONTINUOUS
10
2.5062855905511809
20
1.8158118897637794
11
2.5061875984251967
21
1.8158524803149605
0
LINE
8
BLACK
6
CONTINUOUS
10
2.5061875984251967
20
1.8158524803149605
11
2.5060817322834645
21
1.81586
0
LINE
8
BLACK
6
CONTINUOUS
10
2.5060817322834645
20
1.81586
11
2.5055411417322833
21
1.8160668897637795
0
LINE
8
BLACK
6
CONTINUOUS
10
2.5055411417322833
20
1.8160668897637795
11
2.5017916141732282
21
1.8179416535433071
0
LINE
8
BLACK
6
CONTINUOUS
10
2.5017916141732282
20
1.8179416535433071
11
2.5016952362204723
21
1.8180023228346456
0
LINE
8
BLACK
6
CONTINUOUS
10
2.5016952362204723
20
1.8180023228346456
11
2.5016498425196851
21
1.8180174409448819
0
LINE
8
BLACK
6
CONTINUOUS
10
2.5016498425196851
20
1.8180174409448819
11
2.5015932677165353
21
1.818066496062992
0
LINE
8
BLACK
6
CONTINUOUS
10
2.5015932677165353
20
1.818066496062992
11
2.5013017322834643
21
1.8182499999999999
0
LINE
8
BLACK
6
CONTINUOUS
10
2.5013017322834643
20
1.8182499999999999
11
2.5010590551181102
21
1.818529842519685
0
LINE
8
BLACK
6
CONTINUOUS
10
2.5010590551181102
20
1.818529842519685
11
2.5007794488188977
21
1.8187723228346457
0
LINE
8
BLACK
6
CONTINUOUS
10
2.5007794488188977
20
1.8187723228346457
11
2.5005959448818897
21
1.8190638188976378
0
LINE
8
BLACK
6
CONTINUOUS
10
2.5005959448818897
20
1.8190638188976378
11
2.5005468897637795
21
1.8191203937007874
0
LINE
8
BLACK
6
CONTINUOUS
10
2.5005468897637795
20
1.8191203937007874
11
2.5005317322834646
21
1.8191658661417323
0
LINE
8
BLACK
6
CONTINUOUS
10
2.5005317322834646
20
1.8191658661417323
11
2.5004711023622046
21
1.8192621653543306
0
LINE
8
BLACK
6
CONTINUOUS
10
2.5004711023622046
20
1.8192621653543306
11
2.498596338582677
21
1.8230117322834645
0
LINE
8
BLACK
6
CONTINUOUS
10
2.498596338582677
20
1.8230117322834645
11
2.4983894488188976
21
1.8235523622047243
0
LINE
8
BLACK
6
CONTINUOUS
10
2.4983894488188976
20
1.8235523622047243
11
2.498381929133858
21
1.8236581889763779
0
LINE
8
BLACK
6
CONTINUOUS
10
2.498381929133858
20
1.8236581889763779
11
2.4983413385826769
21
1.8237561811023622
0
LINE
8
BLACK
6
CONTINUOUS
10
2.4983413385826769
20
1.8237561811023622
11
2.4982846062992126
21
1.8243322440944882
0
LINE
8
BLACK
6
CONTINUOUS
10
2.4982846062992126
20
1.8243322440944882
11
2.4982846062992126
21
1.8393303543307087
0
LINE
8
BLACK
6
CONTINUOUS
10
2.4982846062992126
20
1.8393303543307087
11
2.4983413385826769
21
1.8399064173228346
0
LINE
8
BLACK
6
CONTINUOUS
10
2.4983413385826769
20
1.8399064173228346
11
2.498381929133858
21
1.8400044488188976
0
LINE
8
BLACK
6
CONTINUOUS
10
2.498381929133858
20
1.8400044488188976
11
2.4983894488188976
21
1.8401102362204724
0
LINE
8
BLACK
6
CONTINUOUS
10
2.4983894488188976
20
1.8401102362204724
11
2.498596338582677
21
1.8406508661417322
0
LINE
8
BLACK
6
CONTINUOUS
10
2.498596338582677
20
1.8406508661417322
11
2.5004711023622046
21
1.8444003937007873
0
LINE
8
BLACK
6
CONTINUOUS
10
2.5004711023622046
20
1.8444003937007873
11
2.5005317322834646
21
1.8444967716535432
0
LINE
8
BLACK
6
CONTINUOUS
10
2.5005317322834646
20
1.8444967716535432
11
2.5005468897637795
21
1.8445421653543306
0
LINE
8
BLACK
6
CONTINUOUS
10
2.5005468897637795
20
1.8445421653543306
11
2.500595905511811
21
1.8445987401574804
0
LINE
8
BLACK
6
CONTINUOUS
10
2.500595905511811
20
1.8445987401574804
11
2.5007794488188977
21
1.8448902755905512
0
LINE
8
BLACK
6
CONTINUOUS
10
2.5007794488188977
20
1.8448902755905512
11
2.5010591338582677
21
1.845132874015748
0
LINE
8
BLACK
6
CONTINUOUS
10
2.5010591338582677
20
1.845132874015748
11
2.5013017322834643
21
1.845412559055118
0
LINE
8
BLACK
6
CONTINUOUS
10
2.5013017322834643
20
1.845412559055118
11
2.5015932677165353
21
1.8455961023622047
0
LINE
8
BLACK
6
CONTINUOUS
10
2.5015932677165353
20
1.8455961023622047
11
2.5016498425196851
21
1.8456451181102362
0
LINE
8
BLACK
6
CONTINUOUS
10
2.5016498425196851
20
1.8456451181102362
11
2.5016952362204723
21
1.8456602755905511
0
LINE
8
BLACK
6
CONTINUOUS
10
2.5016952362204723
20
1.8456602755905511
11
2.5017916141732282
21
1.8457209055118109
0
LINE
8
BLACK
6
CONTINUOUS
10
2.5017916141732282
20
1.8457209055118109
11
2.5055411417322833
21
1.8475956692913384
0
LINE
8
BLACK
6
CONTINUOUS
10
2.5055411417322833
20
1.8475956692913384
11
2.5060817322834645
21
1.8478025590551181
0
LINE
8
BLACK
6
CONTINUOUS
10
2.5060817322834645
20
1.8478025590551181
11
2.5061875984251967
21
1.8478101181102362
0
LINE
8
BLACK
6
CONTINUOUS
10
2.5061875984251967
20
1.8478101181102362
11
2.5062855905511809
21
1.8478506692913386
0
LINE
8
BLACK
6
CONTINUOUS
10
2.5062855905511809
20
1.8478506692913386
11
2.5068616535433068
21
1.8479074015748032
0
LINE
8
BLACK
6
CONTINUOUS
10
2.5068616535433068
20
1.8479074015748032
11
2.5143607086614175
21
1.8479074015748032
0
LINE
8
BLACK
6
CONTINUOUS
10
2.5143607086614175
20
1.8479074015748032
11
2.5149367716535433
21
1.8478506692913386
0
LINE
8
BLACK
6
CONTINUOUS
10
2.5053129527559053
20
1.8408790551181102
11
2.5041901181102362
21
1.8386333070866141
0
LINE
8
BLACK
6
CONTINUOUS
10
2.5041901181102362
20
1.8386333070866141
11
2.5041901181102362
21
1.8354331102362205
0
LINE
8
BLACK
6
CONTINUOUS
10
2.5041901181102362
20
1.8354331102362205
11
2.5170322440944881
21
1.838001496062992
0
LINE
8
BLACK
6
CONTINUOUS
10
2.5170322440944881
20
1.838001496062992
11
2.5170322440944881
21
1.8386333070866141
0
LINE
8
BLACK
6
CONTINUOUS
10
2.5170322440944881
20
1.8386333070866141
11
2.5159093700787403
21
1.8408790551181102
0
LINE
8
BLACK
6
CONTINUOUS
10
2.5159093700787403
20
1.8408790551181102
11
2.5136636614173229
21
1.8420018897637795
0
LINE
8
BLACK
6
CONTINUOUS
10
2.5136636614173229
20
1.8420018897637795
11
2.5075587007874014
21
1.8420018897637795
0
LINE
8
BLACK
6
CONTINUOUS
10
2.5075587007874014
20
1.8420018897637795
11
2.5053129527559053
21
1.8408790551181102
0
LINE
8
BLACK
6
CONTINUOUS
10
2.6180488976377951
20
1.8478506692913386
11
2.6181468897637794
21
1.8478100787401575
0
LINE
8
BLACK
6
CONTINUOUS
10
2.6181468897637794
20
1.8478100787401575
11
2.6182527165354332
21
1.8478025590551181
0
LINE
8
BLACK
6
CONTINUOUS
10
2.6182527165354332
20
1.8478025590551181
11
2.6187933464566928
21
1.8475956692913384
0
LINE
8
BLACK
6
CONTINUOUS
10
2.6187933464566928
20
1.8475956692913384
11
2.6225428740157479
21
1.8457209055118109
0
LINE
8
BLACK
6
CONTINUOUS
10
2.6225428740157479
20
1.8457209055118109
11
2.622639212598425
21
1.8456602755905511
0
LINE
8
BLACK
6
CONTINUOUS
10
2.622639212598425
20
1.8456602755905511
11
2.6226846456692914
21
1.8456451181102362
0
LINE
8
BLACK
6
CONTINUOUS
10
2.6226846456692914
20
1.8456451181102362
11
2.622741181102362
21
1.8455961023622047
0
LINE
8
BLACK
6
CONTINUOUS
10
2.622741181102362
20
1.8455961023622047
11
2.6230327559055118
21
1.845412559055118
0
LINE
8
BLACK
6
CONTINUOUS
10
2.6230327559055118
20
1.845412559055118
11
2.62327531496063
21
1.845132874015748
0
LINE
8
BLACK
6
CONTINUOUS
10
2.62327531496063
20
1.845132874015748
11
2.6235550393700788
21
1.8448902755905512
0
LINE
8
BLACK
6
CONTINUOUS
10
2.6235550393700788
20
1.8448902755905512
11
2.6237385433070863
21
1.8445987401574804
0
LINE
8
BLACK
6
CONTINUOUS
10
2.6237385433070863
20
1.8445987401574804
11
2.6237875984251966
21
1.8445421653543306
0
LINE
8
BLACK
6
CONTINUOUS
10
2.6237875984251966
20
1.8445421653543306
11
2.6238027165354332
21
1.8444967716535432
0
LINE
8
BLACK
6
CONTINUOUS
10
2.6238027165354332
20
1.8444967716535432
11
2.6238633858267715
21
1.8444003937007873
0
LINE
8
BLACK
6
CONTINUOUS
10
2.6238633858267715
20
1.8444003937007873
11
2.625738149606299
21
1.8406508661417322
0
LINE
8
BLACK
6
CONTINUOUS
10
2.625738149606299
20
1.8406508661417322
11
2.6259450393700785
21
1.8401102755905512
0
LINE
8
BLACK
6
CONTINUOUS
10
2.6259450393700785
20
1.8401102755905512
11
2.625952559055118
21
1.8400044094488188
0
LINE
8
BLACK
6
CONTINUOUS
10
2.625952559055118
20
1.8400044094488188
11
2.6259931496062991
21
1.8399064173228346
0
LINE
8
BLACK
6
CONTINUOUS
10
2.6259931496062991
20
1.8399064173228346
11
2.6260498818897635
21
1.8393303543307087
0
LINE
8
BLACK
6
CONTINUOUS
10
2.6260498818897635
20
1.8393303543307087
11
2.6260498818897635
21
1.8187079133858268
0
LINE
8
BLACK
6
CONTINUOUS
10
2.6260498818897635
20
1.8187079133858268
11
2.6259931496062991
21
1.8181318503937007
0
LINE
8
BLACK
6
CONTINUOUS
10
2.6259931496062991
20
1.8181318503937007
11
2.6255522440944881
21
1.8170674409448819
0
LINE
8
BLACK
6
CONTINUOUS
10
2.6255522440944881
20
1.8170674409448819
11
2.6247375984251966
21
1.8162527952755905
0
LINE
8
BLACK
6
CONTINUOUS
10
2.6247375984251966
20
1.8162527952755905
11
2.6236731889763778
21
1.8158118897637794
0
LINE
8
BLACK
6
CONTINUOUS
10
2.6236731889763778
20
1.8158118897637794
11
2.6225210629921261
21
1.8158118897637794
0
LINE
8
BLACK
6
CONTINUOUS
10
2.6225210629921261
20
1.8158118897637794
11
2.6214566535433068
21
1.8162527952755905
0
LINE
8
BLACK
6
CONTINUOUS
10
2.6214566535433068
20
1.8162527952755905
11
2.6213177165354331
21
1.8163917322834646
0
LINE
8
BLACK
6
CONTINUOUS
10
2.6213177165354331
20
1.8163917322834646
11
2.6206681102362204
21
1.8160668897637795
0
LINE
8
BLACK
6
CONTINUOUS
10
2.6206681102362204
20
1.8160668897637795
11
2.6201274803149608
21
1.81586
0
LINE
8
BLACK
6
CONTINUOUS
10
2.6201274803149608
20
1.81586
11
2.620021653543307
21
1.8158525196850392
0
LINE
8
BLACK
6
CONTINUOUS
10
2.620021653543307
20
1.8158525196850392
11
2.6199236614173227
21
1.8158118897637794
0
LINE
8
BLACK
6
CONTINUOUS
10
2.6199236614173227
20
1.8158118897637794
11
2.6193475984251968
21
1.815755157480315
0
LINE
8
BLACK
6
CONTINUOUS
10
2.6193475984251968
20
1.815755157480315
11
2.609973779527559
21
1.815755157480315
0
LINE
8
BLACK
6
CONTINUOUS
10
2.609973779527559
20
1.815755157480315
11
2.6093977165354332
21
1.8158118897637794
0
LINE
8
BLACK
6
CONTINUOUS
10
2.6093977165354332
20
1.8158118897637794
11
2.6092997244094489
21
1.8158524803149605
0
LINE
8
BLACK
6
CONTINUOUS
10
2.6092997244094489
20
1.8158524803149605
11
2.6091938582677163
21
1.81586
0
LINE
8
BLACK
6
CONTINUOUS
10
2.6091938582677163
20
1.81586
11
2.6086532677165355
21
1.8160668897637795
0
LINE
8
BLACK
6
CONTINUOUS
10
2.6086532677165355
20
1.8160668897637795
11
2.6049037401574804
21
1.8179416535433071
0
LINE
8
BLACK
6
CONTINUOUS
10
2.6049037401574804
20
1.8179416535433071
11
2.6048073622047245
21
1.8180023228346456
0
LINE
8
BLACK
6
CONTINUOUS
10
2.6048073622047245
20
1.8180023228346456
11
2.6047619685039369
21
1.8180174409448819
0
LINE
8
BLACK
6
CONTINUOUS
10
2.6047619685039369
20
1.8180174409448819
11
2.6047053937007871
21
1.818066496062992
0
LINE
8
BLACK
6
CONTINUOUS
10
2.6047053937007871
20
1.818066496062992
11
2.6044138582677165
21
1.8182499999999999
0
LINE
8
BLACK
6
CONTINUOUS
10
2.6044138582677165
20
1.8182499999999999
11
2.604171181102362
21
1.818529842519685
0
LINE
8
BLACK
6
CONTINUOUS
10
2.604171181102362
20
1.818529842519685
11
2.6038915748031495
21
1.8187723228346457
0
LINE
8
BLACK
6
CONTINUOUS
10
2.6038915748031495
20
1.8187723228346457
11
2.6037080708661415
21
1.8190638188976378
0
LINE
8
BLACK
6
CONTINUOUS
10
2.6037080708661415
20
1.8190638188976378
11
2.6036590157480313
21
1.8191203937007874
0
LINE
8
BLACK
6
CONTINUOUS
10
2.6036590157480313
20
1.8191203937007874
11
2.6036438582677164
21
1.8191658661417323
0
LINE
8
BLACK
6
CONTINUOUS
10
2.6036438582677164
20
1.8191658661417323
11
2.6035832283464568
21
1.8192621653543306
0
LINE
8
BLACK
6
CONTINUOUS
10
2.6035832283464568
20
1.8192621653543306
11
2.6017084645669293
21
1.8230117322834645
0
LINE
8
BLACK
6
CONTINUOUS
10
2.6017084645669293
20
1.8230117322834645
11
2.6015015748031494
21
1.8235523622047243
0
LINE
8
BLACK
6
CONTINUOUS
10
2.6015015748031494
20
1.8235523622047243
11
2.6014940551181103
21
1.8236581889763779
0
LINE
8
BLACK
6
CONTINUOUS
10
2.6014940551181103
20
1.8236581889763779
11
2.6014534645669292
21
1.8237561811023622
0
LINE
8
BLACK
6
CONTINUOUS
10
2.6014534645669292
20
1.8237561811023622
11
2.6013967322834644
21
1.8243322440944882
0
LINE
8
BLACK
6
CONTINUOUS
10
2.6013967322834644
20
1.8243322440944882
11
2.6013967322834644
21
1.8280817716535434
0
LINE
8
BLACK
6
CONTINUOUS
10
2.6013967322834644
20
1.8280817716535434
11
2.6014534645669292
21
1.8286578346456692
0
LINE
8
BLACK
6
CONTINUOUS
10
2.6014534645669292
20
1.8286578346456692
11
2.6014940551181103
21
1.8287558661417322
0
LINE
8
BLACK
6
CONTINUOUS
10
2.6014940551181103
20
1.8287558661417322
11
2.6015015748031494
21
1.8288616535433071
0
LINE
8
BLACK
6
CONTINUOUS
10
2.6015015748031494
20
1.8288616535433071
11
2.6017084645669293
21
1.8294022834645669
0
LINE
8
BLACK
6
CONTINUOUS
10
2.6017084645669293
20
1.8294022834645669
11
2.6035832283464568
21
1.833151811023622
0
LINE
8
BLACK
6
CONTINUOUS
10
2.6035832283464568
20
1.833151811023622
11
2.6036438582677164
21
1.8332481889763779
0
LINE
8
BLACK
6
CONTINUOUS
10
2.6036438582677164
20
1.8332481889763779
11
2.6036590157480313
21
1.8332935826771652
0
LINE
8
BLACK
6
CONTINUOUS
10
2.6036590157480313
20
1.8332935826771652
11
2.6037080314960628
21
1.8333501574803148
0
LINE
8
BLACK
6
CONTINUOUS
10
2.6037080314960628
20
1.8333501574803148
11
2.6038915748031495
21
1.8336416929133859
0
LINE
8
BLACK
6
CONTINUOUS
10
2.6038915748031495
20
1.8336416929133859
11
2.6041712598425195
21
1.8338842913385827
0
LINE
8
BLACK
6
CONTINUOUS
10
2.6041712598425195
20
1.8338842913385827
11
2.6044138582677165
21
1.8341639763779527
0
LINE
8
BLACK
6
CONTINUOUS
10
2.6044138582677165
20
1.8341639763779527
11
2.6047053937007871
21
1.8343475196850394
0
LINE
8
BLACK
6
CONTINUOUS
10
2.6047053937007871
20
1.8343475196850394
11
2.6047619685039369
21
1.8343965354330709
0
LINE
8
BLACK
6
CONTINUOUS
10
2.6047619685039369
20
1.8343965354330709
11
2.6048073622047245
21
1.8344116929133858
0
LINE
8
BLACK
6
CONTINUOUS
10
2.6048073622047245
20
1.8344116929133858
11
2.6049037401574804
21
1.8344723228346456
0
LINE
8
BLACK
6
CONTINUOUS
10
2.6049037401574804
20
1.8344723228346456
11
2.6086532677165355
21
1.8363470866141731
0
LINE
8
BLACK
6
CONTINUOUS
10
2.6086532677165355
20
1.8363470866141731
11
2.6091938582677163
21
1.8365539763779528
0
LINE
8
BLACK
6
CONTINUOUS
10
2.6091938582677163
20
1.8365539763779528
11
2.6092997244094489
21
1.8365615354330709
0
LINE
8
BLACK
6
CONTINUOUS
10
2.6092997244094489
20
1.8365615354330709
11
2.6093977165354332
21
1.8366020866141732
0
LINE
8
BLACK
6
CONTINUOUS
10
2.6093977165354332
20
1.8366020866141732
11
2.609973779527559
21
1.8366588188976378
0
LINE
8
BLACK
6
CONTINUOUS
10
2.609973779527559
20
1.8366588188976378
11
2.6186505511811022
21
1.8366588188976378
0
LINE
8
BLACK
6
CONTINUOUS
10
2.6186505511811022
20
1.8366588188976378
11
2.6201443700787399
21
1.837405748031496
0
LINE
8
BLACK
6
CONTINUOUS
10
2.6201443700787399
20
1.837405748031496
11
2.6201443700787399
21
1.8386333070866141
0
LINE
8
BLACK
6
CONTINUOUS
10
2.6201443700787399
20
1.8386333070866141
11
2.6190214960629921
21
1.8408790551181102
0
LINE
8
BLACK
6
CONTINUOUS
10
2.6190214960629921
20
1.8408790551181102
11
2.6167757874015747
21
1.8420018897637795
0
LINE
8
BLACK
6
CONTINUOUS
10
2.6167757874015747
20
1.8420018897637795
11
2.6106708267716536
21
1.8420018897637795
0
LINE
8
BLACK
6
CONTINUOUS
10
2.6106708267716536
20
1.8420018897637795
11
2.6075447637795275
21
1.8404388582677165
0
LINE
8
BLACK
6
CONTINUOUS
10
2.6075447637795275
20
1.8404388582677165
11
2.6070041338582675
21
1.840231968503937
0
LINE
8
BLACK
6
CONTINUOUS
10
2.6070041338582675
20
1.840231968503937
11
2.6058549212598425
21
1.84015031496063
0
LINE
8
BLACK
6
CONTINUOUS
10
2.6058549212598425
20
1.84015031496063
11
2.6047619685039369
21
1.8405146456692913
0
LINE
8
BLACK
6
CONTINUOUS
10
2.6047619685039369
20
1.8405146456692913
11
2.6038915748031495
21
1.8412694881889764
0
LINE
8
BLACK
6
CONTINUOUS
10
2.6038915748031495
20
1.8412694881889764
11
2.6033763385826769
21
1.8423
0
LINE
8
BLACK
6
CONTINUOUS
10
2.6033763385826769
20
1.8423
11
2.6032946850393701
21
1.8434492125984252
0
LINE
8
BLACK
6
CONTINUOUS
10
2.6032946850393701
20
1.8434492125984252
11
2.6036590157480313
21
1.8445421653543306
0
LINE
8
BLACK
6
CONTINUOUS
10
2.6036590157480313
20
1.8445421653543306
11
2.6044138582677165
21
1.845412559055118
0
LINE
8
BLACK
6
CONTINUOUS
10
2.6044138582677165
20
1.845412559055118
11
2.6049037401574804
21
1.8457209055118109
0
LINE
8
BLACK
6
CONTINUOUS
10
2.6049037401574804
20
1.8457209055118109
11
2.6086532677165355
21
1.8475956692913384
0
LINE
8
BLACK
6
CONTINUOUS
10
2.6086532677165355
20
1.8475956692913384
11
2.6091938582677163
21
1.8478025590551181
0
LINE
8
BLACK
6
CONTINUOUS
10
2.6091938582677163
20
1.8478025590551181
11
2.6092997244094489
21
1.8478101181102362
0
LINE
8
BLACK
6
CONTINUOUS
10
2.6092997244094489
20
1.8478101181102362
11
2.6093977165354332
21
1.8478506692913386
0
LINE
8
BLACK
6
CONTINUOUS
10
2.6093977165354332
20
1.8478506692913386
11
2.609973779527559
21
1.8479074015748032
0
LINE
8
BLACK
6
CONTINUOUS
10
2.609973779527559
20
1.8479074015748032
11
2.6174728346456693
21
1.8479074015748032
0
LINE
8
BLACK
6
CONTINUOUS
10
2.6174728346456693
20
1.8479074015748032
11
2.6180488976377951
21
1.8478506692913386
0
LINE
8
BLACK
6
CONTINUOUS
10
2.6201274803149608
20
1.8308581496062992
11
2.620021653543307
21
1.8308506692913384
0
LINE
8
BLACK
6
CONTINUOUS
10
2.620021653543307
20
1.8308506692913384
11
2.6199236614173227
21
1.8308100393700788
0
LINE
8
BLACK
6
CONTINUOUS
10
2.6199236614173227
20
1.8308100393700788
11
2.6193475984251968
21
1.8307533070866142
0
LINE
8
BLACK
6
CONTINUOUS
10
2.6193475984251968
20
1.8307533070866142
11
2.6106708267716536
21
1.8307533070866142
0
LINE
8
BLACK
6
CONTINUOUS
10
2.6106708267716536
20
1.8307533070866142
11
2.6084250787401575
21
1.8296304724409449
0
LINE
8
BLACK
6
CONTINUOUS
10
2.6084250787401575
20
1.8296304724409449
11
2.607302244094488
21
1.8273847244094488
0
LINE
8
BLACK
6
CONTINUOUS
10
2.607302244094488
20
1.8273847244094488
11
2.607302244094488
21
1.8250292913385826
0
LINE
8
BLACK
6
CONTINUOUS
10
2.607302244094488
20
1.8250292913385826
11
2.6084250787401575
21
1.8227835433070865
0
LINE
8
BLACK
6
CONTINUOUS
10
2.6084250787401575
20
1.8227835433070865
11
2.6106708267716536
21
1.8216606692913386
0
LINE
8
BLACK
6
CONTINUOUS
10
2.6106708267716536
20
1.8216606692913386
11
2.6186505511811022
21
1.8216606692913386
0
LINE
8
BLACK
6
CONTINUOUS
10
2.6186505511811022
20
1.8216606692913386
11
2.6201443700787399
21
1.8224075984251968
0
LINE
8
BLACK
6
CONTINUOUS
10
2.6201443700787399
20
1.8224075984251968
11
2.6201443700787399
21
1.8308646456692912
0
LINE
8
BLACK
6
CONTINUOUS
10
2.6201443700787399
20
1.8308646456692912
11
2.6201274803149608
21
1.8308581496062992
0
LINE
8
BLACK
6
CONTINUOUS
10
2.6603581496062993
20
1.8605331102362204
11
2.6611727952755904
21
1.8597184645669291
0
LINE
8
BLACK
6
CONTINUOUS
10
2.6611727952755904
20
1.8597184645669291
11
2.6616137007874014
21
1.8586540551181101
0
LINE
8
BLACK
6
CONTINUOUS
10
2.6616137007874014
20
1.8586540551181101
11
2.6616704330708663
21
1.8580779921259842
0
LINE
8
BLACK
6
CONTINUOUS
10
2.6616704330708663
20
1.8580779921259842
11
2.6616704330708663
21
1.8187079133858268
0
LINE
8
BLACK
6
CONTINUOUS
10
2.6616704330708663
20
1.8187079133858268
11
2.6616137007874014
21
1.8181318503937007
0
LINE
8
BLACK
6
CONTINUOUS
10
2.6616137007874014
20
1.8181318503937007
11
2.6611727952755904
21
1.8170674409448819
0
LINE
8
BLACK
6
CONTINUOUS
10
2.6611727952755904
20
1.8170674409448819
11
2.6603581496062993
21
1.8162527952755905
0
LINE
8
BLACK
6
CONTINUOUS
10
2.6603581496062993
20
1.8162527952755905
11
2.6592937401574801
21
1.8158118897637794
0
LINE
8
BLACK
6
CONTINUOUS
10
2.6592937401574801
20
1.8158118897637794
11
2.6581416141732284
21
1.8158118897637794
0
LINE
8
BLACK
6
CONTINUOUS
10
2.6581416141732284
20
1.8158118897637794
11
2.6570772047244096
21
1.8162527952755905
0
LINE
8
BLACK
6
CONTINUOUS
10
2.6570772047244096
20
1.8162527952755905
11
2.6569382677165354
21
1.8163917322834646
0
LINE
8
BLACK
6
CONTINUOUS
10
2.6569382677165354
20
1.8163917322834646
11
2.6562886614173227
21
1.8160668897637795
0
LINE
8
BLACK
6
CONTINUOUS
10
2.6562886614173227
20
1.8160668897637795
11
2.6557480314960631
21
1.81586
0
LINE
8
BLACK
6
CONTINUOUS
10
2.6557480314960631
20
1.81586
11
2.6556422047244093
21
1.8158525196850392
0
LINE
8
BLACK
6
CONTINUOUS
10
2.6556422047244093
20
1.8158525196850392
11
2.655544212598425
21
1.8158118897637794
0
LINE
8
BLACK
6
CONTINUOUS
10
2.655544212598425
20
1.8158118897637794
11
2.6549681496062991
21
1.815755157480315
0
LINE
8
BLACK
6
CONTINUOUS
10
2.6549681496062991
20
1.815755157480315
11
2.6474690944881889
21
1.815755157480315
0
LINE
8
BLACK
6
CONTINUOUS
10
2.6474690944881889
20
1.815755157480315
11
2.646893031496063
21
1.8158118897637794
0
LINE
8
BLACK
6
CONTINUOUS
10
2.646893031496063
20
1.8158118897637794
11
2.6467950393700788
21
1.8158524803149605
0
LINE
8
BLACK
6
CONTINUOUS
10
2.6467950393700788
20
1.8158524803149605
11
2.6466891732283462
21
1.81586
0
LINE
8
BLACK
6
CONTINUOUS
10
2.6466891732283462
20
1.81586
11
2.6461485826771654
21
1.8160668897637795
0
LINE
8
BLACK
6
CONTINUOUS
10
2.6461485826771654
20
1.8160668897637795
11
2.6423990551181102
21
1.8179416535433071
0
LINE
8
BLACK
6
CONTINUOUS
10
2.6423990551181102
20
1.8179416535433071
11
2.6421510236220471
21
1.8180977559055118
0
LINE
8
BLACK
6
CONTINUOUS
10
2.6421510236220471
20
1.8180977559055118
11
2.6420790944881891
21
1.818127559055118
0
LINE
8
BLACK
6
CONTINUOUS
10
2.6420790944881891
20
1.818127559055118
11
2.6419981102362202
21
1.8181940157480314
0
LINE
8
BLACK
6
CONTINUOUS
10
2.6419981102362202
20
1.8181940157480314
11
2.6419091732283464
21
1.8182499999999999
0
LINE
8
BLACK
6
CONTINUOUS
10
2.6419091732283464
20
1.8182499999999999
11
2.6418579527559056
21
1.8183090551181103
0
LINE
8
BLACK
6
CONTINUOUS
10
2.6418579527559056
20
1.8183090551181103
11
2.6416316141732281
21
1.8184948031496062
0
LINE
8
BLACK
6
CONTINUOUS
10
2.6416316141732281
20
1.8184948031496062
11
2.6397568503937006
21
1.8203696062992125
0
LINE
8
BLACK
6
CONTINUOUS
10
2.6397568503937006
20
1.8203696062992125
11
2.6395711023622046
21
1.8205959448818898
0
LINE
8
BLACK
6
CONTINUOUS
10
2.6395711023622046
20
1.8205959448818898
11
2.6395121259842518
21
1.8206470866141733
0
LINE
8
BLACK
6
CONTINUOUS
10
2.6395121259842518
20
1.8206470866141733
11
2.6394561417322833
21
1.8207360236220471
0
LINE
8
BLACK
6
CONTINUOUS
10
2.6394561417322833
20
1.8207360236220471
11
2.6393896456692914
21
1.8208170472440945
0
LINE
8
BLACK
6
CONTINUOUS
10
2.6393896456692914
20
1.8208170472440945
11
2.6393598031496062
21
1.820889094488189
0
LINE
8
BLACK
6
CONTINUOUS
10
2.6393598031496062
20
1.820889094488189
11
2.6392037795275591
21
1.8211369685039369
0
LINE
8
BLACK
6
CONTINUOUS
10
2.6392037795275591
20
1.8211369685039369
11
2.6373290157480316
21
1.824886496062992
0
LINE
8
BLACK
6
CONTINUOUS
10
2.6373290157480316
20
1.824886496062992
11
2.6371221259842521
21
1.8254271259842518
0
LINE
8
BLACK
6
CONTINUOUS
10
2.6371221259842521
20
1.8254271259842518
11
2.6371146062992126
21
1.8255329527559054
0
LINE
8
BLACK
6
CONTINUOUS
10
2.6371146062992126
20
1.8255329527559054
11
2.6370740157480315
21
1.8256309448818897
0
LINE
8
BLACK
6
CONTINUOUS
10
2.6370740157480315
20
1.8256309448818897
11
2.6370172834645667
21
1.8262070078740158
0
LINE
8
BLACK
6
CONTINUOUS
10
2.6370172834645667
20
1.8262070078740158
11
2.6370172834645667
21
1.8374555905511811
0
LINE
8
BLACK
6
CONTINUOUS
10
2.6370172834645667
20
1.8374555905511811
11
2.6370740157480315
21
1.838031653543307
0
LINE
8
BLACK
6
CONTINUOUS
10
2.6370740157480315
20
1.838031653543307
11
2.6371146062992126
21
1.83812968503937
0
LINE
8
BLACK
6
CONTINUOUS
10
2.6371146062992126
20
1.83812968503937
11
2.6371221259842521
21
1.8382354724409449
0
LINE
8
BLACK
6
CONTINUOUS
10
2.6371221259842521
20
1.8382354724409449
11
2.6373290157480316
21
1.8387761023622047
0
LINE
8
BLACK
6
CONTINUOUS
10
2.6373290157480316
20
1.8387761023622047
11
2.6392037795275591
21
1.8425256299212598
0
LINE
8
BLACK
6
CONTINUOUS
10
2.6392037795275591
20
1.8425256299212598
11
2.6393598425196849
21
1.8427736614173227
0
LINE
8
BLACK
6
CONTINUOUS
10
2.6393598425196849
20
1.8427736614173227
11
2.6393896850393701
21
1.8428455905511811
0
LINE
8
BLACK
6
CONTINUOUS
10
2.6393896850393701
20
1.8428455905511811
11
2.6394561417322833
21
1.8429265748031496
0
LINE
8
BLACK
6
CONTINUOUS
10
2.6394561417322833
20
1.8429265748031496
11
2.6395121259842518
21
1.8430155118110236
0
LINE
8
BLACK
6
CONTINUOUS
10
2.6395121259842518
20
1.8430155118110236
11
2.6395711023622046
21
1.8430666929133859
0
LINE
8
BLACK
6
CONTINUOUS
10
2.6395711023622046
20
1.8430666929133859
11
2.6397568897637793
21
1.8432930314960629
0
LINE
8
BLACK
6
CONTINUOUS
10
2.6397568897637793
20
1.8432930314960629
11
2.6416316535433069
21
1.8451677952755905
0
LINE
8
BLACK
6
CONTINUOUS
10
2.6416316535433069
20
1.8451677952755905
11
2.6418579921259844
21
1.8453535826771652
0
LINE
8
BLACK
6
CONTINUOUS
10
2.6418579921259844
20
1.8453535826771652
11
2.6419091732283464
21
1.845412559055118
0
LINE
8
BLACK
6
CONTINUOUS
10
2.6419091732283464
20
1.845412559055118
11
2.6419981102362202
21
1.8454685433070865
0
LINE
8
BLACK
6
CONTINUOUS
10
2.6419981102362202
20
1.8454685433070865
11
2.6420790944881891
21
1.8455349999999999
0
LINE
8
BLACK
6
CONTINUOUS
10
2.6420790944881891
20
1.8455349999999999
11
2.6421510236220471
21
1.8455648425196849
0
LINE
8
BLACK
6
CONTINUOUS
10
2.6421510236220471
20
1.8455648425196849
11
2.6423990551181102
21
1.8457209055118109
0
LINE
8
BLACK
6
CONTINUOUS
10
2.6423990551181102
20
1.8457209055118109
11
2.6461485826771654
21
1.8475956692913384
0
LINE
8
BLACK
6
CONTINUOUS
10
2.6461485826771654
20
1.8475956692913384
11
2.6466891732283462
21
1.8478025590551181
0
LINE
8
BLACK
6
CONTINUOUS
10
2.6466891732283462
20
1.8478025590551181
11
2.6467950393700788
21
1.8478101181102362
0
LINE
8
BLACK
6
CONTINUOUS
10
2.6467950393700788
20
1.8478101181102362
11
2.646893031496063
21
1.8478506692913386
0
LINE
8
BLACK
6
CONTINUOUS
10
2.646893031496063
20
1.8478506692913386
11
2.6474690944881889
21
1.8479074015748032
0
LINE
8
BLACK
6
CONTINUOUS
10
2.6474690944881889
20
1.8479074015748032
11
2.6549681496062991
21
1.8479074015748032
0
LINE
8
BLACK
6
CONTINUOUS
10
2.6549681496062991
20
1.8479074015748032
11
2.655544212598425
21
1.8478506692913386
0
LINE
8
BLACK
6
CONTINUOUS
10
2.655544212598425
20
1.8478506692913386
11
2.6556422047244093
21
1.8478100787401575
0
LINE
8
BLACK
6
CONTINUOUS
10
2.6556422047244093
20
1.8478100787401575
11
2.6557480314960631
21
1.8478025590551181
0
LINE
8
BLACK
6
CONTINUOUS
10
2.6557480314960631
20
1.8478025590551181
11
2.6557649212598426
21
1.8477961023622047
0
LINE
8
BLACK
6
CONTINUOUS
10
2.6557649212598426
20
1.8477961023622047
11
2.6557649212598426
21
1.8580779921259842
0
LINE
8
BLACK
6
CONTINUOUS
10
2.6557649212598426
20
1.8580779921259842
11
2.655821653543307
21
1.8586540551181101
0
LINE
8
BLACK
6
CONTINUOUS
10
2.655821653543307
20
1.8586540551181101
11
2.6562625590551181
21
1.8597184645669291
0
LINE
8
BLACK
6
CONTINUOUS
10
2.6562625590551181
20
1.8597184645669291
11
2.6570772047244096
21
1.8605331102362204
0
LINE
8
BLACK
6
CONTINUOUS
10
2.6570772047244096
20
1.8605331102362204
11
2.6581416141732284
21
1.8609740157480315
0
LINE
8
BLACK
6
CONTINUOUS
10
2.6581416141732284
20
1.8609740157480315
11
2.6592937401574801
21
1.8609740157480315
0
LINE
8
BLACK
6
CONTINUOUS
10
2.6592937401574801
20
1.8609740157480315
11
2.6603581496062993
21
1.8605331102362204
0
LINE
8
BLACK
6
CONTINUOUS
10
2.6454686614173228
20
1.8406531496062992
11
2.6442715354330706
21
1.8394560236220472
0
LINE
8
BLACK
6
CONTINUOUS
10
2.6442715354330706
20
1.8394560236220472
11
2.6429227952755907
21
1.8367585433070865
0
LINE
8
BLACK
6
CONTINUOUS
10
2.6429227952755907
20
1.8367585433070865
11
2.6429227952755907
21
1.8269040551181102
0
LINE
8
BLACK
6
CONTINUOUS
10
2.6429227952755907
20
1.8269040551181102
11
2.6442715354330706
21
1.8242065748031495
0
LINE
8
BLACK
6
CONTINUOUS
10
2.6442715354330706
20
1.8242065748031495
11
2.6454686614173228
21
1.823009409448819
0
LINE
8
BLACK
6
CONTINUOUS
10
2.6454686614173228
20
1.823009409448819
11
2.6481661417322835
21
1.8216606692913386
0
LINE
8
BLACK
6
CONTINUOUS
10
2.6481661417322835
20
1.8216606692913386
11
2.6542711023622045
21
1.8216606692913386
0
LINE
8
BLACK
6
CONTINUOUS
10
2.6542711023622045
20
1.8216606692913386
11
2.6557649212598426
21
1.8224075984251968
0
LINE
8
BLACK
6
CONTINUOUS
10
2.6557649212598426
20
1.8224075984251968
11
2.6557649212598426
21
1.8412549999999999
0
LINE
8
BLACK
6
CONTINUOUS
10
2.6557649212598426
20
1.8412549999999999
11
2.6542711023622045
21
1.8420018897637795
0
LINE
8
BLACK
6
CONTINUOUS
10
2.6542711023622045
20
1.8420018897637795
11
2.6481661417322835
21
1.8420018897637795
0
LINE
8
BLACK
6
CONTINUOUS
10
2.6481661417322835
20
1.8420018897637795
11
2.6454686614173228
21
1.8406531496062992
0
LINE
8
BLACK
6
CONTINUOUS
10
0.484130157480315
20
1.8605331102362204
11
0.4849448031496063
21
1.8597184645669291
0
LINE
8
BLACK
6
CONTINUOUS
10
0.4849448031496063
20
1.8597184645669291
11
0.4853857086614173
21
1.8586540551181101
0
LINE
8
BLACK
6
CONTINUOUS
10
0.4853857086614173
20
1.8586540551181101
11
0.4854424409448819
21
1.8580779921259842
0
LINE
8
BLACK
6
CONTINUOUS
10
0.4854424409448819
20
1.8580779921259842
11
0.4854424409448819
21
1.8250292913385826
0
LINE
8
BLACK
6
CONTINUOUS
10
0.4854424409448819
20
1.8250292913385826
11
0.4865652755905512
21
1.8227835433070865
0
LINE
8
BLACK
6
CONTINUOUS
10
0.4865652755905512
20
1.8227835433070865
11
0.4894344881889764
21
1.8213489370078739
0
LINE
8
BLACK
6
CONTINUOUS
10
0.4894344881889764
20
1.8213489370078739
11
0.4899243700787401
21
1.8210405905511811
0
LINE
8
BLACK
6
CONTINUOUS
10
0.4899243700787401
20
1.8210405905511811
11
0.4906792125984252
21
1.8201701968503936
0
LINE
8
BLACK
6
CONTINUOUS
10
0.4906792125984252
20
1.8201701968503936
11
0.4910435433070866
21
1.8190772440944882
0
LINE
8
BLACK
6
CONTINUOUS
10
0.4910435433070866
20
1.8190772440944882
11
0.4909618897637795
21
1.8179280314960629
0
LINE
8
BLACK
6
CONTINUOUS
10
0.4909618897637795
20
1.8179280314960629
11
0.4904466141732283
21
1.8168975196850394
0
LINE
8
BLACK
6
CONTINUOUS
10
0.4904466141732283
20
1.8168975196850394
11
0.4895762598425197
21
1.8161426771653544
0
LINE
8
BLACK
6
CONTINUOUS
10
0.4895762598425197
20
1.8161426771653544
11
0.4884832677165354
21
1.8157783464566928
0
LINE
8
BLACK
6
CONTINUOUS
10
0.4884832677165354
20
1.8157783464566928
11
0.4873340551181102
21
1.81586
0
LINE
8
BLACK
6
CONTINUOUS
10
0.4873340551181102
20
1.81586
11
0.4867934645669291
21
1.8160668897637795
0
LINE
8
BLACK
6
CONTINUOUS
10
0.4867934645669291
20
1.8160668897637795
11
0.483043937007874
21
1.8179416535433071
0
LINE
8
BLACK
6
CONTINUOUS
10
0.483043937007874
20
1.8179416535433071
11
0.4829475590551181
21
1.8180023228346456
0
LINE
8
BLACK
6
CONTINUOUS
10
0.4829475590551181
20
1.8180023228346456
11
0.4829021653543307
21
1.8180174409448819
0
LINE
8
BLACK
6
CONTINUOUS
10
0.4829021653543307
20
1.8180174409448819
11
0.4828455905511811
21
1.818066496062992
0
LINE
8
BLACK
6
CONTINUOUS
10
0.4828455905511811
20
1.818066496062992
11
0.4825540551181102
21
1.8182499999999999
0
LINE
8
BLACK
6
CONTINUOUS
10
0.4825540551181102
20
1.8182499999999999
11
0.4823113779527559
21
1.818529842519685
0
LINE
8
BLACK
6
CONTINUOUS
10
0.4823113779527559
20
1.818529842519685
11
0.4820317716535433
21
1.8187723228346457
0
LINE
8
BLACK
6
CONTINUOUS
10
0.4820317716535433
20
1.8187723228346457
11
0.4818482677165354
21
1.8190638188976378
0
LINE
8
BLACK
6
CONTINUOUS
10
0.4818482677165354
20
1.8190638188976378
11
0.4817992125984252
21
1.8191203937007874
0
LINE
8
BLACK
6
CONTINUOUS
10
0.4817992125984252
20
1.8191203937007874
11
0.4817840551181102
21
1.8191658661417323
0
LINE
8
BLACK
6
CONTINUOUS
10
0.4817840551181102
20
1.8191658661417323
11
0.4817234251968504
21
1.8192621653543306
0
LINE
8
BLACK
6
CONTINUOUS
10
0.4817234251968504
20
1.8192621653543306
11
0.4798486614173228
21
1.8230117322834645
0
LINE
8
BLACK
6
CONTINUOUS
10
0.4798486614173228
20
1.8230117322834645
11
0.4796417716535433
21
1.8235523622047243
0
LINE
8
BLACK
6
CONTINUOUS
10
0.4796417716535433
20
1.8235523622047243
11
0.4796342519685039
21
1.8236581889763779
0
LINE
8
BLACK
6
CONTINUOUS
10
0.4796342519685039
20
1.8236581889763779
11
0.4795936614173228
21
1.8237561811023622
0
LINE
8
BLACK
6
CONTINUOUS
10
0.4795936614173228
20
1.8237561811023622
11
0.4795369291338583
21
1.8243322440944882
0
LINE
8
BLACK
6
CONTINUOUS
10
0.4795369291338583
20
1.8243322440944882
11
0.4795369291338583
21
1.8580779921259842
0
LINE
8
BLACK
6
CONTINUOUS
10
0.4795369291338583
20
1.8580779921259842
11
0.4795936614173228
21
1.8586540551181101
0
LINE
8
BLACK
6
CONTINUOUS
10
0.4795936614173228
20
1.8586540551181101
11
0.4800345669291338
21
1.8597184645669291
0
LINE
8
BLACK
6
CONTINUOUS
10
0.4800345669291338
20
1.8597184645669291
11
0.4808492125984252
21
1.8605331102362204
0
LINE
8
BLACK
6
CONTINUOUS
10
0.4808492125984252
20
1.8605331102362204
11
0.4819136220472441
21
1.8609740157480315
0
LINE
8
BLACK
6
CONTINUOUS
10
0.4819136220472441
20
1.8609740157480315
11
0.483065748031496
21
1.8609740157480315
0
LINE
8
BLACK
6
CONTINUOUS
10
0.483065748031496
20
1.8609740157480315
11
0.484130157480315
21
1.8605331102362204
0
LINE
8
BLACK
6
CONTINUOUS
10
2.484130157480315
20
1.8605331102362204
11
2.4849448031496064
21
1.8597184645669291
0
LINE
8
BLACK
6
CONTINUOUS
10
2.4849448031496064
20
1.8597184645669291
11
2.4853857086614171
21
1.8586540551181101
0
LINE
8
BLACK
6
CONTINUOUS
10
2.4853857086614171
20
1.8586540551181101
11
2.4854424409448819
21
1.8580779921259842
0
LINE
8
BLACK
6
CONTINUOUS
10
2.4854424409448819
20
1.8580779921259842
11
2.4854424409448819
21
1.8250292913385826
0
LINE
8
BLACK
6
CONTINUOUS
10
2.4854424409448819
20
1.8250292913385826
11
2.486565275590551
21
1.8227835433070865
0
LINE
8
BLACK
6
CONTINUOUS
10
2.486565275590551
20
1.8227835433070865
11
2.4894344881889765
21
1.8213489370078739
0
LINE
8
BLACK
6
CONTINUOUS
10
2.4894344881889765
20
1.8213489370078739
11
2.4899243700787399
21
1.8210405905511811
0
LINE
8
BLACK
6
CONTINUOUS
10
2.4899243700787399
20
1.8210405905511811
11
2.4906792125984252
21
1.8201701968503936
0
LINE
8
BLACK
6
CONTINUOUS
10
2.4906792125984252
20
1.8201701968503936
11
2.4910435433070868
21
1.8190772440944882
0
LINE
8
BLACK
6
CONTINUOUS
10
2.4910435433070868
20
1.8190772440944882
11
2.4909618897637795
21
1.8179280314960629
0
LINE
8
BLACK
6
CONTINUOUS
10
2.4909618897637795
20
1.8179280314960629
11
2.4904466141732282
21
1.8168975196850394
0
LINE
8
BLACK
6
CONTINUOUS
10
2.4904466141732282
20
1.8168975196850394
11
2.4895762598425195
21
1.8161426771653544
0
LINE
8
BLACK
6
CONTINUOUS
10
2.4895762598425195
20
1.8161426771653544
11
2.4884832677165352
21
1.8157783464566928
0
LINE
8
BLACK
6
CONTINUOUS
10
2.4884832677165352
20
1.8157783464566928
11
2.4873340551181102
21
1.81586
0
LINE
8
BLACK
6
CONTINUOUS
10
2.4873340551181102
20
1.81586
11
2.486793464566929
21
1.8160668897637795
0
LINE
8
BLACK
6
CONTINUOUS
10
2.486793464566929
20
1.8160668897637795
11
2.4830439370078738
21
1.8179416535433071
0
LINE
8
BLACK
6
CONTINUOUS
10
2.4830439370078738
20
1.8179416535433071
11
2.482947559055118
21
1.8180023228346456
0
LINE
8
BLACK
6
CONTINUOUS
10
2.482947559055118
20
1.8180023228346456
11
2.4829021653543308
21
1.8180174409448819
0
LINE
8
BLACK
6
CONTINUOUS
10
2.4829021653543308
20
1.8180174409448819
11
2.482845590551181
21
1.818066496062992
0
LINE
8
BLACK
6
CONTINUOUS
10
2.482845590551181
20
1.818066496062992
11
2.48255405511811
21
1.8182499999999999
0
LINE
8
BLACK
6
CONTINUOUS
10
2.48255405511811
20
1.8182499999999999
11
2.4823113779527559
21
1.818529842519685
0
LINE
8
BLACK
6
CONTINUOUS
10
2.4823113779527559
20
1.818529842519685
11
2.4820317716535434
21
1.8187723228346457
0
LINE
8
BLACK
6
CONTINUOUS
10
2.4820317716535434
20
1.8187723228346457
11
2.4818482677165354
21
1.8190638188976378
0
LINE
8
BLACK
6
CONTINUOUS
10
2.4818482677165354
20
1.8190638188976378
11
2.4817992125984252
21
1.8191203937007874
0
LINE
8
BLACK
6
CONTINUOUS
10
2.4817992125984252
20
1.8191203937007874
11
2.4817840551181103
21
1.8191658661417323
0
LINE
8
BLACK
6
CONTINUOUS
10
2.4817840551181103
20
1.8191658661417323
11
2.4817234251968503
21
1.8192621653543306
0
LINE
8
BLACK
6
CONTINUOUS
10
2.4817234251968503
20
1.8192621653543306
11
2.4798486614173227
21
1.8230117322834645
0
LINE
8
BLACK
6
CONTINUOUS
10
2.4798486614173227
20
1.8230117322834645
11
2.4796417716535433
21
1.8235523622047243
0
LINE
8
BLACK
6
CONTINUOUS
10
2.4796417716535433
20
1.8235523622047243
11
2.4796342519685037
21
1.8236581889763779
0
LINE
8
BLACK
6
CONTINUOUS
10
2.4796342519685037
20
1.8236581889763779
11
2.4795936614173226
21
1.8237561811023622
0
LINE
8
BLACK
6
CONTINUOUS
10
2.4795936614173226
20
1.8237561811023622
11
2.4795369291338583
21
1.8243322440944882
0
LINE
8
BLACK
6
CONTINUOUS
10
2.4795369291338583
20
1.8243322440944882
11
2.4795369291338583
21
1.8580779921259842
0
LINE
8
BLACK
6
CONTINUOUS
10
2.4795369291338583
20
1.8580779921259842
11
2.4795936614173226
21
1.8586540551181101
0
LINE
8
BLACK
6
CONTINUOUS
10
2.4795936614173226
20
1.8586540551181101
11
2.4800345669291337
21
1.8597184645669291
0
LINE
8
BLACK
6
CONTINUOUS
10
2.4800345669291337
20
1.8597184645669291
11
2.4808492125984252
21
1.8605331102362204
0
LINE
8
BLACK
6
CONTINUOUS
10
2.4808492125984252
20
1.8605331102362204
11
2.481913622047244
21
1.8609740157480315
0
LINE
8
BLACK
6
CONTINUOUS
10
2.481913622047244
20
1.8609740157480315
11
2.4830657480314962
21
1.8609740157480315
0
LINE
8
BLACK
6
CONTINUOUS
10
2.4830657480314962
20
1.8609740157480315
11
2.484130157480315
21
1.8605331102362204
0
LINE
8
BLACK
6
CONTINUOUS
10
0.167593031496063
20
1.8609740157480315
11
0.1681050787401575
21
1.8609740157480315
0
LINE
8
BLACK
6
CONTINUOUS
10
0.1681050787401575
20
1.8609740157480315
11
0.1681658267716535
21
1.8609488582677165
0
LINE
8
BLACK
6
CONTINUOUS
10
0.1681658267716535
20
1.8609488582677165
11
0.1682316929133858
21
1.8609459448818897
0
LINE
8
BLACK
6
CONTINUOUS
10
0.1682316929133858
20
1.8609459448818897
11
0.1686965354330709
21
1.8607290551181102
0
LINE
8
BLACK
6
CONTINUOUS
10
0.1686965354330709
20
1.8607290551181102
11
0.1691694881889764
21
1.8605331102362204
0
LINE
8
BLACK
6
CONTINUOUS
10
0.1691694881889764
20
1.8605331102362204
11
0.1692159842519685
21
1.8604866141732284
0
LINE
8
BLACK
6
CONTINUOUS
10
0.1692159842519685
20
1.8604866141732284
11
0.1692757086614173
21
1.8604587401574804
0
LINE
8
BLACK
6
CONTINUOUS
10
0.1692757086614173
20
1.8604587401574804
11
0.1696219291338583
21
1.8600806692913385
0
LINE
8
BLACK
6
CONTINUOUS
10
0.1696219291338583
20
1.8600806692913385
11
0.1699841338582677
21
1.8597184645669291
0
LINE
8
BLACK
6
CONTINUOUS
10
0.1699841338582677
20
1.8597184645669291
11
0.1700093307086614
21
1.8596576377952756
0
LINE
8
BLACK
6
CONTINUOUS
10
0.1700093307086614
20
1.8596576377952756
11
0.1700538188976378
21
1.8596090551181101
0
LINE
8
BLACK
6
CONTINUOUS
10
0.1700538188976378
20
1.8596090551181101
11
0.1702288976377953
21
1.8591275590551182
0
LINE
8
BLACK
6
CONTINUOUS
10
0.1702288976377953
20
1.8591275590551182
11
0.1704250393700787
21
1.8586540551181101
0
LINE
8
BLACK
6
CONTINUOUS
10
0.1704250393700787
20
1.8586540551181101
11
0.170433937007874
21
1.8585637007874016
0
LINE
8
BLACK
6
CONTINUOUS
10
0.170433937007874
20
1.8585637007874016
11
0.1704475196850394
21
1.8585263385826771
0
LINE
8
BLACK
6
CONTINUOUS
10
0.1704475196850394
20
1.8585263385826771
11
0.1704444488188976
21
1.8584568110236219
0
LINE
8
BLACK
6
CONTINUOUS
10
0.1704444488188976
20
1.8584568110236219
11
0.1704817716535433
21
1.8580779921259842
0
LINE
8
BLACK
6
CONTINUOUS
10
0.1704817716535433
20
1.8580779921259842
11
0.1704817716535433
21
1.8187079133858268
0
LINE
8
BLACK
6
CONTINUOUS
10
0.1704817716535433
20
1.8187079133858268
11
0.1704250393700787
21
1.8181318503937007
0
LINE
8
BLACK
6
CONTINUOUS
10
0.1704250393700787
20
1.8181318503937007
11
0.1699841338582677
21
1.8170674409448819
0
LINE
8
BLACK
6
CONTINUOUS
10
0.1699841338582677
20
1.8170674409448819
11
0.1691694881889764
21
1.8162527952755905
0
LINE
8
BLACK
6
CONTINUOUS
10
0.1691694881889764
20
1.8162527952755905
11
0.1681050787401575
21
1.8158118897637794
0
LINE
8
BLACK
6
CONTINUOUS
10
0.1681050787401575
20
1.8158118897637794
11
0.1669529527559055
21
1.8158118897637794
0
LINE
8
BLACK
6
CONTINUOUS
10
0.1669529527559055
20
1.8158118897637794
11
0.1658885433070866
21
1.8162527952755905
0
LINE
8
BLACK
6
CONTINUOUS
10
0.1658885433070866
20
1.8162527952755905
11
0.1650738976377953
21
1.8170674409448819
0
LINE
8
BLACK
6
CONTINUOUS
10
0.1650738976377953
20
1.8170674409448819
11
0.1646329921259843
21
1.8181318503937007
0
LINE
8
BLACK
6
CONTINUOUS
10
0.1646329921259843
20
1.8181318503937007
11
0.1645762598425197
21
1.8187079133858268
0
LINE
8
BLACK
6
CONTINUOUS
10
0.1645762598425197
20
1.8187079133858268
11
0.1645762598425197
21
1.8447682677165353
0
LINE
8
BLACK
6
CONTINUOUS
10
0.1645762598425197
20
1.8447682677165353
11
0.1570814173228346
21
1.8287078740157481
0
LINE
8
BLACK
6
CONTINUOUS
10
0.1570814173228346
20
1.8287078740157481
11
0.1569564566929134
21
1.8284969685039369
0
LINE
8
BLACK
6
CONTINUOUS
10
0.1569564566929134
20
1.8284969685039369
11
0.1569304724409449
21
1.8284254724409448
0
LINE
8
BLACK
6
CONTINUOUS
10
0.1569304724409449
20
1.8284254724409448
11
0.1568841338582677
21
1.8283749212598426
0
LINE
8
BLACK
6
CONTINUOUS
10
0.1568841338582677
20
1.8283749212598426
11
0.1567863779527559
21
1.8282098425196851
0
LINE
8
BLACK
6
CONTINUOUS
10
0.1567863779527559
20
1.8282098425196851
11
0.1564555511811024
21
1.8279069291338583
0
LINE
8
BLACK
6
CONTINUOUS
10
0.1564555511811024
20
1.8279069291338583
11
0.1561523622047244
21
1.8275757874015748
0
LINE
8
BLACK
6
CONTINUOUS
10
0.1561523622047244
20
1.8275757874015748
11
0.1560333858267716
21
1.8275203149606298
0
LINE
8
BLACK
6
CONTINUOUS
10
0.1560333858267716
20
1.8275203149606298
11
0.1559367322834646
21
1.8274317322834646
0
LINE
8
BLACK
6
CONTINUOUS
10
0.1559367322834646
20
1.8274317322834646
11
0.1555152362204724
21
1.8272785039370079
0
LINE
8
BLACK
6
CONTINUOUS
10
0.1555152362204724
20
1.8272785039370079
11
0.1551083464566929
21
1.8270885826771652
0
LINE
8
BLACK
6
CONTINUOUS
10
0.1551083464566929
20
1.8270885826771652
11
0.1549771653543307
21
1.8270828346456693
0
LINE
8
BLACK
6
CONTINUOUS
10
0.1549771653543307
20
1.8270828346456693
11
0.1548540157480315
21
1.827038031496063
0
LINE
8
BLACK
6
CONTINUOUS
10
0.1548540157480315
20
1.827038031496063
11
0.154405905511811
21
1.8270577165354329
0
LINE
8
BLACK
6
CONTINUOUS
10
0.154405905511811
20
1.8270577165354329
11
0.1539573228346457
21
1.8270379921259843
0
LINE
8
BLACK
6
CONTINUOUS
10
0.1539573228346457
20
1.8270379921259843
11
0.1538340157480315
21
1.8270828346456693
0
LINE
8
BLACK
6
CONTINUOUS
10
0.1538340157480315
20
1.8270828346456693
11
0.1537029921259843
21
1.8270885826771652
0
LINE
8
BLACK
6
CONTINUOUS
10
0.1537029921259843
20
1.8270885826771652
11
0.1532963385826772
21
1.8272783858267716
0
LINE
8
BLACK
6
CONTINUOUS
10
0.1532963385826772
20
1.8272783858267716
11
0.1528746062992126
21
1.8274317322834646
0
LINE
8
BLACK
6
CONTINUOUS
10
0.1528746062992126
20
1.8274317322834646
11
0.1527777952755905
21
1.8275203937007873
0
LINE
8
BLACK
6
CONTINUOUS
10
0.1527777952755905
20
1.8275203937007873
11
0.1526589763779528
21
1.8275758267716535
0
LINE
8
BLACK
6
CONTINUOUS
10
0.1526589763779528
20
1.8275758267716535
11
0.1523560236220473
21
1.8279066535433071
0
LINE
8
BLACK
6
CONTINUOUS
10
0.1523560236220473
20
1.8279066535433071
11
0.1520249606299213
21
1.8282098031496063
0
LINE
8
BLACK
6
CONTINUOUS
10
0.1520249606299213
20
1.8282098031496063
11
0.1519270866141732
21
1.8283749999999999
0
LINE
8
BLACK
6
CONTINUOUS
10
0.1519270866141732
20
1.8283749999999999
11
0.1518808661417323
21
1.8284254724409448
0
LINE
8
BLACK
6
CONTINUOUS
10
0.1518808661417323
20
1.8284254724409448
11
0.1518548818897638
21
1.8284968503937007
0
LINE
8
BLACK
6
CONTINUOUS
10
0.1518548818897638
20
1.8284968503937007
11
0.1517299212598425
21
1.8287078346456693
0
LINE
8
BLACK
6
CONTINUOUS
10
0.1517299212598425
20
1.8287078346456693
11
0.1442350787401575
21
1.8447682677165353
0
LINE
8
BLACK
6
CONTINUOUS
10
0.1442350787401575
20
1.8447682677165353
11
0.1442350787401575
21
1.8187079133858268
0
LINE
8
BLACK
6
CONTINUOUS
10
0.1442350787401575
20
1.8187079133858268
11
0.1441783464566929
21
1.8181318503937007
0
LINE
8
BLACK
6
CONTINUOUS
10
0.1441783464566929
20
1.8181318503937007
11
0.1437374409448819
21
1.8170674409448819
0
LINE
8
BLACK
6
CONTINUOUS
10
0.1437374409448819
20
1.8170674409448819
11
0.1429227952755905
21
1.8162527952755905
0
LINE
8
BLACK
6
CONTINUOUS
10
0.1429227952755905
20
1.8162527952755905
11
0.1418583858267717
21
1.8158118897637794
0
LINE
8
BLACK
6
CONTINUOUS
10
0.1418583858267717
20
1.8158118897637794
11
0.1407062598425197
21
1.8158118897637794
0
LINE
8
BLACK
6
CONTINUOUS
10
0.1407062598425197
20
1.8158118897637794
11
0.1396418503937008
21
1.8162527952755905
0
LINE
8
BLACK
6
CONTINUOUS
10
0.1396418503937008
20
1.8162527952755905
11
0.1388272047244095
21
1.8170674409448819
0
LINE
8
BLACK
6
CONTINUOUS
10
0.1388272047244095
20
1.8170674409448819
11
0.1383862992125984
21
1.8181318503937007
0
LINE
8
BLACK
6
CONTINUOUS
10
0.1383862992125984
20
1.8181318503937007
11
0.1383295669291339
21
1.8187079133858268
0
LINE
8
BLACK
6
CONTINUOUS
10
0.1383295669291339
20
1.8187079133858268
11
0.1383295669291339
21
1.8580779921259842
0
LINE
8
BLACK
6
CONTINUOUS
10
0.1383295669291339
20
1.8580779921259842
11
0.1383668503937008
21
1.8584568110236219
0
LINE
8
BLACK
6
CONTINUOUS
10
0.1383668503937008
20
1.8584568110236219
11
0.1383638188976378
21
1.8585263385826771
0
LINE
8
BLACK
6
CONTINUOUS
10
0.1383638188976378
20
1.8585263385826771
11
0.1383773622047244
21
1.8585637007874016
0
LINE
8
BLACK
6
CONTINUOUS
10
0.1383773622047244
20
1.8585637007874016
11
0.1383862992125984
21
1.8586540551181101
0
LINE
8
BLACK
6
CONTINUOUS
10
0.1383862992125984
20
1.8586540551181101
11
0.1385824015748031
21
1.8591275590551182
0
LINE
8
BLACK
6
CONTINUOUS
10
0.1385824015748031
20
1.8591275590551182
11
0.1387575196850394
21
1.8596090551181101
0
LINE
8
BLACK
6
CONTINUOUS
10
0.1387575196850394
20
1.8596090551181101
11
0.138801968503937
21
1.8596576377952756
0
LINE
8
BLACK
6
CONTINUOUS
10
0.138801968503937
20
1.8596576377952756
11
0.1388272047244095
21
1.8597184645669291
0
LINE
8
BLACK
6
CONTINUOUS
10
0.1388272047244095
20
1.8597184645669291
11
0.1391896062992126
21
1.860080905511811
0
LINE
8
BLACK
6
CONTINUOUS
10
0.1391896062992126
20
1.860080905511811
11
0.1395356299212598
21
1.8604587007874016
0
LINE
8
BLACK
6
CONTINUOUS
10
0.1395356299212598
20
1.8604587007874016
11
0.1395952755905512
21
1.8604865748031496
0
LINE
8
BLACK
6
CONTINUOUS
10
0.1395952755905512
20
1.8604865748031496
11
0.1396418503937008
21
1.8605331102362204
0
LINE
8
BLACK
6
CONTINUOUS
10
0.1396418503937008
20
1.8605331102362204
11
0.1401151181102362
21
1.8607291732283464
0
LINE
8
BLACK
6
CONTINUOUS
10
0.1401151181102362
20
1.8607291732283464
11
0.1405796456692913
21
1.8609459448818897
0
LINE
8
BLACK
6
CONTINUOUS
10
0.1405796456692913
20
1.8609459448818897
11
0.1406454330708661
21
1.8609488582677165
0
LINE
8
BLACK
6
CONTINUOUS
10
0.1406454330708661
20
1.8609488582677165
11
0.1407062598425197
21
1.8609740157480315
0
LINE
8
BLACK
6
CONTINUOUS
10
0.1407062598425197
20
1.8609740157480315
11
0.1412188188976378
21
1.8609740157480315
0
LINE
8
BLACK
6
CONTINUOUS
10
0.1412188188976378
20
1.8609740157480315
11
0.1417306692913386
21
1.8609964960629921
0
LINE
8
BLACK
6
CONTINUOUS
10
0.1417306692913386
20
1.8609964960629921
11
0.1417924803149606
21
1.8609740157480315
0
LINE
8
BLACK
6
CONTINUOUS
10
0.1417924803149606
20
1.8609740157480315
11
0.1418583858267717
21
1.8609740157480315
0
LINE
8
BLACK
6
CONTINUOUS
10
0.1418583858267717
20
1.8609740157480315
11
0.1423318503937008
21
1.8607779133858267
0
LINE
8
BLACK
6
CONTINUOUS
10
0.1423318503937008
20
1.8607779133858267
11
0.1428133858267716
21
1.8606027952755906
0
LINE
8
BLACK
6
CONTINUOUS
10
0.1428133858267716
20
1.8606027952755906
11
0.1428619291338583
21
1.8605583464566928
0
LINE
8
BLACK
6
CONTINUOUS
10
0.1428619291338583
20
1.8605583464566928
11
0.1429227952755905
21
1.8605331102362204
0
LINE
8
BLACK
6
CONTINUOUS
10
0.1429227952755905
20
1.8605331102362204
11
0.1432851968503937
21
1.8601707086614172
0
LINE
8
BLACK
6
CONTINUOUS
10
0.1432851968503937
20
1.8601707086614172
11
0.143663031496063
21
1.85982468503937
0
LINE
8
BLACK
6
CONTINUOUS
10
0.143663031496063
20
1.85982468503937
11
0.1437092519685039
21
1.8597466535433071
0
LINE
8
BLACK
6
CONTINUOUS
10
0.1437092519685039
20
1.8597466535433071
11
0.1437374409448819
21
1.8597184645669291
0
LINE
8
BLACK
6
CONTINUOUS
10
0.1437374409448819
20
1.8597184645669291
11
0.1437641338582677
21
1.8596540551181102
0
LINE
8
BLACK
6
CONTINUOUS
10
0.1437641338582677
20
1.8596540551181102
11
0.1439580708661417
21
1.8593266535433071
0
LINE
8
BLACK
6
CONTINUOUS
10
0.1439580708661417
20
1.8593266535433071
11
0.1544056299212598
21
1.8369389763779527
0
LINE
8
BLACK
6
CONTINUOUS
10
0.1544056299212598
20
1.8369389763779527
11
0.1648532677165354
21
1.8593266929133858
0
LINE
8
BLACK
6
CONTINUOUS
10
0.1648532677165354
20
1.8593266929133858
11
0.1650472440944882
21
1.8596541732283465
0
LINE
8
BLACK
6
CONTINUOUS
10
0.1650472440944882
20
1.8596541732283465
11
0.1650738976377953
21
1.8597184645669291
0
LINE
8
BLACK
6
CONTINUOUS
10
0.1650738976377953
20
1.8597184645669291
11
0.1651020078740157
21
1.8597466141732284
0
LINE
8
BLACK
6
CONTINUOUS
10
0.1651020078740157
20
1.8597466141732284
11
0.1651483070866142
21
1.8598247244094488
0
LINE
8
BLACK
6
CONTINUOUS
10
0.1651483070866142
20
1.8598247244094488
11
0.1655263779527559
21
1.8601709842519685
0
LINE
8
BLACK
6
CONTINUOUS
10
0.1655263779527559
20
1.8601709842519685
11
0.1658885433070866
21
1.8605331102362204
0
LINE
8
BLACK
6
CONTINUOUS
10
0.1658885433070866
20
1.8605331102362204
11
0.1659493700787402
21
1.8605583070866141
0
LINE
8
BLACK
6
CONTINUOUS
10
0.1659493700787402
20
1.8605583070866141
11
0.1659979527559055
21
1.8606027952755906
0
LINE
8
BLACK
6
CONTINUOUS
10
0.1659979527559055
20
1.8606027952755906
11
0.1664797637795276
21
1.8607780314960629
0
LINE
8
BLACK
6
CONTINUOUS
10
0.1664797637795276
20
1.8607780314960629
11
0.1669529527559055
21
1.8609740157480315
0
LINE
8
BLACK
6
CONTINUOUS
10
0.1669529527559055
20
1.8609740157480315
11
0.1670187401574803
21
1.8609740157480315
0
LINE
8
BLACK
6
CONTINUOUS
10
0.1670187401574803
20
1.8609740157480315
11
0.1670806692913386
21
1.8609965354330709
0
LINE
8
BLACK
6
CONTINUOUS
10
0.1670806692913386
20
1.8609965354330709
11
0.167593031496063
21
1.8609740157480315
0
LINE
8
BLACK
6
CONTINUOUS
10
0.2693424409448819
20
1.8478506692913386
11
0.2694404330708661
21
1.8478100787401575
0
LINE
8
BLACK
6
CONTINUOUS
10
0.2694404330708661
20
1.8478100787401575
11
0.2695462598425197
21
1.8478025590551181
0
LINE
8
BLACK
6
CONTINUOUS
10
0.2695462598425197
20
1.8478025590551181
11
0.2700868897637795
21
1.8475956692913384
0
LINE
8
BLACK
6
CONTINUOUS
10
0.2700868897637795
20
1.8475956692913384
11
0.2738364173228346
21
1.8457209055118109
0
LINE
8
BLACK
6
CONTINUOUS
10
0.2738364173228346
20
1.8457209055118109
11
0.2739327559055118
21
1.8456602755905511
0
LINE
8
BLACK
6
CONTINUOUS
10
0.2739327559055118
20
1.8456602755905511
11
0.2739781889763779
21
1.8456451181102362
0
LINE
8
BLACK
6
CONTINUOUS
10
0.2739781889763779
20
1.8456451181102362
11
0.2740347244094488
21
1.8455961023622047
0
LINE
8
BLACK
6
CONTINUOUS
10
0.2740347244094488
20
1.8455961023622047
11
0.2743262992125984
21
1.845412559055118
0
LINE
8
BLACK
6
CONTINUOUS
10
0.2743262992125984
20
1.845412559055118
11
0.2745688582677165
21
1.845132874015748
0
LINE
8
BLACK
6
CONTINUOUS
10
0.2745688582677165
20
1.845132874015748
11
0.2748485826771653
21
1.8448902755905512
0
LINE
8
BLACK
6
CONTINUOUS
10
0.2748485826771653
20
1.8448902755905512
11
0.2750320866141732
21
1.8445987401574804
0
LINE
8
BLACK
6
CONTINUOUS
10
0.2750320866141732
20
1.8445987401574804
11
0.2750811417322835
21
1.8445421653543306
0
LINE
8
BLACK
6
CONTINUOUS
10
0.2750811417322835
20
1.8445421653543306
11
0.2750962598425197
21
1.8444967716535432
0
LINE
8
BLACK
6
CONTINUOUS
10
0.2750962598425197
20
1.8444967716535432
11
0.2751569291338583
21
1.8444003937007873
0
LINE
8
BLACK
6
CONTINUOUS
10
0.2751569291338583
20
1.8444003937007873
11
0.2770316929133858
21
1.8406508661417322
0
LINE
8
BLACK
6
CONTINUOUS
10
0.2770316929133858
20
1.8406508661417322
11
0.2772385826771653
21
1.8401102755905512
0
LINE
8
BLACK
6
CONTINUOUS
10
0.2772385826771653
20
1.8401102755905512
11
0.2772461023622047
21
1.8400044094488188
0
LINE
8
BLACK
6
CONTINUOUS
10
0.2772461023622047
20
1.8400044094488188
11
0.2772866929133858
21
1.8399064173228346
0
LINE
8
BLACK
6
CONTINUOUS
10
0.2772866929133858
20
1.8399064173228346
11
0.2773434251968504
21
1.8393303543307087
0
LINE
8
BLACK
6
CONTINUOUS
10
0.2773434251968504
20
1.8393303543307087
11
0.2773434251968504
21
1.8187079133858268
0
LINE
8
BLACK
6
CONTINUOUS
10
0.2773434251968504
20
1.8187079133858268
11
0.2772866929133858
21
1.8181318503937007
0
LINE
8
BLACK
6
CONTINUOUS
10
0.2772866929133858
20
1.8181318503937007
11
0.2768457874015748
21
1.8170674409448819
0
LINE
8
BLACK
6
CONTINUOUS
10
0.2768457874015748
20
1.8170674409448819
11
0.2760311417322834
21
1.8162527952755905
0
LINE
8
BLACK
6
CONTINUOUS
10
0.2760311417322834
20
1.8162527952755905
11
0.2749667322834646
21
1.8158118897637794
0
LINE
8
BLACK
6
CONTINUOUS
10
0.2749667322834646
20
1.8158118897637794
11
0.2738146062992126
21
1.8158118897637794
0
LINE
8
BLACK
6
CONTINUOUS
10
0.2738146062992126
20
1.8158118897637794
11
0.2727501968503937
21
1.8162527952755905
0
LINE
8
BLACK
6
CONTINUOUS
10
0.2727501968503937
20
1.8162527952755905
11
0.2719355511811024
21
1.8170674409448819
0
LINE
8
BLACK
6
CONTINUOUS
10
0.2719355511811024
20
1.8170674409448819
11
0.2714946456692913
21
1.8181318503937007
0
LINE
8
BLACK
6
CONTINUOUS
10
0.2714946456692913
20
1.8181318503937007
11
0.2714379133858268
21
1.8187079133858268
0
LINE
8
BLACK
6
CONTINUOUS
10
0.2714379133858268
20
1.8187079133858268
11
0.2714379133858268
21
1.8386333070866141
0
LINE
8
BLACK
6
CONTINUOUS
10
0.2714379133858268
20
1.8386333070866141
11
0.2703150393700787
21
1.8408790551181102
0
LINE
8
BLACK
6
CONTINUOUS
10
0.2703150393700787
20
1.8408790551181102
11
0.2680693307086614
21
1.8420018897637795
0
LINE
8
BLACK
6
CONTINUOUS
10
0.2680693307086614
20
1.8420018897637795
11
0.2638391338582677
21
1.8420018897637795
0
LINE
8
BLACK
6
CONTINUOUS
10
0.2638391338582677
20
1.8420018897637795
11
0.2611416535433071
21
1.8406531496062992
0
LINE
8
BLACK
6
CONTINUOUS
10
0.2611416535433071
20
1.8406531496062992
11
0.2604705511811023
21
1.8399820472440944
0
LINE
8
BLACK
6
CONTINUOUS
10
0.2604705511811023
20
1.8399820472440944
11
0.2604705511811023
21
1.8187079133858268
0
LINE
8
BLACK
6
CONTINUOUS
10
0.2604705511811023
20
1.8187079133858268
11
0.2604138188976378
21
1.8181318503937007
0
LINE
8
BLACK
6
CONTINUOUS
10
0.2604138188976378
20
1.8181318503937007
11
0.2599729133858268
21
1.8170674409448819
0
LINE
8
BLACK
6
CONTINUOUS
10
0.2599729133858268
20
1.8170674409448819
11
0.2591582677165354
21
1.8162527952755905
0
LINE
8
BLACK
6
CONTINUOUS
10
0.2591582677165354
20
1.8162527952755905
11
0.2580938582677165
21
1.8158118897637794
0
LINE
8
BLACK
6
CONTINUOUS
10
0.2580938582677165
20
1.8158118897637794
11
0.2569417322834646
21
1.8158118897637794
0
LINE
8
BLACK
6
CONTINUOUS
10
0.2569417322834646
20
1.8158118897637794
11
0.2558773228346456
21
1.8162527952755905
0
LINE
8
BLACK
6
CONTINUOUS
10
0.2558773228346456
20
1.8162527952755905
11
0.2550626771653543
21
1.8170674409448819
0
LINE
8
BLACK
6
CONTINUOUS
10
0.2550626771653543
20
1.8170674409448819
11
0.2546217716535433
21
1.8181318503937007
0
LINE
8
BLACK
6
CONTINUOUS
10
0.2546217716535433
20
1.8181318503937007
11
0.2545650393700787
21
1.8187079133858268
0
LINE
8
BLACK
6
CONTINUOUS
10
0.2545650393700787
20
1.8187079133858268
11
0.2545650393700787
21
1.8449546456692913
0
LINE
8
BLACK
6
CONTINUOUS
10
0.2545650393700787
20
1.8449546456692913
11
0.2546217716535433
21
1.8455307086614172
0
LINE
8
BLACK
6
CONTINUOUS
10
0.2546217716535433
20
1.8455307086614172
11
0.2550626771653543
21
1.8465951181102362
0
LINE
8
BLACK
6
CONTINUOUS
10
0.2550626771653543
20
1.8465951181102362
11
0.2558773228346456
21
1.8474097637795275
0
LINE
8
BLACK
6
CONTINUOUS
10
0.2558773228346456
20
1.8474097637795275
11
0.2569417322834646
21
1.8478506692913386
0
LINE
8
BLACK
6
CONTINUOUS
10
0.2569417322834646
20
1.8478506692913386
11
0.2580938582677165
21
1.8478506692913386
0
LINE
8
BLACK
6
CONTINUOUS
10
0.2580938582677165
20
1.8478506692913386
11
0.2591582677165354
21
1.8474097637795275
0
LINE
8
BLACK
6
CONTINUOUS
10
0.2591582677165354
20
1.8474097637795275
11
0.2599220866141732
21
1.8466459448818897
0
LINE
8
BLACK
6
CONTINUOUS
10
0.2599220866141732
20
1.8466459448818897
11
0.2618215748031496
21
1.8475956692913384
0
LINE
8
BLACK
6
CONTINUOUS
10
0.2618215748031496
20
1.8475956692913384
11
0.2623621653543307
21
1.8478025590551181
0
LINE
8
BLACK
6
CONTINUOUS
10
0.2623621653543307
20
1.8478025590551181
11
0.262468031496063
21
1.8478101181102362
0
LINE
8
BLACK
6
CONTINUOUS
10
0.262468031496063
20
1.8478101181102362
11
0.2625660236220472
21
1.8478506692913386
0
LINE
8
BLACK
6
CONTINUOUS
10
0.2625660236220472
20
1.8478506692913386
11
0.2631420866141732
21
1.8479074015748032
0
LINE
8
BLACK
6
CONTINUOUS
10
0.2631420866141732
20
1.8479074015748032
11
0.2687663779527559
21
1.8479074015748032
0
LINE
8
BLACK
6
CONTINUOUS
10
0.2687663779527559
20
1.8479074015748032
11
0.2693424409448819
21
1.8478506692913386
0
LINE
8
BLACK
6
CONTINUOUS
10
0.3172760236220472
20
1.8474097637795275
11
0.3180906692913386
21
1.8465951181102362
0
LINE
8
BLACK
6
CONTINUOUS
10
0.3180906692913386
20
1.8465951181102362
11
0.3185315748031496
21
1.8455307086614172
0
LINE
8
BLACK
6
CONTINUOUS
10
0.3185315748031496
20
1.8455307086614172
11
0.3185883070866142
21
1.8449546456692913
0
LINE
8
BLACK
6
CONTINUOUS
10
0.3185883070866142
20
1.8449546456692913
11
0.3185883070866142
21
1.8187079133858268
0
LINE
8
BLACK
6
CONTINUOUS
10
0.3185883070866142
20
1.8187079133858268
11
0.3185315748031496
21
1.8181318503937007
0
LINE
8
BLACK
6
CONTINUOUS
10
0.3185315748031496
20
1.8181318503937007
11
0.3180906692913386
21
1.8170674409448819
0
LINE
8
BLACK
6
CONTINUOUS
10
0.3180906692913386
20
1.8170674409448819
11
0.3172760236220472
21
1.8162527952755905
0
LINE
8
BLACK
6
CONTINUOUS
10
0.3172760236220472
20
1.8162527952755905
11
0.3162116141732284
21
1.8158118897637794
0
LINE
8
BLACK
6
CONTINUOUS
10
0.3162116141732284
20
1.8158118897637794
11
0.3150594881889764
21
1.8158118897637794
0
LINE
8
BLACK
6
CONTINUOUS
10
0.3150594881889764
20
1.8158118897637794
11
0.3139950787401575
21
1.8162527952755905
0
LINE
8
BLACK
6
CONTINUOUS
10
0.3139950787401575
20
1.8162527952755905
11
0.3131804330708661
21
1.8170674409448819
0
LINE
8
BLACK
6
CONTINUOUS
10
0.3131804330708661
20
1.8170674409448819
11
0.3127395275590551
21
1.8181318503937007
0
LINE
8
BLACK
6
CONTINUOUS
10
0.3127395275590551
20
1.8181318503937007
11
0.3126827952755906
21
1.8187079133858268
0
LINE
8
BLACK
6
CONTINUOUS
10
0.3126827952755906
20
1.8187079133858268
11
0.3126827952755906
21
1.8449546456692913
0
LINE
8
BLACK
6
CONTINUOUS
10
0.3126827952755906
20
1.8449546456692913
11
0.3127395275590551
21
1.8455307086614172
0
LINE
8
BLACK
6
CONTINUOUS
10
0.3127395275590551
20
1.8455307086614172
11
0.3131804330708661
21
1.8465951181102362
0
LINE
8
BLACK
6
CONTINUOUS
10
0.3131804330708661
20
1.8465951181102362
11
0.3139950787401575
21
1.8474097637795275
0
LINE
8
BLACK
6
CONTINUOUS
10
0.3139950787401575
20
1.8474097637795275
11
0.3150594881889764
21
1.8478506692913386
0
LINE
8
BLACK
6
CONTINUOUS
10
0.3150594881889764
20
1.8478506692913386
11
0.3162116141732284
21
1.8478506692913386
0
LINE
8
BLACK
6
CONTINUOUS
10
0.3162116141732284
20
1.8478506692913386
11
0.3172760236220472
21
1.8474097637795275
0
LINE
8
BLACK
6
CONTINUOUS
10
0.3462078346456693
20
1.8478506692913386
11
0.3463058267716536
21
1.8478100787401575
0
LINE
8
BLACK
6
CONTINUOUS
10
0.3463058267716536
20
1.8478100787401575
11
0.3464116535433071
21
1.8478025590551181
0
LINE
8
BLACK
6
CONTINUOUS
10
0.3464116535433071
20
1.8478025590551181
11
0.3469522834645669
21
1.8475956692913384
0
LINE
8
BLACK
6
CONTINUOUS
10
0.3469522834645669
20
1.8475956692913384
11
0.350701811023622
21
1.8457209055118109
0
LINE
8
BLACK
6
CONTINUOUS
10
0.350701811023622
20
1.8457209055118109
11
0.3507981496062992
21
1.8456602755905511
0
LINE
8
BLACK
6
CONTINUOUS
10
0.3507981496062992
20
1.8456602755905511
11
0.3508435826771654
21
1.8456451181102362
0
LINE
8
BLACK
6
CONTINUOUS
10
0.3508435826771654
20
1.8456451181102362
11
0.3509001181102362
21
1.8455961023622047
0
LINE
8
BLACK
6
CONTINUOUS
10
0.3509001181102362
20
1.8455961023622047
11
0.3511916929133858
21
1.845412559055118
0
LINE
8
BLACK
6
CONTINUOUS
10
0.3511916929133858
20
1.845412559055118
11
0.3514342519685039
21
1.845132874015748
0
LINE
8
BLACK
6
CONTINUOUS
10
0.3514342519685039
20
1.845132874015748
11
0.3517139763779528
21
1.8448902755905512
0
LINE
8
BLACK
6
CONTINUOUS
10
0.3517139763779528
20
1.8448902755905512
11
0.3518974803149606
21
1.8445987401574804
0
LINE
8
BLACK
6
CONTINUOUS
10
0.3518974803149606
20
1.8445987401574804
11
0.3519465354330709
21
1.8445421653543306
0
LINE
8
BLACK
6
CONTINUOUS
10
0.3519465354330709
20
1.8445421653543306
11
0.3519616535433071
21
1.8444967716535432
0
LINE
8
BLACK
6
CONTINUOUS
10
0.3519616535433071
20
1.8444967716535432
11
0.3520223228346457
21
1.8444003937007873
0
LINE
8
BLACK
6
CONTINUOUS
10
0.3520223228346457
20
1.8444003937007873
11
0.3538970866141732
21
1.8406508661417322
0
LINE
8
BLACK
6
CONTINUOUS
10
0.3538970866141732
20
1.8406508661417322
11
0.3541039763779528
21
1.8401102755905512
0
LINE
8
BLACK
6
CONTINUOUS
10
0.3541039763779528
20
1.8401102755905512
11
0.3541114960629921
21
1.8400044094488188
0
LINE
8
BLACK
6
CONTINUOUS
10
0.3541114960629921
20
1.8400044094488188
11
0.3541520866141732
21
1.8399064173228346
0
LINE
8
BLACK
6
CONTINUOUS
10
0.3541520866141732
20
1.8399064173228346
11
0.3542088188976378
21
1.8393303543307087
0
LINE
8
BLACK
6
CONTINUOUS
10
0.3542088188976378
20
1.8393303543307087
11
0.3542088188976378
21
1.8187079133858268
0
LINE
8
BLACK
6
CONTINUOUS
10
0.3542088188976378
20
1.8187079133858268
11
0.3541520866141732
21
1.8181318503937007
0
LINE
8
BLACK
6
CONTINUOUS
10
0.3541520866141732
20
1.8181318503937007
11
0.3537111811023622
21
1.8170674409448819
0
LINE
8
BLACK
6
CONTINUOUS
10
0.3537111811023622
20
1.8170674409448819
11
0.3528965354330709
21
1.8162527952755905
0
LINE
8
BLACK
6
CONTINUOUS
10
0.3528965354330709
20
1.8162527952755905
11
0.351832125984252
21
1.8158118897637794
0
LINE
8
BLACK
6
CONTINUOUS
10
0.351832125984252
20
1.8158118897637794
11
0.35068
21
1.8158118897637794
0
LINE
8
BLACK
6
CONTINUOUS
10
0.35068
20
1.8158118897637794
11
0.3496155905511811
21
1.8162527952755905
0
LINE
8
BLACK
6
CONTINUOUS
10
0.3496155905511811
20
1.8162527952755905
11
0.3488009448818897
21
1.8170674409448819
0
LINE
8
BLACK
6
CONTINUOUS
10
0.3488009448818897
20
1.8170674409448819
11
0.3483600393700788
21
1.8181318503937007
0
LINE
8
BLACK
6
CONTINUOUS
10
0.3483600393700788
20
1.8181318503937007
11
0.3483033070866142
21
1.8187079133858268
0
LINE
8
BLACK
6
CONTINUOUS
10
0.3483033070866142
20
1.8187079133858268
11
0.3483033070866142
21
1.8386333070866141
0
LINE
8
BLACK
6
CONTINUOUS
10
0.3483033070866142
20
1.8386333070866141
11
0.3471804330708662
21
1.8408790551181102
0
LINE
8
BLACK
6
CONTINUOUS
10
0.3471804330708662
20
1.8408790551181102
11
0.3449347244094488
21
1.8420018897637795
0
LINE
8
BLACK
6
CONTINUOUS
10
0.3449347244094488
20
1.8420018897637795
11
0.3407045275590551
21
1.8420018897637795
0
LINE
8
BLACK
6
CONTINUOUS
10
0.3407045275590551
20
1.8420018897637795
11
0.3380070472440945
21
1.8406531496062992
0
LINE
8
BLACK
6
CONTINUOUS
10
0.3380070472440945
20
1.8406531496062992
11
0.3373359448818898
21
1.8399820472440944
0
LINE
8
BLACK
6
CONTINUOUS
10
0.3373359448818898
20
1.8399820472440944
11
0.3373359448818898
21
1.8187079133858268
0
LINE
8
BLACK
6
CONTINUOUS
10
0.3373359448818898
20
1.8187079133858268
11
0.3372792125984252
21
1.8181318503937007
0
LINE
8
BLACK
6
CONTINUOUS
10
0.3372792125984252
20
1.8181318503937007
11
0.3368383070866142
21
1.8170674409448819
0
LINE
8
BLACK
6
CONTINUOUS
10
0.3368383070866142
20
1.8170674409448819
11
0.3360236614173228
21
1.8162527952755905
0
LINE
8
BLACK
6
CONTINUOUS
10
0.3360236614173228
20
1.8162527952755905
11
0.334959251968504
21
1.8158118897637794
0
LINE
8
BLACK
6
CONTINUOUS
10
0.334959251968504
20
1.8158118897637794
11
0.3338071259842519
21
1.8158118897637794
0
LINE
8
BLACK
6
CONTINUOUS
10
0.3338071259842519
20
1.8158118897637794
11
0.3327427165354331
21
1.8162527952755905
0
LINE
8
BLACK
6
CONTINUOUS
10
0.3327427165354331
20
1.8162527952755905
11
0.3319280708661417
21
1.8170674409448819
0
LINE
8
BLACK
6
CONTINUOUS
10
0.3319280708661417
20
1.8170674409448819
11
0.3314871653543307
21
1.8181318503937007
0
LINE
8
BLACK
6
CONTINUOUS
10
0.3314871653543307
20
1.8181318503937007
11
0.3314304330708661
21
1.8187079133858268
0
LINE
8
BLACK
6
CONTINUOUS
10
0.3314304330708661
20
1.8187079133858268
11
0.3314304330708661
21
1.8449546456692913
0
LINE
8
BLACK
6
CONTINUOUS
10
0.3314304330708661
20
1.8449546456692913
11
0.3314871653543307
21
1.8455307086614172
0
LINE
8
BLACK
6
CONTINUOUS
10
0.3314871653543307
20
1.8455307086614172
11
0.3319280708661417
21
1.8465951181102362
0
LINE
8
BLACK
6
CONTINUOUS
10
0.3319280708661417
20
1.8465951181102362
11
0.3327427165354331
21
1.8474097637795275
0
LINE
8
BLACK
6
CONTINUOUS
10
0.3327427165354331
20
1.8474097637795275
11
0.3338071259842519
21
1.8478506692913386
0
LINE
8
BLACK
6
CONTINUOUS
10
0.3338071259842519
20
1.8478506692913386
11
0.334959251968504
21
1.8478506692913386
0
LINE
8
BLACK
6
CONTINUOUS
10
0.334959251968504
20
1.8478506692913386
11
0.3360236614173228
21
1.8474097637795275
0
LINE
8
BLACK
6
CONTINUOUS
10
0.3360236614173228
20
1.8474097637795275
11
0.3367874803149606
21
1.8466459448818897
0
LINE
8
BLACK
6
CONTINUOUS
10
0.3367874803149606
20
1.8466459448818897
11
0.338686968503937
21
1.8475956692913384
0
LINE
8
BLACK
6
CONTINUOUS
10
0.338686968503937
20
1.8475956692913384
11
0.3392275590551181
21
1.8478025590551181
0
LINE
8
BLACK
6
CONTINUOUS
10
0.3392275590551181
20
1.8478025590551181
11
0.3393334251968504
21
1.8478101181102362
0
LINE
8
BLACK
6
CONTINUOUS
10
0.3393334251968504
20
1.8478101181102362
11
0.3394314173228347
21
1.8478506692913386
0
LINE
8
BLACK
6
CONTINUOUS
10
0.3394314173228347
20
1.8478506692913386
11
0.3400074803149606
21
1.8479074015748032
0
LINE
8
BLACK
6
CONTINUOUS
10
0.3400074803149606
20
1.8479074015748032
11
0.3456317716535433
21
1.8479074015748032
0
LINE
8
BLACK
6
CONTINUOUS
10
0.3456317716535433
20
1.8479074015748032
11
0.3462078346456693
21
1.8478506692913386
0
LINE
8
BLACK
6
CONTINUOUS
10
0.4072647637795275
20
1.8605331102362204
11
0.4080794094488189
21
1.8597184645669291
0
LINE
8
BLACK
6
CONTINUOUS
10
0.4080794094488189
20
1.8597184645669291
11
0.4085203149606299
21
1.8586540551181101
0
LINE
8
BLACK
6
CONTINUOUS
10
0.4085203149606299
20
1.8586540551181101
11
0.4085770472440945
21
1.8580779921259842
0
LINE
8
BLACK
6
CONTINUOUS
10
0.4085770472440945
20
1.8580779921259842
11
0.4085770472440945
21
1.8422831102362205
0
LINE
8
BLACK
6
CONTINUOUS
10
0.4085770472440945
20
1.8422831102362205
11
0.4251687007874015
21
1.8422831102362205
0
LINE
8
BLACK
6
CONTINUOUS
10
0.4251687007874015
20
1.8422831102362205
11
0.4251687007874015
21
1.8580779921259842
0
LINE
8
BLACK
6
CONTINUOUS
10
0.4251687007874015
20
1.8580779921259842
11
0.4252254330708661
21
1.8586540551181101
0
LINE
8
BLACK
6
CONTINUOUS
10
0.4252254330708661
20
1.8586540551181101
11
0.4256663385826772
21
1.8597184645669291
0
LINE
8
BLACK
6
CONTINUOUS
10
0.4256663385826772
20
1.8597184645669291
11
0.4264809842519685
21
1.8605331102362204
0
LINE
8
BLACK
6
CONTINUOUS
10
0.4264809842519685
20
1.8605331102362204
11
0.4275453937007874
21
1.8609740157480315
0
LINE
8
BLACK
6
CONTINUOUS
10
0.4275453937007874
20
1.8609740157480315
11
0.4286975196850394
21
1.8609740157480315
0
LINE
8
BLACK
6
CONTINUOUS
10
0.4286975196850394
20
1.8609740157480315
11
0.4297619291338582
21
1.8605331102362204
0
LINE
8
BLACK
6
CONTINUOUS
10
0.4297619291338582
20
1.8605331102362204
11
0.4305765748031496
21
1.8597184645669291
0
LINE
8
BLACK
6
CONTINUOUS
10
0.4305765748031496
20
1.8597184645669291
11
0.4310174803149606
21
1.8586540551181101
0
LINE
8
BLACK
6
CONTINUOUS
10
0.4310174803149606
20
1.8586540551181101
11
0.4310742125984252
21
1.8580779921259842
0
LINE
8
BLACK
6
CONTINUOUS
10
0.4310742125984252
20
1.8580779921259842
11
0.4310742125984252
21
1.8187079133858268
0
LINE
8
BLACK
6
CONTINUOUS
10
0.4310742125984252
20
1.8187079133858268
11
0.4310174803149606
21
1.8181318503937007
0
LINE
8
BLACK
6
CONTINUOUS
10
0.4310174803149606
20
1.8181318503937007
11
0.4305765748031496
21
1.8170674409448819
0
LINE
8
BLACK
6
CONTINUOUS
10
0.4305765748031496
20
1.8170674409448819
11
0.4297619291338582
21
1.8162527952755905
0
LINE
8
BLACK
6
CONTINUOUS
10
0.4297619291338582
20
1.8162527952755905
11
0.4286975196850394
21
1.8158118897637794
0
LINE
8
BLACK
6
CONTINUOUS
10
0.4286975196850394
20
1.8158118897637794
11
0.4275453937007874
21
1.8158118897637794
0
LINE
8
BLACK
6
CONTINUOUS
10
0.4275453937007874
20
1.8158118897637794
11
0.4264809842519685
21
1.8162527952755905
0
LINE
8
BLACK
6
CONTINUOUS
10
0.4264809842519685
20
1.8162527952755905
11
0.4256663385826772
21
1.8170674409448819
0
LINE
8
BLACK
6
CONTINUOUS
10
0.4256663385826772
20
1.8170674409448819
11
0.4252254330708661
21
1.8181318503937007
0
LINE
8
BLACK
6
CONTINUOUS
10
0.4252254330708661
20
1.8181318503937007
11
0.4251687007874015
21
1.8187079133858268
0
LINE
8
BLACK
6
CONTINUOUS
10
0.4251687007874015
20
1.8187079133858268
11
0.4251687007874015
21
1.8363775984251969
0
LINE
8
BLACK
6
CONTINUOUS
10
0.4251687007874015
20
1.8363775984251969
11
0.4085770472440945
21
1.8363775984251969
0
LINE
8
BLACK
6
CONTINUOUS
10
0.4085770472440945
20
1.8363775984251969
11
0.4085770472440945
21
1.8187079133858268
0
LINE
8
BLACK
6
CONTINUOUS
10
0.4085770472440945
20
1.8187079133858268
11
0.4085203149606299
21
1.8181318503937007
0
LINE
8
BLACK
6
CONTINUOUS
10
0.4085203149606299
20
1.8181318503937007
11
0.4080794094488189
21
1.8170674409448819
0
LINE
8
BLACK
6
CONTINUOUS
10
0.4080794094488189
20
1.8170674409448819
11
0.4072647637795275
21
1.8162527952755905
0
LINE
8
BLACK
6
CONTINUOUS
10
0.4072647637795275
20
1.8162527952755905
11
0.4062003543307087
21
1.8158118897637794
0
LINE
8
BLACK
6
CONTINUOUS
10
0.4062003543307087
20
1.8158118897637794
11
0.4050482283464567
21
1.8158118897637794
0
LINE
8
BLACK
6
CONTINUOUS
10
0.4050482283464567
20
1.8158118897637794
11
0.4039838188976378
21
1.8162527952755905
0
LINE
8
BLACK
6
CONTINUOUS
10
0.4039838188976378
20
1.8162527952755905
11
0.4031691732283464
21
1.8170674409448819
0
LINE
8
BLACK
6
CONTINUOUS
10
0.4031691732283464
20
1.8170674409448819
11
0.4027282677165354
21
1.8181318503937007
0
LINE
8
BLACK
6
CONTINUOUS
10
0.4027282677165354
20
1.8181318503937007
11
0.4026715354330709
21
1.8187079133858268
0
LINE
8
BLACK
6
CONTINUOUS
10
0.4026715354330709
20
1.8187079133858268
11
0.4026715354330709
21
1.8580779921259842
0
LINE
8
BLACK
6
CONTINUOUS
10
0.4026715354330709
20
1.8580779921259842
11
0.4027282677165354
21
1.8586540551181101
0
LINE
8
BLACK
6
CONTINUOUS
10
0.4027282677165354
20
1.8586540551181101
11
0.4031691732283464
21
1.8597184645669291
0
LINE
8
BLACK
6
CONTINUOUS
10
0.4031691732283464
20
1.8597184645669291
11
0.4039838188976378
21
1.8605331102362204
0
LINE
8
BLACK
6
CONTINUOUS
10
0.4039838188976378
20
1.8605331102362204
11
0.4050482283464567
21
1.8609740157480315
0
LINE
8
BLACK
6
CONTINUOUS
10
0.4050482283464567
20
1.8609740157480315
11
0.4062003543307087
21
1.8609740157480315
0
LINE
8
BLACK
6
CONTINUOUS
10
0.4062003543307087
20
1.8609740157480315
11
0.4072647637795275
21
1.8605331102362204
0
LINE
8
BLACK
6
CONTINUOUS
10
0.5824283464566929
20
1.8609740157480315
11
0.5825263385826771
21
1.8609334251968503
0
LINE
8
BLACK
6
CONTINUOUS
10
0.5825263385826771
20
1.8609334251968503
11
0.5826321653543307
21
1.860925905511811
0
LINE
8
BLACK
6
CONTINUOUS
10
0.5826321653543307
20
1.860925905511811
11
0.5831727952755905
21
1.8607190157480316
0
LINE
8
BLACK
6
CONTINUOUS
10
0.5831727952755905
20
1.8607190157480316
11
0.5869223228346456
21
1.858844251968504
0
LINE
8
BLACK
6
CONTINUOUS
10
0.5869223228346456
20
1.858844251968504
11
0.5871703149606299
21
1.858688188976378
0
LINE
8
BLACK
6
CONTINUOUS
10
0.5871703149606299
20
1.858688188976378
11
0.5872422834645669
21
1.8586583464566928
0
LINE
8
BLACK
6
CONTINUOUS
10
0.5872422834645669
20
1.8586583464566928
11
0.5873232283464567
21
1.8585918897637794
0
LINE
8
BLACK
6
CONTINUOUS
10
0.5873232283464567
20
1.8585918897637794
11
0.5874122047244095
21
1.8585359055118109
0
LINE
8
BLACK
6
CONTINUOUS
10
0.5874122047244095
20
1.8585359055118109
11
0.5874633464566928
21
1.8584769291338583
0
LINE
8
BLACK
6
CONTINUOUS
10
0.5874633464566928
20
1.8584769291338583
11
0.5876897244094488
21
1.8582911417322834
0
LINE
8
BLACK
6
CONTINUOUS
10
0.5876897244094488
20
1.8582911417322834
11
0.5895644881889763
21
1.8564163779527558
0
LINE
8
BLACK
6
CONTINUOUS
10
0.5895644881889763
20
1.8564163779527558
11
0.5897502362204724
21
1.8561900393700788
0
LINE
8
BLACK
6
CONTINUOUS
10
0.5897502362204724
20
1.8561900393700788
11
0.589809251968504
21
1.8561388582677165
0
LINE
8
BLACK
6
CONTINUOUS
10
0.589809251968504
20
1.8561388582677165
11
0.5898651968503937
21
1.8560499212598425
0
LINE
8
BLACK
6
CONTINUOUS
10
0.5898651968503937
20
1.8560499212598425
11
0.5899316929133858
21
1.855968937007874
0
LINE
8
BLACK
6
CONTINUOUS
10
0.5899316929133858
20
1.855968937007874
11
0.5899614960629921
21
1.8558970078740158
0
LINE
8
BLACK
6
CONTINUOUS
10
0.5899614960629921
20
1.8558970078740158
11
0.5901175984251968
21
1.8556489763779527
0
LINE
8
BLACK
6
CONTINUOUS
10
0.5901175984251968
20
1.8556489763779527
11
0.5919923622047244
21
1.8518994488188976
0
LINE
8
BLACK
6
CONTINUOUS
10
0.5919923622047244
20
1.8518994488188976
11
0.5921992519685039
21
1.8513588582677165
0
LINE
8
BLACK
6
CONTINUOUS
10
0.5921992519685039
20
1.8513588582677165
11
0.5922067716535433
21
1.8512529921259842
0
LINE
8
BLACK
6
CONTINUOUS
10
0.5922067716535433
20
1.8512529921259842
11
0.5922473622047244
21
1.8511549999999999
0
LINE
8
BLACK
6
CONTINUOUS
10
0.5922473622047244
20
1.8511549999999999
11
0.592304094488189
21
1.850578937007874
0
LINE
8
BLACK
6
CONTINUOUS
10
0.592304094488189
20
1.850578937007874
11
0.592304094488189
21
1.8449546456692913
0
LINE
8
BLACK
6
CONTINUOUS
10
0.592304094488189
20
1.8449546456692913
11
0.5922473622047244
21
1.8443785826771653
0
LINE
8
BLACK
6
CONTINUOUS
10
0.5922473622047244
20
1.8443785826771653
11
0.5922067716535433
21
1.8442806299212597
0
LINE
8
BLACK
6
CONTINUOUS
10
0.5922067716535433
20
1.8442806299212597
11
0.5921992519685039
21
1.8441747244094489
0
LINE
8
BLACK
6
CONTINUOUS
10
0.5921992519685039
20
1.8441747244094489
11
0.5919923622047244
21
1.8436341338582676
0
LINE
8
BLACK
6
CONTINUOUS
10
0.5919923622047244
20
1.8436341338582676
11
0.5901175984251968
21
1.8398846062992125
0
LINE
8
BLACK
6
CONTINUOUS
10
0.5901175984251968
20
1.8398846062992125
11
0.5899614960629921
21
1.8396366141732283
0
LINE
8
BLACK
6
CONTINUOUS
10
0.5899614960629921
20
1.8396366141732283
11
0.5899316929133858
21
1.8395646456692913
0
LINE
8
BLACK
6
CONTINUOUS
10
0.5899316929133858
20
1.8395646456692913
11
0.5898651968503937
21
1.8394837007874016
0
LINE
8
BLACK
6
CONTINUOUS
10
0.5898651968503937
20
1.8394837007874016
11
0.589809251968504
21
1.8393947244094488
0
LINE
8
BLACK
6
CONTINUOUS
10
0.589809251968504
20
1.8393947244094488
11
0.5897502362204724
21
1.8393435826771654
0
LINE
8
BLACK
6
CONTINUOUS
10
0.5897502362204724
20
1.8393435826771654
11
0.5895644881889763
21
1.8391172047244093
0
LINE
8
BLACK
6
CONTINUOUS
10
0.5895644881889763
20
1.8391172047244093
11
0.5876897244094488
21
1.8372424409448818
0
LINE
8
BLACK
6
CONTINUOUS
10
0.5876897244094488
20
1.8372424409448818
11
0.5874633464566928
21
1.8370566929133858
0
LINE
8
BLACK
6
CONTINUOUS
10
0.5874633464566928
20
1.8370566929133858
11
0.5874122047244095
21
1.8369976771653542
0
LINE
8
BLACK
6
CONTINUOUS
10
0.5874122047244095
20
1.8369976771653542
11
0.5873232283464567
21
1.8369417322834645
0
LINE
8
BLACK
6
CONTINUOUS
10
0.5873232283464567
20
1.8369417322834645
11
0.5872422834645669
21
1.8368752362204723
0
LINE
8
BLACK
6
CONTINUOUS
10
0.5872422834645669
20
1.8368752362204723
11
0.5871703149606299
21
1.8368454330708661
0
LINE
8
BLACK
6
CONTINUOUS
10
0.5871703149606299
20
1.8368454330708661
11
0.5869223228346456
21
1.8366893307086614
0
LINE
8
BLACK
6
CONTINUOUS
10
0.5869223228346456
20
1.8366893307086614
11
0.5831727952755905
21
1.8348145669291338
0
LINE
8
BLACK
6
CONTINUOUS
10
0.5831727952755905
20
1.8348145669291338
11
0.5826321653543307
21
1.8346076771653543
0
LINE
8
BLACK
6
CONTINUOUS
10
0.5826321653543307
20
1.8346076771653543
11
0.5825263385826771
21
1.8346001968503935
0
LINE
8
BLACK
6
CONTINUOUS
10
0.5825263385826771
20
1.8346001968503935
11
0.5824283464566929
21
1.8345595669291339
0
LINE
8
BLACK
6
CONTINUOUS
10
0.5824283464566929
20
1.8345595669291339
11
0.581852283464567
21
1.8345028346456693
0
LINE
8
BLACK
6
CONTINUOUS
10
0.581852283464567
20
1.8345028346456693
11
0.5698069291338582
21
1.8345028346456693
0
LINE
8
BLACK
6
CONTINUOUS
10
0.5698069291338582
20
1.8345028346456693
11
0.5698069291338582
21
1.8187079133858268
0
LINE
8
BLACK
6
CONTINUOUS
10
0.5698069291338582
20
1.8187079133858268
11
0.5697501968503937
21
1.8181318503937007
0
LINE
8
BLACK
6
CONTINUOUS
10
0.5697501968503937
20
1.8181318503937007
11
0.5693092913385827
21
1.8170674409448819
0
LINE
8
BLACK
6
CONTINUOUS
10
0.5693092913385827
20
1.8170674409448819
11
0.5684946456692913
21
1.8162527952755905
0
LINE
8
BLACK
6
CONTINUOUS
10
0.5684946456692913
20
1.8162527952755905
11
0.5674302362204724
21
1.8158118897637794
0
LINE
8
BLACK
6
CONTINUOUS
10
0.5674302362204724
20
1.8158118897637794
11
0.5662781102362204
21
1.8158118897637794
0
LINE
8
BLACK
6
CONTINUOUS
10
0.5662781102362204
20
1.8158118897637794
11
0.5652137007874015
21
1.8162527952755905
0
LINE
8
BLACK
6
CONTINUOUS
10
0.5652137007874015
20
1.8162527952755905
11
0.5643990551181102
21
1.8170674409448819
0
LINE
8
BLACK
6
CONTINUOUS
10
0.5643990551181102
20
1.8170674409448819
11
0.5639581496062992
21
1.8181318503937007
0
LINE
8
BLACK
6
CONTINUOUS
10
0.5639581496062992
20
1.8181318503937007
11
0.5639014173228346
21
1.8187079133858268
0
LINE
8
BLACK
6
CONTINUOUS
10
0.5639014173228346
20
1.8187079133858268
11
0.5639014173228346
21
1.8580779921259842
0
LINE
8
BLACK
6
CONTINUOUS
10
0.5639014173228346
20
1.8580779921259842
11
0.5639581496062992
21
1.8586540551181101
0
LINE
8
BLACK
6
CONTINUOUS
10
0.5639581496062992
20
1.8586540551181101
11
0.5643990551181102
21
1.8597184645669291
0
LINE
8
BLACK
6
CONTINUOUS
10
0.5643990551181102
20
1.8597184645669291
11
0.5652137007874015
21
1.8605331102362204
0
LINE
8
BLACK
6
CONTINUOUS
10
0.5652137007874015
20
1.8605331102362204
11
0.5662781102362204
21
1.8609740157480315
0
LINE
8
BLACK
6
CONTINUOUS
10
0.5662781102362204
20
1.8609740157480315
11
0.5668541732283464
21
1.861030748031496
0
LINE
8
BLACK
6
CONTINUOUS
10
0.5668541732283464
20
1.861030748031496
11
0.581852283464567
21
1.861030748031496
0
LINE
8
BLACK
6
CONTINUOUS
10
0.581852283464567
20
1.861030748031496
11
0.5824283464566929
21
1.8609740157480315
0
LINE
8
BLACK
6
CONTINUOUS
10
0.5698069291338582
20
1.8404083464566929
11
0.5811552362204724
21
1.8404083464566929
0
LINE
8
BLACK
6
CONTINUOUS
10
0.5811552362204724
20
1.8404083464566929
11
0.583852716535433
21
1.8417570866141733
0
LINE
8
BLACK
6
CONTINUOUS
10
0.583852716535433
20
1.8417570866141733
11
0.5850498425196851
21
1.8429542125984251
0
LINE
8
BLACK
6
CONTINUOUS
10
0.5850498425196851
20
1.8429542125984251
11
0.5863985826771654
21
1.8456516929133857
0
LINE
8
BLACK
6
CONTINUOUS
10
0.5863985826771654
20
1.8456516929133857
11
0.5863985826771654
21
1.8498818897637794
0
LINE
8
BLACK
6
CONTINUOUS
10
0.5863985826771654
20
1.8498818897637794
11
0.5850498425196851
21
1.8525793700787401
0
LINE
8
BLACK
6
CONTINUOUS
10
0.5850498425196851
20
1.8525793700787401
11
0.583852716535433
21
1.8537764960629921
0
LINE
8
BLACK
6
CONTINUOUS
10
0.583852716535433
20
1.8537764960629921
11
0.5811552362204724
21
1.8551252362204724
0
LINE
8
BLACK
6
CONTINUOUS
10
0.5811552362204724
20
1.8551252362204724
11
0.5698069291338582
21
1.8551252362204724
0
LINE
8
BLACK
6
CONTINUOUS
10
0.5698069291338582
20
1.8551252362204724
11
0.5698069291338582
21
1.8404083464566929
0
LINE
8
BLACK
6
CONTINUOUS
10
2.1675930314960627
20
1.8609740157480315
11
2.1681050787401572
21
1.8609740157480315
0
LINE
8
BLACK
6
CONTINUOUS
10
2.1681050787401572
20
1.8609740157480315
11
2.1681658267716535
21
1.8609488582677165
0
LINE
8
BLACK
6
CONTINUOUS
10
2.1681658267716535
20
1.8609488582677165
11
2.1682316929133858
21
1.8609459448818897
0
LINE
8
BLACK
6
CONTINUOUS
10
2.1682316929133858
20
1.8609459448818897
11
2.1686965354330709
21
1.8607290551181102
0
LINE
8
BLACK
6
CONTINUOUS
10
2.1686965354330709
20
1.8607290551181102
11
2.1691694881889765
21
1.8605331102362204
0
LINE
8
BLACK
6
CONTINUOUS
10
2.1691694881889765
20
1.8605331102362204
11
2.1692159842519683
21
1.8604866141732284
0
LINE
8
BLACK
6
CONTINUOUS
10
2.1692159842519683
20
1.8604866141732284
11
2.1692757086614174
21
1.8604587401574804
0
LINE
8
BLACK
6
CONTINUOUS
10
2.1692757086614174
20
1.8604587401574804
11
2.1696219291338581
21
1.8600806692913385
0
LINE
8
BLACK
6
CONTINUOUS
10
2.1696219291338581
20
1.8600806692913385
11
2.1699841338582675
21
1.8597184645669291
0
LINE
8
BLACK
6
CONTINUOUS
10
2.1699841338582675
20
1.8597184645669291
11
2.1700093307086612
21
1.8596576377952756
0
LINE
8
BLACK
6
CONTINUOUS
10
2.1700093307086612
20
1.8596576377952756
11
2.1700538188976379
21
1.8596090551181101
0
LINE
8
BLACK
6
CONTINUOUS
10
2.1700538188976379
20
1.8596090551181101
11
2.170228897637795
21
1.8591275590551182
0
LINE
8
BLACK
6
CONTINUOUS
10
2.170228897637795
20
1.8591275590551182
11
2.1704250393700786
21
1.8586540551181101
0
LINE
8
BLACK
6
CONTINUOUS
10
2.1704250393700786
20
1.8586540551181101
11
2.170433937007874
21
1.8585637007874016
0
LINE
8
BLACK
6
CONTINUOUS
10
2.170433937007874
20
1.8585637007874016
11
2.1704475196850392
21
1.8585263385826771
0
LINE
8
BLACK
6
CONTINUOUS
10
2.1704475196850392
20
1.8585263385826771
11
2.1704444488188974
21
1.8584568110236219
0
LINE
8
BLACK
6
CONTINUOUS
10
2.1704444488188974
20
1.8584568110236219
11
2.1704817716535434
21
1.8580779921259842
0
LINE
8
BLACK
6
CONTINUOUS
10
2.1704817716535434
20
1.8580779921259842
11
2.1704817716535434
21
1.8187079133858268
0
LINE
8
BLACK
6
CONTINUOUS
10
2.1704817716535434
20
1.8187079133858268
11
2.1704250393700786
21
1.8181318503937007
0
LINE
8
BLACK
6
CONTINUOUS
10
2.1704250393700786
20
1.8181318503937007
11
2.1699841338582675
21
1.8170674409448819
0
LINE
8
BLACK
6
CONTINUOUS
10
2.1699841338582675
20
1.8170674409448819
11
2.1691694881889765
21
1.8162527952755905
0
LINE
8
BLACK
6
CONTINUOUS
10
2.1691694881889765
20
1.8162527952755905
11
2.1681050787401572
21
1.8158118897637794
0
LINE
8
BLACK
6
CONTINUOUS
10
2.1681050787401572
20
1.8158118897637794
11
2.1669529527559055
21
1.8158118897637794
0
LINE
8
BLACK
6
CONTINUOUS
10
2.1669529527559055
20
1.8158118897637794
11
2.1658885433070867
21
1.8162527952755905
0
LINE
8
BLACK
6
CONTINUOUS
10
2.1658885433070867
20
1.8162527952755905
11
2.1650738976377952
21
1.8170674409448819
0
LINE
8
BLACK
6
CONTINUOUS
10
2.1650738976377952
20
1.8170674409448819
11
2.1646329921259841
21
1.8181318503937007
0
LINE
8
BLACK
6
CONTINUOUS
10
2.1646329921259841
20
1.8181318503937007
11
2.1645762598425198
21
1.8187079133858268
0
LINE
8
BLACK
6
CONTINUOUS
10
2.1645762598425198
20
1.8187079133858268
11
2.1645762598425198
21
1.8447682677165353
0
LINE
8
BLACK
6
CONTINUOUS
10
2.1645762598425198
20
1.8447682677165353
11
2.1570814173228348
21
1.8287078740157481
0
LINE
8
BLACK
6
CONTINUOUS
10
2.1570814173228348
20
1.8287078740157481
11
2.1569564566929134
21
1.8284969685039369
0
LINE
8
BLACK
6
CONTINUOUS
10
2.1569564566929134
20
1.8284969685039369
11
2.156930472440945
21
1.8284254724409448
0
LINE
8
BLACK
6
CONTINUOUS
10
2.156930472440945
20
1.8284254724409448
11
2.1568841338582678
21
1.8283749212598426
0
LINE
8
BLACK
6
CONTINUOUS
10
2.1568841338582678
20
1.8283749212598426
11
2.1567863779527561
21
1.8282098425196851
0
LINE
8
BLACK
6
CONTINUOUS
10
2.1567863779527561
20
1.8282098425196851
11
2.1564555511811023
21
1.8279069291338583
0
LINE
8
BLACK
6
CONTINUOUS
10
2.1564555511811023
20
1.8279069291338583
11
2.1561523622047245
21
1.8275757874015748
0
LINE
8
BLACK
6
CONTINUOUS
10
2.1561523622047245
20
1.8275757874015748
11
2.1560333858267717
21
1.8275203149606298
0
LINE
8
BLACK
6
CONTINUOUS
10
2.1560333858267717
20
1.8275203149606298
11
2.1559367322834646
21
1.8274317322834646
0
LINE
8
BLACK
6
CONTINUOUS
10
2.1559367322834646
20
1.8274317322834646
11
2.1555152362204724
21
1.8272785039370079
0
LINE
8
BLACK
6
CONTINUOUS
10
2.1555152362204724
20
1.8272785039370079
11
2.1551083464566929
21
1.8270885826771652
0
LINE
8
BLACK
6
CONTINUOUS
10
2.1551083464566929
20
1.8270885826771652
11
2.1549771653543308
21
1.8270828346456693
0
LINE
8
BLACK
6
CONTINUOUS
10
2.1549771653543308
20
1.8270828346456693
11
2.1548540157480316
21
1.827038031496063
0
LINE
8
BLACK
6
CONTINUOUS
10
2.1548540157480316
20
1.827038031496063
11
2.154405905511811
21
1.8270577165354329
0
LINE
8
BLACK
6
CONTINUOUS
10
2.154405905511811
20
1.8270577165354329
11
2.1539573228346458
21
1.8270379921259843
0
LINE
8
BLACK
6
CONTINUOUS
10
2.1539573228346458
20
1.8270379921259843
11
2.1538340157480316
21
1.8270828346456693
0
LINE
8
BLACK
6
CONTINUOUS
10
2.1538340157480316
20
1.8270828346456693
11
2.153702992125984
21
1.8270885826771652
0
LINE
8
BLACK
6
CONTINUOUS
10
2.153702992125984
20
1.8270885826771652
11
2.1532963385826771
21
1.8272783858267716
0
LINE
8
BLACK
6
CONTINUOUS
10
2.1532963385826771
20
1.8272783858267716
11
2.1528746062992123
21
1.8274317322834646
0
LINE
8
BLACK
6
CONTINUOUS
10
2.1528746062992123
20
1.8274317322834646
11
2.1527777952755907
21
1.8275203937007873
0
LINE
8
BLACK
6
CONTINUOUS
10
2.1527777952755907
20
1.8275203937007873
11
2.1526589763779529
21
1.8275758267716535
0
LINE
8
BLACK
6
CONTINUOUS
10
2.1526589763779529
20
1.8275758267716535
11
2.1523560236220471
21
1.8279066535433071
0
LINE
8
BLACK
6
CONTINUOUS
10
2.1523560236220471
20
1.8279066535433071
11
2.1520249606299213
21
1.8282098031496063
0
LINE
8
BLACK
6
CONTINUOUS
10
2.1520249606299213
20
1.8282098031496063
11
2.1519270866141733
21
1.8283749999999999
0
LINE
8
BLACK
6
CONTINUOUS
10
2.1519270866141733
20
1.8283749999999999
11
2.1518808661417324
21
1.8284254724409448
0
LINE
8
BLACK
6
CONTINUOUS
10
2.1518808661417324
20
1.8284254724409448
11
2.1518548818897636
21
1.8284968503937007
0
LINE
8
BLACK
6
CONTINUOUS
10
2.1518548818897636
20
1.8284968503937007
11
2.1517299212598426
21
1.8287078346456693
0
LINE
8
BLACK
6
CONTINUOUS
10
2.1517299212598426
20
1.8287078346456693
11
2.1442350787401576
21
1.8447682677165353
0
LINE
8
BLACK
6
CONTINUOUS
10
2.1442350787401576
20
1.8447682677165353
11
2.1442350787401576
21
1.8187079133858268
0
LINE
8
BLACK
6
CONTINUOUS
10
2.1442350787401576
20
1.8187079133858268
11
2.1441783464566928
21
1.8181318503937007
0
LINE
8
BLACK
6
CONTINUOUS
10
2.1441783464566928
20
1.8181318503937007
11
2.1437374409448817
21
1.8170674409448819
0
LINE
8
BLACK
6
CONTINUOUS
10
2.1437374409448817
20
1.8170674409448819
11
2.1429227952755907
21
1.8162527952755905
0
LINE
8
BLACK
6
CONTINUOUS
10
2.1429227952755907
20
1.8162527952755905
11
2.1418583858267715
21
1.8158118897637794
0
LINE
8
BLACK
6
CONTINUOUS
10
2.1418583858267715
20
1.8158118897637794
11
2.1407062598425197
21
1.8158118897637794
0
LINE
8
BLACK
6
CONTINUOUS
10
2.1407062598425197
20
1.8158118897637794
11
2.1396418503937009
21
1.8162527952755905
0
LINE
8
BLACK
6
CONTINUOUS
10
2.1396418503937009
20
1.8162527952755905
11
2.1388272047244095
21
1.8170674409448819
0
LINE
8
BLACK
6
CONTINUOUS
10
2.1388272047244095
20
1.8170674409448819
11
2.1383862992125984
21
1.8181318503937007
0
LINE
8
BLACK
6
CONTINUOUS
10
2.1383862992125984
20
1.8181318503937007
11
2.138329566929134
21
1.8187079133858268
0
LINE
8
BLACK
6
CONTINUOUS
10
2.138329566929134
20
1.8187079133858268
11
2.138329566929134
21
1.8580779921259842
0
LINE
8
BLACK
6
CONTINUOUS
10
2.138329566929134
20
1.8580779921259842
11
2.1383668503937008
21
1.8584568110236219
0
LINE
8
BLACK
6
CONTINUOUS
10
2.1383668503937008
20
1.8584568110236219
11
2.1383638188976377
21
1.8585263385826771
0
LINE
8
BLACK
6
CONTINUOUS
10
2.1383638188976377
20
1.8585263385826771
11
2.1383773622047242
21
1.8585637007874016
0
LINE
8
BLACK
6
CONTINUOUS
10
2.1383773622047242
20
1.8585637007874016
11
2.1383862992125984
21
1.8586540551181101
0
LINE
8
BLACK
6
CONTINUOUS
10
2.1383862992125984
20
1.8586540551181101
11
2.1385824015748032
21
1.8591275590551182
0
LINE
8
BLACK
6
CONTINUOUS
10
2.1385824015748032
20
1.8591275590551182
11
2.1387575196850395
21
1.8596090551181101
0
LINE
8
BLACK
6
CONTINUOUS
10
2.1387575196850395
20
1.8596090551181101
11
2.138801968503937
21
1.8596576377952756
0
LINE
8
BLACK
6
CONTINUOUS
10
2.138801968503937
20
1.8596576377952756
11
2.1388272047244095
21
1.8597184645669291
0
LINE
8
BLACK
6
CONTINUOUS
10
2.1388272047244095
20
1.8597184645669291
11
2.1391896062992126
21
1.860080905511811
0
LINE
8
BLACK
6
CONTINUOUS
10
2.1391896062992126
20
1.860080905511811
11
2.13953562992126
21
1.8604587007874016
0
LINE
8
BLACK
6
CONTINUOUS
10
2.13953562992126
20
1.8604587007874016
11
2.1395952755905512
21
1.8604865748031496
0
LINE
8
BLACK
6
CONTINUOUS
10
2.1395952755905512
20
1.8604865748031496
11
2.1396418503937009
21
1.8605331102362204
0
LINE
8
BLACK
6
CONTINUOUS
10
2.1396418503937009
20
1.8605331102362204
11
2.140115118110236
21
1.8607291732283464
0
LINE
8
BLACK
6
CONTINUOUS
10
2.140115118110236
20
1.8607291732283464
11
2.1405796456692912
21
1.8609459448818897
0
LINE
8
BLACK
6
CONTINUOUS
10
2.1405796456692912
20
1.8609459448818897
11
2.140645433070866
21
1.8609488582677165
0
LINE
8
BLACK
6
CONTINUOUS
10
2.140645433070866
20
1.8609488582677165
11
2.1407062598425197
21
1.8609740157480315
0
LINE
8
BLACK
6
CONTINUOUS
10
2.1407062598425197
20
1.8609740157480315
11
2.1412188188976375
21
1.8609740157480315
0
LINE
8
BLACK
6
CONTINUOUS
10
2.1412188188976375
20
1.8609740157480315
11
2.1417306692913387
21
1.8609964960629921
0
LINE
8
BLACK
6
CONTINUOUS
10
2.1417306692913387
20
1.8609964960629921
11
2.1417924803149604
21
1.8609740157480315
0
LINE
8
BLACK
6
CONTINUOUS
10
2.1417924803149604
20
1.8609740157480315
11
2.1418583858267715
21
1.8609740157480315
0
LINE
8
BLACK
6
CONTINUOUS
10
2.1418583858267715
20
1.8609740157480315
11
2.1423318503937008
21
1.8607779133858267
0
LINE
8
BLACK
6
CONTINUOUS
10
2.1423318503937008
20
1.8607779133858267
11
2.1428133858267717
21
1.8606027952755906
0
LINE
8
BLACK
6
CONTINUOUS
10
2.1428133858267717
20
1.8606027952755906
11
2.1428619291338582
21
1.8605583464566928
0
LINE
8
BLACK
6
CONTINUOUS
10
2.1428619291338582
20
1.8605583464566928
11
2.1429227952755907
21
1.8605331102362204
0
LINE
8
BLACK
6
CONTINUOUS
10
2.1429227952755907
20
1.8605331102362204
11
2.1432851968503939
21
1.8601707086614172
0
LINE
8
BLACK
6
CONTINUOUS
10
2.1432851968503939
20
1.8601707086614172
11
2.1436630314960627
21
1.85982468503937
0
LINE
8
BLACK
6
CONTINUOUS
10
2.1436630314960627
20
1.85982468503937
11
2.1437092519685037
21
1.8597466535433071
0
LINE
8
BLACK
6
CONTINUOUS
10
2.1437092519685037
20
1.8597466535433071
11
2.1437374409448817
21
1.8597184645669291
0
LINE
8
BLACK
6
CONTINUOUS
10
2.1437374409448817
20
1.8597184645669291
11
2.1437641338582676
21
1.8596540551181102
0
LINE
8
BLACK
6
CONTINUOUS
10
2.1437641338582676
20
1.8596540551181102
11
2.1439580708661419
21
1.8593266535433071
0
LINE
8
BLACK
6
CONTINUOUS
10
2.1439580708661419
20
1.8593266535433071
11
2.1544056299212597
21
1.8369389763779527
0
LINE
8
BLACK
6
CONTINUOUS
10
2.1544056299212597
20
1.8369389763779527
11
2.1648532677165355
21
1.8593266929133858
0
LINE
8
BLACK
6
CONTINUOUS
10
2.1648532677165355
20
1.8593266929133858
11
2.1650472440944881
21
1.8596541732283465
0
LINE
8
BLACK
6
CONTINUOUS
10
2.1650472440944881
20
1.8596541732283465
11
2.1650738976377952
21
1.8597184645669291
0
LINE
8
BLACK
6
CONTINUOUS
10
2.1650738976377952
20
1.8597184645669291
11
2.1651020078740157
21
1.8597466141732284
0
LINE
8
BLACK
6
CONTINUOUS
10
2.1651020078740157
20
1.8597466141732284
11
2.1651483070866142
21
1.8598247244094488
0
LINE
8
BLACK
6
CONTINUOUS
10
2.1651483070866142
20
1.8598247244094488
11
2.165526377952756
21
1.8601709842519685
0
LINE
8
BLACK
6
CONTINUOUS
10
2.165526377952756
20
1.8601709842519685
11
2.1658885433070867
21
1.8605331102362204
0
LINE
8
BLACK
6
CONTINUOUS
10
2.1658885433070867
20
1.8605331102362204
11
2.16594937007874
21
1.8605583070866141
0
LINE
8
BLACK
6
CONTINUOUS
10
2.16594937007874
20
1.8605583070866141
11
2.1659979527559057
21
1.8606027952755906
0
LINE
8
BLACK
6
CONTINUOUS
10
2.1659979527559057
20
1.8606027952755906
11
2.1664797637795274
21
1.8607780314960629
0
LINE
8
BLACK
6
CONTINUOUS
10
2.1664797637795274
20
1.8607780314960629
11
2.1669529527559055
21
1.8609740157480315
0
LINE
8
BLACK
6
CONTINUOUS
10
2.1669529527559055
20
1.8609740157480315
11
2.1670187401574803
21
1.8609740157480315
0
LINE
8
BLACK
6
CONTINUOUS
10
2.1670187401574803
20
1.8609740157480315
11
2.1670806692913387
21
1.8609965354330709
0
LINE
8
BLACK
6
CONTINUOUS
10
2.1670806692913387
20
1.8609965354330709
11
2.1675930314960627
21
1.8609740157480315
0
LINE
8
BLACK
6
CONTINUOUS
10
2.2693424409448819
20
1.8478506692913386
11
2.2694404330708662
21
1.8478100787401575
0
LINE
8
BLACK
6
CONTINUOUS
10
2.2694404330708662
20
1.8478100787401575
11
2.2695462598425196
21
1.8478025590551181
0
LINE
8
BLACK
6
CONTINUOUS
10
2.2695462598425196
20
1.8478025590551181
11
2.2700868897637796
21
1.8475956692913384
0
LINE
8
BLACK
6
CONTINUOUS
10
2.2700868897637796
20
1.8475956692913384
11
2.2738364173228347
21
1.8457209055118109
0
LINE
8
BLACK
6
CONTINUOUS
10
2.2738364173228347
20
1.8457209055118109
11
2.2739327559055118
21
1.8456602755905511
0
LINE
8
BLACK
6
CONTINUOUS
10
2.2739327559055118
20
1.8456602755905511
11
2.2739781889763777
21
1.8456451181102362
0
LINE
8
BLACK
6
CONTINUOUS
10
2.2739781889763777
20
1.8456451181102362
11
2.2740347244094488
21
1.8455961023622047
0
LINE
8
BLACK
6
CONTINUOUS
10
2.2740347244094488
20
1.8455961023622047
11
2.2743262992125985
21
1.845412559055118
0
LINE
8
BLACK
6
CONTINUOUS
10
2.2743262992125985
20
1.845412559055118
11
2.2745688582677164
21
1.845132874015748
0
LINE
8
BLACK
6
CONTINUOUS
10
2.2745688582677164
20
1.845132874015748
11
2.2748485826771652
21
1.8448902755905512
0
LINE
8
BLACK
6
CONTINUOUS
10
2.2748485826771652
20
1.8448902755905512
11
2.2750320866141731
21
1.8445987401574804
0
LINE
8
BLACK
6
CONTINUOUS
10
2.2750320866141731
20
1.8445987401574804
11
2.2750811417322834
21
1.8445421653543306
0
LINE
8
BLACK
6
CONTINUOUS
10
2.2750811417322834
20
1.8445421653543306
11
2.2750962598425195
21
1.8444967716535432
0
LINE
8
BLACK
6
CONTINUOUS
10
2.2750962598425195
20
1.8444967716535432
11
2.2751569291338583
21
1.8444003937007873
0
LINE
8
BLACK
6
CONTINUOUS
10
2.2751569291338583
20
1.8444003937007873
11
2.2770316929133858
21
1.8406508661417322
0
LINE
8
BLACK
6
CONTINUOUS
10
2.2770316929133858
20
1.8406508661417322
11
2.2772385826771653
21
1.8401102755905512
0
LINE
8
BLACK
6
CONTINUOUS
10
2.2772385826771653
20
1.8401102755905512
11
2.2772461023622048
21
1.8400044094488188
0
LINE
8
BLACK
6
CONTINUOUS
10
2.2772461023622048
20
1.8400044094488188
11
2.2772866929133859
21
1.8399064173228346
0
LINE
8
BLACK
6
CONTINUOUS
10
2.2772866929133859
20
1.8399064173228346
11
2.2773434251968503
21
1.8393303543307087
0
LINE
8
BLACK
6
CONTINUOUS
10
2.2773434251968503
20
1.8393303543307087
11
2.2773434251968503
21
1.8187079133858268
0
LINE
8
BLACK
6
CONTINUOUS
10
2.2773434251968503
20
1.8187079133858268
11
2.2772866929133859
21
1.8181318503937007
0
LINE
8
BLACK
6
CONTINUOUS
10
2.2772866929133859
20
1.8181318503937007
11
2.2768457874015748
21
1.8170674409448819
0
LINE
8
BLACK
6
CONTINUOUS
10
2.2768457874015748
20
1.8170674409448819
11
2.2760311417322834
21
1.8162527952755905
0
LINE
8
BLACK
6
CONTINUOUS
10
2.2760311417322834
20
1.8162527952755905
11
2.2749667322834646
21
1.8158118897637794
0
LINE
8
BLACK
6
CONTINUOUS
10
2.2749667322834646
20
1.8158118897637794
11
2.2738146062992124
21
1.8158118897637794
0
LINE
8
BLACK
6
CONTINUOUS
10
2.2738146062992124
20
1.8158118897637794
11
2.2727501968503936
21
1.8162527952755905
0
LINE
8
BLACK
6
CONTINUOUS
10
2.2727501968503936
20
1.8162527952755905
11
2.2719355511811021
21
1.8170674409448819
0
LINE
8
BLACK
6
CONTINUOUS
10
2.2719355511811021
20
1.8170674409448819
11
2.2714946456692915
21
1.8181318503937007
0
LINE
8
BLACK
6
CONTINUOUS
10
2.2714946456692915
20
1.8181318503937007
11
2.2714379133858267
21
1.8187079133858268
0
LINE
8
BLACK
6
CONTINUOUS
10
2.2714379133858267
20
1.8187079133858268
11
2.2714379133858267
21
1.8386333070866141
0
LINE
8
BLACK
6
CONTINUOUS
10
2.2714379133858267
20
1.8386333070866141
11
2.2703150393700788
21
1.8408790551181102
0
LINE
8
BLACK
6
CONTINUOUS
10
2.2703150393700788
20
1.8408790551181102
11
2.2680693307086615
21
1.8420018897637795
0
LINE
8
BLACK
6
CONTINUOUS
10
2.2680693307086615
20
1.8420018897637795
11
2.2638391338582675
21
1.8420018897637795
0
LINE
8
BLACK
6
CONTINUOUS
10
2.2638391338582675
20
1.8420018897637795
11
2.2611416535433069
21
1.8406531496062992
0
LINE
8
BLACK
6
CONTINUOUS
10
2.2611416535433069
20
1.8406531496062992
11
2.2604705511811023
21
1.8399820472440944
0
LINE
8
BLACK
6
CONTINUOUS
10
2.2604705511811023
20
1.8399820472440944
11
2.2604705511811023
21
1.8187079133858268
0
LINE
8
BLACK
6
CONTINUOUS
10
2.2604705511811023
20
1.8187079133858268
11
2.2604138188976379
21
1.8181318503937007
0
LINE
8
BLACK
6
CONTINUOUS
10
2.2604138188976379
20
1.8181318503937007
11
2.2599729133858268
21
1.8170674409448819
0
LINE
8
BLACK
6
CONTINUOUS
10
2.2599729133858268
20
1.8170674409448819
11
2.2591582677165354
21
1.8162527952755905
0
LINE
8
BLACK
6
CONTINUOUS
10
2.2591582677165354
20
1.8162527952755905
11
2.2580938582677166
21
1.8158118897637794
0
LINE
8
BLACK
6
CONTINUOUS
10
2.2580938582677166
20
1.8158118897637794
11
2.2569417322834644
21
1.8158118897637794
0
LINE
8
BLACK
6
CONTINUOUS
10
2.2569417322834644
20
1.8158118897637794
11
2.2558773228346456
21
1.8162527952755905
0
LINE
8
BLACK
6
CONTINUOUS
10
2.2558773228346456
20
1.8162527952755905
11
2.2550626771653541
21
1.8170674409448819
0
LINE
8
BLACK
6
CONTINUOUS
10
2.2550626771653541
20
1.8170674409448819
11
2.254621771653543
21
1.8181318503937007
0
LINE
8
BLACK
6
CONTINUOUS
10
2.254621771653543
20
1.8181318503937007
11
2.2545650393700787
21
1.8187079133858268
0
LINE
8
BLACK
6
CONTINUOUS
10
2.2545650393700787
20
1.8187079133858268
11
2.2545650393700787
21
1.8449546456692913
0
LINE
8
BLACK
6
CONTINUOUS
10
2.2545650393700787
20
1.8449546456692913
11
2.254621771653543
21
1.8455307086614172
0
LINE
8
BLACK
6
CONTINUOUS
10
2.254621771653543
20
1.8455307086614172
11
2.2550626771653541
21
1.8465951181102362
0
LINE
8
BLACK
6
CONTINUOUS
10
2.2550626771653541
20
1.8465951181102362
11
2.2558773228346456
21
1.8474097637795275
0
LINE
8
BLACK
6
CONTINUOUS
10
2.2558773228346456
20
1.8474097637795275
11
2.2569417322834644
21
1.8478506692913386
0
LINE
8
BLACK
6
CONTINUOUS
10
2.2569417322834644
20
1.8478506692913386
11
2.2580938582677166
21
1.8478506692913386
0
LINE
8
BLACK
6
CONTINUOUS
10
2.2580938582677166
20
1.8478506692913386
11
2.2591582677165354
21
1.8474097637795275
0
LINE
8
BLACK
6
CONTINUOUS
10
2.2591582677165354
20
1.8474097637795275
11
2.2599220866141732
21
1.8466459448818897
0
LINE
8
BLACK
6
CONTINUOUS
10
2.2599220866141732
20
1.8466459448818897
11
2.2618215748031494
21
1.8475956692913384
0
LINE
8
BLACK
6
CONTINUOUS
10
2.2618215748031494
20
1.8475956692913384
11
2.2623621653543307
21
1.8478025590551181
0
LINE
8
BLACK
6
CONTINUOUS
10
2.2623621653543307
20
1.8478025590551181
11
2.2624680314960628
21
1.8478101181102362
0
LINE
8
BLACK
6
CONTINUOUS
10
2.2624680314960628
20
1.8478101181102362
11
2.2625660236220471
21
1.8478506692913386
0
LINE
8
BLACK
6
CONTINUOUS
10
2.2625660236220471
20
1.8478506692913386
11
2.2631420866141734
21
1.8479074015748032
0
LINE
8
BLACK
6
CONTINUOUS
10
2.2631420866141734
20
1.8479074015748032
11
2.268766377952756
21
1.8479074015748032
0
LINE
8
BLACK
6
CONTINUOUS
10
2.268766377952756
20
1.8479074015748032
11
2.2693424409448819
21
1.8478506692913386
0
LINE
8
BLACK
6
CONTINUOUS
10
2.3172760236220471
20
1.8474097637795275
11
2.3180906692913386
21
1.8465951181102362
0
LINE
8
BLACK
6
CONTINUOUS
10
2.3180906692913386
20
1.8465951181102362
11
2.3185315748031496
21
1.8455307086614172
0
LINE
8
BLACK
6
CONTINUOUS
10
2.3185315748031496
20
1.8455307086614172
11
2.318588307086614
21
1.8449546456692913
0
LINE
8
BLACK
6
CONTINUOUS
10
2.318588307086614
20
1.8449546456692913
11
2.318588307086614
21
1.8187079133858268
0
LINE
8
BLACK
6
CONTINUOUS
10
2.318588307086614
20
1.8187079133858268
11
2.3185315748031496
21
1.8181318503937007
0
LINE
8
BLACK
6
CONTINUOUS
10
2.3185315748031496
20
1.8181318503937007
11
2.3180906692913386
21
1.8170674409448819
0
LINE
8
BLACK
6
CONTINUOUS
10
2.3180906692913386
20
1.8170674409448819
11
2.3172760236220471
21
1.8162527952755905
0
LINE
8
BLACK
6
CONTINUOUS
10
2.3172760236220471
20
1.8162527952755905
11
2.3162116141732283
21
1.8158118897637794
0
LINE
8
BLACK
6
CONTINUOUS
10
2.3162116141732283
20
1.8158118897637794
11
2.3150594881889761
21
1.8158118897637794
0
LINE
8
BLACK
6
CONTINUOUS
10
2.3150594881889761
20
1.8158118897637794
11
2.3139950787401573
21
1.8162527952755905
0
LINE
8
BLACK
6
CONTINUOUS
10
2.3139950787401573
20
1.8162527952755905
11
2.3131804330708663
21
1.8170674409448819
0
LINE
8
BLACK
6
CONTINUOUS
10
2.3131804330708663
20
1.8170674409448819
11
2.3127395275590552
21
1.8181318503937007
0
LINE
8
BLACK
6
CONTINUOUS
10
2.3127395275590552
20
1.8181318503937007
11
2.3126827952755904
21
1.8187079133858268
0
LINE
8
BLACK
6
CONTINUOUS
10
2.3126827952755904
20
1.8187079133858268
11
2.3126827952755904
21
1.8449546456692913
0
LINE
8
BLACK
6
CONTINUOUS
10
2.3126827952755904
20
1.8449546456692913
11
2.3127395275590552
21
1.8455307086614172
0
LINE
8
BLACK
6
CONTINUOUS
10
2.3127395275590552
20
1.8455307086614172
11
2.3131804330708663
21
1.8465951181102362
0
LINE
8
BLACK
6
CONTINUOUS
10
2.3131804330708663
20
1.8465951181102362
11
2.3139950787401573
21
1.8474097637795275
0
LINE
8
BLACK
6
CONTINUOUS
10
2.3139950787401573
20
1.8474097637795275
11
2.3150594881889761
21
1.8478506692913386
0
LINE
8
BLACK
6
CONTINUOUS
10
2.3150594881889761
20
1.8478506692913386
11
2.3162116141732283
21
1.8478506692913386
0
LINE
8
BLACK
6
CONTINUOUS
10
2.3162116141732283
20
1.8478506692913386
11
2.3172760236220471
21
1.8474097637795275
0
LINE
8
BLACK
6
CONTINUOUS
10
2.3462078346456692
20
1.8478506692913386
11
2.3463058267716534
21
1.8478100787401575
0
LINE
8
BLACK
6
CONTINUOUS
10
2.3463058267716534
20
1.8478100787401575
11
2.3464116535433068
21
1.8478025590551181
0
LINE
8
BLACK
6
CONTINUOUS
10
2.3464116535433068
20
1.8478025590551181
11
2.3469522834645669
21
1.8475956692913384
0
LINE
8
BLACK
6
CONTINUOUS
10
2.3469522834645669
20
1.8475956692913384
11
2.350701811023622
21
1.8457209055118109
0
LINE
8
BLACK
6
CONTINUOUS
10
2.350701811023622
20
1.8457209055118109
11
2.3507981496062991
21
1.8456602755905511
0
LINE
8
BLACK
6
CONTINUOUS
10
2.3507981496062991
20
1.8456602755905511
11
2.3508435826771654
21
1.8456451181102362
0
LINE
8
BLACK
6
CONTINUOUS
10
2.3508435826771654
20
1.8456451181102362
11
2.350900118110236
21
1.8455961023622047
0
LINE
8
BLACK
6
CONTINUOUS
10
2.350900118110236
20
1.8455961023622047
11
2.3511916929133858
21
1.845412559055118
0
LINE
8
BLACK
6
CONTINUOUS
10
2.3511916929133858
20
1.845412559055118
11
2.3514342519685041
21
1.845132874015748
0
LINE
8
BLACK
6
CONTINUOUS
10
2.3514342519685041
20
1.845132874015748
11
2.3517139763779529
21
1.8448902755905512
0
LINE
8
BLACK
6
CONTINUOUS
10
2.3517139763779529
20
1.8448902755905512
11
2.3518974803149604
21
1.8445987401574804
0
LINE
8
BLACK
6
CONTINUOUS
10
2.3518974803149604
20
1.8445987401574804
11
2.3519465354330706
21
1.8445421653543306
0
LINE
8
BLACK
6
CONTINUOUS
10
2.3519465354330706
20
1.8445421653543306
11
2.3519616535433072
21
1.8444967716535432
0
LINE
8
BLACK
6
CONTINUOUS
10
2.3519616535433072
20
1.8444967716535432
11
2.3520223228346455
21
1.8444003937007873
0
LINE
8
BLACK
6
CONTINUOUS
10
2.3520223228346455
20
1.8444003937007873
11
2.3538970866141731
21
1.8406508661417322
0
LINE
8
BLACK
6
CONTINUOUS
10
2.3538970866141731
20
1.8406508661417322
11
2.3541039763779525
21
1.8401102755905512
0
LINE
8
BLACK
6
CONTINUOUS
10
2.3541039763779525
20
1.8401102755905512
11
2.3541114960629921
21
1.8400044094488188
0
LINE
8
BLACK
6
CONTINUOUS
10
2.3541114960629921
20
1.8400044094488188
11
2.3541520866141732
21
1.8399064173228346
0
LINE
8
BLACK
6
CONTINUOUS
10
2.3541520866141732
20
1.8399064173228346
11
2.3542088188976376
21
1.8393303543307087
0
LINE
8
BLACK
6
CONTINUOUS
10
2.3542088188976376
20
1.8393303543307087
11
2.3542088188976376
21
1.8187079133858268
0
LINE
8
BLACK
6
CONTINUOUS
10
2.3542088188976376
20
1.8187079133858268
11
2.3541520866141732
21
1.8181318503937007
0
LINE
8
BLACK
6
CONTINUOUS
10
2.3541520866141732
20
1.8181318503937007
11
2.3537111811023621
21
1.8170674409448819
0
LINE
8
BLACK
6
CONTINUOUS
10
2.3537111811023621
20
1.8170674409448819
11
2.3528965354330706
21
1.8162527952755905
0
LINE
8
BLACK
6
CONTINUOUS
10
2.3528965354330706
20
1.8162527952755905
11
2.3518321259842518
21
1.8158118897637794
0
LINE
8
BLACK
6
CONTINUOUS
10
2.3518321259842518
20
1.8158118897637794
11
2.3506800000000001
21
1.8158118897637794
0
LINE
8
BLACK
6
CONTINUOUS
10
2.3506800000000001
20
1.8158118897637794
11
2.3496155905511809
21
1.8162527952755905
0
LINE
8
BLACK
6
CONTINUOUS
10
2.3496155905511809
20
1.8162527952755905
11
2.3488009448818898
21
1.8170674409448819
0
LINE
8
BLACK
6
CONTINUOUS
10
2.3488009448818898
20
1.8170674409448819
11
2.3483600393700788
21
1.8181318503937007
0
LINE
8
BLACK
6
CONTINUOUS
10
2.3483600393700788
20
1.8181318503937007
11
2.3483033070866139
21
1.8187079133858268
0
LINE
8
BLACK
6
CONTINUOUS
10
2.3483033070866139
20
1.8187079133858268
11
2.3483033070866139
21
1.8386333070866141
0
LINE
8
BLACK
6
CONTINUOUS
10
2.3483033070866139
20
1.8386333070866141
11
2.3471804330708661
21
1.8408790551181102
0
LINE
8
BLACK
6
CONTINUOUS
10
2.3471804330708661
20
1.8408790551181102
11
2.3449347244094487
21
1.8420018897637795
0
LINE
8
BLACK
6
CONTINUOUS
10
2.3449347244094487
20
1.8420018897637795
11
2.3407045275590552
21
1.8420018897637795
0
LINE
8
BLACK
6
CONTINUOUS
10
2.3407045275590552
20
1.8420018897637795
11
2.3380070472440946
21
1.8406531496062992
0
LINE
8
BLACK
6
CONTINUOUS
10
2.3380070472440946
20
1.8406531496062992
11
2.3373359448818896
21
1.8399820472440944
0
LINE
8
BLACK
6
CONTINUOUS
10
2.3373359448818896
20
1.8399820472440944
11
2.3373359448818896
21
1.8187079133858268
0
LINE
8
BLACK
6
CONTINUOUS
10
2.3373359448818896
20
1.8187079133858268
11
2.3372792125984252
21
1.8181318503937007
0
LINE
8
BLACK
6
CONTINUOUS
10
2.3372792125984252
20
1.8181318503937007
11
2.3368383070866141
21
1.8170674409448819
0
LINE
8
BLACK
6
CONTINUOUS
10
2.3368383070866141
20
1.8170674409448819
11
2.3360236614173226
21
1.8162527952755905
0
LINE
8
BLACK
6
CONTINUOUS
10
2.3360236614173226
20
1.8162527952755905
11
2.3349592519685038
21
1.8158118897637794
0
LINE
8
BLACK
6
CONTINUOUS
10
2.3349592519685038
20
1.8158118897637794
11
2.3338071259842521
21
1.8158118897637794
0
LINE
8
BLACK
6
CONTINUOUS
10
2.3338071259842521
20
1.8158118897637794
11
2.3327427165354329
21
1.8162527952755905
0
LINE
8
BLACK
6
CONTINUOUS
10
2.3327427165354329
20
1.8162527952755905
11
2.3319280708661418
21
1.8170674409448819
0
LINE
8
BLACK
6
CONTINUOUS
10
2.3319280708661418
20
1.8170674409448819
11
2.3314871653543308
21
1.8181318503937007
0
LINE
8
BLACK
6
CONTINUOUS
10
2.3314871653543308
20
1.8181318503937007
11
2.3314304330708659
21
1.8187079133858268
0
LINE
8
BLACK
6
CONTINUOUS
10
2.3314304330708659
20
1.8187079133858268
11
2.3314304330708659
21
1.8449546456692913
0
LINE
8
BLACK
6
CONTINUOUS
10
2.3314304330708659
20
1.8449546456692913
11
2.3314871653543308
21
1.8455307086614172
0
LINE
8
BLACK
6
CONTINUOUS
10
2.3314871653543308
20
1.8455307086614172
11
2.3319280708661418
21
1.8465951181102362
0
LINE
8
BLACK
6
CONTINUOUS
10
2.3319280708661418
20
1.8465951181102362
11
2.3327427165354329
21
1.8474097637795275
0
LINE
8
BLACK
6
CONTINUOUS
10
2.3327427165354329
20
1.8474097637795275
11
2.3338071259842521
21
1.8478506692913386
0
LINE
8
BLACK
6
CONTINUOUS
10
2.3338071259842521
20
1.8478506692913386
11
2.3349592519685038
21
1.8478506692913386
0
LINE
8
BLACK
6
CONTINUOUS
10
2.3349592519685038
20
1.8478506692913386
11
2.3360236614173226
21
1.8474097637795275
0
LINE
8
BLACK
6
CONTINUOUS
10
2.3360236614173226
20
1.8474097637795275
11
2.3367874803149604
21
1.8466459448818897
0
LINE
8
BLACK
6
CONTINUOUS
10
2.3367874803149604
20
1.8466459448818897
11
2.3386869685039371
21
1.8475956692913384
0
LINE
8
BLACK
6
CONTINUOUS
10
2.3386869685039371
20
1.8475956692913384
11
2.3392275590551179
21
1.8478025590551181
0
LINE
8
BLACK
6
CONTINUOUS
10
2.3392275590551179
20
1.8478025590551181
11
2.3393334251968505
21
1.8478101181102362
0
LINE
8
BLACK
6
CONTINUOUS
10
2.3393334251968505
20
1.8478101181102362
11
2.3394314173228348
21
1.8478506692913386
0
LINE
8
BLACK
6
CONTINUOUS
10
2.3394314173228348
20
1.8478506692913386
11
2.3400074803149606
21
1.8479074015748032
0
LINE
8
BLACK
6
CONTINUOUS
10
2.3400074803149606
20
1.8479074015748032
11
2.3456317716535433
21
1.8479074015748032
0
LINE
8
BLACK
6
CONTINUOUS
10
2.3456317716535433
20
1.8479074015748032
11
2.3462078346456692
21
1.8478506692913386
0
LINE
8
BLACK
6
CONTINUOUS
10
2.4072647637795277
20
1.8605331102362204
11
2.4080794094488187
21
1.8597184645669291
0
LINE
8
BLACK
6
CONTINUOUS
10
2.4080794094488187
20
1.8597184645669291
11
2.4085203149606298
21
1.8586540551181101
0
LINE
8
BLACK
6
CONTINUOUS
10
2.4085203149606298
20
1.8586540551181101
11
2.4085770472440946
21
1.8580779921259842
0
LINE
8
BLACK
6
CONTINUOUS
10
2.4085770472440946
20
1.8580779921259842
11
2.4085770472440946
21
1.8422831102362205
0
LINE
8
BLACK
6
CONTINUOUS
10
2.4085770472440946
20
1.8422831102362205
11
2.4251687007874017
21
1.8422831102362205
0
LINE
8
BLACK
6
CONTINUOUS
10
2.4251687007874017
20
1.8422831102362205
11
2.4251687007874017
21
1.8580779921259842
0
LINE
8
BLACK
6
CONTINUOUS
10
2.4251687007874017
20
1.8580779921259842
11
2.425225433070866
21
1.8586540551181101
0
LINE
8
BLACK
6
CONTINUOUS
10
2.425225433070866
20
1.8586540551181101
11
2.4256663385826771
21
1.8597184645669291
0
LINE
8
BLACK
6
CONTINUOUS
10
2.4256663385826771
20
1.8597184645669291
11
2.4264809842519686
21
1.8605331102362204
0
LINE
8
BLACK
6
CONTINUOUS
10
2.4264809842519686
20
1.8605331102362204
11
2.4275453937007874
21
1.8609740157480315
0
LINE
8
BLACK
6
CONTINUOUS
10
2.4275453937007874
20
1.8609740157480315
11
2.4286975196850391
21
1.8609740157480315
0
LINE
8
BLACK
6
CONTINUOUS
10
2.4286975196850391
20
1.8609740157480315
11
2.4297619291338584
21
1.8605331102362204
0
LINE
8
BLACK
6
CONTINUOUS
10
2.4297619291338584
20
1.8605331102362204
11
2.4305765748031494
21
1.8597184645669291
0
LINE
8
BLACK
6
CONTINUOUS
10
2.4305765748031494
20
1.8597184645669291
11
2.4310174803149605
21
1.8586540551181101
0
LINE
8
BLACK
6
CONTINUOUS
10
2.4310174803149605
20
1.8586540551181101
11
2.4310742125984253
21
1.8580779921259842
0
LINE
8
BLACK
6
CONTINUOUS
10
2.4310742125984253
20
1.8580779921259842
11
2.4310742125984253
21
1.8187079133858268
0
LINE
8
BLACK
6
CONTINUOUS
10
2.4310742125984253
20
1.8187079133858268
11
2.4310174803149605
21
1.8181318503937007
0
LINE
8
BLACK
6
CONTINUOUS
10
2.4310174803149605
20
1.8181318503937007
11
2.4305765748031494
21
1.8170674409448819
0
LINE
8
BLACK
6
CONTINUOUS
10
2.4305765748031494
20
1.8170674409448819
11
2.4297619291338584
21
1.8162527952755905
0
LINE
8
BLACK
6
CONTINUOUS
10
2.4297619291338584
20
1.8162527952755905
11
2.4286975196850391
21
1.8158118897637794
0
LINE
8
BLACK
6
CONTINUOUS
10
2.4286975196850391
20
1.8158118897637794
11
2.4275453937007874
21
1.8158118897637794
0
LINE
8
BLACK
6
CONTINUOUS
10
2.4275453937007874
20
1.8158118897637794
11
2.4264809842519686
21
1.8162527952755905
0
LINE
8
BLACK
6
CONTINUOUS
10
2.4264809842519686
20
1.8162527952755905
11
2.4256663385826771
21
1.8170674409448819
0
LINE
8
BLACK
6
CONTINUOUS
10
2.4256663385826771
20
1.8170674409448819
11
2.425225433070866
21
1.8181318503937007
0
LINE
8
BLACK
6
CONTINUOUS
10
2.425225433070866
20
1.8181318503937007
11
2.4251687007874017
21
1.8187079133858268
0
LINE
8
BLACK
6
CONTINUOUS
10
2.4251687007874017
20
1.8187079133858268
11
2.4251687007874017
21
1.8363775984251969
0
LINE
8
BLACK
6
CONTINUOUS
10
2.4251687007874017
20
1.8363775984251969
11
2.4085770472440946
21
1.8363775984251969
0
LINE
8
BLACK
6
CONTINUOUS
10
2.4085770472440946
20
1.8363775984251969
11
2.4085770472440946
21
1.8187079133858268
0
LINE
8
BLACK
6
CONTINUOUS
10
2.4085770472440946
20
1.8187079133858268
11
2.4085203149606298
21
1.8181318503937007
0
LINE
8
BLACK
6
CONTINUOUS
10
2.4085203149606298
20
1.8181318503937007
11
2.4080794094488187
21
1.8170674409448819
0
LINE
8
BLACK
6
CONTINUOUS
10
2.4080794094488187
20
1.8170674409448819
11
2.4072647637795277
21
1.8162527952755905
0
LINE
8
BLACK
6
CONTINUOUS
10
2.4072647637795277
20
1.8162527952755905
11
2.4062003543307084
21
1.8158118897637794
0
LINE
8
BLACK
6
CONTINUOUS
10
2.4062003543307084
20
1.8158118897637794
11
2.4050482283464567
21
1.8158118897637794
0
LINE
8
BLACK
6
CONTINUOUS
10
2.4050482283464567
20
1.8158118897637794
11
2.4039838188976379
21
1.8162527952755905
0
LINE
8
BLACK
6
CONTINUOUS
10
2.4039838188976379
20
1.8162527952755905
11
2.4031691732283464
21
1.8170674409448819
0
LINE
8
BLACK
6
CONTINUOUS
10
2.4031691732283464
20
1.8170674409448819
11
2.4027282677165354
21
1.8181318503937007
0
LINE
8
BLACK
6
CONTINUOUS
10
2.4027282677165354
20
1.8181318503937007
11
2.402671535433071
21
1.8187079133858268
0
LINE
8
BLACK
6
CONTINUOUS
10
2.402671535433071
20
1.8187079133858268
11
2.402671535433071
21
1.8580779921259842
0
LINE
8
BLACK
6
CONTINUOUS
10
2.402671535433071
20
1.8580779921259842
11
2.4027282677165354
21
1.8586540551181101
0
LINE
8
BLACK
6
CONTINUOUS
10
2.4027282677165354
20
1.8586540551181101
11
2.4031691732283464
21
1.8597184645669291
0
LINE
8
BLACK
6
CONTINUOUS
10
2.4031691732283464
20
1.8597184645669291
11
2.4039838188976379
21
1.8605331102362204
0
LINE
8
BLACK
6
CONTINUOUS
10
2.4039838188976379
20
1.8605331102362204
11
2.4050482283464567
21
1.8609740157480315
0
LINE
8
BLACK
6
CONTINUOUS
10
2.4050482283464567
20
1.8609740157480315
11
2.4062003543307084
21
1.8609740157480315
0
LINE
8
BLACK
6
CONTINUOUS
10
2.4062003543307084
20
1.8609740157480315
11
2.4072647637795277
21
1.8605331102362204
0
LINE
8
BLACK
6
CONTINUOUS
10
2.5824283464566928
20
1.8609740157480315
11
2.5825263385826771
21
1.8609334251968503
0
LINE
8
BLACK
6
CONTINUOUS
10
2.5825263385826771
20
1.8609334251968503
11
2.5826321653543305
21
1.860925905511811
0
LINE
8
BLACK
6
CONTINUOUS
10
2.5826321653543305
20
1.860925905511811
11
2.5831727952755905
21
1.8607190157480316
0
LINE
8
BLACK
6
CONTINUOUS
10
2.5831727952755905
20
1.8607190157480316
11
2.5869223228346456
21
1.858844251968504
0
LINE
8
BLACK
6
CONTINUOUS
10
2.5869223228346456
20
1.858844251968504
11
2.58717031496063
21
1.858688188976378
0
LINE
8
BLACK
6
CONTINUOUS
10
2.58717031496063
20
1.858688188976378
11
2.5872422834645667
21
1.8586583464566928
0
LINE
8
BLACK
6
CONTINUOUS
10
2.5872422834645667
20
1.8586583464566928
11
2.5873232283464564
21
1.8585918897637794
0
LINE
8
BLACK
6
CONTINUOUS
10
2.5873232283464564
20
1.8585918897637794
11
2.5874122047244095
21
1.8585359055118109
0
LINE
8
BLACK
6
CONTINUOUS
10
2.5874122047244095
20
1.8585359055118109
11
2.5874633464566927
21
1.8584769291338583
0
LINE
8
BLACK
6
CONTINUOUS
10
2.5874633464566927
20
1.8584769291338583
11
2.5876897244094486
21
1.8582911417322834
0
LINE
8
BLACK
6
CONTINUOUS
10
2.5876897244094486
20
1.8582911417322834
11
2.5895644881889761
21
1.8564163779527558
0
LINE
8
BLACK
6
CONTINUOUS
10
2.5895644881889761
20
1.8564163779527558
11
2.5897502362204725
21
1.8561900393700788
0
LINE
8
BLACK
6
CONTINUOUS
10
2.5897502362204725
20
1.8561900393700788
11
2.5898092519685041
21
1.8561388582677165
0
LINE
8
BLACK
6
CONTINUOUS
10
2.5898092519685041
20
1.8561388582677165
11
2.5898651968503938
21
1.8560499212598425
0
LINE
8
BLACK
6
CONTINUOUS
10
2.5898651968503938
20
1.8560499212598425
11
2.5899316929133858
21
1.855968937007874
0
LINE
8
BLACK
6
CONTINUOUS
10
2.5899316929133858
20
1.855968937007874
11
2.5899614960629922
21
1.8558970078740158
0
LINE
8
BLACK
6
CONTINUOUS
10
2.5899614960629922
20
1.8558970078740158
11
2.5901175984251967
21
1.8556489763779527
0
LINE
8
BLACK
6
CONTINUOUS
10
2.5901175984251967
20
1.8556489763779527
11
2.5919923622047243
21
1.8518994488188976
0
LINE
8
BLACK
6
CONTINUOUS
10
2.5919923622047243
20
1.8518994488188976
11
2.5921992519685038
21
1.8513588582677165
0
LINE
8
BLACK
6
CONTINUOUS
10
2.5921992519685038
20
1.8513588582677165
11
2.5922067716535433
21
1.8512529921259842
0
LINE
8
BLACK
6
CONTINUOUS
10
2.5922067716535433
20
1.8512529921259842
11
2.5922473622047244
21
1.8511549999999999
0
LINE
8
BLACK
6
CONTINUOUS
10
2.5922473622047244
20
1.8511549999999999
11
2.5923040944881888
21
1.850578937007874
0
LINE
8
BLACK
6
CONTINUOUS
10
2.5923040944881888
20
1.850578937007874
11
2.5923040944881888
21
1.8449546456692913
0
LINE
8
BLACK
6
CONTINUOUS
10
2.5923040944881888
20
1.8449546456692913
11
2.5922473622047244
21
1.8443785826771653
0
LINE
8
BLACK
6
CONTINUOUS
10
2.5922473622047244
20
1.8443785826771653
11
2.5922067716535433
21
1.8442806299212597
0
LINE
8
BLACK
6
CONTINUOUS
10
2.5922067716535433
20
1.8442806299212597
11
2.5921992519685038
21
1.8441747244094489
0
LINE
8
BLACK
6
CONTINUOUS
10
2.5921992519685038
20
1.8441747244094489
11
2.5919923622047243
21
1.8436341338582676
0
LINE
8
BLACK
6
CONTINUOUS
10
2.5919923622047243
20
1.8436341338582676
11
2.5901175984251967
21
1.8398846062992125
0
LINE
8
BLACK
6
CONTINUOUS
10
2.5901175984251967
20
1.8398846062992125
11
2.5899614960629922
21
1.8396366141732283
0
LINE
8
BLACK
6
CONTINUOUS
10
2.5899614960629922
20
1.8396366141732283
11
2.5899316929133858
21
1.8395646456692913
0
LINE
8
BLACK
6
CONTINUOUS
10
2.5899316929133858
20
1.8395646456692913
11
2.5898651968503938
21
1.8394837007874016
0
LINE
8
BLACK
6
CONTINUOUS
10
2.5898651968503938
20
1.8394837007874016
11
2.5898092519685041
21
1.8393947244094488
0
LINE
8
BLACK
6
CONTINUOUS
10
2.5898092519685041
20
1.8393947244094488
11
2.5897502362204725
21
1.8393435826771654
0
LINE
8
BLACK
6
CONTINUOUS
10
2.5897502362204725
20
1.8393435826771654
11
2.5895644881889761
21
1.8391172047244093
0
LINE
8
BLACK
6
CONTINUOUS
10
2.5895644881889761
20
1.8391172047244093
11
2.5876897244094486
21
1.8372424409448818
0
LINE
8
BLACK
6
CONTINUOUS
10
2.5876897244094486
20
1.8372424409448818
11
2.5874633464566927
21
1.8370566929133858
0
LINE
8
BLACK
6
CONTINUOUS
10
2.5874633464566927
20
1.8370566929133858
11
2.5874122047244095
21
1.8369976771653542
0
LINE
8
BLACK
6
CONTINUOUS
10
2.5874122047244095
20
1.8369976771653542
11
2.5873232283464564
21
1.8369417322834645
0
LINE
8
BLACK
6
CONTINUOUS
10
2.5873232283464564
20
1.8369417322834645
11
2.5872422834645667
21
1.8368752362204723
0
LINE
8
BLACK
6
CONTINUOUS
10
2.5872422834645667
20
1.8368752362204723
11
2.58717031496063
21
1.8368454330708661
0
LINE
8
BLACK
6
CONTINUOUS
10
2.58717031496063
20
1.8368454330708661
11
2.5869223228346456
21
1.8366893307086614
0
LINE
8
BLACK
6
CONTINUOUS
10
2.5869223228346456
20
1.8366893307086614
11
2.5831727952755905
21
1.8348145669291338
0
LINE
8
BLACK
6
CONTINUOUS
10
2.5831727952755905
20
1.8348145669291338
11
2.5826321653543305
21
1.8346076771653543
0
LINE
8
BLACK
6
CONTINUOUS
10
2.5826321653543305
20
1.8346076771653543
11
2.5825263385826771
21
1.8346001968503935
0
LINE
8
BLACK
6
CONTINUOUS
10
2.5825263385826771
20
1.8346001968503935
11
2.5824283464566928
21
1.8345595669291339
0
LINE
8
BLACK
6
CONTINUOUS
10
2.5824283464566928
20
1.8345595669291339
11
2.581852283464567
21
1.8345028346456693
0
LINE
8
BLACK
6
CONTINUOUS
10
2.581852283464567
20
1.8345028346456693
11
2.5698069291338581
21
1.8345028346456693
0
LINE
8
BLACK
6
CONTINUOUS
10
2.5698069291338581
20
1.8345028346456693
11
2.5698069291338581
21
1.8187079133858268
0
LINE
8
BLACK
6
CONTINUOUS
10
2.5698069291338581
20
1.8187079133858268
11
2.5697501968503937
21
1.8181318503937007
0
LINE
8
BLACK
6
CONTINUOUS
10
2.5697501968503937
20
1.8181318503937007
11
2.5693092913385827
21
1.8170674409448819
0
LINE
8
BLACK
6
CONTINUOUS
10
2.5693092913385827
20
1.8170674409448819
11
2.5684946456692912
21
1.8162527952755905
0
LINE
8
BLACK
6
CONTINUOUS
10
2.5684946456692912
20
1.8162527952755905
11
2.5674302362204724
21
1.8158118897637794
0
LINE
8
BLACK
6
CONTINUOUS
10
2.5674302362204724
20
1.8158118897637794
11
2.5662781102362202
21
1.8158118897637794
0
LINE
8
BLACK
6
CONTINUOUS
10
2.5662781102362202
20
1.8158118897637794
11
2.5652137007874014
21
1.8162527952755905
0
LINE
8
BLACK
6
CONTINUOUS
10
2.5652137007874014
20
1.8162527952755905
11
2.5643990551181104
21
1.8170674409448819
0
LINE
8
BLACK
6
CONTINUOUS
10
2.5643990551181104
20
1.8170674409448819
11
2.5639581496062993
21
1.8181318503937007
0
LINE
8
BLACK
6
CONTINUOUS
10
2.5639581496062993
20
1.8181318503937007
11
2.5639014173228345
21
1.8187079133858268
0
LINE
8
BLACK
6
CONTINUOUS
10
2.5639014173228345
20
1.8187079133858268
11
2.5639014173228345
21
1.8580779921259842
0
LINE
8
BLACK
6
CONTINUOUS
10
2.5639014173228345
20
1.8580779921259842
11
2.5639581496062993
21
1.8586540551181101
0
LINE
8
BLACK
6
CONTINUOUS
10
2.5639581496062993
20
1.8586540551181101
11
2.5643990551181104
21
1.8597184645669291
0
LINE
8
BLACK
6
CONTINUOUS
10
2.5643990551181104
20
1.8597184645669291
11
2.5652137007874014
21
1.8605331102362204
0
LINE
8
BLACK
6
CONTINUOUS
10
2.5652137007874014
20
1.8605331102362204
11
2.5662781102362202
21
1.8609740157480315
0
LINE
8
BLACK
6
CONTINUOUS
10
2.5662781102362202
20
1.8609740157480315
11
2.5668541732283465
21
1.861030748031496
0
LINE
8
BLACK
6
CONTINUOUS
10
2.5668541732283465
20
1.861030748031496
11
2.581852283464567
21
1.861030748031496
0
LINE
8
BLACK
6
CONTINUOUS
10
2.581852283464567
20
1.861030748031496
11
2.5824283464566928
21
1.8609740157480315
0
LINE
8
BLACK
6
CONTINUOUS
10
2.5698069291338581
20
1.8404083464566929
11
2.5811552362204724
21
1.8404083464566929
0
LINE
8
BLACK
6
CONTINUOUS
10
2.5811552362204724
20
1.8404083464566929
11
2.583852716535433
21
1.8417570866141733
0
LINE
8
BLACK
6
CONTINUOUS
10
2.583852716535433
20
1.8417570866141733
11
2.5850498425196848
21
1.8429542125984251
0
LINE
8
BLACK
6
CONTINUOUS
10
2.5850498425196848
20
1.8429542125984251
11
2.5863985826771652
21
1.8456516929133857
0
LINE
8
BLACK
6
CONTINUOUS
10
2.5863985826771652
20
1.8456516929133857
11
2.5863985826771652
21
1.8498818897637794
0
LINE
8
BLACK
6
CONTINUOUS
10
2.5863985826771652
20
1.8498818897637794
11
2.5850498425196848
21
1.8525793700787401
0
LINE
8
BLACK
6
CONTINUOUS
10
2.5850498425196848
20
1.8525793700787401
11
2.583852716535433
21
1.8537764960629921
0
LINE
8
BLACK
6
CONTINUOUS
10
2.583852716535433
20
1.8537764960629921
11
2.5811552362204724
21
1.8551252362204724
0
LINE
8
BLACK
6
CONTINUOUS
10
2.5811552362204724
20
1.8551252362204724
11
2.5698069291338581
21
1.8551252362204724
0
LINE
8
BLACK
6
CONTINUOUS
10
2.5698069291338581
20
1.8551252362204724
11
2.5698069291338581
21
1.8404083464566929
0
LINE
8
BLACK
6
CONTINUOUS
10
0.3171077952755905
20
1.8606027952755906
11
0.3172760236220472
21
1.8605331102362204
0
LINE
8
BLACK
6
CONTINUOUS
10
0.3172760236220472
20
1.8605331102362204
11
0.3177234645669291
21
1.8601659055118109
0
LINE
8
BLACK
6
CONTINUOUS
10
0.3177234645669291
20
1.8601659055118109
11
0.3195982283464567
21
1.8582911417322834
0
LINE
8
BLACK
6
CONTINUOUS
10
0.3195982283464567
20
1.8582911417322834
11
0.3199654330708661
21
1.8578437007874016
0
LINE
8
BLACK
6
CONTINUOUS
10
0.3199654330708661
20
1.8578437007874016
11
0.3203856299212599
21
1.8568293307086614
0
LINE
8
BLACK
6
CONTINUOUS
10
0.3203856299212599
20
1.8568293307086614
11
0.3204063385826771
21
1.8567792519685038
0
LINE
8
BLACK
6
CONTINUOUS
10
0.3204063385826771
20
1.8567792519685038
11
0.3204063385826771
21
1.8556271653543306
0
LINE
8
BLACK
6
CONTINUOUS
10
0.3204063385826771
20
1.8556271653543306
11
0.3199654330708661
21
1.8545627559055118
0
LINE
8
BLACK
6
CONTINUOUS
10
0.3199654330708661
20
1.8545627559055118
11
0.3195982283464567
21
1.85411531496063
0
LINE
8
BLACK
6
CONTINUOUS
10
0.3195982283464567
20
1.85411531496063
11
0.3177234645669291
21
1.8522405511811024
0
LINE
8
BLACK
6
CONTINUOUS
10
0.3177234645669291
20
1.8522405511811024
11
0.3172760236220472
21
1.8518733464566928
0
LINE
8
BLACK
6
CONTINUOUS
10
0.3172760236220472
20
1.8518733464566928
11
0.3162116141732284
21
1.8514324409448819
0
LINE
8
BLACK
6
CONTINUOUS
10
0.3162116141732284
20
1.8514324409448819
11
0.3162115748031496
21
1.8514324409448819
0
LINE
8
BLACK
6
CONTINUOUS
10
0.3162115748031496
20
1.8514324409448819
11
0.3150595275590551
21
1.8514324409448819
0
LINE
8
BLACK
6
CONTINUOUS
10
0.3150595275590551
20
1.8514324409448819
11
0.3150594881889764
21
1.8514324409448819
0
LINE
8
BLACK
6
CONTINUOUS
10
0.3150594881889764
20
1.8514324409448819
11
0.3139950787401575
21
1.8518733464566928
0
LINE
8
BLACK
6
CONTINUOUS
10
0.3139950787401575
20
1.8518733464566928
11
0.3135476377952756
21
1.8522405511811024
0
LINE
8
BLACK
6
CONTINUOUS
10
0.3135476377952756
20
1.8522405511811024
11
0.311672874015748
21
1.85411531496063
0
LINE
8
BLACK
6
CONTINUOUS
10
0.311672874015748
20
1.85411531496063
11
0.3113056692913386
21
1.8545627559055118
0
LINE
8
BLACK
6
CONTINUOUS
10
0.3113056692913386
20
1.8545627559055118
11
0.3108647637795275
21
1.8556272047244093
0
LINE
8
BLACK
6
CONTINUOUS
10
0.3108647637795275
20
1.8556272047244093
11
0.3108647637795275
21
1.8567792519685038
0
LINE
8
BLACK
6
CONTINUOUS
10
0.3108647637795275
20
1.8567792519685038
11
0.3113056692913386
21
1.8578437007874016
0
LINE
8
BLACK
6
CONTINUOUS
10
0.3113056692913386
20
1.8578437007874016
11
0.311672874015748
21
1.8582911417322834
0
LINE
8
BLACK
6
CONTINUOUS
10
0.311672874015748
20
1.8582911417322834
11
0.3135476377952756
21
1.8601659055118109
0
LINE
8
BLACK
6
CONTINUOUS
10
0.3135476377952756
20
1.8601659055118109
11
0.3139950787401575
21
1.8605331102362204
0
LINE
8
BLACK
6
CONTINUOUS
10
0.3139950787401575
20
1.8605331102362204
11
0.3150594881889764
21
1.8609740157480315
0
LINE
8
BLACK
6
CONTINUOUS
10
0.3150594881889764
20
1.8609740157480315
11
0.3162115748031496
21
1.8609740157480315
0
LINE
8
BLACK
6
CONTINUOUS
10
0.3162115748031496
20
1.8609740157480315
11
0.3162116141732284
21
1.8609740157480315
0
LINE
8
BLACK
6
CONTINUOUS
10
0.3162116141732284
20
1.8609740157480315
11
0.3171077952755905
21
1.8606027952755906
0
LINE
8
BLACK
6
CONTINUOUS
10
2.3171077952755903
20
1.8606027952755906
11
2.3172760236220471
21
1.8605331102362204
0
LINE
8
BLACK
6
CONTINUOUS
10
2.3172760236220471
20
1.8605331102362204
11
2.3177234645669289
21
1.8601659055118109
0
LINE
8
BLACK
6
CONTINUOUS
10
2.3177234645669289
20
1.8601659055118109
11
2.3195982283464565
21
1.8582911417322834
0
LINE
8
BLACK
6
CONTINUOUS
10
2.3195982283464565
20
1.8582911417322834
11
2.3199654330708661
21
1.8578437007874016
0
LINE
8
BLACK
6
CONTINUOUS
10
2.3199654330708661
20
1.8578437007874016
11
2.32038562992126
21
1.8568293307086614
0
LINE
8
BLACK
6
CONTINUOUS
10
2.32038562992126
20
1.8568293307086614
11
2.3204063385826772
21
1.8567792519685038
0
LINE
8
BLACK
6
CONTINUOUS
10
2.3204063385826772
20
1.8567792519685038
11
2.3204063385826772
21
1.8556271653543306
0
LINE
8
BLACK
6
CONTINUOUS
10
2.3204063385826772
20
1.8556271653543306
11
2.3199654330708661
21
1.8545627559055118
0
LINE
8
BLACK
6
CONTINUOUS
10
2.3199654330708661
20
1.8545627559055118
11
2.3195982283464565
21
1.85411531496063
0
LINE
8
BLACK
6
CONTINUOUS
10
2.3195982283464565
20
1.85411531496063
11
2.3177234645669289
21
1.8522405511811024
0
LINE
8
BLACK
6
CONTINUOUS
10
2.3177234645669289
20
1.8522405511811024
11
2.3172760236220471
21
1.8518733464566928
0
LINE
8
BLACK
6
CONTINUOUS
10
2.3172760236220471
20
1.8518733464566928
11
2.3162116141732283
21
1.8514324409448819
0
LINE
8
BLACK
6
CONTINUOUS
10
2.3162116141732283
20
1.8514324409448819
11
2.3162115748031495
21
1.8514324409448819
0
LINE
8
BLACK
6
CONTINUOUS
10
2.3162115748031495
20
1.8514324409448819
11
2.3150595275590549
21
1.8514324409448819
0
LINE
8
BLACK
6
CONTINUOUS
10
2.3150595275590549
20
1.8514324409448819
11
2.3150594881889761
21
1.8514324409448819
0
LINE
8
BLACK
6
CONTINUOUS
10
2.3150594881889761
20
1.8514324409448819
11
2.3139950787401573
21
1.8518733464566928
0
LINE
8
BLACK
6
CONTINUOUS
10
2.3139950787401573
20
1.8518733464566928
11
2.3135476377952755
21
1.8522405511811024
0
LINE
8
BLACK
6
CONTINUOUS
10
2.3135476377952755
20
1.8522405511811024
11
2.3116728740157479
21
1.85411531496063
0
LINE
8
BLACK
6
CONTINUOUS
10
2.3116728740157479
20
1.85411531496063
11
2.3113056692913387
21
1.8545627559055118
0
LINE
8
BLACK
6
CONTINUOUS
10
2.3113056692913387
20
1.8545627559055118
11
2.3108647637795277
21
1.8556272047244093
0
LINE
8
BLACK
6
CONTINUOUS
10
2.3108647637795277
20
1.8556272047244093
11
2.3108647637795277
21
1.8567792519685038
0
LINE
8
BLACK
6
CONTINUOUS
10
2.3108647637795277
20
1.8567792519685038
11
2.3113056692913387
21
1.8578437007874016
0
LINE
8
BLACK
6
CONTINUOUS
10
2.3113056692913387
20
1.8578437007874016
11
2.3116728740157479
21
1.8582911417322834
0
LINE
8
BLACK
6
CONTINUOUS
10
2.3116728740157479
20
1.8582911417322834
11
2.3135476377952755
21
1.8601659055118109
0
LINE
8
BLACK
6
CONTINUOUS
10
2.3135476377952755
20
1.8601659055118109
11
2.3139950787401573
21
1.8605331102362204
0
LINE
8
BLACK
6
CONTINUOUS
10
2.3139950787401573
20
1.8605331102362204
11
2.3150594881889761
21
1.8609740157480315
0
LINE
8
BLACK
6
CONTINUOUS
10
2.3150594881889761
20
1.8609740157480315
11
2.3162115748031495
21
1.8609740157480315
0
LINE
8
BLACK
6
CONTINUOUS
10
2.3162115748031495
20
1.8609740157480315
11
2.3162116141732283
21
1.8609740157480315
0
LINE
8
BLACK
6
CONTINUOUS
10
2.3162116141732283
20
1.8609740157480315
11
2.3171077952755903
21
1.8606027952755906
0
LINE
8
BLACK
6
CONTINUOUS
10
0.420906062992126
20
2.0243598425196851
11
0.4211984645669291
21
2.0243598425196851
0
LINE
8
BLACK
6
CONTINUOUS
10
0.4211984645669291
20
2.0243598425196851
11
0.4214657086614173
21
2.0242491338582678
0
LINE
8
BLACK
6
CONTINUOUS
10
0.4214657086614173
20
2.0242491338582678
11
0.4217495275590551
21
2.0241929921259842
0
LINE
8
BLACK
6
CONTINUOUS
10
0.4217495275590551
20
2.0241929921259842
11
0.4219927952755905
21
2.0240308267716536
0
LINE
8
BLACK
6
CONTINUOUS
10
0.4219927952755905
20
2.0240308267716536
11
0.422262874015748
21
2.0239189370078741
0
LINE
8
BLACK
6
CONTINUOUS
10
0.422262874015748
20
2.0239189370078741
11
0.4224673228346457
21
2.0237144881889764
0
LINE
8
BLACK
6
CONTINUOUS
10
0.4224673228346457
20
2.0237144881889764
11
0.4227081496062992
21
2.0235539370078741
0
LINE
8
BLACK
6
CONTINUOUS
10
0.4227081496062992
20
2.0235539370078741
11
0.4228708661417322
21
2.0233109448818896
0
LINE
8
BLACK
6
CONTINUOUS
10
0.4228708661417322
20
2.0233109448818896
11
0.4230775196850394
21
2.0231042913385826
0
LINE
8
BLACK
6
CONTINUOUS
10
0.4230775196850394
20
2.0231042913385826
11
0.4231881889763779
21
2.0228370866141732
0
LINE
8
BLACK
6
CONTINUOUS
10
0.4231881889763779
20
2.0228370866141732
11
0.4233492125984252
21
2.0225966535433071
0
LINE
8
BLACK
6
CONTINUOUS
10
0.4233492125984252
20
2.0225966535433071
11
0.4234065354330708
21
2.0223100000000001
0
LINE
8
BLACK
6
CONTINUOUS
10
0.4234065354330708
20
2.0223100000000001
11
0.4235184251968504
21
2.0220398818897638
0
LINE
8
BLACK
6
CONTINUOUS
10
0.4235184251968504
20
2.0220398818897638
11
0.4235745275590551
21
2.0214699606299211
0
LINE
8
BLACK
6
CONTINUOUS
10
0.4235745275590551
20
2.0214699606299211
11
0.4235751574803149
21
2.0214669291338581
0
LINE
8
BLACK
6
CONTINUOUS
10
0.4235751574803149
20
2.0214669291338581
11
0.4235749212598425
21
2.0214659055118109
0
LINE
8
BLACK
6
CONTINUOUS
10
0.4235749212598425
20
2.0214659055118109
11
0.4235751574803149
21
2.0214638188976379
0
LINE
8
BLACK
6
CONTINUOUS
10
0.4235751574803149
20
2.0214638188976379
11
0.4235751574803149
21
1.9850464960629921
0
LINE
8
BLACK
6
CONTINUOUS
10
0.4235751574803149
20
1.9850464960629921
11
0.4318709842519685
21
1.9850464960629921
0
LINE
8
BLACK
6
CONTINUOUS
10
0.4318709842519685
20
1.9850464960629921
11
0.4324470472440945
21
1.9849897637795275
0
LINE
8
BLACK
6
CONTINUOUS
10
0.4324470472440945
20
1.9849897637795275
11
0.4335114566929134
21
1.9845488582677164
0
LINE
8
BLACK
6
CONTINUOUS
10
0.4335114566929134
20
1.9845488582677164
11
0.4343261023622047
21
1.9837342125984252
0
LINE
8
BLACK
6
CONTINUOUS
10
0.4343261023622047
20
1.9837342125984252
11
0.4347670078740157
21
1.9826698031496062
0
LINE
8
BLACK
6
CONTINUOUS
10
0.4347670078740157
20
1.9826698031496062
11
0.4347670078740157
21
1.9815176771653542
0
LINE
8
BLACK
6
CONTINUOUS
10
0.4347670078740157
20
1.9815176771653542
11
0.4343261023622047
21
1.9804532677165354
0
LINE
8
BLACK
6
CONTINUOUS
10
0.4343261023622047
20
1.9804532677165354
11
0.4335114566929134
21
1.9796386220472439
0
LINE
8
BLACK
6
CONTINUOUS
10
0.4335114566929134
20
1.9796386220472439
11
0.4324470472440945
21
1.9791977165354331
0
LINE
8
BLACK
6
CONTINUOUS
10
0.4324470472440945
20
1.9791977165354331
11
0.4318709842519685
21
1.9791409842519685
0
LINE
8
BLACK
6
CONTINUOUS
10
0.4318709842519685
20
1.9791409842519685
11
0.4093738188976378
21
1.9791409842519685
0
LINE
8
BLACK
6
CONTINUOUS
10
0.4093738188976378
20
1.9791409842519685
11
0.4087977559055118
21
1.9791977165354331
0
LINE
8
BLACK
6
CONTINUOUS
10
0.4087977559055118
20
1.9791977165354331
11
0.4077333464566929
21
1.9796386220472439
0
LINE
8
BLACK
6
CONTINUOUS
10
0.4077333464566929
20
1.9796386220472439
11
0.4069187007874016
21
1.9804532677165354
0
LINE
8
BLACK
6
CONTINUOUS
10
0.4069187007874016
20
1.9804532677165354
11
0.4064777952755905
21
1.9815176771653542
0
LINE
8
BLACK
6
CONTINUOUS
10
0.4064777952755905
20
1.9815176771653542
11
0.4064777952755905
21
1.9826698031496062
0
LINE
8
BLACK
6
CONTINUOUS
10
0.4064777952755905
20
1.9826698031496062
11
0.4069187007874016
21
1.9837342125984252
0
LINE
8
BLACK
6
CONTINUOUS
10
0.4069187007874016
20
1.9837342125984252
11
0.4077333464566929
21
1.9845488582677164
0
LINE
8
BLACK
6
CONTINUOUS
10
0.4077333464566929
20
1.9845488582677164
11
0.4087977559055118
21
1.9849897637795275
0
LINE
8
BLACK
6
CONTINUOUS
10
0.4087977559055118
20
1.9849897637795275
11
0.4093738188976378
21
1.9850464960629921
0
LINE
8
BLACK
6
CONTINUOUS
10
0.4093738188976378
20
1.9850464960629921
11
0.4176696456692913
21
1.9850464960629921
0
LINE
8
BLACK
6
CONTINUOUS
10
0.4176696456692913
20
1.9850464960629921
11
0.4176696456692913
21
2.0124604724409449
0
LINE
8
BLACK
6
CONTINUOUS
10
0.4176696456692913
20
2.0124604724409449
11
0.4152112598425197
21
2.0100020866141732
0
LINE
8
BLACK
6
CONTINUOUS
10
0.4152112598425197
20
2.0100020866141732
11
0.4149848818897638
21
2.0098163385826773
0
LINE
8
BLACK
6
CONTINUOUS
10
0.4149848818897638
20
2.0098163385826773
11
0.4149337401574803
21
2.0097573228346457
0
LINE
8
BLACK
6
CONTINUOUS
10
0.4149337401574803
20
2.0097573228346457
11
0.4148447637795276
21
2.0097013779527559
0
LINE
8
BLACK
6
CONTINUOUS
10
0.4148447637795276
20
2.0097013779527559
11
0.4147638188976378
21
2.0096348818897636
0
LINE
8
BLACK
6
CONTINUOUS
10
0.4147638188976378
20
2.0096348818897636
11
0.4146918503937008
21
2.0096050787401576
0
LINE
8
BLACK
6
CONTINUOUS
10
0.4146918503937008
20
2.0096050787401576
11
0.4144438582677165
21
2.0094489763779526
0
LINE
8
BLACK
6
CONTINUOUS
10
0.4144438582677165
20
2.0094489763779526
11
0.4106943307086614
21
2.0075742125984251
0
LINE
8
BLACK
6
CONTINUOUS
10
0.4106943307086614
20
2.0075742125984251
11
0.4101537007874015
21
2.0073673228346456
0
LINE
8
BLACK
6
CONTINUOUS
10
0.4101537007874015
20
2.0073673228346456
11
0.4090044881889764
21
2.0072856692913383
0
LINE
8
BLACK
6
CONTINUOUS
10
0.4090044881889764
20
2.0072856692913383
11
0.4079115354330708
21
2.0076499999999999
0
LINE
8
BLACK
6
CONTINUOUS
10
0.4079115354330708
20
2.0076499999999999
11
0.4070411417322835
21
2.0084048425196852
0
LINE
8
BLACK
6
CONTINUOUS
10
0.4070411417322835
20
2.0084048425196852
11
0.406525905511811
21
2.0094353543307086
0
LINE
8
BLACK
6
CONTINUOUS
10
0.406525905511811
20
2.0094353543307086
11
0.4064442519685039
21
2.010584566929134
0
LINE
8
BLACK
6
CONTINUOUS
10
0.4064442519685039
20
2.010584566929134
11
0.4068085826771654
21
2.0116775196850392
0
LINE
8
BLACK
6
CONTINUOUS
10
0.4068085826771654
20
2.0116775196850392
11
0.4075634251968504
21
2.0125479133858266
0
LINE
8
BLACK
6
CONTINUOUS
10
0.4075634251968504
20
2.0125479133858266
11
0.4080533070866141
21
2.0128562598425197
0
LINE
8
BLACK
6
CONTINUOUS
10
0.4080533070866141
20
2.0128562598425197
11
0.4113742519685039
21
2.0145167322834645
0
LINE
8
BLACK
6
CONTINUOUS
10
0.4113742519685039
20
2.0145167322834645
11
0.4145781496062992
21
2.0177206299212598
0
LINE
8
BLACK
6
CONTINUOUS
10
0.4145781496062992
20
2.0177206299212598
11
0.4181655511811024
21
2.0231017322834646
0
LINE
8
BLACK
6
CONTINUOUS
10
0.4181655511811024
20
2.0231017322834646
11
0.4181668897637795
21
2.0231034251968505
0
LINE
8
BLACK
6
CONTINUOUS
10
0.4181668897637795
20
2.0231034251968505
11
0.4181672834645669
21
2.0231042913385826
0
LINE
8
BLACK
6
CONTINUOUS
10
0.4181672834645669
20
2.0231042913385826
11
0.4181692913385827
21
2.0231063385826773
0
LINE
8
BLACK
6
CONTINUOUS
10
0.4181692913385827
20
2.0231063385826773
11
0.4185323228346456
21
2.0235495669291339
0
LINE
8
BLACK
6
CONTINUOUS
10
0.4185323228346456
20
2.0235495669291339
11
0.4187751968503937
21
2.0237122440944884
0
LINE
8
BLACK
6
CONTINUOUS
10
0.4187751968503937
20
2.0237122440944884
11
0.4189819291338582
21
2.0239189370078741
0
LINE
8
BLACK
6
CONTINUOUS
10
0.4189819291338582
20
2.0239189370078741
11
0.4192492125984252
21
2.0240296850393702
0
LINE
8
BLACK
6
CONTINUOUS
10
0.4192492125984252
20
2.0240296850393702
11
0.4194896062992126
21
2.02419062992126
0
LINE
8
BLACK
6
CONTINUOUS
10
0.4194896062992126
20
2.02419062992126
11
0.419776220472441
21
2.0242479921259844
0
LINE
8
BLACK
6
CONTINUOUS
10
0.419776220472441
20
2.0242479921259844
11
0.4200463385826771
21
2.0243598425196851
0
LINE
8
BLACK
6
CONTINUOUS
10
0.4200463385826771
20
2.0243598425196851
11
0.4203356299212598
21
2.0243598425196851
0
LINE
8
BLACK
6
CONTINUOUS
10
0.4203356299212598
20
2.0243598425196851
11
0.4206192913385827
21
2.0244165748031495
0
LINE
8
BLACK
6
CONTINUOUS
10
0.4206192913385827
20
2.0244165748031495
11
0.420906062992126
21
2.0243598425196851
0
LINE
8
BLACK
6
CONTINUOUS
10
2.424947992125984
20
2.0243598425196851
11
2.4250459842519683
21
2.024319251968504
0
LINE
8
BLACK
6
CONTINUOUS
10
2.4250459842519683
20
2.024319251968504
11
2.4251518110236221
21
2.0243117322834645
0
LINE
8
BLACK
6
CONTINUOUS
10
2.4251518110236221
20
2.0243117322834645
11
2.4256924409448817
21
2.024104842519685
0
LINE
8
BLACK
6
CONTINUOUS
10
2.4256924409448817
20
2.024104842519685
11
2.4294419685039368
21
2.0222300787401575
0
LINE
8
BLACK
6
CONTINUOUS
10
2.4294419685039368
20
2.0222300787401575
11
2.4296899606299212
21
2.0220740157480313
0
LINE
8
BLACK
6
CONTINUOUS
10
2.4296899606299212
20
2.0220740157480313
11
2.4297619291338584
21
2.0220441732283465
0
LINE
8
BLACK
6
CONTINUOUS
10
2.4297619291338584
20
2.0220441732283465
11
2.4298428740157481
21
2.0219777165354329
0
LINE
8
BLACK
6
CONTINUOUS
10
2.4298428740157481
20
2.0219777165354329
11
2.4299318503937006
21
2.0219217322834644
0
LINE
8
BLACK
6
CONTINUOUS
10
2.4299318503937006
20
2.0219217322834644
11
2.4299829921259843
21
2.0218627559055116
0
LINE
8
BLACK
6
CONTINUOUS
10
2.4299829921259843
20
2.0218627559055116
11
2.4302093700787402
21
2.0216769685039369
0
LINE
8
BLACK
6
CONTINUOUS
10
2.4302093700787402
20
2.0216769685039369
11
2.4320841338582677
21
2.0198022047244093
0
LINE
8
BLACK
6
CONTINUOUS
10
2.4320841338582677
20
2.0198022047244093
11
2.4322698818897637
21
2.0195758661417322
0
LINE
8
BLACK
6
CONTINUOUS
10
2.4322698818897637
20
2.0195758661417322
11
2.4323288976377953
21
2.0195246850393702
0
LINE
8
BLACK
6
CONTINUOUS
10
2.4323288976377953
20
2.0195246850393702
11
2.432384842519685
21
2.0194357480314959
0
LINE
8
BLACK
6
CONTINUOUS
10
2.432384842519685
20
2.0194357480314959
11
2.4324513385826769
21
2.0193547637795275
0
LINE
8
BLACK
6
CONTINUOUS
10
2.4324513385826769
20
2.0193547637795275
11
2.4324811417322834
21
2.019282834645669
0
LINE
8
BLACK
6
CONTINUOUS
10
2.4324811417322834
20
2.019282834645669
11
2.4326372440944883
21
2.0190348031496064
0
LINE
8
BLACK
6
CONTINUOUS
10
2.4326372440944883
20
2.0190348031496064
11
2.4345120078740159
21
2.0152852755905513
0
LINE
8
BLACK
6
CONTINUOUS
10
2.4345120078740159
20
2.0152852755905513
11
2.4347188976377954
21
2.01474468503937
0
LINE
8
BLACK
6
CONTINUOUS
10
2.4347188976377954
20
2.01474468503937
11
2.4347264173228345
21
2.0146388188976379
0
LINE
8
BLACK
6
CONTINUOUS
10
2.4347264173228345
20
2.0146388188976379
11
2.4347670078740156
21
2.0145408267716536
0
LINE
8
BLACK
6
CONTINUOUS
10
2.4347670078740156
20
2.0145408267716536
11
2.4348237401574804
21
2.0139647637795277
0
LINE
8
BLACK
6
CONTINUOUS
10
2.4348237401574804
20
2.0139647637795277
11
2.4348237401574804
21
2.0102152362204726
0
LINE
8
BLACK
6
CONTINUOUS
10
2.4348237401574804
20
2.0102152362204726
11
2.4347949999999998
21
2.0099236614173228
0
LINE
8
BLACK
6
CONTINUOUS
10
2.4347949999999998
20
2.0099236614173228
11
2.4348005511811022
21
2.0098459055118112
0
LINE
8
BLACK
6
CONTINUOUS
10
2.4348005511811022
20
2.0098459055118112
11
2.4347772834645669
21
2.009743661417323
0
LINE
8
BLACK
6
CONTINUOUS
10
2.4347772834645669
20
2.009743661417323
11
2.4347670078740156
21
2.0096391732283463
0
LINE
8
BLACK
6
CONTINUOUS
10
2.4347670078740156
20
2.0096391732283463
11
2.4347371259842521
21
2.009567125984252
0
LINE
8
BLACK
6
CONTINUOUS
10
2.4347371259842521
20
2.009567125984252
11
2.4346722047244094
21
2.0092814566929134
0
LINE
8
BLACK
6
CONTINUOUS
10
2.4346722047244094
20
2.0092814566929134
11
2.4327974409448818
21
2.0036572047244094
0
LINE
8
BLACK
6
CONTINUOUS
10
2.4327974409448818
20
2.0036572047244094
11
2.4325614566929135
21
2.0031286220472442
0
LINE
8
BLACK
6
CONTINUOUS
10
2.4325614566929135
20
2.0031286220472442
11
2.4324919685039368
21
2.0030485433070866
0
LINE
8
BLACK
6
CONTINUOUS
10
2.4324919685039368
20
2.0030485433070866
11
2.4324513779527557
21
2.0029504724409448
0
LINE
8
BLACK
6
CONTINUOUS
10
2.4324513779527557
20
2.0029504724409448
11
2.4320841338582677
21
2.002503031496063
0
LINE
8
BLACK
6
CONTINUOUS
10
2.4320841338582677
20
2.002503031496063
11
2.4146276377952756
21
1.9850464960629921
0
LINE
8
BLACK
6
CONTINUOUS
10
2.4146276377952756
20
1.9850464960629921
11
2.4318709842519683
21
1.9850464960629921
0
LINE
8
BLACK
6
CONTINUOUS
10
2.4318709842519683
20
1.9850464960629921
11
2.4324470472440942
21
1.9849897637795275
0
LINE
8
BLACK
6
CONTINUOUS
10
2.4324470472440942
20
1.9849897637795275
11
2.4335114566929135
21
1.9845488582677164
0
LINE
8
BLACK
6
CONTINUOUS
10
2.4335114566929135
20
1.9845488582677164
11
2.4343261023622045
21
1.9837342125984252
0
LINE
8
BLACK
6
CONTINUOUS
10
2.4343261023622045
20
1.9837342125984252
11
2.4347670078740156
21
1.9826698031496062
0
LINE
8
BLACK
6
CONTINUOUS
10
2.4347670078740156
20
1.9826698031496062
11
2.4347670078740156
21
1.9815176771653542
0
LINE
8
BLACK
6
CONTINUOUS
10
2.4347670078740156
20
1.9815176771653542
11
2.4343261023622045
21
1.9804532677165354
0
LINE
8
BLACK
6
CONTINUOUS
10
2.4343261023622045
20
1.9804532677165354
11
2.4335114566929135
21
1.9796386220472439
0
LINE
8
BLACK
6
CONTINUOUS
10
2.4335114566929135
20
1.9796386220472439
11
2.4324470472440942
21
1.9791977165354331
0
LINE
8
BLACK
6
CONTINUOUS
10
2.4324470472440942
20
1.9791977165354331
11
2.4318709842519683
21
1.9791409842519685
0
LINE
8
BLACK
6
CONTINUOUS
10
2.4318709842519683
20
1.9791409842519685
11
2.4074990551181101
21
1.9791409842519685
0
LINE
8
BLACK
6
CONTINUOUS
10
2.4074990551181101
20
1.9791409842519685
11
2.4069229921259843
21
1.9791977165354331
0
LINE
8
BLACK
6
CONTINUOUS
10
2.4069229921259843
20
1.9791977165354331
11
2.4058585826771655
21
1.9796386220472439
0
LINE
8
BLACK
6
CONTINUOUS
10
2.4058585826771655
20
1.9796386220472439
11
2.405043937007874
21
1.9804532677165354
0
LINE
8
BLACK
6
CONTINUOUS
10
2.405043937007874
20
1.9804532677165354
11
2.4046030314960629
21
1.9815176771653542
0
LINE
8
BLACK
6
CONTINUOUS
10
2.4046030314960629
20
1.9815176771653542
11
2.4046030314960629
21
1.9826698031496062
0
LINE
8
BLACK
6
CONTINUOUS
10
2.4046030314960629
20
1.9826698031496062
11
2.405043937007874
21
1.9837342125984252
0
LINE
8
BLACK
6
CONTINUOUS
10
2.405043937007874
20
1.9837342125984252
11
2.4054111417322832
21
1.984181653543307
0
LINE
8
BLACK
6
CONTINUOUS
10
2.4054111417322832
20
1.984181653543307
11
2.4274153937007874
21
2.0061859842519683
0
LINE
8
BLACK
6
CONTINUOUS
10
2.4274153937007874
20
2.0061859842519683
11
2.4289182283464568
21
2.0106943700787401
0
LINE
8
BLACK
6
CONTINUOUS
10
2.4289182283464568
20
2.0106943700787401
11
2.4289182283464568
21
2.0132677165354331
0
LINE
8
BLACK
6
CONTINUOUS
10
2.4289182283464568
20
2.0132677165354331
11
2.4275694881889764
21
2.0159651968503938
0
LINE
8
BLACK
6
CONTINUOUS
10
2.4275694881889764
20
2.0159651968503938
11
2.4263723622047242
21
2.0171623228346456
0
LINE
8
BLACK
6
CONTINUOUS
10
2.4263723622047242
20
2.0171623228346456
11
2.4236748818897635
21
2.0185110629921259
0
LINE
8
BLACK
6
CONTINUOUS
10
2.4236748818897635
20
2.0185110629921259
11
2.4156951574803149
21
2.0185110629921259
0
LINE
8
BLACK
6
CONTINUOUS
10
2.4156951574803149
20
2.0185110629921259
11
2.4129976771653543
21
2.0171623228346456
0
LINE
8
BLACK
6
CONTINUOUS
10
2.4129976771653543
20
2.0171623228346456
11
2.4114617322834646
21
2.0156263779527559
0
LINE
8
BLACK
6
CONTINUOUS
10
2.4114617322834646
20
2.0156263779527559
11
2.4110142913385828
21
2.0152591732283462
0
LINE
8
BLACK
6
CONTINUOUS
10
2.4110142913385828
20
2.0152591732283462
11
2.4099498425196848
21
2.0148182677165356
0
LINE
8
BLACK
6
CONTINUOUS
10
2.4099498425196848
20
2.0148182677165356
11
2.4087977952755906
21
2.0148182677165356
0
LINE
8
BLACK
6
CONTINUOUS
10
2.4087977952755906
20
2.0148182677165356
11
2.407733346456693
21
2.0152591732283462
0
LINE
8
BLACK
6
CONTINUOUS
10
2.407733346456693
20
2.0152591732283462
11
2.4069187007874016
21
2.0160738188976377
0
LINE
8
BLACK
6
CONTINUOUS
10
2.4069187007874016
20
2.0160738188976377
11
2.4064777952755905
21
2.0171382677165353
0
LINE
8
BLACK
6
CONTINUOUS
10
2.4064777952755905
20
2.0171382677165353
11
2.4064777952755905
21
2.0182903149606299
0
LINE
8
BLACK
6
CONTINUOUS
10
2.4064777952755905
20
2.0182903149606299
11
2.4069187007874016
21
2.0193547637795275
0
LINE
8
BLACK
6
CONTINUOUS
10
2.4069187007874016
20
2.0193547637795275
11
2.4072859055118108
21
2.0198022047244093
0
LINE
8
BLACK
6
CONTINUOUS
10
2.4072859055118108
20
2.0198022047244093
11
2.4091606692913383
21
2.0216769685039369
0
LINE
8
BLACK
6
CONTINUOUS
10
2.4091606692913383
20
2.0216769685039369
11
2.4093870078740158
21
2.0218627559055116
0
LINE
8
BLACK
6
CONTINUOUS
10
2.4093870078740158
20
2.0218627559055116
11
2.4094381889763778
21
2.0219217322834644
0
LINE
8
BLACK
6
CONTINUOUS
10
2.4094381889763778
20
2.0219217322834644
11
2.4095271259842521
21
2.0219777165354329
0
LINE
8
BLACK
6
CONTINUOUS
10
2.4095271259842521
20
2.0219777165354329
11
2.4096081102362206
21
2.0220441732283465
0
LINE
8
BLACK
6
CONTINUOUS
10
2.4096081102362206
20
2.0220441732283465
11
2.4096800393700786
21
2.0220740157480313
0
LINE
8
BLACK
6
CONTINUOUS
10
2.4096800393700786
20
2.0220740157480313
11
2.4099280708661417
21
2.0222300787401575
0
LINE
8
BLACK
6
CONTINUOUS
10
2.4099280708661417
20
2.0222300787401575
11
2.4136775984251968
21
2.024104842519685
0
LINE
8
BLACK
6
CONTINUOUS
10
2.4136775984251968
20
2.024104842519685
11
2.4142181889763781
21
2.0243117322834645
0
LINE
8
BLACK
6
CONTINUOUS
10
2.4142181889763781
20
2.0243117322834645
11
2.4143240551181102
21
2.0243192913385828
0
LINE
8
BLACK
6
CONTINUOUS
10
2.4143240551181102
20
2.0243192913385828
11
2.4144220472440945
21
2.0243598425196851
0
LINE
8
BLACK
6
CONTINUOUS
10
2.4144220472440945
20
2.0243598425196851
11
2.4149981102362204
21
2.0244165748031495
0
LINE
8
BLACK
6
CONTINUOUS
10
2.4149981102362204
20
2.0244165748031495
11
2.4243719291338581
21
2.0244165748031495
0
LINE
8
BLACK
6
CONTINUOUS
10
2.4243719291338581
20
2.0244165748031495
11
2.424947992125984
21
2.0243598425196851
0
LINE
8
BLACK
6
CONTINUOUS
10
0.3716442125984252
20
2.0239189370078741
11
0.3724588582677165
21
2.0231042913385826
0
LINE
8
BLACK
6
CONTINUOUS
10
0.3724588582677165
20
2.0231042913385826
11
0.3728997637795275
21
2.0220398818897638
0
LINE
8
BLACK
6
CONTINUOUS
10
0.3728997637795275
20
2.0220398818897638
11
0.3729564960629921
21
2.0214638188976379
0
LINE
8
BLACK
6
CONTINUOUS
10
0.3729564960629921
20
2.0214638188976379
11
0.3729564960629921
21
2.005668937007874
0
LINE
8
BLACK
6
CONTINUOUS
10
0.3729564960629921
20
2.005668937007874
11
0.3895481496062992
21
2.005668937007874
0
LINE
8
BLACK
6
CONTINUOUS
10
0.3895481496062992
20
2.005668937007874
11
0.3895481496062992
21
2.0214638188976379
0
LINE
8
BLACK
6
CONTINUOUS
10
0.3895481496062992
20
2.0214638188976379
11
0.3896048818897638
21
2.0220398818897638
0
LINE
8
BLACK
6
CONTINUOUS
10
0.3896048818897638
20
2.0220398818897638
11
0.3900457874015748
21
2.0231042913385826
0
LINE
8
BLACK
6
CONTINUOUS
10
0.3900457874015748
20
2.0231042913385826
11
0.3908604330708662
21
2.0239189370078741
0
LINE
8
BLACK
6
CONTINUOUS
10
0.3908604330708662
20
2.0239189370078741
11
0.391924842519685
21
2.0243598425196851
0
LINE
8
BLACK
6
CONTINUOUS
10
0.391924842519685
20
2.0243598425196851
11
0.393076968503937
21
2.0243598425196851
0
LINE
8
BLACK
6
CONTINUOUS
10
0.393076968503937
20
2.0243598425196851
11
0.3941413779527559
21
2.0239189370078741
0
LINE
8
BLACK
6
CONTINUOUS
10
0.3941413779527559
20
2.0239189370078741
11
0.3949560236220472
21
2.0231042913385826
0
LINE
8
BLACK
6
CONTINUOUS
10
0.3949560236220472
20
2.0231042913385826
11
0.3953969291338583
21
2.0220398818897638
0
LINE
8
BLACK
6
CONTINUOUS
10
0.3953969291338583
20
2.0220398818897638
11
0.3954536614173228
21
2.0214638188976379
0
LINE
8
BLACK
6
CONTINUOUS
10
0.3954536614173228
20
2.0214638188976379
11
0.3954536614173228
21
1.9820937401574803
0
LINE
8
BLACK
6
CONTINUOUS
10
0.3954536614173228
20
1.9820937401574803
11
0.3953969291338583
21
1.9815176771653542
0
LINE
8
BLACK
6
CONTINUOUS
10
0.3953969291338583
20
1.9815176771653542
11
0.3949560236220472
21
1.9804532677165354
0
LINE
8
BLACK
6
CONTINUOUS
10
0.3949560236220472
20
1.9804532677165354
11
0.3941413779527559
21
1.9796386220472439
0
LINE
8
BLACK
6
CONTINUOUS
10
0.3941413779527559
20
1.9796386220472439
11
0.393076968503937
21
1.9791977165354331
0
LINE
8
BLACK
6
CONTINUOUS
10
0.393076968503937
20
1.9791977165354331
11
0.391924842519685
21
1.9791977165354331
0
LINE
8
BLACK
6
CONTINUOUS
10
0.391924842519685
20
1.9791977165354331
11
0.3908604330708662
21
1.9796386220472439
0
LINE
8
BLACK
6
CONTINUOUS
10
0.3908604330708662
20
1.9796386220472439
11
0.3900457874015748
21
1.9804532677165354
0
LINE
8
BLACK
6
CONTINUOUS
10
0.3900457874015748
20
1.9804532677165354
11
0.3896048818897638
21
1.9815176771653542
0
LINE
8
BLACK
6
CONTINUOUS
10
0.3896048818897638
20
1.9815176771653542
11
0.3895481496062992
21
1.9820937401574803
0
LINE
8
BLACK
6
CONTINUOUS
10
0.3895481496062992
20
1.9820937401574803
11
0.3895481496062992
21
1.9997634251968504
0
LINE
8
BLACK
6
CONTINUOUS
10
0.3895481496062992
20
1.9997634251968504
11
0.3729564960629921
21
1.9997634251968504
0
LINE
8
BLACK
6
CONTINUOUS
10
0.3729564960629921
20
1.9997634251968504
11
0.3729564960629921
21
1.9820937401574803
0
LINE
8
BLACK
6
CONTINUOUS
10
0.3729564960629921
20
1.9820937401574803
11
0.3728997637795275
21
1.9815176771653542
0
LINE
8
BLACK
6
CONTINUOUS
10
0.3728997637795275
20
1.9815176771653542
11
0.3724588582677165
21
1.9804532677165354
0
LINE
8
BLACK
6
CONTINUOUS
10
0.3724588582677165
20
1.9804532677165354
11
0.3716442125984252
21
1.9796386220472439
0
LINE
8
BLACK
6
CONTINUOUS
10
0.3716442125984252
20
1.9796386220472439
11
0.3705798031496063
21
1.9791977165354331
0
LINE
8
BLACK
6
CONTINUOUS
10
0.3705798031496063
20
1.9791977165354331
11
0.3694276771653543
21
1.9791977165354331
0
LINE
8
BLACK
6
CONTINUOUS
10
0.3694276771653543
20
1.9791977165354331
11
0.3683632677165354
21
1.9796386220472439
0
LINE
8
BLACK
6
CONTINUOUS
10
0.3683632677165354
20
1.9796386220472439
11
0.3675486220472441
21
1.9804532677165354
0
LINE
8
BLACK
6
CONTINUOUS
10
0.3675486220472441
20
1.9804532677165354
11
0.3671077165354331
21
1.9815176771653542
0
LINE
8
BLACK
6
CONTINUOUS
10
0.3671077165354331
20
1.9815176771653542
11
0.3670509842519685
21
1.9820937401574803
0
LINE
8
BLACK
6
CONTINUOUS
10
0.3670509842519685
20
1.9820937401574803
11
0.3670509842519685
21
2.0214638188976379
0
LINE
8
BLACK
6
CONTINUOUS
10
0.3670509842519685
20
2.0214638188976379
11
0.3671077165354331
21
2.0220398818897638
0
LINE
8
BLACK
6
CONTINUOUS
10
0.3671077165354331
20
2.0220398818897638
11
0.3675486220472441
21
2.0231042913385826
0
LINE
8
BLACK
6
CONTINUOUS
10
0.3675486220472441
20
2.0231042913385826
11
0.3683632677165354
21
2.0239189370078741
0
LINE
8
BLACK
6
CONTINUOUS
10
0.3683632677165354
20
2.0239189370078741
11
0.3694276771653543
21
2.0243598425196851
0
LINE
8
BLACK
6
CONTINUOUS
10
0.3694276771653543
20
2.0243598425196851
11
0.3705798031496063
21
2.0243598425196851
0
LINE
8
BLACK
6
CONTINUOUS
10
0.3705798031496063
20
2.0243598425196851
11
0.3716442125984252
21
2.0239189370078741
0
LINE
8
BLACK
6
CONTINUOUS
10
2.371644212598425
20
2.0239189370078741
11
2.3724588582677164
21
2.0231042913385826
0
LINE
8
BLACK
6
CONTINUOUS
10
2.3724588582677164
20
2.0231042913385826
11
2.3728997637795275
21
2.0220398818897638
0
LINE
8
BLACK
6
CONTINUOUS
10
2.3728997637795275
20
2.0220398818897638
11
2.3729564960629919
21
2.0214638188976379
0
LINE
8
BLACK
6
CONTINUOUS
10
2.3729564960629919
20
2.0214638188976379
11
2.3729564960629919
21
2.005668937007874
0
LINE
8
BLACK
6
CONTINUOUS
10
2.3729564960629919
20
2.005668937007874
11
2.3895481496062994
21
2.005668937007874
0
LINE
8
BLACK
6
CONTINUOUS
10
2.3895481496062994
20
2.005668937007874
11
2.3895481496062994
21
2.0214638188976379
0
LINE
8
BLACK
6
CONTINUOUS
10
2.3895481496062994
20
2.0214638188976379
11
2.3896048818897637
21
2.0220398818897638
0
LINE
8
BLACK
6
CONTINUOUS
10
2.3896048818897637
20
2.0220398818897638
11
2.3900457874015748
21
2.0231042913385826
0
LINE
8
BLACK
6
CONTINUOUS
10
2.3900457874015748
20
2.0231042913385826
11
2.3908604330708663
21
2.0239189370078741
0
LINE
8
BLACK
6
CONTINUOUS
10
2.3908604330708663
20
2.0239189370078741
11
2.3919248425196851
21
2.0243598425196851
0
LINE
8
BLACK
6
CONTINUOUS
10
2.3919248425196851
20
2.0243598425196851
11
2.3930769685039368
21
2.0243598425196851
0
LINE
8
BLACK
6
CONTINUOUS
10
2.3930769685039368
20
2.0243598425196851
11
2.3941413779527561
21
2.0239189370078741
0
LINE
8
BLACK
6
CONTINUOUS
10
2.3941413779527561
20
2.0239189370078741
11
2.3949560236220471
21
2.0231042913385826
0
LINE
8
BLACK
6
CONTINUOUS
10
2.3949560236220471
20
2.0231042913385826
11
2.3953969291338582
21
2.0220398818897638
0
LINE
8
BLACK
6
CONTINUOUS
10
2.3953969291338582
20
2.0220398818897638
11
2.395453661417323
21
2.0214638188976379
0
LINE
8
BLACK
6
CONTINUOUS
10
2.395453661417323
20
2.0214638188976379
11
2.395453661417323
21
1.9820937401574803
0
LINE
8
BLACK
6
CONTINUOUS
10
2.395453661417323
20
1.9820937401574803
11
2.3953969291338582
21
1.9815176771653542
0
LINE
8
BLACK
6
CONTINUOUS
10
2.3953969291338582
20
1.9815176771653542
11
2.3949560236220471
21
1.9804532677165354
0
LINE
8
BLACK
6
CONTINUOUS
10
2.3949560236220471
20
1.9804532677165354
11
2.3941413779527561
21
1.9796386220472439
0
LINE
8
BLACK
6
CONTINUOUS
10
2.3941413779527561
20
1.9796386220472439
11
2.3930769685039368
21
1.9791977165354331
0
LINE
8
BLACK
6
CONTINUOUS
10
2.3930769685039368
20
1.9791977165354331
11
2.3919248425196851
21
1.9791977165354331
0
LINE
8
BLACK
6
CONTINUOUS
10
2.3919248425196851
20
1.9791977165354331
11
2.3908604330708663
21
1.9796386220472439
0
LINE
8
BLACK
6
CONTINUOUS
10
2.3908604330708663
20
1.9796386220472439
11
2.3900457874015748
21
1.9804532677165354
0
LINE
8
BLACK
6
CONTINUOUS
10
2.3900457874015748
20
1.9804532677165354
11
2.3896048818897637
21
1.9815176771653542
0
LINE
8
BLACK
6
CONTINUOUS
10
2.3896048818897637
20
1.9815176771653542
11
2.3895481496062994
21
1.9820937401574803
0
LINE
8
BLACK
6
CONTINUOUS
10
2.3895481496062994
20
1.9820937401574803
11
2.3895481496062994
21
1.9997634251968504
0
LINE
8
BLACK
6
CONTINUOUS
10
2.3895481496062994
20
1.9997634251968504
11
2.3729564960629919
21
1.9997634251968504
0
LINE
8
BLACK
6
CONTINUOUS
10
2.3729564960629919
20
1.9997634251968504
11
2.3729564960629919
21
1.9820937401574803
0
LINE
8
BLACK
6
CONTINUOUS
10
2.3729564960629919
20
1.9820937401574803
11
2.3728997637795275
21
1.9815176771653542
0
LINE
8
BLACK
6
CONTINUOUS
10
2.3728997637795275
20
1.9815176771653542
11
2.3724588582677164
21
1.9804532677165354
0
LINE
8
BLACK
6
CONTINUOUS
10
2.3724588582677164
20
1.9804532677165354
11
2.371644212598425
21
1.9796386220472439
0
LINE
8
BLACK
6
CONTINUOUS
10
2.371644212598425
20
1.9796386220472439
11
2.3705798031496061
21
1.9791977165354331
0
LINE
8
BLACK
6
CONTINUOUS
10
2.3705798031496061
20
1.9791977165354331
11
2.3694276771653544
21
1.9791977165354331
0
LINE
8
BLACK
6
CONTINUOUS
10
2.3694276771653544
20
1.9791977165354331
11
2.3683632677165352
21
1.9796386220472439
0
LINE
8
BLACK
6
CONTINUOUS
10
2.3683632677165352
20
1.9796386220472439
11
2.3675486220472441
21
1.9804532677165354
0
LINE
8
BLACK
6
CONTINUOUS
10
2.3675486220472441
20
1.9804532677165354
11
2.3671077165354331
21
1.9815176771653542
0
LINE
8
BLACK
6
CONTINUOUS
10
2.3671077165354331
20
1.9815176771653542
11
2.3670509842519682
21
1.9820937401574803
0
LINE
8
BLACK
6
CONTINUOUS
10
2.3670509842519682
20
1.9820937401574803
11
2.3670509842519682
21
2.0214638188976379
0
LINE
8
BLACK
6
CONTINUOUS
10
2.3670509842519682
20
2.0214638188976379
11
2.3671077165354331
21
2.0220398818897638
0
LINE
8
BLACK
6
CONTINUOUS
10
2.3671077165354331
20
2.0220398818897638
11
2.3675486220472441
21
2.0231042913385826
0
LINE
8
BLACK
6
CONTINUOUS
10
2.3675486220472441
20
2.0231042913385826
11
2.3683632677165352
21
2.0239189370078741
0
LINE
8
BLACK
6
CONTINUOUS
10
2.3683632677165352
20
2.0239189370078741
11
2.3694276771653544
21
2.0243598425196851
0
LINE
8
BLACK
6
CONTINUOUS
10
2.3694276771653544
20
2.0243598425196851
11
2.3705798031496061
21
2.0243598425196851
0
LINE
8
BLACK
6
CONTINUOUS
10
2.3705798031496061
20
2.0243598425196851
11
2.371644212598425
21
2.0239189370078741
0
LINE
8
BLACK
6
CONTINUOUS
10
0.7716591732283464
20
2.0888480708661419
11
0.7721066141732283
21
2.0884808661417322
0
LINE
8
BLACK
6
CONTINUOUS
10
0.7721066141732283
20
2.0884808661417322
11
0.7895631102362205
21
2.0710243700787401
0
LINE
8
BLACK
6
CONTINUOUS
10
0.7895631102362205
20
2.0710243700787401
11
0.7895631102362205
21
2.0863929527559053
0
LINE
8
BLACK
6
CONTINUOUS
10
0.7895631102362205
20
2.0863929527559053
11
0.789619842519685
21
2.0869690157480316
0
LINE
8
BLACK
6
CONTINUOUS
10
0.789619842519685
20
2.0869690157480316
11
0.7900607480314961
21
2.0880334251968504
0
LINE
8
BLACK
6
CONTINUOUS
10
0.7900607480314961
20
2.0880334251968504
11
0.7908753937007874
21
2.0888480708661419
0
LINE
8
BLACK
6
CONTINUOUS
10
0.7908753937007874
20
2.0888480708661419
11
0.7919398031496063
21
2.0892889763779525
0
LINE
8
BLACK
6
CONTINUOUS
10
0.7919398031496063
20
2.0892889763779525
11
0.7930919291338583
21
2.0892889763779525
0
LINE
8
BLACK
6
CONTINUOUS
10
0.7930919291338583
20
2.0892889763779525
11
0.7941563385826772
21
2.0888480708661419
0
LINE
8
BLACK
6
CONTINUOUS
10
0.7941563385826772
20
2.0888480708661419
11
0.7949709842519684
21
2.0880334251968504
0
LINE
8
BLACK
6
CONTINUOUS
10
0.7949709842519684
20
2.0880334251968504
11
0.7954118897637795
21
2.0869690157480316
0
LINE
8
BLACK
6
CONTINUOUS
10
0.7954118897637795
20
2.0869690157480316
11
0.7954686220472441
21
2.0863929527559053
0
LINE
8
BLACK
6
CONTINUOUS
10
0.7954686220472441
20
2.0863929527559053
11
0.7954686220472441
21
2.0470228740157479
0
LINE
8
BLACK
6
CONTINUOUS
10
0.7954686220472441
20
2.0470228740157479
11
0.7954118897637795
21
2.046446811023622
0
LINE
8
BLACK
6
CONTINUOUS
10
0.7954118897637795
20
2.046446811023622
11
0.7949709842519684
21
2.0453824015748032
0
LINE
8
BLACK
6
CONTINUOUS
10
0.7949709842519684
20
2.0453824015748032
11
0.7941563385826772
21
2.0445677559055118
0
LINE
8
BLACK
6
CONTINUOUS
10
0.7941563385826772
20
2.0445677559055118
11
0.7930919291338583
21
2.0441268503937007
0
LINE
8
BLACK
6
CONTINUOUS
10
0.7930919291338583
20
2.0441268503937007
11
0.7919398031496063
21
2.0441268503937007
0
LINE
8
BLACK
6
CONTINUOUS
10
0.7919398031496063
20
2.0441268503937007
11
0.7908753937007874
21
2.0445677559055118
0
LINE
8
BLACK
6
CONTINUOUS
10
0.7908753937007874
20
2.0445677559055118
11
0.7900607480314961
21
2.0453824015748032
0
LINE
8
BLACK
6
CONTINUOUS
10
0.7900607480314961
20
2.0453824015748032
11
0.789619842519685
21
2.046446811023622
0
LINE
8
BLACK
6
CONTINUOUS
10
0.789619842519685
20
2.046446811023622
11
0.7895631102362205
21
2.0470228740157479
0
LINE
8
BLACK
6
CONTINUOUS
10
0.7895631102362205
20
2.0470228740157479
11
0.7895631102362205
21
2.0626727165354328
0
LINE
8
BLACK
6
CONTINUOUS
10
0.7895631102362205
20
2.0626727165354328
11
0.7872110236220472
21
2.0650248031496061
0
LINE
8
BLACK
6
CONTINUOUS
10
0.7872110236220472
20
2.0650248031496061
11
0.772380905511811
21
2.0452512204724407
0
LINE
8
BLACK
6
CONTINUOUS
10
0.772380905511811
20
2.0452512204724407
11
0.7719898818897638
21
2.044824409448819
0
LINE
8
BLACK
6
CONTINUOUS
10
0.7719898818897638
20
2.044824409448819
11
0.7709985039370079
21
2.0442374409448818
0
LINE
8
BLACK
6
CONTINUOUS
10
0.7709985039370079
20
2.0442374409448818
11
0.7698579921259843
21
2.0440744881889765
0
LINE
8
BLACK
6
CONTINUOUS
10
0.7698579921259843
20
2.0440744881889765
11
0.7687419291338583
21
2.044360433070866
0
LINE
8
BLACK
6
CONTINUOUS
10
0.7687419291338583
20
2.044360433070866
11
0.7678202362204725
21
2.0450516929133857
0
LINE
8
BLACK
6
CONTINUOUS
10
0.7678202362204725
20
2.0450516929133857
11
0.7672332677165354
21
2.0460430708661419
0
LINE
8
BLACK
6
CONTINUOUS
10
0.7672332677165354
20
2.0460430708661419
11
0.7670703149606299
21
2.0471835826771652
0
LINE
8
BLACK
6
CONTINUOUS
10
0.7670703149606299
20
2.0471835826771652
11
0.7673562598425197
21
2.0482996456692915
0
LINE
8
BLACK
6
CONTINUOUS
10
0.7673562598425197
20
2.0482996456692915
11
0.7676564960629921
21
2.0487945275590551
0
LINE
8
BLACK
6
CONTINUOUS
10
0.7676564960629921
20
2.0487945275590551
11
0.7829927952755905
21
2.0692430314960628
0
LINE
8
BLACK
6
CONTINUOUS
10
0.7829927952755905
20
2.0692430314960628
11
0.7679307874015748
21
2.0843050393700788
0
LINE
8
BLACK
6
CONTINUOUS
10
0.7679307874015748
20
2.0843050393700788
11
0.7675635826771653
21
2.0847524803149606
0
LINE
8
BLACK
6
CONTINUOUS
10
0.7675635826771653
20
2.0847524803149606
11
0.7671226771653543
21
2.0858169291338582
0
LINE
8
BLACK
6
CONTINUOUS
10
0.7671226771653543
20
2.0858169291338582
11
0.7671226771653543
21
2.0869689763779529
0
LINE
8
BLACK
6
CONTINUOUS
10
0.7671226771653543
20
2.0869689763779529
11
0.7675635826771653
21
2.0880334251968504
0
LINE
8
BLACK
6
CONTINUOUS
10
0.7675635826771653
20
2.0880334251968504
11
0.7683782283464566
21
2.0888480708661419
0
LINE
8
BLACK
6
CONTINUOUS
10
0.7683782283464566
20
2.0888480708661419
11
0.7694426771653543
21
2.0892889763779525
0
LINE
8
BLACK
6
CONTINUOUS
10
0.7694426771653543
20
2.0892889763779525
11
0.7705947244094488
21
2.0892889763779525
0
LINE
8
BLACK
6
CONTINUOUS
10
0.7705947244094488
20
2.0892889763779525
11
0.7716591732283464
21
2.0888480708661419
0
LINE
8
BLACK
6
CONTINUOUS
10
0.6496119291338582
20
2.9746748425196849
11
0.6500593700787402
21
2.9743076377952757
0
LINE
8
BLACK
6
CONTINUOUS
10
0.6500593700787402
20
2.9743076377952757
11
0.6675158661417323
21
2.9568511417322836
0
LINE
8
BLACK
6
CONTINUOUS
10
0.6675158661417323
20
2.9568511417322836
11
0.6675158661417323
21
2.9722197244094488
0
LINE
8
BLACK
6
CONTINUOUS
10
0.6675158661417323
20
2.9722197244094488
11
0.6675725984251968
21
2.9727957874015747
0
LINE
8
BLACK
6
CONTINUOUS
10
0.6675725984251968
20
2.9727957874015747
11
0.6680135039370079
21
2.9738601968503935
0
LINE
8
BLACK
6
CONTINUOUS
10
0.6680135039370079
20
2.9738601968503935
11
0.6688281496062992
21
2.9746748425196849
0
LINE
8
BLACK
6
CONTINUOUS
10
0.6688281496062992
20
2.9746748425196849
11
0.6698925590551181
21
2.975115748031496
0
LINE
8
BLACK
6
CONTINUOUS
10
0.6698925590551181
20
2.975115748031496
11
0.6710446850393701
21
2.975115748031496
0
LINE
8
BLACK
6
CONTINUOUS
10
0.6710446850393701
20
2.975115748031496
11
0.672109094488189
21
2.9746748425196849
0
LINE
8
BLACK
6
CONTINUOUS
10
0.672109094488189
20
2.9746748425196849
11
0.6729237401574804
21
2.9738601968503935
0
LINE
8
BLACK
6
CONTINUOUS
10
0.6729237401574804
20
2.9738601968503935
11
0.6733646456692913
21
2.9727957874015747
0
LINE
8
BLACK
6
CONTINUOUS
10
0.6733646456692913
20
2.9727957874015747
11
0.6734213779527559
21
2.9722197244094488
0
LINE
8
BLACK
6
CONTINUOUS
10
0.6734213779527559
20
2.9722197244094488
11
0.6734213779527559
21
2.9328496456692914
0
LINE
8
BLACK
6
CONTINUOUS
10
0.6734213779527559
20
2.9328496456692914
11
0.6733646456692913
21
2.9322735826771651
0
LINE
8
BLACK
6
CONTINUOUS
10
0.6733646456692913
20
2.9322735826771651
11
0.6729237401574804
21
2.9312091732283463
0
LINE
8
BLACK
6
CONTINUOUS
10
0.6729237401574804
20
2.9312091732283463
11
0.672109094488189
21
2.9303945275590553
0
LINE
8
BLACK
6
CONTINUOUS
10
0.672109094488189
20
2.9303945275590553
11
0.6710446850393701
21
2.9299536220472442
0
LINE
8
BLACK
6
CONTINUOUS
10
0.6710446850393701
20
2.9299536220472442
11
0.6698925590551181
21
2.9299536220472442
0
LINE
8
BLACK
6
CONTINUOUS
10
0.6698925590551181
20
2.9299536220472442
11
0.6688281496062992
21
2.9303945275590553
0
LINE
8
BLACK
6
CONTINUOUS
10
0.6688281496062992
20
2.9303945275590553
11
0.6680135039370079
21
2.9312091732283463
0
LINE
8
BLACK
6
CONTINUOUS
10
0.6680135039370079
20
2.9312091732283463
11
0.6675725984251968
21
2.9322735826771651
0
LINE
8
BLACK
6
CONTINUOUS
10
0.6675725984251968
20
2.9322735826771651
11
0.6675158661417323
21
2.9328496456692914
0
LINE
8
BLACK
6
CONTINUOUS
10
0.6675158661417323
20
2.9328496456692914
11
0.6675158661417323
21
2.9484994881889763
0
LINE
8
BLACK
6
CONTINUOUS
10
0.6675158661417323
20
2.9484994881889763
11
0.665163779527559
21
2.9508515748031496
0
LINE
8
BLACK
6
CONTINUOUS
10
0.665163779527559
20
2.9508515748031496
11
0.6503336614173229
21
2.9310779921259842
0
LINE
8
BLACK
6
CONTINUOUS
10
0.6503336614173229
20
2.9310779921259842
11
0.6499426377952756
21
2.9306511811023621
0
LINE
8
BLACK
6
CONTINUOUS
10
0.6499426377952756
20
2.9306511811023621
11
0.6489512598425197
21
2.9300642125984253
0
LINE
8
BLACK
6
CONTINUOUS
10
0.6489512598425197
20
2.9300642125984253
11
0.6478107480314961
21
2.9299012598425196
0
LINE
8
BLACK
6
CONTINUOUS
10
0.6478107480314961
20
2.9299012598425196
11
0.6466946850393701
21
2.9301872047244095
0
LINE
8
BLACK
6
CONTINUOUS
10
0.6466946850393701
20
2.9301872047244095
11
0.6457729921259843
21
2.9308784645669292
0
LINE
8
BLACK
6
CONTINUOUS
10
0.6457729921259843
20
2.9308784645669292
11
0.6451860236220472
21
2.931869842519685
0
LINE
8
BLACK
6
CONTINUOUS
10
0.6451860236220472
20
2.931869842519685
11
0.6450230708661417
21
2.9330103543307087
0
LINE
8
BLACK
6
CONTINUOUS
10
0.6450230708661417
20
2.9330103543307087
11
0.6453090157480315
21
2.9341264173228345
0
LINE
8
BLACK
6
CONTINUOUS
10
0.6453090157480315
20
2.9341264173228345
11
0.6456092519685039
21
2.9346212992125982
0
LINE
8
BLACK
6
CONTINUOUS
10
0.6456092519685039
20
2.9346212992125982
11
0.6609455511811023
21
2.9550698031496063
0
LINE
8
BLACK
6
CONTINUOUS
10
0.6609455511811023
20
2.9550698031496063
11
0.6458835433070866
21
2.9701318110236219
0
LINE
8
BLACK
6
CONTINUOUS
10
0.6458835433070866
20
2.9701318110236219
11
0.6455163385826771
21
2.9705792519685037
0
LINE
8
BLACK
6
CONTINUOUS
10
0.6455163385826771
20
2.9705792519685037
11
0.6450754330708661
21
2.9716437007874017
0
LINE
8
BLACK
6
CONTINUOUS
10
0.6450754330708661
20
2.9716437007874017
11
0.6450754330708661
21
2.9727957480314959
0
LINE
8
BLACK
6
CONTINUOUS
10
0.6450754330708661
20
2.9727957480314959
11
0.6455163385826771
21
2.9738601968503935
0
LINE
8
BLACK
6
CONTINUOUS
10
0.6455163385826771
20
2.9738601968503935
11
0.6463309842519684
21
2.9746748425196849
0
LINE
8
BLACK
6
CONTINUOUS
10
0.6463309842519684
20
2.9746748425196849
11
0.6473954330708661
21
2.975115748031496
0
LINE
8
BLACK
6
CONTINUOUS
10
0.6473954330708661
20
2.975115748031496
11
0.6485474803149606
21
2.975115748031496
0
LINE
8
BLACK
6
CONTINUOUS
10
0.6485474803149606
20
2.975115748031496
11
0.6496119291338582
21
2.9746748425196849
0
CIRCLE
8
BLACK
10
2.3055118110236221
20
0.4
40
0.0068897637795276
0
CIRCLE
8
BLACK
10
2.3331867716535433
20
0.4668132283464567
40
0.0068897637795276
0
CIRCLE
8
BLACK
10
2.3331867716535433
20
0.3331867716535433
40
0.0068897637795276
0
CIRCLE
8
BLACK
10
2.3999999999999999
20
0.4944881889763779
40
0.0068897637795276
0
CIRCLE
8
BLACK
10
2.3999999999999999
20
0.4
40
0.0068897637795276
0
CIRCLE
8
BLACK
10
2.3999999999999999
20
0.305511811023622
40
0.0068897637795276
0
CIRCLE
8
BLACK
10
2.4668132283464566
20
0.4668132283464567
40
0.0068897637795276
0
CIRCLE
8
BLACK
10
2.4668132283464566
20
0.3331867716535433
40
0.0068897637795276
0
CIRCLE
8
BLACK
10
2.4944881889763777
20
0.4
40
0.0068897637795276
0
CIRCLE
8
BLACK
10
3.192913346456693
20
0.2897637795275591
40
0.0068897637795276
0
CIRCLE
8
BLACK
10
3.0929133464566929
20
0.2897637795275591
40
0.0068897637795276
0
CIRCLE
8
BLACK
10
3.1929133858267718
20
0.389763779527559
40
0.0068897637795276
0
CIRCLE
8
BLACK
10
3.0929133070866142
20
0.389763779527559
40
0.0068897637795276
0
CIRCLE
8
BLACK
10
3.192913346456693
20
0.4897637795275591
40
0.0068897637795276
0
CIRCLE
8
BLACK
10
3.0929133464566929
20
0.4897637795275591
40
0.0068897637795276
0
CIRCLE
8
BLACK
10
-0.5275590944881889
20
0.7070866141732284
40
0.0068897637795276
0
CIRCLE
8
BLACK
10
-0.6275590944881889
20
0.7070866141732284
40
0.0068897637795276
0
CIRCLE
8
BLACK
10
-0.5275590551181102
20
0.8070866141732284
40
0.0068897637795276
0
CIRCLE
8
BLACK
10
-0.6275591338582677
20
0.8070866141732284
40
0.0068897637795276
0
CIRCLE
8
BLACK
10
-0.5275590944881889
20
0.9070866141732283
40
0.0068897637795276
0
CIRCLE
8
BLACK
10
-0.6275590944881889
20
0.9070866141732283
40
0.0068897637795276
0
CIRCLE
8
BLACK
10
0.305511811023622
20
0.4
40
0.0068897637795276
0
CIRCLE
8
BLACK
10
0.3331867716535433
20
0.4668132283464567
40
0.0068897637795276
0
CIRCLE
8
BLACK
10
0.3331867716535433
20
0.3331867716535433
40
0.0068897637795276
0
CIRCLE
8
BLACK
10
0.4
20
0.4944881889763779
40
0.0068897637795276
0
CIRCLE
8
BLACK
10
0.4
20
0.4
40
0.0068897637795276
0
CIRCLE
8
BLACK
10
0.4
20
0.305511811023622
40
0.0068897637795276
0
CIRCLE
8
BLACK
10
0.4668132283464567
20
0.4668132283464567
40
0.0068897637795276
0
CIRCLE
8
BLACK
10
0.4668132283464567
20
0.3331867716535433
40
0.0068897637795276
0
CIRCLE
8
BLACK
10
0.4944881889763779
20
0.4
40
0.0068897637795276
0
CIRCLE
8
BLACK
10
0.305511811023622
20
2.
40
0.0068897637795276
0
CIRCLE
8
BLACK
10
0.3331867716535433
20
2.0668132283464566
40
0.0068897637795276
0
CIRCLE
8
BLACK
10
0.3331867716535433
20
1.9331867716535434
40
0.0068897637795276
0
CIRCLE
8
BLACK
10
0.4
20
2.0944881889763778
40
0.0068897637795276
0
CIRCLE
8
BLACK
10
0.4
20
2.
40
0.0068897637795276
0
CIRCLE
8
BLACK
10
0.4
20
1.905511811023622
40
0.0068897637795276
0
CIRCLE
8
BLACK
10
0.4668132283464567
20
2.0668132283464566
40
0.0068897637795276
0
CIRCLE
8
BLACK
10
0.4668132283464567
20
1.9331867716535434
40
0.0068897637795276
0
CIRCLE
8
BLACK
10
0.4944881889763779
20
2.
40
0.0068897637795276
0
CIRCLE
8
BLACK
10
4.0885826771653546
20
1.3421259842519684
40
0.0068897637795276
0
CIRCLE
8
BLACK
10
4.1885826771653543
20
1.3421259842519684
40
0.0068897637795276
0
CIRCLE
8
BLACK
10
4.0885826771653546
20
1.2421259842519685
40
0.0068897637795276
0
CIRCLE
8
BLACK
10
4.1885826771653543
20
1.2421259842519685
40
0.0068897637795276
0
CIRCLE
8
BLACK
10
4.0885826771653546
20
1.1421259842519684
40
0.0068897637795276
0
CIRCLE
8
BLACK
10
4.1885826771653543
20
1.1421259842519684
40
0.0068897637795276
0
CIRCLE
8
BLACK
10
0.6283464566929133
20
0.3645669291338582
40
0.0068897637795276
0
CIRCLE
8
BLACK
10
0.6283464566929133
20
0.4645669291338583
40
0.0068897637795276
0
CIRCLE
8
BLACK
10
0.7283464566929134
20
0.3645669291338582
40
0.0068897637795276
0
CIRCLE
8
BLACK
10
0.7283464566929134
20
0.4645669291338583
40
0.0068897637795276
0
CIRCLE
8
BLACK
10
0.8283464566929134
20
0.3645669291338582
40
0.0068897637795276
0
CIRCLE
8
BLACK
10
0.8283464566929134
20
0.4645669291338583
40
0.0068897637795276
0
CIRCLE
8
BLACK
10
0.9283464566929134
20
0.3645668897637795
40
0.0068897637795276
0
CIRCLE
8
BLACK
10
0.9283464566929134
20
0.464566968503937
40
0.0068897637795276
0
CIRCLE
8
BLACK
10
1.0283464566929135
20
0.3645669291338582
40
0.0068897637795276
0
CIRCLE
8
BLACK
10
1.0283464566929135
20
0.4645669291338583
40
0.0068897637795276
0
CIRCLE
8
BLACK
10
1.1283464566929133
20
0.3645669291338582
40
0.0068897637795276
0
CIRCLE
8
BLACK
10
1.1283464566929133
20
0.4645669291338583
40
0.0068897637795276
0
CIRCLE
8
BLACK
10
1.2283464566929134
20
0.3645669291338582
40
0.0068897637795276
0
CIRCLE
8
BLACK
10
1.2283464566929134
20
0.4645669291338583
40
0.0068897637795276
0
CIRCLE
8
BLACK
10
1.3283464566929133
20
0.3645669291338582
40
0.0068897637795276
0
CIRCLE
8
BLACK
10
1.3283464566929133
20
0.4645669291338583
40
0.0068897637795276
0
CIRCLE
8
BLACK
10
1.4283464566929134
20
0.3645668897637795
40
0.0068897637795276
0
CIRCLE
8
BLACK
10
1.4283464566929134
20
0.464566968503937
40
0.0068897637795276
0
CIRCLE
8
BLACK
10
1.5283464566929132
20
0.3645669291338582
40
0.0068897637795276
0
CIRCLE
8
BLACK
10
1.5283464566929132
20
0.4645669291338583
40
0.0068897637795276
0
CIRCLE
8
BLACK
10
1.6283464566929133
20
0.3645669291338582
40
0.0068897637795276
0
CIRCLE
8
BLACK
10
1.6283464566929133
20
0.4645669291338583
40
0.0068897637795276
0
CIRCLE
8
BLACK
10
1.7283464566929134
20
0.3645669291338582
40
0.0068897637795276
0
CIRCLE
8
BLACK
10
1.7283464566929134
20
0.4645669291338583
40
0.0068897637795276
0
CIRCLE
8
BLACK
10
0.4188976377952756
20
0.6535433070866141
40
0.0068897637795276
0
CIRCLE
8
BLACK
10
0.3188976377952756
20
0.6535433070866141
40
0.0068897637795276
0
CIRCLE
8
BLACK
10
0.4188976377952756
20
0.7535433070866142
40
0.0068897637795276
0
CIRCLE
8
BLACK
10
0.3188976377952756
20
0.7535433070866142
40
0.0068897637795276
0
CIRCLE
8
BLACK
10
0.4188976377952756
20
0.8535433070866142
40
0.0068897637795276
0
CIRCLE
8
BLACK
10
0.3188976377952756
20
0.8535433070866142
40
0.0068897637795276
0
CIRCLE
8
BLACK
10
0.4188976771653543
20
0.9535433070866142
40
0.0068897637795276
0
CIRCLE
8
BLACK
10
0.3188975984251968
20
0.9535433070866142
40
0.0068897637795276
0
CIRCLE
8
BLACK
10
0.4188976377952756
20
1.0535433070866143
40
0.0068897637795276
0
CIRCLE
8
BLACK
10
0.3188976377952756
20
1.0535433070866143
40
0.0068897637795276
0
CIRCLE
8
BLACK
10
0.4188976377952756
20
1.1535433070866141
40
0.0068897637795276
0
CIRCLE
8
BLACK
10
0.3188976377952756
20
1.1535433070866141
40
0.0068897637795276
0
CIRCLE
8
BLACK
10
0.4188976377952756
20
1.2535433070866142
40
0.0068897637795276
0
CIRCLE
8
BLACK
10
0.3188976377952756
20
1.2535433070866142
40
0.0068897637795276
0
CIRCLE
8
BLACK
10
0.4188976377952756
20
1.3535433070866141
40
0.0068897637795276
0
CIRCLE
8
BLACK
10
0.3188976377952756
20
1.3535433070866141
40
0.0068897637795276
0
CIRCLE
8
BLACK
10
0.4188976771653543
20
1.4535433070866142
40
0.0068897637795276
0
CIRCLE
8
BLACK
10
0.3188975984251968
20
1.4535433070866142
40
0.0068897637795276
0
CIRCLE
8
BLACK
10
0.4188976377952756
20
1.553543307086614
40
0.0068897637795276
0
CIRCLE
8
BLACK
10
0.3188976377952756
20
1.553543307086614
40
0.0068897637795276
0
CIRCLE
8
BLACK
10
0.4188976377952756
20
1.6535433070866141
40
0.0068897637795276
0
CIRCLE
8
BLACK
10
0.3188976377952756
20
1.6535433070866141
40
0.0068897637795276
0
CIRCLE
8
BLACK
10
0.4188976377952756
20
1.7535433070866142
40
0.0068897637795276
0
CIRCLE
8
BLACK
10
0.3188976377952756
20
1.7535433070866142
40
0.0068897637795276
0
CIRCLE
8
BLACK
10
2.3622047244094486
20
1.7488188976377952
40
0.0068897637795276
0
CIRCLE
8
BLACK
10
2.4622047244094487
20
1.7488188976377952
40
0.0068897637795276
0
CIRCLE
8
BLACK
10
2.3622047244094486
20
1.6488188976377953
40
0.0068897637795276
0
CIRCLE
8
BLACK
10
2.4622047244094487
20
1.6488188976377953
40
0.0068897637795276
0
CIRCLE
8
BLACK
10
2.3622047244094486
20
1.5488188976377952
40
0.0068897637795276
0
CIRCLE
8
BLACK
10
2.4622047244094487
20
1.5488188976377952
40
0.0068897637795276
0
CIRCLE
8
BLACK
10
2.3622047244094486
20
1.4488188976377951
40
0.0068897637795276
0
CIRCLE
8
BLACK
10
2.4622047244094487
20
1.4488188976377951
40
0.0068897637795276
0
CIRCLE
8
BLACK
10
2.3622047244094486
20
1.3488188976377953
40
0.0068897637795276
0
CIRCLE
8
BLACK
10
2.4622047244094487
20
1.3488188976377953
40
0.0068897637795276
0
CIRCLE
8
BLACK
10
2.3622047244094486
20
1.2488188976377952
40
0.0068897637795276
0
CIRCLE
8
BLACK
10
2.4622047244094487
20
1.2488188976377952
40
0.0068897637795276
0
CIRCLE
8
BLACK
10
2.3622047244094486
20
1.1488188976377953
40
0.0068897637795276
0
CIRCLE
8
BLACK
10
2.4622047244094487
20
1.1488188976377953
40
0.0068897637795276
0
CIRCLE
8
BLACK
10
2.3622047244094486
20
1.0488188976377952
40
0.0068897637795276
0
CIRCLE
8
BLACK
10
2.4622047244094487
20
1.0488188976377952
40
0.0068897637795276
0
CIRCLE
8
BLACK
10
2.3622047244094486
20
0.9488188976377953
40
0.0068897637795276
0
CIRCLE
8
BLACK
10
2.4622047244094487
20
0.9488188976377953
40
0.0068897637795276
0
CIRCLE
8
BLACK
10
2.3622047244094486
20
0.8488188976377953
40
0.0068897637795276
0
CIRCLE
8
BLACK
10
2.4622047244094487
20
0.8488188976377953
40
0.0068897637795276
0
CIRCLE
8
BLACK
10
2.3622047244094486
20
0.7488188976377953
40
0.0068897637795276
0
CIRCLE
8
BLACK
10
2.4622047244094487
20
0.7488188976377953
40
0.0068897637795276
0
CIRCLE
8
BLACK
10
2.3622047244094486
20
0.6488188976377952
40
0.0068897637795276
0
CIRCLE
8
BLACK
10
2.4622047244094487
20
0.6488188976377952
40
0.0068897637795276
0
CIRCLE
8
BLACK
10
2.1535432677165356
20
0.8944881889763779
40
0.0068897637795276
0
CIRCLE
8
BLACK
10
2.0535432677165355
20
0.8944881889763779
40
0.0068897637795276
0
CIRCLE
8
BLACK
10
2.1535432677165356
20
0.9944881889763779
40
0.0068897637795276
0
CIRCLE
8
BLACK
10
2.0535432677165355
20
0.9944881889763779
40
0.0068897637795276
0
CIRCLE
8
BLACK
10
2.1535433070866143
20
1.094488188976378
40
0.0068897637795276
0
CIRCLE
8
BLACK
10
2.0535432283464568
20
1.094488188976378
40
0.0068897637795276
0
CIRCLE
8
BLACK
10
2.1535432677165356
20
1.1944881889763779
40
0.0068897637795276
0
CIRCLE
8
BLACK
10
2.0535432677165355
20
1.1944881889763779
40
0.0068897637795276
0
CIRCLE
8
BLACK
10
2.1535432677165356
20
1.294488188976378
40
0.0068897637795276
0
CIRCLE
8
BLACK
10
2.0535432677165355
20
1.294488188976378
40
0.0068897637795276
0
CIRCLE
8
BLACK
10
2.3055118110236221
20
2.
40
0.0068897637795276
0
CIRCLE
8
BLACK
10
2.3331867716535433
20
2.0668132283464566
40
0.0068897637795276
0
CIRCLE
8
BLACK
10
2.3331867716535433
20
1.9331867716535434
40
0.0068897637795276
0
CIRCLE
8
BLACK
10
2.3999999999999999
20
2.0944881889763778
40
0.0068897637795276
0
CIRCLE
8
BLACK
10
2.3999999999999999
20
2.
40
0.0068897637795276
0
CIRCLE
8
BLACK
10
2.3999999999999999
20
1.905511811023622
40
0.0068897637795276
0
CIRCLE
8
BLACK
10
2.4668132283464566
20
2.0668132283464566
40
0.0068897637795276
0
CIRCLE
8
BLACK
10
2.4668132283464566
20
1.9331867716535434
40
0.0068897637795276
0
CIRCLE
8
BLACK
10
2.4944881889763777
20
2.
40
0.0068897637795276
0
CIRCLE
8
BLACK
10
2.1456692913385824
20
0.4724409448818898
40
0.0068897637795276
0
CIRCLE
8
BLACK
10
1.918110157480315
20
0.4724409448818898
40
0.0068897637795276
0
LINE
8
BLACK
6
CONTINUOUS
10
2.1902585039370077
20
0.3448487401574803
11
2.1910564960629921
21
0.347826968503937
0
LINE
8
BLACK
6
CONTINUOUS
10
2.1910564960629921
20
0.347826968503937
11
2.1925981496062992
21
0.3504971653543307
0
LINE
8
BLACK
6
CONTINUOUS
10
2.1925981496062992
20
0.3504971653543307
11
2.1947783858267718
21
0.3526774015748032
0
LINE
8
BLACK
6
CONTINUOUS
10
2.1947783858267718
20
0.3526774015748032
11
2.1974485826771653
21
0.3542190551181102
0
LINE
8
BLACK
6
CONTINUOUS
10
2.1974485826771653
20
0.3542190551181102
11
2.2004268110236218
21
0.3550170472440945
0
LINE
8
BLACK
6
CONTINUOUS
10
2.2004268110236218
20
0.3550170472440945
11
2.2035101181102363
21
0.3550170472440945
0
LINE
8
BLACK
6
CONTINUOUS
10
2.2035101181102363
20
0.3550170472440945
11
2.2064883464566929
21
0.3542190551181102
0
LINE
8
BLACK
6
CONTINUOUS
10
2.2064883464566929
20
0.3542190551181102
11
2.2091585433070864
21
0.3526774015748032
0
LINE
8
BLACK
6
CONTINUOUS
10
2.2091585433070864
20
0.3526774015748032
11
2.211338779527559
21
0.3504971653543307
0
LINE
8
BLACK
6
CONTINUOUS
10
2.211338779527559
20
0.3504971653543307
11
2.212880433070866
21
0.347826968503937
0
LINE
8
BLACK
6
CONTINUOUS
10
2.212880433070866
20
0.347826968503937
11
2.2136784251968504
21
0.3448487401574803
0
LINE
8
BLACK
6
CONTINUOUS
10
2.2136784251968504
20
0.3448487401574803
11
2.2137794881889765
21
0.3433070866141732
0
LINE
8
BLACK
6
CONTINUOUS
10
2.2137794881889765
20
0.3433070866141732
11
2.2137794881889765
21
0.3118110236220472
0
LINE
8
BLACK
6
CONTINUOUS
10
2.2137794881889765
20
0.3118110236220472
11
2.2136784251968504
21
0.3102693700787402
0
LINE
8
BLACK
6
CONTINUOUS
10
2.2136784251968504
20
0.3102693700787402
11
2.212880433070866
21
0.3072911417322834
0
LINE
8
BLACK
6
CONTINUOUS
10
2.212880433070866
20
0.3072911417322834
11
2.211338779527559
21
0.3046209448818897
0
LINE
8
BLACK
6
CONTINUOUS
10
2.211338779527559
20
0.3046209448818897
11
2.2091585433070864
21
0.3024407086614173
0
LINE
8
BLACK
6
CONTINUOUS
10
2.2091585433070864
20
0.3024407086614173
11
2.2064883464566929
21
0.3008990551181102
0
LINE
8
BLACK
6
CONTINUOUS
10
2.2064883464566929
20
0.3008990551181102
11
2.2035101181102363
21
0.300101062992126
0
LINE
8
BLACK
6
CONTINUOUS
10
2.2035101181102363
20
0.300101062992126
11
2.2004268110236218
21
0.300101062992126
0
LINE
8
BLACK
6
CONTINUOUS
10
2.2004268110236218
20
0.300101062992126
11
2.1974485826771653
21
0.3008990551181102
0
LINE
8
BLACK
6
CONTINUOUS
10
2.1974485826771653
20
0.3008990551181102
11
2.1947783858267718
21
0.3024407086614173
0
LINE
8
BLACK
6
CONTINUOUS
10
2.1947783858267718
20
0.3024407086614173
11
2.1925981496062992
21
0.3046209448818897
0
LINE
8
BLACK
6
CONTINUOUS
10
2.1925981496062992
20
0.3046209448818897
11
2.1910564960629921
21
0.3072911417322834
0
LINE
8
BLACK
6
CONTINUOUS
10
2.1910564960629921
20
0.3072911417322834
11
2.1902585039370077
21
0.3102693700787402
0
LINE
8
BLACK
6
CONTINUOUS
10
2.1902585039370077
20
0.3102693700787402
11
2.1901574409448816
21
0.3118110236220472
0
LINE
8
BLACK
6
CONTINUOUS
10
2.1901574409448816
20
0.3118110236220472
11
2.1901574409448816
21
0.3433070866141732
0
LINE
8
BLACK
6
CONTINUOUS
10
2.1901574409448816
20
0.3433070866141732
11
2.1902585039370077
21
0.3448487401574803
0
LINE
8
BLACK
6
CONTINUOUS
10
1.8501010236220472
20
0.3448487401574803
11
1.8508990157480314
21
0.347826968503937
0
LINE
8
BLACK
6
CONTINUOUS
10
1.8508990157480314
20
0.347826968503937
11
1.8524406692913384
21
0.3504971653543307
0
LINE
8
BLACK
6
CONTINUOUS
10
1.8524406692913384
20
0.3504971653543307
11
1.854620905511811
21
0.3526774015748032
0
LINE
8
BLACK
6
CONTINUOUS
10
1.854620905511811
20
0.3526774015748032
11
1.8572911023622047
21
0.3542190551181102
0
LINE
8
BLACK
6
CONTINUOUS
10
1.8572911023622047
20
0.3542190551181102
11
1.8602693307086613
21
0.3550170472440945
0
LINE
8
BLACK
6
CONTINUOUS
10
1.8602693307086613
20
0.3550170472440945
11
1.8633526377952756
21
0.3550170472440945
0
LINE
8
BLACK
6
CONTINUOUS
10
1.8633526377952756
20
0.3550170472440945
11
1.8663308661417322
21
0.3542190551181102
0
LINE
8
BLACK
6
CONTINUOUS
10
1.8663308661417322
20
0.3542190551181102
11
1.8690010629921259
21
0.3526774015748032
0
LINE
8
BLACK
6
CONTINUOUS
10
1.8690010629921259
20
0.3526774015748032
11
1.8711812992125985
21
0.3504971653543307
0
LINE
8
BLACK
6
CONTINUOUS
10
1.8711812992125985
20
0.3504971653543307
11
1.8727229527559055
21
0.347826968503937
0
LINE
8
BLACK
6
CONTINUOUS
10
1.8727229527559055
20
0.347826968503937
11
1.8735209448818897
21
0.3448487401574803
0
LINE
8
BLACK
6
CONTINUOUS
10
1.8735209448818897
20
0.3448487401574803
11
1.8736220078740158
21
0.3433070866141732
0
LINE
8
BLACK
6
CONTINUOUS
10
1.8736220078740158
20
0.3433070866141732
11
1.8736220078740158
21
0.3118110236220472
0
LINE
8
BLACK
6
CONTINUOUS
10
1.8736220078740158
20
0.3118110236220472
11
1.8735209448818897
21
0.3102693700787402
0
LINE
8
BLACK
6
CONTINUOUS
10
1.8735209448818897
20
0.3102693700787402
11
1.8727229527559055
21
0.3072911417322834
0
LINE
8
BLACK
6
CONTINUOUS
10
1.8727229527559055
20
0.3072911417322834
11
1.8711812992125985
21
0.3046209448818897
0
LINE
8
BLACK
6
CONTINUOUS
10
1.8711812992125985
20
0.3046209448818897
11
1.8690010629921259
21
0.3024407086614173
0
LINE
8
BLACK
6
CONTINUOUS
10
1.8690010629921259
20
0.3024407086614173
11
1.8663308661417322
21
0.3008990551181102
0
LINE
8
BLACK
6
CONTINUOUS
10
1.8663308661417322
20
0.3008990551181102
11
1.8633526377952756
21
0.300101062992126
0
LINE
8
BLACK
6
CONTINUOUS
10
1.8633526377952756
20
0.300101062992126
11
1.8602693307086613
21
0.300101062992126
0
LINE
8
BLACK
6
CONTINUOUS
10
1.8602693307086613
20
0.300101062992126
11
1.8572911023622047
21
0.3008990551181102
0
LINE
8
BLACK
6
CONTINUOUS
10
1.8572911023622047
20
0.3008990551181102
11
1.854620905511811
21
0.3024407086614173
0
LINE
8
BLACK
6
CONTINUOUS
10
1.854620905511811
20
0.3024407086614173
11
1.8524406692913384
21
0.3046209448818897
0
LINE
8
BLACK
6
CONTINUOUS
10
1.8524406692913384
20
0.3046209448818897
11
1.8508990157480314
21
0.3072911417322834
0
LINE
8
BLACK
6
CONTINUOUS
10
1.8508990157480314
20
0.3072911417322834
11
1.8501010236220472
21
0.3102693700787402
0
LINE
8
BLACK
6
CONTINUOUS
10
1.8501010236220472
20
0.3102693700787402
11
1.8499999606299211
21
0.3118110236220472
0
LINE
8
BLACK
6
CONTINUOUS
10
1.8499999606299211
20
0.3118110236220472
11
1.8499999606299211
21
0.3433070866141732
0
LINE
8
BLACK
6
CONTINUOUS
10
1.8499999606299211
20
0.3433070866141732
11
1.8501010236220472
21
0.3448487401574803
0
LINE
8
BLACK
6
CONTINUOUS
10
2.1902585039370077
20
0.5153211811023622
11
2.1910564960629921
21
0.5182994094488189
0
LINE
8
BLACK
6
CONTINUOUS
10
2.1910564960629921
20
0.5182994094488189
11
2.1925981496062992
21
0.5209696062992126
0
LINE
8
BLACK
6
CONTINUOUS
10
2.1925981496062992
20
0.5209696062992126
11
2.1947783858267718
21
0.523149842519685
0
LINE
8
BLACK
6
CONTINUOUS
10
2.1947783858267718
20
0.523149842519685
11
2.1974485826771653
21
0.5246914960629921
0
LINE
8
BLACK
6
CONTINUOUS
10
2.1974485826771653
20
0.5246914960629921
11
2.2004268110236218
21
0.5254894881889763
0
LINE
8
BLACK
6
CONTINUOUS
10
2.2004268110236218
20
0.5254894881889763
11
2.2035101181102363
21
0.5254894881889763
0
LINE
8
BLACK
6
CONTINUOUS
10
2.2035101181102363
20
0.5254894881889763
11
2.2064883464566929
21
0.5246914960629921
0
LINE
8
BLACK
6
CONTINUOUS
10
2.2064883464566929
20
0.5246914960629921
11
2.2091585433070864
21
0.523149842519685
0
LINE
8
BLACK
6
CONTINUOUS
10
2.2091585433070864
20
0.523149842519685
11
2.211338779527559
21
0.5209696062992126
0
LINE
8
BLACK
6
CONTINUOUS
10
2.211338779527559
20
0.5209696062992126
11
2.212880433070866
21
0.5182994094488189
0
LINE
8
BLACK
6
CONTINUOUS
10
2.212880433070866
20
0.5182994094488189
11
2.2136784251968504
21
0.5153211811023622
0
LINE
8
BLACK
6
CONTINUOUS
10
2.2136784251968504
20
0.5153211811023622
11
2.2137794881889765
21
0.5137795275590551
0
LINE
8
BLACK
6
CONTINUOUS
10
2.2137794881889765
20
0.5137795275590551
11
2.2137794881889765
21
0.4704724409448819
0
LINE
8
BLACK
6
CONTINUOUS
10
2.2137794881889765
20
0.4704724409448819
11
2.2136784251968504
21
0.4689307874015748
0
LINE
8
BLACK
6
CONTINUOUS
10
2.2136784251968504
20
0.4689307874015748
11
2.212880433070866
21
0.4659525590551181
0
LINE
8
BLACK
6
CONTINUOUS
10
2.212880433070866
20
0.4659525590551181
11
2.211338779527559
21
0.4632823622047244
0
LINE
8
BLACK
6
CONTINUOUS
10
2.211338779527559
20
0.4632823622047244
11
2.2091585433070864
21
0.4611021259842519
0
LINE
8
BLACK
6
CONTINUOUS
10
2.2091585433070864
20
0.4611021259842519
11
2.2064883464566929
21
0.4595604724409449
0
LINE
8
BLACK
6
CONTINUOUS
10
2.2064883464566929
20
0.4595604724409449
11
2.2035101181102363
21
0.4587624803149606
0
LINE
8
BLACK
6
CONTINUOUS
10
2.2035101181102363
20
0.4587624803149606
11
2.2004268110236218
21
0.4587624803149606
0
LINE
8
BLACK
6
CONTINUOUS
10
2.2004268110236218
20
0.4587624803149606
11
2.1974485826771653
21
0.4595604724409449
0
LINE
8
BLACK
6
CONTINUOUS
10
2.1974485826771653
20
0.4595604724409449
11
2.1947783858267718
21
0.4611021259842519
0
LINE
8
BLACK
6
CONTINUOUS
10
2.1947783858267718
20
0.4611021259842519
11
2.1925981496062992
21
0.4632823622047244
0
LINE
8
BLACK
6
CONTINUOUS
10
2.1925981496062992
20
0.4632823622047244
11
2.1910564960629921
21
0.4659525590551181
0
LINE
8
BLACK
6
CONTINUOUS
10
2.1910564960629921
20
0.4659525590551181
11
2.1902585039370077
21
0.4689307874015748
0
LINE
8
BLACK
6
CONTINUOUS
10
2.1902585039370077
20
0.4689307874015748
11
2.1901574409448816
21
0.4704724409448819
0
LINE
8
BLACK
6
CONTINUOUS
10
2.1901574409448816
20
0.4704724409448819
11
2.1901574409448816
21
0.5137795275590551
0
LINE
8
BLACK
6
CONTINUOUS
10
2.1901574409448816
20
0.5137795275590551
11
2.1902585039370077
21
0.5153211811023622
0
LINE
8
BLACK
6
CONTINUOUS
10
1.8501010236220472
20
0.5153211811023622
11
1.8508990157480314
21
0.5182994094488189
0
LINE
8
BLACK
6
CONTINUOUS
10
1.8508990157480314
20
0.5182994094488189
11
1.8524406692913384
21
0.5209696062992126
0
LINE
8
BLACK
6
CONTINUOUS
10
1.8524406692913384
20
0.5209696062992126
11
1.854620905511811
21
0.523149842519685
0
LINE
8
BLACK
6
CONTINUOUS
10
1.854620905511811
20
0.523149842519685
11
1.8572911023622047
21
0.5246914960629921
0
LINE
8
BLACK
6
CONTINUOUS
10
1.8572911023622047
20
0.5246914960629921
11
1.8602693307086613
21
0.5254894881889763
0
LINE
8
BLACK
6
CONTINUOUS
10
1.8602693307086613
20
0.5254894881889763
11
1.8633526377952756
21
0.5254894881889763
0
LINE
8
BLACK
6
CONTINUOUS
10
1.8633526377952756
20
0.5254894881889763
11
1.8663308661417322
21
0.5246914960629921
0
LINE
8
BLACK
6
CONTINUOUS
10
1.8663308661417322
20
0.5246914960629921
11
1.8690010629921259
21
0.523149842519685
0
LINE
8
BLACK
6
CONTINUOUS
10
1.8690010629921259
20
0.523149842519685
11
1.8711812992125985
21
0.5209696062992126
0
LINE
8
BLACK
6
CONTINUOUS
10
1.8711812992125985
20
0.5209696062992126
11
1.8727229527559055
21
0.5182994094488189
0
LINE
8
BLACK
6
CONTINUOUS
10
1.8727229527559055
20
0.5182994094488189
11
1.8735209448818897
21
0.5153211811023622
0
LINE
8
BLACK
6
CONTINUOUS
10
1.8735209448818897
20
0.5153211811023622
11
1.8736220078740158
21
0.5137795275590551
0
LINE
8
BLACK
6
CONTINUOUS
10
1.8736220078740158
20
0.5137795275590551
11
1.8736220078740158
21
0.4704724409448819
0
LINE
8
BLACK
6
CONTINUOUS
10
1.8736220078740158
20
0.4704724409448819
11
1.8735209448818897
21
0.4689307874015748
0
LINE
8
BLACK
6
CONTINUOUS
10
1.8735209448818897
20
0.4689307874015748
11
1.8727229527559055
21
0.4659525590551181
0
LINE
8
BLACK
6
CONTINUOUS
10
1.8727229527559055
20
0.4659525590551181
11
1.8711812992125985
21
0.4632823622047244
0
LINE
8
BLACK
6
CONTINUOUS
10
1.8711812992125985
20
0.4632823622047244
11
1.8690010629921259
21
0.4611021259842519
0
LINE
8
BLACK
6
CONTINUOUS
10
1.8690010629921259
20
0.4611021259842519
11
1.8663308661417322
21
0.4595604724409449
0
LINE
8
BLACK
6
CONTINUOUS
10
1.8663308661417322
20
0.4595604724409449
11
1.8633526377952756
21
0.4587624803149606
0
LINE
8
BLACK
6
CONTINUOUS
10
1.8633526377952756
20
0.4587624803149606
11
1.8602693307086613
21
0.4587624803149606
0
LINE
8
BLACK
6
CONTINUOUS
10
1.8602693307086613
20
0.4587624803149606
11
1.8572911023622047
21
0.4595604724409449
0
LINE
8
BLACK
6
CONTINUOUS
10
1.8572911023622047
20
0.4595604724409449
11
1.854620905511811
21
0.4611021259842519
0
LINE
8
BLACK
6
CONTINUOUS
10
1.854620905511811
20
0.4611021259842519
11
1.8524406692913384
21
0.4632823622047244
0
LINE
8
BLACK
6
CONTINUOUS
10
1.8524406692913384
20
0.4632823622047244
11
1.8508990157480314
21
0.4659525590551181
0
LINE
8
BLACK
6
CONTINUOUS
10
1.8508990157480314
20
0.4659525590551181
11
1.8501010236220472
21
0.4689307874015748
0
LINE
8
BLACK
6
CONTINUOUS
10
1.8501010236220472
20
0.4689307874015748
11
1.8499999606299211
21
0.4704724409448819
0
LINE
8
BLACK
6
CONTINUOUS
10
1.8499999606299211
20
0.4704724409448819
11
1.8499999606299211
21
0.5137795275590551
0
LINE
8
BLACK
6
CONTINUOUS
10
1.8499999606299211
20
0.5137795275590551
11
1.8501010236220472
21
0.5153211811023622
0
LINE
8
BLACK
6
CONTINUOUS
10
0.8249832283464567
20
2.0804376377952756
11
0.8264136220472441
21
2.0876287401574802
0
LINE
8
BLACK
6
CONTINUOUS
10
0.8264136220472441
20
2.0876287401574802
11
0.8292194488188976
21
2.0944026377952754
0
LINE
8
BLACK
6
CONTINUOUS
10
0.8292194488188976
20
2.0944026377952754
11
0.833292874015748
21
2.1004989763779527
0
LINE
8
BLACK
6
CONTINUOUS
10
0.833292874015748
20
2.1004989763779527
11
0.8384773622047244
21
2.1056834645669289
0
LINE
8
BLACK
6
CONTINUOUS
10
0.8384773622047244
20
2.1056834645669289
11
0.8445737007874016
21
2.1097568897637795
0
LINE
8
BLACK
6
CONTINUOUS
10
0.8445737007874016
20
2.1097568897637795
11
0.8513475984251968
21
2.1125627165354328
0
LINE
8
BLACK
6
CONTINUOUS
10
0.8513475984251968
20
2.1125627165354328
11
0.8585387007874016
21
2.1139931102362204
0
LINE
8
BLACK
6
CONTINUOUS
10
0.8585387007874016
20
2.1139931102362204
11
0.8658706692913386
21
2.1139931102362204
0
LINE
8
BLACK
6
CONTINUOUS
10
0.8658706692913386
20
2.1139931102362204
11
0.8730617716535433
21
2.1125627165354328
0
LINE
8
BLACK
6
CONTINUOUS
10
0.8730617716535433
20
2.1125627165354328
11
0.8798356692913386
21
2.1097568897637795
0
LINE
8
BLACK
6
CONTINUOUS
10
0.8798356692913386
20
2.1097568897637795
11
0.8859320078740157
21
2.1056834645669289
0
LINE
8
BLACK
6
CONTINUOUS
10
0.8859320078740157
20
2.1056834645669289
11
0.8911164960629921
21
2.1004989763779527
0
LINE
8
BLACK
6
CONTINUOUS
10
0.8911164960629921
20
2.1004989763779527
11
0.8951899212598425
21
2.0944026377952754
0
LINE
8
BLACK
6
CONTINUOUS
10
0.8951899212598425
20
2.0944026377952754
11
0.8979957480314961
21
2.0876287401574802
0
LINE
8
BLACK
6
CONTINUOUS
10
0.8979957480314961
20
2.0876287401574802
11
0.8994261417322834
21
2.0804376377952756
0
LINE
8
BLACK
6
CONTINUOUS
10
0.8994261417322834
20
2.0804376377952756
11
0.8996062598425196
21
2.076771653543307
0
LINE
8
BLACK
6
CONTINUOUS
10
0.8996062598425196
20
2.076771653543307
11
0.8996062598425196
21
2.0570866141732282
0
LINE
8
BLACK
6
CONTINUOUS
10
0.8996062598425196
20
2.0570866141732282
11
0.8994261417322834
21
2.0534206299212596
0
LINE
8
BLACK
6
CONTINUOUS
10
0.8994261417322834
20
2.0534206299212596
11
0.8979957480314961
21
2.046229527559055
0
LINE
8
BLACK
6
CONTINUOUS
10
0.8979957480314961
20
2.046229527559055
11
0.8951899212598425
21
2.0394556299212598
0
LINE
8
BLACK
6
CONTINUOUS
10
0.8951899212598425
20
2.0394556299212598
11
0.8911164960629921
21
2.0333592913385825
0
LINE
8
BLACK
6
CONTINUOUS
10
0.8911164960629921
20
2.0333592913385825
11
0.8859320078740157
21
2.0281748031496063
0
LINE
8
BLACK
6
CONTINUOUS
10
0.8859320078740157
20
2.0281748031496063
11
0.8798356692913386
21
2.0241013779527557
0
LINE
8
BLACK
6
CONTINUOUS
10
0.8798356692913386
20
2.0241013779527557
11
0.8730617716535433
21
2.0212955511811024
0
LINE
8
BLACK
6
CONTINUOUS
10
0.8730617716535433
20
2.0212955511811024
11
0.8658706692913386
21
2.0198651574803148
0
LINE
8
BLACK
6
CONTINUOUS
10
0.8658706692913386
20
2.0198651574803148
11
0.8585387007874016
21
2.0198651574803148
0
LINE
8
BLACK
6
CONTINUOUS
10
0.8585387007874016
20
2.0198651574803148
11
0.8513475984251968
21
2.0212955511811024
0
LINE
8
BLACK
6
CONTINUOUS
10
0.8513475984251968
20
2.0212955511811024
11
0.8445737007874016
21
2.0241013779527557
0
LINE
8
BLACK
6
CONTINUOUS
10
0.8445737007874016
20
2.0241013779527557
11
0.8384773622047244
21
2.0281748031496063
0
LINE
8
BLACK
6
CONTINUOUS
10
0.8384773622047244
20
2.0281748031496063
11
0.833292874015748
21
2.0333592913385825
0
LINE
8
BLACK
6
CONTINUOUS
10
0.833292874015748
20
2.0333592913385825
11
0.8292194488188976
21
2.0394556299212598
0
LINE
8
BLACK
6
CONTINUOUS
10
0.8292194488188976
20
2.0394556299212598
11
0.8264136220472441
21
2.046229527559055
0
LINE
8
BLACK
6
CONTINUOUS
10
0.8264136220472441
20
2.046229527559055
11
0.8249832283464567
21
2.0534206299212596
0
LINE
8
BLACK
6
CONTINUOUS
10
0.8249832283464567
20
2.0534206299212596
11
0.8248031102362204
21
2.0570866141732282
0
LINE
8
BLACK
6
CONTINUOUS
10
0.8248031102362204
20
2.0570866141732282
11
0.8248031102362204
21
2.076771653543307
0
LINE
8
BLACK
6
CONTINUOUS
10
0.8248031102362204
20
2.076771653543307
11
0.8249832283464567
21
2.0804376377952756
0
LINE
8
BLACK
6
CONTINUOUS
10
0.7029359842519685
20
2.9662644094488186
11
0.7043663779527559
21
2.9734555118110237
0
LINE
8
BLACK
6
CONTINUOUS
10
0.7043663779527559
20
2.9734555118110237
11
0.7071722047244094
21
2.9802294094488189
0
LINE
8
BLACK
6
CONTINUOUS
10
0.7071722047244094
20
2.9802294094488189
11
0.7112456299212598
21
2.9863257480314962
0
LINE
8
BLACK
6
CONTINUOUS
10
0.7112456299212598
20
2.9863257480314962
11
0.7164301181102362
21
2.9915102362204724
0
LINE
8
BLACK
6
CONTINUOUS
10
0.7164301181102362
20
2.9915102362204724
11
0.7225264566929134
21
2.9955836614173226
0
LINE
8
BLACK
6
CONTINUOUS
10
0.7225264566929134
20
2.9955836614173226
11
0.7293003543307086
21
2.9983894881889763
0
LINE
8
BLACK
6
CONTINUOUS
10
0.7293003543307086
20
2.9983894881889763
11
0.7364914566929134
21
2.9998198818897639
0
LINE
8
BLACK
6
CONTINUOUS
10
0.7364914566929134
20
2.9998198818897639
11
0.7438234251968504
21
2.9998198818897639
0
LINE
8
BLACK
6
CONTINUOUS
10
0.7438234251968504
20
2.9998198818897639
11
0.7510145275590551
21
2.9983894881889763
0
LINE
8
BLACK
6
CONTINUOUS
10
0.7510145275590551
20
2.9983894881889763
11
0.7577884251968504
21
2.9955836614173226
0
LINE
8
BLACK
6
CONTINUOUS
10
0.7577884251968504
20
2.9955836614173226
11
0.7638847637795275
21
2.9915102362204724
0
LINE
8
BLACK
6
CONTINUOUS
10
0.7638847637795275
20
2.9915102362204724
11
0.769069251968504
21
2.9863257480314962
0
LINE
8
BLACK
6
CONTINUOUS
10
0.769069251968504
20
2.9863257480314962
11
0.7731426771653543
21
2.9802294094488189
0
LINE
8
BLACK
6
CONTINUOUS
10
0.7731426771653543
20
2.9802294094488189
11
0.7759485039370079
21
2.9734555118110237
0
LINE
8
BLACK
6
CONTINUOUS
10
0.7759485039370079
20
2.9734555118110237
11
0.7773788976377952
21
2.9662644094488186
0
LINE
8
BLACK
6
CONTINUOUS
10
0.7773788976377952
20
2.9662644094488186
11
0.7775590157480314
21
2.9625984251968505
0
LINE
8
BLACK
6
CONTINUOUS
10
0.7775590157480314
20
2.9625984251968505
11
0.7775590157480314
21
2.9429133858267718
0
LINE
8
BLACK
6
CONTINUOUS
10
0.7775590157480314
20
2.9429133858267718
11
0.7773788976377952
21
2.9392474015748031
0
LINE
8
BLACK
6
CONTINUOUS
10
0.7773788976377952
20
2.9392474015748031
11
0.7759485039370079
21
2.9320562992125985
0
LINE
8
BLACK
6
CONTINUOUS
10
0.7759485039370079
20
2.9320562992125985
11
0.7731426771653543
21
2.9252824015748029
0
LINE
8
BLACK
6
CONTINUOUS
10
0.7731426771653543
20
2.9252824015748029
11
0.769069251968504
21
2.919186062992126
0
LINE
8
BLACK
6
CONTINUOUS
10
0.769069251968504
20
2.919186062992126
11
0.7638847637795275
21
2.9140015748031494
0
LINE
8
BLACK
6
CONTINUOUS
10
0.7638847637795275
20
2.9140015748031494
11
0.7577884251968504
21
2.9099281496062992
0
LINE
8
BLACK
6
CONTINUOUS
10
0.7577884251968504
20
2.9099281496062992
11
0.7510145275590551
21
2.9071223228346454
0
LINE
8
BLACK
6
CONTINUOUS
10
0.7510145275590551
20
2.9071223228346454
11
0.7438234251968504
21
2.9056919291338583
0
LINE
8
BLACK
6
CONTINUOUS
10
0.7438234251968504
20
2.9056919291338583
11
0.7364914566929134
21
2.9056919291338583
0
LINE
8
BLACK
6
CONTINUOUS
10
0.7364914566929134
20
2.9056919291338583
11
0.7293003543307086
21
2.9071223228346454
0
LINE
8
BLACK
6
CONTINUOUS
10
0.7293003543307086
20
2.9071223228346454
11
0.7225264566929134
21
2.9099281496062992
0
LINE
8
BLACK
6
CONTINUOUS
10
0.7225264566929134
20
2.9099281496062992
11
0.7164301181102362
21
2.9140015748031494
0
LINE
8
BLACK
6
CONTINUOUS
10
0.7164301181102362
20
2.9140015748031494
11
0.7112456299212598
21
2.919186062992126
0
LINE
8
BLACK
6
CONTINUOUS
10
0.7112456299212598
20
2.919186062992126
11
0.7071722047244094
21
2.9252824015748029
0
LINE
8
BLACK
6
CONTINUOUS
10
0.7071722047244094
20
2.9252824015748029
11
0.7043663779527559
21
2.9320562992125985
0
LINE
8
BLACK
6
CONTINUOUS
10
0.7043663779527559
20
2.9320562992125985
11
0.7029359842519685
21
2.9392474015748031
0
LINE
8
BLACK
6
CONTINUOUS
10
0.7029359842519685
20
2.9392474015748031
11
0.7027558661417322
21
2.9429133858267718
0
LINE
8
BLACK
6
CONTINUOUS
10
0.7027558661417322
20
2.9429133858267718
11
0.7027558661417322
21
2.9625984251968505
0
LINE
8
BLACK
6
CONTINUOUS
10
0.7027558661417322
20
2.9625984251968505
11
0.7029359842519685
21
2.9662644094488186
0
CIRCLE
8
BLACK
10
2.3055118110236221
20
0.4
40
0.0068897637795276
0
CIRCLE
8
BLACK
10
2.3331867716535433
20
0.4668132283464567
40
0.0068897637795276
0
CIRCLE
8
BLACK
10
2.3331867716535433
20
0.3331867716535433
40
0.0068897637795276
0
CIRCLE
8
BLACK
10
2.3999999999999999
20
0.4944881889763779
40
0.0068897637795276
0
CIRCLE
8
BLACK
10
2.3999999999999999
20
0.4
40
0.0068897637795276
0
CIRCLE
8
BLACK
10
2.3999999999999999
20
0.305511811023622
40
0.0068897637795276
0
CIRCLE
8
BLACK
10
2.4668132283464566
20
0.4668132283464567
40
0.0068897637795276
0
CIRCLE
8
BLACK
10
2.4668132283464566
20
0.3331867716535433
40
0.0068897637795276
0
CIRCLE
8
BLACK
10
2.4944881889763777
20
0.4
40
0.0068897637795276
0
CIRCLE
8
BLACK
10
3.192913346456693
20
0.2897637795275591
40
0.0068897637795276
0
CIRCLE
8
BLACK
10
3.0929133464566929
20
0.2897637795275591
40
0.0068897637795276
0
CIRCLE
8
BLACK
10
3.1929133858267718
20
0.389763779527559
40
0.0068897637795276
0
CIRCLE
8
BLACK
10
3.0929133070866142
20
0.389763779527559
40
0.0068897637795276
0
CIRCLE
8
BLACK
10
3.192913346456693
20
0.4897637795275591
40
0.0068897637795276
0
CIRCLE
8
BLACK
10
3.0929133464566929
20
0.4897637795275591
40
0.0068897637795276
0
CIRCLE
8
BLACK
10
-0.5275590944881889
20
0.7070866141732284
40
0.0068897637795276
0
CIRCLE
8
BLACK
10
-0.6275590944881889
20
0.7070866141732284
40
0.0068897637795276
0
CIRCLE
8
BLACK
10
-0.5275590551181102
20
0.8070866141732284
40
0.0068897637795276
0
CIRCLE
8
BLACK
10
-0.6275591338582677
20
0.8070866141732284
40
0.0068897637795276
0
CIRCLE
8
BLACK
10
-0.5275590944881889
20
0.9070866141732283
40
0.0068897637795276
0
CIRCLE
8
BLACK
10
-0.6275590944881889
20
0.9070866141732283
40
0.0068897637795276
0
CIRCLE
8
BLACK
10
0.305511811023622
20
0.4
40
0.0068897637795276
0
CIRCLE
8
BLACK
10
0.3331867716535433
20
0.4668132283464567
40
0.0068897637795276
0
CIRCLE
8
BLACK
10
0.3331867716535433
20
0.3331867716535433
40
0.0068897637795276
0
CIRCLE
8
BLACK
10
0.4
20
0.4944881889763779
40
0.0068897637795276
0
CIRCLE
8
BLACK
10
0.4
20
0.4
40
0.0068897637795276
0
CIRCLE
8
BLACK
10
0.4
20
0.305511811023622
40
0.0068897637795276
0
CIRCLE
8
BLACK
10
0.4668132283464567
20
0.4668132283464567
40
0.0068897637795276
0
CIRCLE
8
BLACK
10
0.4668132283464567
20
0.3331867716535433
40
0.0068897637795276
0
CIRCLE
8
BLACK
10
0.4944881889763779
20
0.4
40
0.0068897637795276
0
CIRCLE
8
BLACK
10
0.305511811023622
20
2.
40
0.0068897637795276
0
CIRCLE
8
BLACK
10
0.3331867716535433
20
2.0668132283464566
40
0.0068897637795276
0
CIRCLE
8
BLACK
10
0.3331867716535433
20
1.9331867716535434
40
0.0068897637795276
0
CIRCLE
8
BLACK
10
0.4
20
2.0944881889763778
40
0.0068897637795276
0
CIRCLE
8
BLACK
10
0.4
20
2.
40
0.0068897637795276
0
CIRCLE
8
BLACK
10
0.4
20
1.905511811023622
40
0.0068897637795276
0
CIRCLE
8
BLACK
10
0.4668132283464567
20
2.0668132283464566
40
0.0068897637795276
0
CIRCLE
8
BLACK
10
0.4668132283464567
20
1.9331867716535434
40
0.0068897637795276
0
CIRCLE
8
BLACK
10
0.4944881889763779
20
2.
40
0.0068897637795276
0
CIRCLE
8
BLACK
10
4.0885826771653546
20
1.3421259842519684
40
0.0068897637795276
0
CIRCLE
8
BLACK
10
4.1885826771653543
20
1.3421259842519684
40
0.0068897637795276
0
CIRCLE
8
BLACK
10
4.0885826771653546
20
1.2421259842519685
40
0.0068897637795276
0
CIRCLE
8
BLACK
10
4.1885826771653543
20
1.2421259842519685
40
0.0068897637795276
0
CIRCLE
8
BLACK
10
4.0885826771653546
20
1.1421259842519684
40
0.0068897637795276
0
CIRCLE
8
BLACK
10
4.1885826771653543
20
1.1421259842519684
40
0.0068897637795276
0
CIRCLE
8
BLACK
10
0.6283464566929133
20
0.3645669291338582
40
0.0068897637795276
0
CIRCLE
8
BLACK
10
0.6283464566929133
20
0.4645669291338583
40
0.0068897637795276
0
CIRCLE
8
BLACK
10
0.7283464566929134
20
0.3645669291338582
40
0.0068897637795276
0
CIRCLE
8
BLACK
10
0.7283464566929134
20
0.4645669291338583
40
0.0068897637795276
0
CIRCLE
8
BLACK
10
0.8283464566929134
20
0.3645669291338582
40
0.0068897637795276
0
CIRCLE
8
BLACK
10
0.8283464566929134
20
0.4645669291338583
40
0.0068897637795276
0
CIRCLE
8
BLACK
10
0.9283464566929134
20
0.3645668897637795
40
0.0068897637795276
0
CIRCLE
8
BLACK
10
0.9283464566929134
20
0.464566968503937
40
0.0068897637795276
0
CIRCLE
8
BLACK
10
1.0283464566929135
20
0.3645669291338582
40
0.0068897637795276
0
CIRCLE
8
BLACK
10
1.0283464566929135
20
0.4645669291338583
40
0.0068897637795276
0
CIRCLE
8
BLACK
10
1.1283464566929133
20
0.3645669291338582
40
0.0068897637795276
0
CIRCLE
8
BLACK
10
1.1283464566929133
20
0.4645669291338583
40
0.0068897637795276
0
CIRCLE
8
BLACK
10
1.2283464566929134
20
0.3645669291338582
40
0.0068897637795276
0
CIRCLE
8
BLACK
10
1.2283464566929134
20
0.4645669291338583
40
0.0068897637795276
0
CIRCLE
8
BLACK
10
1.3283464566929133
20
0.3645669291338582
40
0.0068897637795276
0
CIRCLE
8
BLACK
10
1.3283464566929133
20
0.4645669291338583
40
0.0068897637795276
0
CIRCLE
8
BLACK
10
1.4283464566929134
20
0.3645668897637795
40
0.0068897637795276
0
CIRCLE
8
BLACK
10
1.4283464566929134
20
0.464566968503937
40
0.0068897637795276
0
CIRCLE
8
BLACK
10
1.5283464566929132
20
0.3645669291338582
40
0.0068897637795276
0
CIRCLE
8
BLACK
10
1.5283464566929132
20
0.4645669291338583
40
0.0068897637795276
0
CIRCLE
8
BLACK
10
1.6283464566929133
20
0.3645669291338582
40
0.0068897637795276
0
CIRCLE
8
BLACK
10
1.6283464566929133
20
0.4645669291338583
40
0.0068897637795276
0
CIRCLE
8
BLACK
10
1.7283464566929134
20
0.3645669291338582
40
0.0068897637795276
0
CIRCLE
8
BLACK
10
1.7283464566929134
20
0.4645669291338583
40
0.0068897637795276
0
CIRCLE
8
BLACK
10
0.4188976377952756
20
0.6535433070866141
40
0.0068897637795276
0
CIRCLE
8
BLACK
10
0.3188976377952756
20
0.6535433070866141
40
0.0068897637795276
0
CIRCLE
8
BLACK
10
0.4188976377952756
20
0.7535433070866142
40
0.0068897637795276
0
CIRCLE
8
BLACK
10
0.3188976377952756
20
0.7535433070866142
40
0.0068897637795276
0
CIRCLE
8
BLACK
10
0.4188976377952756
20
0.8535433070866142
40
0.0068897637795276
0
CIRCLE
8
BLACK
10
0.3188976377952756
20
0.8535433070866142
40
0.0068897637795276
0
CIRCLE
8
BLACK
10
0.4188976771653543
20
0.9535433070866142
40
0.0068897637795276
0
CIRCLE
8
BLACK
10
0.3188975984251968
20
0.9535433070866142
40
0.0068897637795276
0
CIRCLE
8
BLACK
10
0.4188976377952756
20
1.0535433070866143
40
0.0068897637795276
0
CIRCLE
8
BLACK
10
0.3188976377952756
20
1.0535433070866143
40
0.0068897637795276
0
CIRCLE
8
BLACK
10
0.4188976377952756
20
1.1535433070866141
40
0.0068897637795276
0
CIRCLE
8
BLACK
10
0.3188976377952756
20
1.1535433070866141
40
0.0068897637795276
0
CIRCLE
8
BLACK
10
0.4188976377952756
20
1.2535433070866142
40
0.0068897637795276
0
CIRCLE
8
BLACK
10
0.3188976377952756
20
1.2535433070866142
40
0.0068897637795276
0
CIRCLE
8
BLACK
10
0.4188976377952756
20
1.3535433070866141
40
0.0068897637795276
0
CIRCLE
8
BLACK
10
0.3188976377952756
20
1.3535433070866141
40
0.0068897637795276
0
CIRCLE
8
BLACK
10
0.4188976771653543
20
1.4535433070866142
40
0.0068897637795276
0
CIRCLE
8
BLACK
10
0.3188975984251968
20
1.4535433070866142
40
0.0068897637795276
0
CIRCLE
8
BLACK
10
0.4188976377952756
20
1.553543307086614
40
0.0068897637795276
0
CIRCLE
8
BLACK
10
0.3188976377952756
20
1.553543307086614
40
0.0068897637795276
0
CIRCLE
8
BLACK
10
0.4188976377952756
20
1.6535433070866141
40
0.0068897637795276
0
CIRCLE
8
BLACK
10
0.3188976377952756
20
1.6535433070866141
40
0.0068897637795276
0
CIRCLE
8
BLACK
10
0.4188976377952756
20
1.7535433070866142
40
0.0068897637795276
0
CIRCLE
8
BLACK
10
0.3188976377952756
20
1.7535433070866142
40
0.0068897637795276
0
CIRCLE
8
BLACK
10
2.3622047244094486
20
1.7488188976377952
40
0.0068897637795276
0
CIRCLE
8
BLACK
10
2.4622047244094487
20
1.7488188976377952
40
0.0068897637795276
0
CIRCLE
8
BLACK
10
2.3622047244094486
20
1.6488188976377953
40
0.0068897637795276
0
CIRCLE
8
BLACK
10
2.4622047244094487
20
1.6488188976377953
40
0.0068897637795276
0
CIRCLE
8
BLACK
10
2.3622047244094486
20
1.5488188976377952
40
0.0068897637795276
0
CIRCLE
8
BLACK
10
2.4622047244094487
20
1.5488188976377952
40
0.0068897637795276
0
CIRCLE
8
BLACK
10
2.3622047244094486
20
1.4488188976377951
40
0.0068897637795276
0
CIRCLE
8
BLACK
10
2.4622047244094487
20
1.4488188976377951
40
0.0068897637795276
0
CIRCLE
8
BLACK
10
2.3622047244094486
20
1.3488188976377953
40
0.0068897637795276
0
CIRCLE
8
BLACK
10
2.4622047244094487
20
1.3488188976377953
40
0.0068897637795276
0
CIRCLE
8
BLACK
10
2.3622047244094486
20
1.2488188976377952
40
0.0068897637795276
0
CIRCLE
8
BLACK
10
2.4622047244094487
20
1.2488188976377952
40
0.0068897637795276
0
CIRCLE
8
BLACK
10
2.3622047244094486
20
1.1488188976377953
40
0.0068897637795276
0
CIRCLE
8
BLACK
10
2.4622047244094487
20
1.1488188976377953
40
0.0068897637795276
0
CIRCLE
8
BLACK
10
2.3622047244094486
20
1.0488188976377952
40
0.0068897637795276
0
CIRCLE
8
BLACK
10
2.4622047244094487
20
1.0488188976377952
40
0.0068897637795276
0
CIRCLE
8
BLACK
10
2.3622047244094486
20
0.9488188976377953
40
0.0068897637795276
0
CIRCLE
8
BLACK
10
2.4622047244094487
20
0.9488188976377953
40
0.0068897637795276
0
CIRCLE
8
BLACK
10
2.3622047244094486
20
0.8488188976377953
40
0.0068897637795276
0
CIRCLE
8
BLACK
10
2.4622047244094487
20
0.8488188976377953
40
0.0068897637795276
0
CIRCLE
8
BLACK
10
2.3622047244094486
20
0.7488188976377953
40
0.0068897637795276
0
CIRCLE
8
BLACK
10
2.4622047244094487
20
0.7488188976377953
40
0.0068897637795276
0
CIRCLE
8
BLACK
10
2.3622047244094486
20
0.6488188976377952
40
0.0068897637795276
0
CIRCLE
8
BLACK
10
2.4622047244094487
20
0.6488188976377952
40
0.0068897637795276
0
CIRCLE
8
BLACK
10
2.1535432677165356
20
0.8944881889763779
40
0.0068897637795276
0
CIRCLE
8
BLACK
10
2.0535432677165355
20
0.8944881889763779
40
0.0068897637795276
0
CIRCLE
8
BLACK
10
2.1535432677165356
20
0.9944881889763779
40
0.0068897637795276
0
CIRCLE
8
BLACK
10
2.0535432677165355
20
0.9944881889763779
40
0.0068897637795276
0
CIRCLE
8
BLACK
10
2.1535433070866143
20
1.094488188976378
40
0.0068897637795276
0
CIRCLE
8
BLACK
10
2.0535432283464568
20
1.094488188976378
40
0.0068897637795276
0
CIRCLE
8
BLACK
10
2.1535432677165356
20
1.1944881889763779
40
0.0068897637795276
0
CIRCLE
8
BLACK
10
2.0535432677165355
20
1.1944881889763779
40
0.0068897637795276
0
CIRCLE
8
BLACK
10
2.1535432677165356
20
1.294488188976378
40
0.0068897637795276
0
CIRCLE
8
BLACK
10
2.0535432677165355
20
1.294488188976378
40
0.0068897637795276
0
CIRCLE
8
BLACK
10
2.3055118110236221
20
2.
40
0.0068897637795276
0
CIRCLE
8
BLACK
10
2.3331867716535433
20
2.0668132283464566
40
0.0068897637795276
0
CIRCLE
8
BLACK
10
2.3331867716535433
20
1.9331867716535434
40
0.0068897637795276
0
CIRCLE
8
BLACK
10
2.3999999999999999
20
2.0944881889763778
40
0.0068897637795276
0
CIRCLE
8
BLACK
10
2.3999999999999999
20
2.
40
0.0068897637795276
0
CIRCLE
8
BLACK
10
2.3999999999999999
20
1.905511811023622
40
0.0068897637795276
0
CIRCLE
8
BLACK
10
2.4668132283464566
20
2.0668132283464566
40
0.0068897637795276
0
CIRCLE
8
BLACK
10
2.4668132283464566
20
1.9331867716535434
40
0.0068897637795276
0
CIRCLE
8
BLACK
10
2.4944881889763777
20
2.
40
0.0068897637795276
0
CIRCLE
8
BLACK
10
2.1456692913385824
20
0.4724409448818898
40
0.0068897637795276
0
CIRCLE
8
BLACK
10
1.918110157480315
20
0.4724409448818898
40
0.0068897637795276
0
LINE
8
BLACK
6
CONTINUOUS
10
2.2137794881889765
20
0.3118110236220472
11
2.2137794881889765
21
0.3433070866141732
0
ARC
8
BLACK
10
2.2019684645669293
20
0.3433070866141732
40
0.0118110236220472
50
0.00000000
51
180.00000000
0
LINE
8
BLACK
6
CONTINUOUS
10
2.1901574409448816
20
0.3433070866141732
11
2.1901574409448816
21
0.3118110236220472
0
ARC
8
BLACK
10
2.2019684645669293
20
0.3118110236220472
40
0.0118110236220472
50
180.00000000
51
360.00000000
0
LINE
8
BLACK
6
CONTINUOUS
10
1.8736220078740158
20
0.3118110236220472
11
1.8736220078740158
21
0.3433070866141732
0
ARC
8
BLACK
10
1.8618109842519686
20
0.3433070866141732
40
0.0118110236220472
50
0.00000000
51
180.00000000
0
LINE
8
BLACK
6
CONTINUOUS
10
1.8499999606299211
20
0.3433070866141732
11
1.8499999606299211
21
0.3118110236220472
0
ARC
8
BLACK
10
1.8618109842519686
20
0.3118110236220472
40
0.0118110236220472
50
180.00000000
51
360.00000000
0
LINE
8
BLACK
6
CONTINUOUS
10
2.2137794881889765
20
0.4704724409448819
11
2.2137794881889765
21
0.5137795275590551
0
ARC
8
BLACK
10
2.2019684645669293
20
0.5137795275590551
40
0.0118110236220472
50
0.00000000
51
180.00000000
0
LINE
8
BLACK
6
CONTINUOUS
10
2.1901574409448816
20
0.5137795275590551
11
2.1901574409448816
21
0.4704724409448819
0
ARC
8
BLACK
10
2.2019684645669293
20
0.4704724409448819
40
0.0118110236220472
50
180.00000000
51
360.00000000
0
LINE
8
BLACK
6
CONTINUOUS
10
1.8736220078740158
20
0.4704724409448819
11
1.8736220078740158
21
0.5137795275590551
0
ARC
8
BLACK
10
1.8618109842519686
20
0.5137795275590551
40
0.0118110236220472
50
0.00000000
51
180.00000000
0
LINE
8
BLACK
6
CONTINUOUS
10
1.8499999606299211
20
0.5137795275590551
11
1.8499999606299211
21
0.4704724409448819
0
ARC
8
BLACK
10
1.8618109842519686
20
0.4704724409448819
40
0.0118110236220472
50
180.00000000
51
360.00000000
0
LINE
8
BLACK
6
CONTINUOUS
10
0.8996062204724409
20
2.0570866141732282
11
0.8996062204724409
21
2.076771653543307
0
ARC
8
BLACK
10
0.8622046850393701
20
2.076771653543307
40
0.0374015354330709
50
0.00000000
51
180.00000000
0
LINE
8
BLACK
6
CONTINUOUS
10
0.8248031496062992
20
2.076771653543307
11
0.8248031496062992
21
2.0570866141732282
0
ARC
8
BLACK
10
0.8622046850393701
20
2.0570866141732282
40
0.0374015354330709
50
180.00000000
51
360.00000000
0
LINE
8
BLACK
6
CONTINUOUS
10
0.7775589763779528
20
2.9429133858267718
11
0.7775589763779528
21
2.9625984251968505
0
ARC
8
BLACK
10
0.7401574409448819
20
2.9625984251968505
40
0.0374015354330709
50
0.00000000
51
180.00000000
0
LINE
8
BLACK
6
CONTINUOUS
10
0.702755905511811
20
2.9625984251968505
11
0.702755905511811
21
2.9429133858267718
0
ARC
8
BLACK
10
0.7401574409448819
20
2.9429133858267718
40
0.0374015354330709
50
180.00000000
51
360.00000000
  0
ENDSEC
  0
EOF
