  0
SECTION
  2
HEADER
  9
$ANGBASE
  50
0.0
  9
$ANGDIR
  70
1
  9
$MEASUREMENT
  70
0
  0
ENDSEC
  0
SECTION
  2
TABLES
  0
TABLE
  2
LTYPE
  70
4
  0
LTYPE
  5
40F
  2
CONTINUOUS
  70
0
  3
Solid line
  72
65
  73
0
  40
0.0
  0
LTYPE
  5
410
  2
DASHDOT
 70
0
  3
Dash Dot ____ _ ____ _
 72
65
 73
4
 40
2.0
 49
1.25
 49
-0.25
 49
0.25
 49
-0.25
  0
LTYPE
  5
411
  2
DASHED
 70
0
  3
Dashed __ __ __ __ __
 72
65
 73
2
 40
0.75
 49
0.5
 49
-0.25
  0
LTYPE
  5
43B
  2
DOTTED
 70
0
  3
Dotted .  .  .  .
 72
65
 73
2
 40
0.2
 49
0.0
 49
-0.2
  0
ENDTAB
  0
TABLE
  2
STYLE
  70
4
  0
STYLE
  2
KICAD
  70
0
  40
0
  41
1
  42
1
  50
0
  71
0
  3
isocp.shx
  0
STYLE
  2
KICADB
  70
0
  40
0
  41
1
  42
1
  50
0
  71
0
  3
isocp.shx
  0
STYLE
  2
KICADI
  70
0
  40
0
  41
1
  42
1
  50
15
  71
0
  3
isocp.shx
  0
STYLE
  2
KICADBI
  70
0
  40
0
  41
1
  42
1
  50
15
  71
0
  3
isocp.shx
  0
ENDTAB
  0
TABLE
  2
LAYER
  70
1
  0
LAYER
  2
BLACK
  70
0
  62
7
  6
CONTINUOUS
  0
ENDTAB
  0
ENDSEC
  0
SECTION
  2
ENTITIES
0
LINE
8
BLACK
6
CONTINUOUS
10
1.8559354330708662
20
0.1657757086614173
11
1.856999842519685
21
0.1653348031496063
0
LINE
8
BLACK
6
CONTINUOUS
10
1.856999842519685
20
0.1653348031496063
11
1.8578144881889764
21
0.164520157480315
0
LINE
8
BLACK
6
CONTINUOUS
10
1.8578144881889764
20
0.164520157480315
11
1.8582553937007873
21
0.1634557480314961
0
LINE
8
BLACK
6
CONTINUOUS
10
1.8582553937007873
20
0.1634557480314961
11
1.8582553937007873
21
0.1623036220472441
0
LINE
8
BLACK
6
CONTINUOUS
10
1.8582553937007873
20
0.1623036220472441
11
1.8578144881889764
21
0.1612392125984252
0
LINE
8
BLACK
6
CONTINUOUS
10
1.8578144881889764
20
0.1612392125984252
11
1.856999842519685
21
0.1604245669291338
0
LINE
8
BLACK
6
CONTINUOUS
10
1.856999842519685
20
0.1604245669291338
11
1.8559354330708662
21
0.1599836614173228
0
LINE
8
BLACK
6
CONTINUOUS
10
1.8559354330708662
20
0.1599836614173228
11
1.8553593700787401
21
0.1599269291338583
0
LINE
8
BLACK
6
CONTINUOUS
10
1.8553593700787401
20
0.1599269291338583
11
1.8273785039370078
21
0.1599269291338583
0
LINE
8
BLACK
6
CONTINUOUS
10
1.8273785039370078
20
0.1599269291338583
11
1.8273785039370078
21
0.1320866535433071
0
LINE
8
BLACK
6
CONTINUOUS
10
1.8273785039370078
20
0.1320866535433071
11
1.8553593700787401
21
0.1320866535433071
0
LINE
8
BLACK
6
CONTINUOUS
10
1.8553593700787401
20
0.1320866535433071
11
1.8559354330708662
21
0.1320299212598425
0
LINE
8
BLACK
6
CONTINUOUS
10
1.8559354330708662
20
0.1320299212598425
11
1.856999842519685
21
0.1315890157480315
0
LINE
8
BLACK
6
CONTINUOUS
10
1.856999842519685
20
0.1315890157480315
11
1.8578144881889764
21
0.1307743700787402
0
LINE
8
BLACK
6
CONTINUOUS
10
1.8578144881889764
20
0.1307743700787402
11
1.8582553937007873
21
0.1297099606299213
0
LINE
8
BLACK
6
CONTINUOUS
10
1.8582553937007873
20
0.1297099606299213
11
1.8582553937007873
21
0.1285578346456693
0
LINE
8
BLACK
6
CONTINUOUS
10
1.8582553937007873
20
0.1285578346456693
11
1.8578144881889764
21
0.1274934251968504
0
LINE
8
BLACK
6
CONTINUOUS
10
1.8578144881889764
20
0.1274934251968504
11
1.856999842519685
21
0.126678779527559
0
LINE
8
BLACK
6
CONTINUOUS
10
1.856999842519685
20
0.126678779527559
11
1.8559354330708662
21
0.126237874015748
0
LINE
8
BLACK
6
CONTINUOUS
10
1.8559354330708662
20
0.126237874015748
11
1.8553593700787401
21
0.1261811417322835
0
LINE
8
BLACK
6
CONTINUOUS
10
1.8553593700787401
20
0.1261811417322835
11
1.796304251968504
21
0.1261811417322835
0
LINE
8
BLACK
6
CONTINUOUS
10
1.796304251968504
20
0.1261811417322835
11
1.7957281889763779
21
0.126237874015748
0
LINE
8
BLACK
6
CONTINUOUS
10
1.7957281889763779
20
0.126237874015748
11
1.7946637795275591
21
0.126678779527559
0
LINE
8
BLACK
6
CONTINUOUS
10
1.7946637795275591
20
0.126678779527559
11
1.7938491338582676
21
0.1274934251968504
0
LINE
8
BLACK
6
CONTINUOUS
10
1.7938491338582676
20
0.1274934251968504
11
1.7934082283464567
21
0.1285578346456693
0
LINE
8
BLACK
6
CONTINUOUS
10
1.7934082283464567
20
0.1285578346456693
11
1.7934082283464567
21
0.1297099606299213
0
LINE
8
BLACK
6
CONTINUOUS
10
1.7934082283464567
20
0.1297099606299213
11
1.7938491338582676
21
0.1307743700787402
0
LINE
8
BLACK
6
CONTINUOUS
10
1.7938491338582676
20
0.1307743700787402
11
1.7946637795275591
21
0.1315890157480315
0
LINE
8
BLACK
6
CONTINUOUS
10
1.7946637795275591
20
0.1315890157480315
11
1.7957281889763779
21
0.1320299212598425
0
LINE
8
BLACK
6
CONTINUOUS
10
1.7957281889763779
20
0.1320299212598425
11
1.796304251968504
21
0.1320866535433071
0
LINE
8
BLACK
6
CONTINUOUS
10
1.796304251968504
20
0.1320866535433071
11
1.8214729921259842
21
0.1320866535433071
0
LINE
8
BLACK
6
CONTINUOUS
10
1.8214729921259842
20
0.1320866535433071
11
1.8214729921259842
21
0.1599269291338583
0
LINE
8
BLACK
6
CONTINUOUS
10
1.8214729921259842
20
0.1599269291338583
11
1.796304251968504
21
0.1599269291338583
0
LINE
8
BLACK
6
CONTINUOUS
10
1.796304251968504
20
0.1599269291338583
11
1.7957281889763779
21
0.1599836614173228
0
LINE
8
BLACK
6
CONTINUOUS
10
1.7957281889763779
20
0.1599836614173228
11
1.7946637795275591
21
0.1604245669291338
0
LINE
8
BLACK
6
CONTINUOUS
10
1.7946637795275591
20
0.1604245669291338
11
1.7938491338582676
21
0.1612392125984252
0
LINE
8
BLACK
6
CONTINUOUS
10
1.7938491338582676
20
0.1612392125984252
11
1.7934082283464567
21
0.1623036220472441
0
LINE
8
BLACK
6
CONTINUOUS
10
1.7934082283464567
20
0.1623036220472441
11
1.7934082283464567
21
0.1634557480314961
0
LINE
8
BLACK
6
CONTINUOUS
10
1.7934082283464567
20
0.1634557480314961
11
1.7938491338582676
21
0.164520157480315
0
LINE
8
BLACK
6
CONTINUOUS
10
1.7938491338582676
20
0.164520157480315
11
1.7946637795275591
21
0.1653348031496063
0
LINE
8
BLACK
6
CONTINUOUS
10
1.7946637795275591
20
0.1653348031496063
11
1.7957281889763779
21
0.1657757086614173
0
LINE
8
BLACK
6
CONTINUOUS
10
1.7957281889763779
20
0.1657757086614173
11
1.796304251968504
21
0.1658324409448819
0
LINE
8
BLACK
6
CONTINUOUS
10
1.796304251968504
20
0.1658324409448819
11
1.8553593700787401
21
0.1658324409448819
0
LINE
8
BLACK
6
CONTINUOUS
10
1.8553593700787401
20
0.1658324409448819
11
1.8559354330708662
21
0.1657757086614173
0
LINE
8
BLACK
6
CONTINUOUS
10
1.7979447244094489
20
0.2215777952755905
11
1.7987593700787401
21
0.2207631496062992
0
LINE
8
BLACK
6
CONTINUOUS
10
1.7987593700787401
20
0.2207631496062992
11
1.7992002755905512
21
0.2196987401574803
0
LINE
8
BLACK
6
CONTINUOUS
10
1.7992002755905512
20
0.2196987401574803
11
1.7992570078740158
21
0.2191226771653543
0
LINE
8
BLACK
6
CONTINUOUS
10
1.7992570078740158
20
0.2191226771653543
11
1.7992570078740158
21
0.193953937007874
0
LINE
8
BLACK
6
CONTINUOUS
10
1.7992570078740158
20
0.193953937007874
11
1.8214729921259842
21
0.193953937007874
0
LINE
8
BLACK
6
CONTINUOUS
10
1.8214729921259842
20
0.193953937007874
11
1.8214729921259842
21
0.2106862204724409
0
LINE
8
BLACK
6
CONTINUOUS
10
1.8214729921259842
20
0.2106862204724409
11
1.8215297244094488
21
0.2112622834645669
0
LINE
8
BLACK
6
CONTINUOUS
10
1.8215297244094488
20
0.2112622834645669
11
1.8219706299212599
21
0.2123266929133858
0
LINE
8
BLACK
6
CONTINUOUS
10
1.8219706299212599
20
0.2123266929133858
11
1.8227852755905511
21
0.2131413385826772
0
LINE
8
BLACK
6
CONTINUOUS
10
1.8227852755905511
20
0.2131413385826772
11
1.8238496850393699
21
0.2135822440944882
0
LINE
8
BLACK
6
CONTINUOUS
10
1.8238496850393699
20
0.2135822440944882
11
1.8250018110236219
21
0.2135822440944882
0
LINE
8
BLACK
6
CONTINUOUS
10
1.8250018110236219
20
0.2135822440944882
11
1.8260662204724409
21
0.2131413385826772
0
LINE
8
BLACK
6
CONTINUOUS
10
1.8260662204724409
20
0.2131413385826772
11
1.8268808661417322
21
0.2123266929133858
0
LINE
8
BLACK
6
CONTINUOUS
10
1.8268808661417322
20
0.2123266929133858
11
1.8273217716535433
21
0.2112622834645669
0
LINE
8
BLACK
6
CONTINUOUS
10
1.8273217716535433
20
0.2112622834645669
11
1.8273785039370078
21
0.2106862204724409
0
LINE
8
BLACK
6
CONTINUOUS
10
1.8273785039370078
20
0.2106862204724409
11
1.8273785039370078
21
0.193953937007874
0
LINE
8
BLACK
6
CONTINUOUS
10
1.8273785039370078
20
0.193953937007874
11
1.8524066141732283
21
0.193953937007874
0
LINE
8
BLACK
6
CONTINUOUS
10
1.8524066141732283
20
0.193953937007874
11
1.8524066141732283
21
0.2191226771653543
0
LINE
8
BLACK
6
CONTINUOUS
10
1.8524066141732283
20
0.2191226771653543
11
1.8524633464566929
21
0.2196987401574803
0
LINE
8
BLACK
6
CONTINUOUS
10
1.8524633464566929
20
0.2196987401574803
11
1.8529042519685039
21
0.2207631496062992
0
LINE
8
BLACK
6
CONTINUOUS
10
1.8529042519685039
20
0.2207631496062992
11
1.8537188976377952
21
0.2215777952755905
0
LINE
8
BLACK
6
CONTINUOUS
10
1.8537188976377952
20
0.2215777952755905
11
1.8547833070866142
21
0.2220187007874016
0
LINE
8
BLACK
6
CONTINUOUS
10
1.8547833070866142
20
0.2220187007874016
11
1.8559354330708662
21
0.2220187007874016
0
LINE
8
BLACK
6
CONTINUOUS
10
1.8559354330708662
20
0.2220187007874016
11
1.856999842519685
21
0.2215777952755905
0
LINE
8
BLACK
6
CONTINUOUS
10
1.856999842519685
20
0.2215777952755905
11
1.8578144881889764
21
0.2207631496062992
0
LINE
8
BLACK
6
CONTINUOUS
10
1.8578144881889764
20
0.2207631496062992
11
1.8582553937007873
21
0.2196987401574803
0
LINE
8
BLACK
6
CONTINUOUS
10
1.8582553937007873
20
0.2196987401574803
11
1.8583121259842519
21
0.2191226771653543
0
LINE
8
BLACK
6
CONTINUOUS
10
1.8583121259842519
20
0.2191226771653543
11
1.8583121259842519
21
0.1910011811023622
0
LINE
8
BLACK
6
CONTINUOUS
10
1.8583121259842519
20
0.1910011811023622
11
1.8582553937007873
21
0.1904251181102362
0
LINE
8
BLACK
6
CONTINUOUS
10
1.8582553937007873
20
0.1904251181102362
11
1.8578144881889764
21
0.1893607086614173
0
LINE
8
BLACK
6
CONTINUOUS
10
1.8578144881889764
20
0.1893607086614173
11
1.856999842519685
21
0.188546062992126
0
LINE
8
BLACK
6
CONTINUOUS
10
1.856999842519685
20
0.188546062992126
11
1.8559354330708662
21
0.1881051574803149
0
LINE
8
BLACK
6
CONTINUOUS
10
1.8559354330708662
20
0.1881051574803149
11
1.8553593700787401
21
0.1880484251968504
0
LINE
8
BLACK
6
CONTINUOUS
10
1.8553593700787401
20
0.1880484251968504
11
1.796304251968504
21
0.1880484251968504
0
LINE
8
BLACK
6
CONTINUOUS
10
1.796304251968504
20
0.1880484251968504
11
1.7957281889763779
21
0.1881051574803149
0
LINE
8
BLACK
6
CONTINUOUS
10
1.7957281889763779
20
0.1881051574803149
11
1.7946637795275591
21
0.188546062992126
0
LINE
8
BLACK
6
CONTINUOUS
10
1.7946637795275591
20
0.188546062992126
11
1.7938491338582676
21
0.1893607086614173
0
LINE
8
BLACK
6
CONTINUOUS
10
1.7938491338582676
20
0.1893607086614173
11
1.7934082283464567
21
0.1904251181102362
0
LINE
8
BLACK
6
CONTINUOUS
10
1.7934082283464567
20
0.1904251181102362
11
1.7933514960629922
21
0.1910011811023622
0
LINE
8
BLACK
6
CONTINUOUS
10
1.7933514960629922
20
0.1910011811023622
11
1.7933514960629922
21
0.2191226771653543
0
LINE
8
BLACK
6
CONTINUOUS
10
1.7933514960629922
20
0.2191226771653543
11
1.7934082283464567
21
0.2196987401574803
0
LINE
8
BLACK
6
CONTINUOUS
10
1.7934082283464567
20
0.2196987401574803
11
1.7938491338582676
21
0.2207631496062992
0
LINE
8
BLACK
6
CONTINUOUS
10
1.7938491338582676
20
0.2207631496062992
11
1.7946637795275591
21
0.2215777952755905
0
LINE
8
BLACK
6
CONTINUOUS
10
1.7946637795275591
20
0.2215777952755905
11
1.7957281889763779
21
0.2220187007874016
0
LINE
8
BLACK
6
CONTINUOUS
10
1.7957281889763779
20
0.2220187007874016
11
1.7968803149606298
21
0.2220187007874016
0
LINE
8
BLACK
6
CONTINUOUS
10
1.7968803149606298
20
0.2220187007874016
11
1.7979447244094489
21
0.2215777952755905
0
LINE
8
BLACK
6
CONTINUOUS
10
1.8561392913385826
20
0.2782135826771653
11
1.8571697244094487
21
0.2776983464566929
0
LINE
8
BLACK
6
CONTINUOUS
10
1.8571697244094487
20
0.2776983464566929
11
1.8579246062992125
21
0.2768279921259842
0
LINE
8
BLACK
6
CONTINUOUS
10
1.8579246062992125
20
0.2768279921259842
11
1.8582889370078739
21
0.2757349606299213
0
LINE
8
BLACK
6
CONTINUOUS
10
1.8582889370078739
20
0.2757349606299213
11
1.8582072834645669
21
0.274585748031496
0
LINE
8
BLACK
6
CONTINUOUS
10
1.8582072834645669
20
0.274585748031496
11
1.8576920472440945
21
0.2735553149606299
0
LINE
8
BLACK
6
CONTINUOUS
10
1.8576920472440945
20
0.2735553149606299
11
1.8568216929133858
21
0.2728004330708662
0
LINE
8
BLACK
6
CONTINUOUS
10
1.8568216929133858
20
0.2728004330708662
11
1.8562931102362203
21
0.2725644488188976
0
LINE
8
BLACK
6
CONTINUOUS
10
1.8562931102362203
20
0.2725644488188976
11
1.8414392519685039
21
0.2676131889763779
0
LINE
8
BLACK
6
CONTINUOUS
10
1.8414392519685039
20
0.2676131889763779
11
1.8414392519685039
21
0.2437481102362205
0
LINE
8
BLACK
6
CONTINUOUS
10
1.8414392519685039
20
0.2437481102362205
11
1.8562931102362203
21
0.238796811023622
0
LINE
8
BLACK
6
CONTINUOUS
10
1.8562931102362203
20
0.238796811023622
11
1.8568216929133858
21
0.2385608267716536
0
LINE
8
BLACK
6
CONTINUOUS
10
1.8568216929133858
20
0.2385608267716536
11
1.8576920472440945
21
0.2378059448818897
0
LINE
8
BLACK
6
CONTINUOUS
10
1.8576920472440945
20
0.2378059448818897
11
1.8582072834645669
21
0.2367755118110236
0
LINE
8
BLACK
6
CONTINUOUS
10
1.8582072834645669
20
0.2367755118110236
11
1.8582889370078739
21
0.2356262992125984
0
LINE
8
BLACK
6
CONTINUOUS
10
1.8582889370078739
20
0.2356262992125984
11
1.8579246062992125
21
0.2345332677165354
0
LINE
8
BLACK
6
CONTINUOUS
10
1.8579246062992125
20
0.2345332677165354
11
1.8571697244094487
21
0.2336629133858268
0
LINE
8
BLACK
6
CONTINUOUS
10
1.8571697244094487
20
0.2336629133858268
11
1.8561392913385826
21
0.2331476771653543
0
LINE
8
BLACK
6
CONTINUOUS
10
1.8561392913385826
20
0.2331476771653543
11
1.8549900787401574
21
0.2330660236220472
0
LINE
8
BLACK
6
CONTINUOUS
10
1.8549900787401574
20
0.2330660236220472
11
1.8544256299212598
21
0.2331943700787402
0
LINE
8
BLACK
6
CONTINUOUS
10
1.8544256299212598
20
0.2331943700787402
11
1.7953705118110235
21
0.2528794094488189
0
LINE
8
BLACK
6
CONTINUOUS
10
1.7953705118110235
20
0.2528794094488189
11
1.7948419291338582
21
0.2531153937007874
0
LINE
8
BLACK
6
CONTINUOUS
10
1.7948419291338582
20
0.2531153937007874
11
1.7946825196850393
21
0.2532536614173228
0
LINE
8
BLACK
6
CONTINUOUS
10
1.7946825196850393
20
0.2532536614173228
11
1.7944938976377953
21
0.2533479527559055
0
LINE
8
BLACK
6
CONTINUOUS
10
1.7944938976377953
20
0.2533479527559055
11
1.7942512598425195
21
0.2536276771653543
0
LINE
8
BLACK
6
CONTINUOUS
10
1.7942512598425195
20
0.2536276771653543
11
1.7939715748031495
21
0.2538702755905512
0
LINE
8
BLACK
6
CONTINUOUS
10
1.7939715748031495
20
0.2538702755905512
11
1.7938772440944881
21
0.254058937007874
0
LINE
8
BLACK
6
CONTINUOUS
10
1.7938772440944881
20
0.254058937007874
11
1.7937390157480315
21
0.2542183070866142
0
LINE
8
BLACK
6
CONTINUOUS
10
1.7937390157480315
20
0.2542183070866142
11
1.7936218897637795
21
0.2545696456692914
0
LINE
8
BLACK
6
CONTINUOUS
10
1.7936218897637795
20
0.2545696456692914
11
1.7934563779527559
21
0.2549007086614173
0
LINE
8
BLACK
6
CONTINUOUS
10
1.7934563779527559
20
0.2549007086614173
11
1.7934414173228346
21
0.2551111417322834
0
LINE
8
BLACK
6
CONTINUOUS
10
1.7934414173228346
20
0.2551111417322834
11
1.7933746850393701
21
0.2553113385826772
0
LINE
8
BLACK
6
CONTINUOUS
10
1.7933746850393701
20
0.2553113385826772
11
1.793400905511811
21
0.2556806299212598
0
LINE
8
BLACK
6
CONTINUOUS
10
1.793400905511811
20
0.2556806299212598
11
1.7933746850393701
21
0.2560499212598425
0
LINE
8
BLACK
6
CONTINUOUS
10
1.7933746850393701
20
0.2560499212598425
11
1.7934414173228346
21
0.2562501574803149
0
LINE
8
BLACK
6
CONTINUOUS
10
1.7934414173228346
20
0.2562501574803149
11
1.7934563779527559
21
0.2564605511811023
0
LINE
8
BLACK
6
CONTINUOUS
10
1.7934563779527559
20
0.2564605511811023
11
1.7936218897637795
21
0.2567916535433071
0
LINE
8
BLACK
6
CONTINUOUS
10
1.7936218897637795
20
0.2567916535433071
11
1.7937390157480315
21
0.2571429527559055
0
LINE
8
BLACK
6
CONTINUOUS
10
1.7937390157480315
20
0.2571429527559055
11
1.7938772440944881
21
0.2573023622047244
0
LINE
8
BLACK
6
CONTINUOUS
10
1.7938772440944881
20
0.2573023622047244
11
1.7939715748031495
21
0.2574909842519685
0
LINE
8
BLACK
6
CONTINUOUS
10
1.7939715748031495
20
0.2574909842519685
11
1.7942512598425195
21
0.2577336220472441
0
LINE
8
BLACK
6
CONTINUOUS
10
1.7942512598425195
20
0.2577336220472441
11
1.7944938976377953
21
0.2580133070866142
0
LINE
8
BLACK
6
CONTINUOUS
10
1.7944938976377953
20
0.2580133070866142
11
1.7946825196850393
21
0.2581076377952756
0
LINE
8
BLACK
6
CONTINUOUS
10
1.7946825196850393
20
0.2581076377952756
11
1.7948419291338582
21
0.2582458661417323
0
LINE
8
BLACK
6
CONTINUOUS
10
1.7948419291338582
20
0.2582458661417323
11
1.7953705118110235
21
0.2584818503937008
0
LINE
8
BLACK
6
CONTINUOUS
10
1.7953705118110235
20
0.2584818503937008
11
1.8544256299212598
21
0.2781668897637795
0
LINE
8
BLACK
6
CONTINUOUS
10
1.8544256299212598
20
0.2781668897637795
11
1.8549900787401574
21
0.2782952362204724
0
LINE
8
BLACK
6
CONTINUOUS
10
1.8549900787401574
20
0.2782952362204724
11
1.8561392913385826
21
0.2782135826771653
0
LINE
8
BLACK
6
CONTINUOUS
10
1.8056416535433071
20
0.2556806299212598
11
1.8355337401574803
21
0.2457166141732283
0
LINE
8
BLACK
6
CONTINUOUS
10
1.8355337401574803
20
0.2457166141732283
11
1.8355337401574803
21
0.2656446850393701
0
LINE
8
BLACK
6
CONTINUOUS
10
1.8355337401574803
20
0.2656446850393701
11
1.8056416535433071
21
0.2556806299212598
0
LINE
8
BLACK
6
CONTINUOUS
10
3.2434894094488187
20
0.5426598031496063
11
3.2445538188976379
21
0.5422188976377953
0
LINE
8
BLACK
6
CONTINUOUS
10
3.2445538188976379
20
0.5422188976377953
11
3.245368464566929
21
0.5414042519685039
0
LINE
8
BLACK
6
CONTINUOUS
10
3.245368464566929
20
0.5414042519685039
11
3.24580937007874
21
0.540339842519685
0
LINE
8
BLACK
6
CONTINUOUS
10
3.24580937007874
20
0.540339842519685
11
3.2458661023622049
21
0.5397637795275591
0
LINE
8
BLACK
6
CONTINUOUS
10
3.2458661023622049
20
0.5397637795275591
11
3.2458661023622049
21
0.2397637795275591
0
LINE
8
BLACK
6
CONTINUOUS
10
3.2458661023622049
20
0.2397637795275591
11
3.24580937007874
21
0.2391877165354331
0
LINE
8
BLACK
6
CONTINUOUS
10
3.24580937007874
20
0.2391877165354331
11
3.245368464566929
21
0.2381233070866142
0
LINE
8
BLACK
6
CONTINUOUS
10
3.245368464566929
20
0.2381233070866142
11
3.2445538188976379
21
0.2373086614173228
0
LINE
8
BLACK
6
CONTINUOUS
10
3.2445538188976379
20
0.2373086614173228
11
3.2434894094488187
21
0.2368677559055118
0
LINE
8
BLACK
6
CONTINUOUS
10
3.2434894094488187
20
0.2368677559055118
11
3.2429133464566928
21
0.2368110236220472
0
LINE
8
BLACK
6
CONTINUOUS
10
3.2429133464566928
20
0.2368110236220472
11
3.0429133464566926
21
0.2368110236220472
0
LINE
8
BLACK
6
CONTINUOUS
10
3.0429133464566926
20
0.2368110236220472
11
3.0423372834645668
21
0.2368677559055118
0
LINE
8
BLACK
6
CONTINUOUS
10
3.0423372834645668
20
0.2368677559055118
11
3.041272874015748
21
0.2373086614173228
0
LINE
8
BLACK
6
CONTINUOUS
10
3.041272874015748
20
0.2373086614173228
11
3.0404582283464565
21
0.2381233070866142
0
LINE
8
BLACK
6
CONTINUOUS
10
3.0404582283464565
20
0.2381233070866142
11
3.0400173228346454
21
0.2391877165354331
0
LINE
8
BLACK
6
CONTINUOUS
10
3.0400173228346454
20
0.2391877165354331
11
3.0399605905511811
21
0.2397637795275591
0
LINE
8
BLACK
6
CONTINUOUS
10
3.0399605905511811
20
0.2397637795275591
11
3.0399605905511811
21
0.5397637795275591
0
LINE
8
BLACK
6
CONTINUOUS
10
3.0399605905511811
20
0.5397637795275591
11
3.0400173228346454
21
0.540339842519685
0
LINE
8
BLACK
6
CONTINUOUS
10
3.0400173228346454
20
0.540339842519685
11
3.0404582283464565
21
0.5414042519685039
0
LINE
8
BLACK
6
CONTINUOUS
10
3.0404582283464565
20
0.5414042519685039
11
3.041272874015748
21
0.5422188976377953
0
LINE
8
BLACK
6
CONTINUOUS
10
3.041272874015748
20
0.5422188976377953
11
3.0423372834645668
21
0.5426598031496063
0
LINE
8
BLACK
6
CONTINUOUS
10
3.0423372834645668
20
0.5426598031496063
11
3.0429133464566926
21
0.5427165354330709
0
LINE
8
BLACK
6
CONTINUOUS
10
3.0429133464566926
20
0.5427165354330709
11
3.2429133464566928
21
0.5427165354330709
0
LINE
8
BLACK
6
CONTINUOUS
10
3.2429133464566928
20
0.5427165354330709
11
3.2434894094488187
21
0.5426598031496063
0
LINE
8
BLACK
6
CONTINUOUS
10
3.0458661023622047
20
0.5368110236220472
11
3.0458661023622047
21
0.2427165354330709
0
LINE
8
BLACK
6
CONTINUOUS
10
3.0458661023622047
20
0.2427165354330709
11
3.2399605905511812
21
0.2427165354330709
0
LINE
8
BLACK
6
CONTINUOUS
10
3.2399605905511812
20
0.2427165354330709
11
3.2399605905511812
21
0.5368110236220472
0
LINE
8
BLACK
6
CONTINUOUS
10
3.2399605905511812
20
0.5368110236220472
11
3.0458661023622047
21
0.5368110236220472
0
LINE
8
BLACK
6
CONTINUOUS
10
1.8301505511811023
20
0.3317393307086614
11
1.8301935433070866
21
0.3317457086614173
0
LINE
8
BLACK
6
CONTINUOUS
10
1.8301935433070866
20
0.3317457086614173
11
1.8304089763779527
21
0.3317138976377952
0
LINE
8
BLACK
6
CONTINUOUS
10
1.8304089763779527
20
0.3317138976377952
11
1.8306261023622046
21
0.3316924803149606
0
LINE
8
BLACK
6
CONTINUOUS
10
1.8306261023622046
20
0.3316924803149606
11
1.8306662992125984
21
0.3316758267716535
0
LINE
8
BLACK
6
CONTINUOUS
10
1.8306662992125984
20
0.3316758267716535
11
1.8307661811023621
21
0.331661062992126
0
LINE
8
BLACK
6
CONTINUOUS
10
1.8307661811023621
20
0.331661062992126
11
1.8420147637795274
21
0.328848937007874
0
LINE
8
BLACK
6
CONTINUOUS
10
1.8420147637795274
20
0.328848937007874
11
1.8420572440944882
21
0.328833779527559
0
LINE
8
BLACK
6
CONTINUOUS
10
1.8420572440944882
20
0.328833779527559
11
1.8420785433070865
21
0.3288322440944882
0
LINE
8
BLACK
6
CONTINUOUS
10
1.8420785433070865
20
0.3288322440944882
11
1.8423182677165353
21
0.3287405118110236
0
LINE
8
BLACK
6
CONTINUOUS
10
1.8423182677165353
20
0.3287405118110236
11
1.8425598818897637
21
0.3286541732283464
0
LINE
8
BLACK
6
CONTINUOUS
10
1.8425598818897637
20
0.3286541732283464
11
1.8425770078740158
21
0.3286414960629921
0
LINE
8
BLACK
6
CONTINUOUS
10
1.8425770078740158
20
0.3286414960629921
11
1.8426191338582676
21
0.3286253543307087
0
LINE
8
BLACK
6
CONTINUOUS
10
1.8426191338582676
20
0.3286253543307087
11
1.8482434251968503
21
0.325813188976378
0
LINE
8
BLACK
6
CONTINUOUS
10
1.8482434251968503
20
0.325813188976378
11
1.8484912992125984
21
0.3256571653543307
0
LINE
8
BLACK
6
CONTINUOUS
10
1.8484912992125984
20
0.3256571653543307
11
1.8485633464566928
21
0.3256273228346457
0
LINE
8
BLACK
6
CONTINUOUS
10
1.8485633464566928
20
0.3256273228346457
11
1.8486443700787401
21
0.3255608267716535
0
LINE
8
BLACK
6
CONTINUOUS
10
1.8486443700787401
20
0.3255608267716535
11
1.8487333070866141
21
0.325504842519685
0
LINE
8
BLACK
6
CONTINUOUS
10
1.8487333070866141
20
0.325504842519685
11
1.8487844488188976
21
0.3254458661417323
0
LINE
8
BLACK
6
CONTINUOUS
10
1.8487844488188976
20
0.3254458661417323
11
1.8490108267716534
21
0.3252600787401575
0
LINE
8
BLACK
6
CONTINUOUS
10
1.8490108267716534
20
0.3252600787401575
11
1.8546351574803148
21
0.3196357874015748
0
LINE
8
BLACK
6
CONTINUOUS
10
1.8546351574803148
20
0.3196357874015748
11
1.8550023622047245
21
0.3191883464566929
0
LINE
8
BLACK
6
CONTINUOUS
10
1.8550023622047245
20
0.3191883464566929
11
1.8550429527559054
21
0.3190903149606299
0
LINE
8
BLACK
6
CONTINUOUS
10
1.8550429527559054
20
0.3190903149606299
11
1.8551124803149606
21
0.319010157480315
0
LINE
8
BLACK
6
CONTINUOUS
10
1.8551124803149606
20
0.319010157480315
11
1.8553484645669291
21
0.3184816141732283
0
LINE
8
BLACK
6
CONTINUOUS
10
1.8553484645669291
20
0.3184816141732283
11
1.8581605905511811
21
0.310045157480315
0
LINE
8
BLACK
6
CONTINUOUS
10
1.8581605905511811
20
0.310045157480315
11
1.8582255118110236
21
0.3097596062992126
0
LINE
8
BLACK
6
CONTINUOUS
10
1.8582255118110236
20
0.3097596062992126
11
1.8582553937007873
21
0.3096874803149606
0
LINE
8
BLACK
6
CONTINUOUS
10
1.8582553937007873
20
0.3096874803149606
11
1.8582656692913386
21
0.3095829921259842
0
LINE
8
BLACK
6
CONTINUOUS
10
1.8582656692913386
20
0.3095829921259842
11
1.8582889370078739
21
0.3094807086614173
0
LINE
8
BLACK
6
CONTINUOUS
10
1.8582889370078739
20
0.3094807086614173
11
1.8582833858267715
21
0.3094029921259843
0
LINE
8
BLACK
6
CONTINUOUS
10
1.8582833858267715
20
0.3094029921259843
11
1.8583121259842519
21
0.3091114173228346
0
LINE
8
BLACK
6
CONTINUOUS
10
1.8583121259842519
20
0.3091114173228346
11
1.8583121259842519
21
0.2950506692913386
0
LINE
8
BLACK
6
CONTINUOUS
10
1.8583121259842519
20
0.2950506692913386
11
1.8582553937007873
21
0.2944746062992126
0
LINE
8
BLACK
6
CONTINUOUS
10
1.8582553937007873
20
0.2944746062992126
11
1.8578144881889764
21
0.2934101968503937
0
LINE
8
BLACK
6
CONTINUOUS
10
1.8578144881889764
20
0.2934101968503937
11
1.856999842519685
21
0.2925955511811024
0
LINE
8
BLACK
6
CONTINUOUS
10
1.856999842519685
20
0.2925955511811024
11
1.8559354330708662
21
0.2921546456692913
0
LINE
8
BLACK
6
CONTINUOUS
10
1.8559354330708662
20
0.2921546456692913
11
1.8553593700787401
21
0.2920979133858267
0
LINE
8
BLACK
6
CONTINUOUS
10
1.8553593700787401
20
0.2920979133858267
11
1.796304251968504
21
0.2920979133858267
0
LINE
8
BLACK
6
CONTINUOUS
10
1.796304251968504
20
0.2920979133858267
11
1.7957281889763779
21
0.2921546456692913
0
LINE
8
BLACK
6
CONTINUOUS
10
1.7957281889763779
20
0.2921546456692913
11
1.7946637795275591
21
0.2925955511811024
0
LINE
8
BLACK
6
CONTINUOUS
10
1.7946637795275591
20
0.2925955511811024
11
1.7938491338582676
21
0.2934101968503937
0
LINE
8
BLACK
6
CONTINUOUS
10
1.7938491338582676
20
0.2934101968503937
11
1.7934082283464567
21
0.2944746062992126
0
LINE
8
BLACK
6
CONTINUOUS
10
1.7934082283464567
20
0.2944746062992126
11
1.7933514960629922
21
0.2950506692913386
0
LINE
8
BLACK
6
CONTINUOUS
10
1.7933514960629922
20
0.2950506692913386
11
1.7933514960629922
21
0.3091114173228346
0
LINE
8
BLACK
6
CONTINUOUS
10
1.7933514960629922
20
0.3091114173228346
11
1.7933801968503937
21
0.3094029921259843
0
LINE
8
BLACK
6
CONTINUOUS
10
1.7933801968503937
20
0.3094029921259843
11
1.7933746850393701
21
0.3094807086614173
0
LINE
8
BLACK
6
CONTINUOUS
10
1.7933746850393701
20
0.3094807086614173
11
1.7933979133858267
21
0.3095829921259842
0
LINE
8
BLACK
6
CONTINUOUS
10
1.7933979133858267
20
0.3095829921259842
11
1.7934082283464567
21
0.3096874803149606
0
LINE
8
BLACK
6
CONTINUOUS
10
1.7934082283464567
20
0.3096874803149606
11
1.7934380708661417
21
0.3097596062992126
0
LINE
8
BLACK
6
CONTINUOUS
10
1.7934380708661417
20
0.3097596062992126
11
1.7935030314960629
21
0.310045157480315
0
LINE
8
BLACK
6
CONTINUOUS
10
1.7935030314960629
20
0.310045157480315
11
1.7963151968503936
21
0.3184816141732283
0
LINE
8
BLACK
6
CONTINUOUS
10
1.7963151968503936
20
0.3184816141732283
11
1.7965511811023622
21
0.319010157480315
0
LINE
8
BLACK
6
CONTINUOUS
10
1.7965511811023622
20
0.319010157480315
11
1.7966206692913385
21
0.3190903149606299
0
LINE
8
BLACK
6
CONTINUOUS
10
1.7966206692913385
20
0.3190903149606299
11
1.7966612992125983
21
0.3191883464566929
0
LINE
8
BLACK
6
CONTINUOUS
10
1.7966612992125983
20
0.3191883464566929
11
1.7970285039370077
21
0.3196357874015748
0
LINE
8
BLACK
6
CONTINUOUS
10
1.7970285039370077
20
0.3196357874015748
11
1.8026527952755904
21
0.3252600787401575
0
LINE
8
BLACK
6
CONTINUOUS
10
1.8026527952755904
20
0.3252600787401575
11
1.802879251968504
21
0.3254459448818898
0
LINE
8
BLACK
6
CONTINUOUS
10
1.802879251968504
20
0.3254459448818898
11
1.8029303149606299
21
0.3255048031496063
0
LINE
8
BLACK
6
CONTINUOUS
10
1.8029303149606299
20
0.3255048031496063
11
1.8030190551181102
21
0.3255607086614173
0
LINE
8
BLACK
6
CONTINUOUS
10
1.8030190551181102
20
0.3255607086614173
11
1.8031002362204724
21
0.3256272834645669
0
LINE
8
BLACK
6
CONTINUOUS
10
1.8031002362204724
20
0.3256272834645669
11
1.8031722834645669
21
0.3256571653543307
0
LINE
8
BLACK
6
CONTINUOUS
10
1.8031722834645669
20
0.3256571653543307
11
1.8034201968503936
21
0.325813188976378
0
LINE
8
BLACK
6
CONTINUOUS
10
1.8034201968503936
20
0.325813188976378
11
1.8090444881889762
21
0.3286253543307087
0
LINE
8
BLACK
6
CONTINUOUS
10
1.8090444881889762
20
0.3286253543307087
11
1.8090865748031495
21
0.3286414960629921
0
LINE
8
BLACK
6
CONTINUOUS
10
1.8090865748031495
20
0.3286414960629921
11
1.8091037401574803
21
0.3286541732283464
0
LINE
8
BLACK
6
CONTINUOUS
10
1.8091037401574803
20
0.3286541732283464
11
1.8093453149606298
21
0.3287405118110236
0
LINE
8
BLACK
6
CONTINUOUS
10
1.8093453149606298
20
0.3287405118110236
11
1.8095850787401575
21
0.3288322440944882
0
LINE
8
BLACK
6
CONTINUOUS
10
1.8095850787401575
20
0.3288322440944882
11
1.8096063385826771
21
0.328833779527559
0
LINE
8
BLACK
6
CONTINUOUS
10
1.8096063385826771
20
0.328833779527559
11
1.8096488582677166
21
0.328848937007874
0
LINE
8
BLACK
6
CONTINUOUS
10
1.8096488582677166
20
0.328848937007874
11
1.8208974409448819
21
0.331661062992126
0
LINE
8
BLACK
6
CONTINUOUS
10
1.8208974409448819
20
0.331661062992126
11
1.8209972834645669
21
0.3316758661417323
0
LINE
8
BLACK
6
CONTINUOUS
10
1.8209972834645669
20
0.3316758661417323
11
1.8210375196850392
21
0.3316924803149606
0
LINE
8
BLACK
6
CONTINUOUS
10
1.8210375196850392
20
0.3316924803149606
11
1.821254527559055
21
0.3317138582677165
0
LINE
8
BLACK
6
CONTINUOUS
10
1.821254527559055
20
0.3317138582677165
11
1.8214700393700787
21
0.3317457086614173
0
LINE
8
BLACK
6
CONTINUOUS
10
1.8214700393700787
20
0.3317457086614173
11
1.821513031496063
21
0.3317393307086614
0
LINE
8
BLACK
6
CONTINUOUS
10
1.821513031496063
20
0.3317393307086614
11
1.8216135826771653
21
0.3317492125984252
0
LINE
8
BLACK
6
CONTINUOUS
10
1.8216135826771653
20
0.3317492125984252
11
1.8300500393700787
21
0.3317492125984252
0
LINE
8
BLACK
6
CONTINUOUS
10
1.8300500393700787
20
0.3317492125984252
11
1.8301505511811023
21
0.3317393307086614
0
LINE
8
BLACK
6
CONTINUOUS
10
1.8113955511811024
20
0.3231983464566929
11
1.8064898031496062
21
0.3207454724409449
0
LINE
8
BLACK
6
CONTINUOUS
10
1.8064898031496062
20
0.3207454724409449
11
1.8016972047244093
21
0.315952874015748
0
LINE
8
BLACK
6
CONTINUOUS
10
1.8016972047244093
20
0.315952874015748
11
1.7992570078740158
21
0.3086322834645669
0
LINE
8
BLACK
6
CONTINUOUS
10
1.7992570078740158
20
0.3086322834645669
11
1.7992570078740158
21
0.2980034251968504
0
LINE
8
BLACK
6
CONTINUOUS
10
1.7992570078740158
20
0.2980034251968504
11
1.8524066141732283
21
0.2980034251968504
0
LINE
8
BLACK
6
CONTINUOUS
10
1.8524066141732283
20
0.2980034251968504
11
1.8524066141732283
21
0.3086323228346456
0
LINE
8
BLACK
6
CONTINUOUS
10
1.8524066141732283
20
0.3086323228346456
11
1.8499664173228345
21
0.3159528346456693
0
LINE
8
BLACK
6
CONTINUOUS
10
1.8499664173228345
20
0.3159528346456693
11
1.8451738188976377
21
0.3207454724409449
0
LINE
8
BLACK
6
CONTINUOUS
10
1.8451738188976377
20
0.3207454724409449
11
1.8402680314960629
21
0.3231983464566929
0
LINE
8
BLACK
6
CONTINUOUS
10
1.8402680314960629
20
0.3231983464566929
11
1.8296864960629922
21
0.3258437007874015
0
LINE
8
BLACK
6
CONTINUOUS
10
1.8296864960629922
20
0.3258437007874015
11
1.8219771259842519
21
0.3258437007874015
0
LINE
8
BLACK
6
CONTINUOUS
10
1.8219771259842519
20
0.3258437007874015
11
1.8113955511811024
21
0.3231983464566929
0
LINE
8
BLACK
6
CONTINUOUS
10
0.6382600787401574
20
0.3055679133858268
11
0.638335
21
0.3051912598425197
0
LINE
8
BLACK
6
CONTINUOUS
10
0.638335
20
0.3051912598425197
11
0.638335
21
0.2939426771653543
0
LINE
8
BLACK
6
CONTINUOUS
10
0.638335
20
0.2939426771653543
11
0.6382600787401574
21
0.2935660236220473
0
LINE
8
BLACK
6
CONTINUOUS
10
0.6382600787401574
20
0.2935660236220473
11
0.6377274015748031
21
0.2930333464566929
0
LINE
8
BLACK
6
CONTINUOUS
10
0.6377274015748031
20
0.2930333464566929
11
0.636974094488189
21
0.2930333464566929
0
LINE
8
BLACK
6
CONTINUOUS
10
0.636974094488189
20
0.2930333464566929
11
0.6364414173228347
21
0.2935660236220473
0
LINE
8
BLACK
6
CONTINUOUS
10
0.6364414173228347
20
0.2935660236220473
11
0.6363664960629921
21
0.2939426771653543
0
LINE
8
BLACK
6
CONTINUOUS
10
0.6363664960629921
20
0.2939426771653543
11
0.6363664960629921
21
0.2985827165354331
0
LINE
8
BLACK
6
CONTINUOUS
10
0.6363664960629921
20
0.2985827165354331
11
0.6209164960629922
21
0.2985827165354331
0
LINE
8
BLACK
6
CONTINUOUS
10
0.6209164960629922
20
0.2985827165354331
11
0.6210238582677166
21
0.2985111417322834
0
LINE
8
BLACK
6
CONTINUOUS
10
0.6210238582677166
20
0.2985111417322834
11
0.6210927559055118
21
0.2984423622047244
0
LINE
8
BLACK
6
CONTINUOUS
10
0.6210927559055118
20
0.2984423622047244
11
0.6211738582677165
21
0.2983881889763779
0
LINE
8
BLACK
6
CONTINUOUS
10
0.6211738582677165
20
0.2983881889763779
11
0.6230485826771653
21
0.2965134251968504
0
LINE
8
BLACK
6
CONTINUOUS
10
0.6230485826771653
20
0.2965134251968504
11
0.6231361811023622
21
0.2963823228346457
0
LINE
8
BLACK
6
CONTINUOUS
10
0.6231361811023622
20
0.2963823228346457
11
0.6232329921259843
21
0.2962575984251968
0
LINE
8
BLACK
6
CONTINUOUS
10
0.6232329921259843
20
0.2962575984251968
11
0.6241703543307087
21
0.294382874015748
0
LINE
8
BLACK
6
CONTINUOUS
10
0.6241703543307087
20
0.294382874015748
11
0.6242717716535433
21
0.2940124409448819
0
LINE
8
BLACK
6
CONTINUOUS
10
0.6242717716535433
20
0.2940124409448819
11
0.6240335433070866
21
0.2932977952755905
0
LINE
8
BLACK
6
CONTINUOUS
10
0.6240335433070866
20
0.2932977952755905
11
0.6233597637795275
21
0.292960905511811
0
LINE
8
BLACK
6
CONTINUOUS
10
0.6233597637795275
20
0.292960905511811
11
0.6226451181102362
21
0.2931991338582677
0
LINE
8
BLACK
6
CONTINUOUS
10
0.6226451181102362
20
0.2931991338582677
11
0.6224096456692914
21
0.2935025196850394
0
LINE
8
BLACK
6
CONTINUOUS
10
0.6224096456692914
20
0.2935025196850394
11
0.6215436614173229
21
0.2952344488188977
0
LINE
8
BLACK
6
CONTINUOUS
10
0.6215436614173229
20
0.2952344488188977
11
0.6198506692913386
21
0.2969274409448819
0
LINE
8
BLACK
6
CONTINUOUS
10
0.6198506692913386
20
0.2969274409448819
11
0.6171197637795276
21
0.298748031496063
0
LINE
8
BLACK
6
CONTINUOUS
10
0.6171197637795276
20
0.298748031496063
11
0.6168479133858268
21
0.2990192913385827
0
LINE
8
BLACK
6
CONTINUOUS
10
0.6168479133858268
20
0.2990192913385827
11
0.616828031496063
21
0.2991186614173229
0
LINE
8
BLACK
6
CONTINUOUS
10
0.616828031496063
20
0.2991186614173229
11
0.6167563779527558
21
0.2991903149606299
0
LINE
8
BLACK
6
CONTINUOUS
10
0.6167563779527558
20
0.2991903149606299
11
0.6167563779527558
21
0.2994769291338583
0
LINE
8
BLACK
6
CONTINUOUS
10
0.6167563779527558
20
0.2994769291338583
11
0.6167001574803149
21
0.2997579921259843
0
LINE
8
BLACK
6
CONTINUOUS
10
0.6167001574803149
20
0.2997579921259843
11
0.6167563779527558
21
0.2998423228346457
0
LINE
8
BLACK
6
CONTINUOUS
10
0.6167563779527558
20
0.2998423228346457
11
0.6167563779527558
21
0.2999436220472441
0
LINE
8
BLACK
6
CONTINUOUS
10
0.6167563779527558
20
0.2999436220472441
11
0.6169590157480315
21
0.3001462992125984
0
LINE
8
BLACK
6
CONTINUOUS
10
0.6169590157480315
20
0.3001462992125984
11
0.6171180314960629
21
0.3003847637795276
0
LINE
8
BLACK
6
CONTINUOUS
10
0.6171180314960629
20
0.3003847637795276
11
0.6172173622047243
21
0.3004046456692913
0
LINE
8
BLACK
6
CONTINUOUS
10
0.6172173622047243
20
0.3004046456692913
11
0.6172890551181103
21
0.3004762992125984
0
LINE
8
BLACK
6
CONTINUOUS
10
0.6172890551181103
20
0.3004762992125984
11
0.6176657086614173
21
0.3005512204724409
0
LINE
8
BLACK
6
CONTINUOUS
10
0.6176657086614173
20
0.3005512204724409
11
0.6363664960629921
21
0.3005512204724409
0
LINE
8
BLACK
6
CONTINUOUS
10
0.6363664960629921
20
0.3005512204724409
11
0.6363664960629921
21
0.3051912598425197
0
LINE
8
BLACK
6
CONTINUOUS
10
0.6363664960629921
20
0.3051912598425197
11
0.6364414173228347
21
0.3055679133858268
0
LINE
8
BLACK
6
CONTINUOUS
10
0.6364414173228347
20
0.3055679133858268
11
0.636974094488189
21
0.3061005905511811
0
LINE
8
BLACK
6
CONTINUOUS
10
0.636974094488189
20
0.3061005905511811
11
0.6377274015748031
21
0.3061005905511811
0
LINE
8
BLACK
6
CONTINUOUS
10
0.6377274015748031
20
0.3061005905511811
11
0.6382600787401574
21
0.3055679133858268
0
LINE
8
BLACK
6
CONTINUOUS
10
0.9583464566929134
20
0.3345668897637795
11
0.8983464566929134
21
0.3345668897637795
0
LINE
8
BLACK
6
CONTINUOUS
10
0.8983464566929134
20
0.3345668897637795
11
0.8983464566929134
21
0.3945668897637795
0
LINE
8
BLACK
6
CONTINUOUS
10
0.8983464566929134
20
0.3945668897637795
11
0.9583464566929134
21
0.3945668897637795
0
LINE
8
BLACK
6
CONTINUOUS
10
0.9583464566929134
20
0.3945668897637795
11
0.9583464566929134
21
0.3345668897637795
0
LINE
8
BLACK
6
CONTINUOUS
10
1.4583464566929134
20
0.3345668897637795
11
1.3983464566929134
21
0.3345668897637795
0
LINE
8
BLACK
6
CONTINUOUS
10
1.3983464566929134
20
0.3345668897637795
11
1.3983464566929134
21
0.3945668897637795
0
LINE
8
BLACK
6
CONTINUOUS
10
1.3983464566929134
20
0.3945668897637795
11
1.4583464566929134
21
0.3945668897637795
0
LINE
8
BLACK
6
CONTINUOUS
10
1.4583464566929134
20
0.3945668897637795
11
1.4583464566929134
21
0.3345668897637795
0
LINE
8
BLACK
6
CONTINUOUS
10
0.6583464566929134
20
0.3345669291338583
11
0.5983464566929134
21
0.3345669291338583
0
LINE
8
BLACK
6
CONTINUOUS
10
0.5983464566929134
20
0.3345669291338583
11
0.5983464566929134
21
0.3945669291338583
0
LINE
8
BLACK
6
CONTINUOUS
10
0.5983464566929134
20
0.3945669291338583
11
0.6583464566929134
21
0.3945669291338583
0
LINE
8
BLACK
6
CONTINUOUS
10
0.6583464566929134
20
0.3945669291338583
11
0.6583464566929134
21
0.3345669291338583
0
LINE
8
BLACK
6
CONTINUOUS
10
0.7583464566929133
20
0.3345669291338583
11
0.6983464566929134
21
0.3345669291338583
0
LINE
8
BLACK
6
CONTINUOUS
10
0.6983464566929134
20
0.3345669291338583
11
0.6983464566929134
21
0.3945669291338583
0
LINE
8
BLACK
6
CONTINUOUS
10
0.6983464566929134
20
0.3945669291338583
11
0.7583464566929133
21
0.3945669291338583
0
LINE
8
BLACK
6
CONTINUOUS
10
0.7583464566929133
20
0.3945669291338583
11
0.7583464566929133
21
0.3345669291338583
0
LINE
8
BLACK
6
CONTINUOUS
10
0.8583464566929133
20
0.3345669291338583
11
0.7983464566929134
21
0.3345669291338583
0
LINE
8
BLACK
6
CONTINUOUS
10
0.7983464566929134
20
0.3345669291338583
11
0.7983464566929134
21
0.3945669291338583
0
LINE
8
BLACK
6
CONTINUOUS
10
0.7983464566929134
20
0.3945669291338583
11
0.8583464566929133
21
0.3945669291338583
0
LINE
8
BLACK
6
CONTINUOUS
10
0.8583464566929133
20
0.3945669291338583
11
0.8583464566929133
21
0.3345669291338583
0
LINE
8
BLACK
6
CONTINUOUS
10
1.0583464566929133
20
0.3345669291338583
11
0.9983464566929133
21
0.3345669291338583
0
LINE
8
BLACK
6
CONTINUOUS
10
0.9983464566929133
20
0.3345669291338583
11
0.9983464566929133
21
0.3945669291338583
0
LINE
8
BLACK
6
CONTINUOUS
10
0.9983464566929133
20
0.3945669291338583
11
1.0583464566929133
21
0.3945669291338583
0
LINE
8
BLACK
6
CONTINUOUS
10
1.0583464566929133
20
0.3945669291338583
11
1.0583464566929133
21
0.3345669291338583
0
LINE
8
BLACK
6
CONTINUOUS
10
1.1583464566929134
20
0.3345669291338583
11
1.0983464566929133
21
0.3345669291338583
0
LINE
8
BLACK
6
CONTINUOUS
10
1.0983464566929133
20
0.3345669291338583
11
1.0983464566929133
21
0.3945669291338583
0
LINE
8
BLACK
6
CONTINUOUS
10
1.0983464566929133
20
0.3945669291338583
11
1.1583464566929134
21
0.3945669291338583
0
LINE
8
BLACK
6
CONTINUOUS
10
1.1583464566929134
20
0.3945669291338583
11
1.1583464566929134
21
0.3345669291338583
0
LINE
8
BLACK
6
CONTINUOUS
10
1.2583464566929135
20
0.3345669291338583
11
1.1983464566929134
21
0.3345669291338583
0
LINE
8
BLACK
6
CONTINUOUS
10
1.1983464566929134
20
0.3345669291338583
11
1.1983464566929134
21
0.3945669291338583
0
LINE
8
BLACK
6
CONTINUOUS
10
1.1983464566929134
20
0.3945669291338583
11
1.2583464566929135
21
0.3945669291338583
0
LINE
8
BLACK
6
CONTINUOUS
10
1.2583464566929135
20
0.3945669291338583
11
1.2583464566929135
21
0.3345669291338583
0
LINE
8
BLACK
6
CONTINUOUS
10
1.3583464566929133
20
0.3345669291338583
11
1.2983464566929133
21
0.3345669291338583
0
LINE
8
BLACK
6
CONTINUOUS
10
1.2983464566929133
20
0.3345669291338583
11
1.2983464566929133
21
0.3945669291338583
0
LINE
8
BLACK
6
CONTINUOUS
10
1.2983464566929133
20
0.3945669291338583
11
1.3583464566929133
21
0.3945669291338583
0
LINE
8
BLACK
6
CONTINUOUS
10
1.3583464566929133
20
0.3945669291338583
11
1.3583464566929133
21
0.3345669291338583
0
LINE
8
BLACK
6
CONTINUOUS
10
1.5583464566929133
20
0.3345669291338583
11
1.4983464566929134
21
0.3345669291338583
0
LINE
8
BLACK
6
CONTINUOUS
10
1.4983464566929134
20
0.3345669291338583
11
1.4983464566929134
21
0.3945669291338583
0
LINE
8
BLACK
6
CONTINUOUS
10
1.4983464566929134
20
0.3945669291338583
11
1.5583464566929133
21
0.3945669291338583
0
LINE
8
BLACK
6
CONTINUOUS
10
1.5583464566929133
20
0.3945669291338583
11
1.5583464566929133
21
0.3345669291338583
0
LINE
8
BLACK
6
CONTINUOUS
10
1.6583464566929134
20
0.3345669291338583
11
1.5983464566929133
21
0.3345669291338583
0
LINE
8
BLACK
6
CONTINUOUS
10
1.5983464566929133
20
0.3345669291338583
11
1.5983464566929133
21
0.3945669291338583
0
LINE
8
BLACK
6
CONTINUOUS
10
1.5983464566929133
20
0.3945669291338583
11
1.6583464566929134
21
0.3945669291338583
0
LINE
8
BLACK
6
CONTINUOUS
10
1.6583464566929134
20
0.3945669291338583
11
1.6583464566929134
21
0.3345669291338583
0
LINE
8
BLACK
6
CONTINUOUS
10
1.7583464566929135
20
0.3345669291338583
11
1.6983464566929134
21
0.3345669291338583
0
LINE
8
BLACK
6
CONTINUOUS
10
1.6983464566929134
20
0.3345669291338583
11
1.6983464566929134
21
0.3945669291338583
0
LINE
8
BLACK
6
CONTINUOUS
10
1.6983464566929134
20
0.3945669291338583
11
1.7583464566929135
21
0.3945669291338583
0
LINE
8
BLACK
6
CONTINUOUS
10
1.7583464566929135
20
0.3945669291338583
11
1.7583464566929135
21
0.3345669291338583
0
LINE
8
BLACK
6
CONTINUOUS
10
0.6583464566929134
20
0.4345669291338582
11
0.5983464566929134
21
0.4345669291338582
0
LINE
8
BLACK
6
CONTINUOUS
10
0.5983464566929134
20
0.4345669291338582
11
0.5983464566929134
21
0.4945669291338582
0
LINE
8
BLACK
6
CONTINUOUS
10
0.5983464566929134
20
0.4945669291338582
11
0.6583464566929134
21
0.4945669291338582
0
LINE
8
BLACK
6
CONTINUOUS
10
0.6583464566929134
20
0.4945669291338582
11
0.6583464566929134
21
0.4345669291338582
0
LINE
8
BLACK
6
CONTINUOUS
10
0.7583464566929133
20
0.4345669291338582
11
0.6983464566929134
21
0.4345669291338582
0
LINE
8
BLACK
6
CONTINUOUS
10
0.6983464566929134
20
0.4345669291338582
11
0.6983464566929134
21
0.4945669291338582
0
LINE
8
BLACK
6
CONTINUOUS
10
0.6983464566929134
20
0.4945669291338582
11
0.7583464566929133
21
0.4945669291338582
0
LINE
8
BLACK
6
CONTINUOUS
10
0.7583464566929133
20
0.4945669291338582
11
0.7583464566929133
21
0.4345669291338582
0
LINE
8
BLACK
6
CONTINUOUS
10
0.8583464566929133
20
0.4345669291338582
11
0.7983464566929134
21
0.4345669291338582
0
LINE
8
BLACK
6
CONTINUOUS
10
0.7983464566929134
20
0.4345669291338582
11
0.7983464566929134
21
0.4945669291338582
0
LINE
8
BLACK
6
CONTINUOUS
10
0.7983464566929134
20
0.4945669291338582
11
0.8583464566929133
21
0.4945669291338582
0
LINE
8
BLACK
6
CONTINUOUS
10
0.8583464566929133
20
0.4945669291338582
11
0.8583464566929133
21
0.4345669291338582
0
LINE
8
BLACK
6
CONTINUOUS
10
1.0583464566929133
20
0.4345669291338582
11
0.9983464566929133
21
0.4345669291338582
0
LINE
8
BLACK
6
CONTINUOUS
10
0.9983464566929133
20
0.4345669291338582
11
0.9983464566929133
21
0.4945669291338582
0
LINE
8
BLACK
6
CONTINUOUS
10
0.9983464566929133
20
0.4945669291338582
11
1.0583464566929133
21
0.4945669291338582
0
LINE
8
BLACK
6
CONTINUOUS
10
1.0583464566929133
20
0.4945669291338582
11
1.0583464566929133
21
0.4345669291338582
0
LINE
8
BLACK
6
CONTINUOUS
10
1.1583464566929134
20
0.4345669291338582
11
1.0983464566929133
21
0.4345669291338582
0
LINE
8
BLACK
6
CONTINUOUS
10
1.0983464566929133
20
0.4345669291338582
11
1.0983464566929133
21
0.4945669291338582
0
LINE
8
BLACK
6
CONTINUOUS
10
1.0983464566929133
20
0.4945669291338582
11
1.1583464566929134
21
0.4945669291338582
0
LINE
8
BLACK
6
CONTINUOUS
10
1.1583464566929134
20
0.4945669291338582
11
1.1583464566929134
21
0.4345669291338582
0
LINE
8
BLACK
6
CONTINUOUS
10
1.2583464566929135
20
0.4345669291338582
11
1.1983464566929134
21
0.4345669291338582
0
LINE
8
BLACK
6
CONTINUOUS
10
1.1983464566929134
20
0.4345669291338582
11
1.1983464566929134
21
0.4945669291338582
0
LINE
8
BLACK
6
CONTINUOUS
10
1.1983464566929134
20
0.4945669291338582
11
1.2583464566929135
21
0.4945669291338582
0
LINE
8
BLACK
6
CONTINUOUS
10
1.2583464566929135
20
0.4945669291338582
11
1.2583464566929135
21
0.4345669291338582
0
LINE
8
BLACK
6
CONTINUOUS
10
1.3583464566929133
20
0.4345669291338582
11
1.2983464566929133
21
0.4345669291338582
0
LINE
8
BLACK
6
CONTINUOUS
10
1.2983464566929133
20
0.4345669291338582
11
1.2983464566929133
21
0.4945669291338582
0
LINE
8
BLACK
6
CONTINUOUS
10
1.2983464566929133
20
0.4945669291338582
11
1.3583464566929133
21
0.4945669291338582
0
LINE
8
BLACK
6
CONTINUOUS
10
1.3583464566929133
20
0.4945669291338582
11
1.3583464566929133
21
0.4345669291338582
0
LINE
8
BLACK
6
CONTINUOUS
10
1.5583464566929133
20
0.4345669291338582
11
1.4983464566929134
21
0.4345669291338582
0
LINE
8
BLACK
6
CONTINUOUS
10
1.4983464566929134
20
0.4345669291338582
11
1.4983464566929134
21
0.4945669291338582
0
LINE
8
BLACK
6
CONTINUOUS
10
1.4983464566929134
20
0.4945669291338582
11
1.5583464566929133
21
0.4945669291338582
0
LINE
8
BLACK
6
CONTINUOUS
10
1.5583464566929133
20
0.4945669291338582
11
1.5583464566929133
21
0.4345669291338582
0
LINE
8
BLACK
6
CONTINUOUS
10
1.6583464566929134
20
0.4345669291338582
11
1.5983464566929133
21
0.4345669291338582
0
LINE
8
BLACK
6
CONTINUOUS
10
1.5983464566929133
20
0.4345669291338582
11
1.5983464566929133
21
0.4945669291338582
0
LINE
8
BLACK
6
CONTINUOUS
10
1.5983464566929133
20
0.4945669291338582
11
1.6583464566929134
21
0.4945669291338582
0
LINE
8
BLACK
6
CONTINUOUS
10
1.6583464566929134
20
0.4945669291338582
11
1.6583464566929134
21
0.4345669291338582
0
LINE
8
BLACK
6
CONTINUOUS
10
1.7583464566929135
20
0.4345669291338582
11
1.6983464566929134
21
0.4345669291338582
0
LINE
8
BLACK
6
CONTINUOUS
10
1.6983464566929134
20
0.4345669291338582
11
1.6983464566929134
21
0.4945669291338582
0
LINE
8
BLACK
6
CONTINUOUS
10
1.6983464566929134
20
0.4945669291338582
11
1.7583464566929135
21
0.4945669291338582
0
LINE
8
BLACK
6
CONTINUOUS
10
1.7583464566929135
20
0.4945669291338582
11
1.7583464566929135
21
0.4345669291338582
0
LINE
8
BLACK
6
CONTINUOUS
10
0.9583464566929134
20
0.434566968503937
11
0.8983464566929134
21
0.434566968503937
0
LINE
8
BLACK
6
CONTINUOUS
10
0.8983464566929134
20
0.434566968503937
11
0.8983464566929134
21
0.494566968503937
0
LINE
8
BLACK
6
CONTINUOUS
10
0.8983464566929134
20
0.494566968503937
11
0.9583464566929134
21
0.494566968503937
0
LINE
8
BLACK
6
CONTINUOUS
10
0.9583464566929134
20
0.494566968503937
11
0.9583464566929134
21
0.434566968503937
0
LINE
8
BLACK
6
CONTINUOUS
10
1.4583464566929134
20
0.434566968503937
11
1.3983464566929134
21
0.434566968503937
0
LINE
8
BLACK
6
CONTINUOUS
10
1.3983464566929134
20
0.434566968503937
11
1.3983464566929134
21
0.494566968503937
0
LINE
8
BLACK
6
CONTINUOUS
10
1.3983464566929134
20
0.494566968503937
11
1.4583464566929134
21
0.494566968503937
0
LINE
8
BLACK
6
CONTINUOUS
10
1.4583464566929134
20
0.494566968503937
11
1.4583464566929134
21
0.434566968503937
0
LINE
8
BLACK
6
CONTINUOUS
10
1.7789225196850393
20
0.5174629527559055
11
1.7799869291338581
21
0.5170220472440945
0
LINE
8
BLACK
6
CONTINUOUS
10
1.7799869291338581
20
0.5170220472440945
11
1.7808015748031496
21
0.5162074015748032
0
LINE
8
BLACK
6
CONTINUOUS
10
1.7808015748031496
20
0.5162074015748032
11
1.7812424803149607
21
0.5151429921259842
0
LINE
8
BLACK
6
CONTINUOUS
10
1.7812424803149607
20
0.5151429921259842
11
1.7812992125984251
21
0.5145669291338583
0
LINE
8
BLACK
6
CONTINUOUS
10
1.7812992125984251
20
0.5145669291338583
11
1.7812992125984251
21
0.3145669291338583
0
LINE
8
BLACK
6
CONTINUOUS
10
1.7812992125984251
20
0.3145669291338583
11
1.7812424803149607
21
0.3139908661417323
0
LINE
8
BLACK
6
CONTINUOUS
10
1.7812424803149607
20
0.3139908661417323
11
1.7808015748031496
21
0.3129264566929134
0
LINE
8
BLACK
6
CONTINUOUS
10
1.7808015748031496
20
0.3129264566929134
11
1.7799869291338581
21
0.3121118110236221
0
LINE
8
BLACK
6
CONTINUOUS
10
1.7799869291338581
20
0.3121118110236221
11
1.7789225196850393
21
0.311670905511811
0
LINE
8
BLACK
6
CONTINUOUS
10
1.7789225196850393
20
0.311670905511811
11
1.7783464566929132
21
0.3116141732283464
0
LINE
8
BLACK
6
CONTINUOUS
10
1.7783464566929132
20
0.3116141732283464
11
0.5783464566929134
21
0.3116141732283464
0
LINE
8
BLACK
6
CONTINUOUS
10
0.5783464566929134
20
0.3116141732283464
11
0.5777703937007874
21
0.311670905511811
0
LINE
8
BLACK
6
CONTINUOUS
10
0.5777703937007874
20
0.311670905511811
11
0.5767059842519685
21
0.3121118110236221
0
LINE
8
BLACK
6
CONTINUOUS
10
0.5767059842519685
20
0.3121118110236221
11
0.5758913385826772
21
0.3129264566929134
0
LINE
8
BLACK
6
CONTINUOUS
10
0.5758913385826772
20
0.3129264566929134
11
0.5754504330708661
21
0.3139908661417323
0
LINE
8
BLACK
6
CONTINUOUS
10
0.5754504330708661
20
0.3139908661417323
11
0.5753937007874016
21
0.3145669291338583
0
LINE
8
BLACK
6
CONTINUOUS
10
0.5753937007874016
20
0.3145669291338583
11
0.5753937007874016
21
0.5145669291338583
0
LINE
8
BLACK
6
CONTINUOUS
10
0.5753937007874016
20
0.5145669291338583
11
0.5754504330708661
21
0.5151429921259842
0
LINE
8
BLACK
6
CONTINUOUS
10
0.5754504330708661
20
0.5151429921259842
11
0.5758913385826772
21
0.5162074015748032
0
LINE
8
BLACK
6
CONTINUOUS
10
0.5758913385826772
20
0.5162074015748032
11
0.5767059842519685
21
0.5170220472440945
0
LINE
8
BLACK
6
CONTINUOUS
10
0.5767059842519685
20
0.5170220472440945
11
0.5777703937007874
21
0.5174629527559055
0
LINE
8
BLACK
6
CONTINUOUS
10
0.5777703937007874
20
0.5174629527559055
11
0.5783464566929134
21
0.5175196850393701
0
LINE
8
BLACK
6
CONTINUOUS
10
0.5783464566929134
20
0.5175196850393701
11
1.7783464566929132
21
0.5175196850393701
0
LINE
8
BLACK
6
CONTINUOUS
10
1.7783464566929132
20
0.5175196850393701
11
1.7789225196850393
21
0.5174629527559055
0
LINE
8
BLACK
6
CONTINUOUS
10
0.5812992125984252
20
0.5116141732283465
11
0.5812992125984252
21
0.3175196850393701
0
LINE
8
BLACK
6
CONTINUOUS
10
0.5812992125984252
20
0.3175196850393701
11
1.7753937007874014
21
0.3175196850393701
0
LINE
8
BLACK
6
CONTINUOUS
10
1.7753937007874014
20
0.3175196850393701
11
1.7753937007874014
21
0.5116141732283465
0
LINE
8
BLACK
6
CONTINUOUS
10
1.7753937007874014
20
0.5116141732283465
11
0.5812992125984252
21
0.5116141732283465
0
LINE
8
BLACK
6
CONTINUOUS
10
1.7979447244094489
20
0.3846824015748032
11
1.7987593700787401
21
0.3838677559055118
0
LINE
8
BLACK
6
CONTINUOUS
10
1.7987593700787401
20
0.3838677559055118
11
1.7992002755905512
21
0.3828033464566929
0
LINE
8
BLACK
6
CONTINUOUS
10
1.7992002755905512
20
0.3828033464566929
11
1.7992570078740158
21
0.3822272834645669
0
LINE
8
BLACK
6
CONTINUOUS
10
1.7992570078740158
20
0.3822272834645669
11
1.7992570078740158
21
0.3570585433070866
0
LINE
8
BLACK
6
CONTINUOUS
10
1.7992570078740158
20
0.3570585433070866
11
1.8214729921259842
21
0.3570585433070866
0
LINE
8
BLACK
6
CONTINUOUS
10
1.8214729921259842
20
0.3570585433070866
11
1.8214729921259842
21
0.3737908267716535
0
LINE
8
BLACK
6
CONTINUOUS
10
1.8214729921259842
20
0.3737908267716535
11
1.8215297244094488
21
0.3743668897637795
0
LINE
8
BLACK
6
CONTINUOUS
10
1.8215297244094488
20
0.3743668897637795
11
1.8219706299212599
21
0.3754312992125984
0
LINE
8
BLACK
6
CONTINUOUS
10
1.8219706299212599
20
0.3754312992125984
11
1.8227852755905511
21
0.3762459448818898
0
LINE
8
BLACK
6
CONTINUOUS
10
1.8227852755905511
20
0.3762459448818898
11
1.8238496850393699
21
0.3766868503937008
0
LINE
8
BLACK
6
CONTINUOUS
10
1.8238496850393699
20
0.3766868503937008
11
1.8250018110236219
21
0.3766868503937008
0
LINE
8
BLACK
6
CONTINUOUS
10
1.8250018110236219
20
0.3766868503937008
11
1.8260662204724409
21
0.3762459448818898
0
LINE
8
BLACK
6
CONTINUOUS
10
1.8260662204724409
20
0.3762459448818898
11
1.8268808661417322
21
0.3754312992125984
0
LINE
8
BLACK
6
CONTINUOUS
10
1.8268808661417322
20
0.3754312992125984
11
1.8273217716535433
21
0.3743668897637795
0
LINE
8
BLACK
6
CONTINUOUS
10
1.8273217716535433
20
0.3743668897637795
11
1.8273785039370078
21
0.3737908267716535
0
LINE
8
BLACK
6
CONTINUOUS
10
1.8273785039370078
20
0.3737908267716535
11
1.8273785039370078
21
0.3570585433070866
0
LINE
8
BLACK
6
CONTINUOUS
10
1.8273785039370078
20
0.3570585433070866
11
1.8524066141732283
21
0.3570585433070866
0
LINE
8
BLACK
6
CONTINUOUS
10
1.8524066141732283
20
0.3570585433070866
11
1.8524066141732283
21
0.3822272834645669
0
LINE
8
BLACK
6
CONTINUOUS
10
1.8524066141732283
20
0.3822272834645669
11
1.8524633464566929
21
0.3828033464566929
0
LINE
8
BLACK
6
CONTINUOUS
10
1.8524633464566929
20
0.3828033464566929
11
1.8529042519685039
21
0.3838677559055118
0
LINE
8
BLACK
6
CONTINUOUS
10
1.8529042519685039
20
0.3838677559055118
11
1.8537188976377952
21
0.3846824015748032
0
LINE
8
BLACK
6
CONTINUOUS
10
1.8537188976377952
20
0.3846824015748032
11
1.8547833070866142
21
0.3851233070866142
0
LINE
8
BLACK
6
CONTINUOUS
10
1.8547833070866142
20
0.3851233070866142
11
1.8559354330708662
21
0.3851233070866142
0
LINE
8
BLACK
6
CONTINUOUS
10
1.8559354330708662
20
0.3851233070866142
11
1.856999842519685
21
0.3846824015748032
0
LINE
8
BLACK
6
CONTINUOUS
10
1.856999842519685
20
0.3846824015748032
11
1.8578144881889764
21
0.3838677559055118
0
LINE
8
BLACK
6
CONTINUOUS
10
1.8578144881889764
20
0.3838677559055118
11
1.8582553937007873
21
0.3828033464566929
0
LINE
8
BLACK
6
CONTINUOUS
10
1.8582553937007873
20
0.3828033464566929
11
1.8583121259842519
21
0.3822272834645669
0
LINE
8
BLACK
6
CONTINUOUS
10
1.8583121259842519
20
0.3822272834645669
11
1.8583121259842519
21
0.3541057874015748
0
LINE
8
BLACK
6
CONTINUOUS
10
1.8583121259842519
20
0.3541057874015748
11
1.8582553937007873
21
0.3535297244094488
0
LINE
8
BLACK
6
CONTINUOUS
10
1.8582553937007873
20
0.3535297244094488
11
1.8578144881889764
21
0.3524653149606299
0
LINE
8
BLACK
6
CONTINUOUS
10
1.8578144881889764
20
0.3524653149606299
11
1.856999842519685
21
0.3516506692913386
0
LINE
8
BLACK
6
CONTINUOUS
10
1.856999842519685
20
0.3516506692913386
11
1.8559354330708662
21
0.3512097637795276
0
LINE
8
BLACK
6
CONTINUOUS
10
1.8559354330708662
20
0.3512097637795276
11
1.8553593700787401
21
0.351153031496063
0
LINE
8
BLACK
6
CONTINUOUS
10
1.8553593700787401
20
0.351153031496063
11
1.796304251968504
21
0.351153031496063
0
LINE
8
BLACK
6
CONTINUOUS
10
1.796304251968504
20
0.351153031496063
11
1.7957281889763779
21
0.3512097637795276
0
LINE
8
BLACK
6
CONTINUOUS
10
1.7957281889763779
20
0.3512097637795276
11
1.7946637795275591
21
0.3516506692913386
0
LINE
8
BLACK
6
CONTINUOUS
10
1.7946637795275591
20
0.3516506692913386
11
1.7938491338582676
21
0.3524653149606299
0
LINE
8
BLACK
6
CONTINUOUS
10
1.7938491338582676
20
0.3524653149606299
11
1.7934082283464567
21
0.3535297244094488
0
LINE
8
BLACK
6
CONTINUOUS
10
1.7934082283464567
20
0.3535297244094488
11
1.7933514960629922
21
0.3541057874015748
0
LINE
8
BLACK
6
CONTINUOUS
10
1.7933514960629922
20
0.3541057874015748
11
1.7933514960629922
21
0.3822272834645669
0
LINE
8
BLACK
6
CONTINUOUS
10
1.7933514960629922
20
0.3822272834645669
11
1.7934082283464567
21
0.3828033464566929
0
LINE
8
BLACK
6
CONTINUOUS
10
1.7934082283464567
20
0.3828033464566929
11
1.7938491338582676
21
0.3838677559055118
0
LINE
8
BLACK
6
CONTINUOUS
10
1.7938491338582676
20
0.3838677559055118
11
1.7946637795275591
21
0.3846824015748032
0
LINE
8
BLACK
6
CONTINUOUS
10
1.7946637795275591
20
0.3846824015748032
11
1.7957281889763779
21
0.3851233070866142
0
LINE
8
BLACK
6
CONTINUOUS
10
1.7957281889763779
20
0.3851233070866142
11
1.7968803149606298
21
0.3851233070866142
0
LINE
8
BLACK
6
CONTINUOUS
10
1.7968803149606298
20
0.3851233070866142
11
1.7979447244094489
21
0.3846824015748032
0
LINE
8
BLACK
6
CONTINUOUS
10
1.8165653543307085
20
0.4441784251968504
11
1.8166633464566928
21
0.4441378346456693
0
LINE
8
BLACK
6
CONTINUOUS
10
1.8166633464566928
20
0.4441378346456693
11
1.8167691732283464
21
0.4441303149606299
0
LINE
8
BLACK
6
CONTINUOUS
10
1.8167691732283464
20
0.4441303149606299
11
1.8173098031496062
21
0.4439234251968504
0
LINE
8
BLACK
6
CONTINUOUS
10
1.8173098031496062
20
0.4439234251968504
11
1.8229340944881889
21
0.4411112992125984
0
LINE
8
BLACK
6
CONTINUOUS
10
1.8229340944881889
20
0.4411112992125984
11
1.8231820866141732
21
0.4409552362204724
0
LINE
8
BLACK
6
CONTINUOUS
10
1.8231820866141732
20
0.4409552362204724
11
1.8232540551181102
21
0.4409253937007874
0
LINE
8
BLACK
6
CONTINUOUS
10
1.8232540551181102
20
0.4409253937007874
11
1.8233349999999999
21
0.440858937007874
0
LINE
8
BLACK
6
CONTINUOUS
10
1.8233349999999999
20
0.440858937007874
11
1.8234239763779527
21
0.4408029527559055
0
LINE
8
BLACK
6
CONTINUOUS
10
1.8234239763779527
20
0.4408029527559055
11
1.8234751181102362
21
0.4407439763779528
0
LINE
8
BLACK
6
CONTINUOUS
10
1.8234751181102362
20
0.4407439763779528
11
1.823701496062992
21
0.4405581889763779
0
LINE
8
BLACK
6
CONTINUOUS
10
1.823701496062992
20
0.4405581889763779
11
1.8265136614173227
21
0.4377460236220472
0
LINE
8
BLACK
6
CONTINUOUS
10
1.8265136614173227
20
0.4377460236220472
11
1.8266994881889764
21
0.4375196456692913
0
LINE
8
BLACK
6
CONTINUOUS
10
1.8266994881889764
20
0.4375196456692913
11
1.8267584251968503
21
0.4374685039370079
0
LINE
8
BLACK
6
CONTINUOUS
10
1.8267584251968503
20
0.4374685039370079
11
1.8268142913385825
21
0.4373797637795275
0
LINE
8
BLACK
6
CONTINUOUS
10
1.8268142913385825
20
0.4373797637795275
11
1.8268809055118109
21
0.4372985826771654
0
LINE
8
BLACK
6
CONTINUOUS
10
1.8268809055118109
20
0.4372985826771654
11
1.8269107480314961
21
0.4372264566929134
0
LINE
8
BLACK
6
CONTINUOUS
10
1.8269107480314961
20
0.4372264566929134
11
1.8270667716535434
21
0.4369786220472441
0
LINE
8
BLACK
6
CONTINUOUS
10
1.8270667716535434
20
0.4369786220472441
11
1.8298788976377953
21
0.4313543307086614
0
LINE
8
BLACK
6
CONTINUOUS
10
1.8298788976377953
20
0.4313543307086614
11
1.8300857874015748
21
0.4308137007874016
0
LINE
8
BLACK
6
CONTINUOUS
10
1.8300857874015748
20
0.4308137007874016
11
1.8300932677165354
21
0.4307079133858268
0
LINE
8
BLACK
6
CONTINUOUS
10
1.8300932677165354
20
0.4307079133858268
11
1.8301338976377952
21
0.4306098818897638
0
LINE
8
BLACK
6
CONTINUOUS
10
1.8301338976377952
20
0.4306098818897638
11
1.8301906299212598
21
0.4300338188976378
0
LINE
8
BLACK
6
CONTINUOUS
10
1.8301906299212598
20
0.4300338188976378
11
1.8301906299212598
21
0.4272685826771653
0
LINE
8
BLACK
6
CONTINUOUS
10
1.8301906299212598
20
0.4272685826771653
11
1.853666062992126
21
0.4437013779527559
0
LINE
8
BLACK
6
CONTINUOUS
10
1.853666062992126
20
0.4437013779527559
11
1.8541705511811024
21
0.4439852755905512
0
LINE
8
BLACK
6
CONTINUOUS
10
1.8541705511811024
20
0.4439852755905512
11
1.8552953937007874
21
0.4442344488188976
0
LINE
8
BLACK
6
CONTINUOUS
10
1.8552953937007874
20
0.4442344488188976
11
1.8564299212598425
21
0.4440342519685039
0
LINE
8
BLACK
6
CONTINUOUS
10
1.8564299212598425
20
0.4440342519685039
11
1.8574015354330708
21
0.4434150787401575
0
LINE
8
BLACK
6
CONTINUOUS
10
1.8574015354330708
20
0.4434150787401575
11
1.8580622440944881
21
0.4424712204724409
0
LINE
8
BLACK
6
CONTINUOUS
10
1.8580622440944881
20
0.4424712204724409
11
1.8583114173228346
21
0.4413463779527559
0
LINE
8
BLACK
6
CONTINUOUS
10
1.8583114173228346
20
0.4413463779527559
11
1.8581112204724408
21
0.4402118503937008
0
LINE
8
BLACK
6
CONTINUOUS
10
1.8581112204724408
20
0.4402118503937008
11
1.8574920472440943
21
0.4392402362204724
0
LINE
8
BLACK
6
CONTINUOUS
10
1.8574920472440943
20
0.4392402362204724
11
1.8570526771653544
21
0.4388634251968504
0
LINE
8
BLACK
6
CONTINUOUS
10
1.8570526771653544
20
0.4388634251968504
11
1.8301906299212598
21
0.42006
0
LINE
8
BLACK
6
CONTINUOUS
10
1.8301906299212598
20
0.42006
11
1.8301906299212598
21
0.4104893700787401
0
LINE
8
BLACK
6
CONTINUOUS
10
1.8301906299212598
20
0.4104893700787401
11
1.8553593700787401
21
0.4104893700787401
0
LINE
8
BLACK
6
CONTINUOUS
10
1.8553593700787401
20
0.4104893700787401
11
1.8559354330708662
21
0.4104326377952756
0
LINE
8
BLACK
6
CONTINUOUS
10
1.8559354330708662
20
0.4104326377952756
11
1.856999842519685
21
0.4099917322834646
0
LINE
8
BLACK
6
CONTINUOUS
10
1.856999842519685
20
0.4099917322834646
11
1.8578144881889764
21
0.4091770866141732
0
LINE
8
BLACK
6
CONTINUOUS
10
1.8578144881889764
20
0.4091770866141732
11
1.8582553937007873
21
0.4081126771653543
0
LINE
8
BLACK
6
CONTINUOUS
10
1.8582553937007873
20
0.4081126771653543
11
1.8582553937007873
21
0.4069605511811024
0
LINE
8
BLACK
6
CONTINUOUS
10
1.8582553937007873
20
0.4069605511811024
11
1.8578144881889764
21
0.4058961417322834
0
LINE
8
BLACK
6
CONTINUOUS
10
1.8578144881889764
20
0.4058961417322834
11
1.856999842519685
21
0.4050814960629921
0
LINE
8
BLACK
6
CONTINUOUS
10
1.856999842519685
20
0.4050814960629921
11
1.8559354330708662
21
0.4046405905511811
0
LINE
8
BLACK
6
CONTINUOUS
10
1.8559354330708662
20
0.4046405905511811
11
1.8553593700787401
21
0.4045838582677165
0
LINE
8
BLACK
6
CONTINUOUS
10
1.8553593700787401
20
0.4045838582677165
11
1.796304251968504
21
0.4045838582677165
0
LINE
8
BLACK
6
CONTINUOUS
10
1.796304251968504
20
0.4045838582677165
11
1.7957281889763779
21
0.4046405905511811
0
LINE
8
BLACK
6
CONTINUOUS
10
1.7957281889763779
20
0.4046405905511811
11
1.7946637795275591
21
0.4050814960629921
0
LINE
8
BLACK
6
CONTINUOUS
10
1.7946637795275591
20
0.4050814960629921
11
1.7938491338582676
21
0.4058961417322834
0
LINE
8
BLACK
6
CONTINUOUS
10
1.7938491338582676
20
0.4058961417322834
11
1.7934082283464567
21
0.4069605511811024
0
LINE
8
BLACK
6
CONTINUOUS
10
1.7934082283464567
20
0.4069605511811024
11
1.7933514960629922
21
0.4075366141732283
0
LINE
8
BLACK
6
CONTINUOUS
10
1.7933514960629922
20
0.4075366141732283
11
1.7933514960629922
21
0.4300338188976378
0
LINE
8
BLACK
6
CONTINUOUS
10
1.7933514960629922
20
0.4300338188976378
11
1.7934082283464567
21
0.4306098818897638
0
LINE
8
BLACK
6
CONTINUOUS
10
1.7934082283464567
20
0.4306098818897638
11
1.7934487795275591
21
0.430707874015748
0
LINE
8
BLACK
6
CONTINUOUS
10
1.7934487795275591
20
0.430707874015748
11
1.7934563385826772
21
0.4308137401574803
0
LINE
8
BLACK
6
CONTINUOUS
10
1.7934563385826772
20
0.4308137401574803
11
1.7936632283464566
21
0.4313543307086614
0
LINE
8
BLACK
6
CONTINUOUS
10
1.7936632283464566
20
0.4313543307086614
11
1.7964753937007873
21
0.4369786220472441
0
LINE
8
BLACK
6
CONTINUOUS
10
1.7964753937007873
20
0.4369786220472441
11
1.7966314173228346
21
0.4372265354330708
0
LINE
8
BLACK
6
CONTINUOUS
10
1.7966314173228346
20
0.4372265354330708
11
1.7966612598425196
21
0.4372985433070866
0
LINE
8
BLACK
6
CONTINUOUS
10
1.7966612598425196
20
0.4372985433070866
11
1.7967277559055117
21
0.4373796062992126
0
LINE
8
BLACK
6
CONTINUOUS
10
1.7967277559055117
20
0.4373796062992126
11
1.7967837401574802
21
0.4374685039370079
0
LINE
8
BLACK
6
CONTINUOUS
10
1.7967837401574802
20
0.4374685039370079
11
1.796842716535433
21
0.4375196850393701
0
LINE
8
BLACK
6
CONTINUOUS
10
1.796842716535433
20
0.4375196850393701
11
1.7970285039370077
21
0.4377460236220472
0
LINE
8
BLACK
6
CONTINUOUS
10
1.7970285039370077
20
0.4377460236220472
11
1.7998406299212597
21
0.4405581889763779
0
LINE
8
BLACK
6
CONTINUOUS
10
1.7998406299212597
20
0.4405581889763779
11
1.800066968503937
21
0.4407439763779528
0
LINE
8
BLACK
6
CONTINUOUS
10
1.800066968503937
20
0.4407439763779528
11
1.8001181496062992
21
0.4408029527559055
0
LINE
8
BLACK
6
CONTINUOUS
10
1.8001181496062992
20
0.4408029527559055
11
1.8002070866141733
21
0.440858937007874
0
LINE
8
BLACK
6
CONTINUOUS
10
1.8002070866141733
20
0.440858937007874
11
1.8002880708661417
21
0.4409253937007874
0
LINE
8
BLACK
6
CONTINUOUS
10
1.8002880708661417
20
0.4409253937007874
11
1.80036
21
0.4409552362204724
0
LINE
8
BLACK
6
CONTINUOUS
10
1.80036
20
0.4409552362204724
11
1.8006080314960629
21
0.4411112992125984
0
LINE
8
BLACK
6
CONTINUOUS
10
1.8006080314960629
20
0.4411112992125984
11
1.8062323228346455
21
0.4439234251968504
0
LINE
8
BLACK
6
CONTINUOUS
10
1.8062323228346455
20
0.4439234251968504
11
1.8067729527559055
21
0.4441303149606299
0
LINE
8
BLACK
6
CONTINUOUS
10
1.8067729527559055
20
0.4441303149606299
11
1.8068787401574802
21
0.4441378346456693
0
LINE
8
BLACK
6
CONTINUOUS
10
1.8068787401574802
20
0.4441378346456693
11
1.8069767716535432
21
0.4441784251968504
0
LINE
8
BLACK
6
CONTINUOUS
10
1.8069767716535432
20
0.4441784251968504
11
1.8075528346456693
21
0.4442351574803149
0
LINE
8
BLACK
6
CONTINUOUS
10
1.8075528346456693
20
0.4442351574803149
11
1.8159892913385827
21
0.4442351574803149
0
LINE
8
BLACK
6
CONTINUOUS
10
1.8159892913385827
20
0.4442351574803149
11
1.8165653543307085
21
0.4441784251968504
0
LINE
8
BLACK
6
CONTINUOUS
10
1.8036776377952755
20
0.4360435826771654
11
1.8015431496062992
21
0.4339090551181102
0
LINE
8
BLACK
6
CONTINUOUS
10
1.8015431496062992
20
0.4339090551181102
11
1.7992570078740158
21
0.4293367716535433
0
LINE
8
BLACK
6
CONTINUOUS
10
1.7992570078740158
20
0.4293367716535433
11
1.7992570078740158
21
0.4104893700787401
0
LINE
8
BLACK
6
CONTINUOUS
10
1.7992570078740158
20
0.4104893700787401
11
1.8242851181102362
21
0.4104893700787401
0
LINE
8
BLACK
6
CONTINUOUS
10
1.8242851181102362
20
0.4104893700787401
11
1.8242851181102362
21
0.429336811023622
0
LINE
8
BLACK
6
CONTINUOUS
10
1.8242851181102362
20
0.429336811023622
11
1.8219989763779527
21
0.4339090551181102
0
LINE
8
BLACK
6
CONTINUOUS
10
1.8219989763779527
20
0.4339090551181102
11
1.8198644881889763
21
0.4360435433070866
0
LINE
8
BLACK
6
CONTINUOUS
10
1.8198644881889763
20
0.4360435433070866
11
1.8152922440944881
21
0.4383296456692913
0
LINE
8
BLACK
6
CONTINUOUS
10
1.8152922440944881
20
0.4383296456692913
11
1.8082498818897637
21
0.4383296456692913
0
LINE
8
BLACK
6
CONTINUOUS
10
1.8082498818897637
20
0.4383296456692913
11
1.8036776377952755
21
0.4360435826771654
0
LINE
8
BLACK
6
CONTINUOUS
10
1.8626241338582676
20
0.4999805118110236
11
1.8634387795275591
21
0.4991658661417323
0
LINE
8
BLACK
6
CONTINUOUS
10
1.8634387795275591
20
0.4991658661417323
11
1.86387968503937
21
0.4981014566929134
0
LINE
8
BLACK
6
CONTINUOUS
10
1.86387968503937
20
0.4981014566929134
11
1.8639364173228345
21
0.4975253937007874
0
LINE
8
BLACK
6
CONTINUOUS
10
1.8639364173228345
20
0.4975253937007874
11
1.8639364173228345
21
0.4525309842519685
0
LINE
8
BLACK
6
CONTINUOUS
10
1.8639364173228345
20
0.4525309842519685
11
1.86387968503937
21
0.4519549212598425
0
LINE
8
BLACK
6
CONTINUOUS
10
1.86387968503937
20
0.4519549212598425
11
1.8634387795275591
21
0.4508905118110236
0
LINE
8
BLACK
6
CONTINUOUS
10
1.8634387795275591
20
0.4508905118110236
11
1.8626241338582676
21
0.4500758661417323
0
LINE
8
BLACK
6
CONTINUOUS
10
1.8626241338582676
20
0.4500758661417323
11
1.8615597244094488
21
0.4496349606299213
0
LINE
8
BLACK
6
CONTINUOUS
10
1.8615597244094488
20
0.4496349606299213
11
1.8604075984251969
21
0.4496349606299213
0
LINE
8
BLACK
6
CONTINUOUS
10
1.8604075984251969
20
0.4496349606299213
11
1.8593431889763778
21
0.4500758661417323
0
LINE
8
BLACK
6
CONTINUOUS
10
1.8593431889763778
20
0.4500758661417323
11
1.8585285433070866
21
0.4508905118110236
0
LINE
8
BLACK
6
CONTINUOUS
10
1.8585285433070866
20
0.4508905118110236
11
1.8580876377952755
21
0.4519549212598425
0
LINE
8
BLACK
6
CONTINUOUS
10
1.8580876377952755
20
0.4519549212598425
11
1.8580309055118109
21
0.4525309842519685
0
LINE
8
BLACK
6
CONTINUOUS
10
1.8580309055118109
20
0.4525309842519685
11
1.8580309055118109
21
0.4975253937007874
0
LINE
8
BLACK
6
CONTINUOUS
10
1.8580309055118109
20
0.4975253937007874
11
1.8580876377952755
21
0.4981014566929134
0
LINE
8
BLACK
6
CONTINUOUS
10
1.8580876377952755
20
0.4981014566929134
11
1.8585285433070866
21
0.4991658661417323
0
LINE
8
BLACK
6
CONTINUOUS
10
1.8585285433070866
20
0.4991658661417323
11
1.8593431889763778
21
0.4999805118110236
0
LINE
8
BLACK
6
CONTINUOUS
10
1.8593431889763778
20
0.4999805118110236
11
1.8604075984251969
21
0.5004214173228346
0
LINE
8
BLACK
6
CONTINUOUS
10
1.8604075984251969
20
0.5004214173228346
11
1.8615597244094488
21
0.5004214173228346
0
LINE
8
BLACK
6
CONTINUOUS
10
1.8615597244094488
20
0.5004214173228346
11
1.8626241338582676
21
0.4999805118110236
0
LINE
8
BLACK
6
CONTINUOUS
10
1.856999842519685
20
0.5449748818897637
11
1.8578144881889764
21
0.5441602362204724
0
LINE
8
BLACK
6
CONTINUOUS
10
1.8578144881889764
20
0.5441602362204724
11
1.8582553937007873
21
0.5430958267716536
0
LINE
8
BLACK
6
CONTINUOUS
10
1.8582553937007873
20
0.5430958267716536
11
1.8583121259842519
21
0.5425197637795276
0
LINE
8
BLACK
6
CONTINUOUS
10
1.8583121259842519
20
0.5425197637795276
11
1.8583121259842519
21
0.5087739763779527
0
LINE
8
BLACK
6
CONTINUOUS
10
1.8583121259842519
20
0.5087739763779527
11
1.8582553937007873
21
0.5081979133858268
0
LINE
8
BLACK
6
CONTINUOUS
10
1.8582553937007873
20
0.5081979133858268
11
1.8578144881889764
21
0.5071335039370078
0
LINE
8
BLACK
6
CONTINUOUS
10
1.8578144881889764
20
0.5071335039370078
11
1.856999842519685
21
0.5063188582677165
0
LINE
8
BLACK
6
CONTINUOUS
10
1.856999842519685
20
0.5063188582677165
11
1.8559354330708662
21
0.5058779527559055
0
LINE
8
BLACK
6
CONTINUOUS
10
1.8559354330708662
20
0.5058779527559055
11
1.8547833070866142
21
0.5058779527559055
0
LINE
8
BLACK
6
CONTINUOUS
10
1.8547833070866142
20
0.5058779527559055
11
1.8537188976377952
21
0.5063188582677165
0
LINE
8
BLACK
6
CONTINUOUS
10
1.8537188976377952
20
0.5063188582677165
11
1.8529042519685039
21
0.5071335039370078
0
LINE
8
BLACK
6
CONTINUOUS
10
1.8529042519685039
20
0.5071335039370078
11
1.8524633464566929
21
0.5081979133858268
0
LINE
8
BLACK
6
CONTINUOUS
10
1.8524633464566929
20
0.5081979133858268
11
1.8524066141732283
21
0.5087739763779527
0
LINE
8
BLACK
6
CONTINUOUS
10
1.8524066141732283
20
0.5087739763779527
11
1.8524066141732283
21
0.5226940944881889
0
LINE
8
BLACK
6
CONTINUOUS
10
1.8524066141732283
20
0.5226940944881889
11
1.8060565748031496
21
0.5226940944881889
0
LINE
8
BLACK
6
CONTINUOUS
10
1.8060565748031496
20
0.5226940944881889
11
1.806378622047244
21
0.5224794094488189
0
LINE
8
BLACK
6
CONTINUOUS
10
1.806378622047244
20
0.5224794094488189
11
1.8063802755905511
21
0.5224780708661417
0
LINE
8
BLACK
6
CONTINUOUS
10
1.8063802755905511
20
0.5224780708661417
11
1.8063811811023622
21
0.5224776771653543
0
LINE
8
BLACK
6
CONTINUOUS
10
1.8063811811023622
20
0.5224776771653543
11
1.8065964566929134
21
0.5223009842519685
0
LINE
8
BLACK
6
CONTINUOUS
10
1.8065964566929134
20
0.5223009842519685
11
1.8068264566929133
21
0.5221126377952756
0
LINE
8
BLACK
6
CONTINUOUS
10
1.8068264566929133
20
0.5221126377952756
11
1.8068270078740156
21
0.522111811023622
0
LINE
8
BLACK
6
CONTINUOUS
10
1.8068270078740156
20
0.522111811023622
11
1.806828622047244
21
0.5221104724409449
0
LINE
8
BLACK
6
CONTINUOUS
10
1.806828622047244
20
0.5221104724409449
11
1.8124529133858267
21
0.5164861811023622
0
LINE
8
BLACK
6
CONTINUOUS
10
1.8124529133858267
20
0.5164861811023622
11
1.8126387401574802
21
0.5162597244094488
0
LINE
8
BLACK
6
CONTINUOUS
10
1.8126387401574802
20
0.5162597244094488
11
1.8126976377952755
21
0.5162086614173228
0
LINE
8
BLACK
6
CONTINUOUS
10
1.8126976377952755
20
0.5162086614173228
11
1.8127535039370077
21
0.5161199212598425
0
LINE
8
BLACK
6
CONTINUOUS
10
1.8127535039370077
20
0.5161199212598425
11
1.8128201181102361
21
0.5160387401574803
0
LINE
8
BLACK
6
CONTINUOUS
10
1.8128201181102361
20
0.5160387401574803
11
1.8128499606299213
21
0.5159666929133858
0
LINE
8
BLACK
6
CONTINUOUS
10
1.8128499606299213
20
0.5159666929133858
11
1.8130060236220471
21
0.5157187795275591
0
LINE
8
BLACK
6
CONTINUOUS
10
1.8130060236220471
20
0.5157187795275591
11
1.8158181889763778
21
0.5100944881889764
0
LINE
8
BLACK
6
CONTINUOUS
10
1.8158181889763778
20
0.5100944881889764
11
1.8160250787401575
21
0.5095538976377952
0
LINE
8
BLACK
6
CONTINUOUS
10
1.8160250787401575
20
0.5095538976377952
11
1.8161067322834645
21
0.5084046850393701
0
LINE
8
BLACK
6
CONTINUOUS
10
1.8161067322834645
20
0.5084046850393701
11
1.8157424015748032
21
0.5073116929133858
0
LINE
8
BLACK
6
CONTINUOUS
10
1.8157424015748032
20
0.5073116929133858
11
1.8149875590551181
21
0.5064413385826771
0
LINE
8
BLACK
6
CONTINUOUS
10
1.8149875590551181
20
0.5064413385826771
11
1.8139570472440945
21
0.5059260629921259
0
LINE
8
BLACK
6
CONTINUOUS
10
1.8139570472440945
20
0.5059260629921259
11
1.8128078346456693
21
0.5058444094488189
0
LINE
8
BLACK
6
CONTINUOUS
10
1.8128078346456693
20
0.5058444094488189
11
1.8117148818897637
21
0.5062087401574803
0
LINE
8
BLACK
6
CONTINUOUS
10
1.8117148818897637
20
0.5062087401574803
11
1.8108444881889763
21
0.5069635826771653
0
LINE
8
BLACK
6
CONTINUOUS
10
1.8108444881889763
20
0.5069635826771653
11
1.8105361417322834
21
0.5074534645669291
0
LINE
8
BLACK
6
CONTINUOUS
10
1.8105361417322834
20
0.5074534645669291
11
1.8079382677165354
21
0.5126491732283465
0
LINE
8
BLACK
6
CONTINUOUS
10
1.8079382677165354
20
0.5126491732283465
11
1.8028595275590551
21
0.5177279133858268
0
LINE
8
BLACK
6
CONTINUOUS
10
1.8028595275590551
20
0.5177279133858268
11
1.7946663779527559
21
0.5231899999999999
0
LINE
8
BLACK
6
CONTINUOUS
10
1.7946663779527559
20
0.5231899999999999
11
1.7946647244094487
21
0.5231913385826772
0
LINE
8
BLACK
6
CONTINUOUS
10
1.7946647244094487
20
0.5231913385826772
11
1.7946637795275591
21
0.5231917322834646
0
LINE
8
BLACK
6
CONTINUOUS
10
1.7946637795275591
20
0.5231917322834646
11
1.7946615748031496
21
0.523193937007874
0
LINE
8
BLACK
6
CONTINUOUS
10
1.7946615748031496
20
0.523193937007874
11
1.7942185039370078
21
0.5235567716535433
0
LINE
8
BLACK
6
CONTINUOUS
10
1.7942185039370078
20
0.5235567716535433
11
1.7940558267716535
21
0.52379968503937
0
LINE
8
BLACK
6
CONTINUOUS
10
1.7940558267716535
20
0.52379968503937
11
1.7938491338582676
21
0.5240063779527558
0
LINE
8
BLACK
6
CONTINUOUS
10
1.7938491338582676
20
0.5240063779527558
11
1.7937383858267717
21
0.5242737007874015
0
LINE
8
BLACK
6
CONTINUOUS
10
1.7937383858267717
20
0.5242737007874015
11
1.7935774409448819
21
0.5245140551181102
0
LINE
8
BLACK
6
CONTINUOUS
10
1.7935774409448819
20
0.5245140551181102
11
1.7935200787401575
21
0.5248007086614173
0
LINE
8
BLACK
6
CONTINUOUS
10
1.7935200787401575
20
0.5248007086614173
11
1.7934082283464567
21
0.5250707874015748
0
LINE
8
BLACK
6
CONTINUOUS
10
1.7934082283464567
20
0.5250707874015748
11
1.7934082283464567
21
0.5253601181102362
0
LINE
8
BLACK
6
CONTINUOUS
10
1.7934082283464567
20
0.5253601181102362
11
1.7933514960629922
21
0.5256437401574803
0
LINE
8
BLACK
6
CONTINUOUS
10
1.7933514960629922
20
0.5256437401574803
11
1.7934082283464567
21
0.5259305511811023
0
LINE
8
BLACK
6
CONTINUOUS
10
1.7934082283464567
20
0.5259305511811023
11
1.7934082283464567
21
0.5262229133858267
0
LINE
8
BLACK
6
CONTINUOUS
10
1.7934082283464567
20
0.5262229133858267
11
1.7935189370078739
21
0.5264901968503937
0
LINE
8
BLACK
6
CONTINUOUS
10
1.7935189370078739
20
0.5264901968503937
11
1.7935750787401574
21
0.5267739763779528
0
LINE
8
BLACK
6
CONTINUOUS
10
1.7935750787401574
20
0.5267739763779528
11
1.7937372440944881
21
0.5270172440944881
0
LINE
8
BLACK
6
CONTINUOUS
10
1.7937372440944881
20
0.5270172440944881
11
1.7938491338582676
21
0.5272873228346456
0
LINE
8
BLACK
6
CONTINUOUS
10
1.7938491338582676
20
0.5272873228346456
11
1.7940536614173228
21
0.5274918897637795
0
LINE
8
BLACK
6
CONTINUOUS
10
1.7940536614173228
20
0.5274918897637795
11
1.7942141732283463
21
0.5277325984251968
0
LINE
8
BLACK
6
CONTINUOUS
10
1.7942141732283463
20
0.5277325984251968
11
1.7944570472440944
21
0.5278952755905512
0
LINE
8
BLACK
6
CONTINUOUS
10
1.7944570472440944
20
0.5278952755905512
11
1.7946637795275591
21
0.528101968503937
0
LINE
8
BLACK
6
CONTINUOUS
10
1.7946637795275591
20
0.528101968503937
11
1.794931062992126
21
0.5282127165354331
0
LINE
8
BLACK
6
CONTINUOUS
10
1.794931062992126
20
0.5282127165354331
11
1.7951714566929133
21
0.5283736614173228
0
LINE
8
BLACK
6
CONTINUOUS
10
1.7951714566929133
20
0.5283736614173228
11
1.7954580708661416
21
0.5284310236220472
0
LINE
8
BLACK
6
CONTINUOUS
10
1.7954580708661416
20
0.5284310236220472
11
1.7957281889763779
21
0.5285428740157481
0
LINE
8
BLACK
6
CONTINUOUS
10
1.7957281889763779
20
0.5285428740157481
11
1.7962981102362203
21
0.5285990157480315
0
LINE
8
BLACK
6
CONTINUOUS
10
1.7962981102362203
20
0.5285990157480315
11
1.7963011417322834
21
0.5285996062992125
0
LINE
8
BLACK
6
CONTINUOUS
10
1.7963011417322834
20
0.5285996062992125
11
1.7963021653543307
21
0.5285994094488189
0
LINE
8
BLACK
6
CONTINUOUS
10
1.7963021653543307
20
0.5285994094488189
11
1.796304251968504
21
0.5285996062992125
0
LINE
8
BLACK
6
CONTINUOUS
10
1.796304251968504
20
0.5285996062992125
11
1.8524066141732283
21
0.5285996062992125
0
LINE
8
BLACK
6
CONTINUOUS
10
1.8524066141732283
20
0.5285996062992125
11
1.8524066141732283
21
0.5425197637795276
0
LINE
8
BLACK
6
CONTINUOUS
10
1.8524066141732283
20
0.5425197637795276
11
1.8524633464566929
21
0.5430958267716536
0
LINE
8
BLACK
6
CONTINUOUS
10
1.8524633464566929
20
0.5430958267716536
11
1.8529042519685039
21
0.5441602362204724
0
LINE
8
BLACK
6
CONTINUOUS
10
1.8529042519685039
20
0.5441602362204724
11
1.8537188976377952
21
0.5449748818897637
0
LINE
8
BLACK
6
CONTINUOUS
10
1.8537188976377952
20
0.5449748818897637
11
1.8547833070866142
21
0.5454157874015748
0
LINE
8
BLACK
6
CONTINUOUS
10
1.8547833070866142
20
0.5454157874015748
11
1.8559354330708662
21
0.5454157874015748
0
LINE
8
BLACK
6
CONTINUOUS
10
1.8559354330708662
20
0.5454157874015748
11
1.856999842519685
21
0.5449748818897637
0
LINE
8
BLACK
6
CONTINUOUS
10
2.495739212598425
20
0.5190777165354331
11
2.4968036220472438
21
0.518636811023622
0
LINE
8
BLACK
6
CONTINUOUS
10
2.4968036220472438
20
0.518636811023622
11
2.4976182677165353
21
0.5178221653543307
0
LINE
8
BLACK
6
CONTINUOUS
10
2.4976182677165353
20
0.5178221653543307
11
2.4980591732283464
21
0.5167577559055118
0
LINE
8
BLACK
6
CONTINUOUS
10
2.4980591732283464
20
0.5167577559055118
11
2.4980591732283464
21
0.5156056299212598
0
LINE
8
BLACK
6
CONTINUOUS
10
2.4980591732283464
20
0.5156056299212598
11
2.4976182677165353
21
0.5145412204724409
0
LINE
8
BLACK
6
CONTINUOUS
10
2.4976182677165353
20
0.5145412204724409
11
2.4968036220472438
21
0.5137265748031496
0
LINE
8
BLACK
6
CONTINUOUS
10
2.4968036220472438
20
0.5137265748031496
11
2.495739212598425
21
0.5132856692913386
0
LINE
8
BLACK
6
CONTINUOUS
10
2.495739212598425
20
0.5132856692913386
11
2.4951631496062991
21
0.513228937007874
0
LINE
8
BLACK
6
CONTINUOUS
10
2.4951631496062991
20
0.513228937007874
11
2.4501687795275591
21
0.513228937007874
0
LINE
8
BLACK
6
CONTINUOUS
10
2.4501687795275591
20
0.513228937007874
11
2.4495927165354332
21
0.5132856692913386
0
LINE
8
BLACK
6
CONTINUOUS
10
2.4495927165354332
20
0.5132856692913386
11
2.448528307086614
21
0.5137265748031496
0
LINE
8
BLACK
6
CONTINUOUS
10
2.448528307086614
20
0.5137265748031496
11
2.4477136614173229
21
0.5145412204724409
0
LINE
8
BLACK
6
CONTINUOUS
10
2.4477136614173229
20
0.5145412204724409
11
2.4472727559055119
21
0.5156056299212598
0
LINE
8
BLACK
6
CONTINUOUS
10
2.4472727559055119
20
0.5156056299212598
11
2.4472727559055119
21
0.5167577559055118
0
LINE
8
BLACK
6
CONTINUOUS
10
2.4472727559055119
20
0.5167577559055118
11
2.4477136614173229
21
0.5178221653543307
0
LINE
8
BLACK
6
CONTINUOUS
10
2.4477136614173229
20
0.5178221653543307
11
2.448528307086614
21
0.518636811023622
0
LINE
8
BLACK
6
CONTINUOUS
10
2.448528307086614
20
0.518636811023622
11
2.4495927165354332
21
0.5190777165354331
0
LINE
8
BLACK
6
CONTINUOUS
10
2.4495927165354332
20
0.5190777165354331
11
2.4501687795275591
21
0.5191344488188976
0
LINE
8
BLACK
6
CONTINUOUS
10
2.4501687795275591
20
0.5191344488188976
11
2.4951631496062991
21
0.5191344488188976
0
LINE
8
BLACK
6
CONTINUOUS
10
2.4951631496062991
20
0.5191344488188976
11
2.495739212598425
21
0.5190777165354331
0
LINE
8
BLACK
6
CONTINUOUS
10
2.217336496062992
20
0.583757125984252
11
2.2184009055118108
21
0.5833162204724409
0
LINE
8
BLACK
6
CONTINUOUS
10
2.2184009055118108
20
0.5833162204724409
11
2.2192155511811023
21
0.5825015748031496
0
LINE
8
BLACK
6
CONTINUOUS
10
2.2192155511811023
20
0.5825015748031496
11
2.2196564566929133
21
0.5814371653543307
0
LINE
8
BLACK
6
CONTINUOUS
10
2.2196564566929133
20
0.5814371653543307
11
2.2196564566929133
21
0.5802850393700787
0
LINE
8
BLACK
6
CONTINUOUS
10
2.2196564566929133
20
0.5802850393700787
11
2.2192155511811023
21
0.5792206299212598
0
LINE
8
BLACK
6
CONTINUOUS
10
2.2192155511811023
20
0.5792206299212598
11
2.2184009055118108
21
0.5784059842519685
0
LINE
8
BLACK
6
CONTINUOUS
10
2.2184009055118108
20
0.5784059842519685
11
2.217336496062992
21
0.5779650787401575
0
LINE
8
BLACK
6
CONTINUOUS
10
2.217336496062992
20
0.5779650787401575
11
2.2167604330708661
21
0.5779083464566929
0
LINE
8
BLACK
6
CONTINUOUS
10
2.2167604330708661
20
0.5779083464566929
11
2.1915916929133856
21
0.5779083464566929
0
LINE
8
BLACK
6
CONTINUOUS
10
2.1915916929133856
20
0.5779083464566929
11
2.1915916929133856
21
0.5556923622047244
0
LINE
8
BLACK
6
CONTINUOUS
10
2.1915916929133856
20
0.5556923622047244
11
2.2083239763779527
21
0.5556923622047244
0
LINE
8
BLACK
6
CONTINUOUS
10
2.2083239763779527
20
0.5556923622047244
11
2.2089000393700786
21
0.5556356299212598
0
LINE
8
BLACK
6
CONTINUOUS
10
2.2089000393700786
20
0.5556356299212598
11
2.2099644488188974
21
0.5551947244094488
0
LINE
8
BLACK
6
CONTINUOUS
10
2.2099644488188974
20
0.5551947244094488
11
2.2107790944881889
21
0.5543800787401575
0
LINE
8
BLACK
6
CONTINUOUS
10
2.2107790944881889
20
0.5543800787401575
11
2.21122
21
0.5533156692913386
0
LINE
8
BLACK
6
CONTINUOUS
10
2.21122
20
0.5533156692913386
11
2.21122
21
0.5521635433070866
0
LINE
8
BLACK
6
CONTINUOUS
10
2.21122
20
0.5521635433070866
11
2.2107790944881889
21
0.5510991338582677
0
LINE
8
BLACK
6
CONTINUOUS
10
2.2107790944881889
20
0.5510991338582677
11
2.2099644488188974
21
0.5502844881889764
0
LINE
8
BLACK
6
CONTINUOUS
10
2.2099644488188974
20
0.5502844881889764
11
2.2089000393700786
21
0.5498435826771654
0
LINE
8
BLACK
6
CONTINUOUS
10
2.2089000393700786
20
0.5498435826771654
11
2.2083239763779527
21
0.5497868503937008
0
LINE
8
BLACK
6
CONTINUOUS
10
2.2083239763779527
20
0.5497868503937008
11
2.1915916929133856
21
0.5497868503937008
0
LINE
8
BLACK
6
CONTINUOUS
10
2.1915916929133856
20
0.5497868503937008
11
2.1915916929133856
21
0.5247587401574803
0
LINE
8
BLACK
6
CONTINUOUS
10
2.1915916929133856
20
0.5247587401574803
11
2.2167604330708661
21
0.5247587401574803
0
LINE
8
BLACK
6
CONTINUOUS
10
2.2167604330708661
20
0.5247587401574803
11
2.217336496062992
21
0.5247020078740158
0
LINE
8
BLACK
6
CONTINUOUS
10
2.217336496062992
20
0.5247020078740158
11
2.2184009055118108
21
0.5242611023622047
0
LINE
8
BLACK
6
CONTINUOUS
10
2.2184009055118108
20
0.5242611023622047
11
2.2192155511811023
21
0.5234464566929133
0
LINE
8
BLACK
6
CONTINUOUS
10
2.2192155511811023
20
0.5234464566929133
11
2.2196564566929133
21
0.5223820472440944
0
LINE
8
BLACK
6
CONTINUOUS
10
2.2196564566929133
20
0.5223820472440944
11
2.2196564566929133
21
0.5212299212598425
0
LINE
8
BLACK
6
CONTINUOUS
10
2.2196564566929133
20
0.5212299212598425
11
2.2192155511811023
21
0.5201655118110237
0
LINE
8
BLACK
6
CONTINUOUS
10
2.2192155511811023
20
0.5201655118110237
11
2.2184009055118108
21
0.5193508661417323
0
LINE
8
BLACK
6
CONTINUOUS
10
2.2184009055118108
20
0.5193508661417323
11
2.217336496062992
21
0.5189099606299212
0
LINE
8
BLACK
6
CONTINUOUS
10
2.217336496062992
20
0.5189099606299212
11
2.2167604330708661
21
0.5188532283464566
0
LINE
8
BLACK
6
CONTINUOUS
10
2.2167604330708661
20
0.5188532283464566
11
2.188638937007874
21
0.5188532283464566
0
LINE
8
BLACK
6
CONTINUOUS
10
2.188638937007874
20
0.5188532283464566
11
2.1880628740157482
21
0.5189099606299212
0
LINE
8
BLACK
6
CONTINUOUS
10
2.1880628740157482
20
0.5189099606299212
11
2.1869984645669289
21
0.5193508661417323
0
LINE
8
BLACK
6
CONTINUOUS
10
2.1869984645669289
20
0.5193508661417323
11
2.1861838188976379
21
0.5201655118110237
0
LINE
8
BLACK
6
CONTINUOUS
10
2.1861838188976379
20
0.5201655118110237
11
2.1857429133858268
21
0.5212299212598425
0
LINE
8
BLACK
6
CONTINUOUS
10
2.1857429133858268
20
0.5212299212598425
11
2.1857429133858268
21
0.5212299606299212
0
LINE
8
BLACK
6
CONTINUOUS
10
2.1857429133858268
20
0.5212299606299212
11
2.185686181102362
21
0.5218059842519684
0
LINE
8
BLACK
6
CONTINUOUS
10
2.185686181102362
20
0.5218059842519684
11
2.185686181102362
21
0.5808611023622047
0
LINE
8
BLACK
6
CONTINUOUS
10
2.185686181102362
20
0.5808611023622047
11
2.1857429133858268
21
0.5814371653543307
0
LINE
8
BLACK
6
CONTINUOUS
10
2.1857429133858268
20
0.5814371653543307
11
2.1861838188976379
21
0.5825015748031496
0
LINE
8
BLACK
6
CONTINUOUS
10
2.1861838188976379
20
0.5825015748031496
11
2.1869984645669289
21
0.5833162204724409
0
LINE
8
BLACK
6
CONTINUOUS
10
2.1869984645669289
20
0.5833162204724409
11
2.1880628740157482
21
0.583757125984252
0
LINE
8
BLACK
6
CONTINUOUS
10
2.1880628740157482
20
0.583757125984252
11
2.188638937007874
21
0.5838138582677165
0
LINE
8
BLACK
6
CONTINUOUS
10
2.188638937007874
20
0.5838138582677165
11
2.2167604330708661
21
0.5838138582677165
0
LINE
8
BLACK
6
CONTINUOUS
10
2.2167604330708661
20
0.5838138582677165
11
2.217336496062992
21
0.583757125984252
0
LINE
8
BLACK
6
CONTINUOUS
10
2.3070407086614173
20
0.5837851574803149
11
2.3071184645669289
21
0.5837906692913386
0
LINE
8
BLACK
6
CONTINUOUS
10
2.3071184645669289
20
0.5837906692913386
11
2.3072207086614172
21
0.5837674409448819
0
LINE
8
BLACK
6
CONTINUOUS
10
2.3072207086614172
20
0.5837674409448819
11
2.3073252362204726
21
0.583757125984252
0
LINE
8
BLACK
6
CONTINUOUS
10
2.3073252362204726
20
0.583757125984252
11
2.3073973228346456
21
0.5837272834645669
0
LINE
8
BLACK
6
CONTINUOUS
10
2.3073973228346456
20
0.5837272834645669
11
2.3076829133858268
21
0.5836623228346457
0
LINE
8
BLACK
6
CONTINUOUS
10
2.3076829133858268
20
0.5836623228346457
11
2.3161193700787401
21
0.580850157480315
0
LINE
8
BLACK
6
CONTINUOUS
10
2.3161193700787401
20
0.580850157480315
11
2.3166479133858267
21
0.5806141732283464
0
LINE
8
BLACK
6
CONTINUOUS
10
2.3166479133858267
20
0.5806141732283464
11
2.316728031496063
21
0.5805446850393701
0
LINE
8
BLACK
6
CONTINUOUS
10
2.316728031496063
20
0.5805446850393701
11
2.3168261023622048
21
0.5805040551181102
0
LINE
8
BLACK
6
CONTINUOUS
10
2.3168261023622048
20
0.5805040551181102
11
2.3172735433070866
21
0.5801368503937008
0
LINE
8
BLACK
6
CONTINUOUS
10
2.3172735433070866
20
0.5801368503937008
11
2.3228978346456692
21
0.5745125590551181
0
LINE
8
BLACK
6
CONTINUOUS
10
2.3228978346456692
20
0.5745125590551181
11
2.3230836614173227
21
0.5742861023622047
0
LINE
8
BLACK
6
CONTINUOUS
10
2.3230836614173227
20
0.5742861023622047
11
2.323142559055118
21
0.5742350393700787
0
LINE
8
BLACK
6
CONTINUOUS
10
2.323142559055118
20
0.5742350393700787
11
2.3231984251968503
21
0.5741462992125984
0
LINE
8
BLACK
6
CONTINUOUS
10
2.3231984251968503
20
0.5741462992125984
11
2.3232650393700789
21
0.5740651181102362
0
LINE
8
BLACK
6
CONTINUOUS
10
2.3232650393700789
20
0.5740651181102362
11
2.3232948818897636
21
0.5739930708661417
0
LINE
8
BLACK
6
CONTINUOUS
10
2.3232948818897636
20
0.5739930708661417
11
2.3234509448818899
21
0.573745157480315
0
LINE
8
BLACK
6
CONTINUOUS
10
2.3234509448818899
20
0.573745157480315
11
2.3262631102362206
21
0.5681208661417323
0
LINE
8
BLACK
6
CONTINUOUS
10
2.3262631102362206
20
0.5681208661417323
11
2.3262792125984251
21
0.568078779527559
0
LINE
8
BLACK
6
CONTINUOUS
10
2.3262792125984251
20
0.568078779527559
11
2.3262919291338582
21
0.5680616141732283
0
LINE
8
BLACK
6
CONTINUOUS
10
2.3262919291338582
20
0.5680616141732283
11
2.3263782283464565
21
0.5678200393700787
0
LINE
8
BLACK
6
CONTINUOUS
10
2.3263782283464565
20
0.5678200393700787
11
2.32647
21
0.5675802755905511
0
LINE
8
BLACK
6
CONTINUOUS
10
2.32647
20
0.5675802755905511
11
2.3264714960629922
21
0.5675590157480315
0
LINE
8
BLACK
6
CONTINUOUS
10
2.3264714960629922
20
0.5675590157480315
11
2.3264866929133858
21
0.5675164960629921
0
LINE
8
BLACK
6
CONTINUOUS
10
2.3264866929133858
20
0.5675164960629921
11
2.3292988188976378
21
0.5562679133858267
0
LINE
8
BLACK
6
CONTINUOUS
10
2.3292988188976378
20
0.5562679133858267
11
2.3293135826771652
21
0.5561680708661417
0
LINE
8
BLACK
6
CONTINUOUS
10
2.3293135826771652
20
0.5561680708661417
11
2.3293302362204722
21
0.5561278346456693
0
LINE
8
BLACK
6
CONTINUOUS
10
2.3293302362204722
20
0.5561278346456693
11
2.3293515748031495
21
0.5559108267716535
0
LINE
8
BLACK
6
CONTINUOUS
10
2.3293515748031495
20
0.5559108267716535
11
2.3293834645669289
21
0.55569531496063
0
LINE
8
BLACK
6
CONTINUOUS
10
2.3293834645669289
20
0.55569531496063
11
2.3293770472440944
21
0.5556523228346456
0
LINE
8
BLACK
6
CONTINUOUS
10
2.3293770472440944
20
0.5556523228346456
11
2.329386968503937
21
0.5555517716535433
0
LINE
8
BLACK
6
CONTINUOUS
10
2.329386968503937
20
0.5555517716535433
11
2.329386968503937
21
0.5471153149606299
0
LINE
8
BLACK
6
CONTINUOUS
10
2.329386968503937
20
0.5471153149606299
11
2.3293770472440944
21
0.5470148031496063
0
LINE
8
BLACK
6
CONTINUOUS
10
2.3293770472440944
20
0.5470148031496063
11
2.3293834645669289
21
0.5469717716535433
0
LINE
8
BLACK
6
CONTINUOUS
10
2.3293834645669289
20
0.5469717716535433
11
2.3293515748031495
21
0.5467562992125984
0
LINE
8
BLACK
6
CONTINUOUS
10
2.3293515748031495
20
0.5467562992125984
11
2.3293302362204722
21
0.5465392519685039
0
LINE
8
BLACK
6
CONTINUOUS
10
2.3293302362204722
20
0.5465392519685039
11
2.3293135826771652
21
0.5464990551181103
0
LINE
8
BLACK
6
CONTINUOUS
10
2.3293135826771652
20
0.5464990551181103
11
2.3292988188976378
21
0.5463991732283464
0
LINE
8
BLACK
6
CONTINUOUS
10
2.3292988188976378
20
0.5463991732283464
11
2.3264866929133858
21
0.5351505905511811
0
LINE
8
BLACK
6
CONTINUOUS
10
2.3264866929133858
20
0.5351505905511811
11
2.3264714960629922
21
0.5351081102362205
0
LINE
8
BLACK
6
CONTINUOUS
10
2.3264714960629922
20
0.5351081102362205
11
2.32647
21
0.535086811023622
0
LINE
8
BLACK
6
CONTINUOUS
10
2.32647
20
0.535086811023622
11
2.3263782283464565
21
0.5348470866141732
0
LINE
8
BLACK
6
CONTINUOUS
10
2.3263782283464565
20
0.5348470866141732
11
2.3262919291338582
21
0.5346054724409449
0
LINE
8
BLACK
6
CONTINUOUS
10
2.3262919291338582
20
0.5346054724409449
11
2.3262792125984251
21
0.534588346456693
0
LINE
8
BLACK
6
CONTINUOUS
10
2.3262792125984251
20
0.534588346456693
11
2.3262631102362206
21
0.5345462204724409
0
LINE
8
BLACK
6
CONTINUOUS
10
2.3262631102362206
20
0.5345462204724409
11
2.3234509448818899
21
0.5289219291338583
0
LINE
8
BLACK
6
CONTINUOUS
10
2.3234509448818899
20
0.5289219291338583
11
2.3232949212598424
21
0.5286741338582677
0
LINE
8
BLACK
6
CONTINUOUS
10
2.3232949212598424
20
0.5286741338582677
11
2.3232650787401576
21
0.5286020078740158
0
LINE
8
BLACK
6
CONTINUOUS
10
2.3232650787401576
20
0.5286020078740158
11
2.3231983858267715
21
0.5285208267716536
0
LINE
8
BLACK
6
CONTINUOUS
10
2.3231983858267715
20
0.5285208267716536
11
2.323142559055118
21
0.5284320472440944
0
LINE
8
BLACK
6
CONTINUOUS
10
2.323142559055118
20
0.5284320472440944
11
2.3230836614173227
21
0.5283810236220472
0
LINE
8
BLACK
6
CONTINUOUS
10
2.3230836614173227
20
0.5283810236220472
11
2.3228978346456692
21
0.5281545275590551
0
LINE
8
BLACK
6
CONTINUOUS
10
2.3228978346456692
20
0.5281545275590551
11
2.3172735433070866
21
0.5225301968503937
0
LINE
8
BLACK
6
CONTINUOUS
10
2.3172735433070866
20
0.5225301968503937
11
2.3168261023622048
21
0.5221629921259843
0
LINE
8
BLACK
6
CONTINUOUS
10
2.3168261023622048
20
0.5221629921259843
11
2.316728031496063
21
0.5221224015748032
0
LINE
8
BLACK
6
CONTINUOUS
10
2.316728031496063
20
0.5221224015748032
11
2.3166479133858267
21
0.5220528740157481
0
LINE
8
BLACK
6
CONTINUOUS
10
2.3166479133858267
20
0.5220528740157481
11
2.3161193700787401
21
0.5218168897637795
0
LINE
8
BLACK
6
CONTINUOUS
10
2.3161193700787401
20
0.5218168897637795
11
2.3076829133858268
21
0.5190047637795275
0
LINE
8
BLACK
6
CONTINUOUS
10
2.3076829133858268
20
0.5190047637795275
11
2.3073973228346456
21
0.5189398425196851
0
LINE
8
BLACK
6
CONTINUOUS
10
2.3073973228346456
20
0.5189398425196851
11
2.3073252362204726
21
0.5189099606299212
0
LINE
8
BLACK
6
CONTINUOUS
10
2.3073252362204726
20
0.5189099606299212
11
2.3072207086614172
21
0.5188996850393701
0
LINE
8
BLACK
6
CONTINUOUS
10
2.3072207086614172
20
0.5188996850393701
11
2.3071184645669289
21
0.5188764173228346
0
LINE
8
BLACK
6
CONTINUOUS
10
2.3071184645669289
20
0.5188764173228346
11
2.3070407086614173
21
0.518881968503937
0
LINE
8
BLACK
6
CONTINUOUS
10
2.3070407086614173
20
0.518881968503937
11
2.3067491732283463
21
0.5188532283464566
0
LINE
8
BLACK
6
CONTINUOUS
10
2.3067491732283463
20
0.5188532283464566
11
2.2926884251968502
21
0.5188532283464566
0
LINE
8
BLACK
6
CONTINUOUS
10
2.2926884251968502
20
0.5188532283464566
11
2.2921123622047244
21
0.5189099606299212
0
LINE
8
BLACK
6
CONTINUOUS
10
2.2921123622047244
20
0.5189099606299212
11
2.2910479527559056
21
0.5193508661417323
0
LINE
8
BLACK
6
CONTINUOUS
10
2.2910479527559056
20
0.5193508661417323
11
2.2902333070866141
21
0.5201655118110237
0
LINE
8
BLACK
6
CONTINUOUS
10
2.2902333070866141
20
0.5201655118110237
11
2.289792401574803
21
0.5212299212598425
0
LINE
8
BLACK
6
CONTINUOUS
10
2.289792401574803
20
0.5212299212598425
11
2.289792401574803
21
0.5212299606299212
0
LINE
8
BLACK
6
CONTINUOUS
10
2.289792401574803
20
0.5212299606299212
11
2.2897356692913386
21
0.5218059842519684
0
LINE
8
BLACK
6
CONTINUOUS
10
2.2897356692913386
20
0.5218059842519684
11
2.2897356692913386
21
0.5808611023622047
0
LINE
8
BLACK
6
CONTINUOUS
10
2.2897356692913386
20
0.5808611023622047
11
2.289792401574803
21
0.5814371653543307
0
LINE
8
BLACK
6
CONTINUOUS
10
2.289792401574803
20
0.5814371653543307
11
2.2902333070866141
21
0.5825015748031496
0
LINE
8
BLACK
6
CONTINUOUS
10
2.2902333070866141
20
0.5825015748031496
11
2.2910479527559056
21
0.5833162204724409
0
LINE
8
BLACK
6
CONTINUOUS
10
2.2910479527559056
20
0.5833162204724409
11
2.2921123622047244
21
0.583757125984252
0
LINE
8
BLACK
6
CONTINUOUS
10
2.2921123622047244
20
0.583757125984252
11
2.2926884251968502
21
0.5838138582677165
0
LINE
8
BLACK
6
CONTINUOUS
10
2.2926884251968502
20
0.5838138582677165
11
2.3067491732283463
21
0.5838138582677165
0
LINE
8
BLACK
6
CONTINUOUS
10
2.3067491732283463
20
0.5838138582677165
11
2.3070407086614173
21
0.5837851574803149
0
LINE
8
BLACK
6
CONTINUOUS
10
2.2956411811023623
20
0.5247587401574803
11
2.3062700393700788
21
0.5247587401574803
0
LINE
8
BLACK
6
CONTINUOUS
10
2.3062700393700788
20
0.5247587401574803
11
2.3135905511811021
21
0.527198937007874
0
LINE
8
BLACK
6
CONTINUOUS
10
2.3135905511811021
20
0.527198937007874
11
2.318383188976378
21
0.5319915354330709
0
LINE
8
BLACK
6
CONTINUOUS
10
2.318383188976378
20
0.5319915354330709
11
2.3208360629921261
21
0.5368973228346456
0
LINE
8
BLACK
6
CONTINUOUS
10
2.3208360629921261
20
0.5368973228346456
11
2.3234814566929134
21
0.5474788582677165
0
LINE
8
BLACK
6
CONTINUOUS
10
2.3234814566929134
20
0.5474788582677165
11
2.3234814566929134
21
0.5551882677165354
0
LINE
8
BLACK
6
CONTINUOUS
10
2.3234814566929134
20
0.5551882677165354
11
2.3208360629921261
21
0.5657698031496062
0
LINE
8
BLACK
6
CONTINUOUS
10
2.3208360629921261
20
0.5657698031496062
11
2.318383188976378
21
0.5706755511811024
0
LINE
8
BLACK
6
CONTINUOUS
10
2.318383188976378
20
0.5706755511811024
11
2.3135905905511809
21
0.5754681496062992
0
LINE
8
BLACK
6
CONTINUOUS
10
2.3135905905511809
20
0.5754681496062992
11
2.3062700393700788
21
0.5779083464566929
0
LINE
8
BLACK
6
CONTINUOUS
10
2.3062700393700788
20
0.5779083464566929
11
2.2956411811023623
21
0.5779083464566929
0
LINE
8
BLACK
6
CONTINUOUS
10
2.2956411811023623
20
0.5779083464566929
11
2.2956411811023623
21
0.5247587401574803
0
LINE
8
BLACK
6
CONTINUOUS
10
2.371644212598425
20
0.5873047637795276
11
2.3724588582677164
21
0.5864901181102362
0
LINE
8
BLACK
6
CONTINUOUS
10
2.3724588582677164
20
0.5864901181102362
11
2.3728997637795275
21
0.5854257086614173
0
LINE
8
BLACK
6
CONTINUOUS
10
2.3728997637795275
20
0.5854257086614173
11
2.3729564960629919
21
0.5848496456692913
0
LINE
8
BLACK
6
CONTINUOUS
10
2.3729564960629919
20
0.5848496456692913
11
2.3729564960629919
21
0.5838138582677165
0
LINE
8
BLACK
6
CONTINUOUS
10
2.3729564960629919
20
0.5838138582677165
11
2.3798650393700789
21
0.5838138582677165
0
LINE
8
BLACK
6
CONTINUOUS
10
2.3798650393700789
20
0.5838138582677165
11
2.3804411023622047
21
0.583757125984252
0
LINE
8
BLACK
6
CONTINUOUS
10
2.3804411023622047
20
0.583757125984252
11
2.3815055118110235
21
0.5833162204724409
0
LINE
8
BLACK
6
CONTINUOUS
10
2.3815055118110235
20
0.5833162204724409
11
2.382320157480315
21
0.5825015748031496
0
LINE
8
BLACK
6
CONTINUOUS
10
2.382320157480315
20
0.5825015748031496
11
2.3827610629921261
21
0.5814371653543307
0
LINE
8
BLACK
6
CONTINUOUS
10
2.3827610629921261
20
0.5814371653543307
11
2.3827610629921261
21
0.5802850393700787
0
LINE
8
BLACK
6
CONTINUOUS
10
2.3827610629921261
20
0.5802850393700787
11
2.382320157480315
21
0.5792206299212598
0
LINE
8
BLACK
6
CONTINUOUS
10
2.382320157480315
20
0.5792206299212598
11
2.3815055118110235
21
0.5784059842519685
0
LINE
8
BLACK
6
CONTINUOUS
10
2.3815055118110235
20
0.5784059842519685
11
2.3804411023622047
21
0.5779650787401575
0
LINE
8
BLACK
6
CONTINUOUS
10
2.3804411023622047
20
0.5779650787401575
11
2.3798650393700789
21
0.5779083464566929
0
LINE
8
BLACK
6
CONTINUOUS
10
2.3798650393700789
20
0.5779083464566929
11
2.3729564960629919
21
0.5779083464566929
0
LINE
8
BLACK
6
CONTINUOUS
10
2.3729564960629919
20
0.5779083464566929
11
2.3729564960629919
21
0.5690547637795276
0
LINE
8
BLACK
6
CONTINUOUS
10
2.3729564960629919
20
0.5690547637795276
11
2.3895481496062994
21
0.5690547637795276
0
LINE
8
BLACK
6
CONTINUOUS
10
2.3895481496062994
20
0.5690547637795276
11
2.3895481496062994
21
0.5848496456692913
0
LINE
8
BLACK
6
CONTINUOUS
10
2.3895481496062994
20
0.5848496456692913
11
2.3896048818897637
21
0.5854257086614173
0
LINE
8
BLACK
6
CONTINUOUS
10
2.3896048818897637
20
0.5854257086614173
11
2.3900457874015748
21
0.5864901181102362
0
LINE
8
BLACK
6
CONTINUOUS
10
2.3900457874015748
20
0.5864901181102362
11
2.3908604330708663
21
0.5873047637795276
0
LINE
8
BLACK
6
CONTINUOUS
10
2.3908604330708663
20
0.5873047637795276
11
2.3919248425196851
21
0.5877456692913385
0
LINE
8
BLACK
6
CONTINUOUS
10
2.3919248425196851
20
0.5877456692913385
11
2.3930769685039368
21
0.5877456692913385
0
LINE
8
BLACK
6
CONTINUOUS
10
2.3930769685039368
20
0.5877456692913385
11
2.3941413779527561
21
0.5873047637795276
0
LINE
8
BLACK
6
CONTINUOUS
10
2.3941413779527561
20
0.5873047637795276
11
2.3949560236220471
21
0.5864901181102362
0
LINE
8
BLACK
6
CONTINUOUS
10
2.3949560236220471
20
0.5864901181102362
11
2.3953969291338582
21
0.5854257086614173
0
LINE
8
BLACK
6
CONTINUOUS
10
2.3953969291338582
20
0.5854257086614173
11
2.395453661417323
21
0.5848496456692913
0
LINE
8
BLACK
6
CONTINUOUS
10
2.395453661417323
20
0.5848496456692913
11
2.395453661417323
21
0.5454795669291338
0
LINE
8
BLACK
6
CONTINUOUS
10
2.395453661417323
20
0.5454795669291338
11
2.3953969291338582
21
0.5449035039370078
0
LINE
8
BLACK
6
CONTINUOUS
10
2.3953969291338582
20
0.5449035039370078
11
2.3949560236220471
21
0.543839094488189
0
LINE
8
BLACK
6
CONTINUOUS
10
2.3949560236220471
20
0.543839094488189
11
2.3941413779527561
21
0.5430244488188977
0
LINE
8
BLACK
6
CONTINUOUS
10
2.3941413779527561
20
0.5430244488188977
11
2.3930769685039368
21
0.5425835433070866
0
LINE
8
BLACK
6
CONTINUOUS
10
2.3930769685039368
20
0.5425835433070866
11
2.3919248425196851
21
0.5425835433070866
0
LINE
8
BLACK
6
CONTINUOUS
10
2.3919248425196851
20
0.5425835433070866
11
2.3908604330708663
21
0.5430244488188977
0
LINE
8
BLACK
6
CONTINUOUS
10
2.3908604330708663
20
0.5430244488188977
11
2.3900457874015748
21
0.543839094488189
0
LINE
8
BLACK
6
CONTINUOUS
10
2.3900457874015748
20
0.543839094488189
11
2.3896048818897637
21
0.5449035039370078
0
LINE
8
BLACK
6
CONTINUOUS
10
2.3896048818897637
20
0.5449035039370078
11
2.3895481496062994
21
0.5454795669291338
0
LINE
8
BLACK
6
CONTINUOUS
10
2.3895481496062994
20
0.5454795669291338
11
2.3895481496062994
21
0.563149251968504
0
LINE
8
BLACK
6
CONTINUOUS
10
2.3895481496062994
20
0.563149251968504
11
2.3729564960629919
21
0.563149251968504
0
LINE
8
BLACK
6
CONTINUOUS
10
2.3729564960629919
20
0.563149251968504
11
2.3729564960629919
21
0.5552413779527559
0
LINE
8
BLACK
6
CONTINUOUS
10
2.3729564960629919
20
0.5552413779527559
11
2.3730690551181102
21
0.5551947244094488
0
LINE
8
BLACK
6
CONTINUOUS
10
2.3730690551181102
20
0.5551947244094488
11
2.3738837007874016
21
0.5543800787401575
0
LINE
8
BLACK
6
CONTINUOUS
10
2.3738837007874016
20
0.5543800787401575
11
2.3743246062992127
21
0.5533156692913386
0
LINE
8
BLACK
6
CONTINUOUS
10
2.3743246062992127
20
0.5533156692913386
11
2.3743246062992127
21
0.5521635433070866
0
LINE
8
BLACK
6
CONTINUOUS
10
2.3743246062992127
20
0.5521635433070866
11
2.3738837007874016
21
0.5510991338582677
0
LINE
8
BLACK
6
CONTINUOUS
10
2.3738837007874016
20
0.5510991338582677
11
2.3730690551181102
21
0.5502844881889764
0
LINE
8
BLACK
6
CONTINUOUS
10
2.3730690551181102
20
0.5502844881889764
11
2.3729564960629919
21
0.550237874015748
0
LINE
8
BLACK
6
CONTINUOUS
10
2.3729564960629919
20
0.550237874015748
11
2.3729564960629919
21
0.5454795669291338
0
LINE
8
BLACK
6
CONTINUOUS
10
2.3729564960629919
20
0.5454795669291338
11
2.3728997637795275
21
0.5449035039370078
0
LINE
8
BLACK
6
CONTINUOUS
10
2.3728997637795275
20
0.5449035039370078
11
2.3724588582677164
21
0.543839094488189
0
LINE
8
BLACK
6
CONTINUOUS
10
2.3724588582677164
20
0.543839094488189
11
2.371644212598425
21
0.5430244488188977
0
LINE
8
BLACK
6
CONTINUOUS
10
2.371644212598425
20
0.5430244488188977
11
2.3705798031496061
21
0.5425835433070866
0
LINE
8
BLACK
6
CONTINUOUS
10
2.3705798031496061
20
0.5425835433070866
11
2.3694276771653544
21
0.5425835433070866
0
LINE
8
BLACK
6
CONTINUOUS
10
2.3694276771653544
20
0.5425835433070866
11
2.3683632677165352
21
0.5430244488188977
0
LINE
8
BLACK
6
CONTINUOUS
10
2.3683632677165352
20
0.5430244488188977
11
2.3675486220472441
21
0.543839094488189
0
LINE
8
BLACK
6
CONTINUOUS
10
2.3675486220472441
20
0.543839094488189
11
2.3671077165354331
21
0.5449035039370078
0
LINE
8
BLACK
6
CONTINUOUS
10
2.3671077165354331
20
0.5449035039370078
11
2.3670509842519682
21
0.5454795669291338
0
LINE
8
BLACK
6
CONTINUOUS
10
2.3670509842519682
20
0.5454795669291338
11
2.3670509842519682
21
0.5497868503937008
0
LINE
8
BLACK
6
CONTINUOUS
10
2.3670509842519682
20
0.5497868503937008
11
2.3546962992125984
21
0.5497868503937008
0
LINE
8
BLACK
6
CONTINUOUS
10
2.3546962992125984
20
0.5497868503937008
11
2.3546962992125984
21
0.5247587401574803
0
LINE
8
BLACK
6
CONTINUOUS
10
2.3546962992125984
20
0.5247587401574803
11
2.3798650393700789
21
0.5247587401574803
0
LINE
8
BLACK
6
CONTINUOUS
10
2.3798650393700789
20
0.5247587401574803
11
2.3804411023622047
21
0.5247020078740158
0
LINE
8
BLACK
6
CONTINUOUS
10
2.3804411023622047
20
0.5247020078740158
11
2.3815055118110235
21
0.5242611023622047
0
LINE
8
BLACK
6
CONTINUOUS
10
2.3815055118110235
20
0.5242611023622047
11
2.382320157480315
21
0.5234464566929133
0
LINE
8
BLACK
6
CONTINUOUS
10
2.382320157480315
20
0.5234464566929133
11
2.3827610629921261
21
0.5223820472440944
0
LINE
8
BLACK
6
CONTINUOUS
10
2.3827610629921261
20
0.5223820472440944
11
2.3827610629921261
21
0.5212299212598425
0
LINE
8
BLACK
6
CONTINUOUS
10
2.3827610629921261
20
0.5212299212598425
11
2.382320157480315
21
0.5201655118110237
0
LINE
8
BLACK
6
CONTINUOUS
10
2.382320157480315
20
0.5201655118110237
11
2.3815055118110235
21
0.5193508661417323
0
LINE
8
BLACK
6
CONTINUOUS
10
2.3815055118110235
20
0.5193508661417323
11
2.3804411023622047
21
0.5189099606299212
0
LINE
8
BLACK
6
CONTINUOUS
10
2.3804411023622047
20
0.5189099606299212
11
2.3798650393700789
21
0.5188532283464566
0
LINE
8
BLACK
6
CONTINUOUS
10
2.3798650393700789
20
0.5188532283464566
11
2.3517435433070863
21
0.5188532283464566
0
LINE
8
BLACK
6
CONTINUOUS
10
2.3517435433070863
20
0.5188532283464566
11
2.3511674803149605
21
0.5189099606299212
0
LINE
8
BLACK
6
CONTINUOUS
10
2.3511674803149605
20
0.5189099606299212
11
2.3501030708661417
21
0.5193508661417323
0
LINE
8
BLACK
6
CONTINUOUS
10
2.3501030708661417
20
0.5193508661417323
11
2.3492884251968502
21
0.5201655118110237
0
LINE
8
BLACK
6
CONTINUOUS
10
2.3492884251968502
20
0.5201655118110237
11
2.3488475196850391
21
0.5212299212598425
0
LINE
8
BLACK
6
CONTINUOUS
10
2.3488475196850391
20
0.5212299212598425
11
2.3488475196850391
21
0.5212299606299212
0
LINE
8
BLACK
6
CONTINUOUS
10
2.3488475196850391
20
0.5212299606299212
11
2.3487907874015748
21
0.5218059842519684
0
LINE
8
BLACK
6
CONTINUOUS
10
2.3487907874015748
20
0.5218059842519684
11
2.3487907874015748
21
0.5808611023622047
0
LINE
8
BLACK
6
CONTINUOUS
10
2.3487907874015748
20
0.5808611023622047
11
2.3488475196850391
21
0.5814371653543307
0
LINE
8
BLACK
6
CONTINUOUS
10
2.3488475196850391
20
0.5814371653543307
11
2.3492884251968502
21
0.5825015748031496
0
LINE
8
BLACK
6
CONTINUOUS
10
2.3492884251968502
20
0.5825015748031496
11
2.3501030708661417
21
0.5833162204724409
0
LINE
8
BLACK
6
CONTINUOUS
10
2.3501030708661417
20
0.5833162204724409
11
2.3511674803149605
21
0.583757125984252
0
LINE
8
BLACK
6
CONTINUOUS
10
2.3511674803149605
20
0.583757125984252
11
2.3517435433070863
21
0.5838138582677165
0
LINE
8
BLACK
6
CONTINUOUS
10
2.3517435433070863
20
0.5838138582677165
11
2.3670509842519682
21
0.5838138582677165
0
LINE
8
BLACK
6
CONTINUOUS
10
2.3670509842519682
20
0.5838138582677165
11
2.3670509842519682
21
0.5848496456692913
0
LINE
8
BLACK
6
CONTINUOUS
10
2.3670509842519682
20
0.5848496456692913
11
2.3671077165354331
21
0.5854257086614173
0
LINE
8
BLACK
6
CONTINUOUS
10
2.3671077165354331
20
0.5854257086614173
11
2.3675486220472441
21
0.5864901181102362
0
LINE
8
BLACK
6
CONTINUOUS
10
2.3675486220472441
20
0.5864901181102362
11
2.3683632677165352
21
0.5873047637795276
0
LINE
8
BLACK
6
CONTINUOUS
10
2.3683632677165352
20
0.5873047637795276
11
2.3694276771653544
21
0.5877456692913385
0
LINE
8
BLACK
6
CONTINUOUS
10
2.3694276771653544
20
0.5877456692913385
11
2.3705798031496061
21
0.5877456692913385
0
LINE
8
BLACK
6
CONTINUOUS
10
2.3705798031496061
20
0.5877456692913385
11
2.371644212598425
21
0.5873047637795276
0
LINE
8
BLACK
6
CONTINUOUS
10
2.3546962992125984
20
0.5779083464566929
11
2.3546962992125984
21
0.5556923622047244
0
LINE
8
BLACK
6
CONTINUOUS
10
2.3546962992125984
20
0.5556923622047244
11
2.3670509842519682
21
0.5556923622047244
0
LINE
8
BLACK
6
CONTINUOUS
10
2.3670509842519682
20
0.5556923622047244
11
2.3670509842519682
21
0.5779083464566929
0
LINE
8
BLACK
6
CONTINUOUS
10
2.3670509842519682
20
0.5779083464566929
11
2.3546962992125984
21
0.5779083464566929
0
LINE
8
BLACK
6
CONTINUOUS
10
2.5235683464566927
20
0.583757125984252
11
2.5238606692913383
21
0.583757125984252
0
LINE
8
BLACK
6
CONTINUOUS
10
2.5238606692913383
20
0.583757125984252
11
2.5241277952755903
21
0.5836464960629921
0
LINE
8
BLACK
6
CONTINUOUS
10
2.5241277952755903
20
0.5836464960629921
11
2.5244117322834647
21
0.58359031496063
0
LINE
8
BLACK
6
CONTINUOUS
10
2.5244117322834647
20
0.58359031496063
11
2.5246551181102364
21
0.5834280314960629
0
LINE
8
BLACK
6
CONTINUOUS
10
2.5246551181102364
20
0.5834280314960629
11
2.5249250787401576
21
0.5833162204724409
0
LINE
8
BLACK
6
CONTINUOUS
10
2.5249250787401576
20
0.5833162204724409
11
2.5251294881889765
21
0.5831118110236221
0
LINE
8
BLACK
6
CONTINUOUS
10
2.5251294881889765
20
0.5831118110236221
11
2.5253703543307084
21
0.582951220472441
0
LINE
8
BLACK
6
CONTINUOUS
10
2.5253703543307084
20
0.582951220472441
11
2.5255330708661416
21
0.5827082283464566
0
LINE
8
BLACK
6
CONTINUOUS
10
2.5255330708661416
20
0.5827082283464566
11
2.5257397244094486
21
0.5825015748031496
0
LINE
8
BLACK
6
CONTINUOUS
10
2.5257397244094486
20
0.5825015748031496
11
2.5258503937007872
21
0.5822343700787401
0
LINE
8
BLACK
6
CONTINUOUS
10
2.5258503937007872
20
0.5822343700787401
11
2.5260114173228345
21
0.5819939370078741
0
LINE
8
BLACK
6
CONTINUOUS
10
2.5260114173228345
20
0.5819939370078741
11
2.5260687401574802
21
0.5817072834645669
0
LINE
8
BLACK
6
CONTINUOUS
10
2.5260687401574802
20
0.5817072834645669
11
2.5261806299212597
21
0.5814371653543307
0
LINE
8
BLACK
6
CONTINUOUS
10
2.5261806299212597
20
0.5814371653543307
11
2.5262367322834645
21
0.5808672440944882
0
LINE
8
BLACK
6
CONTINUOUS
10
2.5262367322834645
20
0.5808672440944882
11
2.5262373622047245
21
0.5808642125984251
0
LINE
8
BLACK
6
CONTINUOUS
10
2.5262373622047245
20
0.5808642125984251
11
2.526237125984252
21
0.5808631889763779
0
LINE
8
BLACK
6
CONTINUOUS
10
2.526237125984252
20
0.5808631889763779
11
2.5262373622047245
21
0.5808611023622047
0
LINE
8
BLACK
6
CONTINUOUS
10
2.5262373622047245
20
0.5808611023622047
11
2.5262373622047245
21
0.5247587401574803
0
LINE
8
BLACK
6
CONTINUOUS
10
2.5262373622047245
20
0.5247587401574803
11
2.5401575196850392
21
0.5247587401574803
0
LINE
8
BLACK
6
CONTINUOUS
10
2.5401575196850392
20
0.5247587401574803
11
2.5407335826771651
21
0.5247020078740158
0
LINE
8
BLACK
6
CONTINUOUS
10
2.5407335826771651
20
0.5247020078740158
11
2.5417979921259843
21
0.5242611023622047
0
LINE
8
BLACK
6
CONTINUOUS
10
2.5417979921259843
20
0.5242611023622047
11
2.5426126377952754
21
0.5234464566929133
0
LINE
8
BLACK
6
CONTINUOUS
10
2.5426126377952754
20
0.5234464566929133
11
2.5430535433070864
21
0.5223820472440944
0
LINE
8
BLACK
6
CONTINUOUS
10
2.5430535433070864
20
0.5223820472440944
11
2.5430535433070864
21
0.5212299212598425
0
LINE
8
BLACK
6
CONTINUOUS
10
2.5430535433070864
20
0.5212299212598425
11
2.5426126377952754
21
0.5201655118110237
0
LINE
8
BLACK
6
CONTINUOUS
10
2.5426126377952754
20
0.5201655118110237
11
2.5417979921259843
21
0.5193508661417323
0
LINE
8
BLACK
6
CONTINUOUS
10
2.5417979921259843
20
0.5193508661417323
11
2.5407335826771651
21
0.5189099606299212
0
LINE
8
BLACK
6
CONTINUOUS
10
2.5407335826771651
20
0.5189099606299212
11
2.5401575196850392
21
0.5188532283464566
0
LINE
8
BLACK
6
CONTINUOUS
10
2.5401575196850392
20
0.5188532283464566
11
2.5064117322834645
21
0.5188532283464566
0
LINE
8
BLACK
6
CONTINUOUS
10
2.5064117322834645
20
0.5188532283464566
11
2.5058356692913386
21
0.5189099606299212
0
LINE
8
BLACK
6
CONTINUOUS
10
2.5058356692913386
20
0.5189099606299212
11
2.5047712598425198
21
0.5193508661417323
0
LINE
8
BLACK
6
CONTINUOUS
10
2.5047712598425198
20
0.5193508661417323
11
2.5039566141732283
21
0.5201655118110237
0
LINE
8
BLACK
6
CONTINUOUS
10
2.5039566141732283
20
0.5201655118110237
11
2.5035157086614173
21
0.5212299212598425
0
LINE
8
BLACK
6
CONTINUOUS
10
2.5035157086614173
20
0.5212299212598425
11
2.5035157086614173
21
0.5223820472440944
0
LINE
8
BLACK
6
CONTINUOUS
10
2.5035157086614173
20
0.5223820472440944
11
2.5039566141732283
21
0.5234464566929133
0
LINE
8
BLACK
6
CONTINUOUS
10
2.5039566141732283
20
0.5234464566929133
11
2.5047712598425198
21
0.5242611023622047
0
LINE
8
BLACK
6
CONTINUOUS
10
2.5047712598425198
20
0.5242611023622047
11
2.5058356692913386
21
0.5247020078740158
0
LINE
8
BLACK
6
CONTINUOUS
10
2.5058356692913386
20
0.5247020078740158
11
2.5064117322834645
21
0.5247587401574803
0
LINE
8
BLACK
6
CONTINUOUS
10
2.5064117322834645
20
0.5247587401574803
11
2.5203318503937009
21
0.5247587401574803
0
LINE
8
BLACK
6
CONTINUOUS
10
2.5203318503937009
20
0.5247587401574803
11
2.5203318503937009
21
0.5711088188976378
0
LINE
8
BLACK
6
CONTINUOUS
10
2.5203318503937009
20
0.5711088188976378
11
2.5201171653543306
21
0.5707867716535433
0
LINE
8
BLACK
6
CONTINUOUS
10
2.5201171653543306
20
0.5707867716535433
11
2.5201158267716535
21
0.570785157480315
0
LINE
8
BLACK
6
CONTINUOUS
10
2.5201158267716535
20
0.570785157480315
11
2.5201154330708659
21
0.5707841732283464
0
LINE
8
BLACK
6
CONTINUOUS
10
2.5201154330708659
20
0.5707841732283464
11
2.5199309842519684
21
0.5705594881889764
0
LINE
8
BLACK
6
CONTINUOUS
10
2.5199309842519684
20
0.5705594881889764
11
2.5197503937007872
21
0.5703388976377952
0
LINE
8
BLACK
6
CONTINUOUS
10
2.5197503937007872
20
0.5703388976377952
11
2.5197495275590551
21
0.5703383464566929
0
LINE
8
BLACK
6
CONTINUOUS
10
2.5197495275590551
20
0.5703383464566929
11
2.5197482283464567
21
0.5703367322834646
0
LINE
8
BLACK
6
CONTINUOUS
10
2.5197482283464567
20
0.5703367322834646
11
2.5141239370078741
21
0.5647124409448818
0
LINE
8
BLACK
6
CONTINUOUS
10
2.5141239370078741
20
0.5647124409448818
11
2.5138975590551182
21
0.5645266929133859
0
LINE
8
BLACK
6
CONTINUOUS
10
2.5138975590551182
20
0.5645266929133859
11
2.5138464173228345
21
0.5644676771653543
0
LINE
8
BLACK
6
CONTINUOUS
10
2.5138464173228345
20
0.5644676771653543
11
2.513757440944882
21
0.5644117322834645
0
LINE
8
BLACK
6
CONTINUOUS
10
2.513757440944882
20
0.5644117322834645
11
2.5136764960629923
21
0.5643452362204724
0
LINE
8
BLACK
6
CONTINUOUS
10
2.5136764960629923
20
0.5643452362204724
11
2.5136045275590551
21
0.5643154330708662
0
LINE
8
BLACK
6
CONTINUOUS
10
2.5136045275590551
20
0.5643154330708662
11
2.5133565354330707
21
0.5641593307086614
0
LINE
8
BLACK
6
CONTINUOUS
10
2.5133565354330707
20
0.5641593307086614
11
2.507732244094488
21
0.5613471653543307
0
LINE
8
BLACK
6
CONTINUOUS
10
2.507732244094488
20
0.5613471653543307
11
2.5071916535433072
21
0.5611402755905511
0
LINE
8
BLACK
6
CONTINUOUS
10
2.5071916535433072
20
0.5611402755905511
11
2.5060424015748031
21
0.5610586220472441
0
LINE
8
BLACK
6
CONTINUOUS
10
2.5060424015748031
20
0.5610586220472441
11
2.5049494488188975
21
0.5614229527559055
0
LINE
8
BLACK
6
CONTINUOUS
10
2.5049494488188975
20
0.5614229527559055
11
2.5040790944881888
21
0.5621777952755905
0
LINE
8
BLACK
6
CONTINUOUS
10
2.5040790944881888
20
0.5621777952755905
11
2.5035638188976379
21
0.5632082677165354
0
LINE
8
BLACK
6
CONTINUOUS
10
2.5035638188976379
20
0.5632082677165354
11
2.5034821653543307
21
0.5643575196850393
0
LINE
8
BLACK
6
CONTINUOUS
10
2.5034821653543307
20
0.5643575196850393
11
2.5038464960629923
21
0.5654504724409448
0
LINE
8
BLACK
6
CONTINUOUS
10
2.5038464960629923
20
0.5654504724409448
11
2.5046013385826771
21
0.5663208267716535
0
LINE
8
BLACK
6
CONTINUOUS
10
2.5046013385826771
20
0.5663208267716535
11
2.5050912204724409
21
0.5666292125984251
0
LINE
8
BLACK
6
CONTINUOUS
10
2.5050912204724409
20
0.5666292125984251
11
2.5102868897637793
21
0.5692270866141732
0
LINE
8
BLACK
6
CONTINUOUS
10
2.5102868897637793
20
0.5692270866141732
11
2.5153656299212597
21
0.5743058267716535
0
LINE
8
BLACK
6
CONTINUOUS
10
2.5153656299212597
20
0.5743058267716535
11
2.5208277559055117
21
0.5824990157480315
0
LINE
8
BLACK
6
CONTINUOUS
10
2.5208277559055117
20
0.5824990157480315
11
2.5208290944881888
21
0.5825007086614173
0
LINE
8
BLACK
6
CONTINUOUS
10
2.5208290944881888
20
0.5825007086614173
11
2.5208294881889763
21
0.5825015748031496
0
LINE
8
BLACK
6
CONTINUOUS
10
2.5208294881889763
20
0.5825015748031496
11
2.5208314960629923
21
0.582503622047244
0
LINE
8
BLACK
6
CONTINUOUS
10
2.5208314960629923
20
0.582503622047244
11
2.521194527559055
21
0.5829468503937008
0
LINE
8
BLACK
6
CONTINUOUS
10
2.521194527559055
20
0.5829468503937008
11
2.5214374015748029
21
0.5831095275590551
0
LINE
8
BLACK
6
CONTINUOUS
10
2.5214374015748029
20
0.5831095275590551
11
2.5216441338582678
21
0.5833162204724409
0
LINE
8
BLACK
6
CONTINUOUS
10
2.5216441338582678
20
0.5833162204724409
11
2.5219114173228347
21
0.583426968503937
0
LINE
8
BLACK
6
CONTINUOUS
10
2.5219114173228347
20
0.583426968503937
11
2.5221518110236221
21
0.5835879133858267
0
LINE
8
BLACK
6
CONTINUOUS
10
2.5221518110236221
20
0.5835879133858267
11
2.5224384251968504
21
0.5836452755905511
0
LINE
8
BLACK
6
CONTINUOUS
10
2.5224384251968504
20
0.5836452755905511
11
2.5227085433070866
21
0.583757125984252
0
LINE
8
BLACK
6
CONTINUOUS
10
2.5227085433070866
20
0.583757125984252
11
2.5229978346456692
21
0.583757125984252
0
LINE
8
BLACK
6
CONTINUOUS
10
2.5229978346456692
20
0.583757125984252
11
2.5232814960629919
21
0.5838138582677165
0
LINE
8
BLACK
6
CONTINUOUS
10
2.5232814960629919
20
0.5838138582677165
11
2.5235683464566927
21
0.583757125984252
0
LINE
8
BLACK
6
CONTINUOUS
10
2.6276178346456693
20
0.583757125984252
11
2.627910157480315
21
0.583757125984252
0
LINE
8
BLACK
6
CONTINUOUS
10
2.627910157480315
20
0.583757125984252
11
2.6281772834645669
21
0.5836464960629921
0
LINE
8
BLACK
6
CONTINUOUS
10
2.6281772834645669
20
0.5836464960629921
11
2.6284612204724409
21
0.58359031496063
0
LINE
8
BLACK
6
CONTINUOUS
10
2.6284612204724409
20
0.58359031496063
11
2.6287046062992125
21
0.5834280314960629
0
LINE
8
BLACK
6
CONTINUOUS
10
2.6287046062992125
20
0.5834280314960629
11
2.6289745669291338
21
0.5833162204724409
0
LINE
8
BLACK
6
CONTINUOUS
10
2.6289745669291338
20
0.5833162204724409
11
2.6291789763779527
21
0.5831118110236221
0
LINE
8
BLACK
6
CONTINUOUS
10
2.6291789763779527
20
0.5831118110236221
11
2.6294198425196851
21
0.582951220472441
0
LINE
8
BLACK
6
CONTINUOUS
10
2.6294198425196851
20
0.582951220472441
11
2.6295825590551178
21
0.5827082283464566
0
LINE
8
BLACK
6
CONTINUOUS
10
2.6295825590551178
20
0.5827082283464566
11
2.6297892125984252
21
0.5825015748031496
0
LINE
8
BLACK
6
CONTINUOUS
10
2.6297892125984252
20
0.5825015748031496
11
2.6298998818897639
21
0.5822343700787401
0
LINE
8
BLACK
6
CONTINUOUS
10
2.6298998818897639
20
0.5822343700787401
11
2.6300609055118112
21
0.5819939370078741
0
LINE
8
BLACK
6
CONTINUOUS
10
2.6300609055118112
20
0.5819939370078741
11
2.6301182283464568
21
0.5817072834645669
0
LINE
8
BLACK
6
CONTINUOUS
10
2.6301182283464568
20
0.5817072834645669
11
2.6302301181102363
21
0.5814371653543307
0
LINE
8
BLACK
6
CONTINUOUS
10
2.6302301181102363
20
0.5814371653543307
11
2.6302862204724411
21
0.5808672440944882
0
LINE
8
BLACK
6
CONTINUOUS
10
2.6302862204724411
20
0.5808672440944882
11
2.6302868503937007
21
0.5808642125984251
0
LINE
8
BLACK
6
CONTINUOUS
10
2.6302868503937007
20
0.5808642125984251
11
2.6302866141732282
21
0.5808631889763779
0
LINE
8
BLACK
6
CONTINUOUS
10
2.6302866141732282
20
0.5808631889763779
11
2.6302868503937007
21
0.5808611023622047
0
LINE
8
BLACK
6
CONTINUOUS
10
2.6302868503937007
20
0.5808611023622047
11
2.6302868503937007
21
0.5247587401574803
0
LINE
8
BLACK
6
CONTINUOUS
10
2.6302868503937007
20
0.5247587401574803
11
2.6442070078740159
21
0.5247587401574803
0
LINE
8
BLACK
6
CONTINUOUS
10
2.6442070078740159
20
0.5247587401574803
11
2.6447830708661417
21
0.5247020078740158
0
LINE
8
BLACK
6
CONTINUOUS
10
2.6447830708661417
20
0.5247020078740158
11
2.6458474803149605
21
0.5242611023622047
0
LINE
8
BLACK
6
CONTINUOUS
10
2.6458474803149605
20
0.5242611023622047
11
2.646662125984252
21
0.5234464566929133
0
LINE
8
BLACK
6
CONTINUOUS
10
2.646662125984252
20
0.5234464566929133
11
2.6471030314960631
21
0.5223820472440944
0
LINE
8
BLACK
6
CONTINUOUS
10
2.6471030314960631
20
0.5223820472440944
11
2.6471030314960631
21
0.5212299212598425
0
LINE
8
BLACK
6
CONTINUOUS
10
2.6471030314960631
20
0.5212299212598425
11
2.646662125984252
21
0.5201655118110237
0
LINE
8
BLACK
6
CONTINUOUS
10
2.646662125984252
20
0.5201655118110237
11
2.6458474803149605
21
0.5193508661417323
0
LINE
8
BLACK
6
CONTINUOUS
10
2.6458474803149605
20
0.5193508661417323
11
2.6447830708661417
21
0.5189099606299212
0
LINE
8
BLACK
6
CONTINUOUS
10
2.6447830708661417
20
0.5189099606299212
11
2.6442070078740159
21
0.5188532283464566
0
LINE
8
BLACK
6
CONTINUOUS
10
2.6442070078740159
20
0.5188532283464566
11
2.6104612204724407
21
0.5188532283464566
0
LINE
8
BLACK
6
CONTINUOUS
10
2.6104612204724407
20
0.5188532283464566
11
2.6098851574803148
21
0.5189099606299212
0
LINE
8
BLACK
6
CONTINUOUS
10
2.6098851574803148
20
0.5189099606299212
11
2.608820748031496
21
0.5193508661417323
0
LINE
8
BLACK
6
CONTINUOUS
10
2.608820748031496
20
0.5193508661417323
11
2.6080061023622045
21
0.5201655118110237
0
LINE
8
BLACK
6
CONTINUOUS
10
2.6080061023622045
20
0.5201655118110237
11
2.6075651968503935
21
0.5212299212598425
0
LINE
8
BLACK
6
CONTINUOUS
10
2.6075651968503935
20
0.5212299212598425
11
2.6075651968503935
21
0.5223820472440944
0
LINE
8
BLACK
6
CONTINUOUS
10
2.6075651968503935
20
0.5223820472440944
11
2.6080061023622045
21
0.5234464566929133
0
LINE
8
BLACK
6
CONTINUOUS
10
2.6080061023622045
20
0.5234464566929133
11
2.608820748031496
21
0.5242611023622047
0
LINE
8
BLACK
6
CONTINUOUS
10
2.608820748031496
20
0.5242611023622047
11
2.6098851574803148
21
0.5247020078740158
0
LINE
8
BLACK
6
CONTINUOUS
10
2.6098851574803148
20
0.5247020078740158
11
2.6104612204724407
21
0.5247587401574803
0
LINE
8
BLACK
6
CONTINUOUS
10
2.6104612204724407
20
0.5247587401574803
11
2.6243813385826771
21
0.5247587401574803
0
LINE
8
BLACK
6
CONTINUOUS
10
2.6243813385826771
20
0.5247587401574803
11
2.6243813385826771
21
0.5711088188976378
0
LINE
8
BLACK
6
CONTINUOUS
10
2.6243813385826771
20
0.5711088188976378
11
2.6241666535433072
21
0.5707867716535433
0
LINE
8
BLACK
6
CONTINUOUS
10
2.6241666535433072
20
0.5707867716535433
11
2.6241653149606297
21
0.570785157480315
0
LINE
8
BLACK
6
CONTINUOUS
10
2.6241653149606297
20
0.570785157480315
11
2.6241649212598426
21
0.5707841732283464
0
LINE
8
BLACK
6
CONTINUOUS
10
2.6241649212598426
20
0.5707841732283464
11
2.623980472440945
21
0.5705594881889764
0
LINE
8
BLACK
6
CONTINUOUS
10
2.623980472440945
20
0.5705594881889764
11
2.6237998818897639
21
0.5703388976377952
0
LINE
8
BLACK
6
CONTINUOUS
10
2.6237998818897639
20
0.5703388976377952
11
2.6237990157480313
21
0.5703383464566929
0
LINE
8
BLACK
6
CONTINUOUS
10
2.6237990157480313
20
0.5703383464566929
11
2.6237977165354329
21
0.5703367322834646
0
LINE
8
BLACK
6
CONTINUOUS
10
2.6237977165354329
20
0.5703367322834646
11
2.6181734251968503
21
0.5647124409448818
0
LINE
8
BLACK
6
CONTINUOUS
10
2.6181734251968503
20
0.5647124409448818
11
2.6179470472440944
21
0.5645266929133859
0
LINE
8
BLACK
6
CONTINUOUS
10
2.6179470472440944
20
0.5645266929133859
11
2.6178959055118112
21
0.5644676771653543
0
LINE
8
BLACK
6
CONTINUOUS
10
2.6178959055118112
20
0.5644676771653543
11
2.6178069291338582
21
0.5644117322834645
0
LINE
8
BLACK
6
CONTINUOUS
10
2.6178069291338582
20
0.5644117322834645
11
2.6177259842519685
21
0.5643452362204724
0
LINE
8
BLACK
6
CONTINUOUS
10
2.6177259842519685
20
0.5643452362204724
11
2.6176540157480312
21
0.5643154330708662
0
LINE
8
BLACK
6
CONTINUOUS
10
2.6176540157480312
20
0.5643154330708662
11
2.6174060236220473
21
0.5641593307086614
0
LINE
8
BLACK
6
CONTINUOUS
10
2.6174060236220473
20
0.5641593307086614
11
2.6117817322834647
21
0.5613471653543307
0
LINE
8
BLACK
6
CONTINUOUS
10
2.6117817322834647
20
0.5613471653543307
11
2.6112411417322834
21
0.5611402755905511
0
LINE
8
BLACK
6
CONTINUOUS
10
2.6112411417322834
20
0.5611402755905511
11
2.6100918897637793
21
0.5610586220472441
0
LINE
8
BLACK
6
CONTINUOUS
10
2.6100918897637793
20
0.5610586220472441
11
2.6089989370078741
21
0.5614229527559055
0
LINE
8
BLACK
6
CONTINUOUS
10
2.6089989370078741
20
0.5614229527559055
11
2.6081285826771654
21
0.5621777952755905
0
LINE
8
BLACK
6
CONTINUOUS
10
2.6081285826771654
20
0.5621777952755905
11
2.6076133070866141
21
0.5632082677165354
0
LINE
8
BLACK
6
CONTINUOUS
10
2.6076133070866141
20
0.5632082677165354
11
2.6075316535433068
21
0.5643575196850393
0
LINE
8
BLACK
6
CONTINUOUS
10
2.6075316535433068
20
0.5643575196850393
11
2.6078959842519684
21
0.5654504724409448
0
LINE
8
BLACK
6
CONTINUOUS
10
2.6078959842519684
20
0.5654504724409448
11
2.6086508267716533
21
0.5663208267716535
0
LINE
8
BLACK
6
CONTINUOUS
10
2.6086508267716533
20
0.5663208267716535
11
2.6091407086614171
21
0.5666292125984251
0
LINE
8
BLACK
6
CONTINUOUS
10
2.6091407086614171
20
0.5666292125984251
11
2.614336377952756
21
0.5692270866141732
0
LINE
8
BLACK
6
CONTINUOUS
10
2.614336377952756
20
0.5692270866141732
11
2.6194151181102363
21
0.5743058267716535
0
LINE
8
BLACK
6
CONTINUOUS
10
2.6194151181102363
20
0.5743058267716535
11
2.6248772440944883
21
0.5824990157480315
0
LINE
8
BLACK
6
CONTINUOUS
10
2.6248772440944883
20
0.5824990157480315
11
2.6248785826771655
21
0.5825007086614173
0
LINE
8
BLACK
6
CONTINUOUS
10
2.6248785826771655
20
0.5825007086614173
11
2.6248789763779525
21
0.5825015748031496
0
LINE
8
BLACK
6
CONTINUOUS
10
2.6248789763779525
20
0.5825015748031496
11
2.6248809842519685
21
0.582503622047244
0
LINE
8
BLACK
6
CONTINUOUS
10
2.6248809842519685
20
0.582503622047244
11
2.6252440157480312
21
0.5829468503937008
0
LINE
8
BLACK
6
CONTINUOUS
10
2.6252440157480312
20
0.5829468503937008
11
2.6254868897637795
21
0.5831095275590551
0
LINE
8
BLACK
6
CONTINUOUS
10
2.6254868897637795
20
0.5831095275590551
11
2.625693622047244
21
0.5833162204724409
0
LINE
8
BLACK
6
CONTINUOUS
10
2.625693622047244
20
0.5833162204724409
11
2.6259609055118109
21
0.583426968503937
0
LINE
8
BLACK
6
CONTINUOUS
10
2.6259609055118109
20
0.583426968503937
11
2.6262012992125983
21
0.5835879133858267
0
LINE
8
BLACK
6
CONTINUOUS
10
2.6262012992125983
20
0.5835879133858267
11
2.6264879133858265
21
0.5836452755905511
0
LINE
8
BLACK
6
CONTINUOUS
10
2.6264879133858265
20
0.5836452755905511
11
2.6267580314960628
21
0.583757125984252
0
LINE
8
BLACK
6
CONTINUOUS
10
2.6267580314960628
20
0.583757125984252
11
2.6270473228346458
21
0.583757125984252
0
LINE
8
BLACK
6
CONTINUOUS
10
2.6270473228346458
20
0.583757125984252
11
2.6273309842519685
21
0.5838138582677165
0
LINE
8
BLACK
6
CONTINUOUS
10
2.6273309842519685
20
0.5838138582677165
11
2.6276178346456693
21
0.583757125984252
0
LINE
8
BLACK
6
CONTINUOUS
10
2.6897774015748031
20
0.583757125984252
11
2.6898753937007873
21
0.5837165354330709
0
LINE
8
BLACK
6
CONTINUOUS
10
2.6898753937007873
20
0.5837165354330709
11
2.6899812204724407
21
0.5837090157480315
0
LINE
8
BLACK
6
CONTINUOUS
10
2.6899812204724407
20
0.5837090157480315
11
2.6905218503937007
21
0.583502125984252
0
LINE
8
BLACK
6
CONTINUOUS
10
2.6905218503937007
20
0.583502125984252
11
2.6961461811023621
21
0.5806899606299213
0
LINE
8
BLACK
6
CONTINUOUS
10
2.6961461811023621
20
0.5806899606299213
11
2.6963941732283465
21
0.5805338976377953
0
LINE
8
BLACK
6
CONTINUOUS
10
2.6963941732283465
20
0.5805338976377953
11
2.6964661417322833
21
0.5805040551181102
0
LINE
8
BLACK
6
CONTINUOUS
10
2.6964661417322833
20
0.5805040551181102
11
2.696547086614173
21
0.5804375984251968
0
LINE
8
BLACK
6
CONTINUOUS
10
2.696547086614173
20
0.5804375984251968
11
2.696636062992126
21
0.5803816141732283
0
LINE
8
BLACK
6
CONTINUOUS
10
2.696636062992126
20
0.5803816141732283
11
2.6966872047244093
21
0.5803226377952756
0
LINE
8
BLACK
6
CONTINUOUS
10
2.6966872047244093
20
0.5803226377952756
11
2.6969135826771651
21
0.5801368503937008
0
LINE
8
BLACK
6
CONTINUOUS
10
2.6969135826771651
20
0.5801368503937008
11
2.6997257086614175
21
0.5773247244094488
0
LINE
8
BLACK
6
CONTINUOUS
10
2.6997257086614175
20
0.5773247244094488
11
2.6999115354330709
21
0.5770982677165354
0
LINE
8
BLACK
6
CONTINUOUS
10
2.6999115354330709
20
0.5770982677165354
11
2.6999704330708663
21
0.5770472047244094
0
LINE
8
BLACK
6
CONTINUOUS
10
2.6999704330708663
20
0.5770472047244094
11
2.7000262992125985
21
0.5769584645669291
0
LINE
8
BLACK
6
CONTINUOUS
10
2.7000262992125985
20
0.5769584645669291
11
2.7000929133858267
21
0.5768772834645669
0
LINE
8
BLACK
6
CONTINUOUS
10
2.7000929133858267
20
0.5768772834645669
11
2.7001227559055119
21
0.5768052362204724
0
LINE
8
BLACK
6
CONTINUOUS
10
2.7001227559055119
20
0.5768052362204724
11
2.7002788188976377
21
0.5765573228346457
0
LINE
8
BLACK
6
CONTINUOUS
10
2.7002788188976377
20
0.5765573228346457
11
2.7030909842519684
21
0.570933031496063
0
LINE
8
BLACK
6
CONTINUOUS
10
2.7030909842519684
20
0.570933031496063
11
2.7032978740157478
21
0.5703924409448818
0
LINE
8
BLACK
6
CONTINUOUS
10
2.7032978740157478
20
0.5703924409448818
11
2.7033053937007874
21
0.5702865748031496
0
LINE
8
BLACK
6
CONTINUOUS
10
2.7033053937007874
20
0.5702865748031496
11
2.7033459842519685
21
0.5701885826771653
0
LINE
8
BLACK
6
CONTINUOUS
10
2.7033459842519685
20
0.5701885826771653
11
2.7034027165354328
21
0.5696125196850393
0
LINE
8
BLACK
6
CONTINUOUS
10
2.7034027165354328
20
0.5696125196850393
11
2.7034027165354328
21
0.5639881889763779
0
LINE
8
BLACK
6
CONTINUOUS
10
2.7034027165354328
20
0.5639881889763779
11
2.7033739763779527
21
0.5636966141732284
0
LINE
8
BLACK
6
CONTINUOUS
10
2.7033739763779527
20
0.5636966141732284
11
2.7033795275590551
21
0.5636188582677165
0
LINE
8
BLACK
6
CONTINUOUS
10
2.7033795275590551
20
0.5636188582677165
11
2.7033562598425198
21
0.5635166141732283
0
LINE
8
BLACK
6
CONTINUOUS
10
2.7033562598425198
20
0.5635166141732283
11
2.7033459842519685
21
0.5634121259842519
0
LINE
8
BLACK
6
CONTINUOUS
10
2.7033459842519685
20
0.5634121259842519
11
2.7033161023622045
21
0.5633400787401575
0
LINE
8
BLACK
6
CONTINUOUS
10
2.7033161023622045
20
0.5633400787401575
11
2.7032511811023623
21
0.5630544094488189
0
LINE
8
BLACK
6
CONTINUOUS
10
2.7032511811023623
20
0.5630544094488189
11
2.7004390157480316
21
0.5546180314960629
0
LINE
8
BLACK
6
CONTINUOUS
10
2.7004390157480316
20
0.5546180314960629
11
2.7002030314960628
21
0.5540894488188977
0
LINE
8
BLACK
6
CONTINUOUS
10
2.7002030314960628
20
0.5540894488188977
11
2.700133464566929
21
0.5540092913385827
0
LINE
8
BLACK
6
CONTINUOUS
10
2.700133464566929
20
0.5540092913385827
11
2.7000929133858267
21
0.5539112992125984
0
LINE
8
BLACK
6
CONTINUOUS
10
2.7000929133858267
20
0.5539112992125984
11
2.6997257086614175
21
0.5534638582677165
0
LINE
8
BLACK
6
CONTINUOUS
10
2.6997257086614175
20
0.5534638582677165
11
2.6710205905511812
21
0.5247587401574803
0
LINE
8
BLACK
6
CONTINUOUS
10
2.6710205905511812
20
0.5247587401574803
11
2.7004499606299213
21
0.5247587401574803
0
LINE
8
BLACK
6
CONTINUOUS
10
2.7004499606299213
20
0.5247587401574803
11
2.7010260236220471
21
0.5247020078740158
0
LINE
8
BLACK
6
CONTINUOUS
10
2.7010260236220471
20
0.5247020078740158
11
2.7020904330708659
21
0.5242611023622047
0
LINE
8
BLACK
6
CONTINUOUS
10
2.7020904330708659
20
0.5242611023622047
11
2.7029050787401574
21
0.5234464566929133
0
LINE
8
BLACK
6
CONTINUOUS
10
2.7029050787401574
20
0.5234464566929133
11
2.7033459842519685
21
0.5223820472440944
0
LINE
8
BLACK
6
CONTINUOUS
10
2.7033459842519685
20
0.5223820472440944
11
2.7033459842519685
21
0.5212299212598425
0
LINE
8
BLACK
6
CONTINUOUS
10
2.7033459842519685
20
0.5212299212598425
11
2.7029050787401574
21
0.5201655118110237
0
LINE
8
BLACK
6
CONTINUOUS
10
2.7029050787401574
20
0.5201655118110237
11
2.7020904330708659
21
0.5193508661417323
0
LINE
8
BLACK
6
CONTINUOUS
10
2.7020904330708659
20
0.5193508661417323
11
2.7010260236220471
21
0.5189099606299212
0
LINE
8
BLACK
6
CONTINUOUS
10
2.7010260236220471
20
0.5189099606299212
11
2.7004499606299213
21
0.5188532283464566
0
LINE
8
BLACK
6
CONTINUOUS
10
2.7004499606299213
20
0.5188532283464566
11
2.6638920078740158
21
0.5188532283464566
0
LINE
8
BLACK
6
CONTINUOUS
10
2.6638920078740158
20
0.5188532283464566
11
2.6633159448818895
21
0.5189099606299212
0
LINE
8
BLACK
6
CONTINUOUS
10
2.6633159448818895
20
0.5189099606299212
11
2.6622515354330707
21
0.5193508661417323
0
LINE
8
BLACK
6
CONTINUOUS
10
2.6622515354330707
20
0.5193508661417323
11
2.6614368897637797
21
0.5201655118110237
0
LINE
8
BLACK
6
CONTINUOUS
10
2.6614368897637797
20
0.5201655118110237
11
2.6609959842519686
21
0.5212299212598425
0
LINE
8
BLACK
6
CONTINUOUS
10
2.6609959842519686
20
0.5212299212598425
11
2.6609959842519686
21
0.5223820472440944
0
LINE
8
BLACK
6
CONTINUOUS
10
2.6609959842519686
20
0.5223820472440944
11
2.6614368897637797
21
0.5234464566929133
0
LINE
8
BLACK
6
CONTINUOUS
10
2.6614368897637797
20
0.5234464566929133
11
2.6618040944881889
21
0.5238938976377953
0
LINE
8
BLACK
6
CONTINUOUS
10
2.6618040944881889
20
0.5238938976377953
11
2.6950570078740155
21
0.5571468503937008
0
LINE
8
BLACK
6
CONTINUOUS
10
2.6950570078740155
20
0.5571468503937008
11
2.6974972047244092
21
0.5644673622047244
0
LINE
8
BLACK
6
CONTINUOUS
10
2.6974972047244092
20
0.5644673622047244
11
2.6974972047244092
21
0.5689154724409449
0
LINE
8
BLACK
6
CONTINUOUS
10
2.6974972047244092
20
0.5689154724409449
11
2.6952110629921258
21
0.5734877165354331
0
LINE
8
BLACK
6
CONTINUOUS
10
2.6952110629921258
20
0.5734877165354331
11
2.6930765748031495
21
0.5756222047244094
0
LINE
8
BLACK
6
CONTINUOUS
10
2.6930765748031495
20
0.5756222047244094
11
2.6885042913385826
21
0.5779083464566929
0
LINE
8
BLACK
6
CONTINUOUS
10
2.6885042913385826
20
0.5779083464566929
11
2.6758376771653545
21
0.5779083464566929
0
LINE
8
BLACK
6
CONTINUOUS
10
2.6758376771653545
20
0.5779083464566929
11
2.6712653937007875
21
0.5756222047244094
0
LINE
8
BLACK
6
CONTINUOUS
10
2.6712653937007875
20
0.5756222047244094
11
2.668792086614173
21
0.5731488976377953
0
LINE
8
BLACK
6
CONTINUOUS
10
2.668792086614173
20
0.5731488976377953
11
2.6683446456692912
21
0.5727816929133858
0
LINE
8
BLACK
6
CONTINUOUS
10
2.6683446456692912
20
0.5727816929133858
11
2.6672801968503936
21
0.5723407874015748
0
LINE
8
BLACK
6
CONTINUOUS
10
2.6672801968503936
20
0.5723407874015748
11
2.666128149606299
21
0.5723407874015748
0
LINE
8
BLACK
6
CONTINUOUS
10
2.666128149606299
20
0.5723407874015748
11
2.6650637007874014
21
0.5727816929133858
0
LINE
8
BLACK
6
CONTINUOUS
10
2.6650637007874014
20
0.5727816929133858
11
2.6642490551181104
21
0.5735963385826771
0
LINE
8
BLACK
6
CONTINUOUS
10
2.6642490551181104
20
0.5735963385826771
11
2.6638081496062993
21
0.5746607874015748
0
LINE
8
BLACK
6
CONTINUOUS
10
2.6638081496062993
20
0.5746607874015748
11
2.6638081496062993
21
0.5758128346456692
0
LINE
8
BLACK
6
CONTINUOUS
10
2.6638081496062993
20
0.5758128346456692
11
2.6642490551181104
21
0.5768772834645669
0
LINE
8
BLACK
6
CONTINUOUS
10
2.6642490551181104
20
0.5768772834645669
11
2.6646162598425196
21
0.5773247244094488
0
LINE
8
BLACK
6
CONTINUOUS
10
2.6646162598425196
20
0.5773247244094488
11
2.6674283858267716
21
0.5801368503937008
0
LINE
8
BLACK
6
CONTINUOUS
10
2.6674283858267716
20
0.5801368503937008
11
2.6676547244094486
21
0.5803226377952756
0
LINE
8
BLACK
6
CONTINUOUS
10
2.6676547244094486
20
0.5803226377952756
11
2.6677059055118111
21
0.5803816141732283
0
LINE
8
BLACK
6
CONTINUOUS
10
2.6677059055118111
20
0.5803816141732283
11
2.6677948425196849
21
0.5804375984251968
0
LINE
8
BLACK
6
CONTINUOUS
10
2.6677948425196849
20
0.5804375984251968
11
2.6678758267716534
21
0.5805040551181102
0
LINE
8
BLACK
6
CONTINUOUS
10
2.6678758267716534
20
0.5805040551181102
11
2.6679477559055118
21
0.5805338976377953
0
LINE
8
BLACK
6
CONTINUOUS
10
2.6679477559055118
20
0.5805338976377953
11
2.6681957874015749
21
0.5806899606299213
0
LINE
8
BLACK
6
CONTINUOUS
10
2.6681957874015749
20
0.5806899606299213
11
2.6738201181102363
21
0.583502125984252
0
LINE
8
BLACK
6
CONTINUOUS
10
2.6738201181102363
20
0.583502125984252
11
2.6743607480314959
21
0.5837090157480315
0
LINE
8
BLACK
6
CONTINUOUS
10
2.6743607480314959
20
0.5837090157480315
11
2.674466535433071
21
0.5837165354330709
0
LINE
8
BLACK
6
CONTINUOUS
10
2.674466535433071
20
0.5837165354330709
11
2.6745645669291336
21
0.583757125984252
0
LINE
8
BLACK
6
CONTINUOUS
10
2.6745645669291336
20
0.583757125984252
11
2.6751406299212599
21
0.5838138582677165
0
LINE
8
BLACK
6
CONTINUOUS
10
2.6751406299212599
20
0.5838138582677165
11
2.6892013385826772
21
0.5838138582677165
0
LINE
8
BLACK
6
CONTINUOUS
10
2.6892013385826772
20
0.5838138582677165
11
2.6897774015748031
21
0.583757125984252
0
LINE
8
BLACK
6
CONTINUOUS
10
2.4202099212598425
20
0.5892896456692913
11
2.4210803149606299
21
0.5885347637795275
0
LINE
8
BLACK
6
CONTINUOUS
10
2.4210803149606299
20
0.5885347637795275
11
2.4215955118110237
21
0.5875042913385826
0
LINE
8
BLACK
6
CONTINUOUS
10
2.4215955118110237
20
0.5875042913385826
11
2.4216772047244093
21
0.5863550787401575
0
LINE
8
BLACK
6
CONTINUOUS
10
2.4216772047244093
20
0.5863550787401575
11
2.4215488582677165
21
0.5857906299212599
0
LINE
8
BLACK
6
CONTINUOUS
10
2.4215488582677165
20
0.5857906299212599
11
2.4208899212598425
21
0.5838138582677165
0
LINE
8
BLACK
6
CONTINUOUS
10
2.4208899212598425
20
0.5838138582677165
11
2.4276715748031497
21
0.5838138582677165
0
LINE
8
BLACK
6
CONTINUOUS
10
2.4276715748031497
20
0.5838138582677165
11
2.4282476377952755
21
0.583757125984252
0
LINE
8
BLACK
6
CONTINUOUS
10
2.4282476377952755
20
0.583757125984252
11
2.428345590551181
21
0.5837165748031496
0
LINE
8
BLACK
6
CONTINUOUS
10
2.428345590551181
20
0.5837165748031496
11
2.4284514960629919
21
0.5837090157480315
0
LINE
8
BLACK
6
CONTINUOUS
10
2.4284514960629919
20
0.5837090157480315
11
2.4289920866141732
21
0.583502125984252
0
LINE
8
BLACK
6
CONTINUOUS
10
2.4289920866141732
20
0.583502125984252
11
2.4346163779527559
21
0.5806899606299213
0
LINE
8
BLACK
6
CONTINUOUS
10
2.4346163779527559
20
0.5806899606299213
11
2.434864251968504
21
0.580533937007874
0
LINE
8
BLACK
6
CONTINUOUS
10
2.434864251968504
20
0.580533937007874
11
2.4349362992125982
21
0.580504094488189
0
LINE
8
BLACK
6
CONTINUOUS
10
2.4349362992125982
20
0.580504094488189
11
2.4350173228346454
21
0.5804375984251968
0
LINE
8
BLACK
6
CONTINUOUS
10
2.4350173228346454
20
0.5804375984251968
11
2.4351062598425197
21
0.5803816141732283
0
LINE
8
BLACK
6
CONTINUOUS
10
2.4351062598425197
20
0.5803816141732283
11
2.435157401574803
21
0.5803226377952756
0
LINE
8
BLACK
6
CONTINUOUS
10
2.435157401574803
20
0.5803226377952756
11
2.4353837795275588
21
0.5801368503937008
0
LINE
8
BLACK
6
CONTINUOUS
10
2.4353837795275588
20
0.5801368503937008
11
2.4381959448818895
21
0.5773247244094488
0
LINE
8
BLACK
6
CONTINUOUS
10
2.4381959448818895
20
0.5773247244094488
11
2.4383816929133859
21
0.5770983858267716
0
LINE
8
BLACK
6
CONTINUOUS
10
2.4383816929133859
20
0.5770983858267716
11
2.4384407086614175
21
0.5770472047244094
0
LINE
8
BLACK
6
CONTINUOUS
10
2.4384407086614175
20
0.5770472047244094
11
2.4384966535433072
21
0.5769582677165355
0
LINE
8
BLACK
6
CONTINUOUS
10
2.4384966535433072
20
0.5769582677165355
11
2.4385631496062992
21
0.5768772834645669
0
LINE
8
BLACK
6
CONTINUOUS
10
2.4385631496062992
20
0.5768772834645669
11
2.4385929527559056
21
0.5768053543307087
0
LINE
8
BLACK
6
CONTINUOUS
10
2.4385929527559056
20
0.5768053543307087
11
2.4387490551181101
21
0.5765573228346457
0
LINE
8
BLACK
6
CONTINUOUS
10
2.4387490551181101
20
0.5765573228346457
11
2.4415611811023621
21
0.570933031496063
0
LINE
8
BLACK
6
CONTINUOUS
10
2.4415611811023621
20
0.570933031496063
11
2.4417680708661416
21
0.5703924015748031
0
LINE
8
BLACK
6
CONTINUOUS
10
2.4417680708661416
20
0.5703924015748031
11
2.4417755511811023
21
0.5702866141732283
0
LINE
8
BLACK
6
CONTINUOUS
10
2.4417755511811023
20
0.5702866141732283
11
2.4418161811023622
21
0.5701885826771653
0
LINE
8
BLACK
6
CONTINUOUS
10
2.4418161811023622
20
0.5701885826771653
11
2.4418729133858266
21
0.5696125196850393
0
LINE
8
BLACK
6
CONTINUOUS
10
2.4418729133858266
20
0.5696125196850393
11
2.4418729133858266
21
0.561176062992126
0
LINE
8
BLACK
6
CONTINUOUS
10
2.4418729133858266
20
0.561176062992126
11
2.4418161811023622
21
0.5606
0
LINE
8
BLACK
6
CONTINUOUS
10
2.4418161811023622
20
0.5606
11
2.4417755511811023
21
0.5605020078740157
0
LINE
8
BLACK
6
CONTINUOUS
10
2.4417755511811023
20
0.5605020078740157
11
2.4417680708661416
21
0.5603961811023622
0
LINE
8
BLACK
6
CONTINUOUS
10
2.4417680708661416
20
0.5603961811023622
11
2.4415611811023621
21
0.5598555511811023
0
LINE
8
BLACK
6
CONTINUOUS
10
2.4415611811023621
20
0.5598555511811023
11
2.4387490551181101
21
0.5542312598425196
0
LINE
8
BLACK
6
CONTINUOUS
10
2.4387490551181101
20
0.5542312598425196
11
2.4385930314960631
21
0.5539834645669292
0
LINE
8
BLACK
6
CONTINUOUS
10
2.4385930314960631
20
0.5539834645669292
11
2.4385631889763779
21
0.5539112992125984
0
LINE
8
BLACK
6
CONTINUOUS
10
2.4385631889763779
20
0.5539112992125984
11
2.4384965748031497
21
0.5538301574803149
0
LINE
8
BLACK
6
CONTINUOUS
10
2.4384965748031497
20
0.5538301574803149
11
2.4384407086614175
21
0.5537413779527559
0
LINE
8
BLACK
6
CONTINUOUS
10
2.4384407086614175
20
0.5537413779527559
11
2.4383817716535434
21
0.5536902755905512
0
LINE
8
BLACK
6
CONTINUOUS
10
2.4383817716535434
20
0.5536902755905512
11
2.4381959448818895
21
0.5534638582677165
0
LINE
8
BLACK
6
CONTINUOUS
10
2.4381959448818895
20
0.5534638582677165
11
2.4353837795275588
21
0.5506516929133858
0
LINE
8
BLACK
6
CONTINUOUS
10
2.4353837795275588
20
0.5506516929133858
11
2.435157401574803
21
0.5504659448818897
0
LINE
8
BLACK
6
CONTINUOUS
10
2.435157401574803
20
0.5504659448818897
11
2.4351062598425197
21
0.5504069291338582
0
LINE
8
BLACK
6
CONTINUOUS
10
2.4351062598425197
20
0.5504069291338582
11
2.4350172834645667
21
0.5503509842519685
0
LINE
8
BLACK
6
CONTINUOUS
10
2.4350172834645667
20
0.5503509842519685
11
2.434936338582677
21
0.5502844881889764
0
LINE
8
BLACK
6
CONTINUOUS
10
2.434936338582677
20
0.5502844881889764
11
2.4348643700787402
21
0.55025468503937
0
LINE
8
BLACK
6
CONTINUOUS
10
2.4348643700787402
20
0.55025468503937
11
2.4346163779527559
21
0.5500985826771654
0
LINE
8
BLACK
6
CONTINUOUS
10
2.4346163779527559
20
0.5500985826771654
11
2.4310742125984253
21
0.5483275196850393
0
LINE
8
BLACK
6
CONTINUOUS
10
2.4310742125984253
20
0.5483275196850393
11
2.4310742125984253
21
0.5454795669291338
0
LINE
8
BLACK
6
CONTINUOUS
10
2.4310742125984253
20
0.5454795669291338
11
2.4310174803149605
21
0.5449035039370078
0
LINE
8
BLACK
6
CONTINUOUS
10
2.4310174803149605
20
0.5449035039370078
11
2.4305765748031494
21
0.543839094488189
0
LINE
8
BLACK
6
CONTINUOUS
10
2.4305765748031494
20
0.543839094488189
11
2.4297619291338584
21
0.5430244488188977
0
LINE
8
BLACK
6
CONTINUOUS
10
2.4297619291338584
20
0.5430244488188977
11
2.4286975196850391
21
0.5425835433070866
0
LINE
8
BLACK
6
CONTINUOUS
10
2.4286975196850391
20
0.5425835433070866
11
2.4279801574803148
21
0.5425835433070866
0
LINE
8
BLACK
6
CONTINUOUS
10
2.4279801574803148
20
0.5425835433070866
11
2.4413391338582677
21
0.5234992913385826
0
LINE
8
BLACK
6
CONTINUOUS
10
2.4413391338582677
20
0.5234992913385826
11
2.441623031496063
21
0.5229948031496063
0
LINE
8
BLACK
6
CONTINUOUS
10
2.441623031496063
20
0.5229948031496063
11
2.4418722047244095
21
0.5218699606299213
0
LINE
8
BLACK
6
CONTINUOUS
10
2.4418722047244095
20
0.5218699606299213
11
2.4416720078740157
21
0.5207354330708661
0
LINE
8
BLACK
6
CONTINUOUS
10
2.4416720078740157
20
0.5207354330708661
11
2.441052834645669
21
0.5197638188976378
0
LINE
8
BLACK
6
CONTINUOUS
10
2.441052834645669
20
0.5197638188976378
11
2.4401089763779527
21
0.5191031102362205
0
LINE
8
BLACK
6
CONTINUOUS
10
2.4401089763779527
20
0.5191031102362205
11
2.4389841338582676
21
0.518853937007874
0
LINE
8
BLACK
6
CONTINUOUS
10
2.4389841338582676
20
0.518853937007874
11
2.4378496062992125
21
0.5190541338582677
0
LINE
8
BLACK
6
CONTINUOUS
10
2.4378496062992125
20
0.5190541338582677
11
2.436877992125984
21
0.5196733070866142
0
LINE
8
BLACK
6
CONTINUOUS
10
2.436877992125984
20
0.5196733070866142
11
2.4365011811023622
21
0.5201126771653544
0
LINE
8
BLACK
6
CONTINUOUS
10
2.4365011811023622
20
0.5201126771653544
11
2.4176977559055119
21
0.5469747244094488
0
LINE
8
BLACK
6
CONTINUOUS
10
2.4176977559055119
20
0.5469747244094488
11
2.4081271259842518
21
0.5469747244094488
0
LINE
8
BLACK
6
CONTINUOUS
10
2.4081271259842518
20
0.5469747244094488
11
2.4081271259842518
21
0.5218059842519684
0
LINE
8
BLACK
6
CONTINUOUS
10
2.4081271259842518
20
0.5218059842519684
11
2.4080703937007875
21
0.5212299212598425
0
LINE
8
BLACK
6
CONTINUOUS
10
2.4080703937007875
20
0.5212299212598425
11
2.4076294881889764
21
0.5201655118110237
0
LINE
8
BLACK
6
CONTINUOUS
10
2.4076294881889764
20
0.5201655118110237
11
2.4068148425196849
21
0.5193508661417323
0
LINE
8
BLACK
6
CONTINUOUS
10
2.4068148425196849
20
0.5193508661417323
11
2.4057504330708661
21
0.5189099606299212
0
LINE
8
BLACK
6
CONTINUOUS
10
2.4057504330708661
20
0.5189099606299212
11
2.4045983070866139
21
0.5189099606299212
0
LINE
8
BLACK
6
CONTINUOUS
10
2.4045983070866139
20
0.5189099606299212
11
2.4035338976377951
21
0.5193508661417323
0
LINE
8
BLACK
6
CONTINUOUS
10
2.4035338976377951
20
0.5193508661417323
11
2.4027192519685037
21
0.5201655118110237
0
LINE
8
BLACK
6
CONTINUOUS
10
2.4027192519685037
20
0.5201655118110237
11
2.402278346456693
21
0.5212299212598425
0
LINE
8
BLACK
6
CONTINUOUS
10
2.402278346456693
20
0.5212299212598425
11
2.4022216141732282
21
0.5218059842519684
0
LINE
8
BLACK
6
CONTINUOUS
10
2.4022216141732282
20
0.5218059842519684
11
2.4022216141732282
21
0.5808611023622047
0
LINE
8
BLACK
6
CONTINUOUS
10
2.4022216141732282
20
0.5808611023622047
11
2.402278346456693
21
0.5814371653543307
0
LINE
8
BLACK
6
CONTINUOUS
10
2.402278346456693
20
0.5814371653543307
11
2.4027192519685037
21
0.5825015748031496
0
LINE
8
BLACK
6
CONTINUOUS
10
2.4027192519685037
20
0.5825015748031496
11
2.4035338976377951
21
0.5833162204724409
0
LINE
8
BLACK
6
CONTINUOUS
10
2.4035338976377951
20
0.5833162204724409
11
2.4045983070866139
21
0.583757125984252
0
LINE
8
BLACK
6
CONTINUOUS
10
2.4045983070866139
20
0.583757125984252
11
2.4051743700787402
21
0.5838138582677165
0
LINE
8
BLACK
6
CONTINUOUS
10
2.4051743700787402
20
0.5838138582677165
11
2.4146649999999998
21
0.5838138582677165
0
LINE
8
BLACK
6
CONTINUOUS
10
2.4146649999999998
20
0.5838138582677165
11
2.4159464173228344
21
0.5876581496062993
0
LINE
8
BLACK
6
CONTINUOUS
10
2.4159464173228344
20
0.5876581496062993
11
2.4161824015748032
21
0.5881866929133858
0
LINE
8
BLACK
6
CONTINUOUS
10
2.4161824015748032
20
0.5881866929133858
11
2.4169372834645668
21
0.5890570472440945
0
LINE
8
BLACK
6
CONTINUOUS
10
2.4169372834645668
20
0.5890570472440945
11
2.4179677165354332
21
0.5895722834645669
0
LINE
8
BLACK
6
CONTINUOUS
10
2.4179677165354332
20
0.5895722834645669
11
2.4191169291338581
21
0.5896539763779527
0
LINE
8
BLACK
6
CONTINUOUS
10
2.4191169291338581
20
0.5896539763779527
11
2.4202099212598425
21
0.5892896456692913
0
LINE
8
BLACK
6
CONTINUOUS
10
2.424906338582677
20
0.5469747244094488
11
2.4251687007874017
21
0.5465999212598425
0
LINE
8
BLACK
6
CONTINUOUS
10
2.4251687007874017
20
0.5465999212598425
11
2.4251687007874017
21
0.5469747244094488
0
LINE
8
BLACK
6
CONTINUOUS
10
2.4251687007874017
20
0.5469747244094488
11
2.424906338582677
21
0.5469747244094488
0
LINE
8
BLACK
6
CONTINUOUS
10
2.4081271259842518
20
0.5528802362204724
11
2.4251687007874017
21
0.5528802362204724
0
LINE
8
BLACK
6
CONTINUOUS
10
2.4251687007874017
20
0.5528802362204724
11
2.4251687007874017
21
0.5556501968503937
0
LINE
8
BLACK
6
CONTINUOUS
10
2.4251687007874017
20
0.5556501968503937
11
2.4093738188976377
21
0.5556501968503937
0
LINE
8
BLACK
6
CONTINUOUS
10
2.4093738188976377
20
0.5556501968503937
11
2.4090822440944883
21
0.555678937007874
0
LINE
8
BLACK
6
CONTINUOUS
10
2.4090822440944883
20
0.555678937007874
11
2.409004527559055
21
0.5556733858267716
0
LINE
8
BLACK
6
CONTINUOUS
10
2.409004527559055
20
0.5556733858267716
11
2.4089483858267715
21
0.555692125984252
0
LINE
8
BLACK
6
CONTINUOUS
10
2.4089483858267715
20
0.555692125984252
11
2.4087977559055118
21
0.5557069291338582
0
LINE
8
BLACK
6
CONTINUOUS
10
2.4087977559055118
20
0.5557069291338582
11
2.4083604330708659
21
0.5558880708661417
0
LINE
8
BLACK
6
CONTINUOUS
10
2.4083604330708659
20
0.5558880708661417
11
2.4081271259842518
21
0.5559658661417323
0
LINE
8
BLACK
6
CONTINUOUS
10
2.4081271259842518
20
0.5559658661417323
11
2.4081271259842518
21
0.5528802362204724
0
LINE
8
BLACK
6
CONTINUOUS
10
2.4310742125984253
20
0.5556501968503937
11
2.4310742125984253
21
0.5549301181102362
0
LINE
8
BLACK
6
CONTINUOUS
10
2.4310742125984253
20
0.5549301181102362
11
2.4315467716535433
21
0.5551663779527559
0
LINE
8
BLACK
6
CONTINUOUS
10
2.4315467716535433
20
0.5551663779527559
11
2.432030590551181
21
0.5556501968503937
0
LINE
8
BLACK
6
CONTINUOUS
10
2.432030590551181
20
0.5556501968503937
11
2.4310742125984253
21
0.5556501968503937
0
LINE
8
BLACK
6
CONTINUOUS
10
2.4134705511811023
20
0.5615557086614174
11
2.4251687007874017
21
0.5615557086614174
0
LINE
8
BLACK
6
CONTINUOUS
10
2.4251687007874017
20
0.5615557086614174
11
2.4251687007874017
21
0.5717262992125984
0
LINE
8
BLACK
6
CONTINUOUS
10
2.4251687007874017
20
0.5717262992125984
11
2.425225433070866
21
0.5723023622047244
0
LINE
8
BLACK
6
CONTINUOUS
10
2.425225433070866
20
0.5723023622047244
11
2.4256663385826771
21
0.5733667716535433
0
LINE
8
BLACK
6
CONTINUOUS
10
2.4256663385826771
20
0.5733667716535433
11
2.4264809842519686
21
0.5741814173228347
0
LINE
8
BLACK
6
CONTINUOUS
10
2.4264809842519686
20
0.5741814173228347
11
2.4275453937007874
21
0.5746223228346456
0
LINE
8
BLACK
6
CONTINUOUS
10
2.4275453937007874
20
0.5746223228346456
11
2.4286975196850391
21
0.5746223228346456
0
LINE
8
BLACK
6
CONTINUOUS
10
2.4286975196850391
20
0.5746223228346456
11
2.4297619291338584
21
0.5741814173228347
0
LINE
8
BLACK
6
CONTINUOUS
10
2.4297619291338584
20
0.5741814173228347
11
2.4305765748031494
21
0.5733667716535433
0
LINE
8
BLACK
6
CONTINUOUS
10
2.4305765748031494
20
0.5733667716535433
11
2.4310174803149605
21
0.5723023622047244
0
LINE
8
BLACK
6
CONTINUOUS
10
2.4310174803149605
20
0.5723023622047244
11
2.4310742125984253
21
0.5717262992125984
0
LINE
8
BLACK
6
CONTINUOUS
10
2.4310742125984253
20
0.5717262992125984
11
2.4310742125984253
21
0.5615557086614174
0
LINE
8
BLACK
6
CONTINUOUS
10
2.4310742125984253
20
0.5615557086614174
11
2.4337457480314959
21
0.5615557086614174
0
LINE
8
BLACK
6
CONTINUOUS
10
2.4337457480314959
20
0.5615557086614174
11
2.4343218110236218
21
0.5614989763779528
0
LINE
8
BLACK
6
CONTINUOUS
10
2.4343218110236218
20
0.5614989763779528
11
2.435386220472441
21
0.5610580708661417
0
LINE
8
BLACK
6
CONTINUOUS
10
2.435386220472441
20
0.5610580708661417
11
2.435501968503937
21
0.5609423228346456
0
LINE
8
BLACK
6
CONTINUOUS
10
2.435501968503937
20
0.5609423228346456
11
2.435967401574803
21
0.5618731102362204
0
LINE
8
BLACK
6
CONTINUOUS
10
2.435967401574803
20
0.5618731102362204
11
2.435967401574803
21
0.5689155118110236
0
LINE
8
BLACK
6
CONTINUOUS
10
2.435967401574803
20
0.5689155118110236
11
2.4336812992125982
21
0.5734877165354331
0
LINE
8
BLACK
6
CONTINUOUS
10
2.4336812992125982
20
0.5734877165354331
11
2.4315467716535433
21
0.5756222047244094
0
LINE
8
BLACK
6
CONTINUOUS
10
2.4315467716535433
20
0.5756222047244094
11
2.4269745275590551
21
0.5779083464566929
0
LINE
8
BLACK
6
CONTINUOUS
10
2.4269745275590551
20
0.5779083464566929
11
2.4189214173228346
21
0.5779083464566929
0
LINE
8
BLACK
6
CONTINUOUS
10
2.4189214173228346
20
0.5779083464566929
11
2.4134705511811023
21
0.5615557086614174
0
LINE
8
BLACK
6
CONTINUOUS
10
2.4081271259842518
20
0.5642002755905512
11
2.412696496062992
21
0.5779083464566929
0
LINE
8
BLACK
6
CONTINUOUS
10
2.412696496062992
20
0.5779083464566929
11
2.4081271259842518
21
0.5779083464566929
0
LINE
8
BLACK
6
CONTINUOUS
10
2.4081271259842518
20
0.5779083464566929
11
2.4081271259842518
21
0.5642002755905512
0
LINE
8
BLACK
6
CONTINUOUS
10
2.5921124409448817
20
0.5638091732283464
11
2.5930183858267717
21
0.5630973622047244
0
LINE
8
BLACK
6
CONTINUOUS
10
2.5930183858267717
20
0.5630973622047244
11
2.5935829527559053
21
0.5620930314960629
0
LINE
8
BLACK
6
CONTINUOUS
10
2.5935829527559053
20
0.5620930314960629
11
2.5937201968503936
21
0.5609491732283465
0
LINE
8
BLACK
6
CONTINUOUS
10
2.5937201968503936
20
0.5609491732283465
11
2.5934092913385824
21
0.5598398031496062
0
LINE
8
BLACK
6
CONTINUOUS
10
2.5934092913385824
20
0.5598398031496062
11
2.5930979921259842
21
0.5593517716535433
0
LINE
8
BLACK
6
CONTINUOUS
10
2.5930979921259842
20
0.5593517716535433
11
2.5790645275590549
21
0.5414910236220473
0
LINE
8
BLACK
6
CONTINUOUS
10
2.5790645275590549
20
0.5414910236220473
11
2.5930979921259842
21
0.5236302755905512
0
LINE
8
BLACK
6
CONTINUOUS
10
2.5930979921259842
20
0.5236302755905512
11
2.5934092913385824
21
0.5231422440944882
0
LINE
8
BLACK
6
CONTINUOUS
10
2.5934092913385824
20
0.5231422440944882
11
2.5937201968503936
21
0.522032874015748
0
LINE
8
BLACK
6
CONTINUOUS
10
2.5937201968503936
20
0.522032874015748
11
2.5935829527559053
21
0.5208890157480315
0
LINE
8
BLACK
6
CONTINUOUS
10
2.5935829527559053
20
0.5208890157480315
11
2.5930183858267717
21
0.51988468503937
0
LINE
8
BLACK
6
CONTINUOUS
10
2.5930183858267717
20
0.51988468503937
11
2.5921124409448817
21
0.519172874015748
0
LINE
8
BLACK
6
CONTINUOUS
10
2.5921124409448817
20
0.519172874015748
11
2.5910030708661416
21
0.518861968503937
0
LINE
8
BLACK
6
CONTINUOUS
10
2.5910030708661416
20
0.518861968503937
11
2.5898592125984252
21
0.5189992125984252
0
LINE
8
BLACK
6
CONTINUOUS
10
2.5898592125984252
20
0.5189992125984252
11
2.5888548818897639
21
0.5195637795275591
0
LINE
8
BLACK
6
CONTINUOUS
10
2.5888548818897639
20
0.5195637795275591
11
2.5884543700787401
21
0.5199816929133858
0
LINE
8
BLACK
6
CONTINUOUS
10
2.5884543700787401
20
0.5199816929133858
11
2.5753093307086612
21
0.5367117322834646
0
LINE
8
BLACK
6
CONTINUOUS
10
2.5753093307086612
20
0.5367117322834646
11
2.5621643307086615
21
0.5199816929133858
0
LINE
8
BLACK
6
CONTINUOUS
10
2.5621643307086615
20
0.5199816929133858
11
2.5617638188976377
21
0.5195637795275591
0
LINE
8
BLACK
6
CONTINUOUS
10
2.5617638188976377
20
0.5195637795275591
11
2.5607594881889764
21
0.5189992125984252
0
LINE
8
BLACK
6
CONTINUOUS
10
2.5607594881889764
20
0.5189992125984252
11
2.5596156299212596
21
0.518861968503937
0
LINE
8
BLACK
6
CONTINUOUS
10
2.5596156299212596
20
0.518861968503937
11
2.5585062598425194
21
0.519172874015748
0
LINE
8
BLACK
6
CONTINUOUS
10
2.5585062598425194
20
0.519172874015748
11
2.5576003149606299
21
0.51988468503937
0
LINE
8
BLACK
6
CONTINUOUS
10
2.5576003149606299
20
0.51988468503937
11
2.5570357480314958
21
0.5208890157480315
0
LINE
8
BLACK
6
CONTINUOUS
10
2.5570357480314958
20
0.5208890157480315
11
2.556898503937008
21
0.522032874015748
0
LINE
8
BLACK
6
CONTINUOUS
10
2.556898503937008
20
0.522032874015748
11
2.5572094094488187
21
0.5231422440944882
0
LINE
8
BLACK
6
CONTINUOUS
10
2.5572094094488187
20
0.5231422440944882
11
2.5575207086614173
21
0.5236302755905512
0
LINE
8
BLACK
6
CONTINUOUS
10
2.5575207086614173
20
0.5236302755905512
11
2.5715541338582675
21
0.5414910236220473
0
LINE
8
BLACK
6
CONTINUOUS
10
2.5715541338582675
20
0.5414910236220473
11
2.5575207086614173
21
0.5593517716535433
0
LINE
8
BLACK
6
CONTINUOUS
10
2.5575207086614173
20
0.5593517716535433
11
2.5572094094488187
21
0.5598398031496062
0
LINE
8
BLACK
6
CONTINUOUS
10
2.5572094094488187
20
0.5598398031496062
11
2.556898503937008
21
0.5609491732283465
0
LINE
8
BLACK
6
CONTINUOUS
10
2.556898503937008
20
0.5609491732283465
11
2.5570357480314958
21
0.5620930314960629
0
LINE
8
BLACK
6
CONTINUOUS
10
2.5570357480314958
20
0.5620930314960629
11
2.5576003149606299
21
0.5630973622047244
0
LINE
8
BLACK
6
CONTINUOUS
10
2.5576003149606299
20
0.5630973622047244
11
2.5585062598425194
21
0.5638091732283464
0
LINE
8
BLACK
6
CONTINUOUS
10
2.5585062598425194
20
0.5638091732283464
11
2.5596156299212596
21
0.5641200787401575
0
LINE
8
BLACK
6
CONTINUOUS
10
2.5596156299212596
20
0.5641200787401575
11
2.5607594881889764
21
0.5639828346456692
0
LINE
8
BLACK
6
CONTINUOUS
10
2.5607594881889764
20
0.5639828346456692
11
2.5617638188976377
21
0.5634182677165355
0
LINE
8
BLACK
6
CONTINUOUS
10
2.5617638188976377
20
0.5634182677165355
11
2.5621643307086615
21
0.5630003543307086
0
LINE
8
BLACK
6
CONTINUOUS
10
2.5621643307086615
20
0.5630003543307086
11
2.5753093307086612
21
0.5462703543307087
0
LINE
8
BLACK
6
CONTINUOUS
10
2.5753093307086612
20
0.5462703543307087
11
2.5884543700787401
21
0.5630003543307086
0
LINE
8
BLACK
6
CONTINUOUS
10
2.5884543700787401
20
0.5630003543307086
11
2.5888548818897639
21
0.5634182677165355
0
LINE
8
BLACK
6
CONTINUOUS
10
2.5888548818897639
20
0.5634182677165355
11
2.5898592125984252
21
0.5639828346456692
0
LINE
8
BLACK
6
CONTINUOUS
10
2.5898592125984252
20
0.5639828346456692
11
2.5910030708661416
21
0.5641200787401575
0
LINE
8
BLACK
6
CONTINUOUS
10
2.5910030708661416
20
0.5641200787401575
11
2.5921124409448817
21
0.5638091732283464
0
LINE
8
BLACK
6
CONTINUOUS
10
2.253887874015748
20
0.5837239370078739
11
2.2540983070866143
21
0.5837089763779527
0
LINE
8
BLACK
6
CONTINUOUS
10
2.2540983070866143
20
0.5837089763779527
11
2.2544293700787401
21
0.5835434645669291
0
LINE
8
BLACK
6
CONTINUOUS
10
2.2544293700787401
20
0.5835434645669291
11
2.2547807086614173
21
0.5834263385826771
0
LINE
8
BLACK
6
CONTINUOUS
10
2.2547807086614173
20
0.5834263385826771
11
2.2549400787401574
21
0.5832881102362205
0
LINE
8
BLACK
6
CONTINUOUS
10
2.2549400787401574
20
0.5832881102362205
11
2.2551287401574802
21
0.583193779527559
0
LINE
8
BLACK
6
CONTINUOUS
10
2.2551287401574802
20
0.583193779527559
11
2.2553713385826772
21
0.582914094488189
0
LINE
8
BLACK
6
CONTINUOUS
10
2.2553713385826772
20
0.582914094488189
11
2.255651062992126
21
0.5826714566929134
0
LINE
8
BLACK
6
CONTINUOUS
10
2.255651062992126
20
0.5826714566929134
11
2.2557453937007872
21
0.5824827952755905
0
LINE
8
BLACK
6
CONTINUOUS
10
2.2557453937007872
20
0.5824827952755905
11
2.2558836220472442
21
0.5823234251968504
0
LINE
8
BLACK
6
CONTINUOUS
10
2.2558836220472442
20
0.5823234251968504
11
2.2561196062992126
21
0.5817948425196851
0
LINE
8
BLACK
6
CONTINUOUS
10
2.2561196062992126
20
0.5817948425196851
11
2.2758046456692913
21
0.5227397244094488
0
LINE
8
BLACK
6
CONTINUOUS
10
2.2758046456692913
20
0.5227397244094488
11
2.2759329921259841
21
0.5221752755905512
0
LINE
8
BLACK
6
CONTINUOUS
10
2.2759329921259841
20
0.5221752755905512
11
2.2758513385826773
21
0.5210260629921259
0
LINE
8
BLACK
6
CONTINUOUS
10
2.2758513385826773
20
0.5210260629921259
11
2.2753361023622047
21
0.5199956299212598
0
LINE
8
BLACK
6
CONTINUOUS
10
2.2753361023622047
20
0.5199956299212598
11
2.274465748031496
21
0.519240748031496
0
LINE
8
BLACK
6
CONTINUOUS
10
2.274465748031496
20
0.519240748031496
11
2.2733727165354329
21
0.5188764173228346
0
LINE
8
BLACK
6
CONTINUOUS
10
2.2733727165354329
20
0.5188764173228346
11
2.272223503937008
21
0.5189580708661418
0
LINE
8
BLACK
6
CONTINUOUS
10
2.272223503937008
20
0.5189580708661418
11
2.2711930708661416
21
0.5194733070866142
0
LINE
8
BLACK
6
CONTINUOUS
10
2.2711930708661416
20
0.5194733070866142
11
2.2704381889763781
21
0.5203436614173228
0
LINE
8
BLACK
6
CONTINUOUS
10
2.2704381889763781
20
0.5203436614173228
11
2.2702022047244093
21
0.5208722440944882
0
LINE
8
BLACK
6
CONTINUOUS
10
2.2702022047244093
20
0.5208722440944882
11
2.2652509055118109
21
0.5357261023622047
0
LINE
8
BLACK
6
CONTINUOUS
10
2.2652509055118109
20
0.5357261023622047
11
2.2413858661417323
21
0.5357261023622047
0
LINE
8
BLACK
6
CONTINUOUS
10
2.2413858661417323
20
0.5357261023622047
11
2.2364345669291339
21
0.5208722440944882
0
LINE
8
BLACK
6
CONTINUOUS
10
2.2364345669291339
20
0.5208722440944882
11
2.2361985826771651
21
0.5203436614173228
0
LINE
8
BLACK
6
CONTINUOUS
10
2.2361985826771651
20
0.5203436614173228
11
2.2354437007874015
21
0.5194733070866142
0
LINE
8
BLACK
6
CONTINUOUS
10
2.2354437007874015
20
0.5194733070866142
11
2.2344132677165356
21
0.5189581102362205
0
LINE
8
BLACK
6
CONTINUOUS
10
2.2344132677165356
20
0.5189581102362205
11
2.2332640551181102
21
0.5188764173228346
0
LINE
8
BLACK
6
CONTINUOUS
10
2.2332640551181102
20
0.5188764173228346
11
2.2321710236220471
21
0.519240748031496
0
LINE
8
BLACK
6
CONTINUOUS
10
2.2321710236220471
20
0.519240748031496
11
2.2313006692913384
21
0.5199956299212598
0
LINE
8
BLACK
6
CONTINUOUS
10
2.2313006692913384
20
0.5199956299212598
11
2.230785472440945
21
0.5210260629921259
0
LINE
8
BLACK
6
CONTINUOUS
10
2.230785472440945
20
0.5210260629921259
11
2.230703779527559
21
0.5221752755905512
0
LINE
8
BLACK
6
CONTINUOUS
10
2.230703779527559
20
0.5221752755905512
11
2.2308321259842518
21
0.5227397244094488
0
LINE
8
BLACK
6
CONTINUOUS
10
2.2308321259842518
20
0.5227397244094488
11
2.2505171653543306
21
0.5817948425196851
0
LINE
8
BLACK
6
CONTINUOUS
10
2.2505171653543306
20
0.5817948425196851
11
2.2507531496062994
21
0.5823234251968504
0
LINE
8
BLACK
6
CONTINUOUS
10
2.2507531496062994
20
0.5823234251968504
11
2.250891377952756
21
0.5824828346456693
0
LINE
8
BLACK
6
CONTINUOUS
10
2.250891377952756
20
0.5824828346456693
11
2.2509857086614171
21
0.5826714566929134
0
LINE
8
BLACK
6
CONTINUOUS
10
2.2509857086614171
20
0.5826714566929134
11
2.2512653937007872
21
0.582914094488189
0
LINE
8
BLACK
6
CONTINUOUS
10
2.2512653937007872
20
0.582914094488189
11
2.2515080314960629
21
0.583193779527559
0
LINE
8
BLACK
6
CONTINUOUS
10
2.2515080314960629
20
0.583193779527559
11
2.2516966929133857
21
0.5832881496062992
0
LINE
8
BLACK
6
CONTINUOUS
10
2.2516966929133857
20
0.5832881496062992
11
2.2518560629921258
21
0.5834263385826771
0
LINE
8
BLACK
6
CONTINUOUS
10
2.2518560629921258
20
0.5834263385826771
11
2.2522072047244093
21
0.5835434251968504
0
LINE
8
BLACK
6
CONTINUOUS
10
2.2522072047244093
20
0.5835434251968504
11
2.2525384645669293
21
0.5837090157480315
0
LINE
8
BLACK
6
CONTINUOUS
10
2.2525384645669293
20
0.5837090157480315
11
2.2527489763779527
21
0.5837239763779527
0
LINE
8
BLACK
6
CONTINUOUS
10
2.2527489763779527
20
0.5837239763779527
11
2.2529490944881889
21
0.5837906692913386
0
LINE
8
BLACK
6
CONTINUOUS
10
2.2529490944881889
20
0.5837906692913386
11
2.2533182677165353
21
0.5837644488188977
0
LINE
8
BLACK
6
CONTINUOUS
10
2.2533182677165353
20
0.5837644488188977
11
2.2536876771653542
21
0.5837906692913386
0
LINE
8
BLACK
6
CONTINUOUS
10
2.2536876771653542
20
0.5837906692913386
11
2.253887874015748
21
0.5837239370078739
0
LINE
8
BLACK
6
CONTINUOUS
10
2.2433543700787402
20
0.5416316141732284
11
2.263282401574803
21
0.5416316141732284
0
LINE
8
BLACK
6
CONTINUOUS
10
2.263282401574803
20
0.5416316141732284
11
2.2533183858267716
21
0.5715237007874016
0
LINE
8
BLACK
6
CONTINUOUS
10
2.2533183858267716
20
0.5715237007874016
11
2.2433543700787402
21
0.5416316141732284
0
LINE
8
BLACK
6
CONTINUOUS
10
2.1284121259842519
20
0.5833162204724409
11
2.1292267716535433
21
0.5825015748031496
0
LINE
8
BLACK
6
CONTINUOUS
10
2.1292267716535433
20
0.5825015748031496
11
2.1296676771653544
21
0.5814371653543307
0
LINE
8
BLACK
6
CONTINUOUS
10
2.1296676771653544
20
0.5814371653543307
11
2.1297244094488188
21
0.5808611023622047
0
LINE
8
BLACK
6
CONTINUOUS
10
2.1297244094488188
20
0.5808611023622047
11
2.1297244094488188
21
0.5556923622047244
0
LINE
8
BLACK
6
CONTINUOUS
10
2.1297244094488188
20
0.5556923622047244
11
2.1575646850393699
21
0.5556923622047244
0
LINE
8
BLACK
6
CONTINUOUS
10
2.1575646850393699
20
0.5556923622047244
11
2.1575646850393699
21
0.5808611023622047
0
LINE
8
BLACK
6
CONTINUOUS
10
2.1575646850393699
20
0.5808611023622047
11
2.1576214173228347
21
0.5814371653543307
0
LINE
8
BLACK
6
CONTINUOUS
10
2.1576214173228347
20
0.5814371653543307
11
2.1580623228346458
21
0.5825015748031496
0
LINE
8
BLACK
6
CONTINUOUS
10
2.1580623228346458
20
0.5825015748031496
11
2.1588769685039368
21
0.5833162204724409
0
LINE
8
BLACK
6
CONTINUOUS
10
2.1588769685039368
20
0.5833162204724409
11
2.1599413779527556
21
0.583757125984252
0
LINE
8
BLACK
6
CONTINUOUS
10
2.1599413779527556
20
0.583757125984252
11
2.1610935039370078
21
0.583757125984252
0
LINE
8
BLACK
6
CONTINUOUS
10
2.1610935039370078
20
0.583757125984252
11
2.1621579133858266
21
0.5833162204724409
0
LINE
8
BLACK
6
CONTINUOUS
10
2.1621579133858266
20
0.5833162204724409
11
2.1629725590551181
21
0.5825015748031496
0
LINE
8
BLACK
6
CONTINUOUS
10
2.1629725590551181
20
0.5825015748031496
11
2.1634134645669292
21
0.5814371653543307
0
LINE
8
BLACK
6
CONTINUOUS
10
2.1634134645669292
20
0.5814371653543307
11
2.1634701968503935
21
0.5808611023622047
0
LINE
8
BLACK
6
CONTINUOUS
10
2.1634701968503935
20
0.5808611023622047
11
2.1634701968503935
21
0.5218059842519684
0
LINE
8
BLACK
6
CONTINUOUS
10
2.1634701968503935
20
0.5218059842519684
11
2.1634134645669292
21
0.5212299212598425
0
LINE
8
BLACK
6
CONTINUOUS
10
2.1634134645669292
20
0.5212299212598425
11
2.1629725590551181
21
0.5201655118110237
0
LINE
8
BLACK
6
CONTINUOUS
10
2.1629725590551181
20
0.5201655118110237
11
2.1621579133858266
21
0.5193508661417323
0
LINE
8
BLACK
6
CONTINUOUS
10
2.1621579133858266
20
0.5193508661417323
11
2.1610935039370078
21
0.5189099606299212
0
LINE
8
BLACK
6
CONTINUOUS
10
2.1610935039370078
20
0.5189099606299212
11
2.1599413779527556
21
0.5189099606299212
0
LINE
8
BLACK
6
CONTINUOUS
10
2.1599413779527556
20
0.5189099606299212
11
2.1588769685039368
21
0.5193508661417323
0
LINE
8
BLACK
6
CONTINUOUS
10
2.1588769685039368
20
0.5193508661417323
11
2.1580623228346458
21
0.5201655118110237
0
LINE
8
BLACK
6
CONTINUOUS
10
2.1580623228346458
20
0.5201655118110237
11
2.1576214173228347
21
0.5212299212598425
0
LINE
8
BLACK
6
CONTINUOUS
10
2.1576214173228347
20
0.5212299212598425
11
2.1575646850393699
21
0.5218059842519684
0
LINE
8
BLACK
6
CONTINUOUS
10
2.1575646850393699
20
0.5218059842519684
11
2.1575646850393699
21
0.5497868503937008
0
LINE
8
BLACK
6
CONTINUOUS
10
2.1575646850393699
20
0.5497868503937008
11
2.1297244094488188
21
0.5497868503937008
0
LINE
8
BLACK
6
CONTINUOUS
10
2.1297244094488188
20
0.5497868503937008
11
2.1297244094488188
21
0.5218059842519684
0
LINE
8
BLACK
6
CONTINUOUS
10
2.1297244094488188
20
0.5218059842519684
11
2.1296676771653544
21
0.5212299212598425
0
LINE
8
BLACK
6
CONTINUOUS
10
2.1296676771653544
20
0.5212299212598425
11
2.1292267716535433
21
0.5201655118110237
0
LINE
8
BLACK
6
CONTINUOUS
10
2.1292267716535433
20
0.5201655118110237
11
2.1284121259842519
21
0.5193508661417323
0
LINE
8
BLACK
6
CONTINUOUS
10
2.1284121259842519
20
0.5193508661417323
11
2.1273477165354331
21
0.5189099606299212
0
LINE
8
BLACK
6
CONTINUOUS
10
2.1273477165354331
20
0.5189099606299212
11
2.1261955905511809
21
0.5189099606299212
0
LINE
8
BLACK
6
CONTINUOUS
10
2.1261955905511809
20
0.5189099606299212
11
2.1251311811023621
21
0.5193508661417323
0
LINE
8
BLACK
6
CONTINUOUS
10
2.1251311811023621
20
0.5193508661417323
11
2.1243165354330706
21
0.5201655118110237
0
LINE
8
BLACK
6
CONTINUOUS
10
2.1243165354330706
20
0.5201655118110237
11
2.12387562992126
21
0.5212299212598425
0
LINE
8
BLACK
6
CONTINUOUS
10
2.12387562992126
20
0.5212299212598425
11
2.1238188976377952
21
0.5218059842519684
0
LINE
8
BLACK
6
CONTINUOUS
10
2.1238188976377952
20
0.5218059842519684
11
2.1238188976377952
21
0.5808611023622047
0
LINE
8
BLACK
6
CONTINUOUS
10
2.1238188976377952
20
0.5808611023622047
11
2.12387562992126
21
0.5814371653543307
0
LINE
8
BLACK
6
CONTINUOUS
10
2.12387562992126
20
0.5814371653543307
11
2.1243165354330706
21
0.5825015748031496
0
LINE
8
BLACK
6
CONTINUOUS
10
2.1243165354330706
20
0.5825015748031496
11
2.1251311811023621
21
0.5833162204724409
0
LINE
8
BLACK
6
CONTINUOUS
10
2.1251311811023621
20
0.5833162204724409
11
2.1261955905511809
21
0.583757125984252
0
LINE
8
BLACK
6
CONTINUOUS
10
2.1261955905511809
20
0.583757125984252
11
2.1273477165354331
21
0.583757125984252
0
LINE
8
BLACK
6
CONTINUOUS
10
2.1273477165354331
20
0.583757125984252
11
2.1284121259842519
21
0.5833162204724409
0
LINE
8
BLACK
6
CONTINUOUS
10
0.4321756299212599
20
0.5877724015748031
11
0.4322531102362205
21
0.5877775590551181
0
LINE
8
BLACK
6
CONTINUOUS
10
0.4322531102362205
20
0.5877775590551181
11
0.4323064566929134
21
0.5877595275590551
0
LINE
8
BLACK
6
CONTINUOUS
10
0.4323064566929134
20
0.5877595275590551
11
0.4324470472440945
21
0.5877456692913385
0
LINE
8
BLACK
6
CONTINUOUS
10
0.4324470472440945
20
0.5877456692913385
11
0.4328902362204725
21
0.5875620866141732
0
LINE
8
BLACK
6
CONTINUOUS
10
0.4328902362204725
20
0.5875620866141732
11
0.4333444881889764
21
0.5874084645669291
0
LINE
8
BLACK
6
CONTINUOUS
10
0.4333444881889764
20
0.5874084645669291
11
0.4334194488188976
21
0.5873429133858268
0
LINE
8
BLACK
6
CONTINUOUS
10
0.4334194488188976
20
0.5873429133858268
11
0.4335114566929134
21
0.5873047637795276
0
LINE
8
BLACK
6
CONTINUOUS
10
0.4335114566929134
20
0.5873047637795276
11
0.4338504330708661
21
0.5869657874015748
0
LINE
8
BLACK
6
CONTINUOUS
10
0.4338504330708661
20
0.5869657874015748
11
0.4342115748031496
21
0.5866498031496062
0
LINE
8
BLACK
6
CONTINUOUS
10
0.4342115748031496
20
0.5866498031496062
11
0.4342557480314961
21
0.5865604724409449
0
LINE
8
BLACK
6
CONTINUOUS
10
0.4342557480314961
20
0.5865604724409449
11
0.4343261023622047
21
0.5864901181102362
0
LINE
8
BLACK
6
CONTINUOUS
10
0.4343261023622047
20
0.5864901181102362
11
0.4345095669291338
21
0.5860472047244094
0
LINE
8
BLACK
6
CONTINUOUS
10
0.4345095669291338
20
0.5860472047244094
11
0.4347222834645669
21
0.5856170472440945
0
LINE
8
BLACK
6
CONTINUOUS
10
0.4347222834645669
20
0.5856170472440945
11
0.4347288976377953
21
0.5855177165354331
0
LINE
8
BLACK
6
CONTINUOUS
10
0.4347288976377953
20
0.5855177165354331
11
0.4347670078740157
21
0.5854257086614173
0
LINE
8
BLACK
6
CONTINUOUS
10
0.4347670078740157
20
0.5854257086614173
11
0.4347670078740157
21
0.5849460236220473
0
LINE
8
BLACK
6
CONTINUOUS
10
0.4347670078740157
20
0.5849460236220473
11
0.4347988976377953
21
0.5844675196850394
0
LINE
8
BLACK
6
CONTINUOUS
10
0.4347988976377953
20
0.5844675196850394
11
0.4347670078740157
21
0.5843732283464567
0
LINE
8
BLACK
6
CONTINUOUS
10
0.4347670078740157
20
0.5843732283464567
11
0.4347670078740157
21
0.5842735826771653
0
LINE
8
BLACK
6
CONTINUOUS
10
0.4347670078740157
20
0.5842735826771653
11
0.4345833858267716
21
0.5838303937007874
0
LINE
8
BLACK
6
CONTINUOUS
10
0.4345833858267716
20
0.5838303937007874
11
0.4344298031496063
21
0.5833761417322835
0
LINE
8
BLACK
6
CONTINUOUS
10
0.4344298031496063
20
0.5833761417322835
11
0.4343476771653543
21
0.5832612992125984
0
LINE
8
BLACK
6
CONTINUOUS
10
0.4343476771653543
20
0.5832612992125984
11
0.4343261023622047
21
0.5832091732283464
0
LINE
8
BLACK
6
CONTINUOUS
10
0.4343261023622047
20
0.5832091732283464
11
0.4342711417322834
21
0.5831542519685039
0
LINE
8
BLACK
6
CONTINUOUS
10
0.4342711417322834
20
0.5831542519685039
11
0.4340931496062992
21
0.5829052362204724
0
LINE
8
BLACK
6
CONTINUOUS
10
0.4340931496062992
20
0.5829052362204724
11
0.4251602362204724
21
0.572696220472441
0
LINE
8
BLACK
6
CONTINUOUS
10
0.4251602362204724
20
0.572696220472441
11
0.4256924409448819
21
0.5724925590551181
0
LINE
8
BLACK
6
CONTINUOUS
10
0.4256924409448819
20
0.5724925590551181
11
0.429441968503937
21
0.5706177952755905
0
LINE
8
BLACK
6
CONTINUOUS
10
0.429441968503937
20
0.5706177952755905
11
0.4296899606299213
21
0.5704617322834645
0
LINE
8
BLACK
6
CONTINUOUS
10
0.4296899606299213
20
0.5704617322834645
11
0.4297619291338582
21
0.5704318897637796
0
LINE
8
BLACK
6
CONTINUOUS
10
0.4297619291338582
20
0.5704318897637796
11
0.429842874015748
21
0.5703654330708662
0
LINE
8
BLACK
6
CONTINUOUS
10
0.429842874015748
20
0.5703654330708662
11
0.4299318503937008
21
0.5703094488188977
0
LINE
8
BLACK
6
CONTINUOUS
10
0.4299318503937008
20
0.5703094488188977
11
0.4299829921259842
21
0.5702504724409448
0
LINE
8
BLACK
6
CONTINUOUS
10
0.4299829921259842
20
0.5702504724409448
11
0.4302093700787402
21
0.57006468503937
0
LINE
8
BLACK
6
CONTINUOUS
10
0.4302093700787402
20
0.57006468503937
11
0.4320841338582677
21
0.5681899212598425
0
LINE
8
BLACK
6
CONTINUOUS
10
0.4320841338582677
20
0.5681899212598425
11
0.4322698818897638
21
0.5679635826771653
0
LINE
8
BLACK
6
CONTINUOUS
10
0.4322698818897638
20
0.5679635826771653
11
0.4323288976377953
21
0.5679124015748032
0
LINE
8
BLACK
6
CONTINUOUS
10
0.4323288976377953
20
0.5679124015748032
11
0.432384842519685
21
0.5678234645669291
0
LINE
8
BLACK
6
CONTINUOUS
10
0.432384842519685
20
0.5678234645669291
11
0.4324513385826771
21
0.5677424803149607
0
LINE
8
BLACK
6
CONTINUOUS
10
0.4324513385826771
20
0.5677424803149607
11
0.4324811417322835
21
0.5676705511811023
0
LINE
8
BLACK
6
CONTINUOUS
10
0.4324811417322835
20
0.5676705511811023
11
0.4326372440944882
21
0.5674225196850393
0
LINE
8
BLACK
6
CONTINUOUS
10
0.4326372440944882
20
0.5674225196850393
11
0.4345120078740157
21
0.5636729921259842
0
LINE
8
BLACK
6
CONTINUOUS
10
0.4345120078740157
20
0.5636729921259842
11
0.4347188976377953
21
0.5631324015748032
0
LINE
8
BLACK
6
CONTINUOUS
10
0.4347188976377953
20
0.5631324015748032
11
0.4347264173228346
21
0.5630265354330709
0
LINE
8
BLACK
6
CONTINUOUS
10
0.4347264173228346
20
0.5630265354330709
11
0.4347670078740157
21
0.5629285433070866
0
LINE
8
BLACK
6
CONTINUOUS
10
0.4347670078740157
20
0.5629285433070866
11
0.4348237401574803
21
0.5623524803149607
0
LINE
8
BLACK
6
CONTINUOUS
10
0.4348237401574803
20
0.5623524803149607
11
0.4348237401574803
21
0.5529786614173228
0
LINE
8
BLACK
6
CONTINUOUS
10
0.4348237401574803
20
0.5529786614173228
11
0.4347670078740157
21
0.5524025984251968
0
LINE
8
BLACK
6
CONTINUOUS
10
0.4347670078740157
20
0.5524025984251968
11
0.4347264173228346
21
0.5523046456692913
0
LINE
8
BLACK
6
CONTINUOUS
10
0.4347264173228346
20
0.5523046456692913
11
0.4347188976377953
21
0.5521987401574803
0
LINE
8
BLACK
6
CONTINUOUS
10
0.4347188976377953
20
0.5521987401574803
11
0.4345120078740157
21
0.5516581496062992
0
LINE
8
BLACK
6
CONTINUOUS
10
0.4345120078740157
20
0.5516581496062992
11
0.4326372440944882
21
0.5479086220472441
0
LINE
8
BLACK
6
CONTINUOUS
10
0.4326372440944882
20
0.5479086220472441
11
0.4324811811023622
21
0.547660748031496
0
LINE
8
BLACK
6
CONTINUOUS
10
0.4324811811023622
20
0.547660748031496
11
0.4324513779527559
21
0.5475887007874015
0
LINE
8
BLACK
6
CONTINUOUS
10
0.4324513779527559
20
0.5475887007874015
11
0.432384842519685
21
0.5475076771653543
0
LINE
8
BLACK
6
CONTINUOUS
10
0.432384842519685
20
0.5475076771653543
11
0.4323288976377953
21
0.5474187401574803
0
LINE
8
BLACK
6
CONTINUOUS
10
0.4323288976377953
20
0.5474187401574803
11
0.4322698818897638
21
0.5473675984251969
0
LINE
8
BLACK
6
CONTINUOUS
10
0.4322698818897638
20
0.5473675984251969
11
0.4320841338582677
21
0.547141220472441
0
LINE
8
BLACK
6
CONTINUOUS
10
0.4320841338582677
20
0.547141220472441
11
0.4302094094488189
21
0.5452664566929134
0
LINE
8
BLACK
6
CONTINUOUS
10
0.4302094094488189
20
0.5452664566929134
11
0.429983031496063
21
0.5450807086614173
0
LINE
8
BLACK
6
CONTINUOUS
10
0.429983031496063
20
0.5450807086614173
11
0.4299318503937008
21
0.5450216535433071
0
LINE
8
BLACK
6
CONTINUOUS
10
0.4299318503937008
20
0.5450216535433071
11
0.429842874015748
21
0.5449656692913386
0
LINE
8
BLACK
6
CONTINUOUS
10
0.429842874015748
20
0.5449656692913386
11
0.4297619291338582
21
0.5448992125984252
0
LINE
8
BLACK
6
CONTINUOUS
10
0.4297619291338582
20
0.5448992125984252
11
0.4296899606299213
21
0.5448694094488189
0
LINE
8
BLACK
6
CONTINUOUS
10
0.4296899606299213
20
0.5448694094488189
11
0.429441968503937
21
0.5447133070866141
0
LINE
8
BLACK
6
CONTINUOUS
10
0.429441968503937
20
0.5447133070866141
11
0.4256924409448819
21
0.5428385433070866
0
LINE
8
BLACK
6
CONTINUOUS
10
0.4256924409448819
20
0.5428385433070866
11
0.425151811023622
21
0.5426316535433071
0
LINE
8
BLACK
6
CONTINUOUS
10
0.425151811023622
20
0.5426316535433071
11
0.4250459842519685
21
0.5426241732283464
0
LINE
8
BLACK
6
CONTINUOUS
10
0.4250459842519685
20
0.5426241732283464
11
0.4249479921259842
21
0.5425835433070866
0
LINE
8
BLACK
6
CONTINUOUS
10
0.4249479921259842
20
0.5425835433070866
11
0.4243719291338582
21
0.542526811023622
0
LINE
8
BLACK
6
CONTINUOUS
10
0.4243719291338582
20
0.542526811023622
11
0.4131233464566929
21
0.542526811023622
0
LINE
8
BLACK
6
CONTINUOUS
10
0.4131233464566929
20
0.542526811023622
11
0.4125472834645669
21
0.5425835433070866
0
LINE
8
BLACK
6
CONTINUOUS
10
0.4125472834645669
20
0.5425835433070866
11
0.4124492913385827
21
0.5426241338582677
0
LINE
8
BLACK
6
CONTINUOUS
10
0.4124492913385827
20
0.5426241338582677
11
0.4123434251968504
21
0.5426316535433071
0
LINE
8
BLACK
6
CONTINUOUS
10
0.4123434251968504
20
0.5426316535433071
11
0.4118028346456693
21
0.5428385433070866
0
LINE
8
BLACK
6
CONTINUOUS
10
0.4118028346456693
20
0.5428385433070866
11
0.4080533070866141
21
0.5447133070866141
0
LINE
8
BLACK
6
CONTINUOUS
10
0.4080533070866141
20
0.5447133070866141
11
0.4078052755905512
21
0.5448694094488189
0
LINE
8
BLACK
6
CONTINUOUS
10
0.4078052755905512
20
0.5448694094488189
11
0.4077333464566929
21
0.5448992125984252
0
LINE
8
BLACK
6
CONTINUOUS
10
0.4077333464566929
20
0.5448992125984252
11
0.4076523622047244
21
0.5449656692913386
0
LINE
8
BLACK
6
CONTINUOUS
10
0.4076523622047244
20
0.5449656692913386
11
0.4075634251968504
21
0.5450216535433071
0
LINE
8
BLACK
6
CONTINUOUS
10
0.4075634251968504
20
0.5450216535433071
11
0.4075122047244095
21
0.5450807086614173
0
LINE
8
BLACK
6
CONTINUOUS
10
0.4075122047244095
20
0.5450807086614173
11
0.4072858661417323
21
0.5452664566929134
0
LINE
8
BLACK
6
CONTINUOUS
10
0.4072858661417323
20
0.5452664566929134
11
0.4054111023622047
21
0.5471412598425197
0
LINE
8
BLACK
6
CONTINUOUS
10
0.4054111023622047
20
0.5471412598425197
11
0.4050438976377952
21
0.5475887007874015
0
LINE
8
BLACK
6
CONTINUOUS
10
0.4050438976377952
20
0.5475887007874015
11
0.404603031496063
21
0.5486531102362204
0
LINE
8
BLACK
6
CONTINUOUS
10
0.404603031496063
20
0.5486531102362204
11
0.404603031496063
21
0.5498051968503936
0
LINE
8
BLACK
6
CONTINUOUS
10
0.404603031496063
20
0.5498051968503936
11
0.405043937007874
21
0.5508696062992126
0
LINE
8
BLACK
6
CONTINUOUS
10
0.405043937007874
20
0.5508696062992126
11
0.4058586220472441
21
0.5516842913385827
0
LINE
8
BLACK
6
CONTINUOUS
10
0.4058586220472441
20
0.5516842913385827
11
0.406923031496063
21
0.552125157480315
0
LINE
8
BLACK
6
CONTINUOUS
10
0.406923031496063
20
0.552125157480315
11
0.4080751181102362
21
0.552125157480315
0
LINE
8
BLACK
6
CONTINUOUS
10
0.4080751181102362
20
0.552125157480315
11
0.4091395275590551
21
0.5516842519685039
0
LINE
8
BLACK
6
CONTINUOUS
10
0.4091395275590551
20
0.5516842519685039
11
0.4095870078740158
21
0.5513170078740157
0
LINE
8
BLACK
6
CONTINUOUS
10
0.4095870078740158
20
0.5513170078740157
11
0.4111229133858267
21
0.5497810629921259
0
LINE
8
BLACK
6
CONTINUOUS
10
0.4111229133858267
20
0.5497810629921259
11
0.4138203937007874
21
0.5484323228346456
0
LINE
8
BLACK
6
CONTINUOUS
10
0.4138203937007874
20
0.5484323228346456
11
0.4236748818897638
21
0.5484323228346456
0
LINE
8
BLACK
6
CONTINUOUS
10
0.4236748818897638
20
0.5484323228346456
11
0.4263723228346457
21
0.5497810629921259
0
LINE
8
BLACK
6
CONTINUOUS
10
0.4263723228346457
20
0.5497810629921259
11
0.4275694488188976
21
0.5509782283464567
0
LINE
8
BLACK
6
CONTINUOUS
10
0.4275694488188976
20
0.5509782283464567
11
0.4289182283464567
21
0.5536757086614174
0
LINE
8
BLACK
6
CONTINUOUS
10
0.4289182283464567
20
0.5536757086614174
11
0.4289182283464567
21
0.5616554330708662
0
LINE
8
BLACK
6
CONTINUOUS
10
0.4289182283464567
20
0.5616554330708662
11
0.4275694881889764
21
0.5643529133858267
0
LINE
8
BLACK
6
CONTINUOUS
10
0.4275694881889764
20
0.5643529133858267
11
0.4263723622047244
21
0.5655500393700787
0
LINE
8
BLACK
6
CONTINUOUS
10
0.4263723622047244
20
0.5655500393700787
11
0.4236748818897638
21
0.5668987795275591
0
LINE
8
BLACK
6
CONTINUOUS
10
0.4236748818897638
20
0.5668987795275591
11
0.4187476377952756
21
0.5668987795275591
0
LINE
8
BLACK
6
CONTINUOUS
10
0.4187476377952756
20
0.5668987795275591
11
0.4184429527559055
21
0.5669288188976378
0
LINE
8
BLACK
6
CONTINUOUS
10
0.4184429527559055
20
0.5669288188976378
11
0.4183655118110236
21
0.5669236220472441
0
LINE
8
BLACK
6
CONTINUOUS
10
0.4183655118110236
20
0.5669236220472441
11
0.4183121259842519
21
0.5669416929133858
0
LINE
8
BLACK
6
CONTINUOUS
10
0.4183121259842519
20
0.5669416929133858
11
0.4181715748031496
21
0.5669555118110237
0
LINE
8
BLACK
6
CONTINUOUS
10
0.4181715748031496
20
0.5669555118110237
11
0.4177283464566929
21
0.5671391338582678
0
LINE
8
BLACK
6
CONTINUOUS
10
0.4177283464566929
20
0.5671391338582678
11
0.4172741338582677
21
0.567292716535433
0
LINE
8
BLACK
6
CONTINUOUS
10
0.4172741338582677
20
0.567292716535433
11
0.4171991338582677
21
0.5673583070866142
0
LINE
8
BLACK
6
CONTINUOUS
10
0.4171991338582677
20
0.5673583070866142
11
0.4171071653543307
21
0.5673964173228346
0
LINE
8
BLACK
6
CONTINUOUS
10
0.4171071653543307
20
0.5673964173228346
11
0.4167681496062992
21
0.5677354330708662
0
LINE
8
BLACK
6
CONTINUOUS
10
0.4167681496062992
20
0.5677354330708662
11
0.4164070472440945
21
0.5680513779527558
0
LINE
8
BLACK
6
CONTINUOUS
10
0.4164070472440945
20
0.5680513779527558
11
0.4163628346456693
21
0.5681407480314961
0
LINE
8
BLACK
6
CONTINUOUS
10
0.4163628346456693
20
0.5681407480314961
11
0.4162925196850394
21
0.568211062992126
0
LINE
8
BLACK
6
CONTINUOUS
10
0.4162925196850394
20
0.568211062992126
11
0.4161090157480315
21
0.5686540157480315
0
LINE
8
BLACK
6
CONTINUOUS
10
0.4161090157480315
20
0.5686540157480315
11
0.4158963385826772
21
0.5690841338582677
0
LINE
8
BLACK
6
CONTINUOUS
10
0.4158963385826772
20
0.5690841338582677
11
0.4158896850393701
21
0.5691835039370079
0
LINE
8
BLACK
6
CONTINUOUS
10
0.4158896850393701
20
0.5691835039370079
11
0.4158516141732284
21
0.5692754724409449
0
LINE
8
BLACK
6
CONTINUOUS
10
0.4158516141732284
20
0.5692754724409449
11
0.4158516141732284
21
0.5697551968503937
0
LINE
8
BLACK
6
CONTINUOUS
10
0.4158516141732284
20
0.5697551968503937
11
0.4158197244094488
21
0.5702336614173228
0
LINE
8
BLACK
6
CONTINUOUS
10
0.4158197244094488
20
0.5702336614173228
11
0.4158516141732284
21
0.5703279921259843
0
LINE
8
BLACK
6
CONTINUOUS
10
0.4158516141732284
20
0.5703279921259843
11
0.4158516141732284
21
0.5704275984251969
0
LINE
8
BLACK
6
CONTINUOUS
10
0.4158516141732284
20
0.5704275984251969
11
0.4160351968503937
21
0.5708708267716536
0
LINE
8
BLACK
6
CONTINUOUS
10
0.4160351968503937
20
0.5708708267716536
11
0.4161888188976378
21
0.5713250393700787
0
LINE
8
BLACK
6
CONTINUOUS
10
0.4161888188976378
20
0.5713250393700787
11
0.416270905511811
21
0.5714399212598426
0
LINE
8
BLACK
6
CONTINUOUS
10
0.416270905511811
20
0.5714399212598426
11
0.4162925196850394
21
0.5714920078740158
0
LINE
8
BLACK
6
CONTINUOUS
10
0.4162925196850394
20
0.5714920078740158
11
0.4163474409448819
21
0.571546968503937
0
LINE
8
BLACK
6
CONTINUOUS
10
0.4163474409448819
20
0.571546968503937
11
0.4165254724409449
21
0.5717959448818898
0
LINE
8
BLACK
6
CONTINUOUS
10
0.4165254724409449
20
0.5717959448818898
11
0.4253638188976378
21
0.5818968897637795
0
LINE
8
BLACK
6
CONTINUOUS
10
0.4253638188976378
20
0.5818968897637795
11
0.4074990551181102
21
0.5818968897637795
0
LINE
8
BLACK
6
CONTINUOUS
10
0.4074990551181102
20
0.5818968897637795
11
0.4069229921259843
21
0.5819536220472441
0
LINE
8
BLACK
6
CONTINUOUS
10
0.4069229921259843
20
0.5819536220472441
11
0.4058585826771653
21
0.5823945275590551
0
LINE
8
BLACK
6
CONTINUOUS
10
0.4058585826771653
20
0.5823945275590551
11
0.405043937007874
21
0.5832091732283464
0
LINE
8
BLACK
6
CONTINUOUS
10
0.405043937007874
20
0.5832091732283464
11
0.404603031496063
21
0.5842735826771653
0
LINE
8
BLACK
6
CONTINUOUS
10
0.404603031496063
20
0.5842735826771653
11
0.404603031496063
21
0.5854257086614173
0
LINE
8
BLACK
6
CONTINUOUS
10
0.404603031496063
20
0.5854257086614173
11
0.405043937007874
21
0.5864901181102362
0
LINE
8
BLACK
6
CONTINUOUS
10
0.405043937007874
20
0.5864901181102362
11
0.4058585826771653
21
0.5873047637795276
0
LINE
8
BLACK
6
CONTINUOUS
10
0.4058585826771653
20
0.5873047637795276
11
0.4069229921259843
21
0.5877456692913385
0
LINE
8
BLACK
6
CONTINUOUS
10
0.4069229921259843
20
0.5877456692913385
11
0.4074990551181102
21
0.5878024015748031
0
LINE
8
BLACK
6
CONTINUOUS
10
0.4074990551181102
20
0.5878024015748031
11
0.4318709842519685
21
0.5878024015748031
0
LINE
8
BLACK
6
CONTINUOUS
10
0.4318709842519685
20
0.5878024015748031
11
0.4321756299212599
21
0.5877724015748031
0
LINE
8
BLACK
6
CONTINUOUS
10
0.3716442125984252
20
0.5873047637795276
11
0.3724588582677165
21
0.5864901181102362
0
LINE
8
BLACK
6
CONTINUOUS
10
0.3724588582677165
20
0.5864901181102362
11
0.3728997637795275
21
0.5854257086614173
0
LINE
8
BLACK
6
CONTINUOUS
10
0.3728997637795275
20
0.5854257086614173
11
0.3729564960629921
21
0.5848496456692913
0
LINE
8
BLACK
6
CONTINUOUS
10
0.3729564960629921
20
0.5848496456692913
11
0.3729564960629921
21
0.5690547637795276
0
LINE
8
BLACK
6
CONTINUOUS
10
0.3729564960629921
20
0.5690547637795276
11
0.3895481496062992
21
0.5690547637795276
0
LINE
8
BLACK
6
CONTINUOUS
10
0.3895481496062992
20
0.5690547637795276
11
0.3895481496062992
21
0.5848496456692913
0
LINE
8
BLACK
6
CONTINUOUS
10
0.3895481496062992
20
0.5848496456692913
11
0.3896048818897638
21
0.5854257086614173
0
LINE
8
BLACK
6
CONTINUOUS
10
0.3896048818897638
20
0.5854257086614173
11
0.3900457874015748
21
0.5864901181102362
0
LINE
8
BLACK
6
CONTINUOUS
10
0.3900457874015748
20
0.5864901181102362
11
0.3908604330708662
21
0.5873047637795276
0
LINE
8
BLACK
6
CONTINUOUS
10
0.3908604330708662
20
0.5873047637795276
11
0.391924842519685
21
0.5877456692913385
0
LINE
8
BLACK
6
CONTINUOUS
10
0.391924842519685
20
0.5877456692913385
11
0.393076968503937
21
0.5877456692913385
0
LINE
8
BLACK
6
CONTINUOUS
10
0.393076968503937
20
0.5877456692913385
11
0.3941413779527559
21
0.5873047637795276
0
LINE
8
BLACK
6
CONTINUOUS
10
0.3941413779527559
20
0.5873047637795276
11
0.3949560236220472
21
0.5864901181102362
0
LINE
8
BLACK
6
CONTINUOUS
10
0.3949560236220472
20
0.5864901181102362
11
0.3953969291338583
21
0.5854257086614173
0
LINE
8
BLACK
6
CONTINUOUS
10
0.3953969291338583
20
0.5854257086614173
11
0.3954536614173228
21
0.5848496456692913
0
LINE
8
BLACK
6
CONTINUOUS
10
0.3954536614173228
20
0.5848496456692913
11
0.3954536614173228
21
0.5454795669291338
0
LINE
8
BLACK
6
CONTINUOUS
10
0.3954536614173228
20
0.5454795669291338
11
0.3953969291338583
21
0.5449035039370078
0
LINE
8
BLACK
6
CONTINUOUS
10
0.3953969291338583
20
0.5449035039370078
11
0.3949560236220472
21
0.543839094488189
0
LINE
8
BLACK
6
CONTINUOUS
10
0.3949560236220472
20
0.543839094488189
11
0.3941413779527559
21
0.5430244488188977
0
LINE
8
BLACK
6
CONTINUOUS
10
0.3941413779527559
20
0.5430244488188977
11
0.393076968503937
21
0.5425835433070866
0
LINE
8
BLACK
6
CONTINUOUS
10
0.393076968503937
20
0.5425835433070866
11
0.391924842519685
21
0.5425835433070866
0
LINE
8
BLACK
6
CONTINUOUS
10
0.391924842519685
20
0.5425835433070866
11
0.3908604330708662
21
0.5430244488188977
0
LINE
8
BLACK
6
CONTINUOUS
10
0.3908604330708662
20
0.5430244488188977
11
0.3900457874015748
21
0.543839094488189
0
LINE
8
BLACK
6
CONTINUOUS
10
0.3900457874015748
20
0.543839094488189
11
0.3896048818897638
21
0.5449035039370078
0
LINE
8
BLACK
6
CONTINUOUS
10
0.3896048818897638
20
0.5449035039370078
11
0.3895481496062992
21
0.5454795669291338
0
LINE
8
BLACK
6
CONTINUOUS
10
0.3895481496062992
20
0.5454795669291338
11
0.3895481496062992
21
0.563149251968504
0
LINE
8
BLACK
6
CONTINUOUS
10
0.3895481496062992
20
0.563149251968504
11
0.3729564960629921
21
0.563149251968504
0
LINE
8
BLACK
6
CONTINUOUS
10
0.3729564960629921
20
0.563149251968504
11
0.3729564960629921
21
0.5454795669291338
0
LINE
8
BLACK
6
CONTINUOUS
10
0.3729564960629921
20
0.5454795669291338
11
0.3728997637795275
21
0.5449035039370078
0
LINE
8
BLACK
6
CONTINUOUS
10
0.3728997637795275
20
0.5449035039370078
11
0.3724588582677165
21
0.543839094488189
0
LINE
8
BLACK
6
CONTINUOUS
10
0.3724588582677165
20
0.543839094488189
11
0.3716442125984252
21
0.5430244488188977
0
LINE
8
BLACK
6
CONTINUOUS
10
0.3716442125984252
20
0.5430244488188977
11
0.3705798031496063
21
0.5425835433070866
0
LINE
8
BLACK
6
CONTINUOUS
10
0.3705798031496063
20
0.5425835433070866
11
0.3694276771653543
21
0.5425835433070866
0
LINE
8
BLACK
6
CONTINUOUS
10
0.3694276771653543
20
0.5425835433070866
11
0.3683632677165354
21
0.5430244488188977
0
LINE
8
BLACK
6
CONTINUOUS
10
0.3683632677165354
20
0.5430244488188977
11
0.3675486220472441
21
0.543839094488189
0
LINE
8
BLACK
6
CONTINUOUS
10
0.3675486220472441
20
0.543839094488189
11
0.3671077165354331
21
0.5449035039370078
0
LINE
8
BLACK
6
CONTINUOUS
10
0.3671077165354331
20
0.5449035039370078
11
0.3670509842519685
21
0.5454795669291338
0
LINE
8
BLACK
6
CONTINUOUS
10
0.3670509842519685
20
0.5454795669291338
11
0.3670509842519685
21
0.5848496456692913
0
LINE
8
BLACK
6
CONTINUOUS
10
0.3670509842519685
20
0.5848496456692913
11
0.3671077165354331
21
0.5854257086614173
0
LINE
8
BLACK
6
CONTINUOUS
10
0.3671077165354331
20
0.5854257086614173
11
0.3675486220472441
21
0.5864901181102362
0
LINE
8
BLACK
6
CONTINUOUS
10
0.3675486220472441
20
0.5864901181102362
11
0.3683632677165354
21
0.5873047637795276
0
LINE
8
BLACK
6
CONTINUOUS
10
0.3683632677165354
20
0.5873047637795276
11
0.3694276771653543
21
0.5877456692913385
0
LINE
8
BLACK
6
CONTINUOUS
10
0.3694276771653543
20
0.5877456692913385
11
0.3705798031496063
21
0.5877456692913385
0
LINE
8
BLACK
6
CONTINUOUS
10
0.3705798031496063
20
0.5877456692913385
11
0.3716442125984252
21
0.5873047637795276
0
LINE
8
BLACK
6
CONTINUOUS
10
1.856276338582677
20
0.5959451181102362
11
1.8572806692913386
21
0.5953805905511811
0
LINE
8
BLACK
6
CONTINUOUS
10
1.8572806692913386
20
0.5953805905511811
11
1.8579924409448818
21
0.5944746456692913
0
LINE
8
BLACK
6
CONTINUOUS
10
1.8579924409448818
20
0.5944746456692913
11
1.8583033858267717
21
0.5933652755905512
0
LINE
8
BLACK
6
CONTINUOUS
10
1.8583033858267717
20
0.5933652755905512
11
1.8581661023622047
21
0.5922213779527559
0
LINE
8
BLACK
6
CONTINUOUS
10
1.8581661023622047
20
0.5922213779527559
11
1.8576015354330708
21
0.5912170866141732
0
LINE
8
BLACK
6
CONTINUOUS
10
1.8576015354330708
20
0.5912170866141732
11
1.857183622047244
21
0.5908165748031496
0
LINE
8
BLACK
6
CONTINUOUS
10
1.857183622047244
20
0.5908165748031496
11
1.8404536220472441
21
0.5776715748031496
0
LINE
8
BLACK
6
CONTINUOUS
10
1.8404536220472441
20
0.5776715748031496
11
1.857183622047244
21
0.5645265748031496
0
LINE
8
BLACK
6
CONTINUOUS
10
1.857183622047244
20
0.5645265748031496
11
1.8576015354330708
21
0.564126062992126
0
LINE
8
BLACK
6
CONTINUOUS
10
1.8576015354330708
20
0.564126062992126
11
1.8581661023622047
21
0.5631217716535433
0
LINE
8
BLACK
6
CONTINUOUS
10
1.8581661023622047
20
0.5631217716535433
11
1.8583033858267717
21
0.5619778740157481
0
LINE
8
BLACK
6
CONTINUOUS
10
1.8583033858267717
20
0.5619778740157481
11
1.8579924409448818
21
0.5608685039370078
0
LINE
8
BLACK
6
CONTINUOUS
10
1.8579924409448818
20
0.5608685039370078
11
1.8572806692913386
21
0.559962559055118
0
LINE
8
BLACK
6
CONTINUOUS
10
1.8572806692913386
20
0.559962559055118
11
1.856276338582677
21
0.5593980314960629
0
LINE
8
BLACK
6
CONTINUOUS
10
1.856276338582677
20
0.5593980314960629
11
1.8551324803149607
21
0.5592607480314961
0
LINE
8
BLACK
6
CONTINUOUS
10
1.8551324803149607
20
0.5592607480314961
11
1.8540231102362204
21
0.5595716535433071
0
LINE
8
BLACK
6
CONTINUOUS
10
1.8540231102362204
20
0.5595716535433071
11
1.8535350787401574
21
0.5598829527559055
0
LINE
8
BLACK
6
CONTINUOUS
10
1.8535350787401574
20
0.5598829527559055
11
1.8356742913385826
21
0.5739164173228346
0
LINE
8
BLACK
6
CONTINUOUS
10
1.8356742913385826
20
0.5739164173228346
11
1.8178135826771653
21
0.5598829527559055
0
LINE
8
BLACK
6
CONTINUOUS
10
1.8178135826771653
20
0.5598829527559055
11
1.8173255511811024
21
0.5595716535433071
0
LINE
8
BLACK
6
CONTINUOUS
10
1.8173255511811024
20
0.5595716535433071
11
1.8162161811023623
21
0.5592607480314961
0
LINE
8
BLACK
6
CONTINUOUS
10
1.8162161811023623
20
0.5592607480314961
11
1.8150723228346457
21
0.5593979921259843
0
LINE
8
BLACK
6
CONTINUOUS
10
1.8150723228346457
20
0.5593979921259843
11
1.8140679921259841
21
0.559962559055118
0
LINE
8
BLACK
6
CONTINUOUS
10
1.8140679921259841
20
0.559962559055118
11
1.8133561811023622
21
0.5608685039370078
0
LINE
8
BLACK
6
CONTINUOUS
10
1.8133561811023622
20
0.5608685039370078
11
1.8130452755905511
21
0.5619778740157481
0
LINE
8
BLACK
6
CONTINUOUS
10
1.8130452755905511
20
0.5619778740157481
11
1.8131825196850393
21
0.5631217322834645
0
LINE
8
BLACK
6
CONTINUOUS
10
1.8131825196850393
20
0.5631217322834645
11
1.8137470866141732
21
0.564126062992126
0
LINE
8
BLACK
6
CONTINUOUS
10
1.8137470866141732
20
0.564126062992126
11
1.814165
21
0.5645265748031496
0
LINE
8
BLACK
6
CONTINUOUS
10
1.814165
20
0.5645265748031496
11
1.8308949999999999
21
0.5776715748031496
0
LINE
8
BLACK
6
CONTINUOUS
10
1.8308949999999999
20
0.5776715748031496
11
1.814165
21
0.5908165748031496
0
LINE
8
BLACK
6
CONTINUOUS
10
1.814165
20
0.5908165748031496
11
1.8137470866141732
21
0.5912170866141732
0
LINE
8
BLACK
6
CONTINUOUS
10
1.8137470866141732
20
0.5912170866141732
11
1.8131825196850393
21
0.5922214173228346
0
LINE
8
BLACK
6
CONTINUOUS
10
1.8131825196850393
20
0.5922214173228346
11
1.8130452755905511
21
0.5933652755905512
0
LINE
8
BLACK
6
CONTINUOUS
10
1.8130452755905511
20
0.5933652755905512
11
1.8133561811023622
21
0.5944746456692913
0
LINE
8
BLACK
6
CONTINUOUS
10
1.8133561811023622
20
0.5944746456692913
11
1.8140679921259841
21
0.5953805905511811
0
LINE
8
BLACK
6
CONTINUOUS
10
1.8140679921259841
20
0.5953805905511811
11
1.8150723228346457
21
0.595945157480315
0
LINE
8
BLACK
6
CONTINUOUS
10
1.8150723228346457
20
0.595945157480315
11
1.8162161811023623
21
0.5960824015748032
0
LINE
8
BLACK
6
CONTINUOUS
10
1.8162161811023623
20
0.5960824015748032
11
1.8173255511811024
21
0.5957714960629921
0
LINE
8
BLACK
6
CONTINUOUS
10
1.8173255511811024
20
0.5957714960629921
11
1.8178135826771653
21
0.5954601968503936
0
LINE
8
BLACK
6
CONTINUOUS
10
1.8178135826771653
20
0.5954601968503936
11
1.8356742913385826
21
0.5814267716535433
0
LINE
8
BLACK
6
CONTINUOUS
10
1.8356742913385826
20
0.5814267716535433
11
1.8535350787401574
21
0.5954601968503936
0
LINE
8
BLACK
6
CONTINUOUS
10
1.8535350787401574
20
0.5954601968503936
11
1.8540231102362204
21
0.5957714960629921
0
LINE
8
BLACK
6
CONTINUOUS
10
1.8540231102362204
20
0.5957714960629921
11
1.8551324803149607
21
0.5960824015748032
0
LINE
8
BLACK
6
CONTINUOUS
10
1.8551324803149607
20
0.5960824015748032
11
1.856276338582677
21
0.5959451181102362
0
LINE
8
BLACK
6
CONTINUOUS
10
2.3922047244094489
20
0.6188188976377953
11
2.3322047244094488
21
0.6188188976377953
0
LINE
8
BLACK
6
CONTINUOUS
10
2.3322047244094488
20
0.6188188976377953
11
2.3322047244094488
21
0.6788188976377952
0
LINE
8
BLACK
6
CONTINUOUS
10
2.3322047244094488
20
0.6788188976377952
11
2.3922047244094489
21
0.6788188976377952
0
LINE
8
BLACK
6
CONTINUOUS
10
2.3922047244094489
20
0.6788188976377952
11
2.3922047244094489
21
0.6188188976377953
0
LINE
8
BLACK
6
CONTINUOUS
10
2.492204724409449
20
0.6188188976377953
11
2.4322047244094489
21
0.6188188976377953
0
LINE
8
BLACK
6
CONTINUOUS
10
2.4322047244094489
20
0.6188188976377953
11
2.4322047244094489
21
0.6788188976377952
0
LINE
8
BLACK
6
CONTINUOUS
10
2.4322047244094489
20
0.6788188976377952
11
2.492204724409449
21
0.6788188976377952
0
LINE
8
BLACK
6
CONTINUOUS
10
2.492204724409449
20
0.6788188976377952
11
2.492204724409449
21
0.6188188976377953
0
LINE
8
BLACK
6
CONTINUOUS
10
2.3922047244094489
20
0.7188188976377953
11
2.3322047244094488
21
0.7188188976377953
0
LINE
8
BLACK
6
CONTINUOUS
10
2.3322047244094488
20
0.7188188976377953
11
2.3322047244094488
21
0.7788188976377952
0
LINE
8
BLACK
6
CONTINUOUS
10
2.3322047244094488
20
0.7788188976377952
11
2.3922047244094489
21
0.7788188976377952
0
LINE
8
BLACK
6
CONTINUOUS
10
2.3922047244094489
20
0.7788188976377952
11
2.3922047244094489
21
0.7188188976377953
0
LINE
8
BLACK
6
CONTINUOUS
10
2.492204724409449
20
0.7188188976377953
11
2.4322047244094489
21
0.7188188976377953
0
LINE
8
BLACK
6
CONTINUOUS
10
2.4322047244094489
20
0.7188188976377953
11
2.4322047244094489
21
0.7788188976377952
0
LINE
8
BLACK
6
CONTINUOUS
10
2.4322047244094489
20
0.7788188976377952
11
2.492204724409449
21
0.7788188976377952
0
LINE
8
BLACK
6
CONTINUOUS
10
2.492204724409449
20
0.7788188976377952
11
2.492204724409449
21
0.7188188976377953
0
LINE
8
BLACK
6
CONTINUOUS
10
2.3922047244094489
20
0.8188188976377953
11
2.3322047244094488
21
0.8188188976377953
0
LINE
8
BLACK
6
CONTINUOUS
10
2.3322047244094488
20
0.8188188976377953
11
2.3322047244094488
21
0.8788188976377953
0
LINE
8
BLACK
6
CONTINUOUS
10
2.3322047244094488
20
0.8788188976377953
11
2.3922047244094489
21
0.8788188976377953
0
LINE
8
BLACK
6
CONTINUOUS
10
2.3922047244094489
20
0.8788188976377953
11
2.3922047244094489
21
0.8188188976377953
0
LINE
8
BLACK
6
CONTINUOUS
10
2.492204724409449
20
0.8188188976377953
11
2.4322047244094489
21
0.8188188976377953
0
LINE
8
BLACK
6
CONTINUOUS
10
2.4322047244094489
20
0.8188188976377953
11
2.4322047244094489
21
0.8788188976377953
0
LINE
8
BLACK
6
CONTINUOUS
10
2.4322047244094489
20
0.8788188976377953
11
2.492204724409449
21
0.8788188976377953
0
LINE
8
BLACK
6
CONTINUOUS
10
2.492204724409449
20
0.8788188976377953
11
2.492204724409449
21
0.8188188976377953
0
LINE
8
BLACK
6
CONTINUOUS
10
2.3922047244094489
20
0.9188188976377952
11
2.3322047244094488
21
0.9188188976377952
0
LINE
8
BLACK
6
CONTINUOUS
10
2.3322047244094488
20
0.9188188976377952
11
2.3322047244094488
21
0.9788188976377953
0
LINE
8
BLACK
6
CONTINUOUS
10
2.3322047244094488
20
0.9788188976377953
11
2.3922047244094489
21
0.9788188976377953
0
LINE
8
BLACK
6
CONTINUOUS
10
2.3922047244094489
20
0.9788188976377953
11
2.3922047244094489
21
0.9188188976377952
0
LINE
8
BLACK
6
CONTINUOUS
10
2.492204724409449
20
0.9188188976377952
11
2.4322047244094489
21
0.9188188976377952
0
LINE
8
BLACK
6
CONTINUOUS
10
2.4322047244094489
20
0.9188188976377952
11
2.4322047244094489
21
0.9788188976377953
0
LINE
8
BLACK
6
CONTINUOUS
10
2.4322047244094489
20
0.9788188976377953
11
2.492204724409449
21
0.9788188976377953
0
LINE
8
BLACK
6
CONTINUOUS
10
2.492204724409449
20
0.9788188976377953
11
2.492204724409449
21
0.9188188976377952
0
LINE
8
BLACK
6
CONTINUOUS
10
2.3922047244094489
20
1.0188188976377952
11
2.3322047244094488
21
1.0188188976377952
0
LINE
8
BLACK
6
CONTINUOUS
10
2.3322047244094488
20
1.0188188976377952
11
2.3322047244094488
21
1.0788188976377953
0
LINE
8
BLACK
6
CONTINUOUS
10
2.3322047244094488
20
1.0788188976377953
11
2.3922047244094489
21
1.0788188976377953
0
LINE
8
BLACK
6
CONTINUOUS
10
2.3922047244094489
20
1.0788188976377953
11
2.3922047244094489
21
1.0188188976377952
0
LINE
8
BLACK
6
CONTINUOUS
10
2.492204724409449
20
1.0188188976377952
11
2.4322047244094489
21
1.0188188976377952
0
LINE
8
BLACK
6
CONTINUOUS
10
2.4322047244094489
20
1.0188188976377952
11
2.4322047244094489
21
1.0788188976377953
0
LINE
8
BLACK
6
CONTINUOUS
10
2.4322047244094489
20
1.0788188976377953
11
2.492204724409449
21
1.0788188976377953
0
LINE
8
BLACK
6
CONTINUOUS
10
2.492204724409449
20
1.0788188976377953
11
2.492204724409449
21
1.0188188976377952
0
LINE
8
BLACK
6
CONTINUOUS
10
2.3922047244094489
20
1.1188188976377953
11
2.3322047244094488
21
1.1188188976377953
0
LINE
8
BLACK
6
CONTINUOUS
10
2.3322047244094488
20
1.1188188976377953
11
2.3322047244094488
21
1.1788188976377953
0
LINE
8
BLACK
6
CONTINUOUS
10
2.3322047244094488
20
1.1788188976377953
11
2.3922047244094489
21
1.1788188976377953
0
LINE
8
BLACK
6
CONTINUOUS
10
2.3922047244094489
20
1.1788188976377953
11
2.3922047244094489
21
1.1188188976377953
0
LINE
8
BLACK
6
CONTINUOUS
10
2.492204724409449
20
1.1188188976377953
11
2.4322047244094489
21
1.1188188976377953
0
LINE
8
BLACK
6
CONTINUOUS
10
2.4322047244094489
20
1.1188188976377953
11
2.4322047244094489
21
1.1788188976377953
0
LINE
8
BLACK
6
CONTINUOUS
10
2.4322047244094489
20
1.1788188976377953
11
2.492204724409449
21
1.1788188976377953
0
LINE
8
BLACK
6
CONTINUOUS
10
2.492204724409449
20
1.1788188976377953
11
2.492204724409449
21
1.1188188976377953
0
LINE
8
BLACK
6
CONTINUOUS
10
2.3922047244094489
20
1.2188188976377952
11
2.3322047244094488
21
1.2188188976377952
0
LINE
8
BLACK
6
CONTINUOUS
10
2.3322047244094488
20
1.2188188976377952
11
2.3322047244094488
21
1.2788188976377952
0
LINE
8
BLACK
6
CONTINUOUS
10
2.3322047244094488
20
1.2788188976377952
11
2.3922047244094489
21
1.2788188976377952
0
LINE
8
BLACK
6
CONTINUOUS
10
2.3922047244094489
20
1.2788188976377952
11
2.3922047244094489
21
1.2188188976377952
0
LINE
8
BLACK
6
CONTINUOUS
10
2.492204724409449
20
1.2188188976377952
11
2.4322047244094489
21
1.2188188976377952
0
LINE
8
BLACK
6
CONTINUOUS
10
2.4322047244094489
20
1.2188188976377952
11
2.4322047244094489
21
1.2788188976377952
0
LINE
8
BLACK
6
CONTINUOUS
10
2.4322047244094489
20
1.2788188976377952
11
2.492204724409449
21
1.2788188976377952
0
LINE
8
BLACK
6
CONTINUOUS
10
2.492204724409449
20
1.2788188976377952
11
2.492204724409449
21
1.2188188976377952
0
LINE
8
BLACK
6
CONTINUOUS
10
2.3922047244094489
20
1.3188188976377953
11
2.3322047244094488
21
1.3188188976377953
0
LINE
8
BLACK
6
CONTINUOUS
10
2.3322047244094488
20
1.3188188976377953
11
2.3322047244094488
21
1.3788188976377953
0
LINE
8
BLACK
6
CONTINUOUS
10
2.3322047244094488
20
1.3788188976377953
11
2.3922047244094489
21
1.3788188976377953
0
LINE
8
BLACK
6
CONTINUOUS
10
2.3922047244094489
20
1.3788188976377953
11
2.3922047244094489
21
1.3188188976377953
0
LINE
8
BLACK
6
CONTINUOUS
10
2.492204724409449
20
1.3188188976377953
11
2.4322047244094489
21
1.3188188976377953
0
LINE
8
BLACK
6
CONTINUOUS
10
2.4322047244094489
20
1.3188188976377953
11
2.4322047244094489
21
1.3788188976377953
0
LINE
8
BLACK
6
CONTINUOUS
10
2.4322047244094489
20
1.3788188976377953
11
2.492204724409449
21
1.3788188976377953
0
LINE
8
BLACK
6
CONTINUOUS
10
2.492204724409449
20
1.3788188976377953
11
2.492204724409449
21
1.3188188976377953
0
LINE
8
BLACK
6
CONTINUOUS
10
2.3922047244094489
20
1.4188188976377953
11
2.3322047244094488
21
1.4188188976377953
0
LINE
8
BLACK
6
CONTINUOUS
10
2.3322047244094488
20
1.4188188976377953
11
2.3322047244094488
21
1.4788188976377952
0
LINE
8
BLACK
6
CONTINUOUS
10
2.3322047244094488
20
1.4788188976377952
11
2.3922047244094489
21
1.4788188976377952
0
LINE
8
BLACK
6
CONTINUOUS
10
2.3922047244094489
20
1.4788188976377952
11
2.3922047244094489
21
1.4188188976377953
0
LINE
8
BLACK
6
CONTINUOUS
10
2.492204724409449
20
1.4188188976377953
11
2.4322047244094489
21
1.4188188976377953
0
LINE
8
BLACK
6
CONTINUOUS
10
2.4322047244094489
20
1.4188188976377953
11
2.4322047244094489
21
1.4788188976377952
0
LINE
8
BLACK
6
CONTINUOUS
10
2.4322047244094489
20
1.4788188976377952
11
2.492204724409449
21
1.4788188976377952
0
LINE
8
BLACK
6
CONTINUOUS
10
2.492204724409449
20
1.4788188976377952
11
2.492204724409449
21
1.4188188976377953
0
LINE
8
BLACK
6
CONTINUOUS
10
2.3922047244094489
20
1.5188188976377952
11
2.3322047244094488
21
1.5188188976377952
0
LINE
8
BLACK
6
CONTINUOUS
10
2.3322047244094488
20
1.5188188976377952
11
2.3322047244094488
21
1.5788188976377953
0
LINE
8
BLACK
6
CONTINUOUS
10
2.3322047244094488
20
1.5788188976377953
11
2.3922047244094489
21
1.5788188976377953
0
LINE
8
BLACK
6
CONTINUOUS
10
2.3922047244094489
20
1.5788188976377953
11
2.3922047244094489
21
1.5188188976377952
0
LINE
8
BLACK
6
CONTINUOUS
10
2.492204724409449
20
1.5188188976377952
11
2.4322047244094489
21
1.5188188976377952
0
LINE
8
BLACK
6
CONTINUOUS
10
2.4322047244094489
20
1.5188188976377952
11
2.4322047244094489
21
1.5788188976377953
0
LINE
8
BLACK
6
CONTINUOUS
10
2.4322047244094489
20
1.5788188976377953
11
2.492204724409449
21
1.5788188976377953
0
LINE
8
BLACK
6
CONTINUOUS
10
2.492204724409449
20
1.5788188976377953
11
2.492204724409449
21
1.5188188976377952
0
LINE
8
BLACK
6
CONTINUOUS
10
2.3922047244094489
20
1.6188188976377953
11
2.3322047244094488
21
1.6188188976377953
0
LINE
8
BLACK
6
CONTINUOUS
10
2.3322047244094488
20
1.6188188976377953
11
2.3322047244094488
21
1.6788188976377951
0
LINE
8
BLACK
6
CONTINUOUS
10
2.3322047244094488
20
1.6788188976377951
11
2.3922047244094489
21
1.6788188976377951
0
LINE
8
BLACK
6
CONTINUOUS
10
2.3922047244094489
20
1.6788188976377951
11
2.3922047244094489
21
1.6188188976377953
0
LINE
8
BLACK
6
CONTINUOUS
10
2.492204724409449
20
1.6188188976377953
11
2.4322047244094489
21
1.6188188976377953
0
LINE
8
BLACK
6
CONTINUOUS
10
2.4322047244094489
20
1.6188188976377953
11
2.4322047244094489
21
1.6788188976377951
0
LINE
8
BLACK
6
CONTINUOUS
10
2.4322047244094489
20
1.6788188976377951
11
2.492204724409449
21
1.6788188976377951
0
LINE
8
BLACK
6
CONTINUOUS
10
2.492204724409449
20
1.6788188976377951
11
2.492204724409449
21
1.6188188976377953
0
LINE
8
BLACK
6
CONTINUOUS
10
2.3922047244094489
20
1.7188188976377952
11
2.3322047244094488
21
1.7188188976377952
0
LINE
8
BLACK
6
CONTINUOUS
10
2.3322047244094488
20
1.7188188976377952
11
2.3322047244094488
21
1.7788188976377952
0
LINE
8
BLACK
6
CONTINUOUS
10
2.3322047244094488
20
1.7788188976377952
11
2.3922047244094489
21
1.7788188976377952
0
LINE
8
BLACK
6
CONTINUOUS
10
2.3922047244094489
20
1.7788188976377952
11
2.3922047244094489
21
1.7188188976377952
0
LINE
8
BLACK
6
CONTINUOUS
10
2.492204724409449
20
1.7188188976377952
11
2.4322047244094489
21
1.7188188976377952
0
LINE
8
BLACK
6
CONTINUOUS
10
2.4322047244094489
20
1.7188188976377952
11
2.4322047244094489
21
1.7788188976377952
0
LINE
8
BLACK
6
CONTINUOUS
10
2.4322047244094489
20
1.7788188976377952
11
2.492204724409449
21
1.7788188976377952
0
LINE
8
BLACK
6
CONTINUOUS
10
2.492204724409449
20
1.7788188976377952
11
2.492204724409449
21
1.7188188976377952
0
LINE
8
BLACK
6
CONTINUOUS
10
2.5127807874015748
20
1.8017149212598425
11
2.5138451968503936
21
1.8012740157480314
0
LINE
8
BLACK
6
CONTINUOUS
10
2.5138451968503936
20
1.8012740157480314
11
2.5146598425196851
21
1.8004593700787401
0
LINE
8
BLACK
6
CONTINUOUS
10
2.5146598425196851
20
1.8004593700787401
11
2.5151007480314962
21
1.7993949606299213
0
LINE
8
BLACK
6
CONTINUOUS
10
2.5151007480314962
20
1.7993949606299213
11
2.5151574803149606
21
1.7988188976377952
0
LINE
8
BLACK
6
CONTINUOUS
10
2.5151574803149606
20
1.7988188976377952
11
2.5151574803149606
21
0.5988188976377953
0
LINE
8
BLACK
6
CONTINUOUS
10
2.5151574803149606
20
0.5988188976377953
11
2.5151007480314962
21
0.5982428346456693
0
LINE
8
BLACK
6
CONTINUOUS
10
2.5151007480314962
20
0.5982428346456693
11
2.5146598425196851
21
0.5971784251968504
0
LINE
8
BLACK
6
CONTINUOUS
10
2.5146598425196851
20
0.5971784251968504
11
2.5138451968503936
21
0.596363779527559
0
LINE
8
BLACK
6
CONTINUOUS
10
2.5138451968503936
20
0.596363779527559
11
2.5127807874015748
21
0.5959228740157481
0
LINE
8
BLACK
6
CONTINUOUS
10
2.5127807874015748
20
0.5959228740157481
11
2.512204724409449
21
0.5958661417322835
0
LINE
8
BLACK
6
CONTINUOUS
10
2.512204724409449
20
0.5958661417322835
11
2.3122047244094488
21
0.5958661417322835
0
LINE
8
BLACK
6
CONTINUOUS
10
2.3122047244094488
20
0.5958661417322835
11
2.3116286614173229
21
0.5959228740157481
0
LINE
8
BLACK
6
CONTINUOUS
10
2.3116286614173229
20
0.5959228740157481
11
2.3105642519685037
21
0.596363779527559
0
LINE
8
BLACK
6
CONTINUOUS
10
2.3105642519685037
20
0.596363779527559
11
2.3097496062992127
21
0.5971784251968504
0
LINE
8
BLACK
6
CONTINUOUS
10
2.3097496062992127
20
0.5971784251968504
11
2.3093087007874016
21
0.5982428346456693
0
LINE
8
BLACK
6
CONTINUOUS
10
2.3093087007874016
20
0.5982428346456693
11
2.3092519685039368
21
0.5988188976377953
0
LINE
8
BLACK
6
CONTINUOUS
10
2.3092519685039368
20
0.5988188976377953
11
2.3092519685039368
21
1.7988188976377952
0
LINE
8
BLACK
6
CONTINUOUS
10
2.3092519685039368
20
1.7988188976377952
11
2.3093087007874016
21
1.7993949606299213
0
LINE
8
BLACK
6
CONTINUOUS
10
2.3093087007874016
20
1.7993949606299213
11
2.3097496062992127
21
1.8004593700787401
0
LINE
8
BLACK
6
CONTINUOUS
10
2.3097496062992127
20
1.8004593700787401
11
2.3105642519685037
21
1.8012740157480314
0
LINE
8
BLACK
6
CONTINUOUS
10
2.3105642519685037
20
1.8012740157480314
11
2.3116286614173229
21
1.8017149212598425
0
LINE
8
BLACK
6
CONTINUOUS
10
2.3116286614173229
20
1.8017149212598425
11
2.3122047244094488
21
1.801771653543307
0
LINE
8
BLACK
6
CONTINUOUS
10
2.3122047244094488
20
1.801771653543307
11
2.512204724409449
21
1.801771653543307
0
LINE
8
BLACK
6
CONTINUOUS
10
2.512204724409449
20
1.801771653543307
11
2.5127807874015748
21
1.8017149212598425
0
LINE
8
BLACK
6
CONTINUOUS
10
2.3151574803149604
20
1.7958661417322834
11
2.3151574803149604
21
0.6017716535433071
0
LINE
8
BLACK
6
CONTINUOUS
10
2.3151574803149604
20
0.6017716535433071
11
2.5092519685039369
21
0.6017716535433071
0
LINE
8
BLACK
6
CONTINUOUS
10
2.5092519685039369
20
0.6017716535433071
11
2.5092519685039369
21
1.7958661417322834
0
LINE
8
BLACK
6
CONTINUOUS
10
2.5092519685039369
20
1.7958661417322834
11
2.3151574803149604
21
1.7958661417322834
0
LINE
8
BLACK
6
CONTINUOUS
10
0.3488976377952756
20
0.6235433070866142
11
0.2888976377952756
21
0.6235433070866142
0
LINE
8
BLACK
6
CONTINUOUS
10
0.2888976377952756
20
0.6235433070866142
11
0.2888976377952756
21
0.6835433070866141
0
LINE
8
BLACK
6
CONTINUOUS
10
0.2888976377952756
20
0.6835433070866141
11
0.3488976377952756
21
0.6835433070866141
0
LINE
8
BLACK
6
CONTINUOUS
10
0.3488976377952756
20
0.6835433070866141
11
0.3488976377952756
21
0.6235433070866142
0
LINE
8
BLACK
6
CONTINUOUS
10
0.4488976377952756
20
0.6235433070866142
11
0.3888976377952756
21
0.6235433070866142
0
LINE
8
BLACK
6
CONTINUOUS
10
0.3888976377952756
20
0.6235433070866142
11
0.3888976377952756
21
0.6835433070866141
0
LINE
8
BLACK
6
CONTINUOUS
10
0.3888976377952756
20
0.6835433070866141
11
0.4488976377952756
21
0.6835433070866141
0
LINE
8
BLACK
6
CONTINUOUS
10
0.4488976377952756
20
0.6835433070866141
11
0.4488976377952756
21
0.6235433070866142
0
LINE
8
BLACK
6
CONTINUOUS
10
0.3488976377952756
20
0.7235433070866142
11
0.2888976377952756
21
0.7235433070866142
0
LINE
8
BLACK
6
CONTINUOUS
10
0.2888976377952756
20
0.7235433070866142
11
0.2888976377952756
21
0.7835433070866141
0
LINE
8
BLACK
6
CONTINUOUS
10
0.2888976377952756
20
0.7835433070866141
11
0.3488976377952756
21
0.7835433070866141
0
LINE
8
BLACK
6
CONTINUOUS
10
0.3488976377952756
20
0.7835433070866141
11
0.3488976377952756
21
0.7235433070866142
0
LINE
8
BLACK
6
CONTINUOUS
10
0.4488976377952756
20
0.7235433070866142
11
0.3888976377952756
21
0.7235433070866142
0
LINE
8
BLACK
6
CONTINUOUS
10
0.3888976377952756
20
0.7235433070866142
11
0.3888976377952756
21
0.7835433070866141
0
LINE
8
BLACK
6
CONTINUOUS
10
0.3888976377952756
20
0.7835433070866141
11
0.4488976377952756
21
0.7835433070866141
0
LINE
8
BLACK
6
CONTINUOUS
10
0.4488976377952756
20
0.7835433070866141
11
0.4488976377952756
21
0.7235433070866142
0
LINE
8
BLACK
6
CONTINUOUS
10
0.3488976377952756
20
0.8235433070866142
11
0.2888976377952756
21
0.8235433070866142
0
LINE
8
BLACK
6
CONTINUOUS
10
0.2888976377952756
20
0.8235433070866142
11
0.2888976377952756
21
0.8835433070866141
0
LINE
8
BLACK
6
CONTINUOUS
10
0.2888976377952756
20
0.8835433070866141
11
0.3488976377952756
21
0.8835433070866141
0
LINE
8
BLACK
6
CONTINUOUS
10
0.3488976377952756
20
0.8835433070866141
11
0.3488976377952756
21
0.8235433070866142
0
LINE
8
BLACK
6
CONTINUOUS
10
0.4488976377952756
20
0.8235433070866142
11
0.3888976377952756
21
0.8235433070866142
0
LINE
8
BLACK
6
CONTINUOUS
10
0.3888976377952756
20
0.8235433070866142
11
0.3888976377952756
21
0.8835433070866141
0
LINE
8
BLACK
6
CONTINUOUS
10
0.3888976377952756
20
0.8835433070866141
11
0.4488976377952756
21
0.8835433070866141
0
LINE
8
BLACK
6
CONTINUOUS
10
0.4488976377952756
20
0.8835433070866141
11
0.4488976377952756
21
0.8235433070866142
0
LINE
8
BLACK
6
CONTINUOUS
10
0.3488975984251969
20
0.9235433070866141
11
0.2888975984251969
21
0.9235433070866141
0
LINE
8
BLACK
6
CONTINUOUS
10
0.2888975984251969
20
0.9235433070866141
11
0.2888975984251969
21
0.9835433070866142
0
LINE
8
BLACK
6
CONTINUOUS
10
0.2888975984251969
20
0.9835433070866142
11
0.3488975984251969
21
0.9835433070866142
0
LINE
8
BLACK
6
CONTINUOUS
10
0.3488975984251969
20
0.9835433070866142
11
0.3488975984251969
21
0.9235433070866141
0
LINE
8
BLACK
6
CONTINUOUS
10
0.4488976771653543
20
0.9235433070866141
11
0.3888976771653543
21
0.9235433070866141
0
LINE
8
BLACK
6
CONTINUOUS
10
0.3888976771653543
20
0.9235433070866141
11
0.3888976771653543
21
0.9835433070866142
0
LINE
8
BLACK
6
CONTINUOUS
10
0.3888976771653543
20
0.9835433070866142
11
0.4488976771653543
21
0.9835433070866142
0
LINE
8
BLACK
6
CONTINUOUS
10
0.4488976771653543
20
0.9835433070866142
11
0.4488976771653543
21
0.9235433070866141
0
LINE
8
BLACK
6
CONTINUOUS
10
0.3488976377952756
20
1.0235433070866142
11
0.2888976377952756
21
1.0235433070866142
0
LINE
8
BLACK
6
CONTINUOUS
10
0.2888976377952756
20
1.0235433070866142
11
0.2888976377952756
21
1.0835433070866141
0
LINE
8
BLACK
6
CONTINUOUS
10
0.2888976377952756
20
1.0835433070866141
11
0.3488976377952756
21
1.0835433070866141
0
LINE
8
BLACK
6
CONTINUOUS
10
0.3488976377952756
20
1.0835433070866141
11
0.3488976377952756
21
1.0235433070866142
0
LINE
8
BLACK
6
CONTINUOUS
10
0.4488976377952756
20
1.0235433070866142
11
0.3888976377952756
21
1.0235433070866142
0
LINE
8
BLACK
6
CONTINUOUS
10
0.3888976377952756
20
1.0235433070866142
11
0.3888976377952756
21
1.0835433070866141
0
LINE
8
BLACK
6
CONTINUOUS
10
0.3888976377952756
20
1.0835433070866141
11
0.4488976377952756
21
1.0835433070866141
0
LINE
8
BLACK
6
CONTINUOUS
10
0.4488976377952756
20
1.0835433070866141
11
0.4488976377952756
21
1.0235433070866142
0
LINE
8
BLACK
6
CONTINUOUS
10
0.3488976377952756
20
1.1235433070866141
11
0.2888976377952756
21
1.1235433070866141
0
LINE
8
BLACK
6
CONTINUOUS
10
0.2888976377952756
20
1.1235433070866141
11
0.2888976377952756
21
1.1835433070866141
0
LINE
8
BLACK
6
CONTINUOUS
10
0.2888976377952756
20
1.1835433070866141
11
0.3488976377952756
21
1.1835433070866141
0
LINE
8
BLACK
6
CONTINUOUS
10
0.3488976377952756
20
1.1835433070866141
11
0.3488976377952756
21
1.1235433070866141
0
LINE
8
BLACK
6
CONTINUOUS
10
0.4488976377952756
20
1.1235433070866141
11
0.3888976377952756
21
1.1235433070866141
0
LINE
8
BLACK
6
CONTINUOUS
10
0.3888976377952756
20
1.1235433070866141
11
0.3888976377952756
21
1.1835433070866141
0
LINE
8
BLACK
6
CONTINUOUS
10
0.3888976377952756
20
1.1835433070866141
11
0.4488976377952756
21
1.1835433070866141
0
LINE
8
BLACK
6
CONTINUOUS
10
0.4488976377952756
20
1.1835433070866141
11
0.4488976377952756
21
1.1235433070866141
0
LINE
8
BLACK
6
CONTINUOUS
10
0.3488976377952756
20
1.2235433070866142
11
0.2888976377952756
21
1.2235433070866142
0
LINE
8
BLACK
6
CONTINUOUS
10
0.2888976377952756
20
1.2235433070866142
11
0.2888976377952756
21
1.2835433070866142
0
LINE
8
BLACK
6
CONTINUOUS
10
0.2888976377952756
20
1.2835433070866142
11
0.3488976377952756
21
1.2835433070866142
0
LINE
8
BLACK
6
CONTINUOUS
10
0.3488976377952756
20
1.2835433070866142
11
0.3488976377952756
21
1.2235433070866142
0
LINE
8
BLACK
6
CONTINUOUS
10
0.4488976377952756
20
1.2235433070866142
11
0.3888976377952756
21
1.2235433070866142
0
LINE
8
BLACK
6
CONTINUOUS
10
0.3888976377952756
20
1.2235433070866142
11
0.3888976377952756
21
1.2835433070866142
0
LINE
8
BLACK
6
CONTINUOUS
10
0.3888976377952756
20
1.2835433070866142
11
0.4488976377952756
21
1.2835433070866142
0
LINE
8
BLACK
6
CONTINUOUS
10
0.4488976377952756
20
1.2835433070866142
11
0.4488976377952756
21
1.2235433070866142
0
LINE
8
BLACK
6
CONTINUOUS
10
0.3488976377952756
20
1.3235433070866141
11
0.2888976377952756
21
1.3235433070866141
0
LINE
8
BLACK
6
CONTINUOUS
10
0.2888976377952756
20
1.3235433070866141
11
0.2888976377952756
21
1.3835433070866141
0
LINE
8
BLACK
6
CONTINUOUS
10
0.2888976377952756
20
1.3835433070866141
11
0.3488976377952756
21
1.3835433070866141
0
LINE
8
BLACK
6
CONTINUOUS
10
0.3488976377952756
20
1.3835433070866141
11
0.3488976377952756
21
1.3235433070866141
0
LINE
8
BLACK
6
CONTINUOUS
10
0.4488976377952756
20
1.3235433070866141
11
0.3888976377952756
21
1.3235433070866141
0
LINE
8
BLACK
6
CONTINUOUS
10
0.3888976377952756
20
1.3235433070866141
11
0.3888976377952756
21
1.3835433070866141
0
LINE
8
BLACK
6
CONTINUOUS
10
0.3888976377952756
20
1.3835433070866141
11
0.4488976377952756
21
1.3835433070866141
0
LINE
8
BLACK
6
CONTINUOUS
10
0.4488976377952756
20
1.3835433070866141
11
0.4488976377952756
21
1.3235433070866141
0
LINE
8
BLACK
6
CONTINUOUS
10
0.3488975984251969
20
1.4235433070866141
11
0.2888975984251969
21
1.4235433070866141
0
LINE
8
BLACK
6
CONTINUOUS
10
0.2888975984251969
20
1.4235433070866141
11
0.2888975984251969
21
1.4835433070866142
0
LINE
8
BLACK
6
CONTINUOUS
10
0.2888975984251969
20
1.4835433070866142
11
0.3488975984251969
21
1.4835433070866142
0
LINE
8
BLACK
6
CONTINUOUS
10
0.3488975984251969
20
1.4835433070866142
11
0.3488975984251969
21
1.4235433070866141
0
LINE
8
BLACK
6
CONTINUOUS
10
0.4488976771653543
20
1.4235433070866141
11
0.3888976771653543
21
1.4235433070866141
0
LINE
8
BLACK
6
CONTINUOUS
10
0.3888976771653543
20
1.4235433070866141
11
0.3888976771653543
21
1.4835433070866142
0
LINE
8
BLACK
6
CONTINUOUS
10
0.3888976771653543
20
1.4835433070866142
11
0.4488976771653543
21
1.4835433070866142
0
LINE
8
BLACK
6
CONTINUOUS
10
0.4488976771653543
20
1.4835433070866142
11
0.4488976771653543
21
1.4235433070866141
0
LINE
8
BLACK
6
CONTINUOUS
10
0.3488976377952756
20
1.5235433070866142
11
0.2888976377952756
21
1.5235433070866142
0
LINE
8
BLACK
6
CONTINUOUS
10
0.2888976377952756
20
1.5235433070866142
11
0.2888976377952756
21
1.5835433070866141
0
LINE
8
BLACK
6
CONTINUOUS
10
0.2888976377952756
20
1.5835433070866141
11
0.3488976377952756
21
1.5835433070866141
0
LINE
8
BLACK
6
CONTINUOUS
10
0.3488976377952756
20
1.5835433070866141
11
0.3488976377952756
21
1.5235433070866142
0
LINE
8
BLACK
6
CONTINUOUS
10
0.4488976377952756
20
1.5235433070866142
11
0.3888976377952756
21
1.5235433070866142
0
LINE
8
BLACK
6
CONTINUOUS
10
0.3888976377952756
20
1.5235433070866142
11
0.3888976377952756
21
1.5835433070866141
0
LINE
8
BLACK
6
CONTINUOUS
10
0.3888976377952756
20
1.5835433070866141
11
0.4488976377952756
21
1.5835433070866141
0
LINE
8
BLACK
6
CONTINUOUS
10
0.4488976377952756
20
1.5835433070866141
11
0.4488976377952756
21
1.5235433070866142
0
LINE
8
BLACK
6
CONTINUOUS
10
0.3488976377952756
20
1.6235433070866141
11
0.2888976377952756
21
1.6235433070866141
0
LINE
8
BLACK
6
CONTINUOUS
10
0.2888976377952756
20
1.6235433070866141
11
0.2888976377952756
21
1.6835433070866141
0
LINE
8
BLACK
6
CONTINUOUS
10
0.2888976377952756
20
1.6835433070866141
11
0.3488976377952756
21
1.6835433070866141
0
LINE
8
BLACK
6
CONTINUOUS
10
0.3488976377952756
20
1.6835433070866141
11
0.3488976377952756
21
1.6235433070866141
0
LINE
8
BLACK
6
CONTINUOUS
10
0.4488976377952756
20
1.6235433070866141
11
0.3888976377952756
21
1.6235433070866141
0
LINE
8
BLACK
6
CONTINUOUS
10
0.3888976377952756
20
1.6235433070866141
11
0.3888976377952756
21
1.6835433070866141
0
LINE
8
BLACK
6
CONTINUOUS
10
0.3888976377952756
20
1.6835433070866141
11
0.4488976377952756
21
1.6835433070866141
0
LINE
8
BLACK
6
CONTINUOUS
10
0.4488976377952756
20
1.6835433070866141
11
0.4488976377952756
21
1.6235433070866141
0
LINE
8
BLACK
6
CONTINUOUS
10
0.3488976377952756
20
1.7235433070866142
11
0.2888976377952756
21
1.7235433070866142
0
LINE
8
BLACK
6
CONTINUOUS
10
0.2888976377952756
20
1.7235433070866142
11
0.2888976377952756
21
1.7835433070866142
0
LINE
8
BLACK
6
CONTINUOUS
10
0.2888976377952756
20
1.7835433070866142
11
0.3488976377952756
21
1.7835433070866142
0
LINE
8
BLACK
6
CONTINUOUS
10
0.3488976377952756
20
1.7835433070866142
11
0.3488976377952756
21
1.7235433070866142
0
LINE
8
BLACK
6
CONTINUOUS
10
0.4488976377952756
20
1.7235433070866142
11
0.3888976377952756
21
1.7235433070866142
0
LINE
8
BLACK
6
CONTINUOUS
10
0.3888976377952756
20
1.7235433070866142
11
0.3888976377952756
21
1.7835433070866142
0
LINE
8
BLACK
6
CONTINUOUS
10
0.3888976377952756
20
1.7835433070866142
11
0.4488976377952756
21
1.7835433070866142
0
LINE
8
BLACK
6
CONTINUOUS
10
0.4488976377952756
20
1.7835433070866142
11
0.4488976377952756
21
1.7235433070866142
0
LINE
8
BLACK
6
CONTINUOUS
10
0.4694737007874016
20
1.8064393307086615
11
0.4705381102362204
21
1.8059984251968504
0
LINE
8
BLACK
6
CONTINUOUS
10
0.4705381102362204
20
1.8059984251968504
11
0.4713527559055118
21
1.8051837795275589
0
LINE
8
BLACK
6
CONTINUOUS
10
0.4713527559055118
20
1.8051837795275589
11
0.4717936614173228
21
1.8041193700787401
0
LINE
8
BLACK
6
CONTINUOUS
10
0.4717936614173228
20
1.8041193700787401
11
0.4718503937007874
21
1.803543307086614
0
LINE
8
BLACK
6
CONTINUOUS
10
0.4718503937007874
20
1.803543307086614
11
0.4718503937007874
21
0.6035433070866142
0
LINE
8
BLACK
6
CONTINUOUS
10
0.4718503937007874
20
0.6035433070866142
11
0.4717936614173228
21
0.6029672440944882
0
LINE
8
BLACK
6
CONTINUOUS
10
0.4717936614173228
20
0.6029672440944882
11
0.4713527559055118
21
0.6019028346456693
0
LINE
8
BLACK
6
CONTINUOUS
10
0.4713527559055118
20
0.6019028346456693
11
0.4705381102362204
21
0.6010881889763779
0
LINE
8
BLACK
6
CONTINUOUS
10
0.4705381102362204
20
0.6010881889763779
11
0.4694737007874016
21
0.6006472834645669
0
LINE
8
BLACK
6
CONTINUOUS
10
0.4694737007874016
20
0.6006472834645669
11
0.4688976377952756
21
0.6005905511811024
0
LINE
8
BLACK
6
CONTINUOUS
10
0.4688976377952756
20
0.6005905511811024
11
0.2688976377952756
21
0.6005905511811024
0
LINE
8
BLACK
6
CONTINUOUS
10
0.2688976377952756
20
0.6005905511811024
11
0.2683215748031496
21
0.6006472834645669
0
LINE
8
BLACK
6
CONTINUOUS
10
0.2683215748031496
20
0.6006472834645669
11
0.2672571653543307
21
0.6010881889763779
0
LINE
8
BLACK
6
CONTINUOUS
10
0.2672571653543307
20
0.6010881889763779
11
0.2664425196850393
21
0.6019028346456693
0
LINE
8
BLACK
6
CONTINUOUS
10
0.2664425196850393
20
0.6019028346456693
11
0.2660016141732283
21
0.6029672440944882
0
LINE
8
BLACK
6
CONTINUOUS
10
0.2660016141732283
20
0.6029672440944882
11
0.2659448818897638
21
0.6035433070866142
0
LINE
8
BLACK
6
CONTINUOUS
10
0.2659448818897638
20
0.6035433070866142
11
0.2659448818897638
21
1.803543307086614
0
LINE
8
BLACK
6
CONTINUOUS
10
0.2659448818897638
20
1.803543307086614
11
0.2660016141732283
21
1.8041193700787401
0
LINE
8
BLACK
6
CONTINUOUS
10
0.2660016141732283
20
1.8041193700787401
11
0.2664425196850393
21
1.8051837795275589
0
LINE
8
BLACK
6
CONTINUOUS
10
0.2664425196850393
20
1.8051837795275589
11
0.2672571653543307
21
1.8059984251968504
0
LINE
8
BLACK
6
CONTINUOUS
10
0.2672571653543307
20
1.8059984251968504
11
0.2683215748031496
21
1.8064393307086615
0
LINE
8
BLACK
6
CONTINUOUS
10
0.2683215748031496
20
1.8064393307086615
11
0.2688976377952756
21
1.8064960629921258
0
LINE
8
BLACK
6
CONTINUOUS
10
0.2688976377952756
20
1.8064960629921258
11
0.4688976377952756
21
1.8064960629921258
0
LINE
8
BLACK
6
CONTINUOUS
10
0.4688976377952756
20
1.8064960629921258
11
0.4694737007874016
21
1.8064393307086615
0
LINE
8
BLACK
6
CONTINUOUS
10
0.2718503937007874
20
1.8005905511811022
11
0.2718503937007874
21
0.606496062992126
0
LINE
8
BLACK
6
CONTINUOUS
10
0.2718503937007874
20
0.606496062992126
11
0.4659448818897638
21
0.606496062992126
0
LINE
8
BLACK
6
CONTINUOUS
10
0.4659448818897638
20
0.606496062992126
11
0.4659448818897638
21
1.8005905511811022
0
LINE
8
BLACK
6
CONTINUOUS
10
0.4659448818897638
20
1.8005905511811022
11
0.2718503937007874
21
1.8005905511811022
0
LINE
8
BLACK
6
CONTINUOUS
10
1.856999842519685
20
0.6490243700787401
11
1.8578144881889764
21
0.6482097244094488
0
LINE
8
BLACK
6
CONTINUOUS
10
1.8578144881889764
20
0.6482097244094488
11
1.8582553937007873
21
0.6471453149606299
0
LINE
8
BLACK
6
CONTINUOUS
10
1.8582553937007873
20
0.6471453149606299
11
1.8583121259842519
21
0.6465692519685039
0
LINE
8
BLACK
6
CONTINUOUS
10
1.8583121259842519
20
0.6465692519685039
11
1.8583121259842519
21
0.6128234645669292
0
LINE
8
BLACK
6
CONTINUOUS
10
1.8583121259842519
20
0.6128234645669292
11
1.8582553937007873
21
0.6122474015748032
0
LINE
8
BLACK
6
CONTINUOUS
10
1.8582553937007873
20
0.6122474015748032
11
1.8578144881889764
21
0.6111829921259843
0
LINE
8
BLACK
6
CONTINUOUS
10
1.8578144881889764
20
0.6111829921259843
11
1.856999842519685
21
0.6103683464566929
0
LINE
8
BLACK
6
CONTINUOUS
10
1.856999842519685
20
0.6103683464566929
11
1.8559354330708662
21
0.6099274409448818
0
LINE
8
BLACK
6
CONTINUOUS
10
1.8559354330708662
20
0.6099274409448818
11
1.8547833070866142
21
0.6099274409448818
0
LINE
8
BLACK
6
CONTINUOUS
10
1.8547833070866142
20
0.6099274409448818
11
1.8537188976377952
21
0.6103683464566929
0
LINE
8
BLACK
6
CONTINUOUS
10
1.8537188976377952
20
0.6103683464566929
11
1.8529042519685039
21
0.6111829921259843
0
LINE
8
BLACK
6
CONTINUOUS
10
1.8529042519685039
20
0.6111829921259843
11
1.8524633464566929
21
0.6122474015748032
0
LINE
8
BLACK
6
CONTINUOUS
10
1.8524633464566929
20
0.6122474015748032
11
1.8524066141732283
21
0.6128234645669292
0
LINE
8
BLACK
6
CONTINUOUS
10
1.8524066141732283
20
0.6128234645669292
11
1.8524066141732283
21
0.6267435826771653
0
LINE
8
BLACK
6
CONTINUOUS
10
1.8524066141732283
20
0.6267435826771653
11
1.8060565748031496
21
0.6267435826771653
0
LINE
8
BLACK
6
CONTINUOUS
10
1.8060565748031496
20
0.6267435826771653
11
1.806378622047244
21
0.6265288976377953
0
LINE
8
BLACK
6
CONTINUOUS
10
1.806378622047244
20
0.6265288976377953
11
1.8063802755905511
21
0.6265275590551181
0
LINE
8
BLACK
6
CONTINUOUS
10
1.8063802755905511
20
0.6265275590551181
11
1.8063811811023622
21
0.6265271653543307
0
LINE
8
BLACK
6
CONTINUOUS
10
1.8063811811023622
20
0.6265271653543307
11
1.8065964566929134
21
0.6263504724409449
0
LINE
8
BLACK
6
CONTINUOUS
10
1.8065964566929134
20
0.6263504724409449
11
1.8068264566929133
21
0.6261621259842519
0
LINE
8
BLACK
6
CONTINUOUS
10
1.8068264566929133
20
0.6261621259842519
11
1.8068270078740156
21
0.6261612992125984
0
LINE
8
BLACK
6
CONTINUOUS
10
1.8068270078740156
20
0.6261612992125984
11
1.806828622047244
21
0.6261599606299213
0
LINE
8
BLACK
6
CONTINUOUS
10
1.806828622047244
20
0.6261599606299213
11
1.8124529133858267
21
0.6205356692913385
0
LINE
8
BLACK
6
CONTINUOUS
10
1.8124529133858267
20
0.6205356692913385
11
1.8126387401574802
21
0.6203092125984252
0
LINE
8
BLACK
6
CONTINUOUS
10
1.8126387401574802
20
0.6203092125984252
11
1.8126976377952755
21
0.6202581496062992
0
LINE
8
BLACK
6
CONTINUOUS
10
1.8126976377952755
20
0.6202581496062992
11
1.8127535039370077
21
0.6201694094488189
0
LINE
8
BLACK
6
CONTINUOUS
10
1.8127535039370077
20
0.6201694094488189
11
1.8128201181102361
21
0.6200882283464567
0
LINE
8
BLACK
6
CONTINUOUS
10
1.8128201181102361
20
0.6200882283464567
11
1.8128499606299213
21
0.6200161811023622
0
LINE
8
BLACK
6
CONTINUOUS
10
1.8128499606299213
20
0.6200161811023622
11
1.8130060236220471
21
0.6197682677165354
0
LINE
8
BLACK
6
CONTINUOUS
10
1.8130060236220471
20
0.6197682677165354
11
1.8158181889763778
21
0.6141439763779527
0
LINE
8
BLACK
6
CONTINUOUS
10
1.8158181889763778
20
0.6141439763779527
11
1.8160250787401575
21
0.6136033858267717
0
LINE
8
BLACK
6
CONTINUOUS
10
1.8160250787401575
20
0.6136033858267717
11
1.8161067322834645
21
0.6124541732283464
0
LINE
8
BLACK
6
CONTINUOUS
10
1.8161067322834645
20
0.6124541732283464
11
1.8157424015748032
21
0.6113611811023622
0
LINE
8
BLACK
6
CONTINUOUS
10
1.8157424015748032
20
0.6113611811023622
11
1.8149875590551181
21
0.6104908267716536
0
LINE
8
BLACK
6
CONTINUOUS
10
1.8149875590551181
20
0.6104908267716536
11
1.8139570472440945
21
0.6099755511811024
0
LINE
8
BLACK
6
CONTINUOUS
10
1.8139570472440945
20
0.6099755511811024
11
1.8128078346456693
21
0.6098938976377952
0
LINE
8
BLACK
6
CONTINUOUS
10
1.8128078346456693
20
0.6098938976377952
11
1.8117148818897637
21
0.6102582283464567
0
LINE
8
BLACK
6
CONTINUOUS
10
1.8117148818897637
20
0.6102582283464567
11
1.8108444881889763
21
0.6110130708661418
0
LINE
8
BLACK
6
CONTINUOUS
10
1.8108444881889763
20
0.6110130708661418
11
1.8105361417322834
21
0.6115029527559055
0
LINE
8
BLACK
6
CONTINUOUS
10
1.8105361417322834
20
0.6115029527559055
11
1.8079382677165354
21
0.6166986614173228
0
LINE
8
BLACK
6
CONTINUOUS
10
1.8079382677165354
20
0.6166986614173228
11
1.8028595275590551
21
0.6217774015748031
0
LINE
8
BLACK
6
CONTINUOUS
10
1.8028595275590551
20
0.6217774015748031
11
1.7946663779527559
21
0.6272394881889763
0
LINE
8
BLACK
6
CONTINUOUS
10
1.7946663779527559
20
0.6272394881889763
11
1.7946647244094487
21
0.6272408267716535
0
LINE
8
BLACK
6
CONTINUOUS
10
1.7946647244094487
20
0.6272408267716535
11
1.7946637795275591
21
0.6272412204724409
0
LINE
8
BLACK
6
CONTINUOUS
10
1.7946637795275591
20
0.6272412204724409
11
1.7946615748031496
21
0.6272434251968504
0
LINE
8
BLACK
6
CONTINUOUS
10
1.7946615748031496
20
0.6272434251968504
11
1.7942185039370078
21
0.6276062598425197
0
LINE
8
BLACK
6
CONTINUOUS
10
1.7942185039370078
20
0.6276062598425197
11
1.7940558267716535
21
0.6278491732283464
0
LINE
8
BLACK
6
CONTINUOUS
10
1.7940558267716535
20
0.6278491732283464
11
1.7938491338582676
21
0.6280558661417323
0
LINE
8
BLACK
6
CONTINUOUS
10
1.7938491338582676
20
0.6280558661417323
11
1.7937383858267717
21
0.628323188976378
0
LINE
8
BLACK
6
CONTINUOUS
10
1.7937383858267717
20
0.628323188976378
11
1.7935774409448819
21
0.6285635433070866
0
LINE
8
BLACK
6
CONTINUOUS
10
1.7935774409448819
20
0.6285635433070866
11
1.7935200787401575
21
0.6288501968503937
0
LINE
8
BLACK
6
CONTINUOUS
10
1.7935200787401575
20
0.6288501968503937
11
1.7934082283464567
21
0.6291202755905512
0
LINE
8
BLACK
6
CONTINUOUS
10
1.7934082283464567
20
0.6291202755905512
11
1.7934082283464567
21
0.6294096062992126
0
LINE
8
BLACK
6
CONTINUOUS
10
1.7934082283464567
20
0.6294096062992126
11
1.7933514960629922
21
0.6296932283464567
0
LINE
8
BLACK
6
CONTINUOUS
10
1.7933514960629922
20
0.6296932283464567
11
1.7934082283464567
21
0.6299800393700787
0
LINE
8
BLACK
6
CONTINUOUS
10
1.7934082283464567
20
0.6299800393700787
11
1.7934082283464567
21
0.6302724015748031
0
LINE
8
BLACK
6
CONTINUOUS
10
1.7934082283464567
20
0.6302724015748031
11
1.7935189370078739
21
0.6305396850393701
0
LINE
8
BLACK
6
CONTINUOUS
10
1.7935189370078739
20
0.6305396850393701
11
1.7935750787401574
21
0.6308234645669292
0
LINE
8
BLACK
6
CONTINUOUS
10
1.7935750787401574
20
0.6308234645669292
11
1.7937372440944881
21
0.6310667322834645
0
LINE
8
BLACK
6
CONTINUOUS
10
1.7937372440944881
20
0.6310667322834645
11
1.7938491338582676
21
0.631336811023622
0
LINE
8
BLACK
6
CONTINUOUS
10
1.7938491338582676
20
0.631336811023622
11
1.7940536614173228
21
0.6315413779527559
0
LINE
8
BLACK
6
CONTINUOUS
10
1.7940536614173228
20
0.6315413779527559
11
1.7942141732283463
21
0.6317820866141732
0
LINE
8
BLACK
6
CONTINUOUS
10
1.7942141732283463
20
0.6317820866141732
11
1.7944570472440944
21
0.6319447637795276
0
LINE
8
BLACK
6
CONTINUOUS
10
1.7944570472440944
20
0.6319447637795276
11
1.7946637795275591
21
0.6321514566929134
0
LINE
8
BLACK
6
CONTINUOUS
10
1.7946637795275591
20
0.6321514566929134
11
1.794931062992126
21
0.6322622047244094
0
LINE
8
BLACK
6
CONTINUOUS
10
1.794931062992126
20
0.6322622047244094
11
1.7951714566929133
21
0.6324231496062992
0
LINE
8
BLACK
6
CONTINUOUS
10
1.7951714566929133
20
0.6324231496062992
11
1.7954580708661416
21
0.6324805118110236
0
LINE
8
BLACK
6
CONTINUOUS
10
1.7954580708661416
20
0.6324805118110236
11
1.7957281889763779
21
0.6325923622047244
0
LINE
8
BLACK
6
CONTINUOUS
10
1.7957281889763779
20
0.6325923622047244
11
1.7962981102362203
21
0.6326485039370079
0
LINE
8
BLACK
6
CONTINUOUS
10
1.7962981102362203
20
0.6326485039370079
11
1.7963011417322834
21
0.632649094488189
0
LINE
8
BLACK
6
CONTINUOUS
10
1.7963011417322834
20
0.632649094488189
11
1.7963021653543307
21
0.6326488976377953
0
LINE
8
BLACK
6
CONTINUOUS
10
1.7963021653543307
20
0.6326488976377953
11
1.796304251968504
21
0.632649094488189
0
LINE
8
BLACK
6
CONTINUOUS
10
1.796304251968504
20
0.632649094488189
11
1.8524066141732283
21
0.632649094488189
0
LINE
8
BLACK
6
CONTINUOUS
10
1.8524066141732283
20
0.632649094488189
11
1.8524066141732283
21
0.6465692519685039
0
LINE
8
BLACK
6
CONTINUOUS
10
1.8524066141732283
20
0.6465692519685039
11
1.8524633464566929
21
0.6471453149606299
0
LINE
8
BLACK
6
CONTINUOUS
10
1.8524633464566929
20
0.6471453149606299
11
1.8529042519685039
21
0.6482097244094488
0
LINE
8
BLACK
6
CONTINUOUS
10
1.8529042519685039
20
0.6482097244094488
11
1.8537188976377952
21
0.6490243700787401
0
LINE
8
BLACK
6
CONTINUOUS
10
1.8537188976377952
20
0.6490243700787401
11
1.8547833070866142
21
0.6494652755905511
0
LINE
8
BLACK
6
CONTINUOUS
10
1.8547833070866142
20
0.6494652755905511
11
1.8559354330708662
21
0.6494652755905511
0
LINE
8
BLACK
6
CONTINUOUS
10
1.8559354330708662
20
0.6494652755905511
11
1.856999842519685
21
0.6490243700787401
0
LINE
8
BLACK
6
CONTINUOUS
10
0.4841729921259842
20
0.6651333858267716
11
0.4842742913385827
21
0.6651333858267716
0
LINE
8
BLACK
6
CONTINUOUS
10
0.4842742913385827
20
0.6651333858267716
11
0.4844769291338583
21
0.6649307480314961
0
LINE
8
BLACK
6
CONTINUOUS
10
0.4844769291338583
20
0.6649307480314961
11
0.4847154330708661
21
0.6647717322834645
0
LINE
8
BLACK
6
CONTINUOUS
10
0.4847154330708661
20
0.6647717322834645
11
0.4847352755905512
21
0.6646724015748031
0
LINE
8
BLACK
6
CONTINUOUS
10
0.4847352755905512
20
0.6646724015748031
11
0.484806968503937
21
0.6646007086614173
0
LINE
8
BLACK
6
CONTINUOUS
10
0.484806968503937
20
0.6646007086614173
11
0.4848818897637795
21
0.6642240551181102
0
LINE
8
BLACK
6
CONTINUOUS
10
0.4848818897637795
20
0.6642240551181102
11
0.4848818897637795
21
0.6455232677165355
0
LINE
8
BLACK
6
CONTINUOUS
10
0.4848818897637795
20
0.6455232677165355
11
0.4895219291338583
21
0.6455232677165355
0
LINE
8
BLACK
6
CONTINUOUS
10
0.4895219291338583
20
0.6455232677165355
11
0.4898985826771654
21
0.6454483464566929
0
LINE
8
BLACK
6
CONTINUOUS
10
0.4898985826771654
20
0.6454483464566929
11
0.4904312598425197
21
0.6449156692913386
0
LINE
8
BLACK
6
CONTINUOUS
10
0.4904312598425197
20
0.6449156692913386
11
0.4904312598425197
21
0.6441623622047244
0
LINE
8
BLACK
6
CONTINUOUS
10
0.4904312598425197
20
0.6441623622047244
11
0.4898985826771654
21
0.64362968503937
0
LINE
8
BLACK
6
CONTINUOUS
10
0.4898985826771654
20
0.64362968503937
11
0.4895219291338583
21
0.6435547637795276
0
LINE
8
BLACK
6
CONTINUOUS
10
0.4895219291338583
20
0.6435547637795276
11
0.4782733464566929
21
0.6435547637795276
0
LINE
8
BLACK
6
CONTINUOUS
10
0.4782733464566929
20
0.6435547637795276
11
0.4778966929133858
21
0.64362968503937
0
LINE
8
BLACK
6
CONTINUOUS
10
0.4778966929133858
20
0.64362968503937
11
0.4773640157480315
21
0.6441623622047244
0
LINE
8
BLACK
6
CONTINUOUS
10
0.4773640157480315
20
0.6441623622047244
11
0.4773640157480315
21
0.6449156692913386
0
LINE
8
BLACK
6
CONTINUOUS
10
0.4773640157480315
20
0.6449156692913386
11
0.4778966929133858
21
0.6454483464566929
0
LINE
8
BLACK
6
CONTINUOUS
10
0.4778966929133858
20
0.6454483464566929
11
0.4782733464566929
21
0.6455232677165355
0
LINE
8
BLACK
6
CONTINUOUS
10
0.4782733464566929
20
0.6455232677165355
11
0.4829133858267716
21
0.6455232677165355
0
LINE
8
BLACK
6
CONTINUOUS
10
0.4829133858267716
20
0.6455232677165355
11
0.4829133858267716
21
0.6609733464566929
0
LINE
8
BLACK
6
CONTINUOUS
10
0.4829133858267716
20
0.6609733464566929
11
0.4828418110236221
21
0.6608659448818898
0
LINE
8
BLACK
6
CONTINUOUS
10
0.4828418110236221
20
0.6608659448818898
11
0.4827729921259842
21
0.6607970078740157
0
LINE
8
BLACK
6
CONTINUOUS
10
0.4827729921259842
20
0.6607970078740157
11
0.4827188188976378
21
0.660715905511811
0
LINE
8
BLACK
6
CONTINUOUS
10
0.4827188188976378
20
0.660715905511811
11
0.480844094488189
21
0.6588411417322835
0
LINE
8
BLACK
6
CONTINUOUS
10
0.480844094488189
20
0.6588411417322835
11
0.4807127559055118
21
0.6587534251968504
0
LINE
8
BLACK
6
CONTINUOUS
10
0.4807127559055118
20
0.6587534251968504
11
0.4805882677165354
21
0.6586567716535433
0
LINE
8
BLACK
6
CONTINUOUS
10
0.4805882677165354
20
0.6586567716535433
11
0.4787135039370078
21
0.6577194094488189
0
LINE
8
BLACK
6
CONTINUOUS
10
0.4787135039370078
20
0.6577194094488189
11
0.4783431102362204
21
0.6576179921259843
0
LINE
8
BLACK
6
CONTINUOUS
10
0.4783431102362204
20
0.6576179921259843
11
0.4776284645669291
21
0.657856220472441
0
LINE
8
BLACK
6
CONTINUOUS
10
0.4776284645669291
20
0.657856220472441
11
0.4772915748031496
21
0.6585299999999999
0
LINE
8
BLACK
6
CONTINUOUS
10
0.4772915748031496
20
0.6585299999999999
11
0.4775298031496063
21
0.6592446456692913
0
LINE
8
BLACK
6
CONTINUOUS
10
0.4775298031496063
20
0.6592446456692913
11
0.4778331889763779
21
0.6594801181102362
0
LINE
8
BLACK
6
CONTINUOUS
10
0.4778331889763779
20
0.6594801181102362
11
0.4795650787401575
21
0.6603461023622047
0
LINE
8
BLACK
6
CONTINUOUS
10
0.4795650787401575
20
0.6603461023622047
11
0.4812579921259842
21
0.6620390157480315
0
LINE
8
BLACK
6
CONTINUOUS
10
0.4812579921259842
20
0.6620390157480315
11
0.4830787007874016
21
0.6647700393700787
0
LINE
8
BLACK
6
CONTINUOUS
10
0.4830787007874016
20
0.6647700393700787
11
0.4833499606299212
21
0.6650418503937008
0
LINE
8
BLACK
6
CONTINUOUS
10
0.4833499606299212
20
0.6650418503937008
11
0.4834492913385827
21
0.6650617322834645
0
LINE
8
BLACK
6
CONTINUOUS
10
0.4834492913385827
20
0.6650617322834645
11
0.4835209842519685
21
0.6651333858267716
0
LINE
8
BLACK
6
CONTINUOUS
10
0.4835209842519685
20
0.6651333858267716
11
0.4838075984251968
21
0.6651333858267716
0
LINE
8
BLACK
6
CONTINUOUS
10
0.4838075984251968
20
0.6651333858267716
11
0.4840886614173228
21
0.6651896062992125
0
LINE
8
BLACK
6
CONTINUOUS
10
0.4840886614173228
20
0.6651896062992125
11
0.4841729921259842
21
0.6651333858267716
0
LINE
8
BLACK
6
CONTINUOUS
10
-0.476983031496063
20
0.9599826377952756
11
-0.4759186220472441
21
0.9595417322834645
0
LINE
8
BLACK
6
CONTINUOUS
10
-0.4759186220472441
20
0.9595417322834645
11
-0.4751039763779528
21
0.9587270866141732
0
LINE
8
BLACK
6
CONTINUOUS
10
-0.4751039763779528
20
0.9587270866141732
11
-0.4746630708661417
21
0.9576626771653544
0
LINE
8
BLACK
6
CONTINUOUS
10
-0.4746630708661417
20
0.9576626771653544
11
-0.4746063385826771
21
0.9570866141732284
0
LINE
8
BLACK
6
CONTINUOUS
10
-0.4746063385826771
20
0.9570866141732284
11
-0.4746063385826771
21
0.6570866141732283
0
LINE
8
BLACK
6
CONTINUOUS
10
-0.4746063385826771
20
0.6570866141732283
11
-0.4746630708661417
21
0.6565105511811024
0
LINE
8
BLACK
6
CONTINUOUS
10
-0.4746630708661417
20
0.6565105511811024
11
-0.4751039763779528
21
0.6554461417322834
0
LINE
8
BLACK
6
CONTINUOUS
10
-0.4751039763779528
20
0.6554461417322834
11
-0.4759186220472441
21
0.6546314960629921
0
LINE
8
BLACK
6
CONTINUOUS
10
-0.4759186220472441
20
0.6546314960629921
11
-0.476983031496063
21
0.6541905905511811
0
LINE
8
BLACK
6
CONTINUOUS
10
-0.476983031496063
20
0.6541905905511811
11
-0.477559094488189
21
0.6541338582677165
0
LINE
8
BLACK
6
CONTINUOUS
10
-0.477559094488189
20
0.6541338582677165
11
-0.677559094488189
21
0.6541338582677165
0
LINE
8
BLACK
6
CONTINUOUS
10
-0.677559094488189
20
0.6541338582677165
11
-0.6781351574803149
21
0.6541905905511811
0
LINE
8
BLACK
6
CONTINUOUS
10
-0.6781351574803149
20
0.6541905905511811
11
-0.6791995669291339
21
0.6546314960629921
0
LINE
8
BLACK
6
CONTINUOUS
10
-0.6791995669291339
20
0.6546314960629921
11
-0.6800142125984252
21
0.6554461417322834
0
LINE
8
BLACK
6
CONTINUOUS
10
-0.6800142125984252
20
0.6554461417322834
11
-0.6804551181102362
21
0.6565105511811024
0
LINE
8
BLACK
6
CONTINUOUS
10
-0.6804551181102362
20
0.6565105511811024
11
-0.6805118503937008
21
0.6570866141732283
0
LINE
8
BLACK
6
CONTINUOUS
10
-0.6805118503937008
20
0.6570866141732283
11
-0.6805118503937008
21
0.9570866141732284
0
LINE
8
BLACK
6
CONTINUOUS
10
-0.6805118503937008
20
0.9570866141732284
11
-0.6804551181102362
21
0.9576626771653544
0
LINE
8
BLACK
6
CONTINUOUS
10
-0.6804551181102362
20
0.9576626771653544
11
-0.6800142125984252
21
0.9587270866141732
0
LINE
8
BLACK
6
CONTINUOUS
10
-0.6800142125984252
20
0.9587270866141732
11
-0.6791995669291339
21
0.9595417322834645
0
LINE
8
BLACK
6
CONTINUOUS
10
-0.6791995669291339
20
0.9595417322834645
11
-0.6781351574803149
21
0.9599826377952756
0
LINE
8
BLACK
6
CONTINUOUS
10
-0.6781351574803149
20
0.9599826377952756
11
-0.677559094488189
21
0.9600393700787402
0
LINE
8
BLACK
6
CONTINUOUS
10
-0.677559094488189
20
0.9600393700787402
11
-0.477559094488189
21
0.9600393700787402
0
LINE
8
BLACK
6
CONTINUOUS
10
-0.477559094488189
20
0.9600393700787402
11
-0.476983031496063
21
0.9599826377952756
0
LINE
8
BLACK
6
CONTINUOUS
10
-0.6746063385826772
20
0.9541338582677165
11
-0.6746063385826772
21
0.6600393700787401
0
LINE
8
BLACK
6
CONTINUOUS
10
-0.6746063385826772
20
0.6600393700787401
11
-0.4805118503937008
21
0.6600393700787401
0
LINE
8
BLACK
6
CONTINUOUS
10
-0.4805118503937008
20
0.6600393700787401
11
-0.4805118503937008
21
0.9541338582677165
0
LINE
8
BLACK
6
CONTINUOUS
10
-0.4805118503937008
20
0.9541338582677165
11
-0.6746063385826772
21
0.9541338582677165
0
LINE
8
BLACK
6
CONTINUOUS
10
1.8134687007874015
20
0.7057362598425196
11
1.8135464566929134
21
0.7057417716535432
0
LINE
8
BLACK
6
CONTINUOUS
10
1.8135464566929134
20
0.7057417716535432
11
1.8136487007874016
21
0.7057185433070866
0
LINE
8
BLACK
6
CONTINUOUS
10
1.8136487007874016
20
0.7057185433070866
11
1.8137532283464566
21
0.7057082283464566
0
LINE
8
BLACK
6
CONTINUOUS
10
1.8137532283464566
20
0.7057082283464566
11
1.8138253149606298
21
0.7056783858267717
0
LINE
8
BLACK
6
CONTINUOUS
10
1.8138253149606298
20
0.7056783858267717
11
1.814110905511811
21
0.7056134251968503
0
LINE
8
BLACK
6
CONTINUOUS
10
1.814110905511811
20
0.7056134251968503
11
1.8225473228346456
21
0.7028012598425196
0
LINE
8
BLACK
6
CONTINUOUS
10
1.8225473228346456
20
0.7028012598425196
11
1.8230758661417323
21
0.7025652755905512
0
LINE
8
BLACK
6
CONTINUOUS
10
1.8230758661417323
20
0.7025652755905512
11
1.8231559842519685
21
0.7024957874015748
0
LINE
8
BLACK
6
CONTINUOUS
10
1.8231559842519685
20
0.7024957874015748
11
1.8232540551181102
21
0.702455157480315
0
LINE
8
BLACK
6
CONTINUOUS
10
1.8232540551181102
20
0.702455157480315
11
1.823701496062992
21
0.7020879527559055
0
LINE
8
BLACK
6
CONTINUOUS
10
1.823701496062992
20
0.7020879527559055
11
1.8524066141732283
21
0.6733828346456693
0
LINE
8
BLACK
6
CONTINUOUS
10
1.8524066141732283
20
0.6733828346456693
11
1.8524066141732283
21
0.7028122047244094
0
LINE
8
BLACK
6
CONTINUOUS
10
1.8524066141732283
20
0.7028122047244094
11
1.8524633464566929
21
0.7033882677165354
0
LINE
8
BLACK
6
CONTINUOUS
10
1.8524633464566929
20
0.7033882677165354
11
1.8529042519685039
21
0.7044526771653543
0
LINE
8
BLACK
6
CONTINUOUS
10
1.8529042519685039
20
0.7044526771653543
11
1.8537188976377952
21
0.7052673228346457
0
LINE
8
BLACK
6
CONTINUOUS
10
1.8537188976377952
20
0.7052673228346457
11
1.8547833070866142
21
0.7057082283464566
0
LINE
8
BLACK
6
CONTINUOUS
10
1.8547833070866142
20
0.7057082283464566
11
1.8559354330708662
21
0.7057082283464566
0
LINE
8
BLACK
6
CONTINUOUS
10
1.8559354330708662
20
0.7057082283464566
11
1.856999842519685
21
0.7052673228346457
0
LINE
8
BLACK
6
CONTINUOUS
10
1.856999842519685
20
0.7052673228346457
11
1.8578144881889764
21
0.7044526771653543
0
LINE
8
BLACK
6
CONTINUOUS
10
1.8578144881889764
20
0.7044526771653543
11
1.8582553937007873
21
0.7033882677165354
0
LINE
8
BLACK
6
CONTINUOUS
10
1.8582553937007873
20
0.7033882677165354
11
1.8583121259842519
21
0.7028122047244094
0
LINE
8
BLACK
6
CONTINUOUS
10
1.8583121259842519
20
0.7028122047244094
11
1.8583121259842519
21
0.666254251968504
0
LINE
8
BLACK
6
CONTINUOUS
10
1.8583121259842519
20
0.666254251968504
11
1.8582553937007873
21
0.665678188976378
0
LINE
8
BLACK
6
CONTINUOUS
10
1.8582553937007873
20
0.665678188976378
11
1.8578144881889764
21
0.6646137795275591
0
LINE
8
BLACK
6
CONTINUOUS
10
1.8578144881889764
20
0.6646137795275591
11
1.856999842519685
21
0.6637991338582677
0
LINE
8
BLACK
6
CONTINUOUS
10
1.856999842519685
20
0.6637991338582677
11
1.8559354330708662
21
0.6633582283464566
0
LINE
8
BLACK
6
CONTINUOUS
10
1.8559354330708662
20
0.6633582283464566
11
1.8547833070866142
21
0.6633582283464566
0
LINE
8
BLACK
6
CONTINUOUS
10
1.8547833070866142
20
0.6633582283464566
11
1.8537188976377952
21
0.6637991338582677
0
LINE
8
BLACK
6
CONTINUOUS
10
1.8537188976377952
20
0.6637991338582677
11
1.8532714566929134
21
0.6641663385826772
0
LINE
8
BLACK
6
CONTINUOUS
10
1.8532714566929134
20
0.6641663385826772
11
1.8200185433070866
21
0.697419251968504
0
LINE
8
BLACK
6
CONTINUOUS
10
1.8200185433070866
20
0.697419251968504
11
1.812698031496063
21
0.6998594488188976
0
LINE
8
BLACK
6
CONTINUOUS
10
1.812698031496063
20
0.6998594488188976
11
1.8082498818897637
21
0.6998594488188976
0
LINE
8
BLACK
6
CONTINUOUS
10
1.8082498818897637
20
0.6998594488188976
11
1.8036776377952755
21
0.6975733464566929
0
LINE
8
BLACK
6
CONTINUOUS
10
1.8036776377952755
20
0.6975733464566929
11
1.8015431496062992
21
0.6954388188976378
0
LINE
8
BLACK
6
CONTINUOUS
10
1.8015431496062992
20
0.6954388188976378
11
1.7992570078740158
21
0.6908665354330709
0
LINE
8
BLACK
6
CONTINUOUS
10
1.7992570078740158
20
0.6908665354330709
11
1.7992570078740158
21
0.6781999212598425
0
LINE
8
BLACK
6
CONTINUOUS
10
1.7992570078740158
20
0.6781999212598425
11
1.8015431102362205
21
0.6736276771653543
0
LINE
8
BLACK
6
CONTINUOUS
10
1.8015431102362205
20
0.6736276771653543
11
1.8040164566929133
21
0.6711543307086614
0
LINE
8
BLACK
6
CONTINUOUS
10
1.8040164566929133
20
0.6711543307086614
11
1.8043836614173228
21
0.6707068897637795
0
LINE
8
BLACK
6
CONTINUOUS
10
1.8043836614173228
20
0.6707068897637795
11
1.8048245669291338
21
0.6696424803149607
0
LINE
8
BLACK
6
CONTINUOUS
10
1.8048245669291338
20
0.6696424803149607
11
1.8048245669291338
21
0.6684903937007873
0
LINE
8
BLACK
6
CONTINUOUS
10
1.8048245669291338
20
0.6684903937007873
11
1.8043836614173228
21
0.6674259842519685
0
LINE
8
BLACK
6
CONTINUOUS
10
1.8043836614173228
20
0.6674259842519685
11
1.8035689763779528
21
0.6666112992125984
0
LINE
8
BLACK
6
CONTINUOUS
10
1.8035689763779528
20
0.6666112992125984
11
1.8025045669291337
21
0.6661703937007873
0
LINE
8
BLACK
6
CONTINUOUS
10
1.8025045669291337
20
0.6661703937007873
11
1.8013524803149605
21
0.6661703937007873
0
LINE
8
BLACK
6
CONTINUOUS
10
1.8013524803149605
20
0.6661703937007873
11
1.8002880708661417
21
0.6666112992125984
0
LINE
8
BLACK
6
CONTINUOUS
10
1.8002880708661417
20
0.6666112992125984
11
1.7998406299212597
21
0.6669785039370079
0
LINE
8
BLACK
6
CONTINUOUS
10
1.7998406299212597
20
0.6669785039370079
11
1.7970285039370077
21
0.6697906299212598
0
LINE
8
BLACK
6
CONTINUOUS
10
1.7970285039370077
20
0.6697906299212598
11
1.796842716535433
21
0.6700170078740157
0
LINE
8
BLACK
6
CONTINUOUS
10
1.796842716535433
20
0.6700170078740157
11
1.7967837401574802
21
0.6700681496062992
0
LINE
8
BLACK
6
CONTINUOUS
10
1.7967837401574802
20
0.6700681496062992
11
1.7967277559055117
21
0.6701571259842519
0
LINE
8
BLACK
6
CONTINUOUS
10
1.7967277559055117
20
0.6701571259842519
11
1.7966612992125983
21
0.6702380708661417
0
LINE
8
BLACK
6
CONTINUOUS
10
1.7966612992125983
20
0.6702380708661417
11
1.7966314566929134
21
0.6703100393700787
0
LINE
8
BLACK
6
CONTINUOUS
10
1.7966314566929134
20
0.6703100393700787
11
1.7964753937007873
21
0.670558031496063
0
LINE
8
BLACK
6
CONTINUOUS
10
1.7964753937007873
20
0.670558031496063
11
1.7936632283464566
21
0.6761823228346456
0
LINE
8
BLACK
6
CONTINUOUS
10
1.7936632283464566
20
0.6761823228346456
11
1.7934563385826772
21
0.6767229133858268
0
LINE
8
BLACK
6
CONTINUOUS
10
1.7934563385826772
20
0.6767229133858268
11
1.7934487795275591
21
0.6768288188976378
0
LINE
8
BLACK
6
CONTINUOUS
10
1.7934487795275591
20
0.6768288188976378
11
1.7934082283464567
21
0.6769267716535433
0
LINE
8
BLACK
6
CONTINUOUS
10
1.7934082283464567
20
0.6769267716535433
11
1.7933514960629922
21
0.6775028346456693
0
LINE
8
BLACK
6
CONTINUOUS
10
1.7933514960629922
20
0.6775028346456693
11
1.7933514960629922
21
0.6915635826771653
0
LINE
8
BLACK
6
CONTINUOUS
10
1.7933514960629922
20
0.6915635826771653
11
1.7934082283464567
21
0.6921396456692913
0
LINE
8
BLACK
6
CONTINUOUS
10
1.7934082283464567
20
0.6921396456692913
11
1.7934487795275591
21
0.6922376377952756
0
LINE
8
BLACK
6
CONTINUOUS
10
1.7934487795275591
20
0.6922376377952756
11
1.7934563385826772
21
0.6923435039370078
0
LINE
8
BLACK
6
CONTINUOUS
10
1.7934563385826772
20
0.6923435039370078
11
1.7936632283464566
21
0.692884094488189
0
LINE
8
BLACK
6
CONTINUOUS
10
1.7936632283464566
20
0.692884094488189
11
1.7964753937007873
21
0.6985083858267717
0
LINE
8
BLACK
6
CONTINUOUS
10
1.7964753937007873
20
0.6985083858267717
11
1.7966314173228346
21
0.6987562992125984
0
LINE
8
BLACK
6
CONTINUOUS
10
1.7966314173228346
20
0.6987562992125984
11
1.7966612598425196
21
0.6988283070866141
0
LINE
8
BLACK
6
CONTINUOUS
10
1.7966612598425196
20
0.6988283070866141
11
1.7967277559055117
21
0.6989093700787401
0
LINE
8
BLACK
6
CONTINUOUS
10
1.7967277559055117
20
0.6989093700787401
11
1.7967837401574802
21
0.6989982677165354
0
LINE
8
BLACK
6
CONTINUOUS
10
1.7967837401574802
20
0.6989982677165354
11
1.796842716535433
21
0.6990494488188976
0
LINE
8
BLACK
6
CONTINUOUS
10
1.796842716535433
20
0.6990494488188976
11
1.7970285039370077
21
0.6992757874015748
0
LINE
8
BLACK
6
CONTINUOUS
10
1.7970285039370077
20
0.6992757874015748
11
1.7998406299212597
21
0.7020879527559055
0
LINE
8
BLACK
6
CONTINUOUS
10
1.7998406299212597
20
0.7020879527559055
11
1.8000670866141733
21
0.7022738188976377
0
LINE
8
BLACK
6
CONTINUOUS
10
1.8000670866141733
20
0.7022738188976377
11
1.8001181496062992
21
0.7023326771653543
0
LINE
8
BLACK
6
CONTINUOUS
10
1.8001181496062992
20
0.7023326771653543
11
1.8002068897637795
21
0.7023885826771653
0
LINE
8
BLACK
6
CONTINUOUS
10
1.8002068897637795
20
0.7023885826771653
11
1.8002880708661417
21
0.702455157480315
0
LINE
8
BLACK
6
CONTINUOUS
10
1.8002880708661417
20
0.702455157480315
11
1.8003601181102362
21
0.7024850393700788
0
LINE
8
BLACK
6
CONTINUOUS
10
1.8003601181102362
20
0.7024850393700788
11
1.8006080314960629
21
0.7026410629921259
0
LINE
8
BLACK
6
CONTINUOUS
10
1.8006080314960629
20
0.7026410629921259
11
1.8062323228346455
21
0.7054532283464566
0
LINE
8
BLACK
6
CONTINUOUS
10
1.8062323228346455
20
0.7054532283464566
11
1.8067729133858268
21
0.7056601181102362
0
LINE
8
BLACK
6
CONTINUOUS
10
1.8067729133858268
20
0.7056601181102362
11
1.8068787795275589
21
0.7056676771653543
0
LINE
8
BLACK
6
CONTINUOUS
10
1.8068787795275589
20
0.7056676771653543
11
1.8069767716535432
21
0.7057082283464566
0
LINE
8
BLACK
6
CONTINUOUS
10
1.8069767716535432
20
0.7057082283464566
11
1.8075528346456693
21
0.7057649606299212
0
LINE
8
BLACK
6
CONTINUOUS
10
1.8075528346456693
20
0.7057649606299212
11
1.8131771653543307
21
0.7057649606299212
0
LINE
8
BLACK
6
CONTINUOUS
10
1.8131771653543307
20
0.7057649606299212
11
1.8134687007874015
21
0.7057362598425196
0
LINE
8
BLACK
6
CONTINUOUS
10
2.2041193307086613
20
1.3473842125984252
11
2.2051837401574801
21
1.3469433070866141
0
LINE
8
BLACK
6
CONTINUOUS
10
2.2051837401574801
20
1.3469433070866141
11
2.2059983858267715
21
1.3461286614173229
0
LINE
8
BLACK
6
CONTINUOUS
10
2.2059983858267715
20
1.3461286614173229
11
2.2064392913385826
21
1.3450642519685039
0
LINE
8
BLACK
6
CONTINUOUS
10
2.2064392913385826
20
1.3450642519685039
11
2.206496023622047
21
1.344488188976378
0
LINE
8
BLACK
6
CONTINUOUS
10
2.206496023622047
20
1.344488188976378
11
2.206496023622047
21
0.8444881889763779
0
LINE
8
BLACK
6
CONTINUOUS
10
2.206496023622047
20
0.8444881889763779
11
2.2064392913385826
21
0.8439121259842519
0
LINE
8
BLACK
6
CONTINUOUS
10
2.2064392913385826
20
0.8439121259842519
11
2.2059983858267715
21
0.842847716535433
0
LINE
8
BLACK
6
CONTINUOUS
10
2.2059983858267715
20
0.842847716535433
11
2.2051837401574801
21
0.8420330708661418
0
LINE
8
BLACK
6
CONTINUOUS
10
2.2051837401574801
20
0.8420330708661418
11
2.2041193307086613
21
0.8415921653543307
0
LINE
8
BLACK
6
CONTINUOUS
10
2.2041193307086613
20
0.8415921653543307
11
2.2035432677165354
21
0.8415354330708661
0
LINE
8
BLACK
6
CONTINUOUS
10
2.2035432677165354
20
0.8415354330708661
11
2.0035432677165352
21
0.8415354330708661
0
LINE
8
BLACK
6
CONTINUOUS
10
2.0035432677165352
20
0.8415354330708661
11
2.0029672047244094
21
0.8415921653543307
0
LINE
8
BLACK
6
CONTINUOUS
10
2.0029672047244094
20
0.8415921653543307
11
2.0019027952755906
21
0.8420330708661418
0
LINE
8
BLACK
6
CONTINUOUS
10
2.0019027952755906
20
0.8420330708661418
11
2.0010881496062991
21
0.842847716535433
0
LINE
8
BLACK
6
CONTINUOUS
10
2.0010881496062991
20
0.842847716535433
11
2.000647244094488
21
0.8439121259842519
0
LINE
8
BLACK
6
CONTINUOUS
10
2.000647244094488
20
0.8439121259842519
11
2.0005905118110237
21
0.8444881889763779
0
LINE
8
BLACK
6
CONTINUOUS
10
2.0005905118110237
20
0.8444881889763779
11
2.0005905118110237
21
1.344488188976378
0
LINE
8
BLACK
6
CONTINUOUS
10
2.0005905118110237
20
1.344488188976378
11
2.000647244094488
21
1.3450642519685039
0
LINE
8
BLACK
6
CONTINUOUS
10
2.000647244094488
20
1.3450642519685039
11
2.0010881496062991
21
1.3461286614173229
0
LINE
8
BLACK
6
CONTINUOUS
10
2.0010881496062991
20
1.3461286614173229
11
2.0019027952755906
21
1.3469433070866141
0
LINE
8
BLACK
6
CONTINUOUS
10
2.0019027952755906
20
1.3469433070866141
11
2.0029672047244094
21
1.3473842125984252
0
LINE
8
BLACK
6
CONTINUOUS
10
2.0029672047244094
20
1.3473842125984252
11
2.0035432677165352
21
1.3474409448818898
0
LINE
8
BLACK
6
CONTINUOUS
10
2.0035432677165352
20
1.3474409448818898
11
2.2035432677165354
21
1.3474409448818898
0
LINE
8
BLACK
6
CONTINUOUS
10
2.2035432677165354
20
1.3474409448818898
11
2.2041193307086613
21
1.3473842125984252
0
LINE
8
BLACK
6
CONTINUOUS
10
2.0064960236220473
20
1.3415354330708662
11
2.0064960236220473
21
0.8474409448818897
0
LINE
8
BLACK
6
CONTINUOUS
10
2.0064960236220473
20
0.8474409448818897
11
2.2005905118110234
21
0.8474409448818897
0
LINE
8
BLACK
6
CONTINUOUS
10
2.2005905118110234
20
0.8474409448818897
11
2.2005905118110234
21
1.3415354330708662
0
LINE
8
BLACK
6
CONTINUOUS
10
2.2005905118110234
20
1.3415354330708662
11
2.0064960236220473
21
1.3415354330708662
0
LINE
8
BLACK
6
CONTINUOUS
10
4.23915874015748
20
1.3950220078740156
11
4.2402231496062992
21
1.3945811023622048
0
LINE
8
BLACK
6
CONTINUOUS
10
4.2402231496062992
20
1.3945811023622048
11
4.2410377952755907
21
1.3937664566929133
0
LINE
8
BLACK
6
CONTINUOUS
10
4.2410377952755907
20
1.3937664566929133
11
4.2414787007874013
21
1.3927020472440945
0
LINE
8
BLACK
6
CONTINUOUS
10
4.2414787007874013
20
1.3927020472440945
11
4.2415354330708661
21
1.3921259842519684
0
LINE
8
BLACK
6
CONTINUOUS
10
4.2415354330708661
20
1.3921259842519684
11
4.2415354330708661
21
1.0921259842519684
0
LINE
8
BLACK
6
CONTINUOUS
10
4.2415354330708661
20
1.0921259842519684
11
4.2414787007874013
21
1.0915499212598425
0
LINE
8
BLACK
6
CONTINUOUS
10
4.2414787007874013
20
1.0915499212598425
11
4.2410377952755907
21
1.0904855118110235
0
LINE
8
BLACK
6
CONTINUOUS
10
4.2410377952755907
20
1.0904855118110235
11
4.2402231496062992
21
1.0896708661417323
0
LINE
8
BLACK
6
CONTINUOUS
10
4.2402231496062992
20
1.0896708661417323
11
4.23915874015748
21
1.0892299606299212
0
LINE
8
BLACK
6
CONTINUOUS
10
4.23915874015748
20
1.0892299606299212
11
4.2385826771653541
21
1.0891732283464566
0
LINE
8
BLACK
6
CONTINUOUS
10
4.2385826771653541
20
1.0891732283464566
11
4.0385826771653539
21
1.0891732283464566
0
LINE
8
BLACK
6
CONTINUOUS
10
4.0385826771653539
20
1.0891732283464566
11
4.038006614173228
21
1.0892299606299212
0
LINE
8
BLACK
6
CONTINUOUS
10
4.038006614173228
20
1.0892299606299212
11
4.0369422047244097
21
1.0896708661417323
0
LINE
8
BLACK
6
CONTINUOUS
10
4.0369422047244097
20
1.0896708661417323
11
4.0361275590551182
21
1.0904855118110235
0
LINE
8
BLACK
6
CONTINUOUS
10
4.0361275590551182
20
1.0904855118110235
11
4.0356866535433067
21
1.0915499212598425
0
LINE
8
BLACK
6
CONTINUOUS
10
4.0356866535433067
20
1.0915499212598425
11
4.0356299212598428
21
1.0921259842519684
0
LINE
8
BLACK
6
CONTINUOUS
10
4.0356299212598428
20
1.0921259842519684
11
4.0356299212598428
21
1.3921259842519684
0
LINE
8
BLACK
6
CONTINUOUS
10
4.0356299212598428
20
1.3921259842519684
11
4.0356866535433067
21
1.3927020472440945
0
LINE
8
BLACK
6
CONTINUOUS
10
4.0356866535433067
20
1.3927020472440945
11
4.0361275590551182
21
1.3937664566929133
0
LINE
8
BLACK
6
CONTINUOUS
10
4.0361275590551182
20
1.3937664566929133
11
4.0369422047244097
21
1.3945811023622048
0
LINE
8
BLACK
6
CONTINUOUS
10
4.0369422047244097
20
1.3945811023622048
11
4.038006614173228
21
1.3950220078740156
0
LINE
8
BLACK
6
CONTINUOUS
10
4.038006614173228
20
1.3950220078740156
11
4.0385826771653539
21
1.3950787401574802
0
LINE
8
BLACK
6
CONTINUOUS
10
4.0385826771653539
20
1.3950787401574802
11
4.2385826771653541
21
1.3950787401574802
0
LINE
8
BLACK
6
CONTINUOUS
10
4.2385826771653541
20
1.3950787401574802
11
4.23915874015748
21
1.3950220078740156
0
LINE
8
BLACK
6
CONTINUOUS
10
4.0415354330708659
20
1.3891732283464566
11
4.0415354330708659
21
1.0950787401574802
0
LINE
8
BLACK
6
CONTINUOUS
10
4.0415354330708659
20
1.0950787401574802
11
4.2356299212598421
21
1.0950787401574802
0
LINE
8
BLACK
6
CONTINUOUS
10
4.2356299212598421
20
1.0950787401574802
11
4.2356299212598421
21
1.3891732283464566
0
LINE
8
BLACK
6
CONTINUOUS
10
4.2356299212598421
20
1.3891732283464566
11
4.0415354330708659
21
1.3891732283464566
0
LINE
8
BLACK
6
CONTINUOUS
10
2.2974800787401572
20
1.7604089763779527
11
2.2975813779527559
21
1.7604089763779527
0
LINE
8
BLACK
6
CONTINUOUS
10
2.2975813779527559
20
1.7604089763779527
11
2.2977840157480314
21
1.7602063385826772
0
LINE
8
BLACK
6
CONTINUOUS
10
2.2977840157480314
20
1.7602063385826772
11
2.2980225196850395
21
1.7600473228346456
0
LINE
8
BLACK
6
CONTINUOUS
10
2.2980225196850395
20
1.7600473228346456
11
2.2980423622047246
21
1.7599479921259842
0
LINE
8
BLACK
6
CONTINUOUS
10
2.2980423622047246
20
1.7599479921259842
11
2.2981140551181101
21
1.7598762992125985
0
LINE
8
BLACK
6
CONTINUOUS
10
2.2981140551181101
20
1.7598762992125985
11
2.2981889763779528
21
1.7594996456692913
0
LINE
8
BLACK
6
CONTINUOUS
10
2.2981889763779528
20
1.7594996456692913
11
2.2981889763779528
21
1.7407988582677165
0
LINE
8
BLACK
6
CONTINUOUS
10
2.2981889763779528
20
1.7407988582677165
11
2.3028290157480313
21
1.7407988582677165
0
LINE
8
BLACK
6
CONTINUOUS
10
2.3028290157480313
20
1.7407988582677165
11
2.3032056692913385
21
1.740723937007874
0
LINE
8
BLACK
6
CONTINUOUS
10
2.3032056692913385
20
1.740723937007874
11
2.3037383464566927
21
1.7401912598425195
0
LINE
8
BLACK
6
CONTINUOUS
10
2.3037383464566927
20
1.7401912598425195
11
2.3037383464566927
21
1.7394379527559054
0
LINE
8
BLACK
6
CONTINUOUS
10
2.3037383464566927
20
1.7394379527559054
11
2.3032056692913385
21
1.7389052755905512
0
LINE
8
BLACK
6
CONTINUOUS
10
2.3032056692913385
20
1.7389052755905512
11
2.3028290157480313
21
1.7388303543307086
0
LINE
8
BLACK
6
CONTINUOUS
10
2.3028290157480313
20
1.7388303543307086
11
2.291580433070866
21
1.7388303543307086
0
LINE
8
BLACK
6
CONTINUOUS
10
2.291580433070866
20
1.7388303543307086
11
2.2912037795275588
21
1.7389052755905512
0
LINE
8
BLACK
6
CONTINUOUS
10
2.2912037795275588
20
1.7389052755905512
11
2.2906711023622046
21
1.7394379527559054
0
LINE
8
BLACK
6
CONTINUOUS
10
2.2906711023622046
20
1.7394379527559054
11
2.2906711023622046
21
1.7401912598425195
0
LINE
8
BLACK
6
CONTINUOUS
10
2.2906711023622046
20
1.7401912598425195
11
2.2912037795275588
21
1.740723937007874
0
LINE
8
BLACK
6
CONTINUOUS
10
2.2912037795275588
20
1.740723937007874
11
2.291580433070866
21
1.7407988582677165
0
LINE
8
BLACK
6
CONTINUOUS
10
2.291580433070866
20
1.7407988582677165
11
2.296220472440945
21
1.7407988582677165
0
LINE
8
BLACK
6
CONTINUOUS
10
2.296220472440945
20
1.7407988582677165
11
2.296220472440945
21
1.756248937007874
0
LINE
8
BLACK
6
CONTINUOUS
10
2.296220472440945
20
1.756248937007874
11
2.2961488976377953
21
1.7561415354330707
0
LINE
8
BLACK
6
CONTINUOUS
10
2.2961488976377953
20
1.7561415354330707
11
2.2960800787401574
21
1.7560725984251968
0
LINE
8
BLACK
6
CONTINUOUS
10
2.2960800787401574
20
1.7560725984251968
11
2.2960259055118111
21
1.7559914960629921
0
LINE
8
BLACK
6
CONTINUOUS
10
2.2960259055118111
20
1.7559914960629921
11
2.2941511811023623
21
1.7541167322834645
0
LINE
8
BLACK
6
CONTINUOUS
10
2.2941511811023623
20
1.7541167322834645
11
2.2940198425196852
21
1.7540290157480314
0
LINE
8
BLACK
6
CONTINUOUS
10
2.2940198425196852
20
1.7540290157480314
11
2.2938953543307088
21
1.7539323622047243
0
LINE
8
BLACK
6
CONTINUOUS
10
2.2938953543307088
20
1.7539323622047243
11
2.2920205905511812
21
1.7529949999999999
0
LINE
8
BLACK
6
CONTINUOUS
10
2.2920205905511812
20
1.7529949999999999
11
2.2916501968503935
21
1.7528935826771652
0
LINE
8
BLACK
6
CONTINUOUS
10
2.2916501968503935
20
1.7528935826771652
11
2.2909355511811023
21
1.753131811023622
0
LINE
8
BLACK
6
CONTINUOUS
10
2.2909355511811023
20
1.753131811023622
11
2.2905986614173228
21
1.7538055905511811
0
LINE
8
BLACK
6
CONTINUOUS
10
2.2905986614173228
20
1.7538055905511811
11
2.2908368897637796
21
1.7545202362204724
0
LINE
8
BLACK
6
CONTINUOUS
10
2.2908368897637796
20
1.7545202362204724
11
2.2911402755905512
21
1.7547557086614174
0
LINE
8
BLACK
6
CONTINUOUS
10
2.2911402755905512
20
1.7547557086614174
11
2.2928721653543307
21
1.7556216929133859
0
LINE
8
BLACK
6
CONTINUOUS
10
2.2928721653543307
20
1.7556216929133859
11
2.2945650787401575
21
1.7573146062992127
0
LINE
8
BLACK
6
CONTINUOUS
10
2.2945650787401575
20
1.7573146062992127
11
2.296385787401575
21
1.7600456299212599
0
LINE
8
BLACK
6
CONTINUOUS
10
2.296385787401575
20
1.7600456299212599
11
2.2966570472440946
21
1.7603174409448819
0
LINE
8
BLACK
6
CONTINUOUS
10
2.2966570472440946
20
1.7603174409448819
11
2.296756377952756
21
1.7603373228346457
0
LINE
8
BLACK
6
CONTINUOUS
10
2.296756377952756
20
1.7603373228346457
11
2.2968280708661415
21
1.7604089763779527
0
LINE
8
BLACK
6
CONTINUOUS
10
2.2968280708661415
20
1.7604089763779527
11
2.2971146850393702
21
1.7604089763779527
0
LINE
8
BLACK
6
CONTINUOUS
10
2.2971146850393702
20
1.7604089763779527
11
2.2973957480314962
21
1.7604651968503937
0
LINE
8
BLACK
6
CONTINUOUS
10
2.2973957480314962
20
1.7604651968503937
11
2.2974800787401572
21
1.7604089763779527
0
LINE
8
BLACK
6
CONTINUOUS
10
0.452432125984252
20
1.8238021259842518
11
0.4534965354330708
21
1.823361220472441
0
LINE
8
BLACK
6
CONTINUOUS
10
0.4534965354330708
20
1.823361220472441
11
0.4543111811023622
21
1.8225465748031495
0
LINE
8
BLACK
6
CONTINUOUS
10
0.4543111811023622
20
1.8225465748031495
11
0.4547520866141732
21
1.8214821653543307
0
LINE
8
BLACK
6
CONTINUOUS
10
0.4547520866141732
20
1.8214821653543307
11
0.4547520866141732
21
1.8203300393700788
0
LINE
8
BLACK
6
CONTINUOUS
10
0.4547520866141732
20
1.8203300393700788
11
0.4543111811023622
21
1.8192656299212597
0
LINE
8
BLACK
6
CONTINUOUS
10
0.4543111811023622
20
1.8192656299212597
11
0.4534965354330708
21
1.8184509842519685
0
LINE
8
BLACK
6
CONTINUOUS
10
0.4534965354330708
20
1.8184509842519685
11
0.452432125984252
21
1.8180100787401574
0
LINE
8
BLACK
6
CONTINUOUS
10
0.452432125984252
20
1.8180100787401574
11
0.451856062992126
21
1.8179533464566928
0
LINE
8
BLACK
6
CONTINUOUS
10
0.451856062992126
20
1.8179533464566928
11
0.4068616929133858
21
1.8179533464566928
0
LINE
8
BLACK
6
CONTINUOUS
10
0.4068616929133858
20
1.8179533464566928
11
0.4062856299212598
21
1.8180100787401574
0
LINE
8
BLACK
6
CONTINUOUS
10
0.4062856299212598
20
1.8180100787401574
11
0.4052212204724409
21
1.8184509842519685
0
LINE
8
BLACK
6
CONTINUOUS
10
0.4052212204724409
20
1.8184509842519685
11
0.4044065748031496
21
1.8192656299212597
0
LINE
8
BLACK
6
CONTINUOUS
10
0.4044065748031496
20
1.8192656299212597
11
0.4039656692913386
21
1.8203300393700788
0
LINE
8
BLACK
6
CONTINUOUS
10
0.4039656692913386
20
1.8203300393700788
11
0.4039656692913386
21
1.8214821653543307
0
LINE
8
BLACK
6
CONTINUOUS
10
0.4039656692913386
20
1.8214821653543307
11
0.4044065748031496
21
1.8225465748031495
0
LINE
8
BLACK
6
CONTINUOUS
10
0.4044065748031496
20
1.8225465748031495
11
0.4052212204724409
21
1.823361220472441
0
LINE
8
BLACK
6
CONTINUOUS
10
0.4052212204724409
20
1.823361220472441
11
0.4062856299212598
21
1.8238021259842518
0
LINE
8
BLACK
6
CONTINUOUS
10
0.4062856299212598
20
1.8238021259842518
11
0.4068616929133858
21
1.8238588582677164
0
LINE
8
BLACK
6
CONTINUOUS
10
0.4068616929133858
20
1.8238588582677164
11
0.451856062992126
21
1.8238588582677164
0
LINE
8
BLACK
6
CONTINUOUS
10
0.451856062992126
20
1.8238588582677164
11
0.452432125984252
21
1.8238021259842518
0
LINE
8
BLACK
6
CONTINUOUS
10
0.1740294094488189
20
1.8884815354330708
11
0.1750938188976378
21
1.8880406299212598
0
LINE
8
BLACK
6
CONTINUOUS
10
0.1750938188976378
20
1.8880406299212598
11
0.1759084645669291
21
1.8872259842519685
0
LINE
8
BLACK
6
CONTINUOUS
10
0.1759084645669291
20
1.8872259842519685
11
0.1763493700787402
21
1.8861615748031495
0
LINE
8
BLACK
6
CONTINUOUS
10
0.1763493700787402
20
1.8861615748031495
11
0.1763493700787402
21
1.8850094488188975
0
LINE
8
BLACK
6
CONTINUOUS
10
0.1763493700787402
20
1.8850094488188975
11
0.1759084645669291
21
1.8839450393700787
0
LINE
8
BLACK
6
CONTINUOUS
10
0.1759084645669291
20
1.8839450393700787
11
0.1750938188976378
21
1.8831303937007873
0
LINE
8
BLACK
6
CONTINUOUS
10
0.1750938188976378
20
1.8831303937007873
11
0.1740294094488189
21
1.8826894881889764
0
LINE
8
BLACK
6
CONTINUOUS
10
0.1740294094488189
20
1.8826894881889764
11
0.1734533464566929
21
1.8826327559055118
0
LINE
8
BLACK
6
CONTINUOUS
10
0.1734533464566929
20
1.8826327559055118
11
0.1482846062992126
21
1.8826327559055118
0
LINE
8
BLACK
6
CONTINUOUS
10
0.1482846062992126
20
1.8826327559055118
11
0.1482846062992126
21
1.8604167716535434
0
LINE
8
BLACK
6
CONTINUOUS
10
0.1482846062992126
20
1.8604167716535434
11
0.1650168897637795
21
1.8604167716535434
0
LINE
8
BLACK
6
CONTINUOUS
10
0.1650168897637795
20
1.8604167716535434
11
0.1655929527559055
21
1.8603600393700788
0
LINE
8
BLACK
6
CONTINUOUS
10
0.1655929527559055
20
1.8603600393700788
11
0.1666573622047244
21
1.8599191338582677
0
LINE
8
BLACK
6
CONTINUOUS
10
0.1666573622047244
20
1.8599191338582677
11
0.1674720078740158
21
1.8591044881889764
0
LINE
8
BLACK
6
CONTINUOUS
10
0.1674720078740158
20
1.8591044881889764
11
0.1679129133858268
21
1.8580400787401574
0
LINE
8
BLACK
6
CONTINUOUS
10
0.1679129133858268
20
1.8580400787401574
11
0.1679129133858268
21
1.8568879527559055
0
LINE
8
BLACK
6
CONTINUOUS
10
0.1679129133858268
20
1.8568879527559055
11
0.1674720078740158
21
1.8558235433070867
0
LINE
8
BLACK
6
CONTINUOUS
10
0.1674720078740158
20
1.8558235433070867
11
0.1666573622047244
21
1.8550088976377952
0
LINE
8
BLACK
6
CONTINUOUS
10
0.1666573622047244
20
1.8550088976377952
11
0.1655929527559055
21
1.8545679921259841
0
LINE
8
BLACK
6
CONTINUOUS
10
0.1655929527559055
20
1.8545679921259841
11
0.1650168897637795
21
1.8545112598425197
0
LINE
8
BLACK
6
CONTINUOUS
10
0.1650168897637795
20
1.8545112598425197
11
0.1482846062992126
21
1.8545112598425197
0
LINE
8
BLACK
6
CONTINUOUS
10
0.1482846062992126
20
1.8545112598425197
11
0.1482846062992126
21
1.8294831496062991
0
LINE
8
BLACK
6
CONTINUOUS
10
0.1482846062992126
20
1.8294831496062991
11
0.1734533464566929
21
1.8294831496062991
0
LINE
8
BLACK
6
CONTINUOUS
10
0.1734533464566929
20
1.8294831496062991
11
0.1740294094488189
21
1.8294264173228345
0
LINE
8
BLACK
6
CONTINUOUS
10
0.1740294094488189
20
1.8294264173228345
11
0.1750938188976378
21
1.8289855118110236
0
LINE
8
BLACK
6
CONTINUOUS
10
0.1750938188976378
20
1.8289855118110236
11
0.1759084645669291
21
1.8281708661417322
0
LINE
8
BLACK
6
CONTINUOUS
10
0.1759084645669291
20
1.8281708661417322
11
0.1763493700787402
21
1.8271064566929134
0
LINE
8
BLACK
6
CONTINUOUS
10
0.1763493700787402
20
1.8271064566929134
11
0.1763493700787402
21
1.8259543307086614
0
LINE
8
BLACK
6
CONTINUOUS
10
0.1763493700787402
20
1.8259543307086614
11
0.1759084645669291
21
1.8248899212598424
0
LINE
8
BLACK
6
CONTINUOUS
10
0.1759084645669291
20
1.8248899212598424
11
0.1750938188976378
21
1.8240752755905512
0
LINE
8
BLACK
6
CONTINUOUS
10
0.1750938188976378
20
1.8240752755905512
11
0.1740294094488189
21
1.8236343700787401
0
LINE
8
BLACK
6
CONTINUOUS
10
0.1740294094488189
20
1.8236343700787401
11
0.1734533464566929
21
1.8235776377952755
0
LINE
8
BLACK
6
CONTINUOUS
10
0.1734533464566929
20
1.8235776377952755
11
0.1453318503937008
21
1.8235776377952755
0
LINE
8
BLACK
6
CONTINUOUS
10
0.1453318503937008
20
1.8235776377952755
11
0.1447557874015748
21
1.8236343700787401
0
LINE
8
BLACK
6
CONTINUOUS
10
0.1447557874015748
20
1.8236343700787401
11
0.1436913779527559
21
1.8240752755905512
0
LINE
8
BLACK
6
CONTINUOUS
10
0.1436913779527559
20
1.8240752755905512
11
0.1428767322834646
21
1.8248899212598424
0
LINE
8
BLACK
6
CONTINUOUS
10
0.1428767322834646
20
1.8248899212598424
11
0.1424358267716535
21
1.8259543307086614
0
LINE
8
BLACK
6
CONTINUOUS
10
0.1424358267716535
20
1.8259543307086614
11
0.1424358267716535
21
1.8259543700787402
0
LINE
8
BLACK
6
CONTINUOUS
10
0.1424358267716535
20
1.8259543700787402
11
0.142379094488189
21
1.8265303937007873
0
LINE
8
BLACK
6
CONTINUOUS
10
0.142379094488189
20
1.8265303937007873
11
0.142379094488189
21
1.8855855118110236
0
LINE
8
BLACK
6
CONTINUOUS
10
0.142379094488189
20
1.8855855118110236
11
0.1424358267716535
21
1.8861615748031495
0
LINE
8
BLACK
6
CONTINUOUS
10
0.1424358267716535
20
1.8861615748031495
11
0.1428767322834646
21
1.8872259842519685
0
LINE
8
BLACK
6
CONTINUOUS
10
0.1428767322834646
20
1.8872259842519685
11
0.1436913779527559
21
1.8880406299212598
0
LINE
8
BLACK
6
CONTINUOUS
10
0.1436913779527559
20
1.8880406299212598
11
0.1447557874015748
21
1.8884815354330708
0
LINE
8
BLACK
6
CONTINUOUS
10
0.1447557874015748
20
1.8884815354330708
11
0.1453318503937008
21
1.8885382677165354
0
LINE
8
BLACK
6
CONTINUOUS
10
0.1453318503937008
20
1.8885382677165354
11
0.1734533464566929
21
1.8885382677165354
0
LINE
8
BLACK
6
CONTINUOUS
10
0.1734533464566929
20
1.8885382677165354
11
0.1740294094488189
21
1.8884815354330708
0
LINE
8
BLACK
6
CONTINUOUS
10
0.2637336220472441
20
1.8885095669291339
11
0.2638113779527559
21
1.8885150787401574
0
LINE
8
BLACK
6
CONTINUOUS
10
0.2638113779527559
20
1.8885150787401574
11
0.2639136220472441
21
1.8884918503937007
0
LINE
8
BLACK
6
CONTINUOUS
10
0.2639136220472441
20
1.8884918503937007
11
0.2640181496062992
21
1.8884815354330708
0
LINE
8
BLACK
6
CONTINUOUS
10
0.2640181496062992
20
1.8884815354330708
11
0.2640902362204725
21
1.8884516929133859
0
LINE
8
BLACK
6
CONTINUOUS
10
0.2640902362204725
20
1.8884516929133859
11
0.2643758267716536
21
1.8883867322834644
0
LINE
8
BLACK
6
CONTINUOUS
10
0.2643758267716536
20
1.8883867322834644
11
0.2728122834645669
21
1.8855745669291337
0
LINE
8
BLACK
6
CONTINUOUS
10
0.2728122834645669
20
1.8855745669291337
11
0.2733408267716536
21
1.8853385826771654
0
LINE
8
BLACK
6
CONTINUOUS
10
0.2733408267716536
20
1.8853385826771654
11
0.2734209448818898
21
1.8852690944881889
0
LINE
8
BLACK
6
CONTINUOUS
10
0.2734209448818898
20
1.8852690944881889
11
0.2735190157480315
21
1.8852284645669291
0
LINE
8
BLACK
6
CONTINUOUS
10
0.2735190157480315
20
1.8852284645669291
11
0.2739664566929134
21
1.8848612598425196
0
LINE
8
BLACK
6
CONTINUOUS
10
0.2739664566929134
20
1.8848612598425196
11
0.2795907480314961
21
1.879236968503937
0
LINE
8
BLACK
6
CONTINUOUS
10
0.2795907480314961
20
1.879236968503937
11
0.2797765748031496
21
1.8790105118110236
0
LINE
8
BLACK
6
CONTINUOUS
10
0.2797765748031496
20
1.8790105118110236
11
0.2798354724409449
21
1.8789594488188976
0
LINE
8
BLACK
6
CONTINUOUS
10
0.2798354724409449
20
1.8789594488188976
11
0.2798913385826772
21
1.8788707086614174
0
LINE
8
BLACK
6
CONTINUOUS
10
0.2798913385826772
20
1.8788707086614174
11
0.2799579527559055
21
1.8787895275590552
0
LINE
8
BLACK
6
CONTINUOUS
10
0.2799579527559055
20
1.8787895275590552
11
0.2799877952755905
21
1.8787174803149607
0
LINE
8
BLACK
6
CONTINUOUS
10
0.2799877952755905
20
1.8787174803149607
11
0.2801438582677165
21
1.8784695669291338
0
LINE
8
BLACK
6
CONTINUOUS
10
0.2801438582677165
20
1.8784695669291338
11
0.2829560236220472
21
1.8728452755905511
0
LINE
8
BLACK
6
CONTINUOUS
10
0.2829560236220472
20
1.8728452755905511
11
0.282972125984252
21
1.8728031889763779
0
LINE
8
BLACK
6
CONTINUOUS
10
0.282972125984252
20
1.8728031889763779
11
0.282984842519685
21
1.8727860236220473
0
LINE
8
BLACK
6
CONTINUOUS
10
0.282984842519685
20
1.8727860236220473
11
0.2830711417322835
21
1.8725444488188976
0
LINE
8
BLACK
6
CONTINUOUS
10
0.2830711417322835
20
1.8725444488188976
11
0.2831629133858268
21
1.8723046850393701
0
LINE
8
BLACK
6
CONTINUOUS
10
0.2831629133858268
20
1.8723046850393701
11
0.2831644094488189
21
1.8722834251968503
0
LINE
8
BLACK
6
CONTINUOUS
10
0.2831644094488189
20
1.8722834251968503
11
0.2831796062992126
21
1.872240905511811
0
LINE
8
BLACK
6
CONTINUOUS
10
0.2831796062992126
20
1.872240905511811
11
0.2859917322834646
21
1.8609923228346457
0
LINE
8
BLACK
6
CONTINUOUS
10
0.2859917322834646
20
1.8609923228346457
11
0.2860064960629921
21
1.8608924803149607
0
LINE
8
BLACK
6
CONTINUOUS
10
0.2860064960629921
20
1.8608924803149607
11
0.2860231496062992
21
1.8608522440944881
0
LINE
8
BLACK
6
CONTINUOUS
10
0.2860231496062992
20
1.8608522440944881
11
0.2860444881889764
21
1.8606352362204723
0
LINE
8
BLACK
6
CONTINUOUS
10
0.2860444881889764
20
1.8606352362204723
11
0.2860763779527559
21
1.8604197244094487
0
LINE
8
BLACK
6
CONTINUOUS
10
0.2860763779527559
20
1.8604197244094487
11
0.2860699606299212
21
1.8603767322834646
0
LINE
8
BLACK
6
CONTINUOUS
10
0.2860699606299212
20
1.8603767322834646
11
0.2860798818897638
21
1.8602761811023623
0
LINE
8
BLACK
6
CONTINUOUS
10
0.2860798818897638
20
1.8602761811023623
11
0.2860798818897638
21
1.8518397244094489
0
LINE
8
BLACK
6
CONTINUOUS
10
0.2860798818897638
20
1.8518397244094489
11
0.2860699606299212
21
1.8517392125984251
0
LINE
8
BLACK
6
CONTINUOUS
10
0.2860699606299212
20
1.8517392125984251
11
0.2860763779527559
21
1.8516961811023622
0
LINE
8
BLACK
6
CONTINUOUS
10
0.2860763779527559
20
1.8516961811023622
11
0.2860444881889764
21
1.8514807086614173
0
LINE
8
BLACK
6
CONTINUOUS
10
0.2860444881889764
20
1.8514807086614173
11
0.2860231496062992
21
1.8512636614173228
0
LINE
8
BLACK
6
CONTINUOUS
10
0.2860231496062992
20
1.8512636614173228
11
0.2860064960629921
21
1.851223464566929
0
LINE
8
BLACK
6
CONTINUOUS
10
0.2860064960629921
20
1.851223464566929
11
0.2859917322834646
21
1.8511235826771653
0
LINE
8
BLACK
6
CONTINUOUS
10
0.2859917322834646
20
1.8511235826771653
11
0.2831796062992126
21
1.8398749999999999
0
LINE
8
BLACK
6
CONTINUOUS
10
0.2831796062992126
20
1.8398749999999999
11
0.2831644094488189
21
1.8398325196850394
0
LINE
8
BLACK
6
CONTINUOUS
10
0.2831644094488189
20
1.8398325196850394
11
0.2831629133858268
21
1.8398112204724408
0
LINE
8
BLACK
6
CONTINUOUS
10
0.2831629133858268
20
1.8398112204724408
11
0.2830711417322835
21
1.8395714960629921
0
LINE
8
BLACK
6
CONTINUOUS
10
0.2830711417322835
20
1.8395714960629921
11
0.282984842519685
21
1.8393298818897637
0
LINE
8
BLACK
6
CONTINUOUS
10
0.282984842519685
20
1.8393298818897637
11
0.282972125984252
21
1.8393127559055118
0
LINE
8
BLACK
6
CONTINUOUS
10
0.282972125984252
20
1.8393127559055118
11
0.2829560236220472
21
1.8392706299212598
0
LINE
8
BLACK
6
CONTINUOUS
10
0.2829560236220472
20
1.8392706299212598
11
0.2801438582677165
21
1.8336463385826771
0
LINE
8
BLACK
6
CONTINUOUS
10
0.2801438582677165
20
1.8336463385826771
11
0.2799878346456693
21
1.8333985433070865
0
LINE
8
BLACK
6
CONTINUOUS
10
0.2799878346456693
20
1.8333985433070865
11
0.2799579921259843
21
1.8333264173228345
0
LINE
8
BLACK
6
CONTINUOUS
10
0.2799579921259843
20
1.8333264173228345
11
0.2798912992125984
21
1.8332452362204723
0
LINE
8
BLACK
6
CONTINUOUS
10
0.2798912992125984
20
1.8332452362204723
11
0.2798354724409449
21
1.8331564566929133
0
LINE
8
BLACK
6
CONTINUOUS
10
0.2798354724409449
20
1.8331564566929133
11
0.2797765748031496
21
1.833105433070866
0
LINE
8
BLACK
6
CONTINUOUS
10
0.2797765748031496
20
1.833105433070866
11
0.2795907480314961
21
1.832878937007874
0
LINE
8
BLACK
6
CONTINUOUS
10
0.2795907480314961
20
1.832878937007874
11
0.2739664566929134
21
1.8272546062992125
0
LINE
8
BLACK
6
CONTINUOUS
10
0.2739664566929134
20
1.8272546062992125
11
0.2735190157480315
21
1.8268874015748031
0
LINE
8
BLACK
6
CONTINUOUS
10
0.2735190157480315
20
1.8268874015748031
11
0.2734209448818898
21
1.826846811023622
0
LINE
8
BLACK
6
CONTINUOUS
10
0.2734209448818898
20
1.826846811023622
11
0.2733408267716536
21
1.8267772834645668
0
LINE
8
BLACK
6
CONTINUOUS
10
0.2733408267716536
20
1.8267772834645668
11
0.2728122834645669
21
1.8265412992125984
0
LINE
8
BLACK
6
CONTINUOUS
10
0.2728122834645669
20
1.8265412992125984
11
0.2643758267716536
21
1.8237291732283465
0
LINE
8
BLACK
6
CONTINUOUS
10
0.2643758267716536
20
1.8237291732283465
11
0.2640902362204725
21
1.8236642519685038
0
LINE
8
BLACK
6
CONTINUOUS
10
0.2640902362204725
20
1.8236642519685038
11
0.2640181496062992
21
1.8236343700787401
0
LINE
8
BLACK
6
CONTINUOUS
10
0.2640181496062992
20
1.8236343700787401
11
0.2639136220472441
21
1.823624094488189
0
LINE
8
BLACK
6
CONTINUOUS
10
0.2639136220472441
20
1.823624094488189
11
0.2638113779527559
21
1.8236008267716535
0
LINE
8
BLACK
6
CONTINUOUS
10
0.2638113779527559
20
1.8236008267716535
11
0.2637336220472441
21
1.8236063779527558
0
LINE
8
BLACK
6
CONTINUOUS
10
0.2637336220472441
20
1.8236063779527558
11
0.2634420866141732
21
1.8235776377952755
0
LINE
8
BLACK
6
CONTINUOUS
10
0.2634420866141732
20
1.8235776377952755
11
0.2493813385826772
21
1.8235776377952755
0
LINE
8
BLACK
6
CONTINUOUS
10
0.2493813385826772
20
1.8235776377952755
11
0.2488052755905512
21
1.8236343700787401
0
LINE
8
BLACK
6
CONTINUOUS
10
0.2488052755905512
20
1.8236343700787401
11
0.2477408661417323
21
1.8240752755905512
0
LINE
8
BLACK
6
CONTINUOUS
10
0.2477408661417323
20
1.8240752755905512
11
0.2469262204724409
21
1.8248899212598424
0
LINE
8
BLACK
6
CONTINUOUS
10
0.2469262204724409
20
1.8248899212598424
11
0.2464853149606299
21
1.8259543307086614
0
LINE
8
BLACK
6
CONTINUOUS
10
0.2464853149606299
20
1.8259543307086614
11
0.2464853149606299
21
1.8259543700787402
0
LINE
8
BLACK
6
CONTINUOUS
10
0.2464853149606299
20
1.8259543700787402
11
0.2464285826771654
21
1.8265303937007873
0
LINE
8
BLACK
6
CONTINUOUS
10
0.2464285826771654
20
1.8265303937007873
11
0.2464285826771654
21
1.8855855118110236
0
LINE
8
BLACK
6
CONTINUOUS
10
0.2464285826771654
20
1.8855855118110236
11
0.2464853149606299
21
1.8861615748031495
0
LINE
8
BLACK
6
CONTINUOUS
10
0.2464853149606299
20
1.8861615748031495
11
0.2469262204724409
21
1.8872259842519685
0
LINE
8
BLACK
6
CONTINUOUS
10
0.2469262204724409
20
1.8872259842519685
11
0.2477408661417323
21
1.8880406299212598
0
LINE
8
BLACK
6
CONTINUOUS
10
0.2477408661417323
20
1.8880406299212598
11
0.2488052755905512
21
1.8884815354330708
0
LINE
8
BLACK
6
CONTINUOUS
10
0.2488052755905512
20
1.8884815354330708
11
0.2493813385826772
21
1.8885382677165354
0
LINE
8
BLACK
6
CONTINUOUS
10
0.2493813385826772
20
1.8885382677165354
11
0.2634420866141732
21
1.8885382677165354
0
LINE
8
BLACK
6
CONTINUOUS
10
0.2634420866141732
20
1.8885382677165354
11
0.2637336220472441
21
1.8885095669291339
0
LINE
8
BLACK
6
CONTINUOUS
10
0.252334094488189
20
1.8294831496062991
11
0.2629629527559055
21
1.8294831496062991
0
LINE
8
BLACK
6
CONTINUOUS
10
0.2629629527559055
20
1.8294831496062991
11
0.2702834645669291
21
1.8319233464566929
0
LINE
8
BLACK
6
CONTINUOUS
10
0.2702834645669291
20
1.8319233464566929
11
0.2750761023622047
21
1.8367159448818897
0
LINE
8
BLACK
6
CONTINUOUS
10
0.2750761023622047
20
1.8367159448818897
11
0.2775289763779528
21
1.8416217322834645
0
LINE
8
BLACK
6
CONTINUOUS
10
0.2775289763779528
20
1.8416217322834645
11
0.2801743700787401
21
1.8522032677165354
0
LINE
8
BLACK
6
CONTINUOUS
10
0.2801743700787401
20
1.8522032677165354
11
0.2801743700787401
21
1.8599126771653542
0
LINE
8
BLACK
6
CONTINUOUS
10
0.2801743700787401
20
1.8599126771653542
11
0.2775289763779528
21
1.8704942125984252
0
LINE
8
BLACK
6
CONTINUOUS
10
0.2775289763779528
20
1.8704942125984252
11
0.2750761023622047
21
1.8753999606299212
0
LINE
8
BLACK
6
CONTINUOUS
10
0.2750761023622047
20
1.8753999606299212
11
0.2702835039370078
21
1.8801925590551181
0
LINE
8
BLACK
6
CONTINUOUS
10
0.2702835039370078
20
1.8801925590551181
11
0.2629629527559055
21
1.8826327559055118
0
LINE
8
BLACK
6
CONTINUOUS
10
0.2629629527559055
20
1.8826327559055118
11
0.252334094488189
21
1.8826327559055118
0
LINE
8
BLACK
6
CONTINUOUS
10
0.252334094488189
20
1.8826327559055118
11
0.252334094488189
21
1.8294831496062991
0
LINE
8
BLACK
6
CONTINUOUS
10
0.3371340157480315
20
1.8884815354330708
11
0.3381984251968504
21
1.8880406299212598
0
LINE
8
BLACK
6
CONTINUOUS
10
0.3381984251968504
20
1.8880406299212598
11
0.3390130708661417
21
1.8872259842519685
0
LINE
8
BLACK
6
CONTINUOUS
10
0.3390130708661417
20
1.8872259842519685
11
0.3394539763779528
21
1.8861615748031495
0
LINE
8
BLACK
6
CONTINUOUS
10
0.3394539763779528
20
1.8861615748031495
11
0.3394539763779528
21
1.8850094488188975
0
LINE
8
BLACK
6
CONTINUOUS
10
0.3394539763779528
20
1.8850094488188975
11
0.3390130708661417
21
1.8839450393700787
0
LINE
8
BLACK
6
CONTINUOUS
10
0.3390130708661417
20
1.8839450393700787
11
0.3381984251968504
21
1.8831303937007873
0
LINE
8
BLACK
6
CONTINUOUS
10
0.3381984251968504
20
1.8831303937007873
11
0.3371340157480315
21
1.8826894881889764
0
LINE
8
BLACK
6
CONTINUOUS
10
0.3371340157480315
20
1.8826894881889764
11
0.3365579527559055
21
1.8826327559055118
0
LINE
8
BLACK
6
CONTINUOUS
10
0.3365579527559055
20
1.8826327559055118
11
0.3113892125984252
21
1.8826327559055118
0
LINE
8
BLACK
6
CONTINUOUS
10
0.3113892125984252
20
1.8826327559055118
11
0.3113892125984252
21
1.8604167716535434
0
LINE
8
BLACK
6
CONTINUOUS
10
0.3113892125984252
20
1.8604167716535434
11
0.3281214960629921
21
1.8604167716535434
0
LINE
8
BLACK
6
CONTINUOUS
10
0.3281214960629921
20
1.8604167716535434
11
0.3286975590551181
21
1.8603600393700788
0
LINE
8
BLACK
6
CONTINUOUS
10
0.3286975590551181
20
1.8603600393700788
11
0.329761968503937
21
1.8599191338582677
0
LINE
8
BLACK
6
CONTINUOUS
10
0.329761968503937
20
1.8599191338582677
11
0.3305766141732283
21
1.8591044881889764
0
LINE
8
BLACK
6
CONTINUOUS
10
0.3305766141732283
20
1.8591044881889764
11
0.3310175196850393
21
1.8580400787401574
0
LINE
8
BLACK
6
CONTINUOUS
10
0.3310175196850393
20
1.8580400787401574
11
0.3310175196850393
21
1.8568879527559055
0
LINE
8
BLACK
6
CONTINUOUS
10
0.3310175196850393
20
1.8568879527559055
11
0.3305766141732283
21
1.8558235433070867
0
LINE
8
BLACK
6
CONTINUOUS
10
0.3305766141732283
20
1.8558235433070867
11
0.329761968503937
21
1.8550088976377952
0
LINE
8
BLACK
6
CONTINUOUS
10
0.329761968503937
20
1.8550088976377952
11
0.3286975590551181
21
1.8545679921259841
0
LINE
8
BLACK
6
CONTINUOUS
10
0.3286975590551181
20
1.8545679921259841
11
0.3281214960629921
21
1.8545112598425197
0
LINE
8
BLACK
6
CONTINUOUS
10
0.3281214960629921
20
1.8545112598425197
11
0.3113892125984252
21
1.8545112598425197
0
LINE
8
BLACK
6
CONTINUOUS
10
0.3113892125984252
20
1.8545112598425197
11
0.3113892125984252
21
1.8294831496062991
0
LINE
8
BLACK
6
CONTINUOUS
10
0.3113892125984252
20
1.8294831496062991
11
0.3365579527559055
21
1.8294831496062991
0
LINE
8
BLACK
6
CONTINUOUS
10
0.3365579527559055
20
1.8294831496062991
11
0.3371340157480315
21
1.8294264173228345
0
LINE
8
BLACK
6
CONTINUOUS
10
0.3371340157480315
20
1.8294264173228345
11
0.3381984251968504
21
1.8289855118110236
0
LINE
8
BLACK
6
CONTINUOUS
10
0.3381984251968504
20
1.8289855118110236
11
0.3390130708661417
21
1.8281708661417322
0
LINE
8
BLACK
6
CONTINUOUS
10
0.3390130708661417
20
1.8281708661417322
11
0.3394539763779528
21
1.8271064566929134
0
LINE
8
BLACK
6
CONTINUOUS
10
0.3394539763779528
20
1.8271064566929134
11
0.3394539763779528
21
1.8259543307086614
0
LINE
8
BLACK
6
CONTINUOUS
10
0.3394539763779528
20
1.8259543307086614
11
0.3390130708661417
21
1.8248899212598424
0
LINE
8
BLACK
6
CONTINUOUS
10
0.3390130708661417
20
1.8248899212598424
11
0.3381984251968504
21
1.8240752755905512
0
LINE
8
BLACK
6
CONTINUOUS
10
0.3381984251968504
20
1.8240752755905512
11
0.3371340157480315
21
1.8236343700787401
0
LINE
8
BLACK
6
CONTINUOUS
10
0.3371340157480315
20
1.8236343700787401
11
0.3365579527559055
21
1.8235776377952755
0
LINE
8
BLACK
6
CONTINUOUS
10
0.3365579527559055
20
1.8235776377952755
11
0.3084364566929134
21
1.8235776377952755
0
LINE
8
BLACK
6
CONTINUOUS
10
0.3084364566929134
20
1.8235776377952755
11
0.3078603937007874
21
1.8236343700787401
0
LINE
8
BLACK
6
CONTINUOUS
10
0.3078603937007874
20
1.8236343700787401
11
0.3067959842519685
21
1.8240752755905512
0
LINE
8
BLACK
6
CONTINUOUS
10
0.3067959842519685
20
1.8240752755905512
11
0.3059813385826772
21
1.8248899212598424
0
LINE
8
BLACK
6
CONTINUOUS
10
0.3059813385826772
20
1.8248899212598424
11
0.3055404330708661
21
1.8259543307086614
0
LINE
8
BLACK
6
CONTINUOUS
10
0.3055404330708661
20
1.8259543307086614
11
0.3055404330708661
21
1.8259543700787402
0
LINE
8
BLACK
6
CONTINUOUS
10
0.3055404330708661
20
1.8259543700787402
11
0.3054837007874016
21
1.8265303937007873
0
LINE
8
BLACK
6
CONTINUOUS
10
0.3054837007874016
20
1.8265303937007873
11
0.3054837007874016
21
1.8855855118110236
0
LINE
8
BLACK
6
CONTINUOUS
10
0.3054837007874016
20
1.8855855118110236
11
0.3055404330708661
21
1.8861615748031495
0
LINE
8
BLACK
6
CONTINUOUS
10
0.3055404330708661
20
1.8861615748031495
11
0.3059813385826772
21
1.8872259842519685
0
LINE
8
BLACK
6
CONTINUOUS
10
0.3059813385826772
20
1.8872259842519685
11
0.3067959842519685
21
1.8880406299212598
0
LINE
8
BLACK
6
CONTINUOUS
10
0.3067959842519685
20
1.8880406299212598
11
0.3078603937007874
21
1.8884815354330708
0
LINE
8
BLACK
6
CONTINUOUS
10
0.3078603937007874
20
1.8884815354330708
11
0.3084364566929134
21
1.8885382677165354
0
LINE
8
BLACK
6
CONTINUOUS
10
0.3084364566929134
20
1.8885382677165354
11
0.3365579527559055
21
1.8885382677165354
0
LINE
8
BLACK
6
CONTINUOUS
10
0.3365579527559055
20
1.8885382677165354
11
0.3371340157480315
21
1.8884815354330708
0
LINE
8
BLACK
6
CONTINUOUS
10
0.4802612598425197
20
1.8884815354330708
11
0.4805535826771654
21
1.8884815354330708
0
LINE
8
BLACK
6
CONTINUOUS
10
0.4805535826771654
20
1.8884815354330708
11
0.4808207086614173
21
1.888370905511811
0
LINE
8
BLACK
6
CONTINUOUS
10
0.4808207086614173
20
1.888370905511811
11
0.4811046456692913
21
1.8883147244094487
0
LINE
8
BLACK
6
CONTINUOUS
10
0.4811046456692913
20
1.8883147244094487
11
0.481348031496063
21
1.8881524409448818
0
LINE
8
BLACK
6
CONTINUOUS
10
0.481348031496063
20
1.8881524409448818
11
0.4816179921259842
21
1.8880406299212598
0
LINE
8
BLACK
6
CONTINUOUS
10
0.4816179921259842
20
1.8880406299212598
11
0.4818224015748032
21
1.8878362204724408
0
LINE
8
BLACK
6
CONTINUOUS
10
0.4818224015748032
20
1.8878362204724408
11
0.4820632677165354
21
1.8876756299212598
0
LINE
8
BLACK
6
CONTINUOUS
10
0.4820632677165354
20
1.8876756299212598
11
0.4822259842519685
21
1.8874326377952755
0
LINE
8
BLACK
6
CONTINUOUS
10
0.4822259842519685
20
1.8874326377952755
11
0.4824326377952756
21
1.8872259842519685
0
LINE
8
BLACK
6
CONTINUOUS
10
0.4824326377952756
20
1.8872259842519685
11
0.4825433070866141
21
1.8869587795275591
0
LINE
8
BLACK
6
CONTINUOUS
10
0.4825433070866141
20
1.8869587795275591
11
0.4827043307086614
21
1.8867183464566928
0
LINE
8
BLACK
6
CONTINUOUS
10
0.4827043307086614
20
1.8867183464566928
11
0.4827616535433071
21
1.8864316929133857
0
LINE
8
BLACK
6
CONTINUOUS
10
0.4827616535433071
20
1.8864316929133857
11
0.4828735433070866
21
1.8861615748031495
0
LINE
8
BLACK
6
CONTINUOUS
10
0.4828735433070866
20
1.8861615748031495
11
0.4829296456692913
21
1.885591653543307
0
LINE
8
BLACK
6
CONTINUOUS
10
0.4829296456692913
20
1.885591653543307
11
0.4829302755905512
21
1.885588622047244
0
LINE
8
BLACK
6
CONTINUOUS
10
0.4829302755905512
20
1.885588622047244
11
0.4829300393700787
21
1.8855875984251969
0
LINE
8
BLACK
6
CONTINUOUS
10
0.4829300393700787
20
1.8855875984251969
11
0.4829302755905512
21
1.8855855118110236
0
LINE
8
BLACK
6
CONTINUOUS
10
0.4829302755905512
20
1.8855855118110236
11
0.4829302755905512
21
1.8294831496062991
0
LINE
8
BLACK
6
CONTINUOUS
10
0.4829302755905512
20
1.8294831496062991
11
0.4968504330708661
21
1.8294831496062991
0
LINE
8
BLACK
6
CONTINUOUS
10
0.4968504330708661
20
1.8294831496062991
11
0.4974264960629921
21
1.8294264173228345
0
LINE
8
BLACK
6
CONTINUOUS
10
0.4974264960629921
20
1.8294264173228345
11
0.498490905511811
21
1.8289855118110236
0
LINE
8
BLACK
6
CONTINUOUS
10
0.498490905511811
20
1.8289855118110236
11
0.4993055511811024
21
1.8281708661417322
0
LINE
8
BLACK
6
CONTINUOUS
10
0.4993055511811024
20
1.8281708661417322
11
0.4997464566929134
21
1.8271064566929134
0
LINE
8
BLACK
6
CONTINUOUS
10
0.4997464566929134
20
1.8271064566929134
11
0.4997464566929134
21
1.8259543307086614
0
LINE
8
BLACK
6
CONTINUOUS
10
0.4997464566929134
20
1.8259543307086614
11
0.4993055511811024
21
1.8248899212598424
0
LINE
8
BLACK
6
CONTINUOUS
10
0.4993055511811024
20
1.8248899212598424
11
0.498490905511811
21
1.8240752755905512
0
LINE
8
BLACK
6
CONTINUOUS
10
0.498490905511811
20
1.8240752755905512
11
0.4974264960629921
21
1.8236343700787401
0
LINE
8
BLACK
6
CONTINUOUS
10
0.4974264960629921
20
1.8236343700787401
11
0.4968504330708661
21
1.8235776377952755
0
LINE
8
BLACK
6
CONTINUOUS
10
0.4968504330708661
20
1.8235776377952755
11
0.4631046456692913
21
1.8235776377952755
0
LINE
8
BLACK
6
CONTINUOUS
10
0.4631046456692913
20
1.8235776377952755
11
0.4625285826771653
21
1.8236343700787401
0
LINE
8
BLACK
6
CONTINUOUS
10
0.4625285826771653
20
1.8236343700787401
11
0.4614641732283464
21
1.8240752755905512
0
LINE
8
BLACK
6
CONTINUOUS
10
0.4614641732283464
20
1.8240752755905512
11
0.4606495275590551
21
1.8248899212598424
0
LINE
8
BLACK
6
CONTINUOUS
10
0.4606495275590551
20
1.8248899212598424
11
0.4602086220472441
21
1.8259543307086614
0
LINE
8
BLACK
6
CONTINUOUS
10
0.4602086220472441
20
1.8259543307086614
11
0.4602086220472441
21
1.8271064566929134
0
LINE
8
BLACK
6
CONTINUOUS
10
0.4602086220472441
20
1.8271064566929134
11
0.4606495275590551
21
1.8281708661417322
0
LINE
8
BLACK
6
CONTINUOUS
10
0.4606495275590551
20
1.8281708661417322
11
0.4614641732283464
21
1.8289855118110236
0
LINE
8
BLACK
6
CONTINUOUS
10
0.4614641732283464
20
1.8289855118110236
11
0.4625285826771653
21
1.8294264173228345
0
LINE
8
BLACK
6
CONTINUOUS
10
0.4625285826771653
20
1.8294264173228345
11
0.4631046456692913
21
1.8294831496062991
0
LINE
8
BLACK
6
CONTINUOUS
10
0.4631046456692913
20
1.8294831496062991
11
0.4770247637795276
21
1.8294831496062991
0
LINE
8
BLACK
6
CONTINUOUS
10
0.4770247637795276
20
1.8294831496062991
11
0.4770247637795276
21
1.8758332283464567
0
LINE
8
BLACK
6
CONTINUOUS
10
0.4770247637795276
20
1.8758332283464567
11
0.4768100787401575
21
1.8755111811023621
0
LINE
8
BLACK
6
CONTINUOUS
10
0.4768100787401575
20
1.8755111811023621
11
0.4768087401574803
21
1.8755095669291337
0
LINE
8
BLACK
6
CONTINUOUS
10
0.4768087401574803
20
1.8755095669291337
11
0.4768083464566929
21
1.8755085826771654
0
LINE
8
BLACK
6
CONTINUOUS
10
0.4768083464566929
20
1.8755085826771654
11
0.4766238976377953
21
1.8752838976377952
0
LINE
8
BLACK
6
CONTINUOUS
10
0.4766238976377953
20
1.8752838976377952
11
0.4764433070866141
21
1.8750633070866141
0
LINE
8
BLACK
6
CONTINUOUS
10
0.4764433070866141
20
1.8750633070866141
11
0.4764424409448819
21
1.8750627559055117
0
LINE
8
BLACK
6
CONTINUOUS
10
0.4764424409448819
20
1.8750627559055117
11
0.4764411417322835
21
1.8750611417322833
0
LINE
8
BLACK
6
CONTINUOUS
10
0.4764411417322835
20
1.8750611417322833
11
0.4708168503937008
21
1.8694368503937007
0
LINE
8
BLACK
6
CONTINUOUS
10
0.4708168503937008
20
1.8694368503937007
11
0.4705904724409449
21
1.8692511023622047
0
LINE
8
BLACK
6
CONTINUOUS
10
0.4705904724409449
20
1.8692511023622047
11
0.4705393307086614
21
1.8691920866141731
0
LINE
8
BLACK
6
CONTINUOUS
10
0.4705393307086614
20
1.8691920866141731
11
0.4704503543307086
21
1.8691361417322834
0
LINE
8
BLACK
6
CONTINUOUS
10
0.4704503543307086
20
1.8691361417322834
11
0.4703694094488189
21
1.8690696456692912
0
LINE
8
BLACK
6
CONTINUOUS
10
0.4703694094488189
20
1.8690696456692912
11
0.4702974409448819
21
1.869039842519685
0
LINE
8
BLACK
6
CONTINUOUS
10
0.4702974409448819
20
1.869039842519685
11
0.4700494488188977
21
1.8688837401574803
0
LINE
8
BLACK
6
CONTINUOUS
10
0.4700494488188977
20
1.8688837401574803
11
0.4644251574803149
21
1.8660715748031496
0
LINE
8
BLACK
6
CONTINUOUS
10
0.4644251574803149
20
1.8660715748031496
11
0.4638845669291338
21
1.8658646850393701
0
LINE
8
BLACK
6
CONTINUOUS
10
0.4638845669291338
20
1.8658646850393701
11
0.4627353149606299
21
1.8657830314960631
0
LINE
8
BLACK
6
CONTINUOUS
10
0.4627353149606299
20
1.8657830314960631
11
0.4616423622047244
21
1.8661473622047244
0
LINE
8
BLACK
6
CONTINUOUS
10
0.4616423622047244
20
1.8661473622047244
11
0.4607720078740157
21
1.8669022047244095
0
LINE
8
BLACK
6
CONTINUOUS
10
0.4607720078740157
20
1.8669022047244095
11
0.4602567322834645
21
1.8679326771653544
0
LINE
8
BLACK
6
CONTINUOUS
10
0.4602567322834645
20
1.8679326771653544
11
0.4601750787401575
21
1.8690819291338583
0
LINE
8
BLACK
6
CONTINUOUS
10
0.4601750787401575
20
1.8690819291338583
11
0.4605394094488189
21
1.8701748818897637
0
LINE
8
BLACK
6
CONTINUOUS
10
0.4605394094488189
20
1.8701748818897637
11
0.4612942519685039
21
1.8710452362204724
0
LINE
8
BLACK
6
CONTINUOUS
10
0.4612942519685039
20
1.8710452362204724
11
0.4617841338582677
21
1.871353622047244
0
LINE
8
BLACK
6
CONTINUOUS
10
0.4617841338582677
20
1.871353622047244
11
0.4669798031496063
21
1.8739514960629922
0
LINE
8
BLACK
6
CONTINUOUS
10
0.4669798031496063
20
1.8739514960629922
11
0.4720585433070866
21
1.8790302362204725
0
LINE
8
BLACK
6
CONTINUOUS
10
0.4720585433070866
20
1.8790302362204725
11
0.4775206692913386
21
1.8872234251968503
0
LINE
8
BLACK
6
CONTINUOUS
10
0.4775206692913386
20
1.8872234251968503
11
0.4775220078740157
21
1.8872251181102362
0
LINE
8
BLACK
6
CONTINUOUS
10
0.4775220078740157
20
1.8872251181102362
11
0.4775224015748031
21
1.8872259842519685
0
LINE
8
BLACK
6
CONTINUOUS
10
0.4775224015748031
20
1.8872259842519685
11
0.4775244094488189
21
1.887228031496063
0
LINE
8
BLACK
6
CONTINUOUS
10
0.4775244094488189
20
1.887228031496063
11
0.4778874409448819
21
1.8876712598425196
0
LINE
8
BLACK
6
CONTINUOUS
10
0.4778874409448819
20
1.8876712598425196
11
0.4781303149606299
21
1.8878339370078741
0
LINE
8
BLACK
6
CONTINUOUS
10
0.4781303149606299
20
1.8878339370078741
11
0.4783370472440945
21
1.8880406299212598
0
LINE
8
BLACK
6
CONTINUOUS
10
0.4783370472440945
20
1.8880406299212598
11
0.4786043307086614
21
1.8881513779527559
0
LINE
8
BLACK
6
CONTINUOUS
10
0.4786043307086614
20
1.8881513779527559
11
0.4788447244094488
21
1.8883123228346457
0
LINE
8
BLACK
6
CONTINUOUS
10
0.4788447244094488
20
1.8883123228346457
11
0.4791313385826771
21
1.8883696850393701
0
LINE
8
BLACK
6
CONTINUOUS
10
0.4791313385826771
20
1.8883696850393701
11
0.4794014566929134
21
1.8884815354330708
0
LINE
8
BLACK
6
CONTINUOUS
10
0.4794014566929134
20
1.8884815354330708
11
0.479690748031496
21
1.8884815354330708
0
LINE
8
BLACK
6
CONTINUOUS
10
0.479690748031496
20
1.8884815354330708
11
0.4799744094488189
21
1.8885382677165354
0
LINE
8
BLACK
6
CONTINUOUS
10
0.4799744094488189
20
1.8885382677165354
11
0.4802612598425197
21
1.8884815354330708
0
LINE
8
BLACK
6
CONTINUOUS
10
0.5843107480314961
20
1.8884815354330708
11
0.5846030708661417
21
1.8884815354330708
0
LINE
8
BLACK
6
CONTINUOUS
10
0.5846030708661417
20
1.8884815354330708
11
0.5848701968503937
21
1.888370905511811
0
LINE
8
BLACK
6
CONTINUOUS
10
0.5848701968503937
20
1.888370905511811
11
0.5851541338582678
21
1.8883147244094487
0
LINE
8
BLACK
6
CONTINUOUS
10
0.5851541338582678
20
1.8883147244094487
11
0.5853975196850394
21
1.8881524409448818
0
LINE
8
BLACK
6
CONTINUOUS
10
0.5853975196850394
20
1.8881524409448818
11
0.5856674803149606
21
1.8880406299212598
0
LINE
8
BLACK
6
CONTINUOUS
10
0.5856674803149606
20
1.8880406299212598
11
0.5858718897637795
21
1.8878362204724408
0
LINE
8
BLACK
6
CONTINUOUS
10
0.5858718897637795
20
1.8878362204724408
11
0.5861127559055118
21
1.8876756299212598
0
LINE
8
BLACK
6
CONTINUOUS
10
0.5861127559055118
20
1.8876756299212598
11
0.5862754724409449
21
1.8874326377952755
0
LINE
8
BLACK
6
CONTINUOUS
10
0.5862754724409449
20
1.8874326377952755
11
0.586482125984252
21
1.8872259842519685
0
LINE
8
BLACK
6
CONTINUOUS
10
0.586482125984252
20
1.8872259842519685
11
0.5865927952755905
21
1.8869587795275591
0
LINE
8
BLACK
6
CONTINUOUS
10
0.5865927952755905
20
1.8869587795275591
11
0.5867538188976378
21
1.8867183464566928
0
LINE
8
BLACK
6
CONTINUOUS
10
0.5867538188976378
20
1.8867183464566928
11
0.5868111417322834
21
1.8864316929133857
0
LINE
8
BLACK
6
CONTINUOUS
10
0.5868111417322834
20
1.8864316929133857
11
0.586923031496063
21
1.8861615748031495
0
LINE
8
BLACK
6
CONTINUOUS
10
0.586923031496063
20
1.8861615748031495
11
0.5869791338582677
21
1.885591653543307
0
LINE
8
BLACK
6
CONTINUOUS
10
0.5869791338582677
20
1.885591653543307
11
0.5869797637795275
21
1.885588622047244
0
LINE
8
BLACK
6
CONTINUOUS
10
0.5869797637795275
20
1.885588622047244
11
0.5869795275590551
21
1.8855875984251969
0
LINE
8
BLACK
6
CONTINUOUS
10
0.5869795275590551
20
1.8855875984251969
11
0.5869797637795275
21
1.8855855118110236
0
LINE
8
BLACK
6
CONTINUOUS
10
0.5869797637795275
20
1.8855855118110236
11
0.5869797637795275
21
1.8294831496062991
0
LINE
8
BLACK
6
CONTINUOUS
10
0.5869797637795275
20
1.8294831496062991
11
0.6008999212598425
21
1.8294831496062991
0
LINE
8
BLACK
6
CONTINUOUS
10
0.6008999212598425
20
1.8294831496062991
11
0.6014759842519685
21
1.8294264173228345
0
LINE
8
BLACK
6
CONTINUOUS
10
0.6014759842519685
20
1.8294264173228345
11
0.6025403937007874
21
1.8289855118110236
0
LINE
8
BLACK
6
CONTINUOUS
10
0.6025403937007874
20
1.8289855118110236
11
0.6033550393700787
21
1.8281708661417322
0
LINE
8
BLACK
6
CONTINUOUS
10
0.6033550393700787
20
1.8281708661417322
11
0.6037959448818897
21
1.8271064566929134
0
LINE
8
BLACK
6
CONTINUOUS
10
0.6037959448818897
20
1.8271064566929134
11
0.6037959448818897
21
1.8259543307086614
0
LINE
8
BLACK
6
CONTINUOUS
10
0.6037959448818897
20
1.8259543307086614
11
0.6033550393700787
21
1.8248899212598424
0
LINE
8
BLACK
6
CONTINUOUS
10
0.6033550393700787
20
1.8248899212598424
11
0.6025403937007874
21
1.8240752755905512
0
LINE
8
BLACK
6
CONTINUOUS
10
0.6025403937007874
20
1.8240752755905512
11
0.6014759842519685
21
1.8236343700787401
0
LINE
8
BLACK
6
CONTINUOUS
10
0.6014759842519685
20
1.8236343700787401
11
0.6008999212598425
21
1.8235776377952755
0
LINE
8
BLACK
6
CONTINUOUS
10
0.6008999212598425
20
1.8235776377952755
11
0.5671541338582677
21
1.8235776377952755
0
LINE
8
BLACK
6
CONTINUOUS
10
0.5671541338582677
20
1.8235776377952755
11
0.5665780708661418
21
1.8236343700787401
0
LINE
8
BLACK
6
CONTINUOUS
10
0.5665780708661418
20
1.8236343700787401
11
0.5655136614173228
21
1.8240752755905512
0
LINE
8
BLACK
6
CONTINUOUS
10
0.5655136614173228
20
1.8240752755905512
11
0.5646990157480315
21
1.8248899212598424
0
LINE
8
BLACK
6
CONTINUOUS
10
0.5646990157480315
20
1.8248899212598424
11
0.5642581102362204
21
1.8259543307086614
0
LINE
8
BLACK
6
CONTINUOUS
10
0.5642581102362204
20
1.8259543307086614
11
0.5642581102362204
21
1.8271064566929134
0
LINE
8
BLACK
6
CONTINUOUS
10
0.5642581102362204
20
1.8271064566929134
11
0.5646990157480315
21
1.8281708661417322
0
LINE
8
BLACK
6
CONTINUOUS
10
0.5646990157480315
20
1.8281708661417322
11
0.5655136614173228
21
1.8289855118110236
0
LINE
8
BLACK
6
CONTINUOUS
10
0.5655136614173228
20
1.8289855118110236
11
0.5665780708661418
21
1.8294264173228345
0
LINE
8
BLACK
6
CONTINUOUS
10
0.5665780708661418
20
1.8294264173228345
11
0.5671541338582677
21
1.8294831496062991
0
LINE
8
BLACK
6
CONTINUOUS
10
0.5671541338582677
20
1.8294831496062991
11
0.5810742519685039
21
1.8294831496062991
0
LINE
8
BLACK
6
CONTINUOUS
10
0.5810742519685039
20
1.8294831496062991
11
0.5810742519685039
21
1.8758332283464567
0
LINE
8
BLACK
6
CONTINUOUS
10
0.5810742519685039
20
1.8758332283464567
11
0.5808595669291339
21
1.8755111811023621
0
LINE
8
BLACK
6
CONTINUOUS
10
0.5808595669291339
20
1.8755111811023621
11
0.5808582283464567
21
1.8755095669291337
0
LINE
8
BLACK
6
CONTINUOUS
10
0.5808582283464567
20
1.8755095669291337
11
0.5808578346456693
21
1.8755085826771654
0
LINE
8
BLACK
6
CONTINUOUS
10
0.5808578346456693
20
1.8755085826771654
11
0.5806733858267716
21
1.8752838976377952
0
LINE
8
BLACK
6
CONTINUOUS
10
0.5806733858267716
20
1.8752838976377952
11
0.5804927952755905
21
1.8750633070866141
0
LINE
8
BLACK
6
CONTINUOUS
10
0.5804927952755905
20
1.8750633070866141
11
0.5804919291338583
21
1.8750627559055117
0
LINE
8
BLACK
6
CONTINUOUS
10
0.5804919291338583
20
1.8750627559055117
11
0.5804906299212599
21
1.8750611417322833
0
LINE
8
BLACK
6
CONTINUOUS
10
0.5804906299212599
20
1.8750611417322833
11
0.5748663385826771
21
1.8694368503937007
0
LINE
8
BLACK
6
CONTINUOUS
10
0.5748663385826771
20
1.8694368503937007
11
0.5746399606299213
21
1.8692511023622047
0
LINE
8
BLACK
6
CONTINUOUS
10
0.5746399606299213
20
1.8692511023622047
11
0.5745888188976378
21
1.8691920866141731
0
LINE
8
BLACK
6
CONTINUOUS
10
0.5745888188976378
20
1.8691920866141731
11
0.574499842519685
21
1.8691361417322834
0
LINE
8
BLACK
6
CONTINUOUS
10
0.574499842519685
20
1.8691361417322834
11
0.5744188976377953
21
1.8690696456692912
0
LINE
8
BLACK
6
CONTINUOUS
10
0.5744188976377953
20
1.8690696456692912
11
0.5743469291338582
21
1.869039842519685
0
LINE
8
BLACK
6
CONTINUOUS
10
0.5743469291338582
20
1.869039842519685
11
0.574098937007874
21
1.8688837401574803
0
LINE
8
BLACK
6
CONTINUOUS
10
0.574098937007874
20
1.8688837401574803
11
0.5684746456692913
21
1.8660715748031496
0
LINE
8
BLACK
6
CONTINUOUS
10
0.5684746456692913
20
1.8660715748031496
11
0.5679340551181102
21
1.8658646850393701
0
LINE
8
BLACK
6
CONTINUOUS
10
0.5679340551181102
20
1.8658646850393701
11
0.5667848031496063
21
1.8657830314960631
0
LINE
8
BLACK
6
CONTINUOUS
10
0.5667848031496063
20
1.8657830314960631
11
0.5656918503937007
21
1.8661473622047244
0
LINE
8
BLACK
6
CONTINUOUS
10
0.5656918503937007
20
1.8661473622047244
11
0.5648214960629921
21
1.8669022047244095
0
LINE
8
BLACK
6
CONTINUOUS
10
0.5648214960629921
20
1.8669022047244095
11
0.5643062204724409
21
1.8679326771653544
0
LINE
8
BLACK
6
CONTINUOUS
10
0.5643062204724409
20
1.8679326771653544
11
0.5642245669291338
21
1.8690819291338583
0
LINE
8
BLACK
6
CONTINUOUS
10
0.5642245669291338
20
1.8690819291338583
11
0.5645888976377953
21
1.8701748818897637
0
LINE
8
BLACK
6
CONTINUOUS
10
0.5645888976377953
20
1.8701748818897637
11
0.5653437401574803
21
1.8710452362204724
0
LINE
8
BLACK
6
CONTINUOUS
10
0.5653437401574803
20
1.8710452362204724
11
0.5658336220472441
21
1.871353622047244
0
LINE
8
BLACK
6
CONTINUOUS
10
0.5658336220472441
20
1.871353622047244
11
0.5710292913385827
21
1.8739514960629922
0
LINE
8
BLACK
6
CONTINUOUS
10
0.5710292913385827
20
1.8739514960629922
11
0.5761080314960629
21
1.8790302362204725
0
LINE
8
BLACK
6
CONTINUOUS
10
0.5761080314960629
20
1.8790302362204725
11
0.5815701574803149
21
1.8872234251968503
0
LINE
8
BLACK
6
CONTINUOUS
10
0.5815701574803149
20
1.8872234251968503
11
0.5815714960629921
21
1.8872251181102362
0
LINE
8
BLACK
6
CONTINUOUS
10
0.5815714960629921
20
1.8872251181102362
11
0.5815718897637795
21
1.8872259842519685
0
LINE
8
BLACK
6
CONTINUOUS
10
0.5815718897637795
20
1.8872259842519685
11
0.5815738976377952
21
1.887228031496063
0
LINE
8
BLACK
6
CONTINUOUS
10
0.5815738976377952
20
1.887228031496063
11
0.5819369291338583
21
1.8876712598425196
0
LINE
8
BLACK
6
CONTINUOUS
10
0.5819369291338583
20
1.8876712598425196
11
0.5821798031496063
21
1.8878339370078741
0
LINE
8
BLACK
6
CONTINUOUS
10
0.5821798031496063
20
1.8878339370078741
11
0.5823865354330708
21
1.8880406299212598
0
LINE
8
BLACK
6
CONTINUOUS
10
0.5823865354330708
20
1.8880406299212598
11
0.5826538188976378
21
1.8881513779527559
0
LINE
8
BLACK
6
CONTINUOUS
10
0.5826538188976378
20
1.8881513779527559
11
0.5828942125984252
21
1.8883123228346457
0
LINE
8
BLACK
6
CONTINUOUS
10
0.5828942125984252
20
1.8883123228346457
11
0.5831808267716535
21
1.8883696850393701
0
LINE
8
BLACK
6
CONTINUOUS
10
0.5831808267716535
20
1.8883696850393701
11
0.5834509448818898
21
1.8884815354330708
0
LINE
8
BLACK
6
CONTINUOUS
10
0.5834509448818898
20
1.8884815354330708
11
0.5837402362204724
21
1.8884815354330708
0
LINE
8
BLACK
6
CONTINUOUS
10
0.5837402362204724
20
1.8884815354330708
11
0.5840238976377953
21
1.8885382677165354
0
LINE
8
BLACK
6
CONTINUOUS
10
0.5840238976377953
20
1.8885382677165354
11
0.5843107480314961
21
1.8884815354330708
0
LINE
8
BLACK
6
CONTINUOUS
10
0.6464703149606299
20
1.8884815354330708
11
0.6465683070866142
21
1.8884409448818897
0
LINE
8
BLACK
6
CONTINUOUS
10
0.6465683070866142
20
1.8884409448818897
11
0.6466741338582677
21
1.8884334251968504
0
LINE
8
BLACK
6
CONTINUOUS
10
0.6466741338582677
20
1.8884334251968504
11
0.6472147637795276
21
1.8882265354330707
0
LINE
8
BLACK
6
CONTINUOUS
10
0.6472147637795276
20
1.8882265354330707
11
0.652839094488189
21
1.88541437007874
0
LINE
8
BLACK
6
CONTINUOUS
10
0.652839094488189
20
1.88541437007874
11
0.6530870866141733
21
1.8852583070866142
0
LINE
8
BLACK
6
CONTINUOUS
10
0.6530870866141733
20
1.8852583070866142
11
0.6531590551181102
21
1.8852284645669291
0
LINE
8
BLACK
6
CONTINUOUS
10
0.6531590551181102
20
1.8852284645669291
11
0.6532399999999999
21
1.8851620078740157
0
LINE
8
BLACK
6
CONTINUOUS
10
0.6532399999999999
20
1.8851620078740157
11
0.6533289763779527
21
1.8851060236220472
0
LINE
8
BLACK
6
CONTINUOUS
10
0.6533289763779527
20
1.8851060236220472
11
0.6533801181102362
21
1.8850470472440946
0
LINE
8
BLACK
6
CONTINUOUS
10
0.6533801181102362
20
1.8850470472440946
11
0.6536064960629921
21
1.8848612598425196
0
LINE
8
BLACK
6
CONTINUOUS
10
0.6536064960629921
20
1.8848612598425196
11
0.6564186220472441
21
1.8820491338582677
0
LINE
8
BLACK
6
CONTINUOUS
10
0.6564186220472441
20
1.8820491338582677
11
0.6566044488188976
21
1.8818226771653543
0
LINE
8
BLACK
6
CONTINUOUS
10
0.6566044488188976
20
1.8818226771653543
11
0.6566633464566929
21
1.8817716141732284
0
LINE
8
BLACK
6
CONTINUOUS
10
0.6566633464566929
20
1.8817716141732284
11
0.6567192125984251
21
1.8816828740157481
0
LINE
8
BLACK
6
CONTINUOUS
10
0.6567192125984251
20
1.8816828740157481
11
0.6567858267716535
21
1.8816016929133859
0
LINE
8
BLACK
6
CONTINUOUS
10
0.6567858267716535
20
1.8816016929133859
11
0.6568156692913386
21
1.8815296456692914
0
LINE
8
BLACK
6
CONTINUOUS
10
0.6568156692913386
20
1.8815296456692914
11
0.6569717322834645
21
1.8812817322834645
0
LINE
8
BLACK
6
CONTINUOUS
10
0.6569717322834645
20
1.8812817322834645
11
0.6597838976377952
21
1.8756574409448818
0
LINE
8
BLACK
6
CONTINUOUS
10
0.6597838976377952
20
1.8756574409448818
11
0.6599907874015748
21
1.8751168503937008
0
LINE
8
BLACK
6
CONTINUOUS
10
0.6599907874015748
20
1.8751168503937008
11
0.6599983070866141
21
1.8750109842519684
0
LINE
8
BLACK
6
CONTINUOUS
10
0.6599983070866141
20
1.8750109842519684
11
0.6600388976377952
21
1.8749129921259842
0
LINE
8
BLACK
6
CONTINUOUS
10
0.6600388976377952
20
1.8749129921259842
11
0.6600956299212598
21
1.8743369291338583
0
LINE
8
BLACK
6
CONTINUOUS
10
0.6600956299212598
20
1.8743369291338583
11
0.6600956299212598
21
1.8687125984251969
0
LINE
8
BLACK
6
CONTINUOUS
10
0.6600956299212598
20
1.8687125984251969
11
0.6600668897637795
21
1.8684210236220471
0
LINE
8
BLACK
6
CONTINUOUS
10
0.6600668897637795
20
1.8684210236220471
11
0.6600724409448818
21
1.8683432677165355
0
LINE
8
BLACK
6
CONTINUOUS
10
0.6600724409448818
20
1.8683432677165355
11
0.6600491732283464
21
1.8682410236220472
0
LINE
8
BLACK
6
CONTINUOUS
10
0.6600491732283464
20
1.8682410236220472
11
0.6600388976377952
21
1.8681365354330708
0
LINE
8
BLACK
6
CONTINUOUS
10
0.6600388976377952
20
1.8681365354330708
11
0.6600090157480315
21
1.8680644881889763
0
LINE
8
BLACK
6
CONTINUOUS
10
0.6600090157480315
20
1.8680644881889763
11
0.6599440944881889
21
1.8677788188976379
0
LINE
8
BLACK
6
CONTINUOUS
10
0.6599440944881889
20
1.8677788188976379
11
0.6571319291338582
21
1.8593424409448818
0
LINE
8
BLACK
6
CONTINUOUS
10
0.6571319291338582
20
1.8593424409448818
11
0.6568959448818897
21
1.8588138582677165
0
LINE
8
BLACK
6
CONTINUOUS
10
0.6568959448818897
20
1.8588138582677165
11
0.6568263779527559
21
1.8587337007874016
0
LINE
8
BLACK
6
CONTINUOUS
10
0.6568263779527559
20
1.8587337007874016
11
0.6567858267716535
21
1.8586357086614174
0
LINE
8
BLACK
6
CONTINUOUS
10
0.6567858267716535
20
1.8586357086614174
11
0.6564186220472441
21
1.8581882677165353
0
LINE
8
BLACK
6
CONTINUOUS
10
0.6564186220472441
20
1.8581882677165353
11
0.6277135039370079
21
1.8294831496062991
0
LINE
8
BLACK
6
CONTINUOUS
10
0.6277135039370079
20
1.8294831496062991
11
0.657142874015748
21
1.8294831496062991
0
LINE
8
BLACK
6
CONTINUOUS
10
0.657142874015748
20
1.8294831496062991
11
0.657718937007874
21
1.8294264173228345
0
LINE
8
BLACK
6
CONTINUOUS
10
0.657718937007874
20
1.8294264173228345
11
0.6587833464566929
21
1.8289855118110236
0
LINE
8
BLACK
6
CONTINUOUS
10
0.6587833464566929
20
1.8289855118110236
11
0.6595979921259842
21
1.8281708661417322
0
LINE
8
BLACK
6
CONTINUOUS
10
0.6595979921259842
20
1.8281708661417322
11
0.6600388976377952
21
1.8271064566929134
0
LINE
8
BLACK
6
CONTINUOUS
10
0.6600388976377952
20
1.8271064566929134
11
0.6600388976377952
21
1.8259543307086614
0
LINE
8
BLACK
6
CONTINUOUS
10
0.6600388976377952
20
1.8259543307086614
11
0.6595979921259842
21
1.8248899212598424
0
LINE
8
BLACK
6
CONTINUOUS
10
0.6595979921259842
20
1.8248899212598424
11
0.6587833464566929
21
1.8240752755905512
0
LINE
8
BLACK
6
CONTINUOUS
10
0.6587833464566929
20
1.8240752755905512
11
0.657718937007874
21
1.8236343700787401
0
LINE
8
BLACK
6
CONTINUOUS
10
0.657718937007874
20
1.8236343700787401
11
0.657142874015748
21
1.8235776377952755
0
LINE
8
BLACK
6
CONTINUOUS
10
0.657142874015748
20
1.8235776377952755
11
0.6205849212598425
21
1.8235776377952755
0
LINE
8
BLACK
6
CONTINUOUS
10
0.6205849212598425
20
1.8235776377952755
11
0.6200088582677166
21
1.8236343700787401
0
LINE
8
BLACK
6
CONTINUOUS
10
0.6200088582677166
20
1.8236343700787401
11
0.6189444488188977
21
1.8240752755905512
0
LINE
8
BLACK
6
CONTINUOUS
10
0.6189444488188977
20
1.8240752755905512
11
0.6181298031496063
21
1.8248899212598424
0
LINE
8
BLACK
6
CONTINUOUS
10
0.6181298031496063
20
1.8248899212598424
11
0.6176888976377952
21
1.8259543307086614
0
LINE
8
BLACK
6
CONTINUOUS
10
0.6176888976377952
20
1.8259543307086614
11
0.6176888976377952
21
1.8271064566929134
0
LINE
8
BLACK
6
CONTINUOUS
10
0.6176888976377952
20
1.8271064566929134
11
0.6181298031496063
21
1.8281708661417322
0
LINE
8
BLACK
6
CONTINUOUS
10
0.6181298031496063
20
1.8281708661417322
11
0.6184970078740157
21
1.8286183070866142
0
LINE
8
BLACK
6
CONTINUOUS
10
0.6184970078740157
20
1.8286183070866142
11
0.6517499212598425
21
1.8618712598425196
0
LINE
8
BLACK
6
CONTINUOUS
10
0.6517499212598425
20
1.8618712598425196
11
0.6541901181102362
21
1.8691917716535433
0
LINE
8
BLACK
6
CONTINUOUS
10
0.6541901181102362
20
1.8691917716535433
11
0.6541901181102362
21
1.8736398818897637
0
LINE
8
BLACK
6
CONTINUOUS
10
0.6541901181102362
20
1.8736398818897637
11
0.6519039763779527
21
1.8782121259842519
0
LINE
8
BLACK
6
CONTINUOUS
10
0.6519039763779527
20
1.8782121259842519
11
0.6497694881889764
21
1.8803466141732283
0
LINE
8
BLACK
6
CONTINUOUS
10
0.6497694881889764
20
1.8803466141732283
11
0.6451972047244094
21
1.8826327559055118
0
LINE
8
BLACK
6
CONTINUOUS
10
0.6451972047244094
20
1.8826327559055118
11
0.6325305905511811
21
1.8826327559055118
0
LINE
8
BLACK
6
CONTINUOUS
10
0.6325305905511811
20
1.8826327559055118
11
0.6279583070866142
21
1.8803466141732283
0
LINE
8
BLACK
6
CONTINUOUS
10
0.6279583070866142
20
1.8803466141732283
11
0.625485
21
1.877873307086614
0
LINE
8
BLACK
6
CONTINUOUS
10
0.625485
20
1.877873307086614
11
0.625037559055118
21
1.8775061023622046
0
LINE
8
BLACK
6
CONTINUOUS
10
0.625037559055118
20
1.8775061023622046
11
0.6239731102362205
21
1.8770651968503937
0
LINE
8
BLACK
6
CONTINUOUS
10
0.6239731102362205
20
1.8770651968503937
11
0.6228210629921259
21
1.8770651968503937
0
LINE
8
BLACK
6
CONTINUOUS
10
0.6228210629921259
20
1.8770651968503937
11
0.6217566141732284
21
1.8775061023622046
0
LINE
8
BLACK
6
CONTINUOUS
10
0.6217566141732284
20
1.8775061023622046
11
0.620941968503937
21
1.8783207480314961
0
LINE
8
BLACK
6
CONTINUOUS
10
0.620941968503937
20
1.8783207480314961
11
0.6205010629921259
21
1.8793851968503936
0
LINE
8
BLACK
6
CONTINUOUS
10
0.6205010629921259
20
1.8793851968503936
11
0.6205010629921259
21
1.8805372440944881
0
LINE
8
BLACK
6
CONTINUOUS
10
0.6205010629921259
20
1.8805372440944881
11
0.620941968503937
21
1.8816016929133859
0
LINE
8
BLACK
6
CONTINUOUS
10
0.620941968503937
20
1.8816016929133859
11
0.6213091732283464
21
1.8820491338582677
0
LINE
8
BLACK
6
CONTINUOUS
10
0.6213091732283464
20
1.8820491338582677
11
0.6241212992125984
21
1.8848612598425196
0
LINE
8
BLACK
6
CONTINUOUS
10
0.6241212992125984
20
1.8848612598425196
11
0.6243476377952756
21
1.8850470472440946
0
LINE
8
BLACK
6
CONTINUOUS
10
0.6243476377952756
20
1.8850470472440946
11
0.6243988188976378
21
1.8851060236220472
0
LINE
8
BLACK
6
CONTINUOUS
10
0.6243988188976378
20
1.8851060236220472
11
0.6244877559055118
21
1.8851620078740157
0
LINE
8
BLACK
6
CONTINUOUS
10
0.6244877559055118
20
1.8851620078740157
11
0.6245687401574803
21
1.8852284645669291
0
LINE
8
BLACK
6
CONTINUOUS
10
0.6245687401574803
20
1.8852284645669291
11
0.6246406692913385
21
1.8852583070866142
0
LINE
8
BLACK
6
CONTINUOUS
10
0.6246406692913385
20
1.8852583070866142
11
0.6248887007874016
21
1.88541437007874
0
LINE
8
BLACK
6
CONTINUOUS
10
0.6248887007874016
20
1.88541437007874
11
0.630513031496063
21
1.8882265354330707
0
LINE
8
BLACK
6
CONTINUOUS
10
0.630513031496063
20
1.8882265354330707
11
0.6310536614173228
21
1.8884334251968504
0
LINE
8
BLACK
6
CONTINUOUS
10
0.6310536614173228
20
1.8884334251968504
11
0.6311594488188976
21
1.8884409448818897
0
LINE
8
BLACK
6
CONTINUOUS
10
0.6311594488188976
20
1.8884409448818897
11
0.6312574803149607
21
1.8884815354330708
0
LINE
8
BLACK
6
CONTINUOUS
10
0.6312574803149607
20
1.8884815354330708
11
0.6318335433070866
21
1.8885382677165354
0
LINE
8
BLACK
6
CONTINUOUS
10
0.6318335433070866
20
1.8885382677165354
11
0.6458942519685039
21
1.8885382677165354
0
LINE
8
BLACK
6
CONTINUOUS
10
0.6458942519685039
20
1.8885382677165354
11
0.6464703149606299
21
1.8884815354330708
0
LINE
8
BLACK
6
CONTINUOUS
10
0.3849405511811024
20
1.8884815354330708
11
0.3850385039370079
21
1.8884409842519685
0
LINE
8
BLACK
6
CONTINUOUS
10
0.3850385039370079
20
1.8884409842519685
11
0.3851444094488189
21
1.8884334251968504
0
LINE
8
BLACK
6
CONTINUOUS
10
0.3851444094488189
20
1.8884334251968504
11
0.385685
21
1.8882265354330707
0
LINE
8
BLACK
6
CONTINUOUS
10
0.385685
20
1.8882265354330707
11
0.3913092913385827
21
1.88541437007874
0
LINE
8
BLACK
6
CONTINUOUS
10
0.3913092913385827
20
1.88541437007874
11
0.3915571653543307
21
1.8852583464566928
0
LINE
8
BLACK
6
CONTINUOUS
10
0.3915571653543307
20
1.8852583464566928
11
0.3916292125984252
21
1.8852285039370078
0
LINE
8
BLACK
6
CONTINUOUS
10
0.3916292125984252
20
1.8852285039370078
11
0.3917102362204724
21
1.8851620078740157
0
LINE
8
BLACK
6
CONTINUOUS
10
0.3917102362204724
20
1.8851620078740157
11
0.3917991732283465
21
1.8851060236220472
0
LINE
8
BLACK
6
CONTINUOUS
10
0.3917991732283465
20
1.8851060236220472
11
0.3918503149606299
21
1.8850470472440946
0
LINE
8
BLACK
6
CONTINUOUS
10
0.3918503149606299
20
1.8850470472440946
11
0.3920766929133858
21
1.8848612598425196
0
LINE
8
BLACK
6
CONTINUOUS
10
0.3920766929133858
20
1.8848612598425196
11
0.3948888582677165
21
1.8820491338582677
0
LINE
8
BLACK
6
CONTINUOUS
10
0.3948888582677165
20
1.8820491338582677
11
0.3950746062992126
21
1.8818227952755906
0
LINE
8
BLACK
6
CONTINUOUS
10
0.3950746062992126
20
1.8818227952755906
11
0.3951336220472441
21
1.8817716141732284
0
LINE
8
BLACK
6
CONTINUOUS
10
0.3951336220472441
20
1.8817716141732284
11
0.3951895669291339
21
1.8816826771653543
0
LINE
8
BLACK
6
CONTINUOUS
10
0.3951895669291339
20
1.8816826771653543
11
0.395256062992126
21
1.8816016929133859
0
LINE
8
BLACK
6
CONTINUOUS
10
0.395256062992126
20
1.8816016929133859
11
0.3952858661417323
21
1.8815297637795274
0
LINE
8
BLACK
6
CONTINUOUS
10
0.3952858661417323
20
1.8815297637795274
11
0.395441968503937
21
1.8812817322834645
0
LINE
8
BLACK
6
CONTINUOUS
10
0.395441968503937
20
1.8812817322834645
11
0.398254094488189
21
1.8756574409448818
0
LINE
8
BLACK
6
CONTINUOUS
10
0.398254094488189
20
1.8756574409448818
11
0.3984609842519685
21
1.875116811023622
0
LINE
8
BLACK
6
CONTINUOUS
10
0.3984609842519685
20
1.875116811023622
11
0.3984684645669291
21
1.8750110236220472
0
LINE
8
BLACK
6
CONTINUOUS
10
0.3984684645669291
20
1.8750110236220472
11
0.3985090944881889
21
1.8749129921259842
0
LINE
8
BLACK
6
CONTINUOUS
10
0.3985090944881889
20
1.8749129921259842
11
0.3985658267716535
21
1.8743369291338583
0
LINE
8
BLACK
6
CONTINUOUS
10
0.3985658267716535
20
1.8743369291338583
11
0.3985658267716535
21
1.8659004724409449
0
LINE
8
BLACK
6
CONTINUOUS
10
0.3985658267716535
20
1.8659004724409449
11
0.3985090944881889
21
1.8653244094488188
0
LINE
8
BLACK
6
CONTINUOUS
10
0.3985090944881889
20
1.8653244094488188
11
0.3984684645669291
21
1.8652264173228346
0
LINE
8
BLACK
6
CONTINUOUS
10
0.3984684645669291
20
1.8652264173228346
11
0.3984609842519685
21
1.865120590551181
0
LINE
8
BLACK
6
CONTINUOUS
10
0.3984609842519685
20
1.865120590551181
11
0.398254094488189
21
1.8645799606299212
0
LINE
8
BLACK
6
CONTINUOUS
10
0.398254094488189
20
1.8645799606299212
11
0.395441968503937
21
1.8589556692913385
0
LINE
8
BLACK
6
CONTINUOUS
10
0.395441968503937
20
1.8589556692913385
11
0.3952859448818897
21
1.8587078740157479
0
LINE
8
BLACK
6
CONTINUOUS
10
0.3952859448818897
20
1.8587078740157479
11
0.3952561023622047
21
1.8586357086614174
0
LINE
8
BLACK
6
CONTINUOUS
10
0.3952561023622047
20
1.8586357086614174
11
0.3951894881889764
21
1.8585545669291339
0
LINE
8
BLACK
6
CONTINUOUS
10
0.3951894881889764
20
1.8585545669291339
11
0.3951336220472441
21
1.8584657874015749
0
LINE
8
BLACK
6
CONTINUOUS
10
0.3951336220472441
20
1.8584657874015749
11
0.39507468503937
21
1.8584146850393701
0
LINE
8
BLACK
6
CONTINUOUS
10
0.39507468503937
20
1.8584146850393701
11
0.3948888582677165
21
1.8581882677165353
0
LINE
8
BLACK
6
CONTINUOUS
10
0.3948888582677165
20
1.8581882677165353
11
0.3920766929133858
21
1.8553761023622046
0
LINE
8
BLACK
6
CONTINUOUS
10
0.3920766929133858
20
1.8553761023622046
11
0.3918503149606299
21
1.8551903543307087
0
LINE
8
BLACK
6
CONTINUOUS
10
0.3918503149606299
20
1.8551903543307087
11
0.3917991732283465
21
1.8551313385826771
0
LINE
8
BLACK
6
CONTINUOUS
10
0.3917991732283465
20
1.8551313385826771
11
0.3917101968503937
21
1.8550753937007873
0
LINE
8
BLACK
6
CONTINUOUS
10
0.3917101968503937
20
1.8550753937007873
11
0.391629251968504
21
1.8550088976377952
0
LINE
8
BLACK
6
CONTINUOUS
10
0.391629251968504
20
1.8550088976377952
11
0.3915572834645669
21
1.854979094488189
0
LINE
8
BLACK
6
CONTINUOUS
10
0.3915572834645669
20
1.854979094488189
11
0.3913092913385827
21
1.8548229921259842
0
LINE
8
BLACK
6
CONTINUOUS
10
0.3913092913385827
20
1.8548229921259842
11
0.385685
21
1.8520108661417323
0
LINE
8
BLACK
6
CONTINUOUS
10
0.385685
20
1.8520108661417323
11
0.3851443700787401
21
1.8518039763779528
0
LINE
8
BLACK
6
CONTINUOUS
10
0.3851443700787401
20
1.8518039763779528
11
0.3850385433070866
21
1.851796496062992
0
LINE
8
BLACK
6
CONTINUOUS
10
0.3850385433070866
20
1.851796496062992
11
0.3849405511811024
21
1.8517558661417322
0
LINE
8
BLACK
6
CONTINUOUS
10
0.3849405511811024
20
1.8517558661417322
11
0.3843644881889764
21
1.8516991338582676
0
LINE
8
BLACK
6
CONTINUOUS
10
0.3843644881889764
20
1.8516991338582676
11
0.3815992519685039
21
1.8516991338582676
0
LINE
8
BLACK
6
CONTINUOUS
10
0.3815992519685039
20
1.8516991338582676
11
0.3980320472440945
21
1.8282237007874016
0
LINE
8
BLACK
6
CONTINUOUS
10
0.3980320472440945
20
1.8282237007874016
11
0.3983159448818898
21
1.8277192125984252
0
LINE
8
BLACK
6
CONTINUOUS
10
0.3983159448818898
20
1.8277192125984252
11
0.3985651181102362
21
1.8265943700787401
0
LINE
8
BLACK
6
CONTINUOUS
10
0.3985651181102362
20
1.8265943700787401
11
0.3983649212598425
21
1.8254598425196851
0
LINE
8
BLACK
6
CONTINUOUS
10
0.3983649212598425
20
1.8254598425196851
11
0.397745748031496
21
1.8244882283464567
0
LINE
8
BLACK
6
CONTINUOUS
10
0.397745748031496
20
1.8244882283464567
11
0.3968018897637795
21
1.8238275196850393
0
LINE
8
BLACK
6
CONTINUOUS
10
0.3968018897637795
20
1.8238275196850393
11
0.3956770472440945
21
1.8235783464566928
0
LINE
8
BLACK
6
CONTINUOUS
10
0.3956770472440945
20
1.8235783464566928
11
0.3945425196850393
21
1.8237785433070866
0
LINE
8
BLACK
6
CONTINUOUS
10
0.3945425196850393
20
1.8237785433070866
11
0.393570905511811
21
1.824397716535433
0
LINE
8
BLACK
6
CONTINUOUS
10
0.393570905511811
20
1.824397716535433
11
0.393194094488189
21
1.8248370866141732
0
LINE
8
BLACK
6
CONTINUOUS
10
0.393194094488189
20
1.8248370866141732
11
0.3743906692913386
21
1.8516991338582676
0
LINE
8
BLACK
6
CONTINUOUS
10
0.3743906692913386
20
1.8516991338582676
11
0.3648200393700787
21
1.8516991338582676
0
LINE
8
BLACK
6
CONTINUOUS
10
0.3648200393700787
20
1.8516991338582676
11
0.3648200393700787
21
1.8265303937007873
0
LINE
8
BLACK
6
CONTINUOUS
10
0.3648200393700787
20
1.8265303937007873
11
0.3647633070866141
21
1.8259543307086614
0
LINE
8
BLACK
6
CONTINUOUS
10
0.3647633070866141
20
1.8259543307086614
11
0.3643224015748032
21
1.8248899212598424
0
LINE
8
BLACK
6
CONTINUOUS
10
0.3643224015748032
20
1.8248899212598424
11
0.3635077559055118
21
1.8240752755905512
0
LINE
8
BLACK
6
CONTINUOUS
10
0.3635077559055118
20
1.8240752755905512
11
0.3624433464566929
21
1.8236343700787401
0
LINE
8
BLACK
6
CONTINUOUS
10
0.3624433464566929
20
1.8236343700787401
11
0.3612912204724409
21
1.8236343700787401
0
LINE
8
BLACK
6
CONTINUOUS
10
0.3612912204724409
20
1.8236343700787401
11
0.360226811023622
21
1.8240752755905512
0
LINE
8
BLACK
6
CONTINUOUS
10
0.360226811023622
20
1.8240752755905512
11
0.3594121653543307
21
1.8248899212598424
0
LINE
8
BLACK
6
CONTINUOUS
10
0.3594121653543307
20
1.8248899212598424
11
0.3589712598425197
21
1.8259543307086614
0
LINE
8
BLACK
6
CONTINUOUS
10
0.3589712598425197
20
1.8259543307086614
11
0.3589145275590551
21
1.8265303937007873
0
LINE
8
BLACK
6
CONTINUOUS
10
0.3589145275590551
20
1.8265303937007873
11
0.3589145275590551
21
1.8855855118110236
0
LINE
8
BLACK
6
CONTINUOUS
10
0.3589145275590551
20
1.8855855118110236
11
0.3589712598425197
21
1.8861615748031495
0
LINE
8
BLACK
6
CONTINUOUS
10
0.3589712598425197
20
1.8861615748031495
11
0.3594121653543307
21
1.8872259842519685
0
LINE
8
BLACK
6
CONTINUOUS
10
0.3594121653543307
20
1.8872259842519685
11
0.360226811023622
21
1.8880406299212598
0
LINE
8
BLACK
6
CONTINUOUS
10
0.360226811023622
20
1.8880406299212598
11
0.3612912204724409
21
1.8884815354330708
0
LINE
8
BLACK
6
CONTINUOUS
10
0.3612912204724409
20
1.8884815354330708
11
0.3618672834645669
21
1.8885382677165354
0
LINE
8
BLACK
6
CONTINUOUS
10
0.3618672834645669
20
1.8885382677165354
11
0.3843644881889764
21
1.8885382677165354
0
LINE
8
BLACK
6
CONTINUOUS
10
0.3843644881889764
20
1.8885382677165354
11
0.3849405511811024
21
1.8884815354330708
0
LINE
8
BLACK
6
CONTINUOUS
10
0.3648200393700787
20
1.8576046456692914
11
0.3836674409448819
21
1.8576046456692914
0
LINE
8
BLACK
6
CONTINUOUS
10
0.3836674409448819
20
1.8576046456692914
11
0.3882396850393701
21
1.8598907874015747
0
LINE
8
BLACK
6
CONTINUOUS
10
0.3882396850393701
20
1.8598907874015747
11
0.3903741732283464
21
1.8620252755905511
0
LINE
8
BLACK
6
CONTINUOUS
10
0.3903741732283464
20
1.8620252755905511
11
0.3926603149606299
21
1.8665975196850393
0
LINE
8
BLACK
6
CONTINUOUS
10
0.3926603149606299
20
1.8665975196850393
11
0.3926603149606299
21
1.8736399212598425
0
LINE
8
BLACK
6
CONTINUOUS
10
0.3926603149606299
20
1.8736399212598425
11
0.3903742125984252
21
1.8782121259842519
0
LINE
8
BLACK
6
CONTINUOUS
10
0.3903742125984252
20
1.8782121259842519
11
0.3882396850393701
21
1.8803466141732283
0
LINE
8
BLACK
6
CONTINUOUS
10
0.3882396850393701
20
1.8803466141732283
11
0.3836674409448819
21
1.8826327559055118
0
LINE
8
BLACK
6
CONTINUOUS
10
0.3836674409448819
20
1.8826327559055118
11
0.3648200393700787
21
1.8826327559055118
0
LINE
8
BLACK
6
CONTINUOUS
10
0.3648200393700787
20
1.8826327559055118
11
0.3648200393700787
21
1.8576046456692914
0
LINE
8
BLACK
6
CONTINUOUS
10
0.5488053543307087
20
1.8685335826771654
11
0.5497112992125984
21
1.8678217716535432
0
LINE
8
BLACK
6
CONTINUOUS
10
0.5497112992125984
20
1.8678217716535432
11
0.5502758661417323
21
1.8668174409448819
0
LINE
8
BLACK
6
CONTINUOUS
10
0.5502758661417323
20
1.8668174409448819
11
0.5504131102362204
21
1.8656735826771653
0
LINE
8
BLACK
6
CONTINUOUS
10
0.5504131102362204
20
1.8656735826771653
11
0.5501022047244094
21
1.8645642125984252
0
LINE
8
BLACK
6
CONTINUOUS
10
0.5501022047244094
20
1.8645642125984252
11
0.549790905511811
21
1.8640761811023621
0
LINE
8
BLACK
6
CONTINUOUS
10
0.549790905511811
20
1.8640761811023621
11
0.5357574409448819
21
1.846215433070866
0
LINE
8
BLACK
6
CONTINUOUS
10
0.5357574409448819
20
1.846215433070866
11
0.549790905511811
21
1.8283546850393699
0
LINE
8
BLACK
6
CONTINUOUS
10
0.549790905511811
20
1.8283546850393699
11
0.5501022047244094
21
1.827866653543307
0
LINE
8
BLACK
6
CONTINUOUS
10
0.5501022047244094
20
1.827866653543307
11
0.5504131102362204
21
1.8267572834645669
0
LINE
8
BLACK
6
CONTINUOUS
10
0.5504131102362204
20
1.8267572834645669
11
0.5502758661417323
21
1.8256134251968503
0
LINE
8
BLACK
6
CONTINUOUS
10
0.5502758661417323
20
1.8256134251968503
11
0.5497112992125984
21
1.824609094488189
0
LINE
8
BLACK
6
CONTINUOUS
10
0.5497112992125984
20
1.824609094488189
11
0.5488053543307087
21
1.8238972834645668
0
LINE
8
BLACK
6
CONTINUOUS
10
0.5488053543307087
20
1.8238972834645668
11
0.5476959842519685
21
1.8235863779527559
0
LINE
8
BLACK
6
CONTINUOUS
10
0.5476959842519685
20
1.8235863779527559
11
0.546552125984252
21
1.8237236220472441
0
LINE
8
BLACK
6
CONTINUOUS
10
0.546552125984252
20
1.8237236220472441
11
0.5455477952755905
21
1.824288188976378
0
LINE
8
BLACK
6
CONTINUOUS
10
0.5455477952755905
20
1.824288188976378
11
0.5451472834645669
21
1.8247061023622047
0
LINE
8
BLACK
6
CONTINUOUS
10
0.5451472834645669
20
1.8247061023622047
11
0.5320022440944882
21
1.8414361417322833
0
LINE
8
BLACK
6
CONTINUOUS
10
0.5320022440944882
20
1.8414361417322833
11
0.5188572440944882
21
1.8247061023622047
0
LINE
8
BLACK
6
CONTINUOUS
10
0.5188572440944882
20
1.8247061023622047
11
0.5184567322834646
21
1.824288188976378
0
LINE
8
BLACK
6
CONTINUOUS
10
0.5184567322834646
20
1.824288188976378
11
0.5174524015748031
21
1.8237236220472441
0
LINE
8
BLACK
6
CONTINUOUS
10
0.5174524015748031
20
1.8237236220472441
11
0.5163085433070866
21
1.8235863779527559
0
LINE
8
BLACK
6
CONTINUOUS
10
0.5163085433070866
20
1.8235863779527559
11
0.5151991732283464
21
1.8238972834645668
0
LINE
8
BLACK
6
CONTINUOUS
10
0.5151991732283464
20
1.8238972834645668
11
0.5142932283464566
21
1.824609094488189
0
LINE
8
BLACK
6
CONTINUOUS
10
0.5142932283464566
20
1.824609094488189
11
0.5137286614173229
21
1.8256134251968503
0
LINE
8
BLACK
6
CONTINUOUS
10
0.5137286614173229
20
1.8256134251968503
11
0.5135914173228346
21
1.8267572834645669
0
LINE
8
BLACK
6
CONTINUOUS
10
0.5135914173228346
20
1.8267572834645669
11
0.5139023228346457
21
1.827866653543307
0
LINE
8
BLACK
6
CONTINUOUS
10
0.5139023228346457
20
1.827866653543307
11
0.5142136220472441
21
1.8283546850393699
0
LINE
8
BLACK
6
CONTINUOUS
10
0.5142136220472441
20
1.8283546850393699
11
0.5282470472440944
21
1.846215433070866
0
LINE
8
BLACK
6
CONTINUOUS
10
0.5282470472440944
20
1.846215433070866
11
0.5142136220472441
21
1.8640761811023621
0
LINE
8
BLACK
6
CONTINUOUS
10
0.5142136220472441
20
1.8640761811023621
11
0.5139023228346457
21
1.8645642125984252
0
LINE
8
BLACK
6
CONTINUOUS
10
0.5139023228346457
20
1.8645642125984252
11
0.5135914173228346
21
1.8656735826771653
0
LINE
8
BLACK
6
CONTINUOUS
10
0.5135914173228346
20
1.8656735826771653
11
0.5137286614173229
21
1.8668174409448819
0
LINE
8
BLACK
6
CONTINUOUS
10
0.5137286614173229
20
1.8668174409448819
11
0.5142932283464566
21
1.8678217716535432
0
LINE
8
BLACK
6
CONTINUOUS
10
0.5142932283464566
20
1.8678217716535432
11
0.5151991732283464
21
1.8685335826771654
0
LINE
8
BLACK
6
CONTINUOUS
10
0.5151991732283464
20
1.8685335826771654
11
0.5163085433070866
21
1.8688444881889763
0
LINE
8
BLACK
6
CONTINUOUS
10
0.5163085433070866
20
1.8688444881889763
11
0.5174524015748031
21
1.8687072440944881
0
LINE
8
BLACK
6
CONTINUOUS
10
0.5174524015748031
20
1.8687072440944881
11
0.5184567322834646
21
1.8681426771653542
0
LINE
8
BLACK
6
CONTINUOUS
10
0.5184567322834646
20
1.8681426771653542
11
0.5188572440944882
21
1.8677247637795276
0
LINE
8
BLACK
6
CONTINUOUS
10
0.5188572440944882
20
1.8677247637795276
11
0.5320022440944882
21
1.8509947637795274
0
LINE
8
BLACK
6
CONTINUOUS
10
0.5320022440944882
20
1.8509947637795274
11
0.5451472834645669
21
1.8677247637795276
0
LINE
8
BLACK
6
CONTINUOUS
10
0.5451472834645669
20
1.8677247637795276
11
0.5455477952755905
21
1.8681426771653542
0
LINE
8
BLACK
6
CONTINUOUS
10
0.5455477952755905
20
1.8681426771653542
11
0.546552125984252
21
1.8687072440944881
0
LINE
8
BLACK
6
CONTINUOUS
10
0.546552125984252
20
1.8687072440944881
11
0.5476959842519685
21
1.8688444881889763
0
LINE
8
BLACK
6
CONTINUOUS
10
0.5476959842519685
20
1.8688444881889763
11
0.5488053543307087
21
1.8685335826771654
0
LINE
8
BLACK
6
CONTINUOUS
10
0.2105807874015748
20
1.8884483464566928
11
0.2107912204724409
21
1.8884333858267717
0
LINE
8
BLACK
6
CONTINUOUS
10
0.2107912204724409
20
1.8884333858267717
11
0.2111222834645669
21
1.8882678740157479
0
LINE
8
BLACK
6
CONTINUOUS
10
0.2111222834645669
20
1.8882678740157479
11
0.2114736220472441
21
1.8881507480314961
0
LINE
8
BLACK
6
CONTINUOUS
10
0.2114736220472441
20
1.8881507480314961
11
0.2116329921259842
21
1.8880125196850392
0
LINE
8
BLACK
6
CONTINUOUS
10
0.2116329921259842
20
1.8880125196850392
11
0.2118216535433071
21
1.8879181889763779
0
LINE
8
BLACK
6
CONTINUOUS
10
0.2118216535433071
20
1.8879181889763779
11
0.2120642519685039
21
1.8876385039370078
0
LINE
8
BLACK
6
CONTINUOUS
10
0.2120642519685039
20
1.8876385039370078
11
0.2123439763779527
21
1.8873958661417323
0
LINE
8
BLACK
6
CONTINUOUS
10
0.2123439763779527
20
1.8873958661417323
11
0.2124383070866142
21
1.8872072047244095
0
LINE
8
BLACK
6
CONTINUOUS
10
0.2124383070866142
20
1.8872072047244095
11
0.2125765354330709
21
1.8870478346456692
0
LINE
8
BLACK
6
CONTINUOUS
10
0.2125765354330709
20
1.8870478346456692
11
0.2128125196850394
21
1.8865192519685039
0
LINE
8
BLACK
6
CONTINUOUS
10
0.2128125196850394
20
1.8865192519685039
11
0.2324975590551181
21
1.8274641338582678
0
LINE
8
BLACK
6
CONTINUOUS
10
0.2324975590551181
20
1.8274641338582678
11
0.232625905511811
21
1.8268996850393699
0
LINE
8
BLACK
6
CONTINUOUS
10
0.232625905511811
20
1.8268996850393699
11
0.2325442519685039
21
1.8257504724409448
0
LINE
8
BLACK
6
CONTINUOUS
10
0.2325442519685039
20
1.8257504724409448
11
0.2320290157480315
21
1.8247200393700787
0
LINE
8
BLACK
6
CONTINUOUS
10
0.2320290157480315
20
1.8247200393700787
11
0.2311586614173228
21
1.8239651574803148
0
LINE
8
BLACK
6
CONTINUOUS
10
0.2311586614173228
20
1.8239651574803148
11
0.2300656299212598
21
1.8236008267716535
0
LINE
8
BLACK
6
CONTINUOUS
10
0.2300656299212598
20
1.8236008267716535
11
0.2289164173228346
21
1.8236824803149605
0
LINE
8
BLACK
6
CONTINUOUS
10
0.2289164173228346
20
1.8236824803149605
11
0.2278859842519685
21
1.8241977165354331
0
LINE
8
BLACK
6
CONTINUOUS
10
0.2278859842519685
20
1.8241977165354331
11
0.2271311023622047
21
1.8250680708661418
0
LINE
8
BLACK
6
CONTINUOUS
10
0.2271311023622047
20
1.8250680708661418
11
0.2268951181102362
21
1.825596653543307
0
LINE
8
BLACK
6
CONTINUOUS
10
0.2268951181102362
20
1.825596653543307
11
0.2219438188976378
21
1.8404505118110235
0
LINE
8
BLACK
6
CONTINUOUS
10
0.2219438188976378
20
1.8404505118110235
11
0.1980787795275591
21
1.8404505118110235
0
LINE
8
BLACK
6
CONTINUOUS
10
0.1980787795275591
20
1.8404505118110235
11
0.1931274803149606
21
1.825596653543307
0
LINE
8
BLACK
6
CONTINUOUS
10
0.1931274803149606
20
1.825596653543307
11
0.1928914960629921
21
1.8250680708661418
0
LINE
8
BLACK
6
CONTINUOUS
10
0.1928914960629921
20
1.8250680708661418
11
0.1921366141732283
21
1.8241977165354331
0
LINE
8
BLACK
6
CONTINUOUS
10
0.1921366141732283
20
1.8241977165354331
11
0.1911061811023622
21
1.8236825196850392
0
LINE
8
BLACK
6
CONTINUOUS
10
0.1911061811023622
20
1.8236825196850392
11
0.189956968503937
21
1.8236008267716535
0
LINE
8
BLACK
6
CONTINUOUS
10
0.189956968503937
20
1.8236008267716535
11
0.188863937007874
21
1.8239651574803148
0
LINE
8
BLACK
6
CONTINUOUS
10
0.188863937007874
20
1.8239651574803148
11
0.1879935826771653
21
1.8247200393700787
0
LINE
8
BLACK
6
CONTINUOUS
10
0.1879935826771653
20
1.8247200393700787
11
0.1874783858267716
21
1.8257504724409448
0
LINE
8
BLACK
6
CONTINUOUS
10
0.1874783858267716
20
1.8257504724409448
11
0.1873966929133858
21
1.8268996850393699
0
LINE
8
BLACK
6
CONTINUOUS
10
0.1873966929133858
20
1.8268996850393699
11
0.1875250393700787
21
1.8274641338582678
0
LINE
8
BLACK
6
CONTINUOUS
10
0.1875250393700787
20
1.8274641338582678
11
0.2072100787401575
21
1.8865192519685039
0
LINE
8
BLACK
6
CONTINUOUS
10
0.2072100787401575
20
1.8865192519685039
11
0.207446062992126
21
1.8870478346456692
0
LINE
8
BLACK
6
CONTINUOUS
10
0.207446062992126
20
1.8870478346456692
11
0.2075842913385827
21
1.8872072440944883
0
LINE
8
BLACK
6
CONTINUOUS
10
0.2075842913385827
20
1.8872072440944883
11
0.2076786220472441
21
1.8873958661417323
0
LINE
8
BLACK
6
CONTINUOUS
10
0.2076786220472441
20
1.8873958661417323
11
0.2079583070866142
21
1.8876385039370078
0
LINE
8
BLACK
6
CONTINUOUS
10
0.2079583070866142
20
1.8876385039370078
11
0.2082009448818898
21
1.8879181889763779
0
LINE
8
BLACK
6
CONTINUOUS
10
0.2082009448818898
20
1.8879181889763779
11
0.2083896062992126
21
1.888012559055118
0
LINE
8
BLACK
6
CONTINUOUS
10
0.2083896062992126
20
1.888012559055118
11
0.2085489763779527
21
1.8881507480314961
0
LINE
8
BLACK
6
CONTINUOUS
10
0.2085489763779527
20
1.8881507480314961
11
0.2089001181102362
21
1.8882678346456692
0
LINE
8
BLACK
6
CONTINUOUS
10
0.2089001181102362
20
1.8882678346456692
11
0.2092313779527559
21
1.8884334251968504
0
LINE
8
BLACK
6
CONTINUOUS
10
0.2092313779527559
20
1.8884334251968504
11
0.2094418897637795
21
1.8884483858267715
0
LINE
8
BLACK
6
CONTINUOUS
10
0.2094418897637795
20
1.8884483858267715
11
0.2096420078740157
21
1.8885150787401574
0
LINE
8
BLACK
6
CONTINUOUS
10
0.2096420078740157
20
1.8885150787401574
11
0.2100111811023622
21
1.8884888582677164
0
LINE
8
BLACK
6
CONTINUOUS
10
0.2100111811023622
20
1.8884888582677164
11
0.2103805905511811
21
1.8885150787401574
0
LINE
8
BLACK
6
CONTINUOUS
10
0.2103805905511811
20
1.8885150787401574
11
0.2105807874015748
21
1.8884483464566928
0
LINE
8
BLACK
6
CONTINUOUS
10
0.2000472834645669
20
1.8463560236220471
11
0.2199753149606299
21
1.8463560236220471
0
LINE
8
BLACK
6
CONTINUOUS
10
0.2199753149606299
20
1.8463560236220471
11
0.2100112992125984
21
1.8762481102362205
0
LINE
8
BLACK
6
CONTINUOUS
10
0.2100112992125984
20
1.8762481102362205
11
0.2000472834645669
21
1.8463560236220471
0
LINE
8
BLACK
6
CONTINUOUS
10
0.0851050393700787
20
1.8880406299212598
11
0.0859196850393701
21
1.8872259842519685
0
LINE
8
BLACK
6
CONTINUOUS
10
0.0859196850393701
20
1.8872259842519685
11
0.0863605905511811
21
1.8861615748031495
0
LINE
8
BLACK
6
CONTINUOUS
10
0.0863605905511811
20
1.8861615748031495
11
0.0864173228346457
21
1.8855855118110236
0
LINE
8
BLACK
6
CONTINUOUS
10
0.0864173228346457
20
1.8855855118110236
11
0.0864173228346457
21
1.8604167716535434
0
LINE
8
BLACK
6
CONTINUOUS
10
0.0864173228346457
20
1.8604167716535434
11
0.1142575984251969
21
1.8604167716535434
0
LINE
8
BLACK
6
CONTINUOUS
10
0.1142575984251969
20
1.8604167716535434
11
0.1142575984251969
21
1.8855855118110236
0
LINE
8
BLACK
6
CONTINUOUS
10
0.1142575984251969
20
1.8855855118110236
11
0.1143143307086614
21
1.8861615748031495
0
LINE
8
BLACK
6
CONTINUOUS
10
0.1143143307086614
20
1.8861615748031495
11
0.1147552362204724
21
1.8872259842519685
0
LINE
8
BLACK
6
CONTINUOUS
10
0.1147552362204724
20
1.8872259842519685
11
0.1155698818897638
21
1.8880406299212598
0
LINE
8
BLACK
6
CONTINUOUS
10
0.1155698818897638
20
1.8880406299212598
11
0.1166342913385827
21
1.8884815354330708
0
LINE
8
BLACK
6
CONTINUOUS
10
0.1166342913385827
20
1.8884815354330708
11
0.1177864173228346
21
1.8884815354330708
0
LINE
8
BLACK
6
CONTINUOUS
10
0.1177864173228346
20
1.8884815354330708
11
0.1188508267716535
21
1.8880406299212598
0
LINE
8
BLACK
6
CONTINUOUS
10
0.1188508267716535
20
1.8880406299212598
11
0.1196654724409449
21
1.8872259842519685
0
LINE
8
BLACK
6
CONTINUOUS
10
0.1196654724409449
20
1.8872259842519685
11
0.1201063779527559
21
1.8861615748031495
0
LINE
8
BLACK
6
CONTINUOUS
10
0.1201063779527559
20
1.8861615748031495
11
0.1201631102362205
21
1.8855855118110236
0
LINE
8
BLACK
6
CONTINUOUS
10
0.1201631102362205
20
1.8855855118110236
11
0.1201631102362205
21
1.8265303937007873
0
LINE
8
BLACK
6
CONTINUOUS
10
0.1201631102362205
20
1.8265303937007873
11
0.1201063779527559
21
1.8259543307086614
0
LINE
8
BLACK
6
CONTINUOUS
10
0.1201063779527559
20
1.8259543307086614
11
0.1196654724409449
21
1.8248899212598424
0
LINE
8
BLACK
6
CONTINUOUS
10
0.1196654724409449
20
1.8248899212598424
11
0.1188508267716535
21
1.8240752755905512
0
LINE
8
BLACK
6
CONTINUOUS
10
0.1188508267716535
20
1.8240752755905512
11
0.1177864173228346
21
1.8236343700787401
0
LINE
8
BLACK
6
CONTINUOUS
10
0.1177864173228346
20
1.8236343700787401
11
0.1166342913385827
21
1.8236343700787401
0
LINE
8
BLACK
6
CONTINUOUS
10
0.1166342913385827
20
1.8236343700787401
11
0.1155698818897638
21
1.8240752755905512
0
LINE
8
BLACK
6
CONTINUOUS
10
0.1155698818897638
20
1.8240752755905512
11
0.1147552362204724
21
1.8248899212598424
0
LINE
8
BLACK
6
CONTINUOUS
10
0.1147552362204724
20
1.8248899212598424
11
0.1143143307086614
21
1.8259543307086614
0
LINE
8
BLACK
6
CONTINUOUS
10
0.1143143307086614
20
1.8259543307086614
11
0.1142575984251969
21
1.8265303937007873
0
LINE
8
BLACK
6
CONTINUOUS
10
0.1142575984251969
20
1.8265303937007873
11
0.1142575984251969
21
1.8545112598425197
0
LINE
8
BLACK
6
CONTINUOUS
10
0.1142575984251969
20
1.8545112598425197
11
0.0864173228346457
21
1.8545112598425197
0
LINE
8
BLACK
6
CONTINUOUS
10
0.0864173228346457
20
1.8545112598425197
11
0.0864173228346457
21
1.8265303937007873
0
LINE
8
BLACK
6
CONTINUOUS
10
0.0864173228346457
20
1.8265303937007873
11
0.0863605905511811
21
1.8259543307086614
0
LINE
8
BLACK
6
CONTINUOUS
10
0.0863605905511811
20
1.8259543307086614
11
0.0859196850393701
21
1.8248899212598424
0
LINE
8
BLACK
6
CONTINUOUS
10
0.0859196850393701
20
1.8248899212598424
11
0.0851050393700787
21
1.8240752755905512
0
LINE
8
BLACK
6
CONTINUOUS
10
0.0851050393700787
20
1.8240752755905512
11
0.0840406299212598
21
1.8236343700787401
0
LINE
8
BLACK
6
CONTINUOUS
10
0.0840406299212598
20
1.8236343700787401
11
0.0828885039370079
21
1.8236343700787401
0
LINE
8
BLACK
6
CONTINUOUS
10
0.0828885039370079
20
1.8236343700787401
11
0.081824094488189
21
1.8240752755905512
0
LINE
8
BLACK
6
CONTINUOUS
10
0.081824094488189
20
1.8240752755905512
11
0.0810094488188976
21
1.8248899212598424
0
LINE
8
BLACK
6
CONTINUOUS
10
0.0810094488188976
20
1.8248899212598424
11
0.0805685433070866
21
1.8259543307086614
0
LINE
8
BLACK
6
CONTINUOUS
10
0.0805685433070866
20
1.8259543307086614
11
0.0805118110236221
21
1.8265303937007873
0
LINE
8
BLACK
6
CONTINUOUS
10
0.0805118110236221
20
1.8265303937007873
11
0.0805118110236221
21
1.8855855118110236
0
LINE
8
BLACK
6
CONTINUOUS
10
0.0805118110236221
20
1.8855855118110236
11
0.0805685433070866
21
1.8861615748031495
0
LINE
8
BLACK
6
CONTINUOUS
10
0.0805685433070866
20
1.8861615748031495
11
0.0810094488188976
21
1.8872259842519685
0
LINE
8
BLACK
6
CONTINUOUS
10
0.0810094488188976
20
1.8872259842519685
11
0.081824094488189
21
1.8880406299212598
0
LINE
8
BLACK
6
CONTINUOUS
10
0.081824094488189
20
1.8880406299212598
11
0.0828885039370079
21
1.8884815354330708
0
LINE
8
BLACK
6
CONTINUOUS
10
0.0828885039370079
20
1.8884815354330708
11
0.0840406299212598
21
1.8884815354330708
0
LINE
8
BLACK
6
CONTINUOUS
10
0.0840406299212598
20
1.8884815354330708
11
0.0851050393700787
21
1.8880406299212598
0
LINE
8
BLACK
6
CONTINUOUS
10
0.420906062992126
20
2.1877456692913384
11
0.4211984645669291
21
2.1877456692913384
0
LINE
8
BLACK
6
CONTINUOUS
10
0.4211984645669291
20
2.1877456692913384
11
0.4214657086614173
21
2.187634960629921
0
LINE
8
BLACK
6
CONTINUOUS
10
0.4214657086614173
20
2.187634960629921
11
0.4217495275590551
21
2.1875788188976379
0
LINE
8
BLACK
6
CONTINUOUS
10
0.4217495275590551
20
2.1875788188976379
11
0.4219927952755905
21
2.1874166535433068
0
LINE
8
BLACK
6
CONTINUOUS
10
0.4219927952755905
20
2.1874166535433068
11
0.422262874015748
21
2.1873047637795273
0
LINE
8
BLACK
6
CONTINUOUS
10
0.422262874015748
20
2.1873047637795273
11
0.4224673228346457
21
2.1871003149606301
0
LINE
8
BLACK
6
CONTINUOUS
10
0.4224673228346457
20
2.1871003149606301
11
0.4227081496062992
21
2.1869397637795274
0
LINE
8
BLACK
6
CONTINUOUS
10
0.4227081496062992
20
2.1869397637795274
11
0.4228708661417322
21
2.1866967716535433
0
LINE
8
BLACK
6
CONTINUOUS
10
0.4228708661417322
20
2.1866967716535433
11
0.4230775196850394
21
2.1864901181102363
0
LINE
8
BLACK
6
CONTINUOUS
10
0.4230775196850394
20
2.1864901181102363
11
0.4231881889763779
21
2.1862229133858269
0
LINE
8
BLACK
6
CONTINUOUS
10
0.4231881889763779
20
2.1862229133858269
11
0.4233492125984252
21
2.1859824803149608
0
LINE
8
BLACK
6
CONTINUOUS
10
0.4233492125984252
20
2.1859824803149608
11
0.4234065354330708
21
2.1856958267716533
0
LINE
8
BLACK
6
CONTINUOUS
10
0.4234065354330708
20
2.1856958267716533
11
0.4235184251968504
21
2.1854257086614171
0
LINE
8
BLACK
6
CONTINUOUS
10
0.4235184251968504
20
2.1854257086614171
11
0.4235745275590551
21
2.1848557874015748
0
LINE
8
BLACK
6
CONTINUOUS
10
0.4235745275590551
20
2.1848557874015748
11
0.4235751574803149
21
2.1848527559055118
0
LINE
8
BLACK
6
CONTINUOUS
10
0.4235751574803149
20
2.1848527559055118
11
0.4235749212598425
21
2.1848517322834646
0
LINE
8
BLACK
6
CONTINUOUS
10
0.4235749212598425
20
2.1848517322834646
11
0.4235751574803149
21
2.1848496456692912
0
LINE
8
BLACK
6
CONTINUOUS
10
0.4235751574803149
20
2.1848496456692912
11
0.4235751574803149
21
2.1484323228346458
0
LINE
8
BLACK
6
CONTINUOUS
10
0.4235751574803149
20
2.1484323228346458
11
0.4318709842519685
21
2.1484323228346458
0
LINE
8
BLACK
6
CONTINUOUS
10
0.4318709842519685
20
2.1484323228346458
11
0.4324470472440945
21
2.148375590551181
0
LINE
8
BLACK
6
CONTINUOUS
10
0.4324470472440945
20
2.148375590551181
11
0.4335114566929134
21
2.1479346850393699
0
LINE
8
BLACK
6
CONTINUOUS
10
0.4335114566929134
20
2.1479346850393699
11
0.4343261023622047
21
2.1471200393700789
0
LINE
8
BLACK
6
CONTINUOUS
10
0.4343261023622047
20
2.1471200393700789
11
0.4347670078740157
21
2.1460556299212596
0
LINE
8
BLACK
6
CONTINUOUS
10
0.4347670078740157
20
2.1460556299212596
11
0.4347670078740157
21
2.1449035039370079
0
LINE
8
BLACK
6
CONTINUOUS
10
0.4347670078740157
20
2.1449035039370079
11
0.4343261023622047
21
2.1438390944881891
0
LINE
8
BLACK
6
CONTINUOUS
10
0.4343261023622047
20
2.1438390944881891
11
0.4335114566929134
21
2.1430244488188976
0
LINE
8
BLACK
6
CONTINUOUS
10
0.4335114566929134
20
2.1430244488188976
11
0.4324470472440945
21
2.1425835433070866
0
LINE
8
BLACK
6
CONTINUOUS
10
0.4324470472440945
20
2.1425835433070866
11
0.4318709842519685
21
2.1425268110236222
0
LINE
8
BLACK
6
CONTINUOUS
10
0.4318709842519685
20
2.1425268110236222
11
0.4093738188976378
21
2.1425268110236222
0
LINE
8
BLACK
6
CONTINUOUS
10
0.4093738188976378
20
2.1425268110236222
11
0.4087977559055118
21
2.1425835433070866
0
LINE
8
BLACK
6
CONTINUOUS
10
0.4087977559055118
20
2.1425835433070866
11
0.4077333464566929
21
2.1430244488188976
0
LINE
8
BLACK
6
CONTINUOUS
10
0.4077333464566929
20
2.1430244488188976
11
0.4069187007874016
21
2.1438390944881891
0
LINE
8
BLACK
6
CONTINUOUS
10
0.4069187007874016
20
2.1438390944881891
11
0.4064777952755905
21
2.1449035039370079
0
LINE
8
BLACK
6
CONTINUOUS
10
0.4064777952755905
20
2.1449035039370079
11
0.4064777952755905
21
2.1460556299212596
0
LINE
8
BLACK
6
CONTINUOUS
10
0.4064777952755905
20
2.1460556299212596
11
0.4069187007874016
21
2.1471200393700789
0
LINE
8
BLACK
6
CONTINUOUS
10
0.4069187007874016
20
2.1471200393700789
11
0.4077333464566929
21
2.1479346850393699
0
LINE
8
BLACK
6
CONTINUOUS
10
0.4077333464566929
20
2.1479346850393699
11
0.4087977559055118
21
2.148375590551181
0
LINE
8
BLACK
6
CONTINUOUS
10
0.4087977559055118
20
2.148375590551181
11
0.4093738188976378
21
2.1484323228346458
0
LINE
8
BLACK
6
CONTINUOUS
10
0.4093738188976378
20
2.1484323228346458
11
0.4176696456692913
21
2.1484323228346458
0
LINE
8
BLACK
6
CONTINUOUS
10
0.4176696456692913
20
2.1484323228346458
11
0.4176696456692913
21
2.1758462992125982
0
LINE
8
BLACK
6
CONTINUOUS
10
0.4176696456692913
20
2.1758462992125982
11
0.4152112598425197
21
2.1733879133858269
0
LINE
8
BLACK
6
CONTINUOUS
10
0.4152112598425197
20
2.1733879133858269
11
0.4149848818897638
21
2.1732021653543305
0
LINE
8
BLACK
6
CONTINUOUS
10
0.4149848818897638
20
2.1732021653543305
11
0.4149337401574803
21
2.173143149606299
0
LINE
8
BLACK
6
CONTINUOUS
10
0.4149337401574803
20
2.173143149606299
11
0.4148447637795276
21
2.1730872047244092
0
LINE
8
BLACK
6
CONTINUOUS
10
0.4148447637795276
20
2.1730872047244092
11
0.4147638188976378
21
2.1730207086614173
0
LINE
8
BLACK
6
CONTINUOUS
10
0.4147638188976378
20
2.1730207086614173
11
0.4146918503937008
21
2.1729909055118108
0
LINE
8
BLACK
6
CONTINUOUS
10
0.4146918503937008
20
2.1729909055118108
11
0.4144438582677165
21
2.1728348031496063
0
LINE
8
BLACK
6
CONTINUOUS
10
0.4144438582677165
20
2.1728348031496063
11
0.4106943307086614
21
2.1709600393700788
0
LINE
8
BLACK
6
CONTINUOUS
10
0.4106943307086614
20
2.1709600393700788
11
0.4101537007874015
21
2.1707531496062993
0
LINE
8
BLACK
6
CONTINUOUS
10
0.4101537007874015
20
2.1707531496062993
11
0.4090044881889764
21
2.170671496062992
0
LINE
8
BLACK
6
CONTINUOUS
10
0.4090044881889764
20
2.170671496062992
11
0.4079115354330708
21
2.1710358267716536
0
LINE
8
BLACK
6
CONTINUOUS
10
0.4079115354330708
20
2.1710358267716536
11
0.4070411417322835
21
2.1717906692913385
0
LINE
8
BLACK
6
CONTINUOUS
10
0.4070411417322835
20
2.1717906692913385
11
0.406525905511811
21
2.1728211811023623
0
LINE
8
BLACK
6
CONTINUOUS
10
0.406525905511811
20
2.1728211811023623
11
0.4064442519685039
21
2.1739703937007873
0
LINE
8
BLACK
6
CONTINUOUS
10
0.4064442519685039
20
2.1739703937007873
11
0.4068085826771654
21
2.1750633464566929
0
LINE
8
BLACK
6
CONTINUOUS
10
0.4068085826771654
20
2.1750633464566929
11
0.4075634251968504
21
2.1759337401574803
0
LINE
8
BLACK
6
CONTINUOUS
10
0.4075634251968504
20
2.1759337401574803
11
0.4080533070866141
21
2.1762420866141734
0
LINE
8
BLACK
6
CONTINUOUS
10
0.4080533070866141
20
2.1762420866141734
11
0.4113742519685039
21
2.1779025590551182
0
LINE
8
BLACK
6
CONTINUOUS
10
0.4113742519685039
20
2.1779025590551182
11
0.4145781496062992
21
2.1811064566929135
0
LINE
8
BLACK
6
CONTINUOUS
10
0.4145781496062992
20
2.1811064566929135
11
0.4181655511811024
21
2.1864875590551183
0
LINE
8
BLACK
6
CONTINUOUS
10
0.4181655511811024
20
2.1864875590551183
11
0.4181668897637795
21
2.1864892519685037
0
LINE
8
BLACK
6
CONTINUOUS
10
0.4181668897637795
20
2.1864892519685037
11
0.4181672834645669
21
2.1864901181102363
0
LINE
8
BLACK
6
CONTINUOUS
10
0.4181672834645669
20
2.1864901181102363
11
0.4181692913385827
21
2.1864921653543306
0
LINE
8
BLACK
6
CONTINUOUS
10
0.4181692913385827
20
2.1864921653543306
11
0.4185323228346456
21
2.1869353937007872
0
LINE
8
BLACK
6
CONTINUOUS
10
0.4185323228346456
20
2.1869353937007872
11
0.4187751968503937
21
2.1870980708661416
0
LINE
8
BLACK
6
CONTINUOUS
10
0.4187751968503937
20
2.1870980708661416
11
0.4189819291338582
21
2.1873047637795273
0
LINE
8
BLACK
6
CONTINUOUS
10
0.4189819291338582
20
2.1873047637795273
11
0.4192492125984252
21
2.1874155118110234
0
LINE
8
BLACK
6
CONTINUOUS
10
0.4192492125984252
20
2.1874155118110234
11
0.4194896062992126
21
2.1875764566929132
0
LINE
8
BLACK
6
CONTINUOUS
10
0.4194896062992126
20
2.1875764566929132
11
0.419776220472441
21
2.1876338188976376
0
LINE
8
BLACK
6
CONTINUOUS
10
0.419776220472441
20
2.1876338188976376
11
0.4200463385826771
21
2.1877456692913384
0
LINE
8
BLACK
6
CONTINUOUS
10
0.4200463385826771
20
2.1877456692913384
11
0.4203356299212598
21
2.1877456692913384
0
LINE
8
BLACK
6
CONTINUOUS
10
0.4203356299212598
20
2.1877456692913384
11
0.4206192913385827
21
2.1878024015748032
0
LINE
8
BLACK
6
CONTINUOUS
10
0.4206192913385827
20
2.1878024015748032
11
0.420906062992126
21
2.1877456692913384
0
LINE
8
BLACK
6
CONTINUOUS
10
2.424947992125984
20
2.1877456692913384
11
2.4250459842519683
21
2.1877050787401573
0
LINE
8
BLACK
6
CONTINUOUS
10
2.4250459842519683
20
2.1877050787401573
11
2.4251518110236221
21
2.1876975590551182
0
LINE
8
BLACK
6
CONTINUOUS
10
2.4251518110236221
20
2.1876975590551182
11
2.4256924409448817
21
2.1874906692913387
0
LINE
8
BLACK
6
CONTINUOUS
10
2.4256924409448817
20
2.1874906692913387
11
2.4294419685039368
21
2.1856159055118112
0
LINE
8
BLACK
6
CONTINUOUS
10
2.4294419685039368
20
2.1856159055118112
11
2.4296899606299212
21
2.1854598425196849
0
LINE
8
BLACK
6
CONTINUOUS
10
2.4296899606299212
20
2.1854598425196849
11
2.4297619291338584
21
2.1854299999999998
0
LINE
8
BLACK
6
CONTINUOUS
10
2.4297619291338584
20
2.1854299999999998
11
2.4298428740157481
21
2.1853635433070866
0
LINE
8
BLACK
6
CONTINUOUS
10
2.4298428740157481
20
2.1853635433070866
11
2.4299318503937006
21
2.1853075590551181
0
LINE
8
BLACK
6
CONTINUOUS
10
2.4299318503937006
20
2.1853075590551181
11
2.4299829921259843
21
2.1852485826771653
0
LINE
8
BLACK
6
CONTINUOUS
10
2.4299829921259843
20
2.1852485826771653
11
2.4302093700787402
21
2.1850627952755906
0
LINE
8
BLACK
6
CONTINUOUS
10
2.4302093700787402
20
2.1850627952755906
11
2.4320841338582677
21
2.183188031496063
0
LINE
8
BLACK
6
CONTINUOUS
10
2.4320841338582677
20
2.183188031496063
11
2.4322698818897637
21
2.1829616929133859
0
LINE
8
BLACK
6
CONTINUOUS
10
2.4322698818897637
20
2.1829616929133859
11
2.4323288976377953
21
2.1829105118110235
0
LINE
8
BLACK
6
CONTINUOUS
10
2.4323288976377953
20
2.1829105118110235
11
2.432384842519685
21
2.1828215748031496
0
LINE
8
BLACK
6
CONTINUOUS
10
2.432384842519685
20
2.1828215748031496
11
2.4324513385826769
21
2.1827405905511812
0
LINE
8
BLACK
6
CONTINUOUS
10
2.4324513385826769
20
2.1827405905511812
11
2.4324811417322834
21
2.1826686614173227
0
LINE
8
BLACK
6
CONTINUOUS
10
2.4324811417322834
20
2.1826686614173227
11
2.4326372440944883
21
2.1824206299212596
0
LINE
8
BLACK
6
CONTINUOUS
10
2.4326372440944883
20
2.1824206299212596
11
2.4345120078740159
21
2.1786711023622045
0
LINE
8
BLACK
6
CONTINUOUS
10
2.4345120078740159
20
2.1786711023622045
11
2.4347188976377954
21
2.1781305118110237
0
LINE
8
BLACK
6
CONTINUOUS
10
2.4347188976377954
20
2.1781305118110237
11
2.4347264173228345
21
2.1780246456692911
0
LINE
8
BLACK
6
CONTINUOUS
10
2.4347264173228345
20
2.1780246456692911
11
2.4347670078740156
21
2.1779266535433068
0
LINE
8
BLACK
6
CONTINUOUS
10
2.4347670078740156
20
2.1779266535433068
11
2.4348237401574804
21
2.177350590551181
0
LINE
8
BLACK
6
CONTINUOUS
10
2.4348237401574804
20
2.177350590551181
11
2.4348237401574804
21
2.1736010629921259
0
LINE
8
BLACK
6
CONTINUOUS
10
2.4348237401574804
20
2.1736010629921259
11
2.4347949999999998
21
2.1733094881889765
0
LINE
8
BLACK
6
CONTINUOUS
10
2.4347949999999998
20
2.1733094881889765
11
2.4348005511811022
21
2.1732317322834644
0
LINE
8
BLACK
6
CONTINUOUS
10
2.4348005511811022
20
2.1732317322834644
11
2.4347772834645669
21
2.1731294881889762
0
LINE
8
BLACK
6
CONTINUOUS
10
2.4347772834645669
20
2.1731294881889762
11
2.4347670078740156
21
2.173025
0
LINE
8
BLACK
6
CONTINUOUS
10
2.4347670078740156
20
2.173025
11
2.4347371259842521
21
2.1729529527559053
0
LINE
8
BLACK
6
CONTINUOUS
10
2.4347371259842521
20
2.1729529527559053
11
2.4346722047244094
21
2.1726672834645671
0
LINE
8
BLACK
6
CONTINUOUS
10
2.4346722047244094
20
2.1726672834645671
11
2.4327974409448818
21
2.1670430314960631
0
LINE
8
BLACK
6
CONTINUOUS
10
2.4327974409448818
20
2.1670430314960631
11
2.4325614566929135
21
2.1665144488188974
0
LINE
8
BLACK
6
CONTINUOUS
10
2.4325614566929135
20
2.1665144488188974
11
2.4324919685039368
21
2.1664343700787403
0
LINE
8
BLACK
6
CONTINUOUS
10
2.4324919685039368
20
2.1664343700787403
11
2.4324513779527557
21
2.1663362992125985
0
LINE
8
BLACK
6
CONTINUOUS
10
2.4324513779527557
20
2.1663362992125985
11
2.4320841338582677
21
2.1658888582677163
0
LINE
8
BLACK
6
CONTINUOUS
10
2.4320841338582677
20
2.1658888582677163
11
2.4146276377952756
21
2.1484323228346458
0
LINE
8
BLACK
6
CONTINUOUS
10
2.4146276377952756
20
2.1484323228346458
11
2.4318709842519683
21
2.1484323228346458
0
LINE
8
BLACK
6
CONTINUOUS
10
2.4318709842519683
20
2.1484323228346458
11
2.4324470472440942
21
2.148375590551181
0
LINE
8
BLACK
6
CONTINUOUS
10
2.4324470472440942
20
2.148375590551181
11
2.4335114566929135
21
2.1479346850393699
0
LINE
8
BLACK
6
CONTINUOUS
10
2.4335114566929135
20
2.1479346850393699
11
2.4343261023622045
21
2.1471200393700789
0
LINE
8
BLACK
6
CONTINUOUS
10
2.4343261023622045
20
2.1471200393700789
11
2.4347670078740156
21
2.1460556299212596
0
LINE
8
BLACK
6
CONTINUOUS
10
2.4347670078740156
20
2.1460556299212596
11
2.4347670078740156
21
2.1449035039370079
0
LINE
8
BLACK
6
CONTINUOUS
10
2.4347670078740156
20
2.1449035039370079
11
2.4343261023622045
21
2.1438390944881891
0
LINE
8
BLACK
6
CONTINUOUS
10
2.4343261023622045
20
2.1438390944881891
11
2.4335114566929135
21
2.1430244488188976
0
LINE
8
BLACK
6
CONTINUOUS
10
2.4335114566929135
20
2.1430244488188976
11
2.4324470472440942
21
2.1425835433070866
0
LINE
8
BLACK
6
CONTINUOUS
10
2.4324470472440942
20
2.1425835433070866
11
2.4318709842519683
21
2.1425268110236222
0
LINE
8
BLACK
6
CONTINUOUS
10
2.4318709842519683
20
2.1425268110236222
11
2.4074990551181101
21
2.1425268110236222
0
LINE
8
BLACK
6
CONTINUOUS
10
2.4074990551181101
20
2.1425268110236222
11
2.4069229921259843
21
2.1425835433070866
0
LINE
8
BLACK
6
CONTINUOUS
10
2.4069229921259843
20
2.1425835433070866
11
2.4058585826771655
21
2.1430244488188976
0
LINE
8
BLACK
6
CONTINUOUS
10
2.4058585826771655
20
2.1430244488188976
11
2.405043937007874
21
2.1438390944881891
0
LINE
8
BLACK
6
CONTINUOUS
10
2.405043937007874
20
2.1438390944881891
11
2.4046030314960629
21
2.1449035039370079
0
LINE
8
BLACK
6
CONTINUOUS
10
2.4046030314960629
20
2.1449035039370079
11
2.4046030314960629
21
2.1460556299212596
0
LINE
8
BLACK
6
CONTINUOUS
10
2.4046030314960629
20
2.1460556299212596
11
2.405043937007874
21
2.1471200393700789
0
LINE
8
BLACK
6
CONTINUOUS
10
2.405043937007874
20
2.1471200393700789
11
2.4054111417322832
21
2.1475674803149607
0
LINE
8
BLACK
6
CONTINUOUS
10
2.4054111417322832
20
2.1475674803149607
11
2.4274153937007874
21
2.169571811023622
0
LINE
8
BLACK
6
CONTINUOUS
10
2.4274153937007874
20
2.169571811023622
11
2.4289182283464568
21
2.1740801968503938
0
LINE
8
BLACK
6
CONTINUOUS
10
2.4289182283464568
20
2.1740801968503938
11
2.4289182283464568
21
2.1766535433070864
0
LINE
8
BLACK
6
CONTINUOUS
10
2.4289182283464568
20
2.1766535433070864
11
2.4275694881889764
21
2.179351023622047
0
LINE
8
BLACK
6
CONTINUOUS
10
2.4275694881889764
20
2.179351023622047
11
2.4263723622047242
21
2.1805481496062993
0
LINE
8
BLACK
6
CONTINUOUS
10
2.4263723622047242
20
2.1805481496062993
11
2.4236748818897635
21
2.1818968897637796
0
LINE
8
BLACK
6
CONTINUOUS
10
2.4236748818897635
20
2.1818968897637796
11
2.4156951574803149
21
2.1818968897637796
0
LINE
8
BLACK
6
CONTINUOUS
10
2.4156951574803149
20
2.1818968897637796
11
2.4129976771653543
21
2.1805481496062993
0
LINE
8
BLACK
6
CONTINUOUS
10
2.4129976771653543
20
2.1805481496062993
11
2.4114617322834646
21
2.1790122047244096
0
LINE
8
BLACK
6
CONTINUOUS
10
2.4114617322834646
20
2.1790122047244096
11
2.4110142913385828
21
2.1786449999999999
0
LINE
8
BLACK
6
CONTINUOUS
10
2.4110142913385828
20
2.1786449999999999
11
2.4099498425196848
21
2.1782040944881889
0
LINE
8
BLACK
6
CONTINUOUS
10
2.4099498425196848
20
2.1782040944881889
11
2.4087977952755906
21
2.1782040944881889
0
LINE
8
BLACK
6
CONTINUOUS
10
2.4087977952755906
20
2.1782040944881889
11
2.407733346456693
21
2.1786449999999999
0
LINE
8
BLACK
6
CONTINUOUS
10
2.407733346456693
20
2.1786449999999999
11
2.4069187007874016
21
2.1794596456692914
0
LINE
8
BLACK
6
CONTINUOUS
10
2.4069187007874016
20
2.1794596456692914
11
2.4064777952755905
21
2.180524094488189
0
LINE
8
BLACK
6
CONTINUOUS
10
2.4064777952755905
20
2.180524094488189
11
2.4064777952755905
21
2.1816761417322836
0
LINE
8
BLACK
6
CONTINUOUS
10
2.4064777952755905
20
2.1816761417322836
11
2.4069187007874016
21
2.1827405905511812
0
LINE
8
BLACK
6
CONTINUOUS
10
2.4069187007874016
20
2.1827405905511812
11
2.4072859055118108
21
2.183188031496063
0
LINE
8
BLACK
6
CONTINUOUS
10
2.4072859055118108
20
2.183188031496063
11
2.4091606692913383
21
2.1850627952755906
0
LINE
8
BLACK
6
CONTINUOUS
10
2.4091606692913383
20
2.1850627952755906
11
2.4093870078740158
21
2.1852485826771653
0
LINE
8
BLACK
6
CONTINUOUS
10
2.4093870078740158
20
2.1852485826771653
11
2.4094381889763778
21
2.1853075590551181
0
LINE
8
BLACK
6
CONTINUOUS
10
2.4094381889763778
20
2.1853075590551181
11
2.4095271259842521
21
2.1853635433070866
0
LINE
8
BLACK
6
CONTINUOUS
10
2.4095271259842521
20
2.1853635433070866
11
2.4096081102362206
21
2.1854299999999998
0
LINE
8
BLACK
6
CONTINUOUS
10
2.4096081102362206
20
2.1854299999999998
11
2.4096800393700786
21
2.1854598425196849
0
LINE
8
BLACK
6
CONTINUOUS
10
2.4096800393700786
20
2.1854598425196849
11
2.4099280708661417
21
2.1856159055118112
0
LINE
8
BLACK
6
CONTINUOUS
10
2.4099280708661417
20
2.1856159055118112
11
2.4136775984251968
21
2.1874906692913387
0
LINE
8
BLACK
6
CONTINUOUS
10
2.4136775984251968
20
2.1874906692913387
11
2.4142181889763781
21
2.1876975590551182
0
LINE
8
BLACK
6
CONTINUOUS
10
2.4142181889763781
20
2.1876975590551182
11
2.4143240551181102
21
2.187705118110236
0
LINE
8
BLACK
6
CONTINUOUS
10
2.4143240551181102
20
2.187705118110236
11
2.4144220472440945
21
2.1877456692913384
0
LINE
8
BLACK
6
CONTINUOUS
10
2.4144220472440945
20
2.1877456692913384
11
2.4149981102362204
21
2.1878024015748032
0
LINE
8
BLACK
6
CONTINUOUS
10
2.4149981102362204
20
2.1878024015748032
11
2.4243719291338581
21
2.1878024015748032
0
LINE
8
BLACK
6
CONTINUOUS
10
2.4243719291338581
20
2.1878024015748032
11
2.424947992125984
21
2.1877456692913384
0
LINE
8
BLACK
6
CONTINUOUS
10
0.3716442125984252
20
2.1873047637795273
11
0.3724588582677165
21
2.1864901181102363
0
LINE
8
BLACK
6
CONTINUOUS
10
0.3724588582677165
20
2.1864901181102363
11
0.3728997637795275
21
2.1854257086614171
0
LINE
8
BLACK
6
CONTINUOUS
10
0.3728997637795275
20
2.1854257086614171
11
0.3729564960629921
21
2.1848496456692912
0
LINE
8
BLACK
6
CONTINUOUS
10
0.3729564960629921
20
2.1848496456692912
11
0.3729564960629921
21
2.1690547637795277
0
LINE
8
BLACK
6
CONTINUOUS
10
0.3729564960629921
20
2.1690547637795277
11
0.3895481496062992
21
2.1690547637795277
0
LINE
8
BLACK
6
CONTINUOUS
10
0.3895481496062992
20
2.1690547637795277
11
0.3895481496062992
21
2.1848496456692912
0
LINE
8
BLACK
6
CONTINUOUS
10
0.3895481496062992
20
2.1848496456692912
11
0.3896048818897638
21
2.1854257086614171
0
LINE
8
BLACK
6
CONTINUOUS
10
0.3896048818897638
20
2.1854257086614171
11
0.3900457874015748
21
2.1864901181102363
0
LINE
8
BLACK
6
CONTINUOUS
10
0.3900457874015748
20
2.1864901181102363
11
0.3908604330708662
21
2.1873047637795273
0
LINE
8
BLACK
6
CONTINUOUS
10
0.3908604330708662
20
2.1873047637795273
11
0.391924842519685
21
2.1877456692913384
0
LINE
8
BLACK
6
CONTINUOUS
10
0.391924842519685
20
2.1877456692913384
11
0.393076968503937
21
2.1877456692913384
0
LINE
8
BLACK
6
CONTINUOUS
10
0.393076968503937
20
2.1877456692913384
11
0.3941413779527559
21
2.1873047637795273
0
LINE
8
BLACK
6
CONTINUOUS
10
0.3941413779527559
20
2.1873047637795273
11
0.3949560236220472
21
2.1864901181102363
0
LINE
8
BLACK
6
CONTINUOUS
10
0.3949560236220472
20
2.1864901181102363
11
0.3953969291338583
21
2.1854257086614171
0
LINE
8
BLACK
6
CONTINUOUS
10
0.3953969291338583
20
2.1854257086614171
11
0.3954536614173228
21
2.1848496456692912
0
LINE
8
BLACK
6
CONTINUOUS
10
0.3954536614173228
20
2.1848496456692912
11
0.3954536614173228
21
2.1454795669291338
0
LINE
8
BLACK
6
CONTINUOUS
10
0.3954536614173228
20
2.1454795669291338
11
0.3953969291338583
21
2.1449035039370079
0
LINE
8
BLACK
6
CONTINUOUS
10
0.3953969291338583
20
2.1449035039370079
11
0.3949560236220472
21
2.1438390944881891
0
LINE
8
BLACK
6
CONTINUOUS
10
0.3949560236220472
20
2.1438390944881891
11
0.3941413779527559
21
2.1430244488188976
0
LINE
8
BLACK
6
CONTINUOUS
10
0.3941413779527559
20
2.1430244488188976
11
0.393076968503937
21
2.1425835433070866
0
LINE
8
BLACK
6
CONTINUOUS
10
0.393076968503937
20
2.1425835433070866
11
0.391924842519685
21
2.1425835433070866
0
LINE
8
BLACK
6
CONTINUOUS
10
0.391924842519685
20
2.1425835433070866
11
0.3908604330708662
21
2.1430244488188976
0
LINE
8
BLACK
6
CONTINUOUS
10
0.3908604330708662
20
2.1430244488188976
11
0.3900457874015748
21
2.1438390944881891
0
LINE
8
BLACK
6
CONTINUOUS
10
0.3900457874015748
20
2.1438390944881891
11
0.3896048818897638
21
2.1449035039370079
0
LINE
8
BLACK
6
CONTINUOUS
10
0.3896048818897638
20
2.1449035039370079
11
0.3895481496062992
21
2.1454795669291338
0
LINE
8
BLACK
6
CONTINUOUS
10
0.3895481496062992
20
2.1454795669291338
11
0.3895481496062992
21
2.163149251968504
0
LINE
8
BLACK
6
CONTINUOUS
10
0.3895481496062992
20
2.163149251968504
11
0.3729564960629921
21
2.163149251968504
0
LINE
8
BLACK
6
CONTINUOUS
10
0.3729564960629921
20
2.163149251968504
11
0.3729564960629921
21
2.1454795669291338
0
LINE
8
BLACK
6
CONTINUOUS
10
0.3729564960629921
20
2.1454795669291338
11
0.3728997637795275
21
2.1449035039370079
0
LINE
8
BLACK
6
CONTINUOUS
10
0.3728997637795275
20
2.1449035039370079
11
0.3724588582677165
21
2.1438390944881891
0
LINE
8
BLACK
6
CONTINUOUS
10
0.3724588582677165
20
2.1438390944881891
11
0.3716442125984252
21
2.1430244488188976
0
LINE
8
BLACK
6
CONTINUOUS
10
0.3716442125984252
20
2.1430244488188976
11
0.3705798031496063
21
2.1425835433070866
0
LINE
8
BLACK
6
CONTINUOUS
10
0.3705798031496063
20
2.1425835433070866
11
0.3694276771653543
21
2.1425835433070866
0
LINE
8
BLACK
6
CONTINUOUS
10
0.3694276771653543
20
2.1425835433070866
11
0.3683632677165354
21
2.1430244488188976
0
LINE
8
BLACK
6
CONTINUOUS
10
0.3683632677165354
20
2.1430244488188976
11
0.3675486220472441
21
2.1438390944881891
0
LINE
8
BLACK
6
CONTINUOUS
10
0.3675486220472441
20
2.1438390944881891
11
0.3671077165354331
21
2.1449035039370079
0
LINE
8
BLACK
6
CONTINUOUS
10
0.3671077165354331
20
2.1449035039370079
11
0.3670509842519685
21
2.1454795669291338
0
LINE
8
BLACK
6
CONTINUOUS
10
0.3670509842519685
20
2.1454795669291338
11
0.3670509842519685
21
2.1848496456692912
0
LINE
8
BLACK
6
CONTINUOUS
10
0.3670509842519685
20
2.1848496456692912
11
0.3671077165354331
21
2.1854257086614171
0
LINE
8
BLACK
6
CONTINUOUS
10
0.3671077165354331
20
2.1854257086614171
11
0.3675486220472441
21
2.1864901181102363
0
LINE
8
BLACK
6
CONTINUOUS
10
0.3675486220472441
20
2.1864901181102363
11
0.3683632677165354
21
2.1873047637795273
0
LINE
8
BLACK
6
CONTINUOUS
10
0.3683632677165354
20
2.1873047637795273
11
0.3694276771653543
21
2.1877456692913384
0
LINE
8
BLACK
6
CONTINUOUS
10
0.3694276771653543
20
2.1877456692913384
11
0.3705798031496063
21
2.1877456692913384
0
LINE
8
BLACK
6
CONTINUOUS
10
0.3705798031496063
20
2.1877456692913384
11
0.3716442125984252
21
2.1873047637795273
0
LINE
8
BLACK
6
CONTINUOUS
10
2.371644212598425
20
2.1873047637795273
11
2.3724588582677164
21
2.1864901181102363
0
LINE
8
BLACK
6
CONTINUOUS
10
2.3724588582677164
20
2.1864901181102363
11
2.3728997637795275
21
2.1854257086614171
0
LINE
8
BLACK
6
CONTINUOUS
10
2.3728997637795275
20
2.1854257086614171
11
2.3729564960629919
21
2.1848496456692912
0
LINE
8
BLACK
6
CONTINUOUS
10
2.3729564960629919
20
2.1848496456692912
11
2.3729564960629919
21
2.1690547637795277
0
LINE
8
BLACK
6
CONTINUOUS
10
2.3729564960629919
20
2.1690547637795277
11
2.3895481496062994
21
2.1690547637795277
0
LINE
8
BLACK
6
CONTINUOUS
10
2.3895481496062994
20
2.1690547637795277
11
2.3895481496062994
21
2.1848496456692912
0
LINE
8
BLACK
6
CONTINUOUS
10
2.3895481496062994
20
2.1848496456692912
11
2.3896048818897637
21
2.1854257086614171
0
LINE
8
BLACK
6
CONTINUOUS
10
2.3896048818897637
20
2.1854257086614171
11
2.3900457874015748
21
2.1864901181102363
0
LINE
8
BLACK
6
CONTINUOUS
10
2.3900457874015748
20
2.1864901181102363
11
2.3908604330708663
21
2.1873047637795273
0
LINE
8
BLACK
6
CONTINUOUS
10
2.3908604330708663
20
2.1873047637795273
11
2.3919248425196851
21
2.1877456692913384
0
LINE
8
BLACK
6
CONTINUOUS
10
2.3919248425196851
20
2.1877456692913384
11
2.3930769685039368
21
2.1877456692913384
0
LINE
8
BLACK
6
CONTINUOUS
10
2.3930769685039368
20
2.1877456692913384
11
2.3941413779527561
21
2.1873047637795273
0
LINE
8
BLACK
6
CONTINUOUS
10
2.3941413779527561
20
2.1873047637795273
11
2.3949560236220471
21
2.1864901181102363
0
LINE
8
BLACK
6
CONTINUOUS
10
2.3949560236220471
20
2.1864901181102363
11
2.3953969291338582
21
2.1854257086614171
0
LINE
8
BLACK
6
CONTINUOUS
10
2.3953969291338582
20
2.1854257086614171
11
2.395453661417323
21
2.1848496456692912
0
LINE
8
BLACK
6
CONTINUOUS
10
2.395453661417323
20
2.1848496456692912
11
2.395453661417323
21
2.1454795669291338
0
LINE
8
BLACK
6
CONTINUOUS
10
2.395453661417323
20
2.1454795669291338
11
2.3953969291338582
21
2.1449035039370079
0
LINE
8
BLACK
6
CONTINUOUS
10
2.3953969291338582
20
2.1449035039370079
11
2.3949560236220471
21
2.1438390944881891
0
LINE
8
BLACK
6
CONTINUOUS
10
2.3949560236220471
20
2.1438390944881891
11
2.3941413779527561
21
2.1430244488188976
0
LINE
8
BLACK
6
CONTINUOUS
10
2.3941413779527561
20
2.1430244488188976
11
2.3930769685039368
21
2.1425835433070866
0
LINE
8
BLACK
6
CONTINUOUS
10
2.3930769685039368
20
2.1425835433070866
11
2.3919248425196851
21
2.1425835433070866
0
LINE
8
BLACK
6
CONTINUOUS
10
2.3919248425196851
20
2.1425835433070866
11
2.3908604330708663
21
2.1430244488188976
0
LINE
8
BLACK
6
CONTINUOUS
10
2.3908604330708663
20
2.1430244488188976
11
2.3900457874015748
21
2.1438390944881891
0
LINE
8
BLACK
6
CONTINUOUS
10
2.3900457874015748
20
2.1438390944881891
11
2.3896048818897637
21
2.1449035039370079
0
LINE
8
BLACK
6
CONTINUOUS
10
2.3896048818897637
20
2.1449035039370079
11
2.3895481496062994
21
2.1454795669291338
0
LINE
8
BLACK
6
CONTINUOUS
10
2.3895481496062994
20
2.1454795669291338
11
2.3895481496062994
21
2.163149251968504
0
LINE
8
BLACK
6
CONTINUOUS
10
2.3895481496062994
20
2.163149251968504
11
2.3729564960629919
21
2.163149251968504
0
LINE
8
BLACK
6
CONTINUOUS
10
2.3729564960629919
20
2.163149251968504
11
2.3729564960629919
21
2.1454795669291338
0
LINE
8
BLACK
6
CONTINUOUS
10
2.3729564960629919
20
2.1454795669291338
11
2.3728997637795275
21
2.1449035039370079
0
LINE
8
BLACK
6
CONTINUOUS
10
2.3728997637795275
20
2.1449035039370079
11
2.3724588582677164
21
2.1438390944881891
0
LINE
8
BLACK
6
CONTINUOUS
10
2.3724588582677164
20
2.1438390944881891
11
2.371644212598425
21
2.1430244488188976
0
LINE
8
BLACK
6
CONTINUOUS
10
2.371644212598425
20
2.1430244488188976
11
2.3705798031496061
21
2.1425835433070866
0
LINE
8
BLACK
6
CONTINUOUS
10
2.3705798031496061
20
2.1425835433070866
11
2.3694276771653544
21
2.1425835433070866
0
LINE
8
BLACK
6
CONTINUOUS
10
2.3694276771653544
20
2.1425835433070866
11
2.3683632677165352
21
2.1430244488188976
0
LINE
8
BLACK
6
CONTINUOUS
10
2.3683632677165352
20
2.1430244488188976
11
2.3675486220472441
21
2.1438390944881891
0
LINE
8
BLACK
6
CONTINUOUS
10
2.3675486220472441
20
2.1438390944881891
11
2.3671077165354331
21
2.1449035039370079
0
LINE
8
BLACK
6
CONTINUOUS
10
2.3671077165354331
20
2.1449035039370079
11
2.3670509842519682
21
2.1454795669291338
0
LINE
8
BLACK
6
CONTINUOUS
10
2.3670509842519682
20
2.1454795669291338
11
2.3670509842519682
21
2.1848496456692912
0
LINE
8
BLACK
6
CONTINUOUS
10
2.3670509842519682
20
2.1848496456692912
11
2.3671077165354331
21
2.1854257086614171
0
LINE
8
BLACK
6
CONTINUOUS
10
2.3671077165354331
20
2.1854257086614171
11
2.3675486220472441
21
2.1864901181102363
0
LINE
8
BLACK
6
CONTINUOUS
10
2.3675486220472441
20
2.1864901181102363
11
2.3683632677165352
21
2.1873047637795273
0
LINE
8
BLACK
6
CONTINUOUS
10
2.3683632677165352
20
2.1873047637795273
11
2.3694276771653544
21
2.1877456692913384
0
LINE
8
BLACK
6
CONTINUOUS
10
2.3694276771653544
20
2.1877456692913384
11
2.3705798031496061
21
2.1877456692913384
0
LINE
8
BLACK
6
CONTINUOUS
10
2.3705798031496061
20
2.1877456692913384
11
2.371644212598425
21
2.1873047637795273
0
CIRCLE
8
BLACK
10
2.3055118110236221
20
0.4
40
0.0068897637795276
0
CIRCLE
8
BLACK
10
2.3331867716535433
20
0.4668132283464567
40
0.0068897637795276
0
CIRCLE
8
BLACK
10
2.3331867716535433
20
0.3331867716535433
40
0.0068897637795276
0
CIRCLE
8
BLACK
10
2.3999999999999999
20
0.4944881889763779
40
0.0068897637795276
0
CIRCLE
8
BLACK
10
2.3999999999999999
20
0.4
40
0.0068897637795276
0
CIRCLE
8
BLACK
10
2.3999999999999999
20
0.305511811023622
40
0.0068897637795276
0
CIRCLE
8
BLACK
10
2.4668132283464566
20
0.4668132283464567
40
0.0068897637795276
0
CIRCLE
8
BLACK
10
2.4668132283464566
20
0.3331867716535433
40
0.0068897637795276
0
CIRCLE
8
BLACK
10
2.4944881889763777
20
0.4
40
0.0068897637795276
0
CIRCLE
8
BLACK
10
3.192913346456693
20
0.2897637795275591
40
0.0068897637795276
0
CIRCLE
8
BLACK
10
3.0929133464566929
20
0.2897637795275591
40
0.0068897637795276
0
CIRCLE
8
BLACK
10
3.1929133858267718
20
0.389763779527559
40
0.0068897637795276
0
CIRCLE
8
BLACK
10
3.0929133070866142
20
0.389763779527559
40
0.0068897637795276
0
CIRCLE
8
BLACK
10
3.192913346456693
20
0.4897637795275591
40
0.0068897637795276
0
CIRCLE
8
BLACK
10
3.0929133464566929
20
0.4897637795275591
40
0.0068897637795276
0
CIRCLE
8
BLACK
10
-0.5275590944881889
20
0.7070866141732284
40
0.0068897637795276
0
CIRCLE
8
BLACK
10
-0.6275590944881889
20
0.7070866141732284
40
0.0068897637795276
0
CIRCLE
8
BLACK
10
-0.5275590551181102
20
0.8070866141732284
40
0.0068897637795276
0
CIRCLE
8
BLACK
10
-0.6275591338582677
20
0.8070866141732284
40
0.0068897637795276
0
CIRCLE
8
BLACK
10
-0.5275590944881889
20
0.9070866141732283
40
0.0068897637795276
0
CIRCLE
8
BLACK
10
-0.6275590944881889
20
0.9070866141732283
40
0.0068897637795276
0
CIRCLE
8
BLACK
10
0.305511811023622
20
0.4
40
0.0068897637795276
0
CIRCLE
8
BLACK
10
0.3331867716535433
20
0.4668132283464567
40
0.0068897637795276
0
CIRCLE
8
BLACK
10
0.3331867716535433
20
0.3331867716535433
40
0.0068897637795276
0
CIRCLE
8
BLACK
10
0.4
20
0.4944881889763779
40
0.0068897637795276
0
CIRCLE
8
BLACK
10
0.4
20
0.4
40
0.0068897637795276
0
CIRCLE
8
BLACK
10
0.4
20
0.305511811023622
40
0.0068897637795276
0
CIRCLE
8
BLACK
10
0.4668132283464567
20
0.4668132283464567
40
0.0068897637795276
0
CIRCLE
8
BLACK
10
0.4668132283464567
20
0.3331867716535433
40
0.0068897637795276
0
CIRCLE
8
BLACK
10
0.4944881889763779
20
0.4
40
0.0068897637795276
0
CIRCLE
8
BLACK
10
0.305511811023622
20
2.
40
0.0068897637795276
0
CIRCLE
8
BLACK
10
0.3331867716535433
20
2.0668132283464566
40
0.0068897637795276
0
CIRCLE
8
BLACK
10
0.3331867716535433
20
1.9331867716535434
40
0.0068897637795276
0
CIRCLE
8
BLACK
10
0.4
20
2.0944881889763778
40
0.0068897637795276
0
CIRCLE
8
BLACK
10
0.4
20
2.
40
0.0068897637795276
0
CIRCLE
8
BLACK
10
0.4
20
1.905511811023622
40
0.0068897637795276
0
CIRCLE
8
BLACK
10
0.4668132283464567
20
2.0668132283464566
40
0.0068897637795276
0
CIRCLE
8
BLACK
10
0.4668132283464567
20
1.9331867716535434
40
0.0068897637795276
0
CIRCLE
8
BLACK
10
0.4944881889763779
20
2.
40
0.0068897637795276
0
CIRCLE
8
BLACK
10
4.0885826771653546
20
1.3421259842519684
40
0.0068897637795276
0
CIRCLE
8
BLACK
10
4.1885826771653543
20
1.3421259842519684
40
0.0068897637795276
0
CIRCLE
8
BLACK
10
4.0885826771653546
20
1.2421259842519685
40
0.0068897637795276
0
CIRCLE
8
BLACK
10
4.1885826771653543
20
1.2421259842519685
40
0.0068897637795276
0
CIRCLE
8
BLACK
10
4.0885826771653546
20
1.1421259842519684
40
0.0068897637795276
0
CIRCLE
8
BLACK
10
4.1885826771653543
20
1.1421259842519684
40
0.0068897637795276
0
CIRCLE
8
BLACK
10
0.6283464566929133
20
0.3645669291338582
40
0.0068897637795276
0
CIRCLE
8
BLACK
10
0.6283464566929133
20
0.4645669291338583
40
0.0068897637795276
0
CIRCLE
8
BLACK
10
0.7283464566929134
20
0.3645669291338582
40
0.0068897637795276
0
CIRCLE
8
BLACK
10
0.7283464566929134
20
0.4645669291338583
40
0.0068897637795276
0
CIRCLE
8
BLACK
10
0.8283464566929134
20
0.3645669291338582
40
0.0068897637795276
0
CIRCLE
8
BLACK
10
0.8283464566929134
20
0.4645669291338583
40
0.0068897637795276
0
CIRCLE
8
BLACK
10
0.9283464566929134
20
0.3645668897637795
40
0.0068897637795276
0
CIRCLE
8
BLACK
10
0.9283464566929134
20
0.464566968503937
40
0.0068897637795276
0
CIRCLE
8
BLACK
10
1.0283464566929135
20
0.3645669291338582
40
0.0068897637795276
0
CIRCLE
8
BLACK
10
1.0283464566929135
20
0.4645669291338583
40
0.0068897637795276
0
CIRCLE
8
BLACK
10
1.1283464566929133
20
0.3645669291338582
40
0.0068897637795276
0
CIRCLE
8
BLACK
10
1.1283464566929133
20
0.4645669291338583
40
0.0068897637795276
0
CIRCLE
8
BLACK
10
1.2283464566929134
20
0.3645669291338582
40
0.0068897637795276
0
CIRCLE
8
BLACK
10
1.2283464566929134
20
0.4645669291338583
40
0.0068897637795276
0
CIRCLE
8
BLACK
10
1.3283464566929133
20
0.3645669291338582
40
0.0068897637795276
0
CIRCLE
8
BLACK
10
1.3283464566929133
20
0.4645669291338583
40
0.0068897637795276
0
CIRCLE
8
BLACK
10
1.4283464566929134
20
0.3645668897637795
40
0.0068897637795276
0
CIRCLE
8
BLACK
10
1.4283464566929134
20
0.464566968503937
40
0.0068897637795276
0
CIRCLE
8
BLACK
10
1.5283464566929132
20
0.3645669291338582
40
0.0068897637795276
0
CIRCLE
8
BLACK
10
1.5283464566929132
20
0.4645669291338583
40
0.0068897637795276
0
CIRCLE
8
BLACK
10
1.6283464566929133
20
0.3645669291338582
40
0.0068897637795276
0
CIRCLE
8
BLACK
10
1.6283464566929133
20
0.4645669291338583
40
0.0068897637795276
0
CIRCLE
8
BLACK
10
1.7283464566929134
20
0.3645669291338582
40
0.0068897637795276
0
CIRCLE
8
BLACK
10
1.7283464566929134
20
0.4645669291338583
40
0.0068897637795276
0
CIRCLE
8
BLACK
10
0.4188976377952756
20
0.6535433070866141
40
0.0068897637795276
0
CIRCLE
8
BLACK
10
0.3188976377952756
20
0.6535433070866141
40
0.0068897637795276
0
CIRCLE
8
BLACK
10
0.4188976377952756
20
0.7535433070866142
40
0.0068897637795276
0
CIRCLE
8
BLACK
10
0.3188976377952756
20
0.7535433070866142
40
0.0068897637795276
0
CIRCLE
8
BLACK
10
0.4188976377952756
20
0.8535433070866142
40
0.0068897637795276
0
CIRCLE
8
BLACK
10
0.3188976377952756
20
0.8535433070866142
40
0.0068897637795276
0
CIRCLE
8
BLACK
10
0.4188976771653543
20
0.9535433070866142
40
0.0068897637795276
0
CIRCLE
8
BLACK
10
0.3188975984251968
20
0.9535433070866142
40
0.0068897637795276
0
CIRCLE
8
BLACK
10
0.4188976377952756
20
1.0535433070866143
40
0.0068897637795276
0
CIRCLE
8
BLACK
10
0.3188976377952756
20
1.0535433070866143
40
0.0068897637795276
0
CIRCLE
8
BLACK
10
0.4188976377952756
20
1.1535433070866141
40
0.0068897637795276
0
CIRCLE
8
BLACK
10
0.3188976377952756
20
1.1535433070866141
40
0.0068897637795276
0
CIRCLE
8
BLACK
10
0.4188976377952756
20
1.2535433070866142
40
0.0068897637795276
0
CIRCLE
8
BLACK
10
0.3188976377952756
20
1.2535433070866142
40
0.0068897637795276
0
CIRCLE
8
BLACK
10
0.4188976377952756
20
1.3535433070866141
40
0.0068897637795276
0
CIRCLE
8
BLACK
10
0.3188976377952756
20
1.3535433070866141
40
0.0068897637795276
0
CIRCLE
8
BLACK
10
0.4188976771653543
20
1.4535433070866142
40
0.0068897637795276
0
CIRCLE
8
BLACK
10
0.3188975984251968
20
1.4535433070866142
40
0.0068897637795276
0
CIRCLE
8
BLACK
10
0.4188976377952756
20
1.553543307086614
40
0.0068897637795276
0
CIRCLE
8
BLACK
10
0.3188976377952756
20
1.553543307086614
40
0.0068897637795276
0
CIRCLE
8
BLACK
10
0.4188976377952756
20
1.6535433070866141
40
0.0068897637795276
0
CIRCLE
8
BLACK
10
0.3188976377952756
20
1.6535433070866141
40
0.0068897637795276
0
CIRCLE
8
BLACK
10
0.4188976377952756
20
1.7535433070866142
40
0.0068897637795276
0
CIRCLE
8
BLACK
10
0.3188976377952756
20
1.7535433070866142
40
0.0068897637795276
0
CIRCLE
8
BLACK
10
2.3622047244094486
20
1.7488188976377952
40
0.0068897637795276
0
CIRCLE
8
BLACK
10
2.4622047244094487
20
1.7488188976377952
40
0.0068897637795276
0
CIRCLE
8
BLACK
10
2.3622047244094486
20
1.6488188976377953
40
0.0068897637795276
0
CIRCLE
8
BLACK
10
2.4622047244094487
20
1.6488188976377953
40
0.0068897637795276
0
CIRCLE
8
BLACK
10
2.3622047244094486
20
1.5488188976377952
40
0.0068897637795276
0
CIRCLE
8
BLACK
10
2.4622047244094487
20
1.5488188976377952
40
0.0068897637795276
0
CIRCLE
8
BLACK
10
2.3622047244094486
20
1.4488188976377951
40
0.0068897637795276
0
CIRCLE
8
BLACK
10
2.4622047244094487
20
1.4488188976377951
40
0.0068897637795276
0
CIRCLE
8
BLACK
10
2.3622047244094486
20
1.3488188976377953
40
0.0068897637795276
0
CIRCLE
8
BLACK
10
2.4622047244094487
20
1.3488188976377953
40
0.0068897637795276
0
CIRCLE
8
BLACK
10
2.3622047244094486
20
1.2488188976377952
40
0.0068897637795276
0
CIRCLE
8
BLACK
10
2.4622047244094487
20
1.2488188976377952
40
0.0068897637795276
0
CIRCLE
8
BLACK
10
2.3622047244094486
20
1.1488188976377953
40
0.0068897637795276
0
CIRCLE
8
BLACK
10
2.4622047244094487
20
1.1488188976377953
40
0.0068897637795276
0
CIRCLE
8
BLACK
10
2.3622047244094486
20
1.0488188976377952
40
0.0068897637795276
0
CIRCLE
8
BLACK
10
2.4622047244094487
20
1.0488188976377952
40
0.0068897637795276
0
CIRCLE
8
BLACK
10
2.3622047244094486
20
0.9488188976377953
40
0.0068897637795276
0
CIRCLE
8
BLACK
10
2.4622047244094487
20
0.9488188976377953
40
0.0068897637795276
0
CIRCLE
8
BLACK
10
2.3622047244094486
20
0.8488188976377953
40
0.0068897637795276
0
CIRCLE
8
BLACK
10
2.4622047244094487
20
0.8488188976377953
40
0.0068897637795276
0
CIRCLE
8
BLACK
10
2.3622047244094486
20
0.7488188976377953
40
0.0068897637795276
0
CIRCLE
8
BLACK
10
2.4622047244094487
20
0.7488188976377953
40
0.0068897637795276
0
CIRCLE
8
BLACK
10
2.3622047244094486
20
0.6488188976377952
40
0.0068897637795276
0
CIRCLE
8
BLACK
10
2.4622047244094487
20
0.6488188976377952
40
0.0068897637795276
0
CIRCLE
8
BLACK
10
2.1535432677165356
20
0.8944881889763779
40
0.0068897637795276
0
CIRCLE
8
BLACK
10
2.0535432677165355
20
0.8944881889763779
40
0.0068897637795276
0
CIRCLE
8
BLACK
10
2.1535432677165356
20
0.9944881889763779
40
0.0068897637795276
0
CIRCLE
8
BLACK
10
2.0535432677165355
20
0.9944881889763779
40
0.0068897637795276
0
CIRCLE
8
BLACK
10
2.1535433070866143
20
1.094488188976378
40
0.0068897637795276
0
CIRCLE
8
BLACK
10
2.0535432283464568
20
1.094488188976378
40
0.0068897637795276
0
CIRCLE
8
BLACK
10
2.1535432677165356
20
1.1944881889763779
40
0.0068897637795276
0
CIRCLE
8
BLACK
10
2.0535432677165355
20
1.1944881889763779
40
0.0068897637795276
0
CIRCLE
8
BLACK
10
2.1535432677165356
20
1.294488188976378
40
0.0068897637795276
0
CIRCLE
8
BLACK
10
2.0535432677165355
20
1.294488188976378
40
0.0068897637795276
0
CIRCLE
8
BLACK
10
2.3055118110236221
20
2.
40
0.0068897637795276
0
CIRCLE
8
BLACK
10
2.3331867716535433
20
2.0668132283464566
40
0.0068897637795276
0
CIRCLE
8
BLACK
10
2.3331867716535433
20
1.9331867716535434
40
0.0068897637795276
0
CIRCLE
8
BLACK
10
2.3999999999999999
20
2.0944881889763778
40
0.0068897637795276
0
CIRCLE
8
BLACK
10
2.3999999999999999
20
2.
40
0.0068897637795276
0
CIRCLE
8
BLACK
10
2.3999999999999999
20
1.905511811023622
40
0.0068897637795276
0
CIRCLE
8
BLACK
10
2.4668132283464566
20
2.0668132283464566
40
0.0068897637795276
0
CIRCLE
8
BLACK
10
2.4668132283464566
20
1.9331867716535434
40
0.0068897637795276
0
CIRCLE
8
BLACK
10
2.4944881889763777
20
2.
40
0.0068897637795276
0
CIRCLE
8
BLACK
10
2.1456692913385824
20
0.4724409448818898
40
0.0068897637795276
0
CIRCLE
8
BLACK
10
1.918110157480315
20
0.4724409448818898
40
0.0068897637795276
0
LINE
8
BLACK
6
CONTINUOUS
10
2.1902585039370077
20
0.3448487401574803
11
2.1910564960629921
21
0.347826968503937
0
LINE
8
BLACK
6
CONTINUOUS
10
2.1910564960629921
20
0.347826968503937
11
2.1925981496062992
21
0.3504971653543307
0
LINE
8
BLACK
6
CONTINUOUS
10
2.1925981496062992
20
0.3504971653543307
11
2.1947783858267718
21
0.3526774015748032
0
LINE
8
BLACK
6
CONTINUOUS
10
2.1947783858267718
20
0.3526774015748032
11
2.1974485826771653
21
0.3542190551181102
0
LINE
8
BLACK
6
CONTINUOUS
10
2.1974485826771653
20
0.3542190551181102
11
2.2004268110236218
21
0.3550170472440945
0
LINE
8
BLACK
6
CONTINUOUS
10
2.2004268110236218
20
0.3550170472440945
11
2.2035101181102363
21
0.3550170472440945
0
LINE
8
BLACK
6
CONTINUOUS
10
2.2035101181102363
20
0.3550170472440945
11
2.2064883464566929
21
0.3542190551181102
0
LINE
8
BLACK
6
CONTINUOUS
10
2.2064883464566929
20
0.3542190551181102
11
2.2091585433070864
21
0.3526774015748032
0
LINE
8
BLACK
6
CONTINUOUS
10
2.2091585433070864
20
0.3526774015748032
11
2.211338779527559
21
0.3504971653543307
0
LINE
8
BLACK
6
CONTINUOUS
10
2.211338779527559
20
0.3504971653543307
11
2.212880433070866
21
0.347826968503937
0
LINE
8
BLACK
6
CONTINUOUS
10
2.212880433070866
20
0.347826968503937
11
2.2136784251968504
21
0.3448487401574803
0
LINE
8
BLACK
6
CONTINUOUS
10
2.2136784251968504
20
0.3448487401574803
11
2.2137794881889765
21
0.3433070866141732
0
LINE
8
BLACK
6
CONTINUOUS
10
2.2137794881889765
20
0.3433070866141732
11
2.2137794881889765
21
0.3118110236220472
0
LINE
8
BLACK
6
CONTINUOUS
10
2.2137794881889765
20
0.3118110236220472
11
2.2136784251968504
21
0.3102693700787402
0
LINE
8
BLACK
6
CONTINUOUS
10
2.2136784251968504
20
0.3102693700787402
11
2.212880433070866
21
0.3072911417322834
0
LINE
8
BLACK
6
CONTINUOUS
10
2.212880433070866
20
0.3072911417322834
11
2.211338779527559
21
0.3046209448818897
0
LINE
8
BLACK
6
CONTINUOUS
10
2.211338779527559
20
0.3046209448818897
11
2.2091585433070864
21
0.3024407086614173
0
LINE
8
BLACK
6
CONTINUOUS
10
2.2091585433070864
20
0.3024407086614173
11
2.2064883464566929
21
0.3008990551181102
0
LINE
8
BLACK
6
CONTINUOUS
10
2.2064883464566929
20
0.3008990551181102
11
2.2035101181102363
21
0.300101062992126
0
LINE
8
BLACK
6
CONTINUOUS
10
2.2035101181102363
20
0.300101062992126
11
2.2004268110236218
21
0.300101062992126
0
LINE
8
BLACK
6
CONTINUOUS
10
2.2004268110236218
20
0.300101062992126
11
2.1974485826771653
21
0.3008990551181102
0
LINE
8
BLACK
6
CONTINUOUS
10
2.1974485826771653
20
0.3008990551181102
11
2.1947783858267718
21
0.3024407086614173
0
LINE
8
BLACK
6
CONTINUOUS
10
2.1947783858267718
20
0.3024407086614173
11
2.1925981496062992
21
0.3046209448818897
0
LINE
8
BLACK
6
CONTINUOUS
10
2.1925981496062992
20
0.3046209448818897
11
2.1910564960629921
21
0.3072911417322834
0
LINE
8
BLACK
6
CONTINUOUS
10
2.1910564960629921
20
0.3072911417322834
11
2.1902585039370077
21
0.3102693700787402
0
LINE
8
BLACK
6
CONTINUOUS
10
2.1902585039370077
20
0.3102693700787402
11
2.1901574409448816
21
0.3118110236220472
0
LINE
8
BLACK
6
CONTINUOUS
10
2.1901574409448816
20
0.3118110236220472
11
2.1901574409448816
21
0.3433070866141732
0
LINE
8
BLACK
6
CONTINUOUS
10
2.1901574409448816
20
0.3433070866141732
11
2.1902585039370077
21
0.3448487401574803
0
LINE
8
BLACK
6
CONTINUOUS
10
1.8501010236220472
20
0.3448487401574803
11
1.8508990157480314
21
0.347826968503937
0
LINE
8
BLACK
6
CONTINUOUS
10
1.8508990157480314
20
0.347826968503937
11
1.8524406692913384
21
0.3504971653543307
0
LINE
8
BLACK
6
CONTINUOUS
10
1.8524406692913384
20
0.3504971653543307
11
1.854620905511811
21
0.3526774015748032
0
LINE
8
BLACK
6
CONTINUOUS
10
1.854620905511811
20
0.3526774015748032
11
1.8572911023622047
21
0.3542190551181102
0
LINE
8
BLACK
6
CONTINUOUS
10
1.8572911023622047
20
0.3542190551181102
11
1.8602693307086613
21
0.3550170472440945
0
LINE
8
BLACK
6
CONTINUOUS
10
1.8602693307086613
20
0.3550170472440945
11
1.8633526377952756
21
0.3550170472440945
0
LINE
8
BLACK
6
CONTINUOUS
10
1.8633526377952756
20
0.3550170472440945
11
1.8663308661417322
21
0.3542190551181102
0
LINE
8
BLACK
6
CONTINUOUS
10
1.8663308661417322
20
0.3542190551181102
11
1.8690010629921259
21
0.3526774015748032
0
LINE
8
BLACK
6
CONTINUOUS
10
1.8690010629921259
20
0.3526774015748032
11
1.8711812992125985
21
0.3504971653543307
0
LINE
8
BLACK
6
CONTINUOUS
10
1.8711812992125985
20
0.3504971653543307
11
1.8727229527559055
21
0.347826968503937
0
LINE
8
BLACK
6
CONTINUOUS
10
1.8727229527559055
20
0.347826968503937
11
1.8735209448818897
21
0.3448487401574803
0
LINE
8
BLACK
6
CONTINUOUS
10
1.8735209448818897
20
0.3448487401574803
11
1.8736220078740158
21
0.3433070866141732
0
LINE
8
BLACK
6
CONTINUOUS
10
1.8736220078740158
20
0.3433070866141732
11
1.8736220078740158
21
0.3118110236220472
0
LINE
8
BLACK
6
CONTINUOUS
10
1.8736220078740158
20
0.3118110236220472
11
1.8735209448818897
21
0.3102693700787402
0
LINE
8
BLACK
6
CONTINUOUS
10
1.8735209448818897
20
0.3102693700787402
11
1.8727229527559055
21
0.3072911417322834
0
LINE
8
BLACK
6
CONTINUOUS
10
1.8727229527559055
20
0.3072911417322834
11
1.8711812992125985
21
0.3046209448818897
0
LINE
8
BLACK
6
CONTINUOUS
10
1.8711812992125985
20
0.3046209448818897
11
1.8690010629921259
21
0.3024407086614173
0
LINE
8
BLACK
6
CONTINUOUS
10
1.8690010629921259
20
0.3024407086614173
11
1.8663308661417322
21
0.3008990551181102
0
LINE
8
BLACK
6
CONTINUOUS
10
1.8663308661417322
20
0.3008990551181102
11
1.8633526377952756
21
0.300101062992126
0
LINE
8
BLACK
6
CONTINUOUS
10
1.8633526377952756
20
0.300101062992126
11
1.8602693307086613
21
0.300101062992126
0
LINE
8
BLACK
6
CONTINUOUS
10
1.8602693307086613
20
0.300101062992126
11
1.8572911023622047
21
0.3008990551181102
0
LINE
8
BLACK
6
CONTINUOUS
10
1.8572911023622047
20
0.3008990551181102
11
1.854620905511811
21
0.3024407086614173
0
LINE
8
BLACK
6
CONTINUOUS
10
1.854620905511811
20
0.3024407086614173
11
1.8524406692913384
21
0.3046209448818897
0
LINE
8
BLACK
6
CONTINUOUS
10
1.8524406692913384
20
0.3046209448818897
11
1.8508990157480314
21
0.3072911417322834
0
LINE
8
BLACK
6
CONTINUOUS
10
1.8508990157480314
20
0.3072911417322834
11
1.8501010236220472
21
0.3102693700787402
0
LINE
8
BLACK
6
CONTINUOUS
10
1.8501010236220472
20
0.3102693700787402
11
1.8499999606299211
21
0.3118110236220472
0
LINE
8
BLACK
6
CONTINUOUS
10
1.8499999606299211
20
0.3118110236220472
11
1.8499999606299211
21
0.3433070866141732
0
LINE
8
BLACK
6
CONTINUOUS
10
1.8499999606299211
20
0.3433070866141732
11
1.8501010236220472
21
0.3448487401574803
0
LINE
8
BLACK
6
CONTINUOUS
10
2.1902585039370077
20
0.5153211811023622
11
2.1910564960629921
21
0.5182994094488189
0
LINE
8
BLACK
6
CONTINUOUS
10
2.1910564960629921
20
0.5182994094488189
11
2.1925981496062992
21
0.5209696062992126
0
LINE
8
BLACK
6
CONTINUOUS
10
2.1925981496062992
20
0.5209696062992126
11
2.1947783858267718
21
0.523149842519685
0
LINE
8
BLACK
6
CONTINUOUS
10
2.1947783858267718
20
0.523149842519685
11
2.1974485826771653
21
0.5246914960629921
0
LINE
8
BLACK
6
CONTINUOUS
10
2.1974485826771653
20
0.5246914960629921
11
2.2004268110236218
21
0.5254894881889763
0
LINE
8
BLACK
6
CONTINUOUS
10
2.2004268110236218
20
0.5254894881889763
11
2.2035101181102363
21
0.5254894881889763
0
LINE
8
BLACK
6
CONTINUOUS
10
2.2035101181102363
20
0.5254894881889763
11
2.2064883464566929
21
0.5246914960629921
0
LINE
8
BLACK
6
CONTINUOUS
10
2.2064883464566929
20
0.5246914960629921
11
2.2091585433070864
21
0.523149842519685
0
LINE
8
BLACK
6
CONTINUOUS
10
2.2091585433070864
20
0.523149842519685
11
2.211338779527559
21
0.5209696062992126
0
LINE
8
BLACK
6
CONTINUOUS
10
2.211338779527559
20
0.5209696062992126
11
2.212880433070866
21
0.5182994094488189
0
LINE
8
BLACK
6
CONTINUOUS
10
2.212880433070866
20
0.5182994094488189
11
2.2136784251968504
21
0.5153211811023622
0
LINE
8
BLACK
6
CONTINUOUS
10
2.2136784251968504
20
0.5153211811023622
11
2.2137794881889765
21
0.5137795275590551
0
LINE
8
BLACK
6
CONTINUOUS
10
2.2137794881889765
20
0.5137795275590551
11
2.2137794881889765
21
0.4704724409448819
0
LINE
8
BLACK
6
CONTINUOUS
10
2.2137794881889765
20
0.4704724409448819
11
2.2136784251968504
21
0.4689307874015748
0
LINE
8
BLACK
6
CONTINUOUS
10
2.2136784251968504
20
0.4689307874015748
11
2.212880433070866
21
0.4659525590551181
0
LINE
8
BLACK
6
CONTINUOUS
10
2.212880433070866
20
0.4659525590551181
11
2.211338779527559
21
0.4632823622047244
0
LINE
8
BLACK
6
CONTINUOUS
10
2.211338779527559
20
0.4632823622047244
11
2.2091585433070864
21
0.4611021259842519
0
LINE
8
BLACK
6
CONTINUOUS
10
2.2091585433070864
20
0.4611021259842519
11
2.2064883464566929
21
0.4595604724409449
0
LINE
8
BLACK
6
CONTINUOUS
10
2.2064883464566929
20
0.4595604724409449
11
2.2035101181102363
21
0.4587624803149606
0
LINE
8
BLACK
6
CONTINUOUS
10
2.2035101181102363
20
0.4587624803149606
11
2.2004268110236218
21
0.4587624803149606
0
LINE
8
BLACK
6
CONTINUOUS
10
2.2004268110236218
20
0.4587624803149606
11
2.1974485826771653
21
0.4595604724409449
0
LINE
8
BLACK
6
CONTINUOUS
10
2.1974485826771653
20
0.4595604724409449
11
2.1947783858267718
21
0.4611021259842519
0
LINE
8
BLACK
6
CONTINUOUS
10
2.1947783858267718
20
0.4611021259842519
11
2.1925981496062992
21
0.4632823622047244
0
LINE
8
BLACK
6
CONTINUOUS
10
2.1925981496062992
20
0.4632823622047244
11
2.1910564960629921
21
0.4659525590551181
0
LINE
8
BLACK
6
CONTINUOUS
10
2.1910564960629921
20
0.4659525590551181
11
2.1902585039370077
21
0.4689307874015748
0
LINE
8
BLACK
6
CONTINUOUS
10
2.1902585039370077
20
0.4689307874015748
11
2.1901574409448816
21
0.4704724409448819
0
LINE
8
BLACK
6
CONTINUOUS
10
2.1901574409448816
20
0.4704724409448819
11
2.1901574409448816
21
0.5137795275590551
0
LINE
8
BLACK
6
CONTINUOUS
10
2.1901574409448816
20
0.5137795275590551
11
2.1902585039370077
21
0.5153211811023622
0
LINE
8
BLACK
6
CONTINUOUS
10
1.8501010236220472
20
0.5153211811023622
11
1.8508990157480314
21
0.5182994094488189
0
LINE
8
BLACK
6
CONTINUOUS
10
1.8508990157480314
20
0.5182994094488189
11
1.8524406692913384
21
0.5209696062992126
0
LINE
8
BLACK
6
CONTINUOUS
10
1.8524406692913384
20
0.5209696062992126
11
1.854620905511811
21
0.523149842519685
0
LINE
8
BLACK
6
CONTINUOUS
10
1.854620905511811
20
0.523149842519685
11
1.8572911023622047
21
0.5246914960629921
0
LINE
8
BLACK
6
CONTINUOUS
10
1.8572911023622047
20
0.5246914960629921
11
1.8602693307086613
21
0.5254894881889763
0
LINE
8
BLACK
6
CONTINUOUS
10
1.8602693307086613
20
0.5254894881889763
11
1.8633526377952756
21
0.5254894881889763
0
LINE
8
BLACK
6
CONTINUOUS
10
1.8633526377952756
20
0.5254894881889763
11
1.8663308661417322
21
0.5246914960629921
0
LINE
8
BLACK
6
CONTINUOUS
10
1.8663308661417322
20
0.5246914960629921
11
1.8690010629921259
21
0.523149842519685
0
LINE
8
BLACK
6
CONTINUOUS
10
1.8690010629921259
20
0.523149842519685
11
1.8711812992125985
21
0.5209696062992126
0
LINE
8
BLACK
6
CONTINUOUS
10
1.8711812992125985
20
0.5209696062992126
11
1.8727229527559055
21
0.5182994094488189
0
LINE
8
BLACK
6
CONTINUOUS
10
1.8727229527559055
20
0.5182994094488189
11
1.8735209448818897
21
0.5153211811023622
0
LINE
8
BLACK
6
CONTINUOUS
10
1.8735209448818897
20
0.5153211811023622
11
1.8736220078740158
21
0.5137795275590551
0
LINE
8
BLACK
6
CONTINUOUS
10
1.8736220078740158
20
0.5137795275590551
11
1.8736220078740158
21
0.4704724409448819
0
LINE
8
BLACK
6
CONTINUOUS
10
1.8736220078740158
20
0.4704724409448819
11
1.8735209448818897
21
0.4689307874015748
0
LINE
8
BLACK
6
CONTINUOUS
10
1.8735209448818897
20
0.4689307874015748
11
1.8727229527559055
21
0.4659525590551181
0
LINE
8
BLACK
6
CONTINUOUS
10
1.8727229527559055
20
0.4659525590551181
11
1.8711812992125985
21
0.4632823622047244
0
LINE
8
BLACK
6
CONTINUOUS
10
1.8711812992125985
20
0.4632823622047244
11
1.8690010629921259
21
0.4611021259842519
0
LINE
8
BLACK
6
CONTINUOUS
10
1.8690010629921259
20
0.4611021259842519
11
1.8663308661417322
21
0.4595604724409449
0
LINE
8
BLACK
6
CONTINUOUS
10
1.8663308661417322
20
0.4595604724409449
11
1.8633526377952756
21
0.4587624803149606
0
LINE
8
BLACK
6
CONTINUOUS
10
1.8633526377952756
20
0.4587624803149606
11
1.8602693307086613
21
0.4587624803149606
0
LINE
8
BLACK
6
CONTINUOUS
10
1.8602693307086613
20
0.4587624803149606
11
1.8572911023622047
21
0.4595604724409449
0
LINE
8
BLACK
6
CONTINUOUS
10
1.8572911023622047
20
0.4595604724409449
11
1.854620905511811
21
0.4611021259842519
0
LINE
8
BLACK
6
CONTINUOUS
10
1.854620905511811
20
0.4611021259842519
11
1.8524406692913384
21
0.4632823622047244
0
LINE
8
BLACK
6
CONTINUOUS
10
1.8524406692913384
20
0.4632823622047244
11
1.8508990157480314
21
0.4659525590551181
0
LINE
8
BLACK
6
CONTINUOUS
10
1.8508990157480314
20
0.4659525590551181
11
1.8501010236220472
21
0.4689307874015748
0
LINE
8
BLACK
6
CONTINUOUS
10
1.8501010236220472
20
0.4689307874015748
11
1.8499999606299211
21
0.4704724409448819
0
LINE
8
BLACK
6
CONTINUOUS
10
1.8499999606299211
20
0.4704724409448819
11
1.8499999606299211
21
0.5137795275590551
0
LINE
8
BLACK
6
CONTINUOUS
10
1.8499999606299211
20
0.5137795275590551
11
1.8501010236220472
21
0.5153211811023622
0
LINE
8
BLACK
6
CONTINUOUS
10
0.8249832283464567
20
2.0804376377952756
11
0.8264136220472441
21
2.0876287401574802
0
LINE
8
BLACK
6
CONTINUOUS
10
0.8264136220472441
20
2.0876287401574802
11
0.8292194488188976
21
2.0944026377952754
0
LINE
8
BLACK
6
CONTINUOUS
10
0.8292194488188976
20
2.0944026377952754
11
0.833292874015748
21
2.1004989763779527
0
LINE
8
BLACK
6
CONTINUOUS
10
0.833292874015748
20
2.1004989763779527
11
0.8384773622047244
21
2.1056834645669289
0
LINE
8
BLACK
6
CONTINUOUS
10
0.8384773622047244
20
2.1056834645669289
11
0.8445737007874016
21
2.1097568897637795
0
LINE
8
BLACK
6
CONTINUOUS
10
0.8445737007874016
20
2.1097568897637795
11
0.8513475984251968
21
2.1125627165354328
0
LINE
8
BLACK
6
CONTINUOUS
10
0.8513475984251968
20
2.1125627165354328
11
0.8585387007874016
21
2.1139931102362204
0
LINE
8
BLACK
6
CONTINUOUS
10
0.8585387007874016
20
2.1139931102362204
11
0.8658706692913386
21
2.1139931102362204
0
LINE
8
BLACK
6
CONTINUOUS
10
0.8658706692913386
20
2.1139931102362204
11
0.8730617716535433
21
2.1125627165354328
0
LINE
8
BLACK
6
CONTINUOUS
10
0.8730617716535433
20
2.1125627165354328
11
0.8798356692913386
21
2.1097568897637795
0
LINE
8
BLACK
6
CONTINUOUS
10
0.8798356692913386
20
2.1097568897637795
11
0.8859320078740157
21
2.1056834645669289
0
LINE
8
BLACK
6
CONTINUOUS
10
0.8859320078740157
20
2.1056834645669289
11
0.8911164960629921
21
2.1004989763779527
0
LINE
8
BLACK
6
CONTINUOUS
10
0.8911164960629921
20
2.1004989763779527
11
0.8951899212598425
21
2.0944026377952754
0
LINE
8
BLACK
6
CONTINUOUS
10
0.8951899212598425
20
2.0944026377952754
11
0.8979957480314961
21
2.0876287401574802
0
LINE
8
BLACK
6
CONTINUOUS
10
0.8979957480314961
20
2.0876287401574802
11
0.8994261417322834
21
2.0804376377952756
0
LINE
8
BLACK
6
CONTINUOUS
10
0.8994261417322834
20
2.0804376377952756
11
0.8996062598425196
21
2.076771653543307
0
LINE
8
BLACK
6
CONTINUOUS
10
0.8996062598425196
20
2.076771653543307
11
0.8996062598425196
21
2.0570866141732282
0
LINE
8
BLACK
6
CONTINUOUS
10
0.8996062598425196
20
2.0570866141732282
11
0.8994261417322834
21
2.0534206299212596
0
LINE
8
BLACK
6
CONTINUOUS
10
0.8994261417322834
20
2.0534206299212596
11
0.8979957480314961
21
2.046229527559055
0
LINE
8
BLACK
6
CONTINUOUS
10
0.8979957480314961
20
2.046229527559055
11
0.8951899212598425
21
2.0394556299212598
0
LINE
8
BLACK
6
CONTINUOUS
10
0.8951899212598425
20
2.0394556299212598
11
0.8911164960629921
21
2.0333592913385825
0
LINE
8
BLACK
6
CONTINUOUS
10
0.8911164960629921
20
2.0333592913385825
11
0.8859320078740157
21
2.0281748031496063
0
LINE
8
BLACK
6
CONTINUOUS
10
0.8859320078740157
20
2.0281748031496063
11
0.8798356692913386
21
2.0241013779527557
0
LINE
8
BLACK
6
CONTINUOUS
10
0.8798356692913386
20
2.0241013779527557
11
0.8730617716535433
21
2.0212955511811024
0
LINE
8
BLACK
6
CONTINUOUS
10
0.8730617716535433
20
2.0212955511811024
11
0.8658706692913386
21
2.0198651574803148
0
LINE
8
BLACK
6
CONTINUOUS
10
0.8658706692913386
20
2.0198651574803148
11
0.8585387007874016
21
2.0198651574803148
0
LINE
8
BLACK
6
CONTINUOUS
10
0.8585387007874016
20
2.0198651574803148
11
0.8513475984251968
21
2.0212955511811024
0
LINE
8
BLACK
6
CONTINUOUS
10
0.8513475984251968
20
2.0212955511811024
11
0.8445737007874016
21
2.0241013779527557
0
LINE
8
BLACK
6
CONTINUOUS
10
0.8445737007874016
20
2.0241013779527557
11
0.8384773622047244
21
2.0281748031496063
0
LINE
8
BLACK
6
CONTINUOUS
10
0.8384773622047244
20
2.0281748031496063
11
0.833292874015748
21
2.0333592913385825
0
LINE
8
BLACK
6
CONTINUOUS
10
0.833292874015748
20
2.0333592913385825
11
0.8292194488188976
21
2.0394556299212598
0
LINE
8
BLACK
6
CONTINUOUS
10
0.8292194488188976
20
2.0394556299212598
11
0.8264136220472441
21
2.046229527559055
0
LINE
8
BLACK
6
CONTINUOUS
10
0.8264136220472441
20
2.046229527559055
11
0.8249832283464567
21
2.0534206299212596
0
LINE
8
BLACK
6
CONTINUOUS
10
0.8249832283464567
20
2.0534206299212596
11
0.8248031102362204
21
2.0570866141732282
0
LINE
8
BLACK
6
CONTINUOUS
10
0.8248031102362204
20
2.0570866141732282
11
0.8248031102362204
21
2.076771653543307
0
LINE
8
BLACK
6
CONTINUOUS
10
0.8248031102362204
20
2.076771653543307
11
0.8249832283464567
21
2.0804376377952756
0
LINE
8
BLACK
6
CONTINUOUS
10
0.7029359842519685
20
2.9662644094488186
11
0.7043663779527559
21
2.9734555118110237
0
LINE
8
BLACK
6
CONTINUOUS
10
0.7043663779527559
20
2.9734555118110237
11
0.7071722047244094
21
2.9802294094488189
0
LINE
8
BLACK
6
CONTINUOUS
10
0.7071722047244094
20
2.9802294094488189
11
0.7112456299212598
21
2.9863257480314962
0
LINE
8
BLACK
6
CONTINUOUS
10
0.7112456299212598
20
2.9863257480314962
11
0.7164301181102362
21
2.9915102362204724
0
LINE
8
BLACK
6
CONTINUOUS
10
0.7164301181102362
20
2.9915102362204724
11
0.7225264566929134
21
2.9955836614173226
0
LINE
8
BLACK
6
CONTINUOUS
10
0.7225264566929134
20
2.9955836614173226
11
0.7293003543307086
21
2.9983894881889763
0
LINE
8
BLACK
6
CONTINUOUS
10
0.7293003543307086
20
2.9983894881889763
11
0.7364914566929134
21
2.9998198818897639
0
LINE
8
BLACK
6
CONTINUOUS
10
0.7364914566929134
20
2.9998198818897639
11
0.7438234251968504
21
2.9998198818897639
0
LINE
8
BLACK
6
CONTINUOUS
10
0.7438234251968504
20
2.9998198818897639
11
0.7510145275590551
21
2.9983894881889763
0
LINE
8
BLACK
6
CONTINUOUS
10
0.7510145275590551
20
2.9983894881889763
11
0.7577884251968504
21
2.9955836614173226
0
LINE
8
BLACK
6
CONTINUOUS
10
0.7577884251968504
20
2.9955836614173226
11
0.7638847637795275
21
2.9915102362204724
0
LINE
8
BLACK
6
CONTINUOUS
10
0.7638847637795275
20
2.9915102362204724
11
0.769069251968504
21
2.9863257480314962
0
LINE
8
BLACK
6
CONTINUOUS
10
0.769069251968504
20
2.9863257480314962
11
0.7731426771653543
21
2.9802294094488189
0
LINE
8
BLACK
6
CONTINUOUS
10
0.7731426771653543
20
2.9802294094488189
11
0.7759485039370079
21
2.9734555118110237
0
LINE
8
BLACK
6
CONTINUOUS
10
0.7759485039370079
20
2.9734555118110237
11
0.7773788976377952
21
2.9662644094488186
0
LINE
8
BLACK
6
CONTINUOUS
10
0.7773788976377952
20
2.9662644094488186
11
0.7775590157480314
21
2.9625984251968505
0
LINE
8
BLACK
6
CONTINUOUS
10
0.7775590157480314
20
2.9625984251968505
11
0.7775590157480314
21
2.9429133858267718
0
LINE
8
BLACK
6
CONTINUOUS
10
0.7775590157480314
20
2.9429133858267718
11
0.7773788976377952
21
2.9392474015748031
0
LINE
8
BLACK
6
CONTINUOUS
10
0.7773788976377952
20
2.9392474015748031
11
0.7759485039370079
21
2.9320562992125985
0
LINE
8
BLACK
6
CONTINUOUS
10
0.7759485039370079
20
2.9320562992125985
11
0.7731426771653543
21
2.9252824015748029
0
LINE
8
BLACK
6
CONTINUOUS
10
0.7731426771653543
20
2.9252824015748029
11
0.769069251968504
21
2.919186062992126
0
LINE
8
BLACK
6
CONTINUOUS
10
0.769069251968504
20
2.919186062992126
11
0.7638847637795275
21
2.9140015748031494
0
LINE
8
BLACK
6
CONTINUOUS
10
0.7638847637795275
20
2.9140015748031494
11
0.7577884251968504
21
2.9099281496062992
0
LINE
8
BLACK
6
CONTINUOUS
10
0.7577884251968504
20
2.9099281496062992
11
0.7510145275590551
21
2.9071223228346454
0
LINE
8
BLACK
6
CONTINUOUS
10
0.7510145275590551
20
2.9071223228346454
11
0.7438234251968504
21
2.9056919291338583
0
LINE
8
BLACK
6
CONTINUOUS
10
0.7438234251968504
20
2.9056919291338583
11
0.7364914566929134
21
2.9056919291338583
0
LINE
8
BLACK
6
CONTINUOUS
10
0.7364914566929134
20
2.9056919291338583
11
0.7293003543307086
21
2.9071223228346454
0
LINE
8
BLACK
6
CONTINUOUS
10
0.7293003543307086
20
2.9071223228346454
11
0.7225264566929134
21
2.9099281496062992
0
LINE
8
BLACK
6
CONTINUOUS
10
0.7225264566929134
20
2.9099281496062992
11
0.7164301181102362
21
2.9140015748031494
0
LINE
8
BLACK
6
CONTINUOUS
10
0.7164301181102362
20
2.9140015748031494
11
0.7112456299212598
21
2.919186062992126
0
LINE
8
BLACK
6
CONTINUOUS
10
0.7112456299212598
20
2.919186062992126
11
0.7071722047244094
21
2.9252824015748029
0
LINE
8
BLACK
6
CONTINUOUS
10
0.7071722047244094
20
2.9252824015748029
11
0.7043663779527559
21
2.9320562992125985
0
LINE
8
BLACK
6
CONTINUOUS
10
0.7043663779527559
20
2.9320562992125985
11
0.7029359842519685
21
2.9392474015748031
0
LINE
8
BLACK
6
CONTINUOUS
10
0.7029359842519685
20
2.9392474015748031
11
0.7027558661417322
21
2.9429133858267718
0
LINE
8
BLACK
6
CONTINUOUS
10
0.7027558661417322
20
2.9429133858267718
11
0.7027558661417322
21
2.9625984251968505
0
LINE
8
BLACK
6
CONTINUOUS
10
0.7027558661417322
20
2.9625984251968505
11
0.7029359842519685
21
2.9662644094488186
0
CIRCLE
8
BLACK
10
2.3055118110236221
20
0.4
40
0.0068897637795276
0
CIRCLE
8
BLACK
10
2.3331867716535433
20
0.4668132283464567
40
0.0068897637795276
0
CIRCLE
8
BLACK
10
2.3331867716535433
20
0.3331867716535433
40
0.0068897637795276
0
CIRCLE
8
BLACK
10
2.3999999999999999
20
0.4944881889763779
40
0.0068897637795276
0
CIRCLE
8
BLACK
10
2.3999999999999999
20
0.4
40
0.0068897637795276
0
CIRCLE
8
BLACK
10
2.3999999999999999
20
0.305511811023622
40
0.0068897637795276
0
CIRCLE
8
BLACK
10
2.4668132283464566
20
0.4668132283464567
40
0.0068897637795276
0
CIRCLE
8
BLACK
10
2.4668132283464566
20
0.3331867716535433
40
0.0068897637795276
0
CIRCLE
8
BLACK
10
2.4944881889763777
20
0.4
40
0.0068897637795276
0
CIRCLE
8
BLACK
10
3.192913346456693
20
0.2897637795275591
40
0.0068897637795276
0
CIRCLE
8
BLACK
10
3.0929133464566929
20
0.2897637795275591
40
0.0068897637795276
0
CIRCLE
8
BLACK
10
3.1929133858267718
20
0.389763779527559
40
0.0068897637795276
0
CIRCLE
8
BLACK
10
3.0929133070866142
20
0.389763779527559
40
0.0068897637795276
0
CIRCLE
8
BLACK
10
3.192913346456693
20
0.4897637795275591
40
0.0068897637795276
0
CIRCLE
8
BLACK
10
3.0929133464566929
20
0.4897637795275591
40
0.0068897637795276
0
CIRCLE
8
BLACK
10
-0.5275590944881889
20
0.7070866141732284
40
0.0068897637795276
0
CIRCLE
8
BLACK
10
-0.6275590944881889
20
0.7070866141732284
40
0.0068897637795276
0
CIRCLE
8
BLACK
10
-0.5275590551181102
20
0.8070866141732284
40
0.0068897637795276
0
CIRCLE
8
BLACK
10
-0.6275591338582677
20
0.8070866141732284
40
0.0068897637795276
0
CIRCLE
8
BLACK
10
-0.5275590944881889
20
0.9070866141732283
40
0.0068897637795276
0
CIRCLE
8
BLACK
10
-0.6275590944881889
20
0.9070866141732283
40
0.0068897637795276
0
CIRCLE
8
BLACK
10
0.305511811023622
20
0.4
40
0.0068897637795276
0
CIRCLE
8
BLACK
10
0.3331867716535433
20
0.4668132283464567
40
0.0068897637795276
0
CIRCLE
8
BLACK
10
0.3331867716535433
20
0.3331867716535433
40
0.0068897637795276
0
CIRCLE
8
BLACK
10
0.4
20
0.4944881889763779
40
0.0068897637795276
0
CIRCLE
8
BLACK
10
0.4
20
0.4
40
0.0068897637795276
0
CIRCLE
8
BLACK
10
0.4
20
0.305511811023622
40
0.0068897637795276
0
CIRCLE
8
BLACK
10
0.4668132283464567
20
0.4668132283464567
40
0.0068897637795276
0
CIRCLE
8
BLACK
10
0.4668132283464567
20
0.3331867716535433
40
0.0068897637795276
0
CIRCLE
8
BLACK
10
0.4944881889763779
20
0.4
40
0.0068897637795276
0
CIRCLE
8
BLACK
10
0.305511811023622
20
2.
40
0.0068897637795276
0
CIRCLE
8
BLACK
10
0.3331867716535433
20
2.0668132283464566
40
0.0068897637795276
0
CIRCLE
8
BLACK
10
0.3331867716535433
20
1.9331867716535434
40
0.0068897637795276
0
CIRCLE
8
BLACK
10
0.4
20
2.0944881889763778
40
0.0068897637795276
0
CIRCLE
8
BLACK
10
0.4
20
2.
40
0.0068897637795276
0
CIRCLE
8
BLACK
10
0.4
20
1.905511811023622
40
0.0068897637795276
0
CIRCLE
8
BLACK
10
0.4668132283464567
20
2.0668132283464566
40
0.0068897637795276
0
CIRCLE
8
BLACK
10
0.4668132283464567
20
1.9331867716535434
40
0.0068897637795276
0
CIRCLE
8
BLACK
10
0.4944881889763779
20
2.
40
0.0068897637795276
0
CIRCLE
8
BLACK
10
4.0885826771653546
20
1.3421259842519684
40
0.0068897637795276
0
CIRCLE
8
BLACK
10
4.1885826771653543
20
1.3421259842519684
40
0.0068897637795276
0
CIRCLE
8
BLACK
10
4.0885826771653546
20
1.2421259842519685
40
0.0068897637795276
0
CIRCLE
8
BLACK
10
4.1885826771653543
20
1.2421259842519685
40
0.0068897637795276
0
CIRCLE
8
BLACK
10
4.0885826771653546
20
1.1421259842519684
40
0.0068897637795276
0
CIRCLE
8
BLACK
10
4.1885826771653543
20
1.1421259842519684
40
0.0068897637795276
0
CIRCLE
8
WHITE
10
0.6283464566929133
20
0.3645669291338582
40
0.0068897637795276
0
CIRCLE
8
WHITE
10
0.6283464566929133
20
0.4645669291338583
40
0.0068897637795276
0
CIRCLE
8
WHITE
10
0.7283464566929134
20
0.3645669291338582
40
0.0068897637795276
0
CIRCLE
8
WHITE
10
0.7283464566929134
20
0.4645669291338583
40
0.0068897637795276
0
CIRCLE
8
WHITE
10
0.8283464566929134
20
0.3645669291338582
40
0.0068897637795276
0
CIRCLE
8
WHITE
10
0.8283464566929134
20
0.4645669291338583
40
0.0068897637795276
0
CIRCLE
8
WHITE
10
0.9283464566929134
20
0.3645668897637795
40
0.0068897637795276
0
CIRCLE
8
WHITE
10
0.9283464566929134
20
0.464566968503937
40
0.0068897637795276
0
CIRCLE
8
WHITE
10
1.0283464566929135
20
0.3645669291338582
40
0.0068897637795276
0
CIRCLE
8
WHITE
10
1.0283464566929135
20
0.4645669291338583
40
0.0068897637795276
0
CIRCLE
8
WHITE
10
1.1283464566929133
20
0.3645669291338582
40
0.0068897637795276
0
CIRCLE
8
WHITE
10
1.1283464566929133
20
0.4645669291338583
40
0.0068897637795276
0
CIRCLE
8
WHITE
10
1.2283464566929134
20
0.3645669291338582
40
0.0068897637795276
0
CIRCLE
8
WHITE
10
1.2283464566929134
20
0.4645669291338583
40
0.0068897637795276
0
CIRCLE
8
WHITE
10
1.3283464566929133
20
0.3645669291338582
40
0.0068897637795276
0
CIRCLE
8
WHITE
10
1.3283464566929133
20
0.4645669291338583
40
0.0068897637795276
0
CIRCLE
8
WHITE
10
1.4283464566929134
20
0.3645668897637795
40
0.0068897637795276
0
CIRCLE
8
WHITE
10
1.4283464566929134
20
0.464566968503937
40
0.0068897637795276
0
CIRCLE
8
WHITE
10
1.5283464566929132
20
0.3645669291338582
40
0.0068897637795276
0
CIRCLE
8
WHITE
10
1.5283464566929132
20
0.4645669291338583
40
0.0068897637795276
0
CIRCLE
8
WHITE
10
1.6283464566929133
20
0.3645669291338582
40
0.0068897637795276
0
CIRCLE
8
WHITE
10
1.6283464566929133
20
0.4645669291338583
40
0.0068897637795276
0
CIRCLE
8
WHITE
10
1.7283464566929134
20
0.3645669291338582
40
0.0068897637795276
0
CIRCLE
8
WHITE
10
1.7283464566929134
20
0.4645669291338583
40
0.0068897637795276
0
CIRCLE
8
WHITE
10
0.4188976377952756
20
0.6535433070866141
40
0.0068897637795276
0
CIRCLE
8
WHITE
10
0.3188976377952756
20
0.6535433070866141
40
0.0068897637795276
0
CIRCLE
8
WHITE
10
0.4188976377952756
20
0.7535433070866142
40
0.0068897637795276
0
CIRCLE
8
WHITE
10
0.3188976377952756
20
0.7535433070866142
40
0.0068897637795276
0
CIRCLE
8
WHITE
10
0.4188976377952756
20
0.8535433070866142
40
0.0068897637795276
0
CIRCLE
8
WHITE
10
0.3188976377952756
20
0.8535433070866142
40
0.0068897637795276
0
CIRCLE
8
WHITE
10
0.4188976771653543
20
0.9535433070866142
40
0.0068897637795276
0
CIRCLE
8
WHITE
10
0.3188975984251968
20
0.9535433070866142
40
0.0068897637795276
0
CIRCLE
8
WHITE
10
0.4188976377952756
20
1.0535433070866143
40
0.0068897637795276
0
CIRCLE
8
WHITE
10
0.3188976377952756
20
1.0535433070866143
40
0.0068897637795276
0
CIRCLE
8
WHITE
10
0.4188976377952756
20
1.1535433070866141
40
0.0068897637795276
0
CIRCLE
8
WHITE
10
0.3188976377952756
20
1.1535433070866141
40
0.0068897637795276
0
CIRCLE
8
WHITE
10
0.4188976377952756
20
1.2535433070866142
40
0.0068897637795276
0
CIRCLE
8
WHITE
10
0.3188976377952756
20
1.2535433070866142
40
0.0068897637795276
0
CIRCLE
8
WHITE
10
0.4188976377952756
20
1.3535433070866141
40
0.0068897637795276
0
CIRCLE
8
WHITE
10
0.3188976377952756
20
1.3535433070866141
40
0.0068897637795276
0
CIRCLE
8
WHITE
10
0.4188976771653543
20
1.4535433070866142
40
0.0068897637795276
0
CIRCLE
8
WHITE
10
0.3188975984251968
20
1.4535433070866142
40
0.0068897637795276
0
CIRCLE
8
WHITE
10
0.4188976377952756
20
1.553543307086614
40
0.0068897637795276
0
CIRCLE
8
WHITE
10
0.3188976377952756
20
1.553543307086614
40
0.0068897637795276
0
CIRCLE
8
WHITE
10
0.4188976377952756
20
1.6535433070866141
40
0.0068897637795276
0
CIRCLE
8
WHITE
10
0.3188976377952756
20
1.6535433070866141
40
0.0068897637795276
0
CIRCLE
8
WHITE
10
0.4188976377952756
20
1.7535433070866142
40
0.0068897637795276
0
CIRCLE
8
WHITE
10
0.3188976377952756
20
1.7535433070866142
40
0.0068897637795276
0
CIRCLE
8
WHITE
10
2.3622047244094486
20
1.7488188976377952
40
0.0068897637795276
0
CIRCLE
8
WHITE
10
2.4622047244094487
20
1.7488188976377952
40
0.0068897637795276
0
CIRCLE
8
WHITE
10
2.3622047244094486
20
1.6488188976377953
40
0.0068897637795276
0
CIRCLE
8
WHITE
10
2.4622047244094487
20
1.6488188976377953
40
0.0068897637795276
0
CIRCLE
8
WHITE
10
2.3622047244094486
20
1.5488188976377952
40
0.0068897637795276
0
CIRCLE
8
WHITE
10
2.4622047244094487
20
1.5488188976377952
40
0.0068897637795276
0
CIRCLE
8
WHITE
10
2.3622047244094486
20
1.4488188976377951
40
0.0068897637795276
0
CIRCLE
8
WHITE
10
2.4622047244094487
20
1.4488188976377951
40
0.0068897637795276
0
CIRCLE
8
WHITE
10
2.3622047244094486
20
1.3488188976377953
40
0.0068897637795276
0
CIRCLE
8
WHITE
10
2.4622047244094487
20
1.3488188976377953
40
0.0068897637795276
0
CIRCLE
8
WHITE
10
2.3622047244094486
20
1.2488188976377952
40
0.0068897637795276
0
CIRCLE
8
WHITE
10
2.4622047244094487
20
1.2488188976377952
40
0.0068897637795276
0
CIRCLE
8
WHITE
10
2.3622047244094486
20
1.1488188976377953
40
0.0068897637795276
0
CIRCLE
8
WHITE
10
2.4622047244094487
20
1.1488188976377953
40
0.0068897637795276
0
CIRCLE
8
WHITE
10
2.3622047244094486
20
1.0488188976377952
40
0.0068897637795276
0
CIRCLE
8
WHITE
10
2.4622047244094487
20
1.0488188976377952
40
0.0068897637795276
0
CIRCLE
8
WHITE
10
2.3622047244094486
20
0.9488188976377953
40
0.0068897637795276
0
CIRCLE
8
WHITE
10
2.4622047244094487
20
0.9488188976377953
40
0.0068897637795276
0
CIRCLE
8
WHITE
10
2.3622047244094486
20
0.8488188976377953
40
0.0068897637795276
0
CIRCLE
8
WHITE
10
2.4622047244094487
20
0.8488188976377953
40
0.0068897637795276
0
CIRCLE
8
WHITE
10
2.3622047244094486
20
0.7488188976377953
40
0.0068897637795276
0
CIRCLE
8
WHITE
10
2.4622047244094487
20
0.7488188976377953
40
0.0068897637795276
0
CIRCLE
8
WHITE
10
2.3622047244094486
20
0.6488188976377952
40
0.0068897637795276
0
CIRCLE
8
WHITE
10
2.4622047244094487
20
0.6488188976377952
40
0.0068897637795276
0
CIRCLE
8
BLACK
10
2.1535432677165356
20
0.8944881889763779
40
0.0068897637795276
0
CIRCLE
8
BLACK
10
2.0535432677165355
20
0.8944881889763779
40
0.0068897637795276
0
CIRCLE
8
BLACK
10
2.1535432677165356
20
0.9944881889763779
40
0.0068897637795276
0
CIRCLE
8
BLACK
10
2.0535432677165355
20
0.9944881889763779
40
0.0068897637795276
0
CIRCLE
8
BLACK
10
2.1535433070866143
20
1.094488188976378
40
0.0068897637795276
0
CIRCLE
8
BLACK
10
2.0535432283464568
20
1.094488188976378
40
0.0068897637795276
0
CIRCLE
8
BLACK
10
2.1535432677165356
20
1.1944881889763779
40
0.0068897637795276
0
CIRCLE
8
BLACK
10
2.0535432677165355
20
1.1944881889763779
40
0.0068897637795276
0
CIRCLE
8
BLACK
10
2.1535432677165356
20
1.294488188976378
40
0.0068897637795276
0
CIRCLE
8
BLACK
10
2.0535432677165355
20
1.294488188976378
40
0.0068897637795276
0
CIRCLE
8
BLACK
10
2.3055118110236221
20
2.
40
0.0068897637795276
0
CIRCLE
8
BLACK
10
2.3331867716535433
20
2.0668132283464566
40
0.0068897637795276
0
CIRCLE
8
BLACK
10
2.3331867716535433
20
1.9331867716535434
40
0.0068897637795276
0
CIRCLE
8
BLACK
10
2.3999999999999999
20
2.0944881889763778
40
0.0068897637795276
0
CIRCLE
8
BLACK
10
2.3999999999999999
20
2.
40
0.0068897637795276
0
CIRCLE
8
BLACK
10
2.3999999999999999
20
1.905511811023622
40
0.0068897637795276
0
CIRCLE
8
BLACK
10
2.4668132283464566
20
2.0668132283464566
40
0.0068897637795276
0
CIRCLE
8
BLACK
10
2.4668132283464566
20
1.9331867716535434
40
0.0068897637795276
0
CIRCLE
8
BLACK
10
2.4944881889763777
20
2.
40
0.0068897637795276
0
CIRCLE
8
BLACK
10
2.1456692913385824
20
0.4724409448818898
40
0.0068897637795276
0
CIRCLE
8
BLACK
10
1.918110157480315
20
0.4724409448818898
40
0.0068897637795276
0
LINE
8
BLACK
6
CONTINUOUS
10
2.2137794881889765
20
0.3118110236220472
11
2.2137794881889765
21
0.3433070866141732
0
ARC
8
BLACK
10
2.2019684645669293
20
0.3433070866141732
40
0.0118110236220472
50
0.00000000
51
180.00000000
0
LINE
8
BLACK
6
CONTINUOUS
10
2.1901574409448816
20
0.3433070866141732
11
2.1901574409448816
21
0.3118110236220472
0
ARC
8
BLACK
10
2.2019684645669293
20
0.3118110236220472
40
0.0118110236220472
50
180.00000000
51
360.00000000
0
LINE
8
BLACK
6
CONTINUOUS
10
1.8736220078740158
20
0.3118110236220472
11
1.8736220078740158
21
0.3433070866141732
0
ARC
8
BLACK
10
1.8618109842519686
20
0.3433070866141732
40
0.0118110236220472
50
0.00000000
51
180.00000000
0
LINE
8
BLACK
6
CONTINUOUS
10
1.8499999606299211
20
0.3433070866141732
11
1.8499999606299211
21
0.3118110236220472
0
ARC
8
BLACK
10
1.8618109842519686
20
0.3118110236220472
40
0.0118110236220472
50
180.00000000
51
360.00000000
0
LINE
8
BLACK
6
CONTINUOUS
10
2.2137794881889765
20
0.4704724409448819
11
2.2137794881889765
21
0.5137795275590551
0
ARC
8
BLACK
10
2.2019684645669293
20
0.5137795275590551
40
0.0118110236220472
50
0.00000000
51
180.00000000
0
LINE
8
BLACK
6
CONTINUOUS
10
2.1901574409448816
20
0.5137795275590551
11
2.1901574409448816
21
0.4704724409448819
0
ARC
8
BLACK
10
2.2019684645669293
20
0.4704724409448819
40
0.0118110236220472
50
180.00000000
51
360.00000000
0
LINE
8
BLACK
6
CONTINUOUS
10
1.8736220078740158
20
0.4704724409448819
11
1.8736220078740158
21
0.5137795275590551
0
ARC
8
BLACK
10
1.8618109842519686
20
0.5137795275590551
40
0.0118110236220472
50
0.00000000
51
180.00000000
0
LINE
8
BLACK
6
CONTINUOUS
10
1.8499999606299211
20
0.5137795275590551
11
1.8499999606299211
21
0.4704724409448819
0
ARC
8
BLACK
10
1.8618109842519686
20
0.4704724409448819
40
0.0118110236220472
50
180.00000000
51
360.00000000
0
LINE
8
BLACK
6
CONTINUOUS
10
0.8996062204724409
20
2.0570866141732282
11
0.8996062204724409
21
2.076771653543307
0
ARC
8
BLACK
10
0.8622046850393701
20
2.076771653543307
40
0.0374015354330709
50
0.00000000
51
180.00000000
0
LINE
8
BLACK
6
CONTINUOUS
10
0.8248031496062992
20
2.076771653543307
11
0.8248031496062992
21
2.0570866141732282
0
ARC
8
BLACK
10
0.8622046850393701
20
2.0570866141732282
40
0.0374015354330709
50
180.00000000
51
360.00000000
0
LINE
8
BLACK
6
CONTINUOUS
10
0.7775589763779528
20
2.9429133858267718
11
0.7775589763779528
21
2.9625984251968505
0
ARC
8
BLACK
10
0.7401574409448819
20
2.9625984251968505
40
0.0374015354330709
50
0.00000000
51
180.00000000
0
LINE
8
BLACK
6
CONTINUOUS
10
0.702755905511811
20
2.9625984251968505
11
0.702755905511811
21
2.9429133858267718
0
ARC
8
BLACK
10
0.7401574409448819
20
2.9429133858267718
40
0.0374015354330709
50
180.00000000
51
360.00000000
  0
ENDSEC
  0
EOF
