  0
SECTION
  2
HEADER
  9
$ANGBASE
  50
0.0
  9
$ANGDIR
  70
1
  9
$MEASUREMENT
  70
0
  0
ENDSEC
  0
SECTION
  2
TABLES
  0
TABLE
  2
LTYPE
  70
4
  0
LTYPE
  5
40F
  2
CONTINUOUS
  70
0
  3
Solid line
  72
65
  73
0
  40
0.0
  0
LTYPE
  5
410
  2
DASHDOT
 70
0
  3
Dash Dot ____ _ ____ _
 72
65
 73
4
 40
2.0
 49
1.25
 49
-0.25
 49
0.25
 49
-0.25
  0
LTYPE
  5
411
  2
DASHED
 70
0
  3
Dashed __ __ __ __ __
 72
65
 73
2
 40
0.75
 49
0.5
 49
-0.25
  0
LTYPE
  5
43B
  2
DOTTED
 70
0
  3
Dotted .  .  .  .
 72
65
 73
2
 40
0.2
 49
0.0
 49
-0.2
  0
ENDTAB
  0
TABLE
  2
STYLE
  70
4
  0
STYLE
  2
KICAD
  70
0
  40
0
  41
1
  42
1
  50
0
  71
0
  3
isocp.shx
  0
STYLE
  2
KICADB
  70
0
  40
0
  41
1
  42
1
  50
0
  71
0
  3
isocp.shx
  0
STYLE
  2
KICADI
  70
0
  40
0
  41
1
  42
1
  50
15
  71
0
  3
isocp.shx
  0
STYLE
  2
KICADBI
  70
0
  40
0
  41
1
  42
1
  50
15
  71
0
  3
isocp.shx
  0
ENDTAB
  0
TABLE
  2
LAYER
  70
1
  0
LAYER
  2
BLACK
  70
0
  62
7
  6
CONTINUOUS
  0
ENDTAB
  0
ENDSEC
  0
SECTION
  2
ENTITIES
0
LINE
8
BLACK
6
CONTINUOUS
10
0.9336537401574803
20
0.932171811023622
11
0.936323937007874
21
0.930630157480315
0
LINE
8
BLACK
6
CONTINUOUS
10
0.936323937007874
20
0.930630157480315
11
0.9385041732283464
21
0.9284499212598425
0
LINE
8
BLACK
6
CONTINUOUS
10
0.9385041732283464
20
0.9284499212598425
11
0.9400458267716535
21
0.9257797244094488
0
LINE
8
BLACK
6
CONTINUOUS
10
0.9400458267716535
20
0.9257797244094488
11
0.9408438188976378
21
0.9228014960629921
0
LINE
8
BLACK
6
CONTINUOUS
10
0.9408438188976378
20
0.9228014960629921
11
0.9408438188976378
21
0.9197181889763779
0
LINE
8
BLACK
6
CONTINUOUS
10
0.9408438188976378
20
0.9197181889763779
11
0.9400458267716535
21
0.9167399606299212
0
LINE
8
BLACK
6
CONTINUOUS
10
0.9400458267716535
20
0.9167399606299212
11
0.9385041732283464
21
0.9140697637795275
0
LINE
8
BLACK
6
CONTINUOUS
10
0.9385041732283464
20
0.9140697637795275
11
0.936323937007874
21
0.9118895275590551
0
LINE
8
BLACK
6
CONTINUOUS
10
0.936323937007874
20
0.9118895275590551
11
0.934251968503937
21
0.9106932677165354
0
LINE
8
BLACK
6
CONTINUOUS
10
0.934251968503937
20
0.9106932677165354
11
0.934251968503937
21
0.4618898031496063
0
LINE
8
BLACK
6
CONTINUOUS
10
0.934251968503937
20
0.4618898031496063
11
0.9583464566929134
21
0.4618898031496063
0
LINE
8
BLACK
6
CONTINUOUS
10
0.9583464566929134
20
0.4618898031496063
11
0.9583464566929134
21
0.4018898031496063
0
LINE
8
BLACK
6
CONTINUOUS
10
0.9583464566929134
20
0.4018898031496063
11
0.934251968503937
21
0.4018898031496063
0
LINE
8
BLACK
6
CONTINUOUS
10
0.934251968503937
20
0.4018898031496063
11
0.934251968503937
21
0.3618897244094488
0
LINE
8
BLACK
6
CONTINUOUS
10
0.934251968503937
20
0.3618897244094488
11
0.9583464566929134
21
0.3618897244094488
0
LINE
8
BLACK
6
CONTINUOUS
10
0.9583464566929134
20
0.3618897244094488
11
0.9583464566929134
21
0.3018897244094488
0
LINE
8
BLACK
6
CONTINUOUS
10
0.9583464566929134
20
0.3018897244094488
11
0.8983464566929134
21
0.3018897244094488
0
LINE
8
BLACK
6
CONTINUOUS
10
0.8983464566929134
20
0.3018897244094488
11
0.8983464566929134
21
0.3618897244094488
0
LINE
8
BLACK
6
CONTINUOUS
10
0.8983464566929134
20
0.3618897244094488
11
0.9224409448818898
21
0.3618897244094488
0
LINE
8
BLACK
6
CONTINUOUS
10
0.9224409448818898
20
0.3618897244094488
11
0.9224409448818898
21
0.4018898031496063
0
LINE
8
BLACK
6
CONTINUOUS
10
0.9224409448818898
20
0.4018898031496063
11
0.8983464566929134
21
0.4018898031496063
0
LINE
8
BLACK
6
CONTINUOUS
10
0.8983464566929134
20
0.4018898031496063
11
0.8983464566929134
21
0.4618898031496063
0
LINE
8
BLACK
6
CONTINUOUS
10
0.8983464566929134
20
0.4618898031496063
11
0.9224409448818898
21
0.4618898031496063
0
LINE
8
BLACK
6
CONTINUOUS
10
0.9224409448818898
20
0.4618898031496063
11
0.9224409448818898
21
0.9116025196850394
0
LINE
8
BLACK
6
CONTINUOUS
10
0.9224409448818898
20
0.9116025196850394
11
0.921943779527559
21
0.9118895275590551
0
LINE
8
BLACK
6
CONTINUOUS
10
0.921943779527559
20
0.9118895275590551
11
0.9197635433070865
21
0.9140697637795275
0
LINE
8
BLACK
6
CONTINUOUS
10
0.9197635433070865
20
0.9140697637795275
11
0.9182218897637795
21
0.9167399606299212
0
LINE
8
BLACK
6
CONTINUOUS
10
0.9182218897637795
20
0.9167399606299212
11
0.9174238976377953
21
0.9197181889763779
0
LINE
8
BLACK
6
CONTINUOUS
10
0.9174238976377953
20
0.9197181889763779
11
0.9174238976377953
21
0.9228014960629921
0
LINE
8
BLACK
6
CONTINUOUS
10
0.9174238976377953
20
0.9228014960629921
11
0.9182218897637795
21
0.9257797244094488
0
LINE
8
BLACK
6
CONTINUOUS
10
0.9182218897637795
20
0.9257797244094488
11
0.9197635433070865
21
0.9284499212598425
0
LINE
8
BLACK
6
CONTINUOUS
10
0.9197635433070865
20
0.9284499212598425
11
0.921943779527559
21
0.930630157480315
0
LINE
8
BLACK
6
CONTINUOUS
10
0.921943779527559
20
0.930630157480315
11
0.9246139763779527
21
0.932171811023622
0
LINE
8
BLACK
6
CONTINUOUS
10
0.9246139763779527
20
0.932171811023622
11
0.9275922047244094
21
0.9329698031496063
0
LINE
8
BLACK
6
CONTINUOUS
10
0.9275922047244094
20
0.9329698031496063
11
0.9306755118110236
21
0.9329698031496063
0
LINE
8
BLACK
6
CONTINUOUS
10
0.9306755118110236
20
0.9329698031496063
11
0.9336537401574803
21
0.932171811023622
0
LINE
8
BLACK
6
CONTINUOUS
10
1.5717653543307086
20
1.4355915748031496
11
1.5744355511811023
21
1.4340499212598425
0
LINE
8
BLACK
6
CONTINUOUS
10
1.5744355511811023
20
1.4340499212598425
11
1.5766157874015747
21
1.43186968503937
0
LINE
8
BLACK
6
CONTINUOUS
10
1.5766157874015747
20
1.43186968503937
11
1.5781574409448818
21
1.4291994881889762
0
LINE
8
BLACK
6
CONTINUOUS
10
1.5781574409448818
20
1.4291994881889762
11
1.5789554330708662
21
1.4262212598425197
0
LINE
8
BLACK
6
CONTINUOUS
10
1.5789554330708662
20
1.4262212598425197
11
1.5789554330708662
21
1.4231379527559054
0
LINE
8
BLACK
6
CONTINUOUS
10
1.5789554330708662
20
1.4231379527559054
11
1.5781574409448818
21
1.4201597244094488
0
LINE
8
BLACK
6
CONTINUOUS
10
1.5781574409448818
20
1.4201597244094488
11
1.5766157874015747
21
1.4174895275590551
0
LINE
8
BLACK
6
CONTINUOUS
10
1.5766157874015747
20
1.4174895275590551
11
1.5744355511811023
21
1.4153092913385827
0
LINE
8
BLACK
6
CONTINUOUS
10
1.5744355511811023
20
1.4153092913385827
11
1.5728346456692912
21
1.414385
0
LINE
8
BLACK
6
CONTINUOUS
10
1.5728346456692912
20
1.414385
11
1.5728346456692912
21
1.0236220472440944
0
LINE
8
BLACK
6
CONTINUOUS
10
1.5728346456692912
20
1.0236220472440944
11
1.5727211811023623
21
1.0224699606299212
0
LINE
8
BLACK
6
CONTINUOUS
10
1.5727211811023623
20
1.0224699606299212
11
1.5718394094488188
21
1.0203411417322834
0
LINE
8
BLACK
6
CONTINUOUS
10
1.5718394094488188
20
1.0203411417322834
11
1.5711049606299212
21
1.0194462204724408
0
LINE
8
BLACK
6
CONTINUOUS
10
1.5711049606299212
20
1.0194462204724408
11
1.434251968503937
21
0.8825932283464567
0
LINE
8
BLACK
6
CONTINUOUS
10
1.434251968503937
20
0.8825932283464567
11
1.434251968503937
21
0.4618898031496063
0
LINE
8
BLACK
6
CONTINUOUS
10
1.434251968503937
20
0.4618898031496063
11
1.4583464566929134
21
0.4618898031496063
0
LINE
8
BLACK
6
CONTINUOUS
10
1.4583464566929134
20
0.4618898031496063
11
1.4583464566929134
21
0.4018898031496063
0
LINE
8
BLACK
6
CONTINUOUS
10
1.4583464566929134
20
0.4018898031496063
11
1.434251968503937
21
0.4018898031496063
0
LINE
8
BLACK
6
CONTINUOUS
10
1.434251968503937
20
0.4018898031496063
11
1.434251968503937
21
0.3618897244094488
0
LINE
8
BLACK
6
CONTINUOUS
10
1.434251968503937
20
0.3618897244094488
11
1.4583464566929134
21
0.3618897244094488
0
LINE
8
BLACK
6
CONTINUOUS
10
1.4583464566929134
20
0.3618897244094488
11
1.4583464566929134
21
0.3018897244094488
0
LINE
8
BLACK
6
CONTINUOUS
10
1.4583464566929134
20
0.3018897244094488
11
1.3983464566929134
21
0.3018897244094488
0
LINE
8
BLACK
6
CONTINUOUS
10
1.3983464566929134
20
0.3018897244094488
11
1.3983464566929134
21
0.3618897244094488
0
LINE
8
BLACK
6
CONTINUOUS
10
1.3983464566929134
20
0.3618897244094488
11
1.4224409448818898
21
0.3618897244094488
0
LINE
8
BLACK
6
CONTINUOUS
10
1.4224409448818898
20
0.3618897244094488
11
1.4224409448818898
21
0.4018898031496063
0
LINE
8
BLACK
6
CONTINUOUS
10
1.4224409448818898
20
0.4018898031496063
11
1.3983464566929134
21
0.4018898031496063
0
LINE
8
BLACK
6
CONTINUOUS
10
1.3983464566929134
20
0.4018898031496063
11
1.3983464566929134
21
0.4618898031496063
0
LINE
8
BLACK
6
CONTINUOUS
10
1.3983464566929134
20
0.4618898031496063
11
1.4224409448818898
21
0.4618898031496063
0
LINE
8
BLACK
6
CONTINUOUS
10
1.4224409448818898
20
0.4618898031496063
11
1.4224409448818898
21
0.8850393700787401
0
LINE
8
BLACK
6
CONTINUOUS
10
1.4224409448818898
20
0.8850393700787401
11
1.4225544094488189
21
0.8861914960629921
0
LINE
8
BLACK
6
CONTINUOUS
10
1.4225544094488189
20
0.8861914960629921
11
1.4231931102362205
21
0.8877334251968504
0
LINE
8
BLACK
6
CONTINUOUS
10
1.4231931102362205
20
0.8877334251968504
11
1.4234361811023621
21
0.8883202755905512
0
LINE
8
BLACK
6
CONTINUOUS
10
1.4234361811023621
20
0.8883202755905512
11
1.4241706299212598
21
0.8892151968503936
0
LINE
8
BLACK
6
CONTINUOUS
10
1.4241706299212598
20
0.8892151968503936
11
1.561023622047244
21
1.0260681889763779
0
LINE
8
BLACK
6
CONTINUOUS
10
1.561023622047244
20
1.0260681889763779
11
1.561023622047244
21
1.41475031496063
0
LINE
8
BLACK
6
CONTINUOUS
10
1.561023622047244
20
1.41475031496063
11
1.5600553937007873
21
1.4153092913385827
0
LINE
8
BLACK
6
CONTINUOUS
10
1.5600553937007873
20
1.4153092913385827
11
1.5578751574803149
21
1.4174895275590551
0
LINE
8
BLACK
6
CONTINUOUS
10
1.5578751574803149
20
1.4174895275590551
11
1.5563335039370079
21
1.4201597244094488
0
LINE
8
BLACK
6
CONTINUOUS
10
1.5563335039370079
20
1.4201597244094488
11
1.5555355118110237
21
1.4231379527559054
0
LINE
8
BLACK
6
CONTINUOUS
10
1.5555355118110237
20
1.4231379527559054
11
1.5555355118110237
21
1.4262212598425197
0
LINE
8
BLACK
6
CONTINUOUS
10
1.5555355118110237
20
1.4262212598425197
11
1.5563335039370079
21
1.4291994881889762
0
LINE
8
BLACK
6
CONTINUOUS
10
1.5563335039370079
20
1.4291994881889762
11
1.5578751574803149
21
1.43186968503937
0
LINE
8
BLACK
6
CONTINUOUS
10
1.5578751574803149
20
1.43186968503937
11
1.5600553937007873
21
1.4340499212598425
0
LINE
8
BLACK
6
CONTINUOUS
10
1.5600553937007873
20
1.4340499212598425
11
1.562725590551181
21
1.4355915748031496
0
LINE
8
BLACK
6
CONTINUOUS
10
1.562725590551181
20
1.4355915748031496
11
1.5657038188976378
21
1.4363895669291338
0
LINE
8
BLACK
6
CONTINUOUS
10
1.5657038188976378
20
1.4363895669291338
11
1.5687871259842519
21
1.4363895669291338
0
LINE
8
BLACK
6
CONTINUOUS
10
1.5687871259842519
20
1.4363895669291338
11
1.5717653543307086
21
1.4355915748031496
0
LINE
8
BLACK
6
CONTINUOUS
10
1.605307283464567
20
1.4242977952755904
11
1.6079774803149607
21
1.4227561417322834
0
LINE
8
BLACK
6
CONTINUOUS
10
1.6079774803149607
20
1.4227561417322834
11
1.610157716535433
21
1.420575905511811
0
LINE
8
BLACK
6
CONTINUOUS
10
1.610157716535433
20
1.420575905511811
11
1.6116993700787401
21
1.4179057086614173
0
LINE
8
BLACK
6
CONTINUOUS
10
1.6116993700787401
20
1.4179057086614173
11
1.6124973622047243
21
1.4149274803149605
0
LINE
8
BLACK
6
CONTINUOUS
10
1.6124973622047243
20
1.4149274803149605
11
1.6124973622047243
21
1.4118441732283464
0
LINE
8
BLACK
6
CONTINUOUS
10
1.6124973622047243
20
1.4118441732283464
11
1.6116993700787401
21
1.4088659448818897
0
LINE
8
BLACK
6
CONTINUOUS
10
1.6116993700787401
20
1.4088659448818897
11
1.610157716535433
21
1.4061957480314959
0
LINE
8
BLACK
6
CONTINUOUS
10
1.610157716535433
20
1.4061957480314959
11
1.6079774803149607
21
1.4040155118110236
0
LINE
8
BLACK
6
CONTINUOUS
10
1.6079774803149607
20
1.4040155118110236
11
1.605307283464567
21
1.4024738582677165
0
LINE
8
BLACK
6
CONTINUOUS
10
1.605307283464567
20
1.4024738582677165
11
1.6043307086614174
21
1.4022122047244094
0
LINE
8
BLACK
6
CONTINUOUS
10
1.6043307086614174
20
1.4022122047244094
11
1.6043307086614174
21
1.015748031496063
0
LINE
8
BLACK
6
CONTINUOUS
10
1.6043307086614174
20
1.015748031496063
11
1.6042172440944882
21
1.014595905511811
0
LINE
8
BLACK
6
CONTINUOUS
10
1.6042172440944882
20
1.014595905511811
11
1.6038104724409448
21
1.0136139370078741
0
LINE
8
BLACK
6
CONTINUOUS
10
1.6038104724409448
20
1.0136139370078741
11
1.6033354724409448
21
1.0124670866141732
0
LINE
8
BLACK
6
CONTINUOUS
10
1.6033354724409448
20
1.0124670866141732
11
1.6026010236220471
21
1.0115722047244093
0
LINE
8
BLACK
6
CONTINUOUS
10
1.6026010236220471
20
1.0115722047244093
11
1.4665354330708662
21
0.8755066141732283
0
LINE
8
BLACK
6
CONTINUOUS
10
1.4665354330708662
20
0.8755066141732283
11
1.4665354330708662
21
0.5496902362204724
0
LINE
8
BLACK
6
CONTINUOUS
10
1.4665354330708662
20
0.5496902362204724
11
1.5325222834645669
21
0.4837033858267716
0
LINE
8
BLACK
6
CONTINUOUS
10
1.5325222834645669
20
0.4837033858267716
11
1.5332567322834645
21
0.4828085039370079
0
LINE
8
BLACK
6
CONTINUOUS
10
1.5332567322834645
20
0.4828085039370079
11
1.5337892519685039
21
0.481522874015748
0
LINE
8
BLACK
6
CONTINUOUS
10
1.5337892519685039
20
0.481522874015748
11
1.5341385039370079
21
0.4806796850393701
0
LINE
8
BLACK
6
CONTINUOUS
10
1.5341385039370079
20
0.4806796850393701
11
1.5342519685039371
21
0.4795275590551181
0
LINE
8
BLACK
6
CONTINUOUS
10
1.5342519685039371
20
0.4795275590551181
11
1.5342519685039371
21
0.4618897637795276
0
LINE
8
BLACK
6
CONTINUOUS
10
1.5342519685039371
20
0.4618897637795276
11
1.5583464566929133
21
0.4618897637795276
0
LINE
8
BLACK
6
CONTINUOUS
10
1.5583464566929133
20
0.4618897637795276
11
1.5583464566929133
21
0.4018897637795276
0
LINE
8
BLACK
6
CONTINUOUS
10
1.5583464566929133
20
0.4018897637795276
11
1.5342519685039371
21
0.4018897637795276
0
LINE
8
BLACK
6
CONTINUOUS
10
1.5342519685039371
20
0.4018897637795276
11
1.5342519685039371
21
0.3618897637795275
0
LINE
8
BLACK
6
CONTINUOUS
10
1.5342519685039371
20
0.3618897637795275
11
1.5583464566929133
21
0.3618897637795275
0
LINE
8
BLACK
6
CONTINUOUS
10
1.5583464566929133
20
0.3618897637795275
11
1.5583464566929133
21
0.3018897637795275
0
LINE
8
BLACK
6
CONTINUOUS
10
1.5583464566929133
20
0.3018897637795275
11
1.4983464566929134
21
0.3018897637795275
0
LINE
8
BLACK
6
CONTINUOUS
10
1.4983464566929134
20
0.3018897637795275
11
1.4983464566929134
21
0.3618897637795275
0
LINE
8
BLACK
6
CONTINUOUS
10
1.4983464566929134
20
0.3618897637795275
11
1.5224409448818896
21
0.3618897637795275
0
LINE
8
BLACK
6
CONTINUOUS
10
1.5224409448818896
20
0.3618897637795275
11
1.5224409448818896
21
0.4018897637795276
0
LINE
8
BLACK
6
CONTINUOUS
10
1.5224409448818896
20
0.4018897637795276
11
1.4983464566929134
21
0.4018897637795276
0
LINE
8
BLACK
6
CONTINUOUS
10
1.4983464566929134
20
0.4018897637795276
11
1.4983464566929134
21
0.4618897637795276
0
LINE
8
BLACK
6
CONTINUOUS
10
1.4983464566929134
20
0.4618897637795276
11
1.5224409448818896
21
0.4618897637795276
0
LINE
8
BLACK
6
CONTINUOUS
10
1.5224409448818896
20
0.4618897637795276
11
1.5224409448818896
21
0.4770814173228347
0
LINE
8
BLACK
6
CONTINUOUS
10
1.5224409448818896
20
0.4770814173228347
11
1.456454094488189
21
0.5430682677165354
0
LINE
8
BLACK
6
CONTINUOUS
10
1.456454094488189
20
0.5430682677165354
11
1.4557196456692914
21
0.543963188976378
0
LINE
8
BLACK
6
CONTINUOUS
10
1.4557196456692914
20
0.543963188976378
11
1.4548378740157479
21
0.5460920078740157
0
LINE
8
BLACK
6
CONTINUOUS
10
1.4548378740157479
20
0.5460920078740157
11
1.4547244094488188
21
0.547244094488189
0
LINE
8
BLACK
6
CONTINUOUS
10
1.4547244094488188
20
0.547244094488189
11
1.4547244094488188
21
0.8779527559055118
0
LINE
8
BLACK
6
CONTINUOUS
10
1.4547244094488188
20
0.8779527559055118
11
1.4548378740157479
21
0.8791048818897638
0
LINE
8
BLACK
6
CONTINUOUS
10
1.4548378740157479
20
0.8791048818897638
11
1.4554511417322835
21
0.8805854330708661
0
LINE
8
BLACK
6
CONTINUOUS
10
1.4554511417322835
20
0.8805854330708661
11
1.4557196456692914
21
0.8812336614173228
0
LINE
8
BLACK
6
CONTINUOUS
10
1.4557196456692914
20
0.8812336614173228
11
1.456454094488189
21
0.8821285826771653
0
LINE
8
BLACK
6
CONTINUOUS
10
1.456454094488189
20
0.8821285826771653
11
1.5925196850393701
21
1.0181941732283464
0
LINE
8
BLACK
6
CONTINUOUS
10
1.5925196850393701
20
1.0181941732283464
11
1.5925196850393701
21
1.4050931496062993
0
LINE
8
BLACK
6
CONTINUOUS
10
1.5925196850393701
20
1.4050931496062993
11
1.5914170866141732
21
1.4061957480314959
0
LINE
8
BLACK
6
CONTINUOUS
10
1.5914170866141732
20
1.4061957480314959
11
1.5898754330708662
21
1.4088659448818897
0
LINE
8
BLACK
6
CONTINUOUS
10
1.5898754330708662
20
1.4088659448818897
11
1.5890774409448818
21
1.4118441732283464
0
LINE
8
BLACK
6
CONTINUOUS
10
1.5890774409448818
20
1.4118441732283464
11
1.5890774409448818
21
1.4149274803149605
0
LINE
8
BLACK
6
CONTINUOUS
10
1.5890774409448818
20
1.4149274803149605
11
1.5898754330708662
21
1.4179057086614173
0
LINE
8
BLACK
6
CONTINUOUS
10
1.5898754330708662
20
1.4179057086614173
11
1.5914170866141732
21
1.420575905511811
0
LINE
8
BLACK
6
CONTINUOUS
10
1.5914170866141732
20
1.420575905511811
11
1.5935973228346456
21
1.4227561417322834
0
LINE
8
BLACK
6
CONTINUOUS
10
1.5935973228346456
20
1.4227561417322834
11
1.5962675196850393
21
1.4242977952755904
0
LINE
8
BLACK
6
CONTINUOUS
10
1.5962675196850393
20
1.4242977952755904
11
1.5992457480314961
21
1.4250957874015748
0
LINE
8
BLACK
6
CONTINUOUS
10
1.5992457480314961
20
1.4250957874015748
11
1.6023290551181102
21
1.4250957874015748
0
LINE
8
BLACK
6
CONTINUOUS
10
1.6023290551181102
20
1.4250957874015748
11
1.605307283464567
21
1.4242977952755904
0
LINE
8
BLACK
6
CONTINUOUS
10
1.5599211811023621
20
0.6904724409448819
11
1.4999211811023623
21
0.6904724409448819
0
LINE
8
BLACK
6
CONTINUOUS
10
1.4999211811023623
20
0.6904724409448819
11
1.4999211811023623
21
0.7504724409448819
0
LINE
8
BLACK
6
CONTINUOUS
10
1.4999211811023623
20
0.7504724409448819
11
1.5599211811023621
21
0.7504724409448819
0
LINE
8
BLACK
6
CONTINUOUS
10
1.5599211811023621
20
0.7504724409448819
11
1.5599211811023621
21
0.6904724409448819
0
LINE
8
BLACK
6
CONTINUOUS
10
0.4488976377952756
20
0.7614173228346457
11
0.5614173228346456
21
0.7614173228346457
0
LINE
8
BLACK
6
CONTINUOUS
10
0.5614173228346456
20
0.7614173228346457
11
0.5629534645669291
21
0.7612660236220472
0
LINE
8
BLACK
6
CONTINUOUS
10
0.5629534645669291
20
0.7612660236220472
11
0.5657918897637795
21
0.76009031496063
0
LINE
8
BLACK
6
CONTINUOUS
10
0.5657918897637795
20
0.76009031496063
11
0.5669850787401575
21
0.7591110629921259
0
LINE
8
BLACK
6
CONTINUOUS
10
0.5669850787401575
20
0.7591110629921259
11
0.5977497244094488
21
0.7283464566929134
0
LINE
8
BLACK
6
CONTINUOUS
10
0.5977497244094488
20
0.7283464566929134
11
0.6967715748031496
21
0.7283464566929134
0
LINE
8
BLACK
6
CONTINUOUS
10
0.6967715748031496
20
0.7283464566929134
11
0.6967715748031496
21
0.7504724409448819
0
LINE
8
BLACK
6
CONTINUOUS
10
0.6967715748031496
20
0.7504724409448819
11
0.7567715748031496
21
0.7504724409448819
0
LINE
8
BLACK
6
CONTINUOUS
10
0.7567715748031496
20
0.7504724409448819
11
0.7567715748031496
21
0.7283464566929134
0
LINE
8
BLACK
6
CONTINUOUS
10
0.7567715748031496
20
0.7283464566929134
11
0.7755905511811023
21
0.7283464566929134
0
LINE
8
BLACK
6
CONTINUOUS
10
0.7755905511811023
20
0.7283464566929134
11
0.796771653543307
21
0.7283464566929134
0
LINE
8
BLACK
6
CONTINUOUS
10
0.796771653543307
20
0.7283464566929134
11
0.796771653543307
21
0.7504724409448819
0
LINE
8
BLACK
6
CONTINUOUS
10
0.796771653543307
20
0.7504724409448819
11
0.8567716535433071
21
0.7504724409448819
0
LINE
8
BLACK
6
CONTINUOUS
10
0.8567716535433071
20
0.7504724409448819
11
0.8567716535433071
21
0.6904724409448819
0
LINE
8
BLACK
6
CONTINUOUS
10
0.8567716535433071
20
0.6904724409448819
11
0.796771653543307
21
0.6904724409448819
0
LINE
8
BLACK
6
CONTINUOUS
10
0.796771653543307
20
0.6904724409448819
11
0.796771653543307
21
0.7125984251968503
0
LINE
8
BLACK
6
CONTINUOUS
10
0.796771653543307
20
0.7125984251968503
11
0.7834645669291338
21
0.7125984251968503
0
LINE
8
BLACK
6
CONTINUOUS
10
0.7834645669291338
20
0.7125984251968503
11
0.7834645669291338
21
0.5385905511811023
0
LINE
8
BLACK
6
CONTINUOUS
10
0.7834645669291338
20
0.5385905511811023
11
0.7833132677165354
21
0.5370544094488189
0
LINE
8
BLACK
6
CONTINUOUS
10
0.7833132677165354
20
0.5370544094488189
11
0.7821375590551181
21
0.5342159842519685
0
LINE
8
BLACK
6
CONTINUOUS
10
0.7821375590551181
20
0.5342159842519685
11
0.7811583070866142
21
0.5330227559055118
0
LINE
8
BLACK
6
CONTINUOUS
10
0.7811583070866142
20
0.5330227559055118
11
0.7362204724409449
21
0.4880849606299212
0
LINE
8
BLACK
6
CONTINUOUS
10
0.7362204724409449
20
0.4880849606299212
11
0.7362204724409449
21
0.4618897637795276
0
LINE
8
BLACK
6
CONTINUOUS
10
0.7362204724409449
20
0.4618897637795276
11
0.7583464566929133
21
0.4618897637795276
0
LINE
8
BLACK
6
CONTINUOUS
10
0.7583464566929133
20
0.4618897637795276
11
0.7583464566929133
21
0.4018897637795276
0
LINE
8
BLACK
6
CONTINUOUS
10
0.7583464566929133
20
0.4018897637795276
11
0.7362204724409449
21
0.4018897637795276
0
LINE
8
BLACK
6
CONTINUOUS
10
0.7362204724409449
20
0.4018897637795276
11
0.7362204724409449
21
0.3618897637795275
0
LINE
8
BLACK
6
CONTINUOUS
10
0.7362204724409449
20
0.3618897637795275
11
0.7583464566929133
21
0.3618897637795275
0
LINE
8
BLACK
6
CONTINUOUS
10
0.7583464566929133
20
0.3618897637795275
11
0.7583464566929133
21
0.3018897637795275
0
LINE
8
BLACK
6
CONTINUOUS
10
0.7583464566929133
20
0.3018897637795275
11
0.6983464566929134
21
0.3018897637795275
0
LINE
8
BLACK
6
CONTINUOUS
10
0.6983464566929134
20
0.3018897637795275
11
0.6983464566929134
21
0.3618897637795275
0
LINE
8
BLACK
6
CONTINUOUS
10
0.6983464566929134
20
0.3618897637795275
11
0.7204724409448818
21
0.3618897637795275
0
LINE
8
BLACK
6
CONTINUOUS
10
0.7204724409448818
20
0.3618897637795275
11
0.7204724409448818
21
0.4018897637795276
0
LINE
8
BLACK
6
CONTINUOUS
10
0.7204724409448818
20
0.4018897637795276
11
0.6983464566929134
21
0.4018897637795276
0
LINE
8
BLACK
6
CONTINUOUS
10
0.6983464566929134
20
0.4018897637795276
11
0.6983464566929134
21
0.4618897637795276
0
LINE
8
BLACK
6
CONTINUOUS
10
0.6983464566929134
20
0.4618897637795276
11
0.7204724409448818
21
0.4618897637795276
0
LINE
8
BLACK
6
CONTINUOUS
10
0.7204724409448818
20
0.4618897637795276
11
0.7204724409448818
21
0.4913464566929134
0
LINE
8
BLACK
6
CONTINUOUS
10
0.7204724409448818
20
0.4913464566929134
11
0.7206237401574803
21
0.4928825984251968
0
LINE
8
BLACK
6
CONTINUOUS
10
0.7206237401574803
20
0.4928825984251968
11
0.7217994488188976
21
0.4957210236220472
0
LINE
8
BLACK
6
CONTINUOUS
10
0.7217994488188976
20
0.4957210236220472
11
0.7227787007874016
21
0.4969142125984252
0
LINE
8
BLACK
6
CONTINUOUS
10
0.7227787007874016
20
0.4969142125984252
11
0.7677165354330708
21
0.5418520866141732
0
LINE
8
BLACK
6
CONTINUOUS
10
0.7677165354330708
20
0.5418520866141732
11
0.7677165354330708
21
0.7125984251968503
0
LINE
8
BLACK
6
CONTINUOUS
10
0.7677165354330708
20
0.7125984251968503
11
0.7567715748031496
21
0.7125984251968503
0
LINE
8
BLACK
6
CONTINUOUS
10
0.7567715748031496
20
0.7125984251968503
11
0.7567715748031496
21
0.6904724409448819
0
LINE
8
BLACK
6
CONTINUOUS
10
0.7567715748031496
20
0.6904724409448819
11
0.6967715748031496
21
0.6904724409448819
0
LINE
8
BLACK
6
CONTINUOUS
10
0.6967715748031496
20
0.6904724409448819
11
0.6967715748031496
21
0.7125984251968503
0
LINE
8
BLACK
6
CONTINUOUS
10
0.6967715748031496
20
0.7125984251968503
11
0.5944881889763779
21
0.7125984251968503
0
LINE
8
BLACK
6
CONTINUOUS
10
0.5944881889763779
20
0.7125984251968503
11
0.5929520472440944
21
0.7127497244094488
0
LINE
8
BLACK
6
CONTINUOUS
10
0.5929520472440944
20
0.7127497244094488
11
0.590113622047244
21
0.7139254330708661
0
LINE
8
BLACK
6
CONTINUOUS
10
0.590113622047244
20
0.7139254330708661
11
0.5889203937007874
21
0.7149046850393701
0
LINE
8
BLACK
6
CONTINUOUS
10
0.5889203937007874
20
0.7149046850393701
11
0.5581558267716535
21
0.7456692913385826
0
LINE
8
BLACK
6
CONTINUOUS
10
0.5581558267716535
20
0.7456692913385826
11
0.4488976377952756
21
0.7456692913385826
0
LINE
8
BLACK
6
CONTINUOUS
10
0.4488976377952756
20
0.7456692913385826
11
0.4488976377952756
21
0.7235433070866142
0
LINE
8
BLACK
6
CONTINUOUS
10
0.4488976377952756
20
0.7235433070866142
11
0.3888976377952756
21
0.7235433070866142
0
LINE
8
BLACK
6
CONTINUOUS
10
0.3888976377952756
20
0.7235433070866142
11
0.3888976377952756
21
0.7835433070866141
0
LINE
8
BLACK
6
CONTINUOUS
10
0.3888976377952756
20
0.7835433070866141
11
0.4488976377952756
21
0.7835433070866141
0
LINE
8
BLACK
6
CONTINUOUS
10
0.4488976377952756
20
0.7835433070866141
11
0.4488976377952756
21
0.7614173228346457
0
LINE
8
BLACK
6
CONTINUOUS
10
1.032078937007874
20
1.1368962204724409
11
1.0347491338582677
21
1.1353545669291338
0
LINE
8
BLACK
6
CONTINUOUS
10
1.0347491338582677
20
1.1353545669291338
11
1.0369293700787401
21
1.1331743307086615
0
LINE
8
BLACK
6
CONTINUOUS
10
1.0369293700787401
20
1.1331743307086615
11
1.0384710236220471
21
1.1305041338582678
0
LINE
8
BLACK
6
CONTINUOUS
10
1.0384710236220471
20
1.1305041338582678
11
1.0392690157480315
21
1.127525905511811
0
LINE
8
BLACK
6
CONTINUOUS
10
1.0392690157480315
20
1.127525905511811
11
1.0392690157480315
21
1.1244425984251969
0
LINE
8
BLACK
6
CONTINUOUS
10
1.0392690157480315
20
1.1244425984251969
11
1.0384710236220471
21
1.1214643700787401
0
LINE
8
BLACK
6
CONTINUOUS
10
1.0384710236220471
20
1.1214643700787401
11
1.0369293700787401
21
1.1187941732283464
0
LINE
8
BLACK
6
CONTINUOUS
10
1.0369293700787401
20
1.1187941732283464
11
1.0347491338582677
21
1.116613937007874
0
LINE
8
BLACK
6
CONTINUOUS
10
1.0347491338582677
20
1.116613937007874
11
1.0342519685039371
21
1.1163269291338582
0
LINE
8
BLACK
6
CONTINUOUS
10
1.0342519685039371
20
1.1163269291338582
11
1.0342519685039371
21
0.4618897637795276
0
LINE
8
BLACK
6
CONTINUOUS
10
1.0342519685039371
20
0.4618897637795276
11
1.0583464566929133
21
0.4618897637795276
0
LINE
8
BLACK
6
CONTINUOUS
10
1.0583464566929133
20
0.4618897637795276
11
1.0583464566929133
21
0.4018897637795276
0
LINE
8
BLACK
6
CONTINUOUS
10
1.0583464566929133
20
0.4018897637795276
11
1.0342519685039371
21
0.4018897637795276
0
LINE
8
BLACK
6
CONTINUOUS
10
1.0342519685039371
20
0.4018897637795276
11
1.0342519685039371
21
0.3618897637795275
0
LINE
8
BLACK
6
CONTINUOUS
10
1.0342519685039371
20
0.3618897637795275
11
1.0583464566929133
21
0.3618897637795275
0
LINE
8
BLACK
6
CONTINUOUS
10
1.0583464566929133
20
0.3618897637795275
11
1.0583464566929133
21
0.3018897637795275
0
LINE
8
BLACK
6
CONTINUOUS
10
1.0583464566929133
20
0.3018897637795275
11
0.9983464566929133
21
0.3018897637795275
0
LINE
8
BLACK
6
CONTINUOUS
10
0.9983464566929133
20
0.3018897637795275
11
0.9983464566929133
21
0.3618897637795275
0
LINE
8
BLACK
6
CONTINUOUS
10
0.9983464566929133
20
0.3618897637795275
11
1.0224409448818896
21
0.3618897637795275
0
LINE
8
BLACK
6
CONTINUOUS
10
1.0224409448818896
20
0.3618897637795275
11
1.0224409448818896
21
0.4018897637795276
0
LINE
8
BLACK
6
CONTINUOUS
10
1.0224409448818896
20
0.4018897637795276
11
0.9983464566929133
21
0.4018897637795276
0
LINE
8
BLACK
6
CONTINUOUS
10
0.9983464566929133
20
0.4018897637795276
11
0.9983464566929133
21
0.4618897637795276
0
LINE
8
BLACK
6
CONTINUOUS
10
0.9983464566929133
20
0.4618897637795276
11
1.0224409448818896
21
0.4618897637795276
0
LINE
8
BLACK
6
CONTINUOUS
10
1.0224409448818896
20
0.4618897637795276
11
1.0224409448818896
21
1.1154176771653543
0
LINE
8
BLACK
6
CONTINUOUS
10
1.0224409448818896
20
1.1154176771653543
11
1.0203689763779527
21
1.116613937007874
0
LINE
8
BLACK
6
CONTINUOUS
10
1.0203689763779527
20
1.116613937007874
11
1.0181887401574803
21
1.1187941732283464
0
LINE
8
BLACK
6
CONTINUOUS
10
1.0181887401574803
20
1.1187941732283464
11
1.0166470866141732
21
1.1214643700787401
0
LINE
8
BLACK
6
CONTINUOUS
10
1.0166470866141732
20
1.1214643700787401
11
1.0158490944881891
21
1.1244425984251969
0
LINE
8
BLACK
6
CONTINUOUS
10
1.0158490944881891
20
1.1244425984251969
11
1.0158490944881891
21
1.127525905511811
0
LINE
8
BLACK
6
CONTINUOUS
10
1.0158490944881891
20
1.127525905511811
11
1.0166470866141732
21
1.1305041338582678
0
LINE
8
BLACK
6
CONTINUOUS
10
1.0166470866141732
20
1.1305041338582678
11
1.0181887401574803
21
1.1331743307086615
0
LINE
8
BLACK
6
CONTINUOUS
10
1.0181887401574803
20
1.1331743307086615
11
1.0203689763779527
21
1.1353545669291338
0
LINE
8
BLACK
6
CONTINUOUS
10
1.0203689763779527
20
1.1353545669291338
11
1.0230391732283464
21
1.1368962204724409
0
LINE
8
BLACK
6
CONTINUOUS
10
1.0230391732283464
20
1.1368962204724409
11
1.0260174015748031
21
1.1376942125984251
0
LINE
8
BLACK
6
CONTINUOUS
10
1.0260174015748031
20
1.1376942125984251
11
1.0291007086614172
21
1.1376942125984251
0
LINE
8
BLACK
6
CONTINUOUS
10
1.0291007086614172
20
1.1376942125984251
11
1.032078937007874
21
1.1368962204724409
0
LINE
8
BLACK
6
CONTINUOUS
10
0.8076694881889763
20
1.8534316535433071
11
0.81033968503937
21
1.85189
0
LINE
8
BLACK
6
CONTINUOUS
10
0.81033968503937
20
1.85189
11
0.8125199212598425
21
1.8497097637795274
0
LINE
8
BLACK
6
CONTINUOUS
10
0.8125199212598425
20
1.8497097637795274
11
0.8140615748031496
21
1.8470395669291337
0
LINE
8
BLACK
6
CONTINUOUS
10
0.8140615748031496
20
1.8470395669291337
11
0.8148595669291339
21
1.8440613385826772
0
LINE
8
BLACK
6
CONTINUOUS
10
0.8148595669291339
20
1.8440613385826772
11
0.8148595669291339
21
1.8409780314960629
0
LINE
8
BLACK
6
CONTINUOUS
10
0.8148595669291339
20
1.8409780314960629
11
0.8140615748031496
21
1.8379998031496063
0
LINE
8
BLACK
6
CONTINUOUS
10
0.8140615748031496
20
1.8379998031496063
11
0.8140582677165354
21
1.8379941732283465
0
LINE
8
BLACK
6
CONTINUOUS
10
0.8140582677165354
20
1.8379941732283465
11
1.102839842519685
21
1.5492125984251968
0
LINE
8
BLACK
6
CONTINUOUS
10
1.102839842519685
20
1.5492125984251968
11
1.1299212598425197
21
1.5492125984251968
0
LINE
8
BLACK
6
CONTINUOUS
10
1.1299212598425197
20
1.5492125984251968
11
1.2182344881889764
21
1.5492125984251968
0
LINE
8
BLACK
6
CONTINUOUS
10
1.2182344881889764
20
1.5492125984251968
11
1.2189761417322835
21
1.5504971653543307
0
LINE
8
BLACK
6
CONTINUOUS
10
1.2189761417322835
20
1.5504971653543307
11
1.2211563779527559
21
1.5526774015748031
0
LINE
8
BLACK
6
CONTINUOUS
10
1.2211563779527559
20
1.5526774015748031
11
1.2238265748031496
21
1.5542190551181101
0
LINE
8
BLACK
6
CONTINUOUS
10
1.2238265748031496
20
1.5542190551181101
11
1.2268048031496064
21
1.5550170472440945
0
LINE
8
BLACK
6
CONTINUOUS
10
1.2268048031496064
20
1.5550170472440945
11
1.2298881102362205
21
1.5550170472440945
0
LINE
8
BLACK
6
CONTINUOUS
10
1.2298881102362205
20
1.5550170472440945
11
1.2328663385826772
21
1.5542190551181101
0
LINE
8
BLACK
6
CONTINUOUS
10
1.2328663385826772
20
1.5542190551181101
11
1.2355365354330707
21
1.5526774015748031
0
LINE
8
BLACK
6
CONTINUOUS
10
1.2355365354330707
20
1.5526774015748031
11
1.2377167716535433
21
1.5504971653543307
0
LINE
8
BLACK
6
CONTINUOUS
10
1.2377167716535433
20
1.5504971653543307
11
1.2392584251968504
21
1.547826968503937
0
LINE
8
BLACK
6
CONTINUOUS
10
1.2392584251968504
20
1.547826968503937
11
1.2400564173228346
21
1.5448487401574802
0
LINE
8
BLACK
6
CONTINUOUS
10
1.2400564173228346
20
1.5448487401574802
11
1.2400564173228346
21
1.5417654330708661
0
LINE
8
BLACK
6
CONTINUOUS
10
1.2400564173228346
20
1.5417654330708661
11
1.2392584251968504
21
1.5387872047244093
0
LINE
8
BLACK
6
CONTINUOUS
10
1.2392584251968504
20
1.5387872047244093
11
1.2377167716535433
21
1.5361170078740156
0
LINE
8
BLACK
6
CONTINUOUS
10
1.2377167716535433
20
1.5361170078740156
11
1.2355365354330707
21
1.5339367716535433
0
LINE
8
BLACK
6
CONTINUOUS
10
1.2355365354330707
20
1.5339367716535433
11
1.2328663385826772
21
1.5323951181102362
0
LINE
8
BLACK
6
CONTINUOUS
10
1.2328663385826772
20
1.5323951181102362
11
1.2298881102362205
21
1.531597125984252
0
LINE
8
BLACK
6
CONTINUOUS
10
1.2298881102362205
20
1.531597125984252
11
1.2268048031496064
21
1.531597125984252
0
LINE
8
BLACK
6
CONTINUOUS
10
1.2268048031496064
20
1.531597125984252
11
1.2238265748031496
21
1.5323951181102362
0
LINE
8
BLACK
6
CONTINUOUS
10
1.2238265748031496
20
1.5323951181102362
11
1.2211563779527559
21
1.5339367716535433
0
LINE
8
BLACK
6
CONTINUOUS
10
1.2211563779527559
20
1.5339367716535433
11
1.2189761417322835
21
1.5361170078740156
0
LINE
8
BLACK
6
CONTINUOUS
10
1.2189761417322835
20
1.5361170078740156
11
1.2182344881889764
21
1.5374015748031495
0
LINE
8
BLACK
6
CONTINUOUS
10
1.2182344881889764
20
1.5374015748031495
11
1.1342519685039369
21
1.5374015748031495
0
LINE
8
BLACK
6
CONTINUOUS
10
1.1342519685039369
20
1.5374015748031495
11
1.1342519685039369
21
0.4618897637795276
0
LINE
8
BLACK
6
CONTINUOUS
10
1.1342519685039369
20
0.4618897637795276
11
1.1583464566929134
21
0.4618897637795276
0
LINE
8
BLACK
6
CONTINUOUS
10
1.1583464566929134
20
0.4618897637795276
11
1.1583464566929134
21
0.4018897637795276
0
LINE
8
BLACK
6
CONTINUOUS
10
1.1583464566929134
20
0.4018897637795276
11
1.1342519685039369
21
0.4018897637795276
0
LINE
8
BLACK
6
CONTINUOUS
10
1.1342519685039369
20
0.4018897637795276
11
1.1342519685039369
21
0.3618897637795275
0
LINE
8
BLACK
6
CONTINUOUS
10
1.1342519685039369
20
0.3618897637795275
11
1.1583464566929134
21
0.3618897637795275
0
LINE
8
BLACK
6
CONTINUOUS
10
1.1583464566929134
20
0.3618897637795275
11
1.1583464566929134
21
0.3018897637795275
0
LINE
8
BLACK
6
CONTINUOUS
10
1.1583464566929134
20
0.3018897637795275
11
1.0983464566929133
21
0.3018897637795275
0
LINE
8
BLACK
6
CONTINUOUS
10
1.0983464566929133
20
0.3018897637795275
11
1.0983464566929133
21
0.3618897637795275
0
LINE
8
BLACK
6
CONTINUOUS
10
1.0983464566929133
20
0.3618897637795275
11
1.1224409448818897
21
0.3618897637795275
0
LINE
8
BLACK
6
CONTINUOUS
10
1.1224409448818897
20
0.3618897637795275
11
1.1224409448818897
21
0.4018897637795276
0
LINE
8
BLACK
6
CONTINUOUS
10
1.1224409448818897
20
0.4018897637795276
11
1.0983464566929133
21
0.4018897637795276
0
LINE
8
BLACK
6
CONTINUOUS
10
1.0983464566929133
20
0.4018897637795276
11
1.0983464566929133
21
0.4618897637795276
0
LINE
8
BLACK
6
CONTINUOUS
10
1.0983464566929133
20
0.4618897637795276
11
1.1224409448818897
21
0.4618897637795276
0
LINE
8
BLACK
6
CONTINUOUS
10
1.1224409448818897
20
0.4618897637795276
11
1.1224409448818897
21
1.5374015748031495
0
LINE
8
BLACK
6
CONTINUOUS
10
1.1224409448818897
20
1.5374015748031495
11
1.1003937007874016
21
1.5374015748031495
0
LINE
8
BLACK
6
CONTINUOUS
10
1.1003937007874016
20
1.5374015748031495
11
1.0992415748031497
21
1.5375150393700787
0
LINE
8
BLACK
6
CONTINUOUS
10
1.0992415748031497
20
1.5375150393700787
11
1.0986180708661417
21
1.5377733464566929
0
LINE
8
BLACK
6
CONTINUOUS
10
1.0986180708661417
20
1.5377733464566929
11
1.0971127559055118
21
1.5383968110236219
0
LINE
8
BLACK
6
CONTINUOUS
10
1.0971127559055118
20
1.5383968110236219
11
1.096217874015748
21
1.5391312598425197
0
LINE
8
BLACK
6
CONTINUOUS
10
1.096217874015748
20
1.5391312598425197
11
0.8045394094488189
21
1.8308097244094488
0
LINE
8
BLACK
6
CONTINUOUS
10
0.8045394094488189
20
1.8308097244094488
11
0.8016079527559055
21
1.8308097244094488
0
LINE
8
BLACK
6
CONTINUOUS
10
0.8016079527559055
20
1.8308097244094488
11
0.7986297244094488
21
1.831607716535433
0
LINE
8
BLACK
6
CONTINUOUS
10
0.7986297244094488
20
1.831607716535433
11
0.7959595275590551
21
1.83314937007874
0
LINE
8
BLACK
6
CONTINUOUS
10
0.7959595275590551
20
1.83314937007874
11
0.7937792913385826
21
1.8353296062992126
0
LINE
8
BLACK
6
CONTINUOUS
10
0.7937792913385826
20
1.8353296062992126
11
0.7922376377952756
21
1.8379998031496063
0
LINE
8
BLACK
6
CONTINUOUS
10
0.7922376377952756
20
1.8379998031496063
11
0.7914396456692914
21
1.8409780314960629
0
LINE
8
BLACK
6
CONTINUOUS
10
0.7914396456692914
20
1.8409780314960629
11
0.7914396456692914
21
1.8440613385826772
0
LINE
8
BLACK
6
CONTINUOUS
10
0.7914396456692914
20
1.8440613385826772
11
0.7922376377952756
21
1.8470395669291337
0
LINE
8
BLACK
6
CONTINUOUS
10
0.7922376377952756
20
1.8470395669291337
11
0.7937792913385826
21
1.8497097637795274
0
LINE
8
BLACK
6
CONTINUOUS
10
0.7937792913385826
20
1.8497097637795274
11
0.7959595275590551
21
1.85189
0
LINE
8
BLACK
6
CONTINUOUS
10
0.7959595275590551
20
1.85189
11
0.7986297244094488
21
1.8534316535433071
0
LINE
8
BLACK
6
CONTINUOUS
10
0.7986297244094488
20
1.8534316535433071
11
0.8016079527559055
21
1.8542296456692913
0
LINE
8
BLACK
6
CONTINUOUS
10
0.8016079527559055
20
1.8542296456692913
11
0.8046912598425197
21
1.8542296456692913
0
LINE
8
BLACK
6
CONTINUOUS
10
0.8046912598425197
20
1.8542296456692913
11
0.8076694881889763
21
1.8534316535433071
0
LINE
8
BLACK
6
CONTINUOUS
10
1.4159372047244094
20
1.4380773228346457
11
1.4186074015748031
21
1.4365356692913385
0
LINE
8
BLACK
6
CONTINUOUS
10
1.4186074015748031
20
1.4365356692913385
11
1.4207876377952755
21
1.4343554330708661
0
LINE
8
BLACK
6
CONTINUOUS
10
1.4207876377952755
20
1.4343554330708661
11
1.4223292913385825
21
1.4316852362204724
0
LINE
8
BLACK
6
CONTINUOUS
10
1.4223292913385825
20
1.4316852362204724
11
1.423127283464567
21
1.4287070078740156
0
LINE
8
BLACK
6
CONTINUOUS
10
1.423127283464567
20
1.4287070078740156
11
1.423127283464567
21
1.4256237007874015
0
LINE
8
BLACK
6
CONTINUOUS
10
1.423127283464567
20
1.4256237007874015
11
1.4223292913385825
21
1.4226454724409447
0
LINE
8
BLACK
6
CONTINUOUS
10
1.4223292913385825
20
1.4226454724409447
11
1.4207876377952755
21
1.4199752755905513
0
LINE
8
BLACK
6
CONTINUOUS
10
1.4207876377952755
20
1.4199752755905513
11
1.4186074015748031
21
1.4177950393700787
0
LINE
8
BLACK
6
CONTINUOUS
10
1.4186074015748031
20
1.4177950393700787
11
1.4159372047244094
21
1.4162533858267716
0
LINE
8
BLACK
6
CONTINUOUS
10
1.4159372047244094
20
1.4162533858267716
11
1.4153543307086613
21
1.4160972440944881
0
LINE
8
BLACK
6
CONTINUOUS
10
1.4153543307086613
20
1.4160972440944881
11
1.4153543307086613
21
1.1811023622047243
0
LINE
8
BLACK
6
CONTINUOUS
10
1.4153543307086613
20
1.1811023622047243
11
1.4152408661417322
21
1.1799502755905511
0
LINE
8
BLACK
6
CONTINUOUS
10
1.4152408661417322
20
1.1799502755905511
11
1.414359094488189
21
1.1778214173228345
0
LINE
8
BLACK
6
CONTINUOUS
10
1.414359094488189
20
1.1778214173228345
11
1.4136246456692914
21
1.1769265354330709
0
LINE
8
BLACK
6
CONTINUOUS
10
1.4136246456692914
20
1.1769265354330709
11
1.234251968503937
21
0.9975538582677165
0
LINE
8
BLACK
6
CONTINUOUS
10
1.234251968503937
20
0.9975538582677165
11
1.234251968503937
21
0.4618897637795276
0
LINE
8
BLACK
6
CONTINUOUS
10
1.234251968503937
20
0.4618897637795276
11
1.2583464566929135
21
0.4618897637795276
0
LINE
8
BLACK
6
CONTINUOUS
10
1.2583464566929135
20
0.4618897637795276
11
1.2583464566929135
21
0.4018897637795276
0
LINE
8
BLACK
6
CONTINUOUS
10
1.2583464566929135
20
0.4018897637795276
11
1.234251968503937
21
0.4018897637795276
0
LINE
8
BLACK
6
CONTINUOUS
10
1.234251968503937
20
0.4018897637795276
11
1.234251968503937
21
0.3618897637795275
0
LINE
8
BLACK
6
CONTINUOUS
10
1.234251968503937
20
0.3618897637795275
11
1.2583464566929135
21
0.3618897637795275
0
LINE
8
BLACK
6
CONTINUOUS
10
1.2583464566929135
20
0.3618897637795275
11
1.2583464566929135
21
0.3018897637795275
0
LINE
8
BLACK
6
CONTINUOUS
10
1.2583464566929135
20
0.3018897637795275
11
1.1983464566929134
21
0.3018897637795275
0
LINE
8
BLACK
6
CONTINUOUS
10
1.1983464566929134
20
0.3018897637795275
11
1.1983464566929134
21
0.3618897637795275
0
LINE
8
BLACK
6
CONTINUOUS
10
1.1983464566929134
20
0.3618897637795275
11
1.2224409448818898
21
0.3618897637795275
0
LINE
8
BLACK
6
CONTINUOUS
10
1.2224409448818898
20
0.3618897637795275
11
1.2224409448818898
21
0.4018897637795276
0
LINE
8
BLACK
6
CONTINUOUS
10
1.2224409448818898
20
0.4018897637795276
11
1.1983464566929134
21
0.4018897637795276
0
LINE
8
BLACK
6
CONTINUOUS
10
1.1983464566929134
20
0.4018897637795276
11
1.1983464566929134
21
0.4618897637795276
0
LINE
8
BLACK
6
CONTINUOUS
10
1.1983464566929134
20
0.4618897637795276
11
1.2224409448818898
21
0.4618897637795276
0
LINE
8
BLACK
6
CONTINUOUS
10
1.2224409448818898
20
0.4618897637795276
11
1.2224409448818898
21
1.
0
LINE
8
BLACK
6
CONTINUOUS
10
1.2224409448818898
20
1.
11
1.2225544094488188
21
1.001152125984252
0
LINE
8
BLACK
6
CONTINUOUS
10
1.2225544094488188
20
1.001152125984252
11
1.2230693700787401
21
1.0023953543307087
0
LINE
8
BLACK
6
CONTINUOUS
10
1.2230693700787401
20
1.0023953543307087
11
1.2234361811023622
21
1.003280905511811
0
LINE
8
BLACK
6
CONTINUOUS
10
1.2234361811023622
20
1.003280905511811
11
1.2241706299212598
21
1.0041758267716536
0
LINE
8
BLACK
6
CONTINUOUS
10
1.2241706299212598
20
1.0041758267716536
11
1.4035433070866141
21
1.1835485039370079
0
LINE
8
BLACK
6
CONTINUOUS
10
1.4035433070866141
20
1.1835485039370079
11
1.4035433070866141
21
1.4184789763779526
0
LINE
8
BLACK
6
CONTINUOUS
10
1.4035433070866141
20
1.4184789763779526
11
1.4020470078740157
21
1.4199752755905513
0
LINE
8
BLACK
6
CONTINUOUS
10
1.4020470078740157
20
1.4199752755905513
11
1.4005053543307087
21
1.4226454724409447
0
LINE
8
BLACK
6
CONTINUOUS
10
1.4005053543307087
20
1.4226454724409447
11
1.3997073622047245
21
1.4256237007874015
0
LINE
8
BLACK
6
CONTINUOUS
10
1.3997073622047245
20
1.4256237007874015
11
1.3997073622047245
21
1.4287070078740156
0
LINE
8
BLACK
6
CONTINUOUS
10
1.3997073622047245
20
1.4287070078740156
11
1.4005053543307087
21
1.4316852362204724
0
LINE
8
BLACK
6
CONTINUOUS
10
1.4005053543307087
20
1.4316852362204724
11
1.4020470078740157
21
1.4343554330708661
0
LINE
8
BLACK
6
CONTINUOUS
10
1.4020470078740157
20
1.4343554330708661
11
1.4042272440944881
21
1.4365356692913385
0
LINE
8
BLACK
6
CONTINUOUS
10
1.4042272440944881
20
1.4365356692913385
11
1.4068974409448818
21
1.4380773228346457
0
LINE
8
BLACK
6
CONTINUOUS
10
1.4068974409448818
20
1.4380773228346457
11
1.4098756692913386
21
1.4388753149606299
0
LINE
8
BLACK
6
CONTINUOUS
10
1.4098756692913386
20
1.4388753149606299
11
1.4129589763779526
21
1.4388753149606299
0
LINE
8
BLACK
6
CONTINUOUS
10
1.4129589763779526
20
1.4388753149606299
11
1.4159372047244094
21
1.4380773228346457
0
LINE
8
BLACK
6
CONTINUOUS
10
1.4808978346456692
20
1.4361088188976379
11
1.4835680314960629
21
1.4345671653543306
0
LINE
8
BLACK
6
CONTINUOUS
10
1.4835680314960629
20
1.4345671653543306
11
1.4857482677165355
21
1.4323869291338582
0
LINE
8
BLACK
6
CONTINUOUS
10
1.4857482677165355
20
1.4323869291338582
11
1.4872899212598425
21
1.4297167322834645
0
LINE
8
BLACK
6
CONTINUOUS
10
1.4872899212598425
20
1.4297167322834645
11
1.4880879133858267
21
1.4267385039370077
0
LINE
8
BLACK
6
CONTINUOUS
10
1.4880879133858267
20
1.4267385039370077
11
1.4880879133858267
21
1.4236551968503937
0
LINE
8
BLACK
6
CONTINUOUS
10
1.4880879133858267
20
1.4236551968503937
11
1.4872899212598425
21
1.4206769685039369
0
LINE
8
BLACK
6
CONTINUOUS
10
1.4872899212598425
20
1.4206769685039369
11
1.4857482677165355
21
1.4180067716535434
0
LINE
8
BLACK
6
CONTINUOUS
10
1.4857482677165355
20
1.4180067716535434
11
1.4835680314960629
21
1.4158265354330708
0
LINE
8
BLACK
6
CONTINUOUS
10
1.4835680314960629
20
1.4158265354330708
11
1.4822834645669292
21
1.4150849212598424
0
LINE
8
BLACK
6
CONTINUOUS
10
1.4822834645669292
20
1.4150849212598424
11
1.4822834645669292
21
1.1141732283464567
0
LINE
8
BLACK
6
CONTINUOUS
10
1.4822834645669292
20
1.1141732283464567
11
1.48217
21
1.1130211023622048
0
LINE
8
BLACK
6
CONTINUOUS
10
1.48217
20
1.1130211023622048
11
1.4819854330708662
21
1.1125755511811024
0
LINE
8
BLACK
6
CONTINUOUS
10
1.4819854330708662
20
1.1125755511811024
11
1.4812882283464566
21
1.1108923228346457
0
LINE
8
BLACK
6
CONTINUOUS
10
1.4812882283464566
20
1.1108923228346457
11
1.480553779527559
21
1.1099974015748031
0
LINE
8
BLACK
6
CONTINUOUS
10
1.480553779527559
20
1.1099974015748031
11
1.3342519685039369
21
0.963695590551181
0
LINE
8
BLACK
6
CONTINUOUS
10
1.3342519685039369
20
0.963695590551181
11
1.3342519685039369
21
0.4618897637795276
0
LINE
8
BLACK
6
CONTINUOUS
10
1.3342519685039369
20
0.4618897637795276
11
1.3583464566929133
21
0.4618897637795276
0
LINE
8
BLACK
6
CONTINUOUS
10
1.3583464566929133
20
0.4618897637795276
11
1.3583464566929133
21
0.4018897637795276
0
LINE
8
BLACK
6
CONTINUOUS
10
1.3583464566929133
20
0.4018897637795276
11
1.3342519685039369
21
0.4018897637795276
0
LINE
8
BLACK
6
CONTINUOUS
10
1.3342519685039369
20
0.4018897637795276
11
1.3342519685039369
21
0.3618897637795275
0
LINE
8
BLACK
6
CONTINUOUS
10
1.3342519685039369
20
0.3618897637795275
11
1.3583464566929133
21
0.3618897637795275
0
LINE
8
BLACK
6
CONTINUOUS
10
1.3583464566929133
20
0.3618897637795275
11
1.3583464566929133
21
0.3018897637795275
0
LINE
8
BLACK
6
CONTINUOUS
10
1.3583464566929133
20
0.3018897637795275
11
1.2983464566929133
21
0.3018897637795275
0
LINE
8
BLACK
6
CONTINUOUS
10
1.2983464566929133
20
0.3018897637795275
11
1.2983464566929133
21
0.3618897637795275
0
LINE
8
BLACK
6
CONTINUOUS
10
1.2983464566929133
20
0.3618897637795275
11
1.3224409448818897
21
0.3618897637795275
0
LINE
8
BLACK
6
CONTINUOUS
10
1.3224409448818897
20
0.3618897637795275
11
1.3224409448818897
21
0.4018897637795276
0
LINE
8
BLACK
6
CONTINUOUS
10
1.3224409448818897
20
0.4018897637795276
11
1.2983464566929133
21
0.4018897637795276
0
LINE
8
BLACK
6
CONTINUOUS
10
1.2983464566929133
20
0.4018897637795276
11
1.2983464566929133
21
0.4618897637795276
0
LINE
8
BLACK
6
CONTINUOUS
10
1.2983464566929133
20
0.4618897637795276
11
1.3224409448818897
21
0.4618897637795276
0
LINE
8
BLACK
6
CONTINUOUS
10
1.3224409448818897
20
0.4618897637795276
11
1.3224409448818897
21
0.9661417322834646
0
LINE
8
BLACK
6
CONTINUOUS
10
1.3224409448818897
20
0.9661417322834646
11
1.3225544094488189
21
0.9672938582677165
0
LINE
8
BLACK
6
CONTINUOUS
10
1.3225544094488189
20
0.9672938582677165
11
1.3230443700787402
21
0.9684767322834645
0
LINE
8
BLACK
6
CONTINUOUS
10
1.3230443700787402
20
0.9684767322834645
11
1.3234361811023623
21
0.9694226377952756
0
LINE
8
BLACK
6
CONTINUOUS
10
1.3234361811023623
20
0.9694226377952756
11
1.3241706299212599
21
0.9703175590551181
0
LINE
8
BLACK
6
CONTINUOUS
10
1.3241706299212599
20
0.9703175590551181
11
1.4704724409448819
21
1.1166193700787401
0
LINE
8
BLACK
6
CONTINUOUS
10
1.4704724409448819
20
1.1166193700787401
11
1.4704724409448819
21
1.4150849212598424
0
LINE
8
BLACK
6
CONTINUOUS
10
1.4704724409448819
20
1.4150849212598424
11
1.469187874015748
21
1.4158265354330708
0
LINE
8
BLACK
6
CONTINUOUS
10
1.469187874015748
20
1.4158265354330708
11
1.4670076377952757
21
1.4180067716535434
0
LINE
8
BLACK
6
CONTINUOUS
10
1.4670076377952757
20
1.4180067716535434
11
1.4654659842519684
21
1.4206769685039369
0
LINE
8
BLACK
6
CONTINUOUS
10
1.4654659842519684
20
1.4206769685039369
11
1.4646679921259842
21
1.4236551968503937
0
LINE
8
BLACK
6
CONTINUOUS
10
1.4646679921259842
20
1.4236551968503937
11
1.4646679921259842
21
1.4267385039370077
0
LINE
8
BLACK
6
CONTINUOUS
10
1.4646679921259842
20
1.4267385039370077
11
1.4654659842519684
21
1.4297167322834645
0
LINE
8
BLACK
6
CONTINUOUS
10
1.4654659842519684
20
1.4297167322834645
11
1.4670076377952757
21
1.4323869291338582
0
LINE
8
BLACK
6
CONTINUOUS
10
1.4670076377952757
20
1.4323869291338582
11
1.469187874015748
21
1.4345671653543306
0
LINE
8
BLACK
6
CONTINUOUS
10
1.469187874015748
20
1.4345671653543306
11
1.4718580708661417
21
1.4361088188976379
0
LINE
8
BLACK
6
CONTINUOUS
10
1.4718580708661417
20
1.4361088188976379
11
1.4748362992125983
21
1.4369068110236221
0
LINE
8
BLACK
6
CONTINUOUS
10
1.4748362992125983
20
1.4369068110236221
11
1.4779196062992126
21
1.4369068110236221
0
LINE
8
BLACK
6
CONTINUOUS
10
1.4779196062992126
20
1.4369068110236221
11
1.4808978346456692
21
1.4361088188976379
0
LINE
8
BLACK
6
CONTINUOUS
10
1.6383781496062992
20
1.479415905511811
11
1.641048346456693
21
1.477874251968504
0
LINE
8
BLACK
6
CONTINUOUS
10
1.641048346456693
20
1.477874251968504
11
1.6432285826771653
21
1.4756940157480314
0
LINE
8
BLACK
6
CONTINUOUS
10
1.6432285826771653
20
1.4756940157480314
11
1.6447702362204724
21
1.4730238188976377
0
LINE
8
BLACK
6
CONTINUOUS
10
1.6447702362204724
20
1.4730238188976377
11
1.6455682283464566
21
1.4700455905511811
0
LINE
8
BLACK
6
CONTINUOUS
10
1.6455682283464566
20
1.4700455905511811
11
1.6455682283464566
21
1.4669622834645668
0
LINE
8
BLACK
6
CONTINUOUS
10
1.6455682283464566
20
1.4669622834645668
11
1.6451843307086613
21
1.4655295275590552
0
LINE
8
BLACK
6
CONTINUOUS
10
1.6451843307086613
20
1.4655295275590552
11
1.7403962992125983
21
1.370317559055118
0
LINE
8
BLACK
6
CONTINUOUS
10
1.7403962992125983
20
1.370317559055118
11
1.7411307480314959
21
1.3694226771653544
0
LINE
8
BLACK
6
CONTINUOUS
10
1.7411307480314959
20
1.3694226771653544
11
1.741522559055118
21
1.3684767322834646
0
LINE
8
BLACK
6
CONTINUOUS
10
1.741522559055118
20
1.3684767322834646
11
1.7420125196850393
21
1.3672938582677165
0
LINE
8
BLACK
6
CONTINUOUS
10
1.7420125196850393
20
1.3672938582677165
11
1.7421259842519685
21
1.3661417322834646
0
LINE
8
BLACK
6
CONTINUOUS
10
1.7421259842519685
20
1.3661417322834646
11
1.7421259842519685
21
0.6023622047244095
0
LINE
8
BLACK
6
CONTINUOUS
10
1.7421259842519685
20
0.6023622047244095
11
1.7420125196850393
21
0.6012100787401574
0
LINE
8
BLACK
6
CONTINUOUS
10
1.7420125196850393
20
0.6012100787401574
11
1.7416472440944881
21
0.6003283070866141
0
LINE
8
BLACK
6
CONTINUOUS
10
1.7416472440944881
20
0.6003283070866141
11
1.7411307480314959
21
0.5990812992125985
0
LINE
8
BLACK
6
CONTINUOUS
10
1.7411307480314959
20
0.5990812992125985
11
1.7403962992125983
21
0.5981863779527559
0
LINE
8
BLACK
6
CONTINUOUS
10
1.7403962992125983
20
0.5981863779527559
11
1.6342519685039369
21
0.4920420472440944
0
LINE
8
BLACK
6
CONTINUOUS
10
1.6342519685039369
20
0.4920420472440944
11
1.6342519685039369
21
0.4618897637795276
0
LINE
8
BLACK
6
CONTINUOUS
10
1.6342519685039369
20
0.4618897637795276
11
1.6583464566929134
21
0.4618897637795276
0
LINE
8
BLACK
6
CONTINUOUS
10
1.6583464566929134
20
0.4618897637795276
11
1.6583464566929134
21
0.4018897637795276
0
LINE
8
BLACK
6
CONTINUOUS
10
1.6583464566929134
20
0.4018897637795276
11
1.6342519685039369
21
0.4018897637795276
0
LINE
8
BLACK
6
CONTINUOUS
10
1.6342519685039369
20
0.4018897637795276
11
1.6342519685039369
21
0.3618897637795275
0
LINE
8
BLACK
6
CONTINUOUS
10
1.6342519685039369
20
0.3618897637795275
11
1.6583464566929134
21
0.3618897637795275
0
LINE
8
BLACK
6
CONTINUOUS
10
1.6583464566929134
20
0.3618897637795275
11
1.6583464566929134
21
0.3018897637795275
0
LINE
8
BLACK
6
CONTINUOUS
10
1.6583464566929134
20
0.3018897637795275
11
1.5983464566929133
21
0.3018897637795275
0
LINE
8
BLACK
6
CONTINUOUS
10
1.5983464566929133
20
0.3018897637795275
11
1.5983464566929133
21
0.3618897637795275
0
LINE
8
BLACK
6
CONTINUOUS
10
1.5983464566929133
20
0.3618897637795275
11
1.6224409448818897
21
0.3618897637795275
0
LINE
8
BLACK
6
CONTINUOUS
10
1.6224409448818897
20
0.3618897637795275
11
1.6224409448818897
21
0.4018897637795276
0
LINE
8
BLACK
6
CONTINUOUS
10
1.6224409448818897
20
0.4018897637795276
11
1.5983464566929133
21
0.4018897637795276
0
LINE
8
BLACK
6
CONTINUOUS
10
1.5983464566929133
20
0.4018897637795276
11
1.5983464566929133
21
0.4618897637795276
0
LINE
8
BLACK
6
CONTINUOUS
10
1.5983464566929133
20
0.4618897637795276
11
1.6224409448818897
21
0.4618897637795276
0
LINE
8
BLACK
6
CONTINUOUS
10
1.6224409448818897
20
0.4618897637795276
11
1.6224409448818897
21
0.4944881889763779
0
LINE
8
BLACK
6
CONTINUOUS
10
1.6224409448818897
20
0.4944881889763779
11
1.6225544094488189
21
0.4956403149606299
0
LINE
8
BLACK
6
CONTINUOUS
10
1.6225544094488189
20
0.4956403149606299
11
1.6230820866141731
21
0.4969142125984252
0
LINE
8
BLACK
6
CONTINUOUS
10
1.6230820866141731
20
0.4969142125984252
11
1.6234361811023621
21
0.497769094488189
0
LINE
8
BLACK
6
CONTINUOUS
10
1.6234361811023621
20
0.497769094488189
11
1.6241706299212597
21
0.4986640157480315
0
LINE
8
BLACK
6
CONTINUOUS
10
1.6241706299212597
20
0.4986640157480315
11
1.7303149606299213
21
0.6048083464566929
0
LINE
8
BLACK
6
CONTINUOUS
10
1.7303149606299213
20
0.6048083464566929
11
1.7303149606299213
21
1.3636955905511812
0
LINE
8
BLACK
6
CONTINUOUS
10
1.7303149606299213
20
1.3636955905511812
11
1.6368326771653543
21
1.4571778740157479
0
LINE
8
BLACK
6
CONTINUOUS
10
1.6368326771653543
20
1.4571778740157479
11
1.6353999212598425
21
1.4567939763779527
0
LINE
8
BLACK
6
CONTINUOUS
10
1.6353999212598425
20
1.4567939763779527
11
1.6323166141732284
21
1.4567939763779527
0
LINE
8
BLACK
6
CONTINUOUS
10
1.6323166141732284
20
1.4567939763779527
11
1.6293383858267716
21
1.4575919685039369
0
LINE
8
BLACK
6
CONTINUOUS
10
1.6293383858267716
20
1.4575919685039369
11
1.6266681889763779
21
1.4591336220472442
0
LINE
8
BLACK
6
CONTINUOUS
10
1.6266681889763779
20
1.4591336220472442
11
1.6244879527559055
21
1.4613138582677165
0
LINE
8
BLACK
6
CONTINUOUS
10
1.6244879527559055
20
1.4613138582677165
11
1.6229462992125985
21
1.4639840551181103
0
LINE
8
BLACK
6
CONTINUOUS
10
1.6229462992125985
20
1.4639840551181103
11
1.6221483070866141
21
1.4669622834645668
0
LINE
8
BLACK
6
CONTINUOUS
10
1.6221483070866141
20
1.4669622834645668
11
1.6221483070866141
21
1.4700455905511811
0
LINE
8
BLACK
6
CONTINUOUS
10
1.6221483070866141
20
1.4700455905511811
11
1.6229462992125985
21
1.4730238188976377
0
LINE
8
BLACK
6
CONTINUOUS
10
1.6229462992125985
20
1.4730238188976377
11
1.6244879527559055
21
1.4756940157480314
0
LINE
8
BLACK
6
CONTINUOUS
10
1.6244879527559055
20
1.4756940157480314
11
1.6266681889763779
21
1.477874251968504
0
LINE
8
BLACK
6
CONTINUOUS
10
1.6266681889763779
20
1.477874251968504
11
1.6293383858267716
21
1.479415905511811
0
LINE
8
BLACK
6
CONTINUOUS
10
1.6293383858267716
20
1.479415905511811
11
1.6323166141732284
21
1.4802138976377952
0
LINE
8
BLACK
6
CONTINUOUS
10
1.6323166141732284
20
1.4802138976377952
11
1.6353999212598425
21
1.4802138976377952
0
LINE
8
BLACK
6
CONTINUOUS
10
1.6353999212598425
20
1.4802138976377952
11
1.6383781496062992
21
1.479415905511811
0
LINE
8
BLACK
6
CONTINUOUS
10
1.8382102362204724
20
0.7225550787401575
11
1.8408804330708661
21
0.7210134251968504
0
LINE
8
BLACK
6
CONTINUOUS
10
1.8408804330708661
20
0.7210134251968504
11
1.8423767322834645
21
0.719517125984252
0
LINE
8
BLACK
6
CONTINUOUS
10
1.8423767322834645
20
0.719517125984252
11
1.9655222440944882
21
0.719517125984252
0
LINE
8
BLACK
6
CONTINUOUS
10
1.9655222440944882
20
0.719517125984252
11
1.9670583858267716
21
0.7193658267716535
0
LINE
8
BLACK
6
CONTINUOUS
10
1.9670583858267716
20
0.7193658267716535
11
1.9698968110236219
21
0.7181901181102363
0
LINE
8
BLACK
6
CONTINUOUS
10
1.9698968110236219
20
0.7181901181102363
11
1.97109
21
0.7172108661417322
0
LINE
8
BLACK
6
CONTINUOUS
10
1.97109
20
0.7172108661417322
11
1.9758035039370079
21
0.7124973622047244
0
LINE
8
BLACK
6
CONTINUOUS
10
1.9758035039370079
20
0.7124973622047244
11
1.9779196062992126
21
0.7124973622047244
0
LINE
8
BLACK
6
CONTINUOUS
10
1.9779196062992126
20
0.7124973622047244
11
1.9808978346456692
21
0.7116993700787402
0
LINE
8
BLACK
6
CONTINUOUS
10
1.9808978346456692
20
0.7116993700787402
11
1.9835680314960629
21
0.710157716535433
0
LINE
8
BLACK
6
CONTINUOUS
10
1.9835680314960629
20
0.710157716535433
11
1.9857482677165355
21
0.7079774803149607
0
LINE
8
BLACK
6
CONTINUOUS
10
1.9857482677165355
20
0.7079774803149607
11
1.9872899212598425
21
0.7053072834645669
0
LINE
8
BLACK
6
CONTINUOUS
10
1.9872899212598425
20
0.7053072834645669
11
1.9880879133858267
21
0.7023290551181102
0
LINE
8
BLACK
6
CONTINUOUS
10
1.9880879133858267
20
0.7023290551181102
11
1.9880879133858267
21
0.6992457480314961
0
LINE
8
BLACK
6
CONTINUOUS
10
1.9880879133858267
20
0.6992457480314961
11
1.9872899212598425
21
0.6962675196850393
0
LINE
8
BLACK
6
CONTINUOUS
10
1.9872899212598425
20
0.6962675196850393
11
1.9857482677165355
21
0.6935973228346457
0
LINE
8
BLACK
6
CONTINUOUS
10
1.9857482677165355
20
0.6935973228346457
11
1.984251968503937
21
0.6921010236220472
0
LINE
8
BLACK
6
CONTINUOUS
10
1.984251968503937
20
0.6921010236220472
11
1.984251968503937
21
0.5748031496062992
0
LINE
8
BLACK
6
CONTINUOUS
10
1.984251968503937
20
0.5748031496062992
11
2.117297874015748
21
0.5748031496062992
0
LINE
8
BLACK
6
CONTINUOUS
10
2.117297874015748
20
0.5748031496062992
11
2.1187941732283466
21
0.5762994488188976
0
LINE
8
BLACK
6
CONTINUOUS
10
2.1187941732283466
20
0.5762994488188976
11
2.1214643700787401
21
0.5778411023622048
0
LINE
8
BLACK
6
CONTINUOUS
10
2.1214643700787401
20
0.5778411023622048
11
2.1244425984251967
21
0.578639094488189
0
LINE
8
BLACK
6
CONTINUOUS
10
2.1244425984251967
20
0.578639094488189
11
2.1275259055118108
21
0.578639094488189
0
LINE
8
BLACK
6
CONTINUOUS
10
2.1275259055118108
20
0.578639094488189
11
2.1305041338582678
21
0.5778411023622048
0
LINE
8
BLACK
6
CONTINUOUS
10
2.1305041338582678
20
0.5778411023622048
11
2.1331743307086612
21
0.5762994488188976
0
LINE
8
BLACK
6
CONTINUOUS
10
2.1331743307086612
20
0.5762994488188976
11
2.1353545669291338
21
0.5741192125984251
0
LINE
8
BLACK
6
CONTINUOUS
10
2.1353545669291338
20
0.5741192125984251
11
2.1368962204724409
21
0.5714490157480315
0
LINE
8
BLACK
6
CONTINUOUS
10
2.1368962204724409
20
0.5714490157480315
11
2.1376942125984253
21
0.5684707874015748
0
LINE
8
BLACK
6
CONTINUOUS
10
2.1376942125984253
20
0.5684707874015748
11
2.1376942125984253
21
0.5653874803149607
0
LINE
8
BLACK
6
CONTINUOUS
10
2.1376942125984253
20
0.5653874803149607
11
2.1368962204724409
21
0.5624092519685039
0
LINE
8
BLACK
6
CONTINUOUS
10
2.1368962204724409
20
0.5624092519685039
11
2.1353545669291338
21
0.5597390551181102
0
LINE
8
BLACK
6
CONTINUOUS
10
2.1353545669291338
20
0.5597390551181102
11
2.1331743307086612
21
0.5575588188976378
0
LINE
8
BLACK
6
CONTINUOUS
10
2.1331743307086612
20
0.5575588188976378
11
2.1305041338582678
21
0.5560171653543307
0
LINE
8
BLACK
6
CONTINUOUS
10
2.1305041338582678
20
0.5560171653543307
11
2.1275259055118108
21
0.5552191732283465
0
LINE
8
BLACK
6
CONTINUOUS
10
2.1275259055118108
20
0.5552191732283465
11
2.1244425984251967
21
0.5552191732283465
0
LINE
8
BLACK
6
CONTINUOUS
10
2.1244425984251967
20
0.5552191732283465
11
2.1214643700787401
21
0.5560171653543307
0
LINE
8
BLACK
6
CONTINUOUS
10
2.1214643700787401
20
0.5560171653543307
11
2.1187941732283466
21
0.5575588188976378
0
LINE
8
BLACK
6
CONTINUOUS
10
2.1187941732283466
20
0.5575588188976378
11
2.117297874015748
21
0.5590551181102362
0
LINE
8
BLACK
6
CONTINUOUS
10
2.117297874015748
20
0.5590551181102362
11
1.9763779527559056
21
0.5590551181102362
0
LINE
8
BLACK
6
CONTINUOUS
10
1.9763779527559056
20
0.5590551181102362
11
1.9456942519685039
21
0.5590551181102362
0
LINE
8
BLACK
6
CONTINUOUS
10
1.9456942519685039
20
0.5590551181102362
11
1.9441979527559055
21
0.5575588188976378
0
LINE
8
BLACK
6
CONTINUOUS
10
1.9441979527559055
20
0.5575588188976378
11
1.9415277559055117
21
0.5560171653543307
0
LINE
8
BLACK
6
CONTINUOUS
10
1.9415277559055117
20
0.5560171653543307
11
1.938549527559055
21
0.5552191732283465
0
LINE
8
BLACK
6
CONTINUOUS
10
1.938549527559055
20
0.5552191732283465
11
1.9354662204724409
21
0.5552191732283465
0
LINE
8
BLACK
6
CONTINUOUS
10
1.9354662204724409
20
0.5552191732283465
11
1.9324879921259841
21
0.5560171653543307
0
LINE
8
BLACK
6
CONTINUOUS
10
1.9324879921259841
20
0.5560171653543307
11
1.9298177952755906
21
0.5575588188976378
0
LINE
8
BLACK
6
CONTINUOUS
10
1.9298177952755906
20
0.5575588188976378
11
1.927637559055118
21
0.5597390551181102
0
LINE
8
BLACK
6
CONTINUOUS
10
1.927637559055118
20
0.5597390551181102
11
1.926095905511811
21
0.5624092519685039
0
LINE
8
BLACK
6
CONTINUOUS
10
1.926095905511811
20
0.5624092519685039
11
1.9252979133858268
21
0.5653874803149607
0
LINE
8
BLACK
6
CONTINUOUS
10
1.9252979133858268
20
0.5653874803149607
11
1.9252979133858268
21
0.5684707874015748
0
LINE
8
BLACK
6
CONTINUOUS
10
1.9252979133858268
20
0.5684707874015748
11
1.926095905511811
21
0.5714490157480315
0
LINE
8
BLACK
6
CONTINUOUS
10
1.926095905511811
20
0.5714490157480315
11
1.927637559055118
21
0.5741192125984251
0
LINE
8
BLACK
6
CONTINUOUS
10
1.927637559055118
20
0.5741192125984251
11
1.9298177952755906
21
0.5762994488188976
0
LINE
8
BLACK
6
CONTINUOUS
10
1.9298177952755906
20
0.5762994488188976
11
1.9324879921259841
21
0.5778411023622048
0
LINE
8
BLACK
6
CONTINUOUS
10
1.9324879921259841
20
0.5778411023622048
11
1.9354662204724409
21
0.578639094488189
0
LINE
8
BLACK
6
CONTINUOUS
10
1.9354662204724409
20
0.578639094488189
11
1.938549527559055
21
0.578639094488189
0
LINE
8
BLACK
6
CONTINUOUS
10
1.938549527559055
20
0.578639094488189
11
1.9415277559055117
21
0.5778411023622048
0
LINE
8
BLACK
6
CONTINUOUS
10
1.9415277559055117
20
0.5778411023622048
11
1.9441979527559055
21
0.5762994488188976
0
LINE
8
BLACK
6
CONTINUOUS
10
1.9441979527559055
20
0.5762994488188976
11
1.9456942519685039
21
0.5748031496062992
0
LINE
8
BLACK
6
CONTINUOUS
10
1.9456942519685039
20
0.5748031496062992
11
1.9685039370078741
21
0.5748031496062992
0
LINE
8
BLACK
6
CONTINUOUS
10
1.9685039370078741
20
0.5748031496062992
11
1.9685039370078741
21
0.6921010236220472
0
LINE
8
BLACK
6
CONTINUOUS
10
1.9685039370078741
20
0.6921010236220472
11
1.9670076377952757
21
0.6935973228346457
0
LINE
8
BLACK
6
CONTINUOUS
10
1.9670076377952757
20
0.6935973228346457
11
1.9654659842519684
21
0.6962675196850393
0
LINE
8
BLACK
6
CONTINUOUS
10
1.9654659842519684
20
0.6962675196850393
11
1.9646679921259842
21
0.6992457480314961
0
LINE
8
BLACK
6
CONTINUOUS
10
1.9646679921259842
20
0.6992457480314961
11
1.9646679921259842
21
0.7013618503937008
0
LINE
8
BLACK
6
CONTINUOUS
10
1.9646679921259842
20
0.7013618503937008
11
1.962260748031496
21
0.7037690944881889
0
LINE
8
BLACK
6
CONTINUOUS
10
1.962260748031496
20
0.7037690944881889
11
1.8423767322834645
21
0.7037690944881889
0
LINE
8
BLACK
6
CONTINUOUS
10
1.8423767322834645
20
0.7037690944881889
11
1.8408804330708661
21
0.7022727952755905
0
LINE
8
BLACK
6
CONTINUOUS
10
1.8408804330708661
20
0.7022727952755905
11
1.8382102362204724
21
0.7007311417322835
0
LINE
8
BLACK
6
CONTINUOUS
10
1.8382102362204724
20
0.7007311417322835
11
1.8352320078740156
21
0.6999331496062992
0
LINE
8
BLACK
6
CONTINUOUS
10
1.8352320078740156
20
0.6999331496062992
11
1.8321487007874016
21
0.6999331496062992
0
LINE
8
BLACK
6
CONTINUOUS
10
1.8321487007874016
20
0.6999331496062992
11
1.8291704724409448
21
0.7007311417322835
0
LINE
8
BLACK
6
CONTINUOUS
10
1.8291704724409448
20
0.7007311417322835
11
1.8265002755905511
21
0.7022727952755905
0
LINE
8
BLACK
6
CONTINUOUS
10
1.8265002755905511
20
0.7022727952755905
11
1.8243200393700787
21
0.704453031496063
0
LINE
8
BLACK
6
CONTINUOUS
10
1.8243200393700787
20
0.704453031496063
11
1.8227783858267717
21
0.7071232283464567
0
LINE
8
BLACK
6
CONTINUOUS
10
1.8227783858267717
20
0.7071232283464567
11
1.8219803937007875
21
0.7101014566929134
0
LINE
8
BLACK
6
CONTINUOUS
10
1.8219803937007875
20
0.7101014566929134
11
1.8219803937007875
21
0.7131847637795276
0
LINE
8
BLACK
6
CONTINUOUS
10
1.8219803937007875
20
0.7131847637795276
11
1.8227783858267717
21
0.7161629921259842
0
LINE
8
BLACK
6
CONTINUOUS
10
1.8227783858267717
20
0.7161629921259842
11
1.8243200393700787
21
0.7188331889763779
0
LINE
8
BLACK
6
CONTINUOUS
10
1.8243200393700787
20
0.7188331889763779
11
1.8265002755905511
21
0.7210134251968504
0
LINE
8
BLACK
6
CONTINUOUS
10
1.8265002755905511
20
0.7210134251968504
11
1.8291704724409448
21
0.7225550787401575
0
LINE
8
BLACK
6
CONTINUOUS
10
1.8291704724409448
20
0.7225550787401575
11
1.8321487007874016
21
0.7233530708661418
0
LINE
8
BLACK
6
CONTINUOUS
10
1.8321487007874016
20
0.7233530708661418
11
1.8352320078740156
21
0.7233530708661418
0
LINE
8
BLACK
6
CONTINUOUS
10
1.8352320078740156
20
0.7233530708661418
11
1.8382102362204724
21
0.7225550787401575
0
LINE
8
BLACK
6
CONTINUOUS
10
2.3922047244094489
20
0.6566929133858268
11
2.4322047244094489
21
0.6566929133858268
0
LINE
8
BLACK
6
CONTINUOUS
10
2.4322047244094489
20
0.6566929133858268
11
2.4322047244094489
21
0.6788188976377952
0
LINE
8
BLACK
6
CONTINUOUS
10
2.4322047244094489
20
0.6788188976377952
11
2.492204724409449
21
0.6788188976377952
0
LINE
8
BLACK
6
CONTINUOUS
10
2.492204724409449
20
0.6788188976377952
11
2.492204724409449
21
0.6188188976377953
0
LINE
8
BLACK
6
CONTINUOUS
10
2.492204724409449
20
0.6188188976377953
11
2.4322047244094489
21
0.6188188976377953
0
LINE
8
BLACK
6
CONTINUOUS
10
2.4322047244094489
20
0.6188188976377953
11
2.4322047244094489
21
0.6409448818897637
0
LINE
8
BLACK
6
CONTINUOUS
10
2.4322047244094489
20
0.6409448818897637
11
2.3922047244094489
21
0.6409448818897637
0
LINE
8
BLACK
6
CONTINUOUS
10
2.3922047244094489
20
0.6409448818897637
11
2.3922047244094489
21
0.6188188976377953
0
LINE
8
BLACK
6
CONTINUOUS
10
2.3922047244094489
20
0.6188188976377953
11
2.3322047244094488
21
0.6188188976377953
0
LINE
8
BLACK
6
CONTINUOUS
10
2.3322047244094488
20
0.6188188976377953
11
2.3322047244094488
21
0.6788188976377952
0
LINE
8
BLACK
6
CONTINUOUS
10
2.3322047244094488
20
0.6788188976377952
11
2.3922047244094489
21
0.6788188976377952
0
LINE
8
BLACK
6
CONTINUOUS
10
2.3922047244094489
20
0.6788188976377952
11
2.3922047244094489
21
0.6566929133858268
0
LINE
8
BLACK
6
CONTINUOUS
10
1.6599212598425197
20
0.6904724409448819
11
1.5999212598425196
21
0.6904724409448819
0
LINE
8
BLACK
6
CONTINUOUS
10
1.5999212598425196
20
0.6904724409448819
11
1.5999212598425196
21
0.7504724409448819
0
LINE
8
BLACK
6
CONTINUOUS
10
1.5999212598425196
20
0.7504724409448819
11
1.6599212598425197
21
0.7504724409448819
0
LINE
8
BLACK
6
CONTINUOUS
10
1.6599212598425197
20
0.7504724409448819
11
1.6599212598425197
21
0.6904724409448819
0
LINE
8
BLACK
6
CONTINUOUS
10
2.3922047244094489
20
0.7566929133858268
11
2.4322047244094489
21
0.7566929133858268
0
LINE
8
BLACK
6
CONTINUOUS
10
2.4322047244094489
20
0.7566929133858268
11
2.4322047244094489
21
0.7788188976377952
0
LINE
8
BLACK
6
CONTINUOUS
10
2.4322047244094489
20
0.7788188976377952
11
2.492204724409449
21
0.7788188976377952
0
LINE
8
BLACK
6
CONTINUOUS
10
2.492204724409449
20
0.7788188976377952
11
2.492204724409449
21
0.7188188976377953
0
LINE
8
BLACK
6
CONTINUOUS
10
2.492204724409449
20
0.7188188976377953
11
2.4322047244094489
21
0.7188188976377953
0
LINE
8
BLACK
6
CONTINUOUS
10
2.4322047244094489
20
0.7188188976377953
11
2.4322047244094489
21
0.7409448818897638
0
LINE
8
BLACK
6
CONTINUOUS
10
2.4322047244094489
20
0.7409448818897638
11
2.3922047244094489
21
0.7409448818897638
0
LINE
8
BLACK
6
CONTINUOUS
10
2.3922047244094489
20
0.7409448818897638
11
2.3922047244094489
21
0.7188188976377953
0
LINE
8
BLACK
6
CONTINUOUS
10
2.3922047244094489
20
0.7188188976377953
11
2.3322047244094488
21
0.7188188976377953
0
LINE
8
BLACK
6
CONTINUOUS
10
2.3322047244094488
20
0.7188188976377953
11
2.3322047244094488
21
0.7788188976377952
0
LINE
8
BLACK
6
CONTINUOUS
10
2.3322047244094488
20
0.7788188976377952
11
2.3922047244094489
21
0.7788188976377952
0
LINE
8
BLACK
6
CONTINUOUS
10
2.3922047244094489
20
0.7788188976377952
11
2.3922047244094489
21
0.7566929133858268
0
LINE
8
BLACK
6
CONTINUOUS
10
0.3488976377952756
20
0.7235433070866142
11
0.2888976377952756
21
0.7235433070866142
0
LINE
8
BLACK
6
CONTINUOUS
10
0.2888976377952756
20
0.7235433070866142
11
0.2888976377952756
21
0.7835433070866141
0
LINE
8
BLACK
6
CONTINUOUS
10
0.2888976377952756
20
0.7835433070866141
11
0.3488976377952756
21
0.7835433070866141
0
LINE
8
BLACK
6
CONTINUOUS
10
0.3488976377952756
20
0.7835433070866141
11
0.3488976377952756
21
0.7235433070866142
0
LINE
8
BLACK
6
CONTINUOUS
10
2.3922047244094489
20
0.8188188976377953
11
2.3322047244094488
21
0.8188188976377953
0
LINE
8
BLACK
6
CONTINUOUS
10
2.3322047244094488
20
0.8188188976377953
11
2.3322047244094488
21
0.8788188976377953
0
LINE
8
BLACK
6
CONTINUOUS
10
2.3322047244094488
20
0.8788188976377953
11
2.3922047244094489
21
0.8788188976377953
0
LINE
8
BLACK
6
CONTINUOUS
10
2.3922047244094489
20
0.8788188976377953
11
2.3922047244094489
21
0.8188188976377953
0
LINE
8
BLACK
6
CONTINUOUS
10
2.492204724409449
20
0.8188188976377953
11
2.4322047244094489
21
0.8188188976377953
0
LINE
8
BLACK
6
CONTINUOUS
10
2.4322047244094489
20
0.8188188976377953
11
2.4322047244094489
21
0.8788188976377953
0
LINE
8
BLACK
6
CONTINUOUS
10
2.4322047244094489
20
0.8788188976377953
11
2.492204724409449
21
0.8788188976377953
0
LINE
8
BLACK
6
CONTINUOUS
10
2.492204724409449
20
0.8788188976377953
11
2.492204724409449
21
0.8188188976377953
0
LINE
8
BLACK
6
CONTINUOUS
10
2.0835432677165353
20
0.9644881889763779
11
2.0235432677165353
21
0.9644881889763779
0
LINE
8
BLACK
6
CONTINUOUS
10
2.0235432677165353
20
0.9644881889763779
11
2.0235432677165353
21
1.0244881889763779
0
LINE
8
BLACK
6
CONTINUOUS
10
2.0235432677165353
20
1.0244881889763779
11
2.0835432677165353
21
1.0244881889763779
0
LINE
8
BLACK
6
CONTINUOUS
10
2.0835432677165353
20
1.0244881889763779
11
2.0835432677165353
21
0.9644881889763779
0
LINE
8
BLACK
6
CONTINUOUS
10
2.3922047244094489
20
0.9188188976377952
11
2.3322047244094488
21
0.9188188976377952
0
LINE
8
BLACK
6
CONTINUOUS
10
2.3322047244094488
20
0.9188188976377952
11
2.3322047244094488
21
0.9788188976377953
0
LINE
8
BLACK
6
CONTINUOUS
10
2.3322047244094488
20
0.9788188976377953
11
2.3922047244094489
21
0.9788188976377953
0
LINE
8
BLACK
6
CONTINUOUS
10
2.3922047244094489
20
0.9788188976377953
11
2.3922047244094489
21
0.9188188976377952
0
LINE
8
BLACK
6
CONTINUOUS
10
2.492204724409449
20
0.9188188976377952
11
2.4322047244094489
21
0.9188188976377952
0
LINE
8
BLACK
6
CONTINUOUS
10
2.4322047244094489
20
0.9188188976377952
11
2.4322047244094489
21
0.9788188976377953
0
LINE
8
BLACK
6
CONTINUOUS
10
2.4322047244094489
20
0.9788188976377953
11
2.492204724409449
21
0.9788188976377953
0
LINE
8
BLACK
6
CONTINUOUS
10
2.492204724409449
20
0.9788188976377953
11
2.492204724409449
21
0.9188188976377952
0
LINE
8
BLACK
6
CONTINUOUS
10
0.3488975984251969
20
0.9235433070866141
11
0.2888975984251969
21
0.9235433070866141
0
LINE
8
BLACK
6
CONTINUOUS
10
0.2888975984251969
20
0.9235433070866141
11
0.2888975984251969
21
0.9835433070866142
0
LINE
8
BLACK
6
CONTINUOUS
10
0.2888975984251969
20
0.9835433070866142
11
0.3488975984251969
21
0.9835433070866142
0
LINE
8
BLACK
6
CONTINUOUS
10
0.3488975984251969
20
0.9835433070866142
11
0.3488975984251969
21
0.9235433070866141
0
LINE
8
BLACK
6
CONTINUOUS
10
0.4488976771653543
20
0.9235433070866141
11
0.3888976771653543
21
0.9235433070866141
0
LINE
8
BLACK
6
CONTINUOUS
10
0.3888976771653543
20
0.9235433070866141
11
0.3888976771653543
21
0.9835433070866142
0
LINE
8
BLACK
6
CONTINUOUS
10
0.3888976771653543
20
0.9835433070866142
11
0.4488976771653543
21
0.9835433070866142
0
LINE
8
BLACK
6
CONTINUOUS
10
0.4488976771653543
20
0.9835433070866142
11
0.4488976771653543
21
0.9235433070866141
0
LINE
8
BLACK
6
CONTINUOUS
10
2.1835432677165354
20
0.9644881889763779
11
2.1235432677165353
21
0.9644881889763779
0
LINE
8
BLACK
6
CONTINUOUS
10
2.1235432677165353
20
0.9644881889763779
11
2.1235432677165353
21
1.0244881889763779
0
LINE
8
BLACK
6
CONTINUOUS
10
2.1235432677165353
20
1.0244881889763779
11
2.1835432677165354
21
1.0244881889763779
0
LINE
8
BLACK
6
CONTINUOUS
10
2.1835432677165354
20
1.0244881889763779
11
2.1835432677165354
21
0.9644881889763779
0
LINE
8
BLACK
6
CONTINUOUS
10
0.9164670866141732
20
1.9763038582677166
11
0.9173488582677165
21
1.9759386220472441
0
LINE
8
BLACK
6
CONTINUOUS
10
0.9173488582677165
20
1.9759386220472441
11
0.9185958661417323
21
1.9754220866141732
0
LINE
8
BLACK
6
CONTINUOUS
10
0.9185958661417323
20
1.9754220866141732
11
0.9194907874015747
21
1.9746876377952756
0
LINE
8
BLACK
6
CONTINUOUS
10
0.9194907874015747
20
1.9746876377952756
11
1.057564251968504
21
1.8366141732283465
0
LINE
8
BLACK
6
CONTINUOUS
10
1.057564251968504
20
1.8366141732283465
11
1.568628188976378
21
1.8366141732283465
0
LINE
8
BLACK
6
CONTINUOUS
10
1.568628188976378
20
1.8366141732283465
11
1.5693698425196849
21
1.8378987401574802
0
LINE
8
BLACK
6
CONTINUOUS
10
1.5693698425196849
20
1.8378987401574802
11
1.5715500787401575
21
1.8400789763779528
0
LINE
8
BLACK
6
CONTINUOUS
10
1.5715500787401575
20
1.8400789763779528
11
1.5742202755905512
21
1.8416206299212599
0
LINE
8
BLACK
6
CONTINUOUS
10
1.5742202755905512
20
1.8416206299212599
11
1.5771985039370078
21
1.842418622047244
0
LINE
8
BLACK
6
CONTINUOUS
10
1.5771985039370078
20
1.842418622047244
11
1.5802818110236221
21
1.842418622047244
0
LINE
8
BLACK
6
CONTINUOUS
10
1.5802818110236221
20
1.842418622047244
11
1.5832600393700786
21
1.8416206299212599
0
LINE
8
BLACK
6
CONTINUOUS
10
1.5832600393700786
20
1.8416206299212599
11
1.5859302362204724
21
1.8400789763779528
0
LINE
8
BLACK
6
CONTINUOUS
10
1.5859302362204724
20
1.8400789763779528
11
1.5881104724409449
21
1.8378987401574802
0
LINE
8
BLACK
6
CONTINUOUS
10
1.5881104724409449
20
1.8378987401574802
11
1.589652125984252
21
1.8352285433070865
0
LINE
8
BLACK
6
CONTINUOUS
10
1.589652125984252
20
1.8352285433070865
11
1.5904501181102362
21
1.83225031496063
0
LINE
8
BLACK
6
CONTINUOUS
10
1.5904501181102362
20
1.83225031496063
11
1.5904501181102362
21
1.8291670078740156
0
LINE
8
BLACK
6
CONTINUOUS
10
1.5904501181102362
20
1.8291670078740156
11
1.589652125984252
21
1.8261887795275591
0
LINE
8
BLACK
6
CONTINUOUS
10
1.589652125984252
20
1.8261887795275591
11
1.5881104724409449
21
1.8235185826771654
0
LINE
8
BLACK
6
CONTINUOUS
10
1.5881104724409449
20
1.8235185826771654
11
1.5859302362204724
21
1.8213383464566928
0
LINE
8
BLACK
6
CONTINUOUS
10
1.5859302362204724
20
1.8213383464566928
11
1.5846456692913387
21
1.8205967322834646
0
LINE
8
BLACK
6
CONTINUOUS
10
1.5846456692913387
20
1.8205967322834646
11
1.5846456692913387
21
1.5334645669291338
0
LINE
8
BLACK
6
CONTINUOUS
10
1.5846456692913387
20
1.5334645669291338
11
1.6968503937007873
21
1.5334645669291338
0
LINE
8
BLACK
6
CONTINUOUS
10
1.6968503937007873
20
1.5334645669291338
11
1.6980025196850392
21
1.5333511023622046
0
LINE
8
BLACK
6
CONTINUOUS
10
1.6980025196850392
20
1.5333511023622046
11
1.6988842913385827
21
1.5329858661417322
0
LINE
8
BLACK
6
CONTINUOUS
10
1.6988842913385827
20
1.5329858661417322
11
1.7001312992125983
21
1.5324693307086614
0
LINE
8
BLACK
6
CONTINUOUS
10
1.7001312992125983
20
1.5324693307086614
11
1.7010262204724409
21
1.5317348818897638
0
LINE
8
BLACK
6
CONTINUOUS
10
1.7010262204724409
20
1.5317348818897638
11
1.9018136220472441
21
1.3309474803149606
0
LINE
8
BLACK
6
CONTINUOUS
10
1.9018136220472441
20
1.3309474803149606
11
1.9025480708661417
21
1.330052559055118
0
LINE
8
BLACK
6
CONTINUOUS
10
1.9025480708661417
20
1.330052559055118
11
1.9030186614173228
21
1.3289164173228347
0
LINE
8
BLACK
6
CONTINUOUS
10
1.9030186614173228
20
1.3289164173228347
11
1.9034298425196849
21
1.3279237795275591
0
LINE
8
BLACK
6
CONTINUOUS
10
1.9034298425196849
20
1.3279237795275591
11
1.9035433070866141
21
1.326771653543307
0
LINE
8
BLACK
6
CONTINUOUS
10
1.9035433070866141
20
1.326771653543307
11
1.9035433070866141
21
1.2032335433070867
0
LINE
8
BLACK
6
CONTINUOUS
10
1.9035433070866141
20
1.2032335433070867
11
2.0063831496062994
21
1.1003937007874016
0
LINE
8
BLACK
6
CONTINUOUS
10
2.0063831496062994
20
1.1003937007874016
11
2.0235432283464565
21
1.1003937007874016
0
LINE
8
BLACK
6
CONTINUOUS
10
2.0235432283464565
20
1.1003937007874016
11
2.0235432283464565
21
1.124488188976378
0
LINE
8
BLACK
6
CONTINUOUS
10
2.0235432283464565
20
1.124488188976378
11
2.0835432283464566
21
1.124488188976378
0
LINE
8
BLACK
6
CONTINUOUS
10
2.0835432283464566
20
1.124488188976378
11
2.0835432283464566
21
1.1003937007874016
0
LINE
8
BLACK
6
CONTINUOUS
10
2.0835432283464566
20
1.1003937007874016
11
2.1235433070866141
21
1.1003937007874016
0
LINE
8
BLACK
6
CONTINUOUS
10
2.1235433070866141
20
1.1003937007874016
11
2.1235433070866141
21
1.124488188976378
0
LINE
8
BLACK
6
CONTINUOUS
10
2.1235433070866141
20
1.124488188976378
11
2.1835433070866141
21
1.124488188976378
0
LINE
8
BLACK
6
CONTINUOUS
10
2.1835433070866141
20
1.124488188976378
11
2.1835433070866141
21
1.064488188976378
0
LINE
8
BLACK
6
CONTINUOUS
10
2.1835433070866141
20
1.064488188976378
11
2.1235433070866141
21
1.064488188976378
0
LINE
8
BLACK
6
CONTINUOUS
10
2.1235433070866141
20
1.064488188976378
11
2.1235433070866141
21
1.0885826771653544
0
LINE
8
BLACK
6
CONTINUOUS
10
2.1235433070866141
20
1.0885826771653544
11
2.0835432283464566
21
1.0885826771653544
0
LINE
8
BLACK
6
CONTINUOUS
10
2.0835432283464566
20
1.0885826771653544
11
2.0835432283464566
21
1.064488188976378
0
LINE
8
BLACK
6
CONTINUOUS
10
2.0835432283464566
20
1.064488188976378
11
2.0235432283464565
21
1.064488188976378
0
LINE
8
BLACK
6
CONTINUOUS
10
2.0235432283464565
20
1.064488188976378
11
2.0235432283464565
21
1.0885826771653544
0
LINE
8
BLACK
6
CONTINUOUS
10
2.0235432283464565
20
1.0885826771653544
11
2.0039370078740157
21
1.0885826771653544
0
LINE
8
BLACK
6
CONTINUOUS
10
2.0039370078740157
20
1.0885826771653544
11
2.0027848818897636
21
1.0886961417322834
0
LINE
8
BLACK
6
CONTINUOUS
10
2.0027848818897636
20
1.0886961417322834
11
2.0019031102362206
21
1.0890614173228346
0
LINE
8
BLACK
6
CONTINUOUS
10
2.0019031102362206
20
1.0890614173228346
11
2.0006561023622047
21
1.0895779133858268
0
LINE
8
BLACK
6
CONTINUOUS
10
2.0006561023622047
20
1.0895779133858268
11
1.9997611811023621
21
1.0903123622047244
0
LINE
8
BLACK
6
CONTINUOUS
10
1.9997611811023621
20
1.0903123622047244
11
1.8934619685039369
21
1.1966115748031496
0
LINE
8
BLACK
6
CONTINUOUS
10
1.8934619685039369
20
1.1966115748031496
11
1.8927275196850393
21
1.1975064960629922
0
LINE
8
BLACK
6
CONTINUOUS
10
1.8927275196850393
20
1.1975064960629922
11
1.8918457480314961
21
1.1996353149606298
0
LINE
8
BLACK
6
CONTINUOUS
10
1.8918457480314961
20
1.1996353149606298
11
1.8917322834645669
21
1.200787401574803
0
LINE
8
BLACK
6
CONTINUOUS
10
1.8917322834645669
20
1.200787401574803
11
1.8917322834645669
21
1.3243255118110235
0
LINE
8
BLACK
6
CONTINUOUS
10
1.8917322834645669
20
1.3243255118110235
11
1.6944042519685039
21
1.5216535433070866
0
LINE
8
BLACK
6
CONTINUOUS
10
1.6944042519685039
20
1.5216535433070866
11
1.5787401574803148
21
1.5216535433070866
0
LINE
8
BLACK
6
CONTINUOUS
10
1.5787401574803148
20
1.5216535433070866
11
1.4197689763779526
21
1.5216535433070866
0
LINE
8
BLACK
6
CONTINUOUS
10
1.4197689763779526
20
1.5216535433070866
11
1.3051181102362204
21
1.4070026771653543
0
LINE
8
BLACK
6
CONTINUOUS
10
1.3051181102362204
20
1.4070026771653543
11
1.3051181102362204
21
1.3252698425196849
0
LINE
8
BLACK
6
CONTINUOUS
10
1.3051181102362204
20
1.3252698425196849
11
1.3061875590551182
21
1.3234175196850393
0
LINE
8
BLACK
6
CONTINUOUS
10
1.3061875590551182
20
1.3234175196850393
11
1.3069855511811024
21
1.3204392913385827
0
LINE
8
BLACK
6
CONTINUOUS
10
1.3069855511811024
20
1.3204392913385827
11
1.3069855511811024
21
1.3173559842519684
0
LINE
8
BLACK
6
CONTINUOUS
10
1.3069855511811024
20
1.3173559842519684
11
1.3061875590551182
21
1.3143777559055119
0
LINE
8
BLACK
6
CONTINUOUS
10
1.3061875590551182
20
1.3143777559055119
11
1.3046459055118109
21
1.3117075590551182
0
LINE
8
BLACK
6
CONTINUOUS
10
1.3046459055118109
20
1.3117075590551182
11
1.3024656692913386
21
1.3095273228346456
0
LINE
8
BLACK
6
CONTINUOUS
10
1.3024656692913386
20
1.3095273228346456
11
1.2997954724409448
21
1.3079856692913385
0
LINE
8
BLACK
6
CONTINUOUS
10
1.2997954724409448
20
1.3079856692913385
11
1.2968172440944881
21
1.3071876771653543
0
LINE
8
BLACK
6
CONTINUOUS
10
1.2968172440944881
20
1.3071876771653543
11
1.293733937007874
21
1.3071876771653543
0
LINE
8
BLACK
6
CONTINUOUS
10
1.293733937007874
20
1.3071876771653543
11
1.2907557086614172
21
1.3079856692913385
0
LINE
8
BLACK
6
CONTINUOUS
10
1.2907557086614172
20
1.3079856692913385
11
1.2880855118110235
21
1.3095273228346456
0
LINE
8
BLACK
6
CONTINUOUS
10
1.2880855118110235
20
1.3095273228346456
11
1.2859052755905511
21
1.3117075590551182
0
LINE
8
BLACK
6
CONTINUOUS
10
1.2859052755905511
20
1.3117075590551182
11
1.2843636220472441
21
1.3143777559055119
0
LINE
8
BLACK
6
CONTINUOUS
10
1.2843636220472441
20
1.3143777559055119
11
1.2835656299212599
21
1.3173559842519684
0
LINE
8
BLACK
6
CONTINUOUS
10
1.2835656299212599
20
1.3173559842519684
11
1.2835656299212599
21
1.3204392913385827
0
LINE
8
BLACK
6
CONTINUOUS
10
1.2835656299212599
20
1.3204392913385827
11
1.2843636220472441
21
1.3234175196850393
0
LINE
8
BLACK
6
CONTINUOUS
10
1.2843636220472441
20
1.3234175196850393
11
1.2859052755905511
21
1.326087716535433
0
LINE
8
BLACK
6
CONTINUOUS
10
1.2859052755905511
20
1.326087716535433
11
1.2880855118110235
21
1.3282679527559056
0
LINE
8
BLACK
6
CONTINUOUS
10
1.2880855118110235
20
1.3282679527559056
11
1.2907557086614172
21
1.3298096062992126
0
LINE
8
BLACK
6
CONTINUOUS
10
1.2907557086614172
20
1.3298096062992126
11
1.2933070866141732
21
1.3304932283464566
0
LINE
8
BLACK
6
CONTINUOUS
10
1.2933070866141732
20
1.3304932283464566
11
1.2933070866141732
21
1.4094488188976377
0
LINE
8
BLACK
6
CONTINUOUS
10
1.2933070866141732
20
1.4094488188976377
11
1.2934205511811023
21
1.4106009448818897
0
LINE
8
BLACK
6
CONTINUOUS
10
1.2934205511811023
20
1.4106009448818897
11
1.2939285433070866
21
1.4118273228346456
0
LINE
8
BLACK
6
CONTINUOUS
10
1.2939285433070866
20
1.4118273228346456
11
1.2943023228346457
21
1.4127297244094488
0
LINE
8
BLACK
6
CONTINUOUS
10
1.2943023228346457
20
1.4127297244094488
11
1.2950367716535434
21
1.4136246456692914
0
LINE
8
BLACK
6
CONTINUOUS
10
1.2950367716535434
20
1.4136246456692914
11
1.4131470078740158
21
1.5317348818897638
0
LINE
8
BLACK
6
CONTINUOUS
10
1.4131470078740158
20
1.5317348818897638
11
1.4140419291338582
21
1.5324693307086614
0
LINE
8
BLACK
6
CONTINUOUS
10
1.4140419291338582
20
1.5324693307086614
11
1.4152889370078741
21
1.5329858661417322
0
LINE
8
BLACK
6
CONTINUOUS
10
1.4152889370078741
20
1.5329858661417322
11
1.4161707086614173
21
1.5333511023622046
0
LINE
8
BLACK
6
CONTINUOUS
10
1.4161707086614173
20
1.5333511023622046
11
1.4173228346456692
21
1.5334645669291338
0
LINE
8
BLACK
6
CONTINUOUS
10
1.4173228346456692
20
1.5334645669291338
11
1.5728346456692912
21
1.5334645669291338
0
LINE
8
BLACK
6
CONTINUOUS
10
1.5728346456692912
20
1.5334645669291338
11
1.5728346456692912
21
1.8205967322834646
0
LINE
8
BLACK
6
CONTINUOUS
10
1.5728346456692912
20
1.8205967322834646
11
1.5715500787401575
21
1.8213383464566928
0
LINE
8
BLACK
6
CONTINUOUS
10
1.5715500787401575
20
1.8213383464566928
11
1.5693698425196849
21
1.8235185826771654
0
LINE
8
BLACK
6
CONTINUOUS
10
1.5693698425196849
20
1.8235185826771654
11
1.568628188976378
21
1.8248031496062991
0
LINE
8
BLACK
6
CONTINUOUS
10
1.568628188976378
20
1.8248031496062991
11
1.0551181102362204
21
1.8248031496062991
0
LINE
8
BLACK
6
CONTINUOUS
10
1.0551181102362204
20
1.8248031496062991
11
1.0539659842519684
21
1.8249166141732283
0
LINE
8
BLACK
6
CONTINUOUS
10
1.0539659842519684
20
1.8249166141732283
11
1.0533424803149607
21
1.8251749212598425
0
LINE
8
BLACK
6
CONTINUOUS
10
1.0533424803149607
20
1.8251749212598425
11
1.0518371653543306
21
1.8257983858267717
0
LINE
8
BLACK
6
CONTINUOUS
10
1.0518371653543306
20
1.8257983858267717
11
1.050942283464567
21
1.8265328346456693
0
LINE
8
BLACK
6
CONTINUOUS
10
1.050942283464567
20
1.8265328346456693
11
0.9128688188976378
21
1.9646062992125983
0
LINE
8
BLACK
6
CONTINUOUS
10
0.9128688188976378
20
1.9646062992125983
11
0.7564225196850394
21
1.9646062992125983
0
LINE
8
BLACK
6
CONTINUOUS
10
0.7564225196850394
20
1.9646062992125983
11
0.7243083858267716
21
1.9324921653543308
0
LINE
8
BLACK
6
CONTINUOUS
10
0.7243083858267716
20
1.9324921653543308
11
0.7243083858267716
21
1.9315291732283464
0
LINE
8
BLACK
6
CONTINUOUS
10
0.7243083858267716
20
1.9315291732283464
11
0.7235103937007874
21
1.9285509448818898
0
LINE
8
BLACK
6
CONTINUOUS
10
0.7235103937007874
20
1.9285509448818898
11
0.7219687401574802
21
1.9258807480314961
0
LINE
8
BLACK
6
CONTINUOUS
10
0.7219687401574802
20
1.9258807480314961
11
0.7197885039370079
21
1.9237005118110235
0
LINE
8
BLACK
6
CONTINUOUS
10
0.7197885039370079
20
1.9237005118110235
11
0.7171183070866142
21
1.9221588582677165
0
LINE
8
BLACK
6
CONTINUOUS
10
0.7171183070866142
20
1.9221588582677165
11
0.7141400787401575
21
1.9213608661417323
0
LINE
8
BLACK
6
CONTINUOUS
10
0.7141400787401575
20
1.9213608661417323
11
0.7110567716535433
21
1.9213608661417323
0
LINE
8
BLACK
6
CONTINUOUS
10
0.7110567716535433
20
1.9213608661417323
11
0.7080785433070866
21
1.9221588582677165
0
LINE
8
BLACK
6
CONTINUOUS
10
0.7080785433070866
20
1.9221588582677165
11
0.7054083464566929
21
1.9237005118110235
0
LINE
8
BLACK
6
CONTINUOUS
10
0.7054083464566929
20
1.9237005118110235
11
0.7032281102362204
21
1.9258807480314961
0
LINE
8
BLACK
6
CONTINUOUS
10
0.7032281102362204
20
1.9258807480314961
11
0.7016864566929134
21
1.9285509448818898
0
LINE
8
BLACK
6
CONTINUOUS
10
0.7016864566929134
20
1.9285509448818898
11
0.7008884645669291
21
1.9315291732283464
0
LINE
8
BLACK
6
CONTINUOUS
10
0.7008884645669291
20
1.9315291732283464
11
0.7008884645669291
21
1.9346124803149607
0
LINE
8
BLACK
6
CONTINUOUS
10
0.7008884645669291
20
1.9346124803149607
11
0.7016864566929134
21
1.9375907086614172
0
LINE
8
BLACK
6
CONTINUOUS
10
0.7016864566929134
20
1.9375907086614172
11
0.7032281102362204
21
1.940260905511811
0
LINE
8
BLACK
6
CONTINUOUS
10
0.7032281102362204
20
1.940260905511811
11
0.7054083464566929
21
1.9424411417322833
0
LINE
8
BLACK
6
CONTINUOUS
10
0.7054083464566929
20
1.9424411417322833
11
0.7080785433070866
21
1.9439827952755906
0
LINE
8
BLACK
6
CONTINUOUS
10
0.7080785433070866
20
1.9439827952755906
11
0.7110567716535433
21
1.9447807874015748
0
LINE
8
BLACK
6
CONTINUOUS
10
0.7110567716535433
20
1.9447807874015748
11
0.7141400787401575
21
1.9447807874015748
0
LINE
8
BLACK
6
CONTINUOUS
10
0.7141400787401575
20
1.9447807874015748
11
0.7171183070866142
21
1.9439827952755906
0
LINE
8
BLACK
6
CONTINUOUS
10
0.7171183070866142
20
1.9439827952755906
11
0.7183718897637795
21
1.9432590157480314
0
LINE
8
BLACK
6
CONTINUOUS
10
0.7183718897637795
20
1.9432590157480314
11
0.7498005511811023
21
1.9746876377952756
0
LINE
8
BLACK
6
CONTINUOUS
10
0.7498005511811023
20
1.9746876377952756
11
0.7506954724409448
21
1.9754220866141732
0
LINE
8
BLACK
6
CONTINUOUS
10
0.7506954724409448
20
1.9754220866141732
11
0.7519424803149606
21
1.9759386220472441
0
LINE
8
BLACK
6
CONTINUOUS
10
0.7519424803149606
20
1.9759386220472441
11
0.7528242519685039
21
1.9763038582677166
0
LINE
8
BLACK
6
CONTINUOUS
10
0.7528242519685039
20
1.9763038582677166
11
0.7539763779527558
21
1.9764173228346456
0
LINE
8
BLACK
6
CONTINUOUS
10
0.7539763779527558
20
1.9764173228346456
11
0.9153149606299212
21
1.9764173228346456
0
LINE
8
BLACK
6
CONTINUOUS
10
0.9153149606299212
20
1.9764173228346456
11
0.9164670866141732
21
1.9763038582677166
0
LINE
8
BLACK
6
CONTINUOUS
10
2.3922047244094489
20
1.0188188976377952
11
2.3322047244094488
21
1.0188188976377952
0
LINE
8
BLACK
6
CONTINUOUS
10
2.3322047244094488
20
1.0188188976377952
11
2.3322047244094488
21
1.0788188976377953
0
LINE
8
BLACK
6
CONTINUOUS
10
2.3322047244094488
20
1.0788188976377953
11
2.3922047244094489
21
1.0788188976377953
0
LINE
8
BLACK
6
CONTINUOUS
10
2.3922047244094489
20
1.0788188976377953
11
2.3922047244094489
21
1.0188188976377952
0
LINE
8
BLACK
6
CONTINUOUS
10
2.492204724409449
20
1.0188188976377952
11
2.4322047244094489
21
1.0188188976377952
0
LINE
8
BLACK
6
CONTINUOUS
10
2.4322047244094489
20
1.0188188976377952
11
2.4322047244094489
21
1.0788188976377953
0
LINE
8
BLACK
6
CONTINUOUS
10
2.4322047244094489
20
1.0788188976377953
11
2.492204724409449
21
1.0788188976377953
0
LINE
8
BLACK
6
CONTINUOUS
10
2.492204724409449
20
1.0788188976377953
11
2.492204724409449
21
1.0188188976377952
0
LINE
8
BLACK
6
CONTINUOUS
10
0.3488976377952756
20
1.0235433070866142
11
0.2888976377952756
21
1.0235433070866142
0
LINE
8
BLACK
6
CONTINUOUS
10
0.2888976377952756
20
1.0235433070866142
11
0.2888976377952756
21
1.0835433070866141
0
LINE
8
BLACK
6
CONTINUOUS
10
0.2888976377952756
20
1.0835433070866141
11
0.3488976377952756
21
1.0835433070866141
0
LINE
8
BLACK
6
CONTINUOUS
10
0.3488976377952756
20
1.0835433070866141
11
0.3488976377952756
21
1.0235433070866142
0
LINE
8
BLACK
6
CONTINUOUS
10
0.4488976377952756
20
1.0235433070866142
11
0.3888976377952756
21
1.0235433070866142
0
LINE
8
BLACK
6
CONTINUOUS
10
0.3888976377952756
20
1.0235433070866142
11
0.3888976377952756
21
1.0835433070866141
0
LINE
8
BLACK
6
CONTINUOUS
10
0.3888976377952756
20
1.0835433070866141
11
0.4488976377952756
21
1.0835433070866141
0
LINE
8
BLACK
6
CONTINUOUS
10
0.4488976377952756
20
1.0835433070866141
11
0.4488976377952756
21
1.0235433070866142
0
LINE
8
BLACK
6
CONTINUOUS
10
2.3922047244094489
20
1.1188188976377953
11
2.3322047244094488
21
1.1188188976377953
0
LINE
8
BLACK
6
CONTINUOUS
10
2.3322047244094488
20
1.1188188976377953
11
2.3322047244094488
21
1.1788188976377953
0
LINE
8
BLACK
6
CONTINUOUS
10
2.3322047244094488
20
1.1788188976377953
11
2.3922047244094489
21
1.1788188976377953
0
LINE
8
BLACK
6
CONTINUOUS
10
2.3922047244094489
20
1.1788188976377953
11
2.3922047244094489
21
1.1188188976377953
0
LINE
8
BLACK
6
CONTINUOUS
10
2.492204724409449
20
1.1188188976377953
11
2.4322047244094489
21
1.1188188976377953
0
LINE
8
BLACK
6
CONTINUOUS
10
2.4322047244094489
20
1.1188188976377953
11
2.4322047244094489
21
1.1788188976377953
0
LINE
8
BLACK
6
CONTINUOUS
10
2.4322047244094489
20
1.1788188976377953
11
2.492204724409449
21
1.1788188976377953
0
LINE
8
BLACK
6
CONTINUOUS
10
2.492204724409449
20
1.1788188976377953
11
2.492204724409449
21
1.1188188976377953
0
LINE
8
BLACK
6
CONTINUOUS
10
0.3488976377952756
20
1.1235433070866141
11
0.2888976377952756
21
1.1235433070866141
0
LINE
8
BLACK
6
CONTINUOUS
10
0.2888976377952756
20
1.1235433070866141
11
0.2888976377952756
21
1.1835433070866141
0
LINE
8
BLACK
6
CONTINUOUS
10
0.2888976377952756
20
1.1835433070866141
11
0.3488976377952756
21
1.1835433070866141
0
LINE
8
BLACK
6
CONTINUOUS
10
0.3488976377952756
20
1.1835433070866141
11
0.3488976377952756
21
1.1235433070866141
0
LINE
8
BLACK
6
CONTINUOUS
10
0.4488976377952756
20
1.1235433070866141
11
0.3888976377952756
21
1.1235433070866141
0
LINE
8
BLACK
6
CONTINUOUS
10
0.3888976377952756
20
1.1235433070866141
11
0.3888976377952756
21
1.1835433070866141
0
LINE
8
BLACK
6
CONTINUOUS
10
0.3888976377952756
20
1.1835433070866141
11
0.4488976377952756
21
1.1835433070866141
0
LINE
8
BLACK
6
CONTINUOUS
10
0.4488976377952756
20
1.1835433070866141
11
0.4488976377952756
21
1.1235433070866141
0
LINE
8
BLACK
6
CONTINUOUS
10
2.0835432677165353
20
1.1644881889763778
11
2.0235432677165353
21
1.1644881889763778
0
LINE
8
BLACK
6
CONTINUOUS
10
2.0235432677165353
20
1.1644881889763778
11
2.0235432677165353
21
1.2244881889763779
0
LINE
8
BLACK
6
CONTINUOUS
10
2.0235432677165353
20
1.2244881889763779
11
2.0835432677165353
21
1.2244881889763779
0
LINE
8
BLACK
6
CONTINUOUS
10
2.0835432677165353
20
1.2244881889763779
11
2.0835432677165353
21
1.1644881889763778
0
LINE
8
BLACK
6
CONTINUOUS
10
2.1835432677165354
20
1.1644881889763778
11
2.1235432677165353
21
1.1644881889763778
0
LINE
8
BLACK
6
CONTINUOUS
10
2.1235432677165353
20
1.1644881889763778
11
2.1235432677165353
21
1.2244881889763779
0
LINE
8
BLACK
6
CONTINUOUS
10
2.1235432677165353
20
1.2244881889763779
11
2.1835432677165354
21
1.2244881889763779
0
LINE
8
BLACK
6
CONTINUOUS
10
2.1835432677165354
20
1.2244881889763779
11
2.1835432677165354
21
1.1644881889763778
0
LINE
8
BLACK
6
CONTINUOUS
10
2.3922047244094489
20
1.2188188976377952
11
2.3322047244094488
21
1.2188188976377952
0
LINE
8
BLACK
6
CONTINUOUS
10
2.3322047244094488
20
1.2188188976377952
11
2.3322047244094488
21
1.2788188976377952
0
LINE
8
BLACK
6
CONTINUOUS
10
2.3322047244094488
20
1.2788188976377952
11
2.3922047244094489
21
1.2788188976377952
0
LINE
8
BLACK
6
CONTINUOUS
10
2.3922047244094489
20
1.2788188976377952
11
2.3922047244094489
21
1.2188188976377952
0
LINE
8
BLACK
6
CONTINUOUS
10
2.492204724409449
20
1.2188188976377952
11
2.4322047244094489
21
1.2188188976377952
0
LINE
8
BLACK
6
CONTINUOUS
10
2.4322047244094489
20
1.2188188976377952
11
2.4322047244094489
21
1.2788188976377952
0
LINE
8
BLACK
6
CONTINUOUS
10
2.4322047244094489
20
1.2788188976377952
11
2.492204724409449
21
1.2788188976377952
0
LINE
8
BLACK
6
CONTINUOUS
10
2.492204724409449
20
1.2788188976377952
11
2.492204724409449
21
1.2188188976377952
0
LINE
8
BLACK
6
CONTINUOUS
10
0.3488976377952756
20
1.2235433070866142
11
0.2888976377952756
21
1.2235433070866142
0
LINE
8
BLACK
6
CONTINUOUS
10
0.2888976377952756
20
1.2235433070866142
11
0.2888976377952756
21
1.2835433070866142
0
LINE
8
BLACK
6
CONTINUOUS
10
0.2888976377952756
20
1.2835433070866142
11
0.3488976377952756
21
1.2835433070866142
0
LINE
8
BLACK
6
CONTINUOUS
10
0.3488976377952756
20
1.2835433070866142
11
0.3488976377952756
21
1.2235433070866142
0
LINE
8
BLACK
6
CONTINUOUS
10
0.4488976377952756
20
1.2235433070866142
11
0.3888976377952756
21
1.2235433070866142
0
LINE
8
BLACK
6
CONTINUOUS
10
0.3888976377952756
20
1.2235433070866142
11
0.3888976377952756
21
1.2835433070866142
0
LINE
8
BLACK
6
CONTINUOUS
10
0.3888976377952756
20
1.2835433070866142
11
0.4488976377952756
21
1.2835433070866142
0
LINE
8
BLACK
6
CONTINUOUS
10
0.4488976377952756
20
1.2835433070866142
11
0.4488976377952756
21
1.2235433070866142
0
LINE
8
BLACK
6
CONTINUOUS
10
2.3922047244094489
20
1.3566929133858268
11
2.4322047244094489
21
1.3566929133858268
0
LINE
8
BLACK
6
CONTINUOUS
10
2.4322047244094489
20
1.3566929133858268
11
2.4322047244094489
21
1.3788188976377953
0
LINE
8
BLACK
6
CONTINUOUS
10
2.4322047244094489
20
1.3788188976377953
11
2.492204724409449
21
1.3788188976377953
0
LINE
8
BLACK
6
CONTINUOUS
10
2.492204724409449
20
1.3788188976377953
11
2.492204724409449
21
1.3188188976377953
0
LINE
8
BLACK
6
CONTINUOUS
10
2.492204724409449
20
1.3188188976377953
11
2.4322047244094489
21
1.3188188976377953
0
LINE
8
BLACK
6
CONTINUOUS
10
2.4322047244094489
20
1.3188188976377953
11
2.4322047244094489
21
1.3409448818897638
0
LINE
8
BLACK
6
CONTINUOUS
10
2.4322047244094489
20
1.3409448818897638
11
2.3922047244094489
21
1.3409448818897638
0
LINE
8
BLACK
6
CONTINUOUS
10
2.3922047244094489
20
1.3409448818897638
11
2.3922047244094489
21
1.3188188976377953
0
LINE
8
BLACK
6
CONTINUOUS
10
2.3922047244094489
20
1.3188188976377953
11
2.3322047244094488
21
1.3188188976377953
0
LINE
8
BLACK
6
CONTINUOUS
10
2.3322047244094488
20
1.3188188976377953
11
2.3322047244094488
21
1.3788188976377953
0
LINE
8
BLACK
6
CONTINUOUS
10
2.3322047244094488
20
1.3788188976377953
11
2.3922047244094489
21
1.3788188976377953
0
LINE
8
BLACK
6
CONTINUOUS
10
2.3922047244094489
20
1.3788188976377953
11
2.3922047244094489
21
1.3566929133858268
0
LINE
8
BLACK
6
CONTINUOUS
10
0.3488976377952756
20
1.3235433070866141
11
0.2888976377952756
21
1.3235433070866141
0
LINE
8
BLACK
6
CONTINUOUS
10
0.2888976377952756
20
1.3235433070866141
11
0.2888976377952756
21
1.3835433070866141
0
LINE
8
BLACK
6
CONTINUOUS
10
0.2888976377952756
20
1.3835433070866141
11
0.3488976377952756
21
1.3835433070866141
0
LINE
8
BLACK
6
CONTINUOUS
10
0.3488976377952756
20
1.3835433070866141
11
0.3488976377952756
21
1.3235433070866141
0
LINE
8
BLACK
6
CONTINUOUS
10
0.4488976377952756
20
1.3235433070866141
11
0.3888976377952756
21
1.3235433070866141
0
LINE
8
BLACK
6
CONTINUOUS
10
0.3888976377952756
20
1.3235433070866141
11
0.3888976377952756
21
1.3835433070866141
0
LINE
8
BLACK
6
CONTINUOUS
10
0.3888976377952756
20
1.3835433070866141
11
0.4488976377952756
21
1.3835433070866141
0
LINE
8
BLACK
6
CONTINUOUS
10
0.4488976377952756
20
1.3835433070866141
11
0.4488976377952756
21
1.3235433070866141
0
LINE
8
BLACK
6
CONTINUOUS
10
2.3922047244094489
20
1.4188188976377953
11
2.3322047244094488
21
1.4188188976377953
0
LINE
8
BLACK
6
CONTINUOUS
10
2.3322047244094488
20
1.4188188976377953
11
2.3322047244094488
21
1.4788188976377952
0
LINE
8
BLACK
6
CONTINUOUS
10
2.3322047244094488
20
1.4788188976377952
11
2.3922047244094489
21
1.4788188976377952
0
LINE
8
BLACK
6
CONTINUOUS
10
2.3922047244094489
20
1.4788188976377952
11
2.3922047244094489
21
1.4188188976377953
0
LINE
8
BLACK
6
CONTINUOUS
10
2.492204724409449
20
1.4188188976377953
11
2.4322047244094489
21
1.4188188976377953
0
LINE
8
BLACK
6
CONTINUOUS
10
2.4322047244094489
20
1.4188188976377953
11
2.4322047244094489
21
1.4788188976377952
0
LINE
8
BLACK
6
CONTINUOUS
10
2.4322047244094489
20
1.4788188976377952
11
2.492204724409449
21
1.4788188976377952
0
LINE
8
BLACK
6
CONTINUOUS
10
2.492204724409449
20
1.4788188976377952
11
2.492204724409449
21
1.4188188976377953
0
LINE
8
BLACK
6
CONTINUOUS
10
0.3488975984251969
20
1.4235433070866141
11
0.2888975984251969
21
1.4235433070866141
0
LINE
8
BLACK
6
CONTINUOUS
10
0.2888975984251969
20
1.4235433070866141
11
0.2888975984251969
21
1.4835433070866142
0
LINE
8
BLACK
6
CONTINUOUS
10
0.2888975984251969
20
1.4835433070866142
11
0.3488975984251969
21
1.4835433070866142
0
LINE
8
BLACK
6
CONTINUOUS
10
0.3488975984251969
20
1.4835433070866142
11
0.3488975984251969
21
1.4235433070866141
0
LINE
8
BLACK
6
CONTINUOUS
10
0.4488976771653543
20
1.4235433070866141
11
0.3888976771653543
21
1.4235433070866141
0
LINE
8
BLACK
6
CONTINUOUS
10
0.3888976771653543
20
1.4235433070866141
11
0.3888976771653543
21
1.4835433070866142
0
LINE
8
BLACK
6
CONTINUOUS
10
0.3888976771653543
20
1.4835433070866142
11
0.4488976771653543
21
1.4835433070866142
0
LINE
8
BLACK
6
CONTINUOUS
10
0.4488976771653543
20
1.4835433070866142
11
0.4488976771653543
21
1.4235433070866141
0
LINE
8
BLACK
6
CONTINUOUS
10
2.3922047244094489
20
1.5566929133858267
11
2.4322047244094489
21
1.5566929133858267
0
LINE
8
BLACK
6
CONTINUOUS
10
2.4322047244094489
20
1.5566929133858267
11
2.4322047244094489
21
1.5788188976377953
0
LINE
8
BLACK
6
CONTINUOUS
10
2.4322047244094489
20
1.5788188976377953
11
2.492204724409449
21
1.5788188976377953
0
LINE
8
BLACK
6
CONTINUOUS
10
2.492204724409449
20
1.5788188976377953
11
2.492204724409449
21
1.5188188976377952
0
LINE
8
BLACK
6
CONTINUOUS
10
2.492204724409449
20
1.5188188976377952
11
2.4322047244094489
21
1.5188188976377952
0
LINE
8
BLACK
6
CONTINUOUS
10
2.4322047244094489
20
1.5188188976377952
11
2.4322047244094489
21
1.5409448818897638
0
LINE
8
BLACK
6
CONTINUOUS
10
2.4322047244094489
20
1.5409448818897638
11
2.3922047244094489
21
1.5409448818897638
0
LINE
8
BLACK
6
CONTINUOUS
10
2.3922047244094489
20
1.5409448818897638
11
2.3922047244094489
21
1.5188188976377952
0
LINE
8
BLACK
6
CONTINUOUS
10
2.3922047244094489
20
1.5188188976377952
11
2.3322047244094488
21
1.5188188976377952
0
LINE
8
BLACK
6
CONTINUOUS
10
2.3322047244094488
20
1.5188188976377952
11
2.3322047244094488
21
1.5788188976377953
0
LINE
8
BLACK
6
CONTINUOUS
10
2.3322047244094488
20
1.5788188976377953
11
2.3922047244094489
21
1.5788188976377953
0
LINE
8
BLACK
6
CONTINUOUS
10
2.3922047244094489
20
1.5788188976377953
11
2.3922047244094489
21
1.5566929133858267
0
LINE
8
BLACK
6
CONTINUOUS
10
0.3488976377952756
20
1.5235433070866142
11
0.2888976377952756
21
1.5235433070866142
0
LINE
8
BLACK
6
CONTINUOUS
10
0.2888976377952756
20
1.5235433070866142
11
0.2888976377952756
21
1.5835433070866141
0
LINE
8
BLACK
6
CONTINUOUS
10
0.2888976377952756
20
1.5835433070866141
11
0.3488976377952756
21
1.5835433070866141
0
LINE
8
BLACK
6
CONTINUOUS
10
0.3488976377952756
20
1.5835433070866141
11
0.3488976377952756
21
1.5235433070866142
0
LINE
8
BLACK
6
CONTINUOUS
10
0.4488976377952756
20
1.5235433070866142
11
0.3888976377952756
21
1.5235433070866142
0
LINE
8
BLACK
6
CONTINUOUS
10
0.3888976377952756
20
1.5235433070866142
11
0.3888976377952756
21
1.5835433070866141
0
LINE
8
BLACK
6
CONTINUOUS
10
0.3888976377952756
20
1.5835433070866141
11
0.4488976377952756
21
1.5835433070866141
0
LINE
8
BLACK
6
CONTINUOUS
10
0.4488976377952756
20
1.5835433070866141
11
0.4488976377952756
21
1.5235433070866142
0
LINE
8
BLACK
6
CONTINUOUS
10
2.1068820866141733
20
1.8101246062992125
11
2.1095522834645668
21
1.8085829527559054
0
LINE
8
BLACK
6
CONTINUOUS
10
2.1095522834645668
20
1.8085829527559054
11
2.1117325196850394
21
1.8064027165354331
0
LINE
8
BLACK
6
CONTINUOUS
10
2.1117325196850394
20
1.8064027165354331
11
2.1132741732283464
21
1.8037325196850393
0
LINE
8
BLACK
6
CONTINUOUS
10
2.1132741732283464
20
1.8037325196850393
11
2.1140721653543308
21
1.8007542913385826
0
LINE
8
BLACK
6
CONTINUOUS
10
2.1140721653543308
20
1.8007542913385826
11
2.1140721653543308
21
1.7976709842519685
0
LINE
8
BLACK
6
CONTINUOUS
10
2.1140721653543308
20
1.7976709842519685
11
2.1132741732283464
21
1.7946927559055117
0
LINE
8
BLACK
6
CONTINUOUS
10
2.1132741732283464
20
1.7946927559055117
11
2.1117325196850394
21
1.792022559055118
0
LINE
8
BLACK
6
CONTINUOUS
10
2.1117325196850394
20
1.792022559055118
11
2.1095522834645668
21
1.7898423228346456
0
LINE
8
BLACK
6
CONTINUOUS
10
2.1095522834645668
20
1.7898423228346456
11
2.109251968503937
21
1.789668937007874
0
LINE
8
BLACK
6
CONTINUOUS
10
2.109251968503937
20
1.789668937007874
11
2.109251968503937
21
1.7824803149606299
0
LINE
8
BLACK
6
CONTINUOUS
10
2.109251968503937
20
1.7824803149606299
11
2.1141732283464565
21
1.7824803149606299
0
LINE
8
BLACK
6
CONTINUOUS
10
2.1141732283464565
20
1.7824803149606299
11
2.1141732283464565
21
1.7411417322834646
0
LINE
8
BLACK
6
CONTINUOUS
10
2.1141732283464565
20
1.7411417322834646
11
2.109251968503937
21
1.7411417322834646
0
LINE
8
BLACK
6
CONTINUOUS
10
2.109251968503937
20
1.7411417322834646
11
2.109251968503937
21
1.6200787401574803
0
LINE
8
BLACK
6
CONTINUOUS
10
2.109251968503937
20
1.6200787401574803
11
2.1141732283464565
21
1.6200787401574803
0
LINE
8
BLACK
6
CONTINUOUS
10
2.1141732283464565
20
1.6200787401574803
11
2.1141732283464565
21
1.5787401574803148
0
LINE
8
BLACK
6
CONTINUOUS
10
2.1141732283464565
20
1.5787401574803148
11
2.0885826771653542
21
1.5787401574803148
0
LINE
8
BLACK
6
CONTINUOUS
10
2.0885826771653542
20
1.5787401574803148
11
2.0885826771653542
21
1.6200787401574803
0
LINE
8
BLACK
6
CONTINUOUS
10
2.0885826771653542
20
1.6200787401574803
11
2.0935039370078741
21
1.6200787401574803
0
LINE
8
BLACK
6
CONTINUOUS
10
2.0935039370078741
20
1.6200787401574803
11
2.0935039370078741
21
1.7411417322834646
0
LINE
8
BLACK
6
CONTINUOUS
10
2.0935039370078741
20
1.7411417322834646
11
2.0885826771653542
21
1.7411417322834646
0
LINE
8
BLACK
6
CONTINUOUS
10
2.0885826771653542
20
1.7411417322834646
11
2.0885826771653542
21
1.7824803149606299
0
LINE
8
BLACK
6
CONTINUOUS
10
2.0885826771653542
20
1.7824803149606299
11
2.0935039370078741
21
1.7824803149606299
0
LINE
8
BLACK
6
CONTINUOUS
10
2.0935039370078741
20
1.7824803149606299
11
2.0935039370078741
21
1.7915105118110235
0
LINE
8
BLACK
6
CONTINUOUS
10
2.0935039370078741
20
1.7915105118110235
11
2.0929918897637796
21
1.792022559055118
0
LINE
8
BLACK
6
CONTINUOUS
10
2.0929918897637796
20
1.792022559055118
11
2.0914502362204725
21
1.7946927559055117
0
LINE
8
BLACK
6
CONTINUOUS
10
2.0914502362204725
20
1.7946927559055117
11
2.0906522440944881
21
1.7976709842519685
0
LINE
8
BLACK
6
CONTINUOUS
10
2.0906522440944881
20
1.7976709842519685
11
2.0906522440944881
21
1.8007542913385826
0
LINE
8
BLACK
6
CONTINUOUS
10
2.0906522440944881
20
1.8007542913385826
11
2.0914502362204725
21
1.8037325196850393
0
LINE
8
BLACK
6
CONTINUOUS
10
2.0914502362204725
20
1.8037325196850393
11
2.0929918897637796
21
1.8064027165354331
0
LINE
8
BLACK
6
CONTINUOUS
10
2.0929918897637796
20
1.8064027165354331
11
2.0951721259842517
21
1.8085829527559054
0
LINE
8
BLACK
6
CONTINUOUS
10
2.0951721259842517
20
1.8085829527559054
11
2.0978423228346457
21
1.8101246062992125
0
LINE
8
BLACK
6
CONTINUOUS
10
2.0978423228346457
20
1.8101246062992125
11
2.1008205511811022
21
1.8109225984251969
0
LINE
8
BLACK
6
CONTINUOUS
10
2.1008205511811022
20
1.8109225984251969
11
2.1039038582677163
21
1.8109225984251969
0
LINE
8
BLACK
6
CONTINUOUS
10
2.1039038582677163
20
1.8109225984251969
11
2.1068820866141733
21
1.8101246062992125
0
LINE
8
BLACK
6
CONTINUOUS
10
0.8903466535433071
20
1.9282348031496062
11
0.8930168503937007
21
1.9266931496062991
0
LINE
8
BLACK
6
CONTINUOUS
10
0.8930168503937007
20
1.9266931496062991
11
0.8951970866141732
21
1.9245129133858268
0
LINE
8
BLACK
6
CONTINUOUS
10
0.8951970866141732
20
1.9245129133858268
11
0.8967387401574803
21
1.921842716535433
0
LINE
8
BLACK
6
CONTINUOUS
10
0.8967387401574803
20
1.921842716535433
11
0.8975367322834645
21
1.9188644881889763
0
LINE
8
BLACK
6
CONTINUOUS
10
0.8975367322834645
20
1.9188644881889763
11
0.8975367322834645
21
1.9157811811023622
0
LINE
8
BLACK
6
CONTINUOUS
10
0.8975367322834645
20
1.9157811811023622
11
0.8967387401574803
21
1.9128029527559054
0
LINE
8
BLACK
6
CONTINUOUS
10
0.8967387401574803
20
1.9128029527559054
11
0.8951970866141732
21
1.9101327559055117
0
LINE
8
BLACK
6
CONTINUOUS
10
0.8951970866141732
20
1.9101327559055117
11
0.8930168503937007
21
1.9079525196850393
0
LINE
8
BLACK
6
CONTINUOUS
10
0.8930168503937007
20
1.9079525196850393
11
0.8903466535433071
21
1.9064108661417323
0
LINE
8
BLACK
6
CONTINUOUS
10
0.8903466535433071
20
1.9064108661417323
11
0.8873684251968503
21
1.9056128740157481
0
LINE
8
BLACK
6
CONTINUOUS
10
0.8873684251968503
20
1.9056128740157481
11
0.8842851181102362
21
1.9056128740157481
0
LINE
8
BLACK
6
CONTINUOUS
10
0.8842851181102362
20
1.9056128740157481
11
0.8813068897637795
21
1.9064108661417323
0
LINE
8
BLACK
6
CONTINUOUS
10
0.8813068897637795
20
1.9064108661417323
11
0.8786366929133858
21
1.9079525196850393
0
LINE
8
BLACK
6
CONTINUOUS
10
0.8786366929133858
20
1.9079525196850393
11
0.8764564566929134
21
1.9101327559055117
0
LINE
8
BLACK
6
CONTINUOUS
10
0.8764564566929134
20
1.9101327559055117
11
0.8757148031496063
21
1.9114173228346456
0
LINE
8
BLACK
6
CONTINUOUS
10
0.8757148031496063
20
1.9114173228346456
11
0.7859107086614173
21
1.9114173228346456
0
LINE
8
BLACK
6
CONTINUOUS
10
0.7859107086614173
20
1.9114173228346456
11
0.7253937007874015
21
1.8509003149606298
0
LINE
8
BLACK
6
CONTINUOUS
10
0.7253937007874015
20
1.8509003149606298
11
0.7253937007874015
21
1.7834645669291338
0
LINE
8
BLACK
6
CONTINUOUS
10
0.7253937007874015
20
1.7834645669291338
11
0.7312992125984252
21
1.7834645669291338
0
LINE
8
BLACK
6
CONTINUOUS
10
0.7312992125984252
20
1.7834645669291338
11
0.7312992125984252
21
1.7421259842519685
0
LINE
8
BLACK
6
CONTINUOUS
10
0.7312992125984252
20
1.7421259842519685
11
0.7253937007874015
21
1.7421259842519685
0
LINE
8
BLACK
6
CONTINUOUS
10
0.7253937007874015
20
1.7421259842519685
11
0.7253937007874015
21
1.6210629921259843
0
LINE
8
BLACK
6
CONTINUOUS
10
0.7253937007874015
20
1.6210629921259843
11
0.7312992125984252
21
1.6210629921259843
0
LINE
8
BLACK
6
CONTINUOUS
10
0.7312992125984252
20
1.6210629921259843
11
0.7312992125984252
21
1.5797244094488188
0
LINE
8
BLACK
6
CONTINUOUS
10
0.7312992125984252
20
1.5797244094488188
11
0.7057086614173228
21
1.5797244094488188
0
LINE
8
BLACK
6
CONTINUOUS
10
0.7057086614173228
20
1.5797244094488188
11
0.7057086614173228
21
1.6210629921259843
0
LINE
8
BLACK
6
CONTINUOUS
10
0.7057086614173228
20
1.6210629921259843
11
0.7135826771653543
21
1.6210629921259843
0
LINE
8
BLACK
6
CONTINUOUS
10
0.7135826771653543
20
1.6210629921259843
11
0.7135826771653543
21
1.7421259842519685
0
LINE
8
BLACK
6
CONTINUOUS
10
0.7135826771653543
20
1.7421259842519685
11
0.7057086614173228
21
1.7421259842519685
0
LINE
8
BLACK
6
CONTINUOUS
10
0.7057086614173228
20
1.7421259842519685
11
0.7057086614173228
21
1.7834645669291338
0
LINE
8
BLACK
6
CONTINUOUS
10
0.7057086614173228
20
1.7834645669291338
11
0.7135826771653543
21
1.7834645669291338
0
LINE
8
BLACK
6
CONTINUOUS
10
0.7135826771653543
20
1.7834645669291338
11
0.7135826771653543
21
1.8533464566929134
0
LINE
8
BLACK
6
CONTINUOUS
10
0.7135826771653543
20
1.8533464566929134
11
0.7136961417322835
21
1.8544985826771654
0
LINE
8
BLACK
6
CONTINUOUS
10
0.7136961417322835
20
1.8544985826771654
11
0.7142651968503937
21
1.8558723622047244
0
LINE
8
BLACK
6
CONTINUOUS
10
0.7142651968503937
20
1.8558723622047244
11
0.7145779133858268
21
1.8566273622047245
0
LINE
8
BLACK
6
CONTINUOUS
10
0.7145779133858268
20
1.8566273622047245
11
0.7153123622047244
21
1.8575222834645668
0
LINE
8
BLACK
6
CONTINUOUS
10
0.7153123622047244
20
1.8575222834645668
11
0.7792887401574803
21
1.9214986614173228
0
LINE
8
BLACK
6
CONTINUOUS
10
0.7792887401574803
20
1.9214986614173228
11
0.7801836614173229
21
1.9222331102362205
0
LINE
8
BLACK
6
CONTINUOUS
10
0.7801836614173229
20
1.9222331102362205
11
0.7814306692913385
21
1.9227496456692912
0
LINE
8
BLACK
6
CONTINUOUS
10
0.7814306692913385
20
1.9227496456692912
11
0.7823124409448818
21
1.9231148818897636
0
LINE
8
BLACK
6
CONTINUOUS
10
0.7823124409448818
20
1.9231148818897636
11
0.7834645669291338
21
1.9232283464566928
0
LINE
8
BLACK
6
CONTINUOUS
10
0.7834645669291338
20
1.9232283464566928
11
0.8757148031496063
21
1.9232283464566928
0
LINE
8
BLACK
6
CONTINUOUS
10
0.8757148031496063
20
1.9232283464566928
11
0.8764564566929134
21
1.9245129133858268
0
LINE
8
BLACK
6
CONTINUOUS
10
0.8764564566929134
20
1.9245129133858268
11
0.8786366929133858
21
1.9266931496062991
0
LINE
8
BLACK
6
CONTINUOUS
10
0.8786366929133858
20
1.9266931496062991
11
0.8813068897637795
21
1.9282348031496062
0
LINE
8
BLACK
6
CONTINUOUS
10
0.8813068897637795
20
1.9282348031496062
11
0.8842851181102362
21
1.9290327952755906
0
LINE
8
BLACK
6
CONTINUOUS
10
0.8842851181102362
20
1.9290327952755906
11
0.8873684251968503
21
1.9290327952755906
0
LINE
8
BLACK
6
CONTINUOUS
10
0.8873684251968503
20
1.9290327952755906
11
0.8903466535433071
21
1.9282348031496062
0
LINE
8
BLACK
6
CONTINUOUS
10
2.3922047244094489
20
1.6566929133858268
11
2.4322047244094489
21
1.6566929133858268
0
LINE
8
BLACK
6
CONTINUOUS
10
2.4322047244094489
20
1.6566929133858268
11
2.4322047244094489
21
1.6788188976377951
0
LINE
8
BLACK
6
CONTINUOUS
10
2.4322047244094489
20
1.6788188976377951
11
2.492204724409449
21
1.6788188976377951
0
LINE
8
BLACK
6
CONTINUOUS
10
2.492204724409449
20
1.6788188976377951
11
2.492204724409449
21
1.6188188976377953
0
LINE
8
BLACK
6
CONTINUOUS
10
2.492204724409449
20
1.6188188976377953
11
2.4322047244094489
21
1.6188188976377953
0
LINE
8
BLACK
6
CONTINUOUS
10
2.4322047244094489
20
1.6188188976377953
11
2.4322047244094489
21
1.6409448818897638
0
LINE
8
BLACK
6
CONTINUOUS
10
2.4322047244094489
20
1.6409448818897638
11
2.3922047244094489
21
1.6409448818897638
0
LINE
8
BLACK
6
CONTINUOUS
10
2.3922047244094489
20
1.6409448818897638
11
2.3922047244094489
21
1.6188188976377953
0
LINE
8
BLACK
6
CONTINUOUS
10
2.3922047244094489
20
1.6188188976377953
11
2.3322047244094488
21
1.6188188976377953
0
LINE
8
BLACK
6
CONTINUOUS
10
2.3322047244094488
20
1.6188188976377953
11
2.3322047244094488
21
1.6788188976377951
0
LINE
8
BLACK
6
CONTINUOUS
10
2.3322047244094488
20
1.6788188976377951
11
2.3922047244094489
21
1.6788188976377951
0
LINE
8
BLACK
6
CONTINUOUS
10
2.3922047244094489
20
1.6788188976377951
11
2.3922047244094489
21
1.6566929133858268
0
LINE
8
BLACK
6
CONTINUOUS
10
0.3488976377952756
20
1.6235433070866141
11
0.2888976377952756
21
1.6235433070866141
0
LINE
8
BLACK
6
CONTINUOUS
10
0.2888976377952756
20
1.6235433070866141
11
0.2888976377952756
21
1.6835433070866141
0
LINE
8
BLACK
6
CONTINUOUS
10
0.2888976377952756
20
1.6835433070866141
11
0.3488976377952756
21
1.6835433070866141
0
LINE
8
BLACK
6
CONTINUOUS
10
0.3488976377952756
20
1.6835433070866141
11
0.3488976377952756
21
1.6235433070866141
0
LINE
8
BLACK
6
CONTINUOUS
10
0.4488976377952756
20
1.6235433070866141
11
0.3888976377952756
21
1.6235433070866141
0
LINE
8
BLACK
6
CONTINUOUS
10
0.3888976377952756
20
1.6235433070866141
11
0.3888976377952756
21
1.6835433070866141
0
LINE
8
BLACK
6
CONTINUOUS
10
0.3888976377952756
20
1.6835433070866141
11
0.4488976377952756
21
1.6835433070866141
0
LINE
8
BLACK
6
CONTINUOUS
10
0.4488976377952756
20
1.6835433070866141
11
0.4488976377952756
21
1.6235433070866141
0
LINE
8
BLACK
6
CONTINUOUS
10
2.3922047244094489
20
1.7566929133858267
11
2.4322047244094489
21
1.7566929133858267
0
LINE
8
BLACK
6
CONTINUOUS
10
2.4322047244094489
20
1.7566929133858267
11
2.4322047244094489
21
1.7788188976377952
0
LINE
8
BLACK
6
CONTINUOUS
10
2.4322047244094489
20
1.7788188976377952
11
2.492204724409449
21
1.7788188976377952
0
LINE
8
BLACK
6
CONTINUOUS
10
2.492204724409449
20
1.7788188976377952
11
2.492204724409449
21
1.7188188976377952
0
LINE
8
BLACK
6
CONTINUOUS
10
2.492204724409449
20
1.7188188976377952
11
2.4322047244094489
21
1.7188188976377952
0
LINE
8
BLACK
6
CONTINUOUS
10
2.4322047244094489
20
1.7188188976377952
11
2.4322047244094489
21
1.7409448818897637
0
LINE
8
BLACK
6
CONTINUOUS
10
2.4322047244094489
20
1.7409448818897637
11
2.3922047244094489
21
1.7409448818897637
0
LINE
8
BLACK
6
CONTINUOUS
10
2.3922047244094489
20
1.7409448818897637
11
2.3922047244094489
21
1.7188188976377952
0
LINE
8
BLACK
6
CONTINUOUS
10
2.3922047244094489
20
1.7188188976377952
11
2.3322047244094488
21
1.7188188976377952
0
LINE
8
BLACK
6
CONTINUOUS
10
2.3322047244094488
20
1.7188188976377952
11
2.3322047244094488
21
1.7788188976377952
0
LINE
8
BLACK
6
CONTINUOUS
10
2.3322047244094488
20
1.7788188976377952
11
2.3922047244094489
21
1.7788188976377952
0
LINE
8
BLACK
6
CONTINUOUS
10
2.3922047244094489
20
1.7788188976377952
11
2.3922047244094489
21
1.7566929133858267
0
LINE
8
BLACK
6
CONTINUOUS
10
0.3488976377952756
20
1.7235433070866142
11
0.2888976377952756
21
1.7235433070866142
0
LINE
8
BLACK
6
CONTINUOUS
10
0.2888976377952756
20
1.7235433070866142
11
0.2888976377952756
21
1.7835433070866142
0
LINE
8
BLACK
6
CONTINUOUS
10
0.2888976377952756
20
1.7835433070866142
11
0.3488976377952756
21
1.7835433070866142
0
LINE
8
BLACK
6
CONTINUOUS
10
0.3488976377952756
20
1.7835433070866142
11
0.3488976377952756
21
1.7235433070866142
0
LINE
8
BLACK
6
CONTINUOUS
10
0.4488976377952756
20
1.7235433070866142
11
0.3888976377952756
21
1.7235433070866142
0
LINE
8
BLACK
6
CONTINUOUS
10
0.3888976377952756
20
1.7235433070866142
11
0.3888976377952756
21
1.7835433070866142
0
LINE
8
BLACK
6
CONTINUOUS
10
0.3888976377952756
20
1.7835433070866142
11
0.4488976377952756
21
1.7835433070866142
0
LINE
8
BLACK
6
CONTINUOUS
10
0.4488976377952756
20
1.7835433070866142
11
0.4488976377952756
21
1.7235433070866142
0
LINE
8
BLACK
6
CONTINUOUS
10
2.579856811023622
20
2.1813142519685038
11
2.5816616929133858
21
2.1792383858267717
0
LINE
8
BLACK
6
CONTINUOUS
10
2.5816616929133858
20
2.1792383858267717
11
2.5821062992125983
21
2.1772028740157481
0
LINE
8
BLACK
6
CONTINUOUS
10
2.5821062992125983
20
2.1772028740157481
11
2.5821062992125983
21
0.2227756299212598
0
LINE
8
BLACK
6
CONTINUOUS
10
2.5821062992125983
20
0.2227756299212598
11
2.5813312992125983
21
0.2201362992125984
0
LINE
8
BLACK
6
CONTINUOUS
10
2.5813312992125983
20
0.2201362992125984
11
2.5792524015748031
21
0.2183349212598425
0
LINE
8
BLACK
6
CONTINUOUS
10
2.5792524015748031
20
0.2183349212598425
11
2.577224409448819
21
0.2178937401574803
0
LINE
8
BLACK
6
CONTINUOUS
10
2.577224409448819
20
0.2178937401574803
11
0.2227755905511811
21
0.2178937401574803
0
LINE
8
BLACK
6
CONTINUOUS
10
0.2227755905511811
20
0.2178937401574803
11
0.2201362598425197
21
0.2186687401574803
0
LINE
8
BLACK
6
CONTINUOUS
10
0.2201362598425197
20
0.2186687401574803
11
0.2183348818897638
21
0.2207476377952756
0
LINE
8
BLACK
6
CONTINUOUS
10
0.2183348818897638
20
0.2207476377952756
11
0.2178937007874016
21
0.2227756299212598
0
LINE
8
BLACK
6
CONTINUOUS
10
0.2178937007874016
20
0.2227756299212598
11
0.2178937007874016
21
0.3636533464566929
0
LINE
8
BLACK
6
CONTINUOUS
10
0.2178937007874016
20
0.3636533464566929
11
0.2178937007874016
21
0.4636533464566929
0
LINE
8
BLACK
6
CONTINUOUS
10
0.2178937007874016
20
0.4636533464566929
11
0.2178937007874016
21
0.6853068897637795
0
LINE
8
BLACK
6
CONTINUOUS
10
0.2178937007874016
20
0.6853068897637795
11
0.2178937007874016
21
0.7853098031496063
0
LINE
8
BLACK
6
CONTINUOUS
10
0.2178937007874016
20
0.7853098031496063
11
0.2178937007874016
21
0.8853068897637795
0
LINE
8
BLACK
6
CONTINUOUS
10
0.2178937007874016
20
0.8853068897637795
11
0.2178937007874016
21
0.9853098031496063
0
LINE
8
BLACK
6
CONTINUOUS
10
0.2178937007874016
20
0.9853098031496063
11
0.2178937007874016
21
1.0853098031496062
0
LINE
8
BLACK
6
CONTINUOUS
10
0.2178937007874016
20
1.0853098031496062
11
0.2178937007874016
21
1.1853098031496063
0
LINE
8
BLACK
6
CONTINUOUS
10
0.2178937007874016
20
1.1853098031496063
11
0.2178937007874016
21
1.2853098031496062
0
LINE
8
BLACK
6
CONTINUOUS
10
0.2178937007874016
20
1.2853098031496062
11
0.2178937007874016
21
1.3853098031496063
0
LINE
8
BLACK
6
CONTINUOUS
10
0.2178937007874016
20
1.3853098031496063
11
0.2178937007874016
21
1.4853098031496064
0
LINE
8
BLACK
6
CONTINUOUS
10
0.2178937007874016
20
1.4853098031496064
11
0.2178937007874016
21
1.5853098031496062
0
LINE
8
BLACK
6
CONTINUOUS
10
0.2178937007874016
20
1.5853098031496062
11
0.2178937007874016
21
1.6853098031496063
0
LINE
8
BLACK
6
CONTINUOUS
10
0.2178937007874016
20
1.6853098031496063
11
0.2178937007874016
21
1.7853098031496062
0
LINE
8
BLACK
6
CONTINUOUS
10
0.2178937007874016
20
1.7853098031496062
11
0.2178937007874016
21
2.0035650393700788
0
LINE
8
BLACK
6
CONTINUOUS
10
0.2178937007874016
20
2.0035650393700788
11
0.2178937007874016
21
2.1772025590551181
0
LINE
8
BLACK
6
CONTINUOUS
10
0.2178937007874016
20
2.1772025590551181
11
0.2186687007874016
21
2.1798418897637797
0
LINE
8
BLACK
6
CONTINUOUS
10
0.2186687007874016
20
2.1798418897637797
11
0.2207475984251968
21
2.1816432677165354
0
LINE
8
BLACK
6
CONTINUOUS
10
0.2207475984251968
20
2.1816432677165354
11
0.2227838976377953
21
2.1820844488188977
0
LINE
8
BLACK
6
CONTINUOUS
10
0.2227838976377953
20
2.1820844488188977
11
0.8041563385826771
21
2.1810917322834644
0
LINE
8
BLACK
6
CONTINUOUS
10
0.8041563385826771
20
2.1810917322834644
11
0.8067942913385827
21
2.180312244094488
0
LINE
8
BLACK
6
CONTINUOUS
10
0.8067942913385827
20
2.180312244094488
11
0.8075999606299212
21
2.1796618503937006
0
LINE
8
BLACK
6
CONTINUOUS
10
0.8075999606299212
20
2.1796618503937006
11
1.0192922834645668
21
1.967969527559055
0
LINE
8
BLACK
6
CONTINUOUS
10
1.0192922834645668
20
1.967969527559055
11
1.0215128346456692
21
1.9657489763779528
0
LINE
8
BLACK
6
CONTINUOUS
10
1.0215128346456692
20
1.9657489763779528
11
1.024414094488189
21
1.9645472440944882
0
LINE
8
BLACK
6
CONTINUOUS
10
1.024414094488189
20
1.9645472440944882
11
1.7725060236220471
21
1.9645472440944882
0
LINE
8
BLACK
6
CONTINUOUS
10
1.7725060236220471
20
1.9645472440944882
11
1.7725622440944881
21
1.9645249212598426
0
LINE
8
BLACK
6
CONTINUOUS
10
1.7725622440944881
20
1.9645249212598426
11
1.7740748818897638
21
1.9645472440944882
0
LINE
8
BLACK
6
CONTINUOUS
10
1.7740748818897638
20
1.9645472440944882
11
1.7755859055118111
21
1.9645472440944882
0
LINE
8
BLACK
6
CONTINUOUS
10
1.7755859055118111
20
1.9645472440944882
11
1.7755899606299212
21
1.9645472440944882
0
LINE
8
BLACK
6
CONTINUOUS
10
1.7755899606299212
20
1.9645472440944882
11
1.7756120078740156
21
1.964551968503937
0
LINE
8
BLACK
6
CONTINUOUS
10
1.7756120078740156
20
1.964551968503937
11
1.7756122047244094
21
1.9645520078740157
0
LINE
8
BLACK
6
CONTINUOUS
10
1.7756122047244094
20
1.9645520078740157
11
1.7757020078740158
21
1.9645712598425196
0
LINE
8
BLACK
6
CONTINUOUS
10
1.7757020078740158
20
1.9645712598425196
11
1.7757022440944881
21
1.9645712598425196
0
LINE
8
BLACK
6
CONTINUOUS
10
1.7757022440944881
20
1.9645712598425196
11
1.7770593307086613
21
1.9651570472440945
0
LINE
8
BLACK
6
CONTINUOUS
10
1.7770593307086613
20
1.9651570472440945
11
1.7771216141732282
21
1.9651834251968503
0
LINE
8
BLACK
6
CONTINUOUS
10
1.7771216141732282
20
1.9651834251968503
11
1.7784871653543306
21
1.9657489763779528
0
LINE
8
BLACK
6
CONTINUOUS
10
1.7784871653543306
20
1.9657489763779528
11
1.7784872047244094
21
1.9657490157480315
0
LINE
8
BLACK
6
CONTINUOUS
10
1.7784872047244094
20
1.9657490157480315
11
1.7785626771653542
21
1.9657994881889764
0
LINE
8
BLACK
6
CONTINUOUS
10
1.7785626771653542
20
1.9657994881889764
11
1.7785650393700787
21
1.9658010629921259
0
LINE
8
BLACK
6
CONTINUOUS
10
1.7785650393700787
20
1.9658010629921259
11
1.7785826377952756
21
1.9658128346456691
0
LINE
8
BLACK
6
CONTINUOUS
10
1.7785826377952756
20
1.9658128346456691
11
1.7785854330708661
21
1.9658157086614172
0
LINE
8
BLACK
6
CONTINUOUS
10
1.7785854330708661
20
1.9658157086614172
11
1.7796143307086614
21
1.9668755118110235
0
LINE
8
BLACK
6
CONTINUOUS
10
1.7796143307086614
20
1.9668755118110235
11
1.7796623228346455
21
1.9669241732283465
0
LINE
8
BLACK
6
CONTINUOUS
10
1.7796623228346455
20
1.9669241732283465
11
1.780707716535433
21
1.967969527559055
0
LINE
8
BLACK
6
CONTINUOUS
10
1.780707716535433
20
1.967969527559055
11
1.780707716535433
21
1.9679696062992125
0
LINE
8
BLACK
6
CONTINUOUS
10
1.780707716535433
20
1.9679696062992125
11
1.7809029527559055
21
1.9681648031496062
0
LINE
8
BLACK
6
CONTINUOUS
10
1.7809029527559055
20
1.9681648031496062
11
1.7810857874015749
21
1.9683910236220472
0
LINE
8
BLACK
6
CONTINUOUS
10
1.7810857874015749
20
1.9683910236220472
11
1.8152365354330708
21
2.0035650393700788
0
LINE
8
BLACK
6
CONTINUOUS
10
1.8152365354330708
20
2.0035650393700788
11
1.9861608661417323
21
2.1796107480314961
0
LINE
8
BLACK
6
CONTINUOUS
10
1.9861608661417323
20
2.1796107480314961
11
1.9885554330708661
21
2.1809644488188975
0
LINE
8
BLACK
6
CONTINUOUS
10
1.9885554330708661
20
2.1809644488188975
11
1.9896549212598424
21
2.1810918503937007
0
LINE
8
BLACK
6
CONTINUOUS
10
1.9896549212598424
20
2.1810918503937007
11
2.5772162598425195
21
2.1820847637795273
0
LINE
8
BLACK
6
CONTINUOUS
10
2.5772162598425195
20
2.1820847637795273
11
2.579856811023622
21
2.1813142519685038
0
LINE
8
BLACK
6
CONTINUOUS
10
1.8303149212598424
20
0.3177165354330709
11
1.8303149212598424
21
0.3047717716535433
0
LINE
8
BLACK
6
CONTINUOUS
10
1.8303149212598424
20
0.3047717716535433
11
1.8315251968503936
21
0.2986872834645669
0
LINE
8
BLACK
6
CONTINUOUS
10
1.8315251968503936
20
0.2986872834645669
11
1.8315252755905511
21
0.298686968503937
0
LINE
8
BLACK
6
CONTINUOUS
10
1.8315252755905511
20
0.298686968503937
11
1.8338994488188975
21
0.292955157480315
0
LINE
8
BLACK
6
CONTINUOUS
10
1.8338994488188975
20
0.292955157480315
11
1.8338996456692913
21
0.2929548031496063
0
LINE
8
BLACK
6
CONTINUOUS
10
1.8338996456692913
20
0.2929548031496063
11
1.8373463385826772
21
0.2877964960629921
0
LINE
8
BLACK
6
CONTINUOUS
10
1.8373463385826772
20
0.2877964960629921
11
1.8373464566929134
21
0.2877963385826772
0
LINE
8
BLACK
6
CONTINUOUS
10
1.8373464566929134
20
0.2877963385826772
11
1.8417332677165354
21
0.2834095275590551
0
LINE
8
BLACK
6
CONTINUOUS
10
1.8417332677165354
20
0.2834095275590551
11
1.8417335826771652
21
0.2834092913385827
0
LINE
8
BLACK
6
CONTINUOUS
10
1.8417335826771652
20
0.2834092913385827
11
1.8468915748031496
21
0.2799628346456693
0
LINE
8
BLACK
6
CONTINUOUS
10
1.8468915748031496
20
0.2799628346456693
11
1.8468922834645669
21
0.2799624409448819
0
LINE
8
BLACK
6
CONTINUOUS
10
1.8468922834645669
20
0.2799624409448819
11
1.8519684251968505
21
0.277859842519685
0
LINE
8
BLACK
6
CONTINUOUS
10
1.8519684251968505
20
0.277859842519685
11
1.851968464566929
21
0.277859842519685
0
LINE
8
BLACK
6
CONTINUOUS
10
1.851968464566929
20
0.277859842519685
11
1.851968464566929
21
0.2910207480314961
0
LINE
8
BLACK
6
CONTINUOUS
10
1.851968464566929
20
0.2910207480314961
11
1.8498274803149606
21
0.2922568110236221
0
LINE
8
BLACK
6
CONTINUOUS
10
1.8498274803149606
20
0.2922568110236221
11
1.8461937795275589
21
0.2958905118110236
0
LINE
8
BLACK
6
CONTINUOUS
10
1.8461937795275589
20
0.2958905118110236
11
1.84362437007874
21
0.3003408661417323
0
LINE
8
BLACK
6
CONTINUOUS
10
1.84362437007874
20
0.3003408661417323
11
1.8422943700787402
21
0.3053046062992126
0
LINE
8
BLACK
6
CONTINUOUS
10
1.8422943700787402
20
0.3053046062992126
11
1.8421259448818896
21
0.3078740157480315
0
LINE
8
BLACK
6
CONTINUOUS
10
1.8421259448818896
20
0.3078740157480315
11
1.8421259448818896
21
0.3177165354330709
0
LINE
8
BLACK
6
CONTINUOUS
10
1.8421259448818896
20
0.3177165354330709
11
1.8303149212598424
21
0.3177165354330709
0
LINE
8
BLACK
6
CONTINUOUS
10
1.8814960236220473
20
0.3078740157480315
11
1.8813275984251967
21
0.3053046062992126
0
LINE
8
BLACK
6
CONTINUOUS
10
1.8813275984251967
20
0.3053046062992126
11
1.8799975984251969
21
0.3003408661417323
0
LINE
8
BLACK
6
CONTINUOUS
10
1.8799975984251969
20
0.3003408661417323
11
1.877428188976378
21
0.2958905118110236
0
LINE
8
BLACK
6
CONTINUOUS
10
1.877428188976378
20
0.2958905118110236
11
1.8737944881889763
21
0.2922568110236221
0
LINE
8
BLACK
6
CONTINUOUS
10
1.8737944881889763
20
0.2922568110236221
11
1.8716535039370079
21
0.2910207480314961
0
LINE
8
BLACK
6
CONTINUOUS
10
1.8716535039370079
20
0.2910207480314961
11
1.8716535039370079
21
0.277859842519685
0
LINE
8
BLACK
6
CONTINUOUS
10
1.8716535039370079
20
0.277859842519685
11
1.8767296456692912
21
0.2799624409448819
0
LINE
8
BLACK
6
CONTINUOUS
10
1.8767296456692912
20
0.2799624409448819
11
1.8767303543307086
21
0.2799628346456693
0
LINE
8
BLACK
6
CONTINUOUS
10
1.8767303543307086
20
0.2799628346456693
11
1.8818883464566929
21
0.2834092913385827
0
LINE
8
BLACK
6
CONTINUOUS
10
1.8818883464566929
20
0.2834092913385827
11
1.8818886614173227
21
0.2834095275590551
0
LINE
8
BLACK
6
CONTINUOUS
10
1.8818886614173227
20
0.2834095275590551
11
1.8862754724409447
21
0.2877963385826772
0
LINE
8
BLACK
6
CONTINUOUS
10
1.8862754724409447
20
0.2877963385826772
11
1.886275590551181
21
0.2877964960629921
0
LINE
8
BLACK
6
CONTINUOUS
10
1.886275590551181
20
0.2877964960629921
11
1.8897222834645668
21
0.2929548031496063
0
LINE
8
BLACK
6
CONTINUOUS
10
1.8897222834645668
20
0.2929548031496063
11
1.8897224803149606
21
0.292955157480315
0
LINE
8
BLACK
6
CONTINUOUS
10
1.8897224803149606
20
0.292955157480315
11
1.892096653543307
21
0.298686968503937
0
LINE
8
BLACK
6
CONTINUOUS
10
1.892096653543307
20
0.298686968503937
11
1.8920967322834645
21
0.2986872834645669
0
LINE
8
BLACK
6
CONTINUOUS
10
1.8920967322834645
20
0.2986872834645669
11
1.8933070078740157
21
0.3047717716535433
0
LINE
8
BLACK
6
CONTINUOUS
10
1.8933070078740157
20
0.3047717716535433
11
1.8933070472440945
21
0.3047718897637795
0
LINE
8
BLACK
6
CONTINUOUS
10
1.8933070472440945
20
0.3047718897637795
11
1.8933070472440945
21
0.3177165354330709
0
LINE
8
BLACK
6
CONTINUOUS
10
1.8933070472440945
20
0.3177165354330709
11
1.8814960236220473
21
0.3177165354330709
0
LINE
8
BLACK
6
CONTINUOUS
10
1.8814960236220473
20
0.3177165354330709
11
1.8814960236220473
21
0.3078740157480315
0
LINE
8
BLACK
6
CONTINUOUS
10
2.1704724015748029
20
0.3177165354330709
11
2.1704724015748029
21
0.3047717716535433
0
LINE
8
BLACK
6
CONTINUOUS
10
2.1704724015748029
20
0.3047717716535433
11
2.1716826771653541
21
0.2986872834645669
0
LINE
8
BLACK
6
CONTINUOUS
10
2.1716826771653541
20
0.2986872834645669
11
2.1716827559055116
21
0.298686968503937
0
LINE
8
BLACK
6
CONTINUOUS
10
2.1716827559055116
20
0.298686968503937
11
2.1740569291338581
21
0.292955157480315
0
LINE
8
BLACK
6
CONTINUOUS
10
2.1740569291338581
20
0.292955157480315
11
2.1740571259842518
21
0.2929548031496063
0
LINE
8
BLACK
6
CONTINUOUS
10
2.1740571259842518
20
0.2929548031496063
11
2.1775038188976379
21
0.2877964960629921
0
LINE
8
BLACK
6
CONTINUOUS
10
2.1775038188976379
20
0.2877964960629921
11
2.1775039370078741
21
0.2877963385826772
0
LINE
8
BLACK
6
CONTINUOUS
10
2.1775039370078741
20
0.2877963385826772
11
2.181890748031496
21
0.2834095275590551
0
LINE
8
BLACK
6
CONTINUOUS
10
2.181890748031496
20
0.2834095275590551
11
2.181891062992126
21
0.2834092913385827
0
LINE
8
BLACK
6
CONTINUOUS
10
2.181891062992126
20
0.2834092913385827
11
2.1870490551181101
21
0.2799628346456693
0
LINE
8
BLACK
6
CONTINUOUS
10
2.1870490551181101
20
0.2799628346456693
11
2.1870497637795276
21
0.2799624409448819
0
LINE
8
BLACK
6
CONTINUOUS
10
2.1870497637795276
20
0.2799624409448819
11
2.1921259055118112
21
0.277859842519685
0
LINE
8
BLACK
6
CONTINUOUS
10
2.1921259055118112
20
0.277859842519685
11
2.1921259448818895
21
0.277859842519685
0
LINE
8
BLACK
6
CONTINUOUS
10
2.1921259448818895
20
0.277859842519685
11
2.1921259448818895
21
0.2910207480314961
0
LINE
8
BLACK
6
CONTINUOUS
10
2.1921259448818895
20
0.2910207480314961
11
2.1899849606299213
21
0.2922568110236221
0
LINE
8
BLACK
6
CONTINUOUS
10
2.1899849606299213
20
0.2922568110236221
11
2.1863512598425197
21
0.2958905118110236
0
LINE
8
BLACK
6
CONTINUOUS
10
2.1863512598425197
20
0.2958905118110236
11
2.1837818503937005
21
0.3003408661417323
0
LINE
8
BLACK
6
CONTINUOUS
10
2.1837818503937005
20
0.3003408661417323
11
2.1824518503937007
21
0.3053046062992126
0
LINE
8
BLACK
6
CONTINUOUS
10
2.1824518503937007
20
0.3053046062992126
11
2.1822834251968501
21
0.3078740157480315
0
LINE
8
BLACK
6
CONTINUOUS
10
2.1822834251968501
20
0.3078740157480315
11
2.1822834251968501
21
0.3177165354330709
0
LINE
8
BLACK
6
CONTINUOUS
10
2.1822834251968501
20
0.3177165354330709
11
2.1704724015748029
21
0.3177165354330709
0
LINE
8
BLACK
6
CONTINUOUS
10
2.221653503937008
20
0.3078740157480315
11
2.2214850787401574
21
0.3053046062992126
0
LINE
8
BLACK
6
CONTINUOUS
10
2.2214850787401574
20
0.3053046062992126
11
2.2201550787401576
21
0.3003408661417323
0
LINE
8
BLACK
6
CONTINUOUS
10
2.2201550787401576
20
0.3003408661417323
11
2.2175856692913385
21
0.2958905118110236
0
LINE
8
BLACK
6
CONTINUOUS
10
2.2175856692913385
20
0.2958905118110236
11
2.2139519685039368
21
0.2922568110236221
0
LINE
8
BLACK
6
CONTINUOUS
10
2.2139519685039368
20
0.2922568110236221
11
2.2118109842519686
21
0.2910207480314961
0
LINE
8
BLACK
6
CONTINUOUS
10
2.2118109842519686
20
0.2910207480314961
11
2.2118109842519686
21
0.277859842519685
0
LINE
8
BLACK
6
CONTINUOUS
10
2.2118109842519686
20
0.277859842519685
11
2.2168871259842517
21
0.2799624409448819
0
LINE
8
BLACK
6
CONTINUOUS
10
2.2168871259842517
20
0.2799624409448819
11
2.2168878346456693
21
0.2799628346456693
0
LINE
8
BLACK
6
CONTINUOUS
10
2.2168878346456693
20
0.2799628346456693
11
2.2220458267716534
21
0.2834092913385827
0
LINE
8
BLACK
6
CONTINUOUS
10
2.2220458267716534
20
0.2834092913385827
11
2.2220461417322834
21
0.2834095275590551
0
LINE
8
BLACK
6
CONTINUOUS
10
2.2220461417322834
20
0.2834095275590551
11
2.2264329527559052
21
0.2877963385826772
0
LINE
8
BLACK
6
CONTINUOUS
10
2.2264329527559052
20
0.2877963385826772
11
2.2264330708661415
21
0.2877964960629921
0
LINE
8
BLACK
6
CONTINUOUS
10
2.2264330708661415
20
0.2877964960629921
11
2.2298797637795276
21
0.2929548031496063
0
LINE
8
BLACK
6
CONTINUOUS
10
2.2298797637795276
20
0.2929548031496063
11
2.2298799606299213
21
0.292955157480315
0
LINE
8
BLACK
6
CONTINUOUS
10
2.2298799606299213
20
0.292955157480315
11
2.2322541338582678
21
0.298686968503937
0
LINE
8
BLACK
6
CONTINUOUS
10
2.2322541338582678
20
0.298686968503937
11
2.2322542125984253
21
0.2986872834645669
0
LINE
8
BLACK
6
CONTINUOUS
10
2.2322542125984253
20
0.2986872834645669
11
2.2334644881889765
21
0.3047717716535433
0
LINE
8
BLACK
6
CONTINUOUS
10
2.2334644881889765
20
0.3047717716535433
11
2.2334645275590552
21
0.3047718897637795
0
LINE
8
BLACK
6
CONTINUOUS
10
2.2334645275590552
20
0.3047718897637795
11
2.2334645275590552
21
0.3177165354330709
0
LINE
8
BLACK
6
CONTINUOUS
10
2.2334645275590552
20
0.3177165354330709
11
2.221653503937008
21
0.3177165354330709
0
LINE
8
BLACK
6
CONTINUOUS
10
2.221653503937008
20
0.3177165354330709
11
2.221653503937008
21
0.3078740157480315
0
LINE
8
BLACK
6
CONTINUOUS
10
0.8700429527559055
20
0.4646405511811024
11
0.8700429133858267
21
0.4646407086614173
0
LINE
8
BLACK
6
CONTINUOUS
10
0.8700429133858267
20
0.4646407086614173
11
0.8682593700787401
21
0.4686801181102362
0
LINE
8
BLACK
6
CONTINUOUS
10
0.8682593700787401
20
0.4686801181102362
11
0.868259251968504
21
0.4686803149606299
0
LINE
8
BLACK
6
CONTINUOUS
10
0.868259251968504
20
0.4686803149606299
11
0.865136968503937
21
0.4718025984251968
0
LINE
8
BLACK
6
CONTINUOUS
10
0.865136968503937
20
0.4718025984251968
11
0.8651367716535433
21
0.471802716535433
0
LINE
8
BLACK
6
CONTINUOUS
10
0.8651367716535433
20
0.471802716535433
11
0.8610974803149606
21
0.4735862204724409
0
LINE
8
BLACK
6
CONTINUOUS
10
0.8610974803149606
20
0.4735862204724409
11
0.8601099999999999
21
0.4737007874015748
0
LINE
8
BLACK
6
CONTINUOUS
10
0.8601099999999999
20
0.4737007874015748
11
0.8381889763779528
21
0.4737007874015748
0
LINE
8
BLACK
6
CONTINUOUS
10
0.8381889763779528
20
0.4737007874015748
11
0.8381889763779528
21
0.4618897637795276
0
LINE
8
BLACK
6
CONTINUOUS
10
0.8381889763779528
20
0.4618897637795276
11
0.8583464566929133
21
0.4618897637795276
0
LINE
8
BLACK
6
CONTINUOUS
10
0.8583464566929133
20
0.4618897637795276
11
0.8583464566929133
21
0.4417322834645669
0
LINE
8
BLACK
6
CONTINUOUS
10
0.8583464566929133
20
0.4417322834645669
11
0.8701574409448819
21
0.4417322834645669
0
LINE
8
BLACK
6
CONTINUOUS
10
0.8701574409448819
20
0.4417322834645669
11
0.8701574409448819
21
0.4636534645669291
0
LINE
8
BLACK
6
CONTINUOUS
10
0.8701574409448819
20
0.4636534645669291
11
0.870157125984252
21
0.4636562992125984
0
LINE
8
BLACK
6
CONTINUOUS
10
0.870157125984252
20
0.4636562992125984
11
0.8700429527559055
21
0.4646405511811024
0
LINE
8
BLACK
6
CONTINUOUS
10
0.5865354724409448
20
0.3220472440944882
11
0.5865354724409448
21
0.3001265748031496
0
LINE
8
BLACK
6
CONTINUOUS
10
0.5865354724409448
20
0.3001265748031496
11
0.5865355118110236
21
0.3001256692913385
0
LINE
8
BLACK
6
CONTINUOUS
10
0.5865355118110236
20
0.3001256692913385
11
0.5866499212598425
21
0.2991390157480315
0
LINE
8
BLACK
6
CONTINUOUS
10
0.5866499212598425
20
0.2991390157480315
11
0.5866499606299213
21
0.2991388582677165
0
LINE
8
BLACK
6
CONTINUOUS
10
0.5866499606299213
20
0.2991388582677165
11
0.5884335039370079
21
0.2950994488188977
0
LINE
8
BLACK
6
CONTINUOUS
10
0.5884335039370079
20
0.2950994488188977
11
0.588433622047244
21
0.295099251968504
0
LINE
8
BLACK
6
CONTINUOUS
10
0.588433622047244
20
0.295099251968504
11
0.591555905511811
21
0.291976968503937
0
LINE
8
BLACK
6
CONTINUOUS
10
0.591555905511811
20
0.291976968503937
11
0.5915561023622047
21
0.2919768503937008
0
LINE
8
BLACK
6
CONTINUOUS
10
0.5915561023622047
20
0.2919768503937008
11
0.5955953937007874
21
0.2901933464566929
0
LINE
8
BLACK
6
CONTINUOUS
10
0.5955953937007874
20
0.2901933464566929
11
0.5965829133858268
21
0.2900787795275591
0
LINE
8
BLACK
6
CONTINUOUS
10
0.5965829133858268
20
0.2900787795275591
11
0.6185038976377952
21
0.2900787795275591
0
LINE
8
BLACK
6
CONTINUOUS
10
0.6185038976377952
20
0.2900787795275591
11
0.618503937007874
21
0.2900788188976378
0
LINE
8
BLACK
6
CONTINUOUS
10
0.618503937007874
20
0.2900788188976378
11
0.618503937007874
21
0.3018897637795275
0
LINE
8
BLACK
6
CONTINUOUS
10
0.618503937007874
20
0.3018897637795275
11
0.5983464566929134
21
0.3018897637795275
0
LINE
8
BLACK
6
CONTINUOUS
10
0.5983464566929134
20
0.3018897637795275
11
0.5983464566929134
21
0.3220472440944882
0
LINE
8
BLACK
6
CONTINUOUS
10
0.5983464566929134
20
0.3220472440944882
11
0.5865354724409448
21
0.3220472440944882
0
LINE
8
BLACK
6
CONTINUOUS
10
0.6583464566929134
20
0.3018897637795275
11
0.6381889763779527
21
0.3018897637795275
0
LINE
8
BLACK
6
CONTINUOUS
10
0.6381889763779527
20
0.3018897637795275
11
0.6381889763779527
21
0.2900787795275591
0
LINE
8
BLACK
6
CONTINUOUS
10
0.6381889763779527
20
0.2900787795275591
11
0.6601096850393701
21
0.2900787795275591
0
LINE
8
BLACK
6
CONTINUOUS
10
0.6601096850393701
20
0.2900787795275591
11
0.6601105511811024
21
0.2900788582677165
0
LINE
8
BLACK
6
CONTINUOUS
10
0.6601105511811024
20
0.2900788582677165
11
0.6610972047244095
21
0.2901932677165354
0
LINE
8
BLACK
6
CONTINUOUS
10
0.6610972047244095
20
0.2901932677165354
11
0.6610973622047244
21
0.2901933070866142
0
LINE
8
BLACK
6
CONTINUOUS
10
0.6610973622047244
20
0.2901933070866142
11
0.6651367716535433
21
0.2919768503937008
0
LINE
8
BLACK
6
CONTINUOUS
10
0.6651367716535433
20
0.2919768503937008
11
0.665136968503937
21
0.291976968503937
0
LINE
8
BLACK
6
CONTINUOUS
10
0.665136968503937
20
0.291976968503937
11
0.6682592519685039
21
0.295099251968504
0
LINE
8
BLACK
6
CONTINUOUS
10
0.6682592519685039
20
0.295099251968504
11
0.6682593700787401
21
0.2950994488188977
0
LINE
8
BLACK
6
CONTINUOUS
10
0.6682593700787401
20
0.2950994488188977
11
0.670042874015748
21
0.2991387007874016
0
LINE
8
BLACK
6
CONTINUOUS
10
0.670042874015748
20
0.2991387007874016
11
0.670042874015748
21
0.2991387795275591
0
LINE
8
BLACK
6
CONTINUOUS
10
0.670042874015748
20
0.2991387795275591
11
0.6701574409448818
21
0.3001262204724409
0
LINE
8
BLACK
6
CONTINUOUS
10
0.6701574409448818
20
0.3001262204724409
11
0.6701574803149606
21
0.3001263385826772
0
LINE
8
BLACK
6
CONTINUOUS
10
0.6701574803149606
20
0.3001263385826772
11
0.6701574803149606
21
0.3220472440944882
0
LINE
8
BLACK
6
CONTINUOUS
10
0.6701574803149606
20
0.3220472440944882
11
0.6583464566929134
21
0.3220472440944882
0
LINE
8
BLACK
6
CONTINUOUS
10
0.6583464566929134
20
0.3220472440944882
11
0.6583464566929134
21
0.3018897637795275
0
LINE
8
BLACK
6
CONTINUOUS
10
0.7865354724409449
20
0.3220472440944882
11
0.7865354724409449
21
0.3001265748031496
0
LINE
8
BLACK
6
CONTINUOUS
10
0.7865354724409449
20
0.3001265748031496
11
0.7865355118110237
21
0.3001256692913385
0
LINE
8
BLACK
6
CONTINUOUS
10
0.7865355118110237
20
0.3001256692913385
11
0.7866499212598425
21
0.2991390157480315
0
LINE
8
BLACK
6
CONTINUOUS
10
0.7866499212598425
20
0.2991390157480315
11
0.7866499606299212
21
0.2991388582677165
0
LINE
8
BLACK
6
CONTINUOUS
10
0.7866499606299212
20
0.2991388582677165
11
0.7884335039370078
21
0.2950994488188977
0
LINE
8
BLACK
6
CONTINUOUS
10
0.7884335039370078
20
0.2950994488188977
11
0.7884336220472441
21
0.295099251968504
0
LINE
8
BLACK
6
CONTINUOUS
10
0.7884336220472441
20
0.295099251968504
11
0.791555905511811
21
0.291976968503937
0
LINE
8
BLACK
6
CONTINUOUS
10
0.791555905511811
20
0.291976968503937
11
0.7915561023622047
21
0.2919768503937008
0
LINE
8
BLACK
6
CONTINUOUS
10
0.7915561023622047
20
0.2919768503937008
11
0.7955953937007874
21
0.2901933464566929
0
LINE
8
BLACK
6
CONTINUOUS
10
0.7955953937007874
20
0.2901933464566929
11
0.7965829133858268
21
0.2900787795275591
0
LINE
8
BLACK
6
CONTINUOUS
10
0.7965829133858268
20
0.2900787795275591
11
0.8185038976377953
21
0.2900787795275591
0
LINE
8
BLACK
6
CONTINUOUS
10
0.8185038976377953
20
0.2900787795275591
11
0.818503937007874
21
0.2900788188976378
0
LINE
8
BLACK
6
CONTINUOUS
10
0.818503937007874
20
0.2900788188976378
11
0.818503937007874
21
0.3018897637795275
0
LINE
8
BLACK
6
CONTINUOUS
10
0.818503937007874
20
0.3018897637795275
11
0.7983464566929134
21
0.3018897637795275
0
LINE
8
BLACK
6
CONTINUOUS
10
0.7983464566929134
20
0.3018897637795275
11
0.7983464566929134
21
0.3220472440944882
0
LINE
8
BLACK
6
CONTINUOUS
10
0.7983464566929134
20
0.3220472440944882
11
0.7865354724409449
21
0.3220472440944882
0
LINE
8
BLACK
6
CONTINUOUS
10
0.8583464566929133
20
0.3018897637795275
11
0.8381889763779528
21
0.3018897637795275
0
LINE
8
BLACK
6
CONTINUOUS
10
0.8381889763779528
20
0.3018897637795275
11
0.8381889763779528
21
0.2900787795275591
0
LINE
8
BLACK
6
CONTINUOUS
10
0.8381889763779528
20
0.2900787795275591
11
0.86010968503937
21
0.2900787795275591
0
LINE
8
BLACK
6
CONTINUOUS
10
0.86010968503937
20
0.2900787795275591
11
0.8601105511811024
21
0.2900788582677165
0
LINE
8
BLACK
6
CONTINUOUS
10
0.8601105511811024
20
0.2900788582677165
11
0.8610972047244094
21
0.2901932677165354
0
LINE
8
BLACK
6
CONTINUOUS
10
0.8610972047244094
20
0.2901932677165354
11
0.8610973622047244
21
0.2901933070866142
0
LINE
8
BLACK
6
CONTINUOUS
10
0.8610973622047244
20
0.2901933070866142
11
0.8651367716535433
21
0.2919768503937008
0
LINE
8
BLACK
6
CONTINUOUS
10
0.8651367716535433
20
0.2919768503937008
11
0.865136968503937
21
0.291976968503937
0
LINE
8
BLACK
6
CONTINUOUS
10
0.865136968503937
20
0.291976968503937
11
0.868259251968504
21
0.295099251968504
0
LINE
8
BLACK
6
CONTINUOUS
10
0.868259251968504
20
0.295099251968504
11
0.8682593700787401
21
0.2950994488188977
0
LINE
8
BLACK
6
CONTINUOUS
10
0.8682593700787401
20
0.2950994488188977
11
0.870042874015748
21
0.2991387007874016
0
LINE
8
BLACK
6
CONTINUOUS
10
0.870042874015748
20
0.2991387007874016
11
0.870042874015748
21
0.2991387795275591
0
LINE
8
BLACK
6
CONTINUOUS
10
0.870042874015748
20
0.2991387795275591
11
0.8701574409448819
21
0.3001262204724409
0
LINE
8
BLACK
6
CONTINUOUS
10
0.8701574409448819
20
0.3001262204724409
11
0.8701574803149607
21
0.3001263385826772
0
LINE
8
BLACK
6
CONTINUOUS
10
0.8701574803149607
20
0.3001263385826772
11
0.8701574803149607
21
0.3220472440944882
0
LINE
8
BLACK
6
CONTINUOUS
10
0.8701574803149607
20
0.3220472440944882
11
0.8583464566929133
21
0.3220472440944882
0
LINE
8
BLACK
6
CONTINUOUS
10
0.8583464566929133
20
0.3220472440944882
11
0.8583464566929133
21
0.3018897637795275
0
LINE
8
BLACK
6
CONTINUOUS
10
1.6865354724409449
20
0.3220472440944882
11
1.6865354724409449
21
0.3001265748031496
0
LINE
8
BLACK
6
CONTINUOUS
10
1.6865354724409449
20
0.3001265748031496
11
1.6865355118110237
21
0.3001256692913385
0
LINE
8
BLACK
6
CONTINUOUS
10
1.6865355118110237
20
0.3001256692913385
11
1.6866499212598425
21
0.2991390157480315
0
LINE
8
BLACK
6
CONTINUOUS
10
1.6866499212598425
20
0.2991390157480315
11
1.6866499606299212
21
0.2991388582677165
0
LINE
8
BLACK
6
CONTINUOUS
10
1.6866499606299212
20
0.2991388582677165
11
1.6884335039370078
21
0.2950994488188977
0
LINE
8
BLACK
6
CONTINUOUS
10
1.6884335039370078
20
0.2950994488188977
11
1.688433622047244
21
0.295099251968504
0
LINE
8
BLACK
6
CONTINUOUS
10
1.688433622047244
20
0.295099251968504
11
1.691555905511811
21
0.291976968503937
0
LINE
8
BLACK
6
CONTINUOUS
10
1.691555905511811
20
0.291976968503937
11
1.6915561023622048
21
0.2919768503937008
0
LINE
8
BLACK
6
CONTINUOUS
10
1.6915561023622048
20
0.2919768503937008
11
1.6955953937007873
21
0.2901933464566929
0
LINE
8
BLACK
6
CONTINUOUS
10
1.6955953937007873
20
0.2901933464566929
11
1.6965829133858268
21
0.2900787795275591
0
LINE
8
BLACK
6
CONTINUOUS
10
1.6965829133858268
20
0.2900787795275591
11
1.7185038976377953
21
0.2900787795275591
0
LINE
8
BLACK
6
CONTINUOUS
10
1.7185038976377953
20
0.2900787795275591
11
1.7185039370078741
21
0.2900788188976378
0
LINE
8
BLACK
6
CONTINUOUS
10
1.7185039370078741
20
0.2900788188976378
11
1.7185039370078741
21
0.3018897637795275
0
LINE
8
BLACK
6
CONTINUOUS
10
1.7185039370078741
20
0.3018897637795275
11
1.6983464566929134
21
0.3018897637795275
0
LINE
8
BLACK
6
CONTINUOUS
10
1.6983464566929134
20
0.3018897637795275
11
1.6983464566929134
21
0.3220472440944882
0
LINE
8
BLACK
6
CONTINUOUS
10
1.6983464566929134
20
0.3220472440944882
11
1.6865354724409449
21
0.3220472440944882
0
LINE
8
BLACK
6
CONTINUOUS
10
1.7583464566929135
20
0.3018897637795275
11
1.7381889763779528
21
0.3018897637795275
0
LINE
8
BLACK
6
CONTINUOUS
10
1.7381889763779528
20
0.3018897637795275
11
1.7381889763779528
21
0.2900787795275591
0
LINE
8
BLACK
6
CONTINUOUS
10
1.7381889763779528
20
0.2900787795275591
11
1.76010968503937
21
0.2900787795275591
0
LINE
8
BLACK
6
CONTINUOUS
10
1.76010968503937
20
0.2900787795275591
11
1.7601105511811024
21
0.2900788582677165
0
LINE
8
BLACK
6
CONTINUOUS
10
1.7601105511811024
20
0.2900788582677165
11
1.7610972047244093
21
0.2901932677165354
0
LINE
8
BLACK
6
CONTINUOUS
10
1.7610972047244093
20
0.2901932677165354
11
1.7610973622047243
21
0.2901933070866142
0
LINE
8
BLACK
6
CONTINUOUS
10
1.7610973622047243
20
0.2901933070866142
11
1.7651367716535433
21
0.2919768503937008
0
LINE
8
BLACK
6
CONTINUOUS
10
1.7651367716535433
20
0.2919768503937008
11
1.7651369685039369
21
0.291976968503937
0
LINE
8
BLACK
6
CONTINUOUS
10
1.7651369685039369
20
0.291976968503937
11
1.7682592519685039
21
0.295099251968504
0
LINE
8
BLACK
6
CONTINUOUS
10
1.7682592519685039
20
0.295099251968504
11
1.7682593700787401
21
0.2950994488188977
0
LINE
8
BLACK
6
CONTINUOUS
10
1.7682593700787401
20
0.2950994488188977
11
1.7700428740157479
21
0.2991387007874016
0
LINE
8
BLACK
6
CONTINUOUS
10
1.7700428740157479
20
0.2991387007874016
11
1.7700428740157479
21
0.2991387795275591
0
LINE
8
BLACK
6
CONTINUOUS
10
1.7700428740157479
20
0.2991387795275591
11
1.7701574409448819
21
0.3001262204724409
0
LINE
8
BLACK
6
CONTINUOUS
10
1.7701574409448819
20
0.3001262204724409
11
1.7701574803149607
21
0.3001263385826772
0
LINE
8
BLACK
6
CONTINUOUS
10
1.7701574803149607
20
0.3001263385826772
11
1.7701574803149607
21
0.3220472440944882
0
LINE
8
BLACK
6
CONTINUOUS
10
1.7701574803149607
20
0.3220472440944882
11
1.7583464566929135
21
0.3220472440944882
0
LINE
8
BLACK
6
CONTINUOUS
10
1.7583464566929135
20
0.3220472440944882
11
1.7583464566929135
21
0.3018897637795275
0
LINE
8
BLACK
6
CONTINUOUS
10
0.886515748031496
20
0.4001238188976378
11
0.8865158267716535
21
0.4001227952755905
0
LINE
8
BLACK
6
CONTINUOUS
10
0.8865158267716535
20
0.4001227952755905
11
0.8866304330708661
21
0.3991344094488189
0
LINE
8
BLACK
6
CONTINUOUS
10
0.8866304330708661
20
0.3991344094488189
11
0.8866305118110236
21
0.3991342519685039
0
LINE
8
BLACK
6
CONTINUOUS
10
0.8866305118110236
20
0.3991342519685039
11
0.8884170472440944
21
0.3950880708661417
0
LINE
8
BLACK
6
CONTINUOUS
10
0.8884170472440944
20
0.3950880708661417
11
0.8884170866141732
21
0.395088031496063
0
LINE
8
BLACK
6
CONTINUOUS
10
0.8884170866141732
20
0.395088031496063
11
0.89154468503937
21
0.3919604330708661
0
LINE
8
BLACK
6
CONTINUOUS
10
0.89154468503937
20
0.3919604330708661
11
0.895590905511811
21
0.3901738582677165
0
LINE
8
BLACK
6
CONTINUOUS
10
0.895590905511811
20
0.3901738582677165
11
0.8965801181102362
21
0.390059094488189
0
LINE
8
BLACK
6
CONTINUOUS
10
0.8965801181102362
20
0.390059094488189
11
0.9057283464566929
21
0.3900591338582677
0
LINE
8
BLACK
6
CONTINUOUS
10
0.9057283464566929
20
0.3900591338582677
11
0.9060702755905512
21
0.3899587401574803
0
LINE
8
BLACK
6
CONTINUOUS
10
0.9060702755905512
20
0.3899587401574803
11
0.9064231102362205
21
0.3900094488188977
0
LINE
8
BLACK
6
CONTINUOUS
10
0.9064231102362205
20
0.3900094488188977
11
0.9073694488188976
21
0.3895772834645669
0
LINE
8
BLACK
6
CONTINUOUS
10
0.9073694488188976
20
0.3895772834645669
11
0.9083676771653543
21
0.3892841732283465
0
LINE
8
BLACK
6
CONTINUOUS
10
0.9083676771653543
20
0.3892841732283465
11
0.908601062992126
21
0.3890148031496063
0
LINE
8
BLACK
6
CONTINUOUS
10
0.908601062992126
20
0.3890148031496063
11
0.9089253149606299
21
0.3888667322834646
0
LINE
8
BLACK
6
CONTINUOUS
10
0.9089253149606299
20
0.3888667322834646
11
0.9094877559055118
21
0.3879914960629921
0
LINE
8
BLACK
6
CONTINUOUS
10
0.9094877559055118
20
0.3879914960629921
11
0.9101690551181102
21
0.3872052755905512
0
LINE
8
BLACK
6
CONTINUOUS
10
0.9101690551181102
20
0.3872052755905512
11
0.910259094488189
21
0.3867912992125984
0
LINE
8
BLACK
6
CONTINUOUS
10
0.910259094488189
20
0.3867912992125984
11
0.9104124803149606
21
0.3865526377952756
0
LINE
8
BLACK
6
CONTINUOUS
10
0.9104124803149606
20
0.3865526377952756
11
0.9106102362204724
21
0.3851772440944882
0
LINE
8
BLACK
6
CONTINUOUS
10
0.9106102362204724
20
0.3851772440944882
11
0.9106102362204724
21
0.3786023228346457
0
LINE
8
BLACK
6
CONTINUOUS
10
0.9106102362204724
20
0.3786023228346457
11
0.9098352362204725
21
0.3759629921259842
0
LINE
8
BLACK
6
CONTINUOUS
10
0.9098352362204725
20
0.3759629921259842
11
0.9077563385826771
21
0.3741616141732284
0
LINE
8
BLACK
6
CONTINUOUS
10
0.9077563385826771
20
0.3741616141732284
11
0.9057283858267716
21
0.3737204330708661
0
LINE
8
BLACK
6
CONTINUOUS
10
0.9057283858267716
20
0.3737204330708661
11
0.8965804330708661
21
0.3737204330708661
0
LINE
8
BLACK
6
CONTINUOUS
10
0.8965804330708661
20
0.3737204330708661
11
0.8965794094488189
21
0.3737203543307087
0
LINE
8
BLACK
6
CONTINUOUS
10
0.8965794094488189
20
0.3737203543307087
11
0.8955910236220472
21
0.373605748031496
0
LINE
8
BLACK
6
CONTINUOUS
10
0.8955910236220472
20
0.373605748031496
11
0.8955908661417322
21
0.3736056692913386
0
LINE
8
BLACK
6
CONTINUOUS
10
0.8955908661417322
20
0.3736056692913386
11
0.89154468503937
21
0.3718191338582677
0
LINE
8
BLACK
6
CONTINUOUS
10
0.89154468503937
20
0.3718191338582677
11
0.8884170866141732
21
0.3686915354330709
0
LINE
8
BLACK
6
CONTINUOUS
10
0.8884170866141732
20
0.3686915354330709
11
0.8866305118110236
21
0.3646453937007874
0
LINE
8
BLACK
6
CONTINUOUS
10
0.8866305118110236
20
0.3646453937007874
11
0.8866305118110236
21
0.3646453149606299
0
LINE
8
BLACK
6
CONTINUOUS
10
0.8866305118110236
20
0.3646453149606299
11
0.886515748031496
21
0.3636562204724409
0
LINE
8
BLACK
6
CONTINUOUS
10
0.886515748031496
20
0.3636562204724409
11
0.886515748031496
21
0.3001237401574803
0
LINE
8
BLACK
6
CONTINUOUS
10
0.886515748031496
20
0.3001237401574803
11
0.8865158267716535
21
0.300122716535433
0
LINE
8
BLACK
6
CONTINUOUS
10
0.8865158267716535
20
0.300122716535433
11
0.8866304330708661
21
0.2991343307086614
0
LINE
8
BLACK
6
CONTINUOUS
10
0.8866304330708661
20
0.2991343307086614
11
0.8866305118110236
21
0.2991341732283465
0
LINE
8
BLACK
6
CONTINUOUS
10
0.8866305118110236
20
0.2991341732283465
11
0.8884170472440944
21
0.2950879921259842
0
LINE
8
BLACK
6
CONTINUOUS
10
0.8884170472440944
20
0.2950879921259842
11
0.8884170866141732
21
0.2950879527559055
0
LINE
8
BLACK
6
CONTINUOUS
10
0.8884170866141732
20
0.2950879527559055
11
0.89154468503937
21
0.2919603543307087
0
LINE
8
BLACK
6
CONTINUOUS
10
0.89154468503937
20
0.2919603543307087
11
0.895590905511811
21
0.2901737795275591
0
LINE
8
BLACK
6
CONTINUOUS
10
0.895590905511811
20
0.2901737795275591
11
0.8965801181102362
21
0.2900590157480315
0
LINE
8
BLACK
6
CONTINUOUS
10
0.8965801181102362
20
0.2900590157480315
11
0.9601127559055118
21
0.2900590551181103
0
LINE
8
BLACK
6
CONTINUOUS
10
0.9601127559055118
20
0.2900590551181103
11
0.9601133464566929
21
0.2900591338582677
0
LINE
8
BLACK
6
CONTINUOUS
10
0.9601133464566929
20
0.2900591338582677
11
0.9601134645669291
21
0.2900591338582677
0
LINE
8
BLACK
6
CONTINUOUS
10
0.9601134645669291
20
0.2900591338582677
11
0.9611018503937008
21
0.2901737401574803
0
LINE
8
BLACK
6
CONTINUOUS
10
0.9611018503937008
20
0.2901737401574803
11
0.9611018897637795
21
0.2901737795275591
0
LINE
8
BLACK
6
CONTINUOUS
10
0.9611018897637795
20
0.2901737795275591
11
0.9611020078740157
21
0.2901737795275591
0
LINE
8
BLACK
6
CONTINUOUS
10
0.9611020078740157
20
0.2901737795275591
11
0.9651482283464566
21
0.2919603543307087
0
LINE
8
BLACK
6
CONTINUOUS
10
0.9651482283464566
20
0.2919603543307087
11
0.9682758267716535
21
0.2950879527559055
0
LINE
8
BLACK
6
CONTINUOUS
10
0.9682758267716535
20
0.2950879527559055
11
0.9700624015748032
21
0.2991341732283465
0
LINE
8
BLACK
6
CONTINUOUS
10
0.9700624015748032
20
0.2991341732283465
11
0.9701771653543307
21
0.3001233858267717
0
LINE
8
BLACK
6
CONTINUOUS
10
0.9701771653543307
20
0.3001233858267717
11
0.970177125984252
21
0.3636560236220472
0
LINE
8
BLACK
6
CONTINUOUS
10
0.970177125984252
20
0.3636560236220472
11
0.9701770472440945
21
0.363656811023622
0
LINE
8
BLACK
6
CONTINUOUS
10
0.9701770472440945
20
0.363656811023622
11
0.9700624409448819
21
0.364645157480315
0
LINE
8
BLACK
6
CONTINUOUS
10
0.9700624409448819
20
0.364645157480315
11
0.9700624015748032
21
0.3646452362204725
0
LINE
8
BLACK
6
CONTINUOUS
10
0.9700624015748032
20
0.3646452362204725
11
0.9700624015748032
21
0.3646452755905512
0
LINE
8
BLACK
6
CONTINUOUS
10
0.9700624015748032
20
0.3646452755905512
11
0.9682758267716535
21
0.3686914960629921
0
LINE
8
BLACK
6
CONTINUOUS
10
0.9682758267716535
20
0.3686914960629921
11
0.9651482283464566
21
0.371819094488189
0
LINE
8
BLACK
6
CONTINUOUS
10
0.9651482283464566
20
0.371819094488189
11
0.965148031496063
21
0.3718191732283465
0
LINE
8
BLACK
6
CONTINUOUS
10
0.965148031496063
20
0.3718191732283465
11
0.9611020472440944
21
0.3736056692913386
0
LINE
8
BLACK
6
CONTINUOUS
10
0.9611020472440944
20
0.3736056692913386
11
0.9601129133858267
21
0.3737204330708661
0
LINE
8
BLACK
6
CONTINUOUS
10
0.9601129133858267
20
0.3737204330708661
11
0.9601127952755906
21
0.3737204330708661
0
LINE
8
BLACK
6
CONTINUOUS
10
0.9601127952755906
20
0.3737204330708661
11
0.9509645669291339
21
0.3737204330708661
0
LINE
8
BLACK
6
CONTINUOUS
10
0.9509645669291339
20
0.3737204330708661
11
0.9506225984251968
21
0.3738208661417323
0
LINE
8
BLACK
6
CONTINUOUS
10
0.9506225984251968
20
0.3738208661417323
11
0.9502698031496063
21
0.3737701181102362
0
LINE
8
BLACK
6
CONTINUOUS
10
0.9502698031496063
20
0.3737701181102362
11
0.9493233070866142
21
0.3742023622047244
0
LINE
8
BLACK
6
CONTINUOUS
10
0.9493233070866142
20
0.3742023622047244
11
0.9483252362204724
21
0.3744954330708661
0
LINE
8
BLACK
6
CONTINUOUS
10
0.9483252362204724
20
0.3744954330708661
11
0.9480918503937008
21
0.3747647637795276
0
LINE
8
BLACK
6
CONTINUOUS
10
0.9480918503937008
20
0.3747647637795276
11
0.9477675984251969
21
0.3749128346456693
0
LINE
8
BLACK
6
CONTINUOUS
10
0.9477675984251969
20
0.3749128346456693
11
0.947205
21
0.3757882283464567
0
LINE
8
BLACK
6
CONTINUOUS
10
0.947205
20
0.3757882283464567
11
0.9465238582677166
21
0.3765743307086614
0
LINE
8
BLACK
6
CONTINUOUS
10
0.9465238582677166
20
0.3765743307086614
11
0.946433779527559
21
0.3769883070866142
0
LINE
8
BLACK
6
CONTINUOUS
10
0.946433779527559
20
0.3769883070866142
11
0.9462804330708661
21
0.3772269291338582
0
LINE
8
BLACK
6
CONTINUOUS
10
0.9462804330708661
20
0.3772269291338582
11
0.9460826771653543
21
0.3786023228346457
0
LINE
8
BLACK
6
CONTINUOUS
10
0.9460826771653543
20
0.3786023228346457
11
0.9460826771653543
21
0.3851772440944882
0
LINE
8
BLACK
6
CONTINUOUS
10
0.9460826771653543
20
0.3851772440944882
11
0.9468576771653543
21
0.3878165748031496
0
LINE
8
BLACK
6
CONTINUOUS
10
0.9468576771653543
20
0.3878165748031496
11
0.9489365748031496
21
0.3896179527559055
0
LINE
8
BLACK
6
CONTINUOUS
10
0.9489365748031496
20
0.3896179527559055
11
0.9509645669291339
21
0.3900591338582677
0
LINE
8
BLACK
6
CONTINUOUS
10
0.9509645669291339
20
0.3900591338582677
11
0.9601124409448819
21
0.3900591338582677
0
LINE
8
BLACK
6
CONTINUOUS
10
0.9601124409448819
20
0.3900591338582677
11
0.9601127559055118
21
0.3900591338582677
0
LINE
8
BLACK
6
CONTINUOUS
10
0.9601127559055118
20
0.3900591338582677
11
0.9601133464566929
21
0.3900592125984252
0
LINE
8
BLACK
6
CONTINUOUS
10
0.9601133464566929
20
0.3900592125984252
11
0.9601134645669291
21
0.3900592125984252
0
LINE
8
BLACK
6
CONTINUOUS
10
0.9601134645669291
20
0.3900592125984252
11
0.9611018503937008
21
0.3901738188976378
0
LINE
8
BLACK
6
CONTINUOUS
10
0.9611018503937008
20
0.3901738188976378
11
0.9611018897637795
21
0.3901738582677165
0
LINE
8
BLACK
6
CONTINUOUS
10
0.9611018897637795
20
0.3901738582677165
11
0.9611020078740157
21
0.3901738582677165
0
LINE
8
BLACK
6
CONTINUOUS
10
0.9611020078740157
20
0.3901738582677165
11
0.9651482283464566
21
0.3919604330708661
0
LINE
8
BLACK
6
CONTINUOUS
10
0.9651482283464566
20
0.3919604330708661
11
0.9682758267716535
21
0.395088031496063
0
LINE
8
BLACK
6
CONTINUOUS
10
0.9682758267716535
20
0.395088031496063
11
0.9700624015748032
21
0.3991342519685039
0
LINE
8
BLACK
6
CONTINUOUS
10
0.9700624015748032
20
0.3991342519685039
11
0.9701771653543307
21
0.4001234645669291
0
LINE
8
BLACK
6
CONTINUOUS
10
0.9701771653543307
20
0.4001234645669291
11
0.970177125984252
21
0.4636561023622047
0
LINE
8
BLACK
6
CONTINUOUS
10
0.970177125984252
20
0.4636561023622047
11
0.970177125984252
21
0.4636562598425197
0
LINE
8
BLACK
6
CONTINUOUS
10
0.970177125984252
20
0.4636562598425197
11
0.970177125984252
21
0.4636563385826771
0
LINE
8
BLACK
6
CONTINUOUS
10
0.970177125984252
20
0.4636563385826771
11
0.9700624409448819
21
0.4646452362204724
0
LINE
8
BLACK
6
CONTINUOUS
10
0.9700624409448819
20
0.4646452362204724
11
0.9700624015748032
21
0.4646453149606299
0
LINE
8
BLACK
6
CONTINUOUS
10
0.9700624015748032
20
0.4646453149606299
11
0.9700624015748032
21
0.4646453543307086
0
LINE
8
BLACK
6
CONTINUOUS
10
0.9700624015748032
20
0.4646453543307086
11
0.9682758267716535
21
0.4686915748031496
0
LINE
8
BLACK
6
CONTINUOUS
10
0.9682758267716535
20
0.4686915748031496
11
0.9651482283464566
21
0.4718191732283464
0
LINE
8
BLACK
6
CONTINUOUS
10
0.9651482283464566
20
0.4718191732283464
11
0.9651481496062992
21
0.4718192125984252
0
LINE
8
BLACK
6
CONTINUOUS
10
0.9651481496062992
20
0.4718192125984252
11
0.9611020472440944
21
0.4736057480314961
0
LINE
8
BLACK
6
CONTINUOUS
10
0.9611020472440944
20
0.4736057480314961
11
0.9601129133858267
21
0.4737205118110236
0
LINE
8
BLACK
6
CONTINUOUS
10
0.9601129133858267
20
0.4737205118110236
11
0.9601127952755906
21
0.4737205118110236
0
LINE
8
BLACK
6
CONTINUOUS
10
0.9601127952755906
20
0.4737205118110236
11
0.9509645669291339
21
0.4737205118110236
0
LINE
8
BLACK
6
CONTINUOUS
10
0.9509645669291339
20
0.4737205118110236
11
0.9483252362204724
21
0.4744955118110236
0
LINE
8
BLACK
6
CONTINUOUS
10
0.9483252362204724
20
0.4744955118110236
11
0.9465238582677166
21
0.4765744094488189
0
LINE
8
BLACK
6
CONTINUOUS
10
0.9465238582677166
20
0.4765744094488189
11
0.9460826771653543
21
0.4786024015748032
0
LINE
8
BLACK
6
CONTINUOUS
10
0.9460826771653543
20
0.4786024015748032
11
0.9460826771653543
21
0.9027520472440944
0
LINE
8
BLACK
6
CONTINUOUS
10
0.9460826771653543
20
0.9027520472440944
11
0.9468576771653543
21
0.9053913779527559
0
LINE
8
BLACK
6
CONTINUOUS
10
0.9468576771653543
20
0.9053913779527559
11
0.9475125590551181
21
0.9062040551181102
0
LINE
8
BLACK
6
CONTINUOUS
10
0.9475125590551181
20
0.9062040551181102
11
0.9476574803149606
21
0.9063489763779528
0
LINE
8
BLACK
6
CONTINUOUS
10
0.9476574803149606
20
0.9063489763779528
11
0.948051968503937
21
0.9067434645669291
0
LINE
8
BLACK
6
CONTINUOUS
10
0.948051968503937
20
0.9067434645669291
11
0.9511644488188976
21
0.9121344881889764
0
LINE
8
BLACK
6
CONTINUOUS
10
0.9511644488188976
20
0.9121344881889764
11
0.9527755905511811
21
0.9181473622047244
0
LINE
8
BLACK
6
CONTINUOUS
10
0.9527755905511811
20
0.9181473622047244
11
0.9527755905511811
21
0.9243723228346457
0
LINE
8
BLACK
6
CONTINUOUS
10
0.9527755905511811
20
0.9243723228346457
11
0.9511644488188976
21
0.9303851968503937
0
LINE
8
BLACK
6
CONTINUOUS
10
0.9511644488188976
20
0.9303851968503937
11
0.9511642913385826
21
0.9303854724409448
0
LINE
8
BLACK
6
CONTINUOUS
10
0.9511642913385826
20
0.9303854724409448
11
0.9480521259842519
21
0.9357759842519685
0
LINE
8
BLACK
6
CONTINUOUS
10
0.9480521259842519
20
0.9357759842519685
11
0.9480518897637795
21
0.9357762992125984
0
LINE
8
BLACK
6
CONTINUOUS
10
0.9480518897637795
20
0.9357762992125984
11
0.9436502755905511
21
0.9401779133858268
0
LINE
8
BLACK
6
CONTINUOUS
10
0.9436502755905511
20
0.9401779133858268
11
0.9436499606299212
21
0.9401781496062992
0
LINE
8
BLACK
6
CONTINUOUS
10
0.9436499606299212
20
0.9401781496062992
11
0.9382594488188977
21
0.9432903149606299
0
LINE
8
BLACK
6
CONTINUOUS
10
0.9382594488188977
20
0.9432903149606299
11
0.9382592913385827
21
0.9432903937007874
0
LINE
8
BLACK
6
CONTINUOUS
10
0.9382592913385827
20
0.9432903937007874
11
0.9382592125984252
21
0.9432904330708661
0
LINE
8
BLACK
6
CONTINUOUS
10
0.9382592125984252
20
0.9432904330708661
11
0.9322463385826771
21
0.9449015748031496
0
LINE
8
BLACK
6
CONTINUOUS
10
0.9322463385826771
20
0.9449015748031496
11
0.9260213779527559
21
0.9449015748031496
0
LINE
8
BLACK
6
CONTINUOUS
10
0.9260213779527559
20
0.9449015748031496
11
0.9200085039370078
21
0.9432904330708661
0
LINE
8
BLACK
6
CONTINUOUS
10
0.9200085039370078
20
0.9432904330708661
11
0.9200082283464567
21
0.9432903149606299
0
LINE
8
BLACK
6
CONTINUOUS
10
0.9200082283464567
20
0.9432903149606299
11
0.914617716535433
21
0.9401781496062992
0
LINE
8
BLACK
6
CONTINUOUS
10
0.914617716535433
20
0.9401781496062992
11
0.9146174015748031
21
0.9401779133858268
0
LINE
8
BLACK
6
CONTINUOUS
10
0.9146174015748031
20
0.9401779133858268
11
0.9102157874015748
21
0.9357762992125984
0
LINE
8
BLACK
6
CONTINUOUS
10
0.9102157874015748
20
0.9357762992125984
11
0.9102155511811023
21
0.9357759842519685
0
LINE
8
BLACK
6
CONTINUOUS
10
0.9102155511811023
20
0.9357759842519685
11
0.9071033858267716
21
0.9303854724409448
0
LINE
8
BLACK
6
CONTINUOUS
10
0.9071033858267716
20
0.9303854724409448
11
0.9071032677165354
21
0.9303851968503937
0
LINE
8
BLACK
6
CONTINUOUS
10
0.9071032677165354
20
0.9303851968503937
11
0.905492125984252
21
0.9243723228346457
0
LINE
8
BLACK
6
CONTINUOUS
10
0.905492125984252
20
0.9243723228346457
11
0.905492125984252
21
0.9181474015748031
0
LINE
8
BLACK
6
CONTINUOUS
10
0.905492125984252
20
0.9181474015748031
11
0.9071032677165354
21
0.9121345275590551
0
LINE
8
BLACK
6
CONTINUOUS
10
0.9071032677165354
20
0.9121345275590551
11
0.9071033858267716
21
0.912134251968504
0
LINE
8
BLACK
6
CONTINUOUS
10
0.9071033858267716
20
0.912134251968504
11
0.9099561811023622
21
0.9071929921259843
0
LINE
8
BLACK
6
CONTINUOUS
10
0.9099561811023622
20
0.9071929921259843
11
0.9106102362204724
21
0.9047520866141732
0
LINE
8
BLACK
6
CONTINUOUS
10
0.9106102362204724
20
0.9047520866141732
11
0.9106102362204724
21
0.4786024015748032
0
LINE
8
BLACK
6
CONTINUOUS
10
0.9106102362204724
20
0.4786024015748032
11
0.9098352362204725
21
0.4759630708661417
0
LINE
8
BLACK
6
CONTINUOUS
10
0.9098352362204725
20
0.4759630708661417
11
0.9077563385826771
21
0.4741616929133858
0
LINE
8
BLACK
6
CONTINUOUS
10
0.9077563385826771
20
0.4741616929133858
11
0.9057283858267716
21
0.4737205118110236
0
LINE
8
BLACK
6
CONTINUOUS
10
0.9057283858267716
20
0.4737205118110236
11
0.8965804330708661
21
0.4737205118110236
0
LINE
8
BLACK
6
CONTINUOUS
10
0.8965804330708661
20
0.4737205118110236
11
0.8965794094488189
21
0.4737204330708661
0
LINE
8
BLACK
6
CONTINUOUS
10
0.8965794094488189
20
0.4737204330708661
11
0.8955910236220472
21
0.4736058267716535
0
LINE
8
BLACK
6
CONTINUOUS
10
0.8955910236220472
20
0.4736058267716535
11
0.8955908661417322
21
0.4736057480314961
0
LINE
8
BLACK
6
CONTINUOUS
10
0.8955908661417322
20
0.4736057480314961
11
0.89154468503937
21
0.4718192125984252
0
LINE
8
BLACK
6
CONTINUOUS
10
0.89154468503937
20
0.4718192125984252
11
0.8884170866141732
21
0.4686916141732284
0
LINE
8
BLACK
6
CONTINUOUS
10
0.8884170866141732
20
0.4686916141732284
11
0.8866305118110236
21
0.4646454724409449
0
LINE
8
BLACK
6
CONTINUOUS
10
0.8866305118110236
20
0.4646454724409449
11
0.8866305118110236
21
0.4646453937007874
0
LINE
8
BLACK
6
CONTINUOUS
10
0.8866305118110236
20
0.4646453937007874
11
0.886515748031496
21
0.4636562992125984
0
LINE
8
BLACK
6
CONTINUOUS
10
0.886515748031496
20
0.4636562992125984
11
0.886515748031496
21
0.4001238188976378
0
LINE
8
BLACK
6
CONTINUOUS
10
1.386515748031496
20
0.4001238188976378
11
1.3865158267716535
21
0.4001227952755905
0
LINE
8
BLACK
6
CONTINUOUS
10
1.3865158267716535
20
0.4001227952755905
11
1.3866304330708661
21
0.3991344094488189
0
LINE
8
BLACK
6
CONTINUOUS
10
1.3866304330708661
20
0.3991344094488189
11
1.3866305118110236
21
0.3991342519685039
0
LINE
8
BLACK
6
CONTINUOUS
10
1.3866305118110236
20
0.3991342519685039
11
1.3884170472440944
21
0.3950880708661417
0
LINE
8
BLACK
6
CONTINUOUS
10
1.3884170472440944
20
0.3950880708661417
11
1.3884170866141732
21
0.395088031496063
0
LINE
8
BLACK
6
CONTINUOUS
10
1.3884170866141732
20
0.395088031496063
11
1.39154468503937
21
0.3919604330708661
0
LINE
8
BLACK
6
CONTINUOUS
10
1.39154468503937
20
0.3919604330708661
11
1.395590905511811
21
0.3901738582677165
0
LINE
8
BLACK
6
CONTINUOUS
10
1.395590905511811
20
0.3901738582677165
11
1.3965801181102362
21
0.390059094488189
0
LINE
8
BLACK
6
CONTINUOUS
10
1.3965801181102362
20
0.390059094488189
11
1.405728346456693
21
0.3900591338582677
0
LINE
8
BLACK
6
CONTINUOUS
10
1.405728346456693
20
0.3900591338582677
11
1.4060702755905512
21
0.3899587401574803
0
LINE
8
BLACK
6
CONTINUOUS
10
1.4060702755905512
20
0.3899587401574803
11
1.4064231102362204
21
0.3900094488188977
0
LINE
8
BLACK
6
CONTINUOUS
10
1.4064231102362204
20
0.3900094488188977
11
1.4073694488188977
21
0.3895772834645669
0
LINE
8
BLACK
6
CONTINUOUS
10
1.4073694488188977
20
0.3895772834645669
11
1.4083676771653544
21
0.3892841732283465
0
LINE
8
BLACK
6
CONTINUOUS
10
1.4083676771653544
20
0.3892841732283465
11
1.408601062992126
21
0.3890148031496063
0
LINE
8
BLACK
6
CONTINUOUS
10
1.408601062992126
20
0.3890148031496063
11
1.4089253149606298
21
0.3888667322834646
0
LINE
8
BLACK
6
CONTINUOUS
10
1.4089253149606298
20
0.3888667322834646
11
1.4094877559055117
21
0.3879914960629921
0
LINE
8
BLACK
6
CONTINUOUS
10
1.4094877559055117
20
0.3879914960629921
11
1.4101690551181103
21
0.3872052755905512
0
LINE
8
BLACK
6
CONTINUOUS
10
1.4101690551181103
20
0.3872052755905512
11
1.410259094488189
21
0.3867912992125984
0
LINE
8
BLACK
6
CONTINUOUS
10
1.410259094488189
20
0.3867912992125984
11
1.4104124803149607
21
0.3865526377952756
0
LINE
8
BLACK
6
CONTINUOUS
10
1.4104124803149607
20
0.3865526377952756
11
1.4106102362204724
21
0.3851772440944882
0
LINE
8
BLACK
6
CONTINUOUS
10
1.4106102362204724
20
0.3851772440944882
11
1.4106102362204724
21
0.3786023228346457
0
LINE
8
BLACK
6
CONTINUOUS
10
1.4106102362204724
20
0.3786023228346457
11
1.4098352362204725
21
0.3759629921259842
0
LINE
8
BLACK
6
CONTINUOUS
10
1.4098352362204725
20
0.3759629921259842
11
1.4077563385826772
21
0.3741616141732284
0
LINE
8
BLACK
6
CONTINUOUS
10
1.4077563385826772
20
0.3741616141732284
11
1.4057283858267717
21
0.3737204330708661
0
LINE
8
BLACK
6
CONTINUOUS
10
1.4057283858267717
20
0.3737204330708661
11
1.3965804330708662
21
0.3737204330708661
0
LINE
8
BLACK
6
CONTINUOUS
10
1.3965804330708662
20
0.3737204330708661
11
1.3965794094488189
21
0.3737203543307087
0
LINE
8
BLACK
6
CONTINUOUS
10
1.3965794094488189
20
0.3737203543307087
11
1.3955910236220472
21
0.373605748031496
0
LINE
8
BLACK
6
CONTINUOUS
10
1.3955910236220472
20
0.373605748031496
11
1.3955908661417322
21
0.3736056692913386
0
LINE
8
BLACK
6
CONTINUOUS
10
1.3955908661417322
20
0.3736056692913386
11
1.39154468503937
21
0.3718191338582677
0
LINE
8
BLACK
6
CONTINUOUS
10
1.39154468503937
20
0.3718191338582677
11
1.3884170866141732
21
0.3686915354330709
0
LINE
8
BLACK
6
CONTINUOUS
10
1.3884170866141732
20
0.3686915354330709
11
1.3866305118110236
21
0.3646453937007874
0
LINE
8
BLACK
6
CONTINUOUS
10
1.3866305118110236
20
0.3646453937007874
11
1.3866305118110236
21
0.3646453149606299
0
LINE
8
BLACK
6
CONTINUOUS
10
1.3866305118110236
20
0.3646453149606299
11
1.386515748031496
21
0.3636562204724409
0
LINE
8
BLACK
6
CONTINUOUS
10
1.386515748031496
20
0.3636562204724409
11
1.386515748031496
21
0.3001237401574803
0
LINE
8
BLACK
6
CONTINUOUS
10
1.386515748031496
20
0.3001237401574803
11
1.3865158267716535
21
0.300122716535433
0
LINE
8
BLACK
6
CONTINUOUS
10
1.3865158267716535
20
0.300122716535433
11
1.3866304330708661
21
0.2991343307086614
0
LINE
8
BLACK
6
CONTINUOUS
10
1.3866304330708661
20
0.2991343307086614
11
1.3866305118110236
21
0.2991341732283465
0
LINE
8
BLACK
6
CONTINUOUS
10
1.3866305118110236
20
0.2991341732283465
11
1.3884170472440944
21
0.2950879921259842
0
LINE
8
BLACK
6
CONTINUOUS
10
1.3884170472440944
20
0.2950879921259842
11
1.3884170866141732
21
0.2950879527559055
0
LINE
8
BLACK
6
CONTINUOUS
10
1.3884170866141732
20
0.2950879527559055
11
1.39154468503937
21
0.2919603543307087
0
LINE
8
BLACK
6
CONTINUOUS
10
1.39154468503937
20
0.2919603543307087
11
1.395590905511811
21
0.2901737795275591
0
LINE
8
BLACK
6
CONTINUOUS
10
1.395590905511811
20
0.2901737795275591
11
1.3965801181102362
21
0.2900590157480315
0
LINE
8
BLACK
6
CONTINUOUS
10
1.3965801181102362
20
0.2900590157480315
11
1.4601127559055118
21
0.2900590551181103
0
LINE
8
BLACK
6
CONTINUOUS
10
1.4601127559055118
20
0.2900590551181103
11
1.4601133464566929
21
0.2900591338582677
0
LINE
8
BLACK
6
CONTINUOUS
10
1.4601133464566929
20
0.2900591338582677
11
1.4601134645669291
21
0.2900591338582677
0
LINE
8
BLACK
6
CONTINUOUS
10
1.4601134645669291
20
0.2900591338582677
11
1.4611018503937008
21
0.2901737401574803
0
LINE
8
BLACK
6
CONTINUOUS
10
1.4611018503937008
20
0.2901737401574803
11
1.4611018897637795
21
0.2901737795275591
0
LINE
8
BLACK
6
CONTINUOUS
10
1.4611018897637795
20
0.2901737795275591
11
1.4611020078740158
21
0.2901737795275591
0
LINE
8
BLACK
6
CONTINUOUS
10
1.4611020078740158
20
0.2901737795275591
11
1.4651482283464567
21
0.2919603543307087
0
LINE
8
BLACK
6
CONTINUOUS
10
1.4651482283464567
20
0.2919603543307087
11
1.4682758267716536
21
0.2950879527559055
0
LINE
8
BLACK
6
CONTINUOUS
10
1.4682758267716536
20
0.2950879527559055
11
1.4700624015748032
21
0.2991341732283465
0
LINE
8
BLACK
6
CONTINUOUS
10
1.4700624015748032
20
0.2991341732283465
11
1.4701771653543307
21
0.3001233858267717
0
LINE
8
BLACK
6
CONTINUOUS
10
1.4701771653543307
20
0.3001233858267717
11
1.470177125984252
21
0.3636560236220472
0
LINE
8
BLACK
6
CONTINUOUS
10
1.470177125984252
20
0.3636560236220472
11
1.4701770472440945
21
0.363656811023622
0
LINE
8
BLACK
6
CONTINUOUS
10
1.4701770472440945
20
0.363656811023622
11
1.4700624409448819
21
0.364645157480315
0
LINE
8
BLACK
6
CONTINUOUS
10
1.4700624409448819
20
0.364645157480315
11
1.4700624015748032
21
0.3646452362204725
0
LINE
8
BLACK
6
CONTINUOUS
10
1.4700624015748032
20
0.3646452362204725
11
1.4700624015748032
21
0.3646452755905512
0
LINE
8
BLACK
6
CONTINUOUS
10
1.4700624015748032
20
0.3646452755905512
11
1.4682758267716536
21
0.3686914960629921
0
LINE
8
BLACK
6
CONTINUOUS
10
1.4682758267716536
20
0.3686914960629921
11
1.4651482283464567
21
0.371819094488189
0
LINE
8
BLACK
6
CONTINUOUS
10
1.4651482283464567
20
0.371819094488189
11
1.465148031496063
21
0.3718191732283465
0
LINE
8
BLACK
6
CONTINUOUS
10
1.465148031496063
20
0.3718191732283465
11
1.4611020472440945
21
0.3736056692913386
0
LINE
8
BLACK
6
CONTINUOUS
10
1.4611020472440945
20
0.3736056692913386
11
1.4601129133858268
21
0.3737204330708661
0
LINE
8
BLACK
6
CONTINUOUS
10
1.4601129133858268
20
0.3737204330708661
11
1.4601127952755906
21
0.3737204330708661
0
LINE
8
BLACK
6
CONTINUOUS
10
1.4601127952755906
20
0.3737204330708661
11
1.4509645669291338
21
0.3737204330708661
0
LINE
8
BLACK
6
CONTINUOUS
10
1.4509645669291338
20
0.3737204330708661
11
1.4506225984251968
21
0.3738208661417323
0
LINE
8
BLACK
6
CONTINUOUS
10
1.4506225984251968
20
0.3738208661417323
11
1.4502698031496062
21
0.3737701181102362
0
LINE
8
BLACK
6
CONTINUOUS
10
1.4502698031496062
20
0.3737701181102362
11
1.4493233070866141
21
0.3742023622047244
0
LINE
8
BLACK
6
CONTINUOUS
10
1.4493233070866141
20
0.3742023622047244
11
1.4483252362204724
21
0.3744954330708661
0
LINE
8
BLACK
6
CONTINUOUS
10
1.4483252362204724
20
0.3744954330708661
11
1.4480918503937008
21
0.3747647637795276
0
LINE
8
BLACK
6
CONTINUOUS
10
1.4480918503937008
20
0.3747647637795276
11
1.4477675984251968
21
0.3749128346456693
0
LINE
8
BLACK
6
CONTINUOUS
10
1.4477675984251968
20
0.3749128346456693
11
1.4472050000000001
21
0.3757882283464567
0
LINE
8
BLACK
6
CONTINUOUS
10
1.4472050000000001
20
0.3757882283464567
11
1.4465238582677165
21
0.3765743307086614
0
LINE
8
BLACK
6
CONTINUOUS
10
1.4465238582677165
20
0.3765743307086614
11
1.446433779527559
21
0.3769883070866142
0
LINE
8
BLACK
6
CONTINUOUS
10
1.446433779527559
20
0.3769883070866142
11
1.4462804330708661
21
0.3772269291338582
0
LINE
8
BLACK
6
CONTINUOUS
10
1.4462804330708661
20
0.3772269291338582
11
1.4460826771653543
21
0.3786023228346457
0
LINE
8
BLACK
6
CONTINUOUS
10
1.4460826771653543
20
0.3786023228346457
11
1.4460826771653543
21
0.3851772440944882
0
LINE
8
BLACK
6
CONTINUOUS
10
1.4460826771653543
20
0.3851772440944882
11
1.4468576771653543
21
0.3878165748031496
0
LINE
8
BLACK
6
CONTINUOUS
10
1.4468576771653543
20
0.3878165748031496
11
1.4489365748031495
21
0.3896179527559055
0
LINE
8
BLACK
6
CONTINUOUS
10
1.4489365748031495
20
0.3896179527559055
11
1.4509645669291338
21
0.3900591338582677
0
LINE
8
BLACK
6
CONTINUOUS
10
1.4509645669291338
20
0.3900591338582677
11
1.4601124409448818
21
0.3900591338582677
0
LINE
8
BLACK
6
CONTINUOUS
10
1.4601124409448818
20
0.3900591338582677
11
1.4601127559055118
21
0.3900591338582677
0
LINE
8
BLACK
6
CONTINUOUS
10
1.4601127559055118
20
0.3900591338582677
11
1.4601133464566929
21
0.3900592125984252
0
LINE
8
BLACK
6
CONTINUOUS
10
1.4601133464566929
20
0.3900592125984252
11
1.4601134645669291
21
0.3900592125984252
0
LINE
8
BLACK
6
CONTINUOUS
10
1.4601134645669291
20
0.3900592125984252
11
1.4611018503937008
21
0.3901738188976378
0
LINE
8
BLACK
6
CONTINUOUS
10
1.4611018503937008
20
0.3901738188976378
11
1.4611018897637795
21
0.3901738582677165
0
LINE
8
BLACK
6
CONTINUOUS
10
1.4611018897637795
20
0.3901738582677165
11
1.4611020078740158
21
0.3901738582677165
0
LINE
8
BLACK
6
CONTINUOUS
10
1.4611020078740158
20
0.3901738582677165
11
1.4651482283464567
21
0.3919604330708661
0
LINE
8
BLACK
6
CONTINUOUS
10
1.4651482283464567
20
0.3919604330708661
11
1.4682758267716536
21
0.395088031496063
0
LINE
8
BLACK
6
CONTINUOUS
10
1.4682758267716536
20
0.395088031496063
11
1.4700624015748032
21
0.3991342519685039
0
LINE
8
BLACK
6
CONTINUOUS
10
1.4700624015748032
20
0.3991342519685039
11
1.4701771653543307
21
0.4001234645669291
0
LINE
8
BLACK
6
CONTINUOUS
10
1.4701771653543307
20
0.4001234645669291
11
1.470177125984252
21
0.4636561023622047
0
LINE
8
BLACK
6
CONTINUOUS
10
1.470177125984252
20
0.4636561023622047
11
1.4701770472440945
21
0.4636568503937008
0
LINE
8
BLACK
6
CONTINUOUS
10
1.4701770472440945
20
0.4636568503937008
11
1.4700624409448819
21
0.4646452362204724
0
LINE
8
BLACK
6
CONTINUOUS
10
1.4700624409448819
20
0.4646452362204724
11
1.4700624015748032
21
0.4646453149606299
0
LINE
8
BLACK
6
CONTINUOUS
10
1.4700624015748032
20
0.4646453149606299
11
1.4700624015748032
21
0.4646453543307086
0
LINE
8
BLACK
6
CONTINUOUS
10
1.4700624015748032
20
0.4646453543307086
11
1.4682758267716536
21
0.4686915748031496
0
LINE
8
BLACK
6
CONTINUOUS
10
1.4682758267716536
20
0.4686915748031496
11
1.4651482283464567
21
0.4718191732283464
0
LINE
8
BLACK
6
CONTINUOUS
10
1.4651482283464567
20
0.4718191732283464
11
1.4651481496062992
21
0.4718192125984252
0
LINE
8
BLACK
6
CONTINUOUS
10
1.4651481496062992
20
0.4718192125984252
11
1.4611020472440945
21
0.4736057480314961
0
LINE
8
BLACK
6
CONTINUOUS
10
1.4611020472440945
20
0.4736057480314961
11
1.4601129133858268
21
0.4737205118110236
0
LINE
8
BLACK
6
CONTINUOUS
10
1.4601129133858268
20
0.4737205118110236
11
1.4601127952755906
21
0.4737205118110236
0
LINE
8
BLACK
6
CONTINUOUS
10
1.4601127952755906
20
0.4737205118110236
11
1.4509645669291338
21
0.4737205118110236
0
LINE
8
BLACK
6
CONTINUOUS
10
1.4509645669291338
20
0.4737205118110236
11
1.4483252362204724
21
0.4744955118110236
0
LINE
8
BLACK
6
CONTINUOUS
10
1.4483252362204724
20
0.4744955118110236
11
1.4465238582677165
21
0.4765744094488189
0
LINE
8
BLACK
6
CONTINUOUS
10
1.4465238582677165
20
0.4765744094488189
11
1.4460826771653543
21
0.4786024015748032
0
LINE
8
BLACK
6
CONTINUOUS
10
1.4460826771653543
20
0.4786024015748032
11
1.4460826771653543
21
0.5249226377952756
0
LINE
8
BLACK
6
CONTINUOUS
10
1.4460826771653543
20
0.5249226377952756
11
1.4468576771653543
21
0.527561968503937
0
LINE
8
BLACK
6
CONTINUOUS
10
1.4468576771653543
20
0.527561968503937
11
1.4489365748031495
21
0.5293633464566929
0
LINE
8
BLACK
6
CONTINUOUS
10
1.4489365748031495
20
0.5293633464566929
11
1.4516593307086614
21
0.5297548425196851
0
LINE
8
BLACK
6
CONTINUOUS
10
1.4516593307086614
20
0.5297548425196851
11
1.4541615354330708
21
0.528612125984252
0
LINE
8
BLACK
6
CONTINUOUS
10
1.4541615354330708
20
0.528612125984252
11
1.4544165748031497
21
0.5283746456692914
0
LINE
8
BLACK
6
CONTINUOUS
10
1.4544165748031497
20
0.5283746456692914
11
1.5007368503937009
21
0.4820543700787401
0
LINE
8
BLACK
6
CONTINUOUS
10
1.5007368503937009
20
0.4820543700787401
11
1.5020551574803149
21
0.4796400787401575
0
LINE
8
BLACK
6
CONTINUOUS
10
1.5020551574803149
20
0.4796400787401575
11
1.5018589370078739
21
0.4768962992125984
0
LINE
8
BLACK
6
CONTINUOUS
10
1.5018589370078739
20
0.4768962992125984
11
1.5002104330708661
21
0.4746942125984252
0
LINE
8
BLACK
6
CONTINUOUS
10
1.5002104330708661
20
0.4746942125984252
11
1.4976331102362204
21
0.4737329133858267
0
LINE
8
BLACK
6
CONTINUOUS
10
1.4976331102362204
20
0.4737329133858267
11
1.4972850787401575
21
0.4737204724409449
0
LINE
8
BLACK
6
CONTINUOUS
10
1.4972850787401575
20
0.4737204724409449
11
1.4965805511811023
21
0.4737204724409449
0
LINE
8
BLACK
6
CONTINUOUS
10
1.4965805511811023
20
0.4737204724409449
11
1.496579409448819
21
0.4737203937007874
0
LINE
8
BLACK
6
CONTINUOUS
10
1.496579409448819
20
0.4737203937007874
11
1.4955910236220471
21
0.4736057874015748
0
LINE
8
BLACK
6
CONTINUOUS
10
1.4955910236220471
20
0.4736057874015748
11
1.4955908661417323
21
0.4736057086614173
0
LINE
8
BLACK
6
CONTINUOUS
10
1.4955908661417323
20
0.4736057086614173
11
1.4915446850393701
21
0.4718191732283464
0
LINE
8
BLACK
6
CONTINUOUS
10
1.4915446850393701
20
0.4718191732283464
11
1.4884170866141733
21
0.4686915748031496
0
LINE
8
BLACK
6
CONTINUOUS
10
1.4884170866141733
20
0.4686915748031496
11
1.4866305118110237
21
0.4646454330708661
0
LINE
8
BLACK
6
CONTINUOUS
10
1.4866305118110237
20
0.4646454330708661
11
1.4866305118110237
21
0.4646453543307086
0
LINE
8
BLACK
6
CONTINUOUS
10
1.4866305118110237
20
0.4646453543307086
11
1.4865157480314961
21
0.4636562598425197
0
LINE
8
BLACK
6
CONTINUOUS
10
1.4865157480314961
20
0.4636562598425197
11
1.4865157480314961
21
0.4001237795275591
0
LINE
8
BLACK
6
CONTINUOUS
10
1.4865157480314961
20
0.4001237795275591
11
1.4865158267716536
21
0.4001227559055118
0
LINE
8
BLACK
6
CONTINUOUS
10
1.4865158267716536
20
0.4001227559055118
11
1.4866304330708662
21
0.3991343700787401
0
LINE
8
BLACK
6
CONTINUOUS
10
1.4866304330708662
20
0.3991343700787401
11
1.4866305118110237
21
0.3991342125984252
0
LINE
8
BLACK
6
CONTINUOUS
10
1.4866305118110237
20
0.3991342125984252
11
1.4884170472440945
21
0.395088031496063
0
LINE
8
BLACK
6
CONTINUOUS
10
1.4884170472440945
20
0.395088031496063
11
1.4884170866141733
21
0.3950879921259842
0
LINE
8
BLACK
6
CONTINUOUS
10
1.4884170866141733
20
0.3950879921259842
11
1.4915446850393701
21
0.3919603937007874
0
LINE
8
BLACK
6
CONTINUOUS
10
1.4915446850393701
20
0.3919603937007874
11
1.4955909055118111
21
0.3901738188976378
0
LINE
8
BLACK
6
CONTINUOUS
10
1.4955909055118111
20
0.3901738188976378
11
1.4965801181102363
21
0.3900590551181102
0
LINE
8
BLACK
6
CONTINUOUS
10
1.4965801181102363
20
0.3900590551181102
11
1.5057283464566928
21
0.390059094488189
0
LINE
8
BLACK
6
CONTINUOUS
10
1.5057283464566928
20
0.390059094488189
11
1.5060702755905511
21
0.3899587007874016
0
LINE
8
BLACK
6
CONTINUOUS
10
1.5060702755905511
20
0.3899587007874016
11
1.5064231102362204
21
0.3900094094488189
0
LINE
8
BLACK
6
CONTINUOUS
10
1.5064231102362204
20
0.3900094094488189
11
1.5073694488188976
21
0.3895772440944882
0
LINE
8
BLACK
6
CONTINUOUS
10
1.5073694488188976
20
0.3895772440944882
11
1.5083676771653542
21
0.3892841338582677
0
LINE
8
BLACK
6
CONTINUOUS
10
1.5083676771653542
20
0.3892841338582677
11
1.508601062992126
21
0.3890147637795275
0
LINE
8
BLACK
6
CONTINUOUS
10
1.508601062992126
20
0.3890147637795275
11
1.5089253149606299
21
0.3888666929133858
0
LINE
8
BLACK
6
CONTINUOUS
10
1.5089253149606299
20
0.3888666929133858
11
1.5094877559055118
21
0.3879914566929134
0
LINE
8
BLACK
6
CONTINUOUS
10
1.5094877559055118
20
0.3879914566929134
11
1.5101690551181102
21
0.3872052362204724
0
LINE
8
BLACK
6
CONTINUOUS
10
1.5101690551181102
20
0.3872052362204724
11
1.5102590944881888
21
0.3867912598425197
0
LINE
8
BLACK
6
CONTINUOUS
10
1.5102590944881888
20
0.3867912598425197
11
1.5104124803149606
21
0.3865525984251968
0
LINE
8
BLACK
6
CONTINUOUS
10
1.5104124803149606
20
0.3865525984251968
11
1.5106102362204723
21
0.3851772047244094
0
LINE
8
BLACK
6
CONTINUOUS
10
1.5106102362204723
20
0.3851772047244094
11
1.5106102362204723
21
0.3786023622047244
0
LINE
8
BLACK
6
CONTINUOUS
10
1.5106102362204723
20
0.3786023622047244
11
1.5098352362204723
21
0.375963031496063
0
LINE
8
BLACK
6
CONTINUOUS
10
1.5098352362204723
20
0.375963031496063
11
1.5077563385826771
21
0.3741616535433071
0
LINE
8
BLACK
6
CONTINUOUS
10
1.5077563385826771
20
0.3741616535433071
11
1.5057283858267716
21
0.3737204724409449
0
LINE
8
BLACK
6
CONTINUOUS
10
1.5057283858267716
20
0.3737204724409449
11
1.4965804330708661
21
0.3737204724409449
0
LINE
8
BLACK
6
CONTINUOUS
10
1.4965804330708661
20
0.3737204724409449
11
1.496579409448819
21
0.3737203937007874
0
LINE
8
BLACK
6
CONTINUOUS
10
1.496579409448819
20
0.3737203937007874
11
1.4955910236220471
21
0.3736057874015748
0
LINE
8
BLACK
6
CONTINUOUS
10
1.4955910236220471
20
0.3736057874015748
11
1.4955908661417323
21
0.3736057086614173
0
LINE
8
BLACK
6
CONTINUOUS
10
1.4955908661417323
20
0.3736057086614173
11
1.4915446850393701
21
0.3718191732283465
0
LINE
8
BLACK
6
CONTINUOUS
10
1.4915446850393701
20
0.3718191732283465
11
1.4884170866141733
21
0.3686915748031496
0
LINE
8
BLACK
6
CONTINUOUS
10
1.4884170866141733
20
0.3686915748031496
11
1.4866305118110237
21
0.3646454330708661
0
LINE
8
BLACK
6
CONTINUOUS
10
1.4866305118110237
20
0.3646454330708661
11
1.4866305118110237
21
0.3646453543307087
0
LINE
8
BLACK
6
CONTINUOUS
10
1.4866305118110237
20
0.3646453543307087
11
1.4865157480314961
21
0.3636562598425197
0
LINE
8
BLACK
6
CONTINUOUS
10
1.4865157480314961
20
0.3636562598425197
11
1.4865157480314961
21
0.300123779527559
0
LINE
8
BLACK
6
CONTINUOUS
10
1.4865157480314961
20
0.300123779527559
11
1.4865158267716536
21
0.3001227559055118
0
LINE
8
BLACK
6
CONTINUOUS
10
1.4865158267716536
20
0.3001227559055118
11
1.4866304330708662
21
0.2991343700787402
0
LINE
8
BLACK
6
CONTINUOUS
10
1.4866304330708662
20
0.2991343700787402
11
1.4866305118110237
21
0.2991342125984252
0
LINE
8
BLACK
6
CONTINUOUS
10
1.4866305118110237
20
0.2991342125984252
11
1.4884170472440945
21
0.295088031496063
0
LINE
8
BLACK
6
CONTINUOUS
10
1.4884170472440945
20
0.295088031496063
11
1.4884170866141733
21
0.2950879921259842
0
LINE
8
BLACK
6
CONTINUOUS
10
1.4884170866141733
20
0.2950879921259842
11
1.4915446850393701
21
0.2919603937007874
0
LINE
8
BLACK
6
CONTINUOUS
10
1.4915446850393701
20
0.2919603937007874
11
1.4955909055118111
21
0.2901738188976378
0
LINE
8
BLACK
6
CONTINUOUS
10
1.4955909055118111
20
0.2901738188976378
11
1.4965801181102363
21
0.2900590551181103
0
LINE
8
BLACK
6
CONTINUOUS
10
1.4965801181102363
20
0.2900590551181103
11
1.5601127559055117
21
0.290059094488189
0
LINE
8
BLACK
6
CONTINUOUS
10
1.5601127559055117
20
0.290059094488189
11
1.560113346456693
21
0.2900591732283465
0
LINE
8
BLACK
6
CONTINUOUS
10
1.560113346456693
20
0.2900591732283465
11
1.560113464566929
21
0.2900591732283465
0
LINE
8
BLACK
6
CONTINUOUS
10
1.560113464566929
20
0.2900591732283465
11
1.5611018503937009
21
0.2901737795275591
0
LINE
8
BLACK
6
CONTINUOUS
10
1.5611018503937009
20
0.2901737795275591
11
1.5611018897637794
21
0.2901738188976378
0
LINE
8
BLACK
6
CONTINUOUS
10
1.5611018897637794
20
0.2901738188976378
11
1.5611020078740157
21
0.2901738188976378
0
LINE
8
BLACK
6
CONTINUOUS
10
1.5611020078740157
20
0.2901738188976378
11
1.5651482283464566
21
0.2919603937007874
0
LINE
8
BLACK
6
CONTINUOUS
10
1.5651482283464566
20
0.2919603937007874
11
1.5682758267716534
21
0.2950879921259842
0
LINE
8
BLACK
6
CONTINUOUS
10
1.5682758267716534
20
0.2950879921259842
11
1.570062401574803
21
0.2991342125984252
0
LINE
8
BLACK
6
CONTINUOUS
10
1.570062401574803
20
0.2991342125984252
11
1.5701771653543306
21
0.3001234251968504
0
LINE
8
BLACK
6
CONTINUOUS
10
1.5701771653543306
20
0.3001234251968504
11
1.5701771259842519
21
0.363656062992126
0
LINE
8
BLACK
6
CONTINUOUS
10
1.5701771259842519
20
0.363656062992126
11
1.5701770472440943
21
0.363656811023622
0
LINE
8
BLACK
6
CONTINUOUS
10
1.5701770472440943
20
0.363656811023622
11
1.5700624409448818
21
0.3646451968503937
0
LINE
8
BLACK
6
CONTINUOUS
10
1.5700624409448818
20
0.3646451968503937
11
1.570062401574803
21
0.3646452755905512
0
LINE
8
BLACK
6
CONTINUOUS
10
1.570062401574803
20
0.3646452755905512
11
1.570062401574803
21
0.3646453149606299
0
LINE
8
BLACK
6
CONTINUOUS
10
1.570062401574803
20
0.3646453149606299
11
1.5682758267716534
21
0.3686915354330709
0
LINE
8
BLACK
6
CONTINUOUS
10
1.5682758267716534
20
0.3686915354330709
11
1.5651482283464566
21
0.3718191338582677
0
LINE
8
BLACK
6
CONTINUOUS
10
1.5651482283464566
20
0.3718191338582677
11
1.5651481496062991
21
0.3718191732283465
0
LINE
8
BLACK
6
CONTINUOUS
10
1.5651481496062991
20
0.3718191732283465
11
1.5611020472440944
21
0.3736057086614173
0
LINE
8
BLACK
6
CONTINUOUS
10
1.5611020472440944
20
0.3736057086614173
11
1.5601129133858267
21
0.3737204724409449
0
LINE
8
BLACK
6
CONTINUOUS
10
1.5601129133858267
20
0.3737204724409449
11
1.5601127952755904
21
0.3737204724409449
0
LINE
8
BLACK
6
CONTINUOUS
10
1.5601127952755904
20
0.3737204724409449
11
1.5509645669291339
21
0.3737204724409449
0
LINE
8
BLACK
6
CONTINUOUS
10
1.5509645669291339
20
0.3737204724409449
11
1.5506225984251969
21
0.373820905511811
0
LINE
8
BLACK
6
CONTINUOUS
10
1.5506225984251969
20
0.373820905511811
11
1.5502698031496063
21
0.3737701574803149
0
LINE
8
BLACK
6
CONTINUOUS
10
1.5502698031496063
20
0.3737701574803149
11
1.5493233070866141
21
0.3742024015748032
0
LINE
8
BLACK
6
CONTINUOUS
10
1.5493233070866141
20
0.3742024015748032
11
1.5483252362204725
21
0.3744954724409449
0
LINE
8
BLACK
6
CONTINUOUS
10
1.5483252362204725
20
0.3744954724409449
11
1.5480918503937007
21
0.3747648031496063
0
LINE
8
BLACK
6
CONTINUOUS
10
1.5480918503937007
20
0.3747648031496063
11
1.5477675984251968
21
0.374912874015748
0
LINE
8
BLACK
6
CONTINUOUS
10
1.5477675984251968
20
0.374912874015748
11
1.5472049999999999
21
0.3757882677165355
0
LINE
8
BLACK
6
CONTINUOUS
10
1.5472049999999999
20
0.3757882677165355
11
1.5465238582677165
21
0.3765743700787402
0
LINE
8
BLACK
6
CONTINUOUS
10
1.5465238582677165
20
0.3765743700787402
11
1.5464337795275591
21
0.3769883464566929
0
LINE
8
BLACK
6
CONTINUOUS
10
1.5464337795275591
20
0.3769883464566929
11
1.5462804330708662
21
0.377226968503937
0
LINE
8
BLACK
6
CONTINUOUS
10
1.5462804330708662
20
0.377226968503937
11
1.5460826771653542
21
0.3786023622047244
0
LINE
8
BLACK
6
CONTINUOUS
10
1.5460826771653542
20
0.3786023622047244
11
1.5460826771653542
21
0.3851772047244094
0
LINE
8
BLACK
6
CONTINUOUS
10
1.5460826771653542
20
0.3851772047244094
11
1.5468576771653544
21
0.3878165354330709
0
LINE
8
BLACK
6
CONTINUOUS
10
1.5468576771653544
20
0.3878165354330709
11
1.5489365748031496
21
0.3896179133858267
0
LINE
8
BLACK
6
CONTINUOUS
10
1.5489365748031496
20
0.3896179133858267
11
1.5509645669291339
21
0.390059094488189
0
LINE
8
BLACK
6
CONTINUOUS
10
1.5509645669291339
20
0.390059094488189
11
1.5601124409448819
21
0.390059094488189
0
LINE
8
BLACK
6
CONTINUOUS
10
1.5601124409448819
20
0.390059094488189
11
1.5601127559055117
21
0.390059094488189
0
LINE
8
BLACK
6
CONTINUOUS
10
1.5601127559055117
20
0.390059094488189
11
1.560113346456693
21
0.3900591732283464
0
LINE
8
BLACK
6
CONTINUOUS
10
1.560113346456693
20
0.3900591732283464
11
1.560113464566929
21
0.3900591732283464
0
LINE
8
BLACK
6
CONTINUOUS
10
1.560113464566929
20
0.3900591732283464
11
1.5611018503937009
21
0.3901737795275591
0
LINE
8
BLACK
6
CONTINUOUS
10
1.5611018503937009
20
0.3901737795275591
11
1.5611018897637794
21
0.3901738188976378
0
LINE
8
BLACK
6
CONTINUOUS
10
1.5611018897637794
20
0.3901738188976378
11
1.5611020078740157
21
0.3901738188976378
0
LINE
8
BLACK
6
CONTINUOUS
10
1.5611020078740157
20
0.3901738188976378
11
1.5651482283464566
21
0.3919603937007874
0
LINE
8
BLACK
6
CONTINUOUS
10
1.5651482283464566
20
0.3919603937007874
11
1.5682758267716534
21
0.3950879921259842
0
LINE
8
BLACK
6
CONTINUOUS
10
1.5682758267716534
20
0.3950879921259842
11
1.570062401574803
21
0.3991342125984252
0
LINE
8
BLACK
6
CONTINUOUS
10
1.570062401574803
20
0.3991342125984252
11
1.5701771653543306
21
0.4001234251968504
0
LINE
8
BLACK
6
CONTINUOUS
10
1.5701771653543306
20
0.4001234251968504
11
1.5701771259842519
21
0.463656062992126
0
LINE
8
BLACK
6
CONTINUOUS
10
1.5701771259842519
20
0.463656062992126
11
1.5701771259842519
21
0.4636561417322835
0
LINE
8
BLACK
6
CONTINUOUS
10
1.5701771259842519
20
0.4636561417322835
11
1.5701771259842519
21
0.4636562598425197
0
LINE
8
BLACK
6
CONTINUOUS
10
1.5701771259842519
20
0.4636562598425197
11
1.5701771259842519
21
0.4636562992125984
0
LINE
8
BLACK
6
CONTINUOUS
10
1.5701771259842519
20
0.4636562992125984
11
1.5700624409448818
21
0.4646451968503937
0
LINE
8
BLACK
6
CONTINUOUS
10
1.5700624409448818
20
0.4646451968503937
11
1.570062401574803
21
0.4646452755905512
0
LINE
8
BLACK
6
CONTINUOUS
10
1.570062401574803
20
0.4646452755905512
11
1.570062401574803
21
0.4646453149606299
0
LINE
8
BLACK
6
CONTINUOUS
10
1.570062401574803
20
0.4646453149606299
11
1.5682758267716534
21
0.4686915354330708
0
LINE
8
BLACK
6
CONTINUOUS
10
1.5682758267716534
20
0.4686915354330708
11
1.5651482283464566
21
0.4718191338582677
0
LINE
8
BLACK
6
CONTINUOUS
10
1.5651482283464566
20
0.4718191338582677
11
1.562195275590551
21
0.4731229921259842
0
LINE
8
BLACK
6
CONTINUOUS
10
1.562195275590551
20
0.4731229921259842
11
1.5611020472440944
21
0.4736057086614173
0
LINE
8
BLACK
6
CONTINUOUS
10
1.5611020472440944
20
0.4736057086614173
11
1.5601129133858267
21
0.4737204724409449
0
LINE
8
BLACK
6
CONTINUOUS
10
1.5601129133858267
20
0.4737204724409449
11
1.5601127952755904
21
0.4737204724409449
0
LINE
8
BLACK
6
CONTINUOUS
10
1.5601127952755904
20
0.4737204724409449
11
1.5509645669291339
21
0.4737204724409449
0
LINE
8
BLACK
6
CONTINUOUS
10
1.5509645669291339
20
0.4737204724409449
11
1.5483252362204725
21
0.4744954724409449
0
LINE
8
BLACK
6
CONTINUOUS
10
1.5483252362204725
20
0.4744954724409449
11
1.5465238582677165
21
0.4765743700787402
0
LINE
8
BLACK
6
CONTINUOUS
10
1.5465238582677165
20
0.4765743700787402
11
1.5460826771653542
21
0.4786023622047244
0
LINE
8
BLACK
6
CONTINUOUS
10
1.5460826771653542
20
0.4786023622047244
11
1.5460826771653542
21
0.4818624803149606
0
LINE
8
BLACK
6
CONTINUOUS
10
1.5460826771653542
20
0.4818624803149606
11
1.5460826771653542
21
0.4818625590551181
0
LINE
8
BLACK
6
CONTINUOUS
10
1.5460826771653542
20
0.4818625590551181
11
1.5448739763779527
21
0.4863734645669291
0
LINE
8
BLACK
6
CONTINUOUS
10
1.5448739763779527
20
0.4863734645669291
11
1.54335968503937
21
0.4889962598425197
0
LINE
8
BLACK
6
CONTINUOUS
10
1.54335968503937
20
0.4889962598425197
11
1.5425389370078739
21
0.490417874015748
0
LINE
8
BLACK
6
CONTINUOUS
10
1.5425389370078739
20
0.490417874015748
11
1.4797960236220473
21
0.5531607874015748
0
LINE
8
BLACK
6
CONTINUOUS
10
1.4797960236220473
20
0.5531607874015748
11
1.478477716535433
21
0.5555750787401574
0
LINE
8
BLACK
6
CONTINUOUS
10
1.478477716535433
20
0.5555750787401574
11
1.4783661417322835
21
0.5566127952755905
0
LINE
8
BLACK
6
CONTINUOUS
10
1.4783661417322835
20
0.5566127952755905
11
1.4783661417322835
21
0.5882570472440944
0
LINE
8
BLACK
6
CONTINUOUS
10
1.4783661417322835
20
0.5882570472440944
11
1.4791411417322835
21
0.5908963779527558
0
LINE
8
BLACK
6
CONTINUOUS
10
1.4791411417322835
20
0.5908963779527558
11
1.4812200393700787
21
0.5926977559055118
0
LINE
8
BLACK
6
CONTINUOUS
10
1.4812200393700787
20
0.5926977559055118
11
1.4839427952755906
21
0.5930892519685039
0
LINE
8
BLACK
6
CONTINUOUS
10
1.4839427952755906
20
0.5930892519685039
11
1.486445
21
0.5919465354330709
0
LINE
8
BLACK
6
CONTINUOUS
10
1.486445
20
0.5919465354330709
11
1.4879321653543307
21
0.5896324409448819
0
LINE
8
BLACK
6
CONTINUOUS
10
1.4879321653543307
20
0.5896324409448819
11
1.4880974015748032
21
0.5888194488188976
0
LINE
8
BLACK
6
CONTINUOUS
10
1.4880974015748032
20
0.5888194488188976
11
1.4882246850393701
21
0.5877216929133858
0
LINE
8
BLACK
6
CONTINUOUS
10
1.4882246850393701
20
0.5877216929133858
11
1.4882247244094489
21
0.5877215354330708
0
LINE
8
BLACK
6
CONTINUOUS
10
1.4882247244094489
20
0.5877215354330708
11
1.4900082677165354
21
0.583682125984252
0
LINE
8
BLACK
6
CONTINUOUS
10
1.4900082677165354
20
0.583682125984252
11
1.4900083858267716
21
0.5836819291338583
0
LINE
8
BLACK
6
CONTINUOUS
10
1.4900083858267716
20
0.5836819291338583
11
1.4931306692913386
21
0.5805596456692913
0
LINE
8
BLACK
6
CONTINUOUS
10
1.4931306692913386
20
0.5805596456692913
11
1.4931308661417322
21
0.5805595275590552
0
LINE
8
BLACK
6
CONTINUOUS
10
1.4931308661417322
20
0.5805595275590552
11
1.4971701574803149
21
0.5787760236220473
0
LINE
8
BLACK
6
CONTINUOUS
10
1.4971701574803149
20
0.5787760236220473
11
1.4981576771653542
21
0.5786614566929134
0
LINE
8
BLACK
6
CONTINUOUS
10
1.4981576771653542
20
0.5786614566929134
11
1.5200786614173227
21
0.5786614566929134
0
LINE
8
BLACK
6
CONTINUOUS
10
1.5200786614173227
20
0.5786614566929134
11
1.5200787007874015
21
0.5786614960629921
0
LINE
8
BLACK
6
CONTINUOUS
10
1.5200787007874015
20
0.5786614960629921
11
1.5200787007874015
21
0.5904724409448818
0
LINE
8
BLACK
6
CONTINUOUS
10
1.5200787007874015
20
0.5904724409448818
11
1.4999212204724408
21
0.5904724409448818
0
LINE
8
BLACK
6
CONTINUOUS
10
1.4999212204724408
20
0.5904724409448818
11
1.4999212204724408
21
0.6504724409448819
0
LINE
8
BLACK
6
CONTINUOUS
10
1.4999212204724408
20
0.6504724409448819
11
1.5200787007874015
21
0.6504724409448819
0
LINE
8
BLACK
6
CONTINUOUS
10
1.5200787007874015
20
0.6504724409448819
11
1.5200787007874015
21
0.6622834645669291
0
LINE
8
BLACK
6
CONTINUOUS
10
1.5200787007874015
20
0.6622834645669291
11
1.4981579921259842
21
0.6622834645669291
0
LINE
8
BLACK
6
CONTINUOUS
10
1.4981579921259842
20
0.6622834645669291
11
1.4981570866141731
21
0.6622833858267716
0
LINE
8
BLACK
6
CONTINUOUS
10
1.4981570866141731
20
0.6622833858267716
11
1.4971704330708662
21
0.6621689763779527
0
LINE
8
BLACK
6
CONTINUOUS
10
1.4971704330708662
20
0.6621689763779527
11
1.4971702755905512
21
0.662168937007874
0
LINE
8
BLACK
6
CONTINUOUS
10
1.4971702755905512
20
0.662168937007874
11
1.4931308661417322
21
0.6603853937007874
0
LINE
8
BLACK
6
CONTINUOUS
10
1.4931308661417322
20
0.6603853937007874
11
1.4931306692913386
21
0.6603852755905512
0
LINE
8
BLACK
6
CONTINUOUS
10
1.4931306692913386
20
0.6603852755905512
11
1.4900083858267716
21
0.6572629921259843
0
LINE
8
BLACK
6
CONTINUOUS
10
1.4900083858267716
20
0.6572629921259843
11
1.4900082677165354
21
0.6572627952755905
0
LINE
8
BLACK
6
CONTINUOUS
10
1.4900082677165354
20
0.6572627952755905
11
1.4882247637795276
21
0.6532235433070867
0
LINE
8
BLACK
6
CONTINUOUS
10
1.4882247637795276
20
0.6532235433070867
11
1.4882247637795276
21
0.6532234645669291
0
LINE
8
BLACK
6
CONTINUOUS
10
1.4882247637795276
20
0.6532234645669291
11
1.4880974015748032
21
0.6521257086614173
0
LINE
8
BLACK
6
CONTINUOUS
10
1.4880974015748032
20
0.6521257086614173
11
1.4870233464566929
21
0.6495932677165355
0
LINE
8
BLACK
6
CONTINUOUS
10
1.4870233464566929
20
0.6495932677165355
11
1.4847507086614173
21
0.6480435039370078
0
LINE
8
BLACK
6
CONTINUOUS
10
1.4847507086614173
20
0.6480435039370078
11
1.4820009448818898
21
0.6479684645669291
0
LINE
8
BLACK
6
CONTINUOUS
10
1.4820009448818898
20
0.6479684645669291
11
1.4796471259842519
21
0.649391968503937
0
LINE
8
BLACK
6
CONTINUOUS
10
1.4796471259842519
20
0.649391968503937
11
1.4784365748031496
21
0.6518620472440945
0
LINE
8
BLACK
6
CONTINUOUS
10
1.4784365748031496
20
0.6518620472440945
11
1.4783661417322835
21
0.6526883858267717
0
LINE
8
BLACK
6
CONTINUOUS
10
1.4783661417322835
20
0.6526883858267717
11
1.4783661417322835
21
0.6880841732283465
0
LINE
8
BLACK
6
CONTINUOUS
10
1.4783661417322835
20
0.6880841732283465
11
1.4791411417322835
21
0.6907235039370079
0
LINE
8
BLACK
6
CONTINUOUS
10
1.4791411417322835
20
0.6907235039370079
11
1.4812200393700787
21
0.6925248818897638
0
LINE
8
BLACK
6
CONTINUOUS
10
1.4812200393700787
20
0.6925248818897638
11
1.4839427952755906
21
0.6929163779527558
0
LINE
8
BLACK
6
CONTINUOUS
10
1.4839427952755906
20
0.6929163779527558
11
1.486445
21
0.6917736614173228
0
LINE
8
BLACK
6
CONTINUOUS
10
1.486445
20
0.6917736614173228
11
1.4879321653543307
21
0.6894595669291338
0
LINE
8
BLACK
6
CONTINUOUS
10
1.4879321653543307
20
0.6894595669291338
11
1.4880974409448819
21
0.6886465354330709
0
LINE
8
BLACK
6
CONTINUOUS
10
1.4880974409448819
20
0.6886465354330709
11
1.4882052362204725
21
0.6877168503937008
0
LINE
8
BLACK
6
CONTINUOUS
10
1.4882052362204725
20
0.6877168503937008
11
1.4899917716535434
21
0.6836707086614173
0
LINE
8
BLACK
6
CONTINUOUS
10
1.4899917716535434
20
0.6836707086614173
11
1.4899918110236221
21
0.6836706692913386
0
LINE
8
BLACK
6
CONTINUOUS
10
1.4899918110236221
20
0.6836706692913386
11
1.4931194094488189
21
0.6805430708661417
0
LINE
8
BLACK
6
CONTINUOUS
10
1.4931194094488189
20
0.6805430708661417
11
1.4971656299212599
21
0.6787564960629922
0
LINE
8
BLACK
6
CONTINUOUS
10
1.4971656299212599
20
0.6787564960629922
11
1.4981548425196851
21
0.6786417322834646
0
LINE
8
BLACK
6
CONTINUOUS
10
1.4981548425196851
20
0.6786417322834646
11
1.5616874803149605
21
0.6786417716535433
0
LINE
8
BLACK
6
CONTINUOUS
10
1.5616874803149605
20
0.6786417716535433
11
1.5616880708661416
21
0.6786418503937007
0
LINE
8
BLACK
6
CONTINUOUS
10
1.5616880708661416
20
0.6786418503937007
11
1.5616881889763778
21
0.6786418503937007
0
LINE
8
BLACK
6
CONTINUOUS
10
1.5616881889763778
20
0.6786418503937007
11
1.5626765748031495
21
0.6787564566929134
0
LINE
8
BLACK
6
CONTINUOUS
10
1.5626765748031495
20
0.6787564566929134
11
1.5626766141732282
21
0.6787564960629922
0
LINE
8
BLACK
6
CONTINUOUS
10
1.5626766141732282
20
0.6787564960629922
11
1.5626767322834645
21
0.6787564960629922
0
LINE
8
BLACK
6
CONTINUOUS
10
1.5626767322834645
20
0.6787564960629922
11
1.5667229527559055
21
0.6805430708661417
0
LINE
8
BLACK
6
CONTINUOUS
10
1.5667229527559055
20
0.6805430708661417
11
1.5698505511811023
21
0.6836706692913386
0
LINE
8
BLACK
6
CONTINUOUS
10
1.5698505511811023
20
0.6836706692913386
11
1.5716371259842519
21
0.6877168897637795
0
LINE
8
BLACK
6
CONTINUOUS
10
1.5716371259842519
20
0.6877168897637795
11
1.5717518897637794
21
0.6887061023622048
0
LINE
8
BLACK
6
CONTINUOUS
10
1.5717518897637794
20
0.6887061023622048
11
1.5717518503937007
21
0.7522387401574803
0
LINE
8
BLACK
6
CONTINUOUS
10
1.5717518503937007
20
0.7522387401574803
11
1.5717518503937007
21
0.752238779527559
0
LINE
8
BLACK
6
CONTINUOUS
10
1.5717518503937007
20
0.752238779527559
11
1.5717518503937007
21
0.752238937007874
0
LINE
8
BLACK
6
CONTINUOUS
10
1.5717518503937007
20
0.752238937007874
11
1.5717518503937007
21
0.7522389763779528
0
LINE
8
BLACK
6
CONTINUOUS
10
1.5717518503937007
20
0.7522389763779528
11
1.5716371653543306
21
0.753227874015748
0
LINE
8
BLACK
6
CONTINUOUS
10
1.5716371653543306
20
0.753227874015748
11
1.5716371259842519
21
0.7532279527559055
0
LINE
8
BLACK
6
CONTINUOUS
10
1.5716371259842519
20
0.7532279527559055
11
1.5716371259842519
21
0.7532279921259842
0
LINE
8
BLACK
6
CONTINUOUS
10
1.5716371259842519
20
0.7532279921259842
11
1.5698505511811023
21
0.7572742125984252
0
LINE
8
BLACK
6
CONTINUOUS
10
1.5698505511811023
20
0.7572742125984252
11
1.5667229527559055
21
0.760401811023622
0
LINE
8
BLACK
6
CONTINUOUS
10
1.5667229527559055
20
0.760401811023622
11
1.5667228740157479
21
0.7604018503937008
0
LINE
8
BLACK
6
CONTINUOUS
10
1.5667228740157479
20
0.7604018503937008
11
1.5626767716535432
21
0.7621883858267716
0
LINE
8
BLACK
6
CONTINUOUS
10
1.5626767716535432
20
0.7621883858267716
11
1.5616875196850393
21
0.7623031496062992
0
LINE
8
BLACK
6
CONTINUOUS
10
1.5616875196850393
20
0.7623031496062992
11
1.4981551574803149
21
0.7623031496062992
0
LINE
8
BLACK
6
CONTINUOUS
10
1.4981551574803149
20
0.7623031496062992
11
1.4981541338582678
21
0.7623030708661417
0
LINE
8
BLACK
6
CONTINUOUS
10
1.4981541338582678
20
0.7623030708661417
11
1.4971657480314959
21
0.7621884645669291
0
LINE
8
BLACK
6
CONTINUOUS
10
1.4971657480314959
20
0.7621884645669291
11
1.4971655905511811
21
0.7621883858267716
0
LINE
8
BLACK
6
CONTINUOUS
10
1.4971655905511811
20
0.7621883858267716
11
1.4931194094488189
21
0.7604018503937008
0
LINE
8
BLACK
6
CONTINUOUS
10
1.4931194094488189
20
0.7604018503937008
11
1.4899918110236221
21
0.757274251968504
0
LINE
8
BLACK
6
CONTINUOUS
10
1.4899918110236221
20
0.757274251968504
11
1.4882052362204725
21
0.7532281102362205
0
LINE
8
BLACK
6
CONTINUOUS
10
1.4882052362204725
20
0.7532281102362205
11
1.4882052362204725
21
0.753228031496063
0
LINE
8
BLACK
6
CONTINUOUS
10
1.4882052362204725
20
0.753228031496063
11
1.4880974015748032
21
0.7522985433070866
0
LINE
8
BLACK
6
CONTINUOUS
10
1.4880974015748032
20
0.7522985433070866
11
1.4870233858267716
21
0.7497661023622048
0
LINE
8
BLACK
6
CONTINUOUS
10
1.4870233858267716
20
0.7497661023622048
11
1.4847507086614173
21
0.7482162992125984
0
LINE
8
BLACK
6
CONTINUOUS
10
1.4847507086614173
20
0.7482162992125984
11
1.4820009842519686
21
0.7481412598425197
0
LINE
8
BLACK
6
CONTINUOUS
10
1.4820009842519686
20
0.7481412598425197
11
1.4796471653543306
21
0.7495647244094488
0
LINE
8
BLACK
6
CONTINUOUS
10
1.4796471653543306
20
0.7495647244094488
11
1.4784365748031496
21
0.7520348031496062
0
LINE
8
BLACK
6
CONTINUOUS
10
1.4784365748031496
20
0.7520348031496062
11
1.4783661417322835
21
0.7528611811023622
0
LINE
8
BLACK
6
CONTINUOUS
10
1.4783661417322835
20
0.7528611811023622
11
1.4783661417322835
21
0.7882570472440945
0
LINE
8
BLACK
6
CONTINUOUS
10
1.4783661417322835
20
0.7882570472440945
11
1.4791411417322835
21
0.7908963779527559
0
LINE
8
BLACK
6
CONTINUOUS
10
1.4791411417322835
20
0.7908963779527559
11
1.4812200393700787
21
0.7926977559055118
0
LINE
8
BLACK
6
CONTINUOUS
10
1.4812200393700787
20
0.7926977559055118
11
1.4839427952755906
21
0.7930892519685039
0
LINE
8
BLACK
6
CONTINUOUS
10
1.4839427952755906
20
0.7930892519685039
11
1.486445
21
0.7919465354330708
0
LINE
8
BLACK
6
CONTINUOUS
10
1.486445
20
0.7919465354330708
11
1.4879321653543307
21
0.7896324409448818
0
LINE
8
BLACK
6
CONTINUOUS
10
1.4879321653543307
20
0.7896324409448818
11
1.4880974015748032
21
0.7888194488188977
0
LINE
8
BLACK
6
CONTINUOUS
10
1.4880974015748032
20
0.7888194488188977
11
1.4882246850393701
21
0.7877216929133858
0
LINE
8
BLACK
6
CONTINUOUS
10
1.4882246850393701
20
0.7877216929133858
11
1.4882247244094489
21
0.7877215354330709
0
LINE
8
BLACK
6
CONTINUOUS
10
1.4882247244094489
20
0.7877215354330709
11
1.4900082677165354
21
0.7836821259842519
0
LINE
8
BLACK
6
CONTINUOUS
10
1.4900082677165354
20
0.7836821259842519
11
1.4900083858267716
21
0.7836819291338583
0
LINE
8
BLACK
6
CONTINUOUS
10
1.4900083858267716
20
0.7836819291338583
11
1.4931306692913386
21
0.7805596456692914
0
LINE
8
BLACK
6
CONTINUOUS
10
1.4931306692913386
20
0.7805596456692914
11
1.4931308661417322
21
0.7805595275590551
0
LINE
8
BLACK
6
CONTINUOUS
10
1.4931308661417322
20
0.7805595275590551
11
1.4971701574803149
21
0.7787760236220472
0
LINE
8
BLACK
6
CONTINUOUS
10
1.4971701574803149
20
0.7787760236220472
11
1.4981576771653542
21
0.7786614566929134
0
LINE
8
BLACK
6
CONTINUOUS
10
1.4981576771653542
20
0.7786614566929134
11
1.5200786614173227
21
0.7786614566929134
0
LINE
8
BLACK
6
CONTINUOUS
10
1.5200786614173227
20
0.7786614566929134
11
1.5200787007874015
21
0.7786614960629921
0
LINE
8
BLACK
6
CONTINUOUS
10
1.5200787007874015
20
0.7786614960629921
11
1.5200787007874015
21
0.7904724409448819
0
LINE
8
BLACK
6
CONTINUOUS
10
1.5200787007874015
20
0.7904724409448819
11
1.4999212204724408
21
0.7904724409448819
0
LINE
8
BLACK
6
CONTINUOUS
10
1.4999212204724408
20
0.7904724409448819
11
1.4999212204724408
21
0.8504724409448818
0
LINE
8
BLACK
6
CONTINUOUS
10
1.4999212204724408
20
0.8504724409448818
11
1.5200787007874015
21
0.8504724409448818
0
LINE
8
BLACK
6
CONTINUOUS
10
1.5200787007874015
20
0.8504724409448818
11
1.5200787007874015
21
0.8622834645669291
0
LINE
8
BLACK
6
CONTINUOUS
10
1.5200787007874015
20
0.8622834645669291
11
1.4981579921259842
21
0.8622834645669291
0
LINE
8
BLACK
6
CONTINUOUS
10
1.4981579921259842
20
0.8622834645669291
11
1.4981570866141731
21
0.8622833858267717
0
LINE
8
BLACK
6
CONTINUOUS
10
1.4981570866141731
20
0.8622833858267717
11
1.4971704330708662
21
0.8621689763779528
0
LINE
8
BLACK
6
CONTINUOUS
10
1.4971704330708662
20
0.8621689763779528
11
1.4971702755905512
21
0.862168937007874
0
LINE
8
BLACK
6
CONTINUOUS
10
1.4971702755905512
20
0.862168937007874
11
1.4931308661417322
21
0.8603853937007874
0
LINE
8
BLACK
6
CONTINUOUS
10
1.4931308661417322
20
0.8603853937007874
11
1.4931306692913386
21
0.8603852755905511
0
LINE
8
BLACK
6
CONTINUOUS
10
1.4931306692913386
20
0.8603852755905511
11
1.4900083858267716
21
0.8572629921259842
0
LINE
8
BLACK
6
CONTINUOUS
10
1.4900083858267716
20
0.8572629921259842
11
1.4900082677165354
21
0.8572627952755906
0
LINE
8
BLACK
6
CONTINUOUS
10
1.4900082677165354
20
0.8572627952755906
11
1.4882247637795276
21
0.8532235433070866
0
LINE
8
BLACK
6
CONTINUOUS
10
1.4882247637795276
20
0.8532235433070866
11
1.4882247637795276
21
0.8532234645669291
0
LINE
8
BLACK
6
CONTINUOUS
10
1.4882247637795276
20
0.8532234645669291
11
1.4880974015748032
21
0.8521257086614173
0
LINE
8
BLACK
6
CONTINUOUS
10
1.4880974015748032
20
0.8521257086614173
11
1.4870233464566929
21
0.8495932677165354
0
LINE
8
BLACK
6
CONTINUOUS
10
1.4870233464566929
20
0.8495932677165354
11
1.4847507086614173
21
0.8480435039370079
0
LINE
8
BLACK
6
CONTINUOUS
10
1.4847507086614173
20
0.8480435039370079
11
1.4820009448818898
21
0.8479684645669291
0
LINE
8
BLACK
6
CONTINUOUS
10
1.4820009448818898
20
0.8479684645669291
11
1.4796471259842519
21
0.8493919685039369
0
LINE
8
BLACK
6
CONTINUOUS
10
1.4796471259842519
20
0.8493919685039369
11
1.4784365748031496
21
0.8518620472440944
0
LINE
8
BLACK
6
CONTINUOUS
10
1.4784365748031496
20
0.8518620472440944
11
1.4783661417322835
21
0.8526883858267716
0
LINE
8
BLACK
6
CONTINUOUS
10
1.4783661417322835
20
0.8526883858267716
11
1.4783661417322835
21
0.8685840551181102
0
LINE
8
BLACK
6
CONTINUOUS
10
1.4783661417322835
20
0.8685840551181102
11
1.4791411417322835
21
0.8712233858267716
0
LINE
8
BLACK
6
CONTINUOUS
10
1.4791411417322835
20
0.8712233858267716
11
1.4797960236220473
21
0.872036062992126
0
LINE
8
BLACK
6
CONTINUOUS
10
1.4797960236220473
20
0.872036062992126
11
1.5440591732283464
21
0.9362992125984252
0
LINE
8
BLACK
6
CONTINUOUS
10
1.5440591732283464
20
0.9362992125984252
11
1.6126176771653542
21
1.0048577165354331
0
LINE
8
BLACK
6
CONTINUOUS
10
1.6126176771653542
20
1.0048577165354331
11
1.6149454330708661
21
1.008889527559055
0
LINE
8
BLACK
6
CONTINUOUS
10
1.6149454330708661
20
1.008889527559055
11
1.6149527165354329
21
1.0089021259842519
0
LINE
8
BLACK
6
CONTINUOUS
10
1.6149527165354329
20
1.0089021259842519
11
1.6161614173228347
21
1.013413031496063
0
LINE
8
BLACK
6
CONTINUOUS
10
1.6161614173228347
20
1.013413031496063
11
1.6161614173228347
21
1.3933032283464566
0
LINE
8
BLACK
6
CONTINUOUS
10
1.6161614173228347
20
1.3933032283464566
11
1.6169364173228347
21
1.395942559055118
0
LINE
8
BLACK
6
CONTINUOUS
10
1.6169364173228347
20
1.395942559055118
11
1.6175912992125985
21
1.3967552362204725
0
LINE
8
BLACK
6
CONTINUOUS
10
1.6175912992125985
20
1.3967552362204725
11
1.6197055118110235
21
1.3988694488188975
0
LINE
8
BLACK
6
CONTINUOUS
10
1.6197055118110235
20
1.3988694488188975
11
1.6228179921259842
21
1.4042604724409449
0
LINE
8
BLACK
6
CONTINUOUS
10
1.6228179921259842
20
1.4042604724409449
11
1.6244291338582677
21
1.4102733464566928
0
LINE
8
BLACK
6
CONTINUOUS
10
1.6244291338582677
20
1.4102733464566928
11
1.6244291338582677
21
1.4164983070866142
0
LINE
8
BLACK
6
CONTINUOUS
10
1.6244291338582677
20
1.4164983070866142
11
1.6228179921259842
21
1.4225111811023621
0
LINE
8
BLACK
6
CONTINUOUS
10
1.6228179921259842
20
1.4225111811023621
11
1.6197690944881888
21
1.4277920866141731
0
LINE
8
BLACK
6
CONTINUOUS
10
1.6197690944881888
20
1.4277920866141731
11
1.6197056692913385
21
1.4279019685039369
0
LINE
8
BLACK
6
CONTINUOUS
10
1.6197056692913385
20
1.4279019685039369
11
1.619705433070866
21
1.4279022834645669
0
LINE
8
BLACK
6
CONTINUOUS
10
1.619705433070866
20
1.4279022834645669
11
1.6153038188976379
21
1.4323038976377953
0
LINE
8
BLACK
6
CONTINUOUS
10
1.6153038188976379
20
1.4323038976377953
11
1.6153035039370078
21
1.4323041338582676
0
LINE
8
BLACK
6
CONTINUOUS
10
1.6153035039370078
20
1.4323041338582676
11
1.6099129921259843
21
1.4354162992125985
0
LINE
8
BLACK
6
CONTINUOUS
10
1.6099129921259843
20
1.4354162992125985
11
1.6099128346456693
21
1.4354163779527558
0
LINE
8
BLACK
6
CONTINUOUS
10
1.6099128346456693
20
1.4354163779527558
11
1.6099127559055117
21
1.4354164173228345
0
LINE
8
BLACK
6
CONTINUOUS
10
1.6099127559055117
20
1.4354164173228345
11
1.6038998818897638
21
1.437027559055118
0
LINE
8
BLACK
6
CONTINUOUS
10
1.6038998818897638
20
1.437027559055118
11
1.5976749212598425
21
1.437027559055118
0
LINE
8
BLACK
6
CONTINUOUS
10
1.5976749212598425
20
1.437027559055118
11
1.5924083464566929
21
1.4356164173228345
0
LINE
8
BLACK
6
CONTINUOUS
10
1.5924083464566929
20
1.4356164173228345
11
1.5896583464566929
21
1.4356818897637795
0
LINE
8
BLACK
6
CONTINUOUS
10
1.5896583464566929
20
1.4356818897637795
11
1.5873803149606298
21
1.4372237401574803
0
LINE
8
BLACK
6
CONTINUOUS
10
1.5873803149606298
20
1.4372237401574803
11
1.5869170078740158
21
1.4378910236220472
0
LINE
8
BLACK
6
CONTINUOUS
10
1.5869170078740158
20
1.4378910236220472
11
1.5861636614173229
21
1.4391958661417323
0
LINE
8
BLACK
6
CONTINUOUS
10
1.5861636614173229
20
1.4391958661417323
11
1.5861635039370079
21
1.4391960629921259
0
LINE
8
BLACK
6
CONTINUOUS
10
1.5861635039370079
20
1.4391960629921259
11
1.5817618897637795
21
1.4435976771653543
0
LINE
8
BLACK
6
CONTINUOUS
10
1.5817618897637795
20
1.4435976771653543
11
1.5817615748031495
21
1.4435979133858268
0
LINE
8
BLACK
6
CONTINUOUS
10
1.5817615748031495
20
1.4435979133858268
11
1.5763710629921259
21
1.4467100787401574
0
LINE
8
BLACK
6
CONTINUOUS
10
1.5763710629921259
20
1.4467100787401574
11
1.5763709055118109
21
1.446710157480315
0
LINE
8
BLACK
6
CONTINUOUS
10
1.5763709055118109
20
1.446710157480315
11
1.5763708267716534
21
1.4467101968503937
0
LINE
8
BLACK
6
CONTINUOUS
10
1.5763708267716534
20
1.4467101968503937
11
1.5703579527559055
21
1.4483213385826772
0
LINE
8
BLACK
6
CONTINUOUS
10
1.5703579527559055
20
1.4483213385826772
11
1.5641329921259841
21
1.4483213385826772
0
LINE
8
BLACK
6
CONTINUOUS
10
1.5641329921259841
20
1.4483213385826772
11
1.5581201181102362
21
1.4467101968503937
0
LINE
8
BLACK
6
CONTINUOUS
10
1.5581201181102362
20
1.4467101968503937
11
1.5581198425196849
21
1.4467100787401574
0
LINE
8
BLACK
6
CONTINUOUS
10
1.5581198425196849
20
1.4467100787401574
11
1.5527293307086614
21
1.4435979133858268
0
LINE
8
BLACK
6
CONTINUOUS
10
1.5527293307086614
20
1.4435979133858268
11
1.5527290157480316
21
1.4435976771653543
0
LINE
8
BLACK
6
CONTINUOUS
10
1.5527290157480316
20
1.4435976771653543
11
1.5483274015748032
21
1.4391960629921259
0
LINE
8
BLACK
6
CONTINUOUS
10
1.5483274015748032
20
1.4391960629921259
11
1.5483271653543307
21
1.4391957480314961
0
LINE
8
BLACK
6
CONTINUOUS
10
1.5483271653543307
20
1.4391957480314961
11
1.545215
21
1.4338052362204725
0
LINE
8
BLACK
6
CONTINUOUS
10
1.545215
20
1.4338052362204725
11
1.5452148818897637
21
1.4338049606299212
0
LINE
8
BLACK
6
CONTINUOUS
10
1.5452148818897637
20
1.4338049606299212
11
1.5436037401574803
21
1.4277920866141731
0
LINE
8
BLACK
6
CONTINUOUS
10
1.5436037401574803
20
1.4277920866141731
11
1.5436037401574803
21
1.4215671259842519
0
LINE
8
BLACK
6
CONTINUOUS
10
1.5436037401574803
20
1.4215671259842519
11
1.5450763779527559
21
1.4160712598425196
0
LINE
8
BLACK
6
CONTINUOUS
10
1.5450763779527559
20
1.4160712598425196
11
1.5452148818897637
21
1.4155542913385826
0
LINE
8
BLACK
6
CONTINUOUS
10
1.5452148818897637
20
1.4155542913385826
11
1.545215
21
1.4155540157480315
0
LINE
8
BLACK
6
CONTINUOUS
10
1.545215
20
1.4155540157480315
11
1.5484873228346456
21
1.4098861023622047
0
LINE
8
BLACK
6
CONTINUOUS
10
1.5484873228346456
20
1.4098861023622047
11
1.5483858267716535
21
1.4098275196850394
0
LINE
8
BLACK
6
CONTINUOUS
10
1.5483858267716535
20
1.4098275196850394
11
1.5491758661417323
21
1.4077855511811024
0
LINE
8
BLACK
6
CONTINUOUS
10
1.5491758661417323
20
1.4077855511811024
11
1.5491929133858267
21
1.4073780708661416
0
LINE
8
BLACK
6
CONTINUOUS
10
1.5491929133858267
20
1.4073780708661416
11
1.5491929133858267
21
1.0329907874015747
0
LINE
8
BLACK
6
CONTINUOUS
10
1.5491929133858267
20
1.0329907874015747
11
1.5484179133858267
21
1.0303514566929133
0
LINE
8
BLACK
6
CONTINUOUS
10
1.5484179133858267
20
1.0303514566929133
11
1.5477630314960629
21
1.029538779527559
0
LINE
8
BLACK
6
CONTINUOUS
10
1.5477630314960629
20
1.029538779527559
11
1.4141540551181102
21
0.8959298031496062
0
LINE
8
BLACK
6
CONTINUOUS
10
1.4141540551181102
20
0.8959298031496062
11
1.4141538976377952
21
0.8959295669291338
0
LINE
8
BLACK
6
CONTINUOUS
10
1.4141538976377952
20
0.8959295669291338
11
1.411818937007874
21
0.8918853543307086
0
LINE
8
BLACK
6
CONTINUOUS
10
1.411818937007874
20
0.8918853543307086
11
1.4118188976377952
21
0.8918851574803149
0
LINE
8
BLACK
6
CONTINUOUS
10
1.4118188976377952
20
0.8918851574803149
11
1.4106102362204724
21
0.8873743700787401
0
LINE
8
BLACK
6
CONTINUOUS
10
1.4106102362204724
20
0.8873743700787401
11
1.4106102362204724
21
0.4786024015748032
0
LINE
8
BLACK
6
CONTINUOUS
10
1.4106102362204724
20
0.4786024015748032
11
1.4098352362204725
21
0.4759630708661417
0
LINE
8
BLACK
6
CONTINUOUS
10
1.4098352362204725
20
0.4759630708661417
11
1.4077563385826772
21
0.4741616929133858
0
LINE
8
BLACK
6
CONTINUOUS
10
1.4077563385826772
20
0.4741616929133858
11
1.4057283858267717
21
0.4737205118110236
0
LINE
8
BLACK
6
CONTINUOUS
10
1.4057283858267717
20
0.4737205118110236
11
1.3965804330708662
21
0.4737205118110236
0
LINE
8
BLACK
6
CONTINUOUS
10
1.3965804330708662
20
0.4737205118110236
11
1.3965794094488189
21
0.4737204330708661
0
LINE
8
BLACK
6
CONTINUOUS
10
1.3965794094488189
20
0.4737204330708661
11
1.3955910236220472
21
0.4736058267716535
0
LINE
8
BLACK
6
CONTINUOUS
10
1.3955910236220472
20
0.4736058267716535
11
1.3955908661417322
21
0.4736057480314961
0
LINE
8
BLACK
6
CONTINUOUS
10
1.3955908661417322
20
0.4736057480314961
11
1.39154468503937
21
0.4718192125984252
0
LINE
8
BLACK
6
CONTINUOUS
10
1.39154468503937
20
0.4718192125984252
11
1.3884170866141732
21
0.4686916141732284
0
LINE
8
BLACK
6
CONTINUOUS
10
1.3884170866141732
20
0.4686916141732284
11
1.3866305118110236
21
0.4646454724409449
0
LINE
8
BLACK
6
CONTINUOUS
10
1.3866305118110236
20
0.4646454724409449
11
1.3866305118110236
21
0.4646453937007874
0
LINE
8
BLACK
6
CONTINUOUS
10
1.3866305118110236
20
0.4646453937007874
11
1.386515748031496
21
0.4636562992125984
0
LINE
8
BLACK
6
CONTINUOUS
10
1.386515748031496
20
0.4636562992125984
11
1.386515748031496
21
0.4001238188976378
0
LINE
8
BLACK
6
CONTINUOUS
10
0.3770669291338583
20
0.7217773228346457
11
0.3770670078740158
21
0.7217762992125984
0
LINE
8
BLACK
6
CONTINUOUS
10
0.3770670078740158
20
0.7217762992125984
11
0.3771816141732283
21
0.7207879133858267
0
LINE
8
BLACK
6
CONTINUOUS
10
0.3771816141732283
20
0.7207879133858267
11
0.3771816929133858
21
0.7207877559055118
0
LINE
8
BLACK
6
CONTINUOUS
10
0.3771816929133858
20
0.7207877559055118
11
0.3789682283464567
21
0.7167415748031496
0
LINE
8
BLACK
6
CONTINUOUS
10
0.3789682283464567
20
0.7167415748031496
11
0.3789682677165354
21
0.7167415354330708
0
LINE
8
BLACK
6
CONTINUOUS
10
0.3789682677165354
20
0.7167415354330708
11
0.3820958661417323
21
0.713613937007874
0
LINE
8
BLACK
6
CONTINUOUS
10
0.3820958661417323
20
0.713613937007874
11
0.3861420866141732
21
0.7118273622047244
0
LINE
8
BLACK
6
CONTINUOUS
10
0.3861420866141732
20
0.7118273622047244
11
0.3871312992125984
21
0.7117125984251969
0
LINE
8
BLACK
6
CONTINUOUS
10
0.3871312992125984
20
0.7117125984251969
11
0.450663937007874
21
0.7117126377952756
0
LINE
8
BLACK
6
CONTINUOUS
10
0.450663937007874
20
0.7117126377952756
11
0.4506645275590551
21
0.7117127165354331
0
LINE
8
BLACK
6
CONTINUOUS
10
0.4506645275590551
20
0.7117127165354331
11
0.4506646456692913
21
0.7117127165354331
0
LINE
8
BLACK
6
CONTINUOUS
10
0.4506646456692913
20
0.7117127165354331
11
0.451653031496063
21
0.7118273228346457
0
LINE
8
BLACK
6
CONTINUOUS
10
0.451653031496063
20
0.7118273228346457
11
0.4516530708661417
21
0.7118273622047244
0
LINE
8
BLACK
6
CONTINUOUS
10
0.4516530708661417
20
0.7118273622047244
11
0.451653188976378
21
0.7118273622047244
0
LINE
8
BLACK
6
CONTINUOUS
10
0.451653188976378
20
0.7118273622047244
11
0.4556994094488189
21
0.713613937007874
0
LINE
8
BLACK
6
CONTINUOUS
10
0.4556994094488189
20
0.713613937007874
11
0.4588270078740158
21
0.7167415354330708
0
LINE
8
BLACK
6
CONTINUOUS
10
0.4588270078740158
20
0.7167415354330708
11
0.4606135826771653
21
0.7207877559055118
0
LINE
8
BLACK
6
CONTINUOUS
10
0.4606135826771653
20
0.7207877559055118
11
0.4607283464566929
21
0.721776968503937
0
LINE
8
BLACK
6
CONTINUOUS
10
0.4607283464566929
20
0.721776968503937
11
0.4607283464566929
21
0.7289566929133858
0
LINE
8
BLACK
6
CONTINUOUS
10
0.4607283464566929
20
0.7289566929133858
11
0.4615033464566929
21
0.7315960236220472
0
LINE
8
BLACK
6
CONTINUOUS
10
0.4615033464566929
20
0.7315960236220472
11
0.4635822440944882
21
0.7333974015748032
0
LINE
8
BLACK
6
CONTINUOUS
10
0.4635822440944882
20
0.7333974015748032
11
0.4656102362204724
21
0.7338385826771653
0
LINE
8
BLACK
6
CONTINUOUS
10
0.4656102362204724
20
0.7338385826771653
11
0.5512332283464567
21
0.7338385826771653
0
LINE
8
BLACK
6
CONTINUOUS
10
0.5512332283464567
20
0.7338385826771653
11
0.5538725590551181
21
0.7330635826771653
0
LINE
8
BLACK
6
CONTINUOUS
10
0.5538725590551181
20
0.7330635826771653
11
0.5546852362204724
21
0.7324087007874016
0
LINE
8
BLACK
6
CONTINUOUS
10
0.5546852362204724
20
0.7324087007874016
11
0.5787204724409448
21
0.7083734645669291
0
LINE
8
BLACK
6
CONTINUOUS
10
0.5787204724409448
20
0.7083734645669291
11
0.5823892125984251
21
0.7047047244094488
0
LINE
8
BLACK
6
CONTINUOUS
10
0.5823892125984251
20
0.7047047244094488
11
0.5868824409448818
21
0.7021105511811023
0
LINE
8
BLACK
6
CONTINUOUS
10
0.5868824409448818
20
0.7021105511811023
11
0.5918939763779527
21
0.700767716535433
0
LINE
8
BLACK
6
CONTINUOUS
10
0.5918939763779527
20
0.700767716535433
11
0.5918940157480315
21
0.700767716535433
0
LINE
8
BLACK
6
CONTINUOUS
10
0.5918940157480315
20
0.700767716535433
11
0.6800590157480315
21
0.700767716535433
0
LINE
8
BLACK
6
CONTINUOUS
10
0.6800590157480315
20
0.700767716535433
11
0.6826983464566929
21
0.699992716535433
0
LINE
8
BLACK
6
CONTINUOUS
10
0.6826983464566929
20
0.699992716535433
11
0.6844997244094488
21
0.6979138188976378
0
LINE
8
BLACK
6
CONTINUOUS
10
0.6844997244094488
20
0.6979138188976378
11
0.684940905511811
21
0.6958858267716536
0
LINE
8
BLACK
6
CONTINUOUS
10
0.684940905511811
20
0.6958858267716536
11
0.684940905511811
21
0.6887064566929134
0
LINE
8
BLACK
6
CONTINUOUS
10
0.684940905511811
20
0.6887064566929134
11
0.6849409448818897
21
0.6887054330708662
0
LINE
8
BLACK
6
CONTINUOUS
10
0.6849409448818897
20
0.6887054330708662
11
0.6850555511811024
21
0.6877170472440944
0
LINE
8
BLACK
6
CONTINUOUS
10
0.6850555511811024
20
0.6877170472440944
11
0.6850556299212598
21
0.6877168897637795
0
LINE
8
BLACK
6
CONTINUOUS
10
0.6850556299212598
20
0.6877168897637795
11
0.6868421653543307
21
0.6836707086614173
0
LINE
8
BLACK
6
CONTINUOUS
10
0.6868421653543307
20
0.6836707086614173
11
0.6868422047244095
21
0.6836706692913386
0
LINE
8
BLACK
6
CONTINUOUS
10
0.6868422047244095
20
0.6836706692913386
11
0.6899698031496063
21
0.6805430708661417
0
LINE
8
BLACK
6
CONTINUOUS
10
0.6899698031496063
20
0.6805430708661417
11
0.6940160236220472
21
0.6787564960629922
0
LINE
8
BLACK
6
CONTINUOUS
10
0.6940160236220472
20
0.6787564960629922
11
0.6950052362204724
21
0.6786417322834646
0
LINE
8
BLACK
6
CONTINUOUS
10
0.6950052362204724
20
0.6786417322834646
11
0.751003937007874
21
0.6786417716535433
0
LINE
8
BLACK
6
CONTINUOUS
10
0.751003937007874
20
0.6786417716535433
11
0.7513458661417323
21
0.6785413779527559
0
LINE
8
BLACK
6
CONTINUOUS
10
0.7513458661417323
20
0.6785413779527559
11
0.7516987007874015
21
0.6785920866141733
0
LINE
8
BLACK
6
CONTINUOUS
10
0.7516987007874015
20
0.6785920866141733
11
0.7526451574803149
21
0.6781598818897637
0
LINE
8
BLACK
6
CONTINUOUS
10
0.7526451574803149
20
0.6781598818897637
11
0.7536432677165354
21
0.6778667716535433
0
LINE
8
BLACK
6
CONTINUOUS
10
0.7536432677165354
20
0.6778667716535433
11
0.7538766141732284
21
0.6775974803149606
0
LINE
8
BLACK
6
CONTINUOUS
10
0.7538766141732284
20
0.6775974803149606
11
0.754200905511811
21
0.6774493700787402
0
LINE
8
BLACK
6
CONTINUOUS
10
0.754200905511811
20
0.6774493700787402
11
0.7547633858267716
21
0.6765740944881889
0
LINE
8
BLACK
6
CONTINUOUS
10
0.7547633858267716
20
0.6765740944881889
11
0.7554446456692914
21
0.6757879133858268
0
LINE
8
BLACK
6
CONTINUOUS
10
0.7554446456692914
20
0.6757879133858268
11
0.75553468503937
21
0.675373937007874
0
LINE
8
BLACK
6
CONTINUOUS
10
0.75553468503937
20
0.675373937007874
11
0.7556880708661418
21
0.6751352755905512
0
LINE
8
BLACK
6
CONTINUOUS
10
0.7556880708661418
20
0.6751352755905512
11
0.7558858267716535
21
0.6737598818897638
0
LINE
8
BLACK
6
CONTINUOUS
10
0.7558858267716535
20
0.6737598818897638
11
0.7558858267716535
21
0.6671653543307087
0
LINE
8
BLACK
6
CONTINUOUS
10
0.7558858267716535
20
0.6671653543307087
11
0.7551108267716535
21
0.6645260236220473
0
LINE
8
BLACK
6
CONTINUOUS
10
0.7551108267716535
20
0.6645260236220473
11
0.7530319291338583
21
0.6627246456692913
0
LINE
8
BLACK
6
CONTINUOUS
10
0.7530319291338583
20
0.6627246456692913
11
0.751003937007874
21
0.6622834645669291
0
LINE
8
BLACK
6
CONTINUOUS
10
0.751003937007874
20
0.6622834645669291
11
0.7366141338582677
21
0.6622834645669291
0
LINE
8
BLACK
6
CONTINUOUS
10
0.7366141338582677
20
0.6622834645669291
11
0.7366141338582677
21
0.6504724409448819
0
LINE
8
BLACK
6
CONTINUOUS
10
0.7366141338582677
20
0.6504724409448819
11
0.7567716141732284
21
0.6504724409448819
0
LINE
8
BLACK
6
CONTINUOUS
10
0.7567716141732284
20
0.6504724409448819
11
0.7567716141732284
21
0.5904724409448818
0
LINE
8
BLACK
6
CONTINUOUS
10
0.7567716141732284
20
0.5904724409448818
11
0.7366141338582677
21
0.5904724409448818
0
LINE
8
BLACK
6
CONTINUOUS
10
0.7366141338582677
20
0.5904724409448818
11
0.7366141338582677
21
0.5786614566929134
0
LINE
8
BLACK
6
CONTINUOUS
10
0.7366141338582677
20
0.5786614566929134
11
0.751003937007874
21
0.5786614566929134
0
LINE
8
BLACK
6
CONTINUOUS
10
0.751003937007874
20
0.5786614566929134
11
0.7536432677165354
21
0.5778864566929134
0
LINE
8
BLACK
6
CONTINUOUS
10
0.7536432677165354
20
0.5778864566929134
11
0.7554446456692914
21
0.575807559055118
0
LINE
8
BLACK
6
CONTINUOUS
10
0.7554446456692914
20
0.575807559055118
11
0.7558858267716535
21
0.5737795669291339
0
LINE
8
BLACK
6
CONTINUOUS
10
0.7558858267716535
20
0.5737795669291339
11
0.7558858267716535
21
0.5487746850393701
0
LINE
8
BLACK
6
CONTINUOUS
10
0.7558858267716535
20
0.5487746850393701
11
0.7551108267716535
21
0.5461353543307087
0
LINE
8
BLACK
6
CONTINUOUS
10
0.7551108267716535
20
0.5461353543307087
11
0.7544559448818897
21
0.5453226771653543
0
LINE
8
BLACK
6
CONTINUOUS
10
0.7544559448818897
20
0.5453226771653543
11
0.7155607874015748
21
0.506427559055118
0
LINE
8
BLACK
6
CONTINUOUS
10
0.7155607874015748
20
0.506427559055118
11
0.7155608267716536
21
0.5064275196850394
0
LINE
8
BLACK
6
CONTINUOUS
10
0.7155608267716536
20
0.5064275196850394
11
0.7125787401574804
21
0.5034454330708661
0
LINE
8
BLACK
6
CONTINUOUS
10
0.7125787401574804
20
0.5034454330708661
11
0.7099845669291338
21
0.4989522834645669
0
LINE
8
BLACK
6
CONTINUOUS
10
0.7099845669291338
20
0.4989522834645669
11
0.7086417322834645
21
0.4939406299212598
0
LINE
8
BLACK
6
CONTINUOUS
10
0.7086417322834645
20
0.4939406299212598
11
0.7086417322834645
21
0.4786023622047244
0
LINE
8
BLACK
6
CONTINUOUS
10
0.7086417322834645
20
0.4786023622047244
11
0.7078667322834645
21
0.475963031496063
0
LINE
8
BLACK
6
CONTINUOUS
10
0.7078667322834645
20
0.475963031496063
11
0.7057878346456693
21
0.4741616535433071
0
LINE
8
BLACK
6
CONTINUOUS
10
0.7057878346456693
20
0.4741616535433071
11
0.7037598818897638
21
0.4737204724409449
0
LINE
8
BLACK
6
CONTINUOUS
10
0.7037598818897638
20
0.4737204724409449
11
0.6965804330708661
21
0.4737204724409449
0
LINE
8
BLACK
6
CONTINUOUS
10
0.6965804330708661
20
0.4737204724409449
11
0.6965794094488189
21
0.4737203937007874
0
LINE
8
BLACK
6
CONTINUOUS
10
0.6965794094488189
20
0.4737203937007874
11
0.6955910236220473
21
0.4736057874015748
0
LINE
8
BLACK
6
CONTINUOUS
10
0.6955910236220473
20
0.4736057874015748
11
0.6955908661417323
21
0.4736057086614173
0
LINE
8
BLACK
6
CONTINUOUS
10
0.6955908661417323
20
0.4736057086614173
11
0.6915446850393701
21
0.4718191732283464
0
LINE
8
BLACK
6
CONTINUOUS
10
0.6915446850393701
20
0.4718191732283464
11
0.6884170866141732
21
0.4686915748031496
0
LINE
8
BLACK
6
CONTINUOUS
10
0.6884170866141732
20
0.4686915748031496
11
0.6866305118110236
21
0.4646454330708661
0
LINE
8
BLACK
6
CONTINUOUS
10
0.6866305118110236
20
0.4646454330708661
11
0.6866305118110236
21
0.4646453543307086
0
LINE
8
BLACK
6
CONTINUOUS
10
0.6866305118110236
20
0.4646453543307086
11
0.6865157480314961
21
0.4636562598425197
0
LINE
8
BLACK
6
CONTINUOUS
10
0.6865157480314961
20
0.4636562598425197
11
0.6865157480314961
21
0.4001237795275591
0
LINE
8
BLACK
6
CONTINUOUS
10
0.6865157480314961
20
0.4001237795275591
11
0.6865158267716536
21
0.4001227559055118
0
LINE
8
BLACK
6
CONTINUOUS
10
0.6865158267716536
20
0.4001227559055118
11
0.6866304330708661
21
0.3991343700787401
0
LINE
8
BLACK
6
CONTINUOUS
10
0.6866304330708661
20
0.3991343700787401
11
0.6866305118110236
21
0.3991342125984252
0
LINE
8
BLACK
6
CONTINUOUS
10
0.6866305118110236
20
0.3991342125984252
11
0.6884170472440945
21
0.395088031496063
0
LINE
8
BLACK
6
CONTINUOUS
10
0.6884170472440945
20
0.395088031496063
11
0.6884170866141732
21
0.3950879921259842
0
LINE
8
BLACK
6
CONTINUOUS
10
0.6884170866141732
20
0.3950879921259842
11
0.6915446850393701
21
0.3919603937007874
0
LINE
8
BLACK
6
CONTINUOUS
10
0.6915446850393701
20
0.3919603937007874
11
0.695590905511811
21
0.3901738188976378
0
LINE
8
BLACK
6
CONTINUOUS
10
0.695590905511811
20
0.3901738188976378
11
0.6965801181102362
21
0.3900590551181102
0
LINE
8
BLACK
6
CONTINUOUS
10
0.6965801181102362
20
0.3900590551181102
11
0.703759842519685
21
0.390059094488189
0
LINE
8
BLACK
6
CONTINUOUS
10
0.703759842519685
20
0.390059094488189
11
0.7041017716535433
21
0.3899587007874016
0
LINE
8
BLACK
6
CONTINUOUS
10
0.7041017716535433
20
0.3899587007874016
11
0.7044546062992126
21
0.3900094094488189
0
LINE
8
BLACK
6
CONTINUOUS
10
0.7044546062992126
20
0.3900094094488189
11
0.7054009448818898
21
0.3895772440944882
0
LINE
8
BLACK
6
CONTINUOUS
10
0.7054009448818898
20
0.3895772440944882
11
0.7063991732283464
21
0.3892841338582677
0
LINE
8
BLACK
6
CONTINUOUS
10
0.7063991732283464
20
0.3892841338582677
11
0.7066325590551181
21
0.3890147637795275
0
LINE
8
BLACK
6
CONTINUOUS
10
0.7066325590551181
20
0.3890147637795275
11
0.7069568110236221
21
0.3888666929133858
0
LINE
8
BLACK
6
CONTINUOUS
10
0.7069568110236221
20
0.3888666929133858
11
0.707519251968504
21
0.3879914566929134
0
LINE
8
BLACK
6
CONTINUOUS
10
0.707519251968504
20
0.3879914566929134
11
0.7082005511811024
21
0.3872052362204724
0
LINE
8
BLACK
6
CONTINUOUS
10
0.7082005511811024
20
0.3872052362204724
11
0.708290590551181
21
0.3867912598425197
0
LINE
8
BLACK
6
CONTINUOUS
10
0.708290590551181
20
0.3867912598425197
11
0.7084439763779528
21
0.3865525984251968
0
LINE
8
BLACK
6
CONTINUOUS
10
0.7084439763779528
20
0.3865525984251968
11
0.7086417322834645
21
0.3851772047244094
0
LINE
8
BLACK
6
CONTINUOUS
10
0.7086417322834645
20
0.3851772047244094
11
0.7086417322834645
21
0.3786023622047244
0
LINE
8
BLACK
6
CONTINUOUS
10
0.7086417322834645
20
0.3786023622047244
11
0.7078667322834645
21
0.375963031496063
0
LINE
8
BLACK
6
CONTINUOUS
10
0.7078667322834645
20
0.375963031496063
11
0.7057878346456693
21
0.3741616535433071
0
LINE
8
BLACK
6
CONTINUOUS
10
0.7057878346456693
20
0.3741616535433071
11
0.7037598818897638
21
0.3737204724409449
0
LINE
8
BLACK
6
CONTINUOUS
10
0.7037598818897638
20
0.3737204724409449
11
0.6965804330708661
21
0.3737204724409449
0
LINE
8
BLACK
6
CONTINUOUS
10
0.6965804330708661
20
0.3737204724409449
11
0.6965794094488189
21
0.3737203937007874
0
LINE
8
BLACK
6
CONTINUOUS
10
0.6965794094488189
20
0.3737203937007874
11
0.6955910236220473
21
0.3736057874015748
0
LINE
8
BLACK
6
CONTINUOUS
10
0.6955910236220473
20
0.3736057874015748
11
0.6955908661417323
21
0.3736057086614173
0
LINE
8
BLACK
6
CONTINUOUS
10
0.6955908661417323
20
0.3736057086614173
11
0.6915446850393701
21
0.3718191732283465
0
LINE
8
BLACK
6
CONTINUOUS
10
0.6915446850393701
20
0.3718191732283465
11
0.6884170866141732
21
0.3686915748031496
0
LINE
8
BLACK
6
CONTINUOUS
10
0.6884170866141732
20
0.3686915748031496
11
0.6866305118110236
21
0.3646454330708661
0
LINE
8
BLACK
6
CONTINUOUS
10
0.6866305118110236
20
0.3646454330708661
11
0.6866305118110236
21
0.3646453543307087
0
LINE
8
BLACK
6
CONTINUOUS
10
0.6866305118110236
20
0.3646453543307087
11
0.6865157480314961
21
0.3636562598425197
0
LINE
8
BLACK
6
CONTINUOUS
10
0.6865157480314961
20
0.3636562598425197
11
0.6865157480314961
21
0.300123779527559
0
LINE
8
BLACK
6
CONTINUOUS
10
0.6865157480314961
20
0.300123779527559
11
0.6865158267716536
21
0.3001227559055118
0
LINE
8
BLACK
6
CONTINUOUS
10
0.6865158267716536
20
0.3001227559055118
11
0.6866304330708661
21
0.2991343700787402
0
LINE
8
BLACK
6
CONTINUOUS
10
0.6866304330708661
20
0.2991343700787402
11
0.6866305118110236
21
0.2991342125984252
0
LINE
8
BLACK
6
CONTINUOUS
10
0.6866305118110236
20
0.2991342125984252
11
0.6884170472440945
21
0.295088031496063
0
LINE
8
BLACK
6
CONTINUOUS
10
0.6884170472440945
20
0.295088031496063
11
0.6884170866141732
21
0.2950879921259842
0
LINE
8
BLACK
6
CONTINUOUS
10
0.6884170866141732
20
0.2950879921259842
11
0.6915446850393701
21
0.2919603937007874
0
LINE
8
BLACK
6
CONTINUOUS
10
0.6915446850393701
20
0.2919603937007874
11
0.695590905511811
21
0.2901738188976378
0
LINE
8
BLACK
6
CONTINUOUS
10
0.695590905511811
20
0.2901738188976378
11
0.6965801181102362
21
0.2900590551181103
0
LINE
8
BLACK
6
CONTINUOUS
10
0.6965801181102362
20
0.2900590551181103
11
0.7601127559055117
21
0.290059094488189
0
LINE
8
BLACK
6
CONTINUOUS
10
0.7601127559055117
20
0.290059094488189
11
0.7601133464566929
21
0.2900591732283465
0
LINE
8
BLACK
6
CONTINUOUS
10
0.7601133464566929
20
0.2900591732283465
11
0.7601134645669291
21
0.2900591732283465
0
LINE
8
BLACK
6
CONTINUOUS
10
0.7601134645669291
20
0.2900591732283465
11
0.7611018503937008
21
0.2901737795275591
0
LINE
8
BLACK
6
CONTINUOUS
10
0.7611018503937008
20
0.2901737795275591
11
0.7611018897637795
21
0.2901738188976378
0
LINE
8
BLACK
6
CONTINUOUS
10
0.7611018897637795
20
0.2901738188976378
11
0.7611020078740157
21
0.2901738188976378
0
LINE
8
BLACK
6
CONTINUOUS
10
0.7611020078740157
20
0.2901738188976378
11
0.7651482283464567
21
0.2919603937007874
0
LINE
8
BLACK
6
CONTINUOUS
10
0.7651482283464567
20
0.2919603937007874
11
0.7682758267716535
21
0.2950879921259842
0
LINE
8
BLACK
6
CONTINUOUS
10
0.7682758267716535
20
0.2950879921259842
11
0.7700624015748031
21
0.2991342125984252
0
LINE
8
BLACK
6
CONTINUOUS
10
0.7700624015748031
20
0.2991342125984252
11
0.7701771653543307
21
0.3001234251968504
0
LINE
8
BLACK
6
CONTINUOUS
10
0.7701771653543307
20
0.3001234251968504
11
0.7701771259842519
21
0.3341937007874016
0
LINE
8
BLACK
6
CONTINUOUS
10
0.7701771259842519
20
0.3341937007874016
11
0.7701771259842519
21
0.3636533464566929
0
LINE
8
BLACK
6
CONTINUOUS
10
0.7701771259842519
20
0.3636533464566929
11
0.7701771259842519
21
0.3636557874015748
0
LINE
8
BLACK
6
CONTINUOUS
10
0.7701771259842519
20
0.3636557874015748
11
0.7701771259842519
21
0.3636560236220472
0
LINE
8
BLACK
6
CONTINUOUS
10
0.7701771259842519
20
0.3636560236220472
11
0.7701771259842519
21
0.363656062992126
0
LINE
8
BLACK
6
CONTINUOUS
10
0.7701771259842519
20
0.363656062992126
11
0.7701770472440945
21
0.363656811023622
0
LINE
8
BLACK
6
CONTINUOUS
10
0.7701770472440945
20
0.363656811023622
11
0.7700624409448819
21
0.3646451968503937
0
LINE
8
BLACK
6
CONTINUOUS
10
0.7700624409448819
20
0.3646451968503937
11
0.7700624015748031
21
0.3646452755905512
0
LINE
8
BLACK
6
CONTINUOUS
10
0.7700624015748031
20
0.3646452755905512
11
0.7700624015748031
21
0.3646453149606299
0
LINE
8
BLACK
6
CONTINUOUS
10
0.7700624015748031
20
0.3646453149606299
11
0.7682758267716535
21
0.3686915354330709
0
LINE
8
BLACK
6
CONTINUOUS
10
0.7682758267716535
20
0.3686915354330709
11
0.7651482283464567
21
0.3718191338582677
0
LINE
8
BLACK
6
CONTINUOUS
10
0.7651482283464567
20
0.3718191338582677
11
0.7651481496062992
21
0.3718191732283465
0
LINE
8
BLACK
6
CONTINUOUS
10
0.7651481496062992
20
0.3718191732283465
11
0.7611020472440945
21
0.3736057086614173
0
LINE
8
BLACK
6
CONTINUOUS
10
0.7611020472440945
20
0.3736057086614173
11
0.7601129133858268
21
0.3737204724409449
0
LINE
8
BLACK
6
CONTINUOUS
10
0.7601129133858268
20
0.3737204724409449
11
0.7601127952755905
21
0.3737204724409449
0
LINE
8
BLACK
6
CONTINUOUS
10
0.7601127952755905
20
0.3737204724409449
11
0.7529330708661417
21
0.3737204724409449
0
LINE
8
BLACK
6
CONTINUOUS
10
0.7529330708661417
20
0.3737204724409449
11
0.7525911023622047
21
0.373820905511811
0
LINE
8
BLACK
6
CONTINUOUS
10
0.7525911023622047
20
0.373820905511811
11
0.7522383070866142
21
0.3737701574803149
0
LINE
8
BLACK
6
CONTINUOUS
10
0.7522383070866142
20
0.3737701574803149
11
0.7512918110236221
21
0.3742024015748032
0
LINE
8
BLACK
6
CONTINUOUS
10
0.7512918110236221
20
0.3742024015748032
11
0.7502937401574803
21
0.3744954724409449
0
LINE
8
BLACK
6
CONTINUOUS
10
0.7502937401574803
20
0.3744954724409449
11
0.7500603543307086
21
0.3747648031496063
0
LINE
8
BLACK
6
CONTINUOUS
10
0.7500603543307086
20
0.3747648031496063
11
0.7497361023622047
21
0.374912874015748
0
LINE
8
BLACK
6
CONTINUOUS
10
0.7497361023622047
20
0.374912874015748
11
0.7491735039370079
21
0.3757882677165355
0
LINE
8
BLACK
6
CONTINUOUS
10
0.7491735039370079
20
0.3757882677165355
11
0.7484923622047244
21
0.3765743700787402
0
LINE
8
BLACK
6
CONTINUOUS
10
0.7484923622047244
20
0.3765743700787402
11
0.7484022834645669
21
0.3769883464566929
0
LINE
8
BLACK
6
CONTINUOUS
10
0.7484022834645669
20
0.3769883464566929
11
0.748248937007874
21
0.377226968503937
0
LINE
8
BLACK
6
CONTINUOUS
10
0.748248937007874
20
0.377226968503937
11
0.7480511811023622
21
0.3786023622047244
0
LINE
8
BLACK
6
CONTINUOUS
10
0.7480511811023622
20
0.3786023622047244
11
0.7480511811023622
21
0.3851772047244094
0
LINE
8
BLACK
6
CONTINUOUS
10
0.7480511811023622
20
0.3851772047244094
11
0.7488261811023622
21
0.3878165354330709
0
LINE
8
BLACK
6
CONTINUOUS
10
0.7488261811023622
20
0.3878165354330709
11
0.7509050787401574
21
0.3896179133858267
0
LINE
8
BLACK
6
CONTINUOUS
10
0.7509050787401574
20
0.3896179133858267
11
0.7529330708661417
21
0.390059094488189
0
LINE
8
BLACK
6
CONTINUOUS
10
0.7529330708661417
20
0.390059094488189
11
0.7601124409448818
21
0.390059094488189
0
LINE
8
BLACK
6
CONTINUOUS
10
0.7601124409448818
20
0.390059094488189
11
0.7601127559055117
21
0.390059094488189
0
LINE
8
BLACK
6
CONTINUOUS
10
0.7601127559055117
20
0.390059094488189
11
0.7601133464566929
21
0.3900591732283464
0
LINE
8
BLACK
6
CONTINUOUS
10
0.7601133464566929
20
0.3900591732283464
11
0.7601134645669291
21
0.3900591732283464
0
LINE
8
BLACK
6
CONTINUOUS
10
0.7601134645669291
20
0.3900591732283464
11
0.7611018503937008
21
0.3901737795275591
0
LINE
8
BLACK
6
CONTINUOUS
10
0.7611018503937008
20
0.3901737795275591
11
0.7611018897637795
21
0.3901738188976378
0
LINE
8
BLACK
6
CONTINUOUS
10
0.7611018897637795
20
0.3901738188976378
11
0.7611020078740157
21
0.3901738188976378
0
LINE
8
BLACK
6
CONTINUOUS
10
0.7611020078740157
20
0.3901738188976378
11
0.7651482283464567
21
0.3919603937007874
0
LINE
8
BLACK
6
CONTINUOUS
10
0.7651482283464567
20
0.3919603937007874
11
0.7682758267716535
21
0.3950879921259842
0
LINE
8
BLACK
6
CONTINUOUS
10
0.7682758267716535
20
0.3950879921259842
11
0.7700624015748031
21
0.3991342125984252
0
LINE
8
BLACK
6
CONTINUOUS
10
0.7700624015748031
20
0.3991342125984252
11
0.7701771653543307
21
0.4001234251968504
0
LINE
8
BLACK
6
CONTINUOUS
10
0.7701771653543307
20
0.4001234251968504
11
0.7701771259842519
21
0.4341937007874015
0
LINE
8
BLACK
6
CONTINUOUS
10
0.7701771259842519
20
0.4341937007874015
11
0.7701771259842519
21
0.4636533464566929
0
LINE
8
BLACK
6
CONTINUOUS
10
0.7701771259842519
20
0.4636533464566929
11
0.7701771259842519
21
0.4636557874015748
0
LINE
8
BLACK
6
CONTINUOUS
10
0.7701771259842519
20
0.4636557874015748
11
0.7701771259842519
21
0.4636558267716535
0
LINE
8
BLACK
6
CONTINUOUS
10
0.7701771259842519
20
0.4636558267716535
11
0.7701771259842519
21
0.463656062992126
0
LINE
8
BLACK
6
CONTINUOUS
10
0.7701771259842519
20
0.463656062992126
11
0.7701770472440945
21
0.4636568503937008
0
LINE
8
BLACK
6
CONTINUOUS
10
0.7701770472440945
20
0.4636568503937008
11
0.7700624409448819
21
0.4646451968503937
0
LINE
8
BLACK
6
CONTINUOUS
10
0.7700624409448819
20
0.4646451968503937
11
0.7700624015748031
21
0.4646452755905512
0
LINE
8
BLACK
6
CONTINUOUS
10
0.7700624015748031
20
0.4646452755905512
11
0.7700624015748031
21
0.4646453149606299
0
LINE
8
BLACK
6
CONTINUOUS
10
0.7700624015748031
20
0.4646453149606299
11
0.7682758267716535
21
0.4686915354330708
0
LINE
8
BLACK
6
CONTINUOUS
10
0.7682758267716535
20
0.4686915354330708
11
0.7651482283464567
21
0.4718191338582677
0
LINE
8
BLACK
6
CONTINUOUS
10
0.7651482283464567
20
0.4718191338582677
11
0.7621952755905511
21
0.4731229921259842
0
LINE
8
BLACK
6
CONTINUOUS
10
0.7621952755905511
20
0.4731229921259842
11
0.7611020472440945
21
0.4736057086614173
0
LINE
8
BLACK
6
CONTINUOUS
10
0.7611020472440945
20
0.4736057086614173
11
0.7601129133858268
21
0.4737204724409449
0
LINE
8
BLACK
6
CONTINUOUS
10
0.7601129133858268
20
0.4737204724409449
11
0.7601127952755905
21
0.4737204724409449
0
LINE
8
BLACK
6
CONTINUOUS
10
0.7601127952755905
20
0.4737204724409449
11
0.7529330708661417
21
0.4737204724409449
0
LINE
8
BLACK
6
CONTINUOUS
10
0.7529330708661417
20
0.4737204724409449
11
0.7525911023622047
21
0.473820905511811
0
LINE
8
BLACK
6
CONTINUOUS
10
0.7525911023622047
20
0.473820905511811
11
0.7522383070866142
21
0.4737701574803149
0
LINE
8
BLACK
6
CONTINUOUS
10
0.7522383070866142
20
0.4737701574803149
11
0.7512918110236221
21
0.4742024015748031
0
LINE
8
BLACK
6
CONTINUOUS
10
0.7512918110236221
20
0.4742024015748031
11
0.7502937401574803
21
0.4744954724409449
0
LINE
8
BLACK
6
CONTINUOUS
10
0.7502937401574803
20
0.4744954724409449
11
0.7500603543307086
21
0.4747648031496063
0
LINE
8
BLACK
6
CONTINUOUS
10
0.7500603543307086
20
0.4747648031496063
11
0.7497361023622047
21
0.474912874015748
0
LINE
8
BLACK
6
CONTINUOUS
10
0.7497361023622047
20
0.474912874015748
11
0.7491735039370079
21
0.4757882677165354
0
LINE
8
BLACK
6
CONTINUOUS
10
0.7491735039370079
20
0.4757882677165354
11
0.7484923622047244
21
0.4765743700787402
0
LINE
8
BLACK
6
CONTINUOUS
10
0.7484923622047244
20
0.4765743700787402
11
0.7484022834645669
21
0.4769883464566929
0
LINE
8
BLACK
6
CONTINUOUS
10
0.7484022834645669
20
0.4769883464566929
11
0.748248937007874
21
0.477226968503937
0
LINE
8
BLACK
6
CONTINUOUS
10
0.748248937007874
20
0.477226968503937
11
0.7480511811023622
21
0.4786023622047244
0
LINE
8
BLACK
6
CONTINUOUS
10
0.7480511811023622
20
0.4786023622047244
11
0.7480511811023622
21
0.4811624409448819
0
LINE
8
BLACK
6
CONTINUOUS
10
0.7480511811023622
20
0.4811624409448819
11
0.7488261811023622
21
0.4838017716535433
0
LINE
8
BLACK
6
CONTINUOUS
10
0.7488261811023622
20
0.4838017716535433
11
0.7494808661417323
21
0.4846142913385827
0
LINE
8
BLACK
6
CONTINUOUS
10
0.7494808661417323
20
0.4846142913385827
11
0.787287559055118
21
0.5224209842519685
0
LINE
8
BLACK
6
CONTINUOUS
10
0.787287559055118
20
0.5224209842519685
11
0.7872877559055118
21
0.5224211023622047
0
LINE
8
BLACK
6
CONTINUOUS
10
0.7872877559055118
20
0.5224211023622047
11
0.7876894488188976
21
0.5228228346456693
0
LINE
8
BLACK
6
CONTINUOUS
10
0.7876894488188976
20
0.5228228346456693
11
0.7876895275590551
21
0.5228228346456693
0
LINE
8
BLACK
6
CONTINUOUS
10
0.7876895275590551
20
0.5228228346456693
11
0.7913582677165354
21
0.5264915748031496
0
LINE
8
BLACK
6
CONTINUOUS
10
0.7913582677165354
20
0.5264915748031496
11
0.7939524409448818
21
0.5309848031496063
0
LINE
8
BLACK
6
CONTINUOUS
10
0.7939524409448818
20
0.5309848031496063
11
0.7952952755905511
21
0.5359963385826771
0
LINE
8
BLACK
6
CONTINUOUS
10
0.7952952755905511
20
0.5359963385826771
11
0.7952952755905511
21
0.5411847244094488
0
LINE
8
BLACK
6
CONTINUOUS
10
0.7952952755905511
20
0.5411847244094488
11
0.7952952755905511
21
0.5737795669291339
0
LINE
8
BLACK
6
CONTINUOUS
10
0.7952952755905511
20
0.5737795669291339
11
0.7960702755905512
21
0.5764188976377953
0
LINE
8
BLACK
6
CONTINUOUS
10
0.7960702755905512
20
0.5764188976377953
11
0.7981491732283464
21
0.5782202755905511
0
LINE
8
BLACK
6
CONTINUOUS
10
0.7981491732283464
20
0.5782202755905511
11
0.8001771653543307
21
0.5786614566929134
0
LINE
8
BLACK
6
CONTINUOUS
10
0.8001771653543307
20
0.5786614566929134
11
0.816929094488189
21
0.5786614566929134
0
LINE
8
BLACK
6
CONTINUOUS
10
0.816929094488189
20
0.5786614566929134
11
0.816929094488189
21
0.5904724409448818
0
LINE
8
BLACK
6
CONTINUOUS
10
0.816929094488189
20
0.5904724409448818
11
0.7967716141732283
21
0.5904724409448818
0
LINE
8
BLACK
6
CONTINUOUS
10
0.7967716141732283
20
0.5904724409448818
11
0.7967716141732283
21
0.6504724409448819
0
LINE
8
BLACK
6
CONTINUOUS
10
0.7967716141732283
20
0.6504724409448819
11
0.816929094488189
21
0.6504724409448819
0
LINE
8
BLACK
6
CONTINUOUS
10
0.816929094488189
20
0.6504724409448819
11
0.816929094488189
21
0.6622834645669291
0
LINE
8
BLACK
6
CONTINUOUS
10
0.816929094488189
20
0.6622834645669291
11
0.8001771653543307
21
0.6622834645669291
0
LINE
8
BLACK
6
CONTINUOUS
10
0.8001771653543307
20
0.6622834645669291
11
0.7998351968503937
21
0.6623838976377953
0
LINE
8
BLACK
6
CONTINUOUS
10
0.7998351968503937
20
0.6623838976377953
11
0.7994824015748031
21
0.6623331496062992
0
LINE
8
BLACK
6
CONTINUOUS
10
0.7994824015748031
20
0.6623331496062992
11
0.798535905511811
21
0.6627653937007874
0
LINE
8
BLACK
6
CONTINUOUS
10
0.798535905511811
20
0.6627653937007874
11
0.7975378346456693
21
0.6630584645669291
0
LINE
8
BLACK
6
CONTINUOUS
10
0.7975378346456693
20
0.6630584645669291
11
0.7973044488188976
21
0.6633277952755905
0
LINE
8
BLACK
6
CONTINUOUS
10
0.7973044488188976
20
0.6633277952755905
11
0.7969801968503937
21
0.6634758661417323
0
LINE
8
BLACK
6
CONTINUOUS
10
0.7969801968503937
20
0.6634758661417323
11
0.7964175984251969
21
0.6643512598425196
0
LINE
8
BLACK
6
CONTINUOUS
10
0.7964175984251969
20
0.6643512598425196
11
0.7957364566929134
21
0.6651373622047244
0
LINE
8
BLACK
6
CONTINUOUS
10
0.7957364566929134
20
0.6651373622047244
11
0.7956463779527558
21
0.6655513385826771
0
LINE
8
BLACK
6
CONTINUOUS
10
0.7956463779527558
20
0.6655513385826771
11
0.795493031496063
21
0.6657899606299212
0
LINE
8
BLACK
6
CONTINUOUS
10
0.795493031496063
20
0.6657899606299212
11
0.7952952755905511
21
0.6671653543307087
0
LINE
8
BLACK
6
CONTINUOUS
10
0.7952952755905511
20
0.6671653543307087
11
0.7952952755905511
21
0.6737598818897638
0
LINE
8
BLACK
6
CONTINUOUS
10
0.7952952755905511
20
0.6737598818897638
11
0.7960702755905512
21
0.6763992125984252
0
LINE
8
BLACK
6
CONTINUOUS
10
0.7960702755905512
20
0.6763992125984252
11
0.7981491732283464
21
0.6782005905511811
0
LINE
8
BLACK
6
CONTINUOUS
10
0.7981491732283464
20
0.6782005905511811
11
0.8001771653543307
21
0.6786417716535433
0
LINE
8
BLACK
6
CONTINUOUS
10
0.8001771653543307
20
0.6786417716535433
11
0.8585376377952756
21
0.6786417716535433
0
LINE
8
BLACK
6
CONTINUOUS
10
0.8585376377952756
20
0.6786417716535433
11
0.8585379527559055
21
0.6786417716535433
0
LINE
8
BLACK
6
CONTINUOUS
10
0.8585379527559055
20
0.6786417716535433
11
0.8585385433070866
21
0.6786418503937007
0
LINE
8
BLACK
6
CONTINUOUS
10
0.8585385433070866
20
0.6786418503937007
11
0.8585386614173228
21
0.6786418503937007
0
LINE
8
BLACK
6
CONTINUOUS
10
0.8585386614173228
20
0.6786418503937007
11
0.8595270472440945
21
0.6787564566929134
0
LINE
8
BLACK
6
CONTINUOUS
10
0.8595270472440945
20
0.6787564566929134
11
0.8595270866141732
21
0.6787564960629922
0
LINE
8
BLACK
6
CONTINUOUS
10
0.8595270866141732
20
0.6787564960629922
11
0.8595272047244095
21
0.6787564960629922
0
LINE
8
BLACK
6
CONTINUOUS
10
0.8595272047244095
20
0.6787564960629922
11
0.8635734251968503
21
0.6805430708661417
0
LINE
8
BLACK
6
CONTINUOUS
10
0.8635734251968503
20
0.6805430708661417
11
0.8667010236220473
21
0.6836706692913386
0
LINE
8
BLACK
6
CONTINUOUS
10
0.8667010236220473
20
0.6836706692913386
11
0.8684875984251968
21
0.6877168897637795
0
LINE
8
BLACK
6
CONTINUOUS
10
0.8684875984251968
20
0.6877168897637795
11
0.8686023622047244
21
0.6887061023622048
0
LINE
8
BLACK
6
CONTINUOUS
10
0.8686023622047244
20
0.6887061023622048
11
0.8686023228346457
21
0.7522387401574803
0
LINE
8
BLACK
6
CONTINUOUS
10
0.8686023228346457
20
0.7522387401574803
11
0.8685301574803149
21
0.7528611811023622
0
LINE
8
BLACK
6
CONTINUOUS
10
0.8685301574803149
20
0.7528611811023622
11
0.8684876377952756
21
0.753227874015748
0
LINE
8
BLACK
6
CONTINUOUS
10
0.8684876377952756
20
0.753227874015748
11
0.8684875984251968
21
0.7532279527559055
0
LINE
8
BLACK
6
CONTINUOUS
10
0.8684875984251968
20
0.7532279527559055
11
0.8684875984251968
21
0.7532279921259842
0
LINE
8
BLACK
6
CONTINUOUS
10
0.8684875984251968
20
0.7532279921259842
11
0.8667010236220473
21
0.7572742125984252
0
LINE
8
BLACK
6
CONTINUOUS
10
0.8667010236220473
20
0.7572742125984252
11
0.8635734251968503
21
0.760401811023622
0
LINE
8
BLACK
6
CONTINUOUS
10
0.8635734251968503
20
0.760401811023622
11
0.8635733464566929
21
0.7604018503937008
0
LINE
8
BLACK
6
CONTINUOUS
10
0.8635733464566929
20
0.7604018503937008
11
0.8595272440944882
21
0.7621883858267716
0
LINE
8
BLACK
6
CONTINUOUS
10
0.8595272440944882
20
0.7621883858267716
11
0.8585379921259843
21
0.7623031496062992
0
LINE
8
BLACK
6
CONTINUOUS
10
0.8585379921259843
20
0.7623031496062992
11
0.7950056299212598
21
0.7623031496062992
0
LINE
8
BLACK
6
CONTINUOUS
10
0.7950056299212598
20
0.7623031496062992
11
0.7950046062992125
21
0.7623030708661417
0
LINE
8
BLACK
6
CONTINUOUS
10
0.7950046062992125
20
0.7623030708661417
11
0.7940162204724409
21
0.7621884645669291
0
LINE
8
BLACK
6
CONTINUOUS
10
0.7940162204724409
20
0.7621884645669291
11
0.794016062992126
21
0.7621883858267716
0
LINE
8
BLACK
6
CONTINUOUS
10
0.794016062992126
20
0.7621883858267716
11
0.7899698818897638
21
0.7604018503937008
0
LINE
8
BLACK
6
CONTINUOUS
10
0.7899698818897638
20
0.7604018503937008
11
0.7868422834645669
21
0.757274251968504
0
LINE
8
BLACK
6
CONTINUOUS
10
0.7868422834645669
20
0.757274251968504
11
0.7850557086614173
21
0.7532281102362205
0
LINE
8
BLACK
6
CONTINUOUS
10
0.7850557086614173
20
0.7532281102362205
11
0.7850557086614173
21
0.753228031496063
0
LINE
8
BLACK
6
CONTINUOUS
10
0.7850557086614173
20
0.753228031496063
11
0.7849409448818897
21
0.752238937007874
0
LINE
8
BLACK
6
CONTINUOUS
10
0.7849409448818897
20
0.752238937007874
11
0.7849409448818897
21
0.7450590551181102
0
LINE
8
BLACK
6
CONTINUOUS
10
0.7849409448818897
20
0.7450590551181102
11
0.7848405118110237
21
0.744717125984252
0
LINE
8
BLACK
6
CONTINUOUS
10
0.7848405118110237
20
0.744717125984252
11
0.7848912598425196
21
0.7443642913385826
0
LINE
8
BLACK
6
CONTINUOUS
10
0.7848912598425196
20
0.7443642913385826
11
0.7844590157480315
21
0.7434178346456692
0
LINE
8
BLACK
6
CONTINUOUS
10
0.7844590157480315
20
0.7434178346456692
11
0.7841659448818897
21
0.7424197244094488
0
LINE
8
BLACK
6
CONTINUOUS
10
0.7841659448818897
20
0.7424197244094488
11
0.7838966141732283
21
0.7421863779527559
0
LINE
8
BLACK
6
CONTINUOUS
10
0.7838966141732283
20
0.7421863779527559
11
0.7837485433070865
21
0.7418620866141732
0
LINE
8
BLACK
6
CONTINUOUS
10
0.7837485433070865
20
0.7418620866141732
11
0.7828731496062992
21
0.7412995275590551
0
LINE
8
BLACK
6
CONTINUOUS
10
0.7828731496062992
20
0.7412995275590551
11
0.7820870472440945
21
0.7406183464566929
0
LINE
8
BLACK
6
CONTINUOUS
10
0.7820870472440945
20
0.7406183464566929
11
0.7816730708661417
21
0.7405283070866141
0
LINE
8
BLACK
6
CONTINUOUS
10
0.7816730708661417
20
0.7405283070866141
11
0.7814344488188976
21
0.7403749212598425
0
LINE
8
BLACK
6
CONTINUOUS
10
0.7814344488188976
20
0.7403749212598425
11
0.7800590551181102
21
0.7401771653543306
0
LINE
8
BLACK
6
CONTINUOUS
10
0.7800590551181102
20
0.7401771653543306
11
0.7734841338582678
21
0.7401771653543306
0
LINE
8
BLACK
6
CONTINUOUS
10
0.7734841338582678
20
0.7401771653543306
11
0.7708448031496062
21
0.7409521653543307
0
LINE
8
BLACK
6
CONTINUOUS
10
0.7708448031496062
20
0.7409521653543307
11
0.7690434251968504
21
0.743031062992126
0
LINE
8
BLACK
6
CONTINUOUS
10
0.7690434251968504
20
0.743031062992126
11
0.7686022440944882
21
0.7450590551181102
0
LINE
8
BLACK
6
CONTINUOUS
10
0.7686022440944882
20
0.7450590551181102
11
0.7686022440944882
21
0.7522384645669291
0
LINE
8
BLACK
6
CONTINUOUS
10
0.7686022440944882
20
0.7522384645669291
11
0.7686022440944882
21
0.7522387401574803
0
LINE
8
BLACK
6
CONTINUOUS
10
0.7686022440944882
20
0.7522387401574803
11
0.7685300787401574
21
0.7528611811023622
0
LINE
8
BLACK
6
CONTINUOUS
10
0.7685300787401574
20
0.7528611811023622
11
0.7684875590551181
21
0.753227874015748
0
LINE
8
BLACK
6
CONTINUOUS
10
0.7684875590551181
20
0.753227874015748
11
0.7684875196850394
21
0.7532279527559055
0
LINE
8
BLACK
6
CONTINUOUS
10
0.7684875196850394
20
0.7532279527559055
11
0.7684875196850394
21
0.7532279921259842
0
LINE
8
BLACK
6
CONTINUOUS
10
0.7684875196850394
20
0.7532279921259842
11
0.7667009448818898
21
0.7572742125984252
0
LINE
8
BLACK
6
CONTINUOUS
10
0.7667009448818898
20
0.7572742125984252
11
0.7635733464566929
21
0.760401811023622
0
LINE
8
BLACK
6
CONTINUOUS
10
0.7635733464566929
20
0.760401811023622
11
0.7635732677165354
21
0.7604018503937008
0
LINE
8
BLACK
6
CONTINUOUS
10
0.7635732677165354
20
0.7604018503937008
11
0.7595271653543307
21
0.7621883858267716
0
LINE
8
BLACK
6
CONTINUOUS
10
0.7595271653543307
20
0.7621883858267716
11
0.7585379133858268
21
0.7623031496062992
0
LINE
8
BLACK
6
CONTINUOUS
10
0.7585379133858268
20
0.7623031496062992
11
0.6950055511811023
21
0.7623031496062992
0
LINE
8
BLACK
6
CONTINUOUS
10
0.6950055511811023
20
0.7623031496062992
11
0.6950045275590551
21
0.7623030708661417
0
LINE
8
BLACK
6
CONTINUOUS
10
0.6950045275590551
20
0.7623030708661417
11
0.6940161417322834
21
0.7621884645669291
0
LINE
8
BLACK
6
CONTINUOUS
10
0.6940161417322834
20
0.7621884645669291
11
0.6940159842519685
21
0.7621883858267716
0
LINE
8
BLACK
6
CONTINUOUS
10
0.6940159842519685
20
0.7621883858267716
11
0.6899698031496063
21
0.7604018503937008
0
LINE
8
BLACK
6
CONTINUOUS
10
0.6899698031496063
20
0.7604018503937008
11
0.6868422047244095
21
0.757274251968504
0
LINE
8
BLACK
6
CONTINUOUS
10
0.6868422047244095
20
0.757274251968504
11
0.6850556299212598
21
0.7532281102362205
0
LINE
8
BLACK
6
CONTINUOUS
10
0.6850556299212598
20
0.7532281102362205
11
0.6850556299212598
21
0.753228031496063
0
LINE
8
BLACK
6
CONTINUOUS
10
0.6850556299212598
20
0.753228031496063
11
0.6849408661417322
21
0.752238937007874
0
LINE
8
BLACK
6
CONTINUOUS
10
0.6849408661417322
20
0.752238937007874
11
0.6849408661417322
21
0.7450590551181102
0
LINE
8
BLACK
6
CONTINUOUS
10
0.6849408661417322
20
0.7450590551181102
11
0.6841658661417322
21
0.7424197244094488
0
LINE
8
BLACK
6
CONTINUOUS
10
0.6841658661417322
20
0.7424197244094488
11
0.682086968503937
21
0.7406183464566929
0
LINE
8
BLACK
6
CONTINUOUS
10
0.682086968503937
20
0.7406183464566929
11
0.6800589763779528
21
0.7401771653543306
0
LINE
8
BLACK
6
CONTINUOUS
10
0.6800589763779528
20
0.7401771653543306
11
0.6046722834645669
21
0.7401771653543306
0
LINE
8
BLACK
6
CONTINUOUS
10
0.6046722834645669
20
0.7401771653543306
11
0.6020329527559055
21
0.7409521653543307
0
LINE
8
BLACK
6
CONTINUOUS
10
0.6020329527559055
20
0.7409521653543307
11
0.6012202755905511
21
0.7416070472440944
0
LINE
8
BLACK
6
CONTINUOUS
10
0.6012202755905511
20
0.7416070472440944
11
0.5735163779527559
21
0.7693109448818898
0
LINE
8
BLACK
6
CONTINUOUS
10
0.5735163779527559
20
0.7693109448818898
11
0.5735162992125984
21
0.7693110236220472
0
LINE
8
BLACK
6
CONTINUOUS
10
0.5735162992125984
20
0.7693110236220472
11
0.5699370472440944
21
0.7713775196850393
0
LINE
8
BLACK
6
CONTINUOUS
10
0.5699370472440944
20
0.7713775196850393
11
0.5690231102362204
21
0.7719051968503937
0
LINE
8
BLACK
6
CONTINUOUS
10
0.5690231102362204
20
0.7719051968503937
11
0.5660166929133859
21
0.7727107480314961
0
LINE
8
BLACK
6
CONTINUOUS
10
0.5660166929133859
20
0.7727107480314961
11
0.5640114960629922
21
0.773248031496063
0
LINE
8
BLACK
6
CONTINUOUS
10
0.5640114960629922
20
0.773248031496063
11
0.5640114566929134
21
0.773248031496063
0
LINE
8
BLACK
6
CONTINUOUS
10
0.5640114566929134
20
0.773248031496063
11
0.4656101968503937
21
0.773248031496063
0
LINE
8
BLACK
6
CONTINUOUS
10
0.4656101968503937
20
0.773248031496063
11
0.4629708661417323
21
0.774023031496063
0
LINE
8
BLACK
6
CONTINUOUS
10
0.4629708661417323
20
0.774023031496063
11
0.4611694881889764
21
0.7761019291338582
0
LINE
8
BLACK
6
CONTINUOUS
10
0.4611694881889764
20
0.7761019291338582
11
0.4607283070866142
21
0.7781299212598425
0
LINE
8
BLACK
6
CONTINUOUS
10
0.4607283070866142
20
0.7781299212598425
11
0.4607283070866142
21
0.7853093307086614
0
LINE
8
BLACK
6
CONTINUOUS
10
0.4607283070866142
20
0.7853093307086614
11
0.4607283070866142
21
0.7853096062992125
0
LINE
8
BLACK
6
CONTINUOUS
10
0.4607283070866142
20
0.7853096062992125
11
0.4606922440944882
21
0.7856207086614173
0
LINE
8
BLACK
6
CONTINUOUS
10
0.4606922440944882
20
0.7856207086614173
11
0.4606136220472441
21
0.7862987401574802
0
LINE
8
BLACK
6
CONTINUOUS
10
0.4606136220472441
20
0.7862987401574802
11
0.4606135826771653
21
0.7862988188976378
0
LINE
8
BLACK
6
CONTINUOUS
10
0.4606135826771653
20
0.7862988188976378
11
0.4606135826771653
21
0.7862988582677165
0
LINE
8
BLACK
6
CONTINUOUS
10
0.4606135826771653
20
0.7862988582677165
11
0.4588270078740158
21
0.7903450787401575
0
LINE
8
BLACK
6
CONTINUOUS
10
0.4588270078740158
20
0.7903450787401575
11
0.4556994094488189
21
0.7934726771653543
0
LINE
8
BLACK
6
CONTINUOUS
10
0.4556994094488189
20
0.7934726771653543
11
0.4556993307086614
21
0.7934727165354331
0
LINE
8
BLACK
6
CONTINUOUS
10
0.4556993307086614
20
0.7934727165354331
11
0.4516532283464567
21
0.7952592519685039
0
LINE
8
BLACK
6
CONTINUOUS
10
0.4516532283464567
20
0.7952592519685039
11
0.4506639763779527
21
0.7953740157480315
0
LINE
8
BLACK
6
CONTINUOUS
10
0.4506639763779527
20
0.7953740157480315
11
0.3871316141732283
21
0.7953740157480315
0
LINE
8
BLACK
6
CONTINUOUS
10
0.3871316141732283
20
0.7953740157480315
11
0.3871305905511811
21
0.795373937007874
0
LINE
8
BLACK
6
CONTINUOUS
10
0.3871305905511811
20
0.795373937007874
11
0.3861422047244095
21
0.7952593307086614
0
LINE
8
BLACK
6
CONTINUOUS
10
0.3861422047244095
20
0.7952593307086614
11
0.3861420472440945
21
0.7952592519685039
0
LINE
8
BLACK
6
CONTINUOUS
10
0.3861420472440945
20
0.7952592519685039
11
0.3820958661417323
21
0.7934727165354331
0
LINE
8
BLACK
6
CONTINUOUS
10
0.3820958661417323
20
0.7934727165354331
11
0.3789682677165354
21
0.7903451181102362
0
LINE
8
BLACK
6
CONTINUOUS
10
0.3789682677165354
20
0.7903451181102362
11
0.3771816929133858
21
0.7862989763779528
0
LINE
8
BLACK
6
CONTINUOUS
10
0.3771816929133858
20
0.7862989763779528
11
0.3771816929133858
21
0.7862988976377953
0
LINE
8
BLACK
6
CONTINUOUS
10
0.3771816929133858
20
0.7862988976377953
11
0.3770669291338583
21
0.7853098031496063
0
LINE
8
BLACK
6
CONTINUOUS
10
0.3770669291338583
20
0.7853098031496063
11
0.3770669291338583
21
0.7217773228346457
0
LINE
8
BLACK
6
CONTINUOUS
10
0.986515748031496
20
0.4001237795275591
11
0.9865158267716535
21
0.4001227559055118
0
LINE
8
BLACK
6
CONTINUOUS
10
0.9865158267716535
20
0.4001227559055118
11
0.9866304330708661
21
0.3991343700787401
0
LINE
8
BLACK
6
CONTINUOUS
10
0.9866304330708661
20
0.3991343700787401
11
0.9866305118110236
21
0.3991342125984252
0
LINE
8
BLACK
6
CONTINUOUS
10
0.9866305118110236
20
0.3991342125984252
11
0.9884170472440945
21
0.395088031496063
0
LINE
8
BLACK
6
CONTINUOUS
10
0.9884170472440945
20
0.395088031496063
11
0.9884170866141732
21
0.3950879921259842
0
LINE
8
BLACK
6
CONTINUOUS
10
0.9884170866141732
20
0.3950879921259842
11
0.9915446850393701
21
0.3919603937007874
0
LINE
8
BLACK
6
CONTINUOUS
10
0.9915446850393701
20
0.3919603937007874
11
0.995590905511811
21
0.3901738188976378
0
LINE
8
BLACK
6
CONTINUOUS
10
0.995590905511811
20
0.3901738188976378
11
0.9965801181102362
21
0.3900590551181102
0
LINE
8
BLACK
6
CONTINUOUS
10
0.9965801181102362
20
0.3900590551181102
11
1.0057283464566928
21
0.390059094488189
0
LINE
8
BLACK
6
CONTINUOUS
10
1.0057283464566928
20
0.390059094488189
11
1.0060702755905511
21
0.3899587007874016
0
LINE
8
BLACK
6
CONTINUOUS
10
1.0060702755905511
20
0.3899587007874016
11
1.0064231102362204
21
0.3900094094488189
0
LINE
8
BLACK
6
CONTINUOUS
10
1.0064231102362204
20
0.3900094094488189
11
1.0073694488188976
21
0.3895772440944882
0
LINE
8
BLACK
6
CONTINUOUS
10
1.0073694488188976
20
0.3895772440944882
11
1.0083676771653542
21
0.3892841338582677
0
LINE
8
BLACK
6
CONTINUOUS
10
1.0083676771653542
20
0.3892841338582677
11
1.008601062992126
21
0.3890147637795275
0
LINE
8
BLACK
6
CONTINUOUS
10
1.008601062992126
20
0.3890147637795275
11
1.0089253149606299
21
0.3888666929133858
0
LINE
8
BLACK
6
CONTINUOUS
10
1.0089253149606299
20
0.3888666929133858
11
1.0094877559055118
21
0.3879914566929134
0
LINE
8
BLACK
6
CONTINUOUS
10
1.0094877559055118
20
0.3879914566929134
11
1.0101690551181102
21
0.3872052362204724
0
LINE
8
BLACK
6
CONTINUOUS
10
1.0101690551181102
20
0.3872052362204724
11
1.0102590944881888
21
0.3867912598425197
0
LINE
8
BLACK
6
CONTINUOUS
10
1.0102590944881888
20
0.3867912598425197
11
1.0104124803149606
21
0.3865525984251968
0
LINE
8
BLACK
6
CONTINUOUS
10
1.0104124803149606
20
0.3865525984251968
11
1.0106102362204725
21
0.3851772047244094
0
LINE
8
BLACK
6
CONTINUOUS
10
1.0106102362204725
20
0.3851772047244094
11
1.0106102362204725
21
0.3786023622047244
0
LINE
8
BLACK
6
CONTINUOUS
10
1.0106102362204725
20
0.3786023622047244
11
1.0098352362204723
21
0.375963031496063
0
LINE
8
BLACK
6
CONTINUOUS
10
1.0098352362204723
20
0.375963031496063
11
1.0077563385826771
21
0.3741616535433071
0
LINE
8
BLACK
6
CONTINUOUS
10
1.0077563385826771
20
0.3741616535433071
11
1.0057283858267716
21
0.3737204724409449
0
LINE
8
BLACK
6
CONTINUOUS
10
1.0057283858267716
20
0.3737204724409449
11
0.9965804330708661
21
0.3737204724409449
0
LINE
8
BLACK
6
CONTINUOUS
10
0.9965804330708661
20
0.3737204724409449
11
0.9965794094488188
21
0.3737203937007874
0
LINE
8
BLACK
6
CONTINUOUS
10
0.9965794094488188
20
0.3737203937007874
11
0.9955910236220472
21
0.3736057874015748
0
LINE
8
BLACK
6
CONTINUOUS
10
0.9955910236220472
20
0.3736057874015748
11
0.9955908661417323
21
0.3736057086614173
0
LINE
8
BLACK
6
CONTINUOUS
10
0.9955908661417323
20
0.3736057086614173
11
0.9915446850393701
21
0.3718191732283465
0
LINE
8
BLACK
6
CONTINUOUS
10
0.9915446850393701
20
0.3718191732283465
11
0.9884170866141732
21
0.3686915748031496
0
LINE
8
BLACK
6
CONTINUOUS
10
0.9884170866141732
20
0.3686915748031496
11
0.9866305118110236
21
0.3646454330708661
0
LINE
8
BLACK
6
CONTINUOUS
10
0.9866305118110236
20
0.3646454330708661
11
0.9866305118110236
21
0.3646453543307087
0
LINE
8
BLACK
6
CONTINUOUS
10
0.9866305118110236
20
0.3646453543307087
11
0.986515748031496
21
0.3636562598425197
0
LINE
8
BLACK
6
CONTINUOUS
10
0.986515748031496
20
0.3636562598425197
11
0.986515748031496
21
0.300123779527559
0
LINE
8
BLACK
6
CONTINUOUS
10
0.986515748031496
20
0.300123779527559
11
0.9865158267716535
21
0.3001227559055118
0
LINE
8
BLACK
6
CONTINUOUS
10
0.9865158267716535
20
0.3001227559055118
11
0.9866304330708661
21
0.2991343700787402
0
LINE
8
BLACK
6
CONTINUOUS
10
0.9866304330708661
20
0.2991343700787402
11
0.9866305118110236
21
0.2991342125984252
0
LINE
8
BLACK
6
CONTINUOUS
10
0.9866305118110236
20
0.2991342125984252
11
0.9884170472440945
21
0.295088031496063
0
LINE
8
BLACK
6
CONTINUOUS
10
0.9884170472440945
20
0.295088031496063
11
0.9884170866141732
21
0.2950879921259842
0
LINE
8
BLACK
6
CONTINUOUS
10
0.9884170866141732
20
0.2950879921259842
11
0.9915446850393701
21
0.2919603937007874
0
LINE
8
BLACK
6
CONTINUOUS
10
0.9915446850393701
20
0.2919603937007874
11
0.995590905511811
21
0.2901738188976378
0
LINE
8
BLACK
6
CONTINUOUS
10
0.995590905511811
20
0.2901738188976378
11
0.9965801181102362
21
0.2900590551181103
0
LINE
8
BLACK
6
CONTINUOUS
10
0.9965801181102362
20
0.2900590551181103
11
1.0601127559055117
21
0.290059094488189
0
LINE
8
BLACK
6
CONTINUOUS
10
1.0601127559055117
20
0.290059094488189
11
1.060113346456693
21
0.2900591732283465
0
LINE
8
BLACK
6
CONTINUOUS
10
1.060113346456693
20
0.2900591732283465
11
1.060113464566929
21
0.2900591732283465
0
LINE
8
BLACK
6
CONTINUOUS
10
1.060113464566929
20
0.2900591732283465
11
1.0611018503937009
21
0.2901737795275591
0
LINE
8
BLACK
6
CONTINUOUS
10
1.0611018503937009
20
0.2901737795275591
11
1.0611018897637794
21
0.2901738188976378
0
LINE
8
BLACK
6
CONTINUOUS
10
1.0611018897637794
20
0.2901738188976378
11
1.0611020078740157
21
0.2901738188976378
0
LINE
8
BLACK
6
CONTINUOUS
10
1.0611020078740157
20
0.2901738188976378
11
1.0651482283464566
21
0.2919603937007874
0
LINE
8
BLACK
6
CONTINUOUS
10
1.0651482283464566
20
0.2919603937007874
11
1.0682758267716534
21
0.2950879921259842
0
LINE
8
BLACK
6
CONTINUOUS
10
1.0682758267716534
20
0.2950879921259842
11
1.070062401574803
21
0.2991342125984252
0
LINE
8
BLACK
6
CONTINUOUS
10
1.070062401574803
20
0.2991342125984252
11
1.0701771653543306
21
0.3001234251968504
0
LINE
8
BLACK
6
CONTINUOUS
10
1.0701771653543306
20
0.3001234251968504
11
1.0701771259842519
21
0.363656062992126
0
LINE
8
BLACK
6
CONTINUOUS
10
1.0701771259842519
20
0.363656062992126
11
1.0701770472440946
21
0.363656811023622
0
LINE
8
BLACK
6
CONTINUOUS
10
1.0701770472440946
20
0.363656811023622
11
1.0700624409448818
21
0.3646451968503937
0
LINE
8
BLACK
6
CONTINUOUS
10
1.0700624409448818
20
0.3646451968503937
11
1.070062401574803
21
0.3646452755905512
0
LINE
8
BLACK
6
CONTINUOUS
10
1.070062401574803
20
0.3646452755905512
11
1.070062401574803
21
0.3646453149606299
0
LINE
8
BLACK
6
CONTINUOUS
10
1.070062401574803
20
0.3646453149606299
11
1.0682758267716534
21
0.3686915354330709
0
LINE
8
BLACK
6
CONTINUOUS
10
1.0682758267716534
20
0.3686915354330709
11
1.0651482283464566
21
0.3718191338582677
0
LINE
8
BLACK
6
CONTINUOUS
10
1.0651482283464566
20
0.3718191338582677
11
1.0651481496062991
21
0.3718191732283465
0
LINE
8
BLACK
6
CONTINUOUS
10
1.0651481496062991
20
0.3718191732283465
11
1.0611020472440944
21
0.3736057086614173
0
LINE
8
BLACK
6
CONTINUOUS
10
1.0611020472440944
20
0.3736057086614173
11
1.0601129133858267
21
0.3737204724409449
0
LINE
8
BLACK
6
CONTINUOUS
10
1.0601129133858267
20
0.3737204724409449
11
1.0601127952755904
21
0.3737204724409449
0
LINE
8
BLACK
6
CONTINUOUS
10
1.0601127952755904
20
0.3737204724409449
11
1.0509645669291339
21
0.3737204724409449
0
LINE
8
BLACK
6
CONTINUOUS
10
1.0509645669291339
20
0.3737204724409449
11
1.0506225984251969
21
0.373820905511811
0
LINE
8
BLACK
6
CONTINUOUS
10
1.0506225984251969
20
0.373820905511811
11
1.0502698031496063
21
0.3737701574803149
0
LINE
8
BLACK
6
CONTINUOUS
10
1.0502698031496063
20
0.3737701574803149
11
1.0493233070866141
21
0.3742024015748032
0
LINE
8
BLACK
6
CONTINUOUS
10
1.0493233070866141
20
0.3742024015748032
11
1.0483252362204725
21
0.3744954724409449
0
LINE
8
BLACK
6
CONTINUOUS
10
1.0483252362204725
20
0.3744954724409449
11
1.0480918503937007
21
0.3747648031496063
0
LINE
8
BLACK
6
CONTINUOUS
10
1.0480918503937007
20
0.3747648031496063
11
1.0477675984251968
21
0.374912874015748
0
LINE
8
BLACK
6
CONTINUOUS
10
1.0477675984251968
20
0.374912874015748
11
1.0472049999999999
21
0.3757882677165355
0
LINE
8
BLACK
6
CONTINUOUS
10
1.0472049999999999
20
0.3757882677165355
11
1.0465238582677165
21
0.3765743700787402
0
LINE
8
BLACK
6
CONTINUOUS
10
1.0465238582677165
20
0.3765743700787402
11
1.0464337795275591
21
0.3769883464566929
0
LINE
8
BLACK
6
CONTINUOUS
10
1.0464337795275591
20
0.3769883464566929
11
1.0462804330708662
21
0.377226968503937
0
LINE
8
BLACK
6
CONTINUOUS
10
1.0462804330708662
20
0.377226968503937
11
1.0460826771653544
21
0.3786023622047244
0
LINE
8
BLACK
6
CONTINUOUS
10
1.0460826771653544
20
0.3786023622047244
11
1.0460826771653544
21
0.3851772047244094
0
LINE
8
BLACK
6
CONTINUOUS
10
1.0460826771653544
20
0.3851772047244094
11
1.0468576771653544
21
0.3878165354330709
0
LINE
8
BLACK
6
CONTINUOUS
10
1.0468576771653544
20
0.3878165354330709
11
1.0489365748031496
21
0.3896179133858267
0
LINE
8
BLACK
6
CONTINUOUS
10
1.0489365748031496
20
0.3896179133858267
11
1.0509645669291339
21
0.390059094488189
0
LINE
8
BLACK
6
CONTINUOUS
10
1.0509645669291339
20
0.390059094488189
11
1.0601124409448819
21
0.390059094488189
0
LINE
8
BLACK
6
CONTINUOUS
10
1.0601124409448819
20
0.390059094488189
11
1.0601127559055117
21
0.390059094488189
0
LINE
8
BLACK
6
CONTINUOUS
10
1.0601127559055117
20
0.390059094488189
11
1.060113346456693
21
0.3900591732283464
0
LINE
8
BLACK
6
CONTINUOUS
10
1.060113346456693
20
0.3900591732283464
11
1.060113464566929
21
0.3900591732283464
0
LINE
8
BLACK
6
CONTINUOUS
10
1.060113464566929
20
0.3900591732283464
11
1.0611018503937009
21
0.3901737795275591
0
LINE
8
BLACK
6
CONTINUOUS
10
1.0611018503937009
20
0.3901737795275591
11
1.0611018897637794
21
0.3901738188976378
0
LINE
8
BLACK
6
CONTINUOUS
10
1.0611018897637794
20
0.3901738188976378
11
1.0611020078740157
21
0.3901738188976378
0
LINE
8
BLACK
6
CONTINUOUS
10
1.0611020078740157
20
0.3901738188976378
11
1.0651482283464566
21
0.3919603937007874
0
LINE
8
BLACK
6
CONTINUOUS
10
1.0651482283464566
20
0.3919603937007874
11
1.0682758267716534
21
0.3950879921259842
0
LINE
8
BLACK
6
CONTINUOUS
10
1.0682758267716534
20
0.3950879921259842
11
1.070062401574803
21
0.3991342125984252
0
LINE
8
BLACK
6
CONTINUOUS
10
1.070062401574803
20
0.3991342125984252
11
1.0701771653543306
21
0.4001234251968504
0
LINE
8
BLACK
6
CONTINUOUS
10
1.0701771653543306
20
0.4001234251968504
11
1.0701771259842519
21
0.463656062992126
0
LINE
8
BLACK
6
CONTINUOUS
10
1.0701771259842519
20
0.463656062992126
11
1.0701770472440946
21
0.4636568503937008
0
LINE
8
BLACK
6
CONTINUOUS
10
1.0701770472440946
20
0.4636568503937008
11
1.0700624409448818
21
0.4646451968503937
0
LINE
8
BLACK
6
CONTINUOUS
10
1.0700624409448818
20
0.4646451968503937
11
1.070062401574803
21
0.4646452755905512
0
LINE
8
BLACK
6
CONTINUOUS
10
1.070062401574803
20
0.4646452755905512
11
1.070062401574803
21
0.4646453149606299
0
LINE
8
BLACK
6
CONTINUOUS
10
1.070062401574803
20
0.4646453149606299
11
1.0682758267716534
21
0.4686915354330708
0
LINE
8
BLACK
6
CONTINUOUS
10
1.0682758267716534
20
0.4686915354330708
11
1.0651482283464566
21
0.4718191338582677
0
LINE
8
BLACK
6
CONTINUOUS
10
1.0651482283464566
20
0.4718191338582677
11
1.062195275590551
21
0.4731229921259842
0
LINE
8
BLACK
6
CONTINUOUS
10
1.062195275590551
20
0.4731229921259842
11
1.0611020472440944
21
0.4736057086614173
0
LINE
8
BLACK
6
CONTINUOUS
10
1.0611020472440944
20
0.4736057086614173
11
1.0601129133858267
21
0.4737204724409449
0
LINE
8
BLACK
6
CONTINUOUS
10
1.0601129133858267
20
0.4737204724409449
11
1.0601127952755904
21
0.4737204724409449
0
LINE
8
BLACK
6
CONTINUOUS
10
1.0601127952755904
20
0.4737204724409449
11
1.0509645669291339
21
0.4737204724409449
0
LINE
8
BLACK
6
CONTINUOUS
10
1.0509645669291339
20
0.4737204724409449
11
1.0483252362204725
21
0.4744954724409449
0
LINE
8
BLACK
6
CONTINUOUS
10
1.0483252362204725
20
0.4744954724409449
11
1.0465238582677165
21
0.4765743700787402
0
LINE
8
BLACK
6
CONTINUOUS
10
1.0465238582677165
20
0.4765743700787402
11
1.0460826771653544
21
0.4786023622047244
0
LINE
8
BLACK
6
CONTINUOUS
10
1.0460826771653544
20
0.4786023622047244
11
1.0460826771653544
21
1.1094764960629921
0
LINE
8
BLACK
6
CONTINUOUS
10
1.0460826771653544
20
1.1094764960629921
11
1.0467367322834646
21
1.1119174015748032
0
LINE
8
BLACK
6
CONTINUOUS
10
1.0467367322834646
20
1.1119174015748032
11
1.0491302755905512
21
1.1160632677165354
0
LINE
8
BLACK
6
CONTINUOUS
10
1.0491302755905512
20
1.1160632677165354
11
1.0495896456692912
21
1.1168588976377953
0
LINE
8
BLACK
6
CONTINUOUS
10
1.0495896456692912
20
1.1168588976377953
11
1.0512007874015747
21
1.1228717716535432
0
LINE
8
BLACK
6
CONTINUOUS
10
1.0512007874015747
20
1.1228717716535432
11
1.0512007874015747
21
1.1290967322834646
0
LINE
8
BLACK
6
CONTINUOUS
10
1.0512007874015747
20
1.1290967322834646
11
1.0495896456692912
21
1.1351096062992125
0
LINE
8
BLACK
6
CONTINUOUS
10
1.0495896456692912
20
1.1351096062992125
11
1.0489576771653544
21
1.1362042125984251
0
LINE
8
BLACK
6
CONTINUOUS
10
1.0489576771653544
20
1.1362042125984251
11
1.0464773228346456
21
1.1405003937007874
0
LINE
8
BLACK
6
CONTINUOUS
10
1.0464773228346456
20
1.1405003937007874
11
1.0464770866141733
21
1.1405007086614174
0
LINE
8
BLACK
6
CONTINUOUS
10
1.0464770866141733
20
1.1405007086614174
11
1.0420754724409449
21
1.1449023228346455
0
LINE
8
BLACK
6
CONTINUOUS
10
1.0420754724409449
20
1.1449023228346455
11
1.0420751574803149
21
1.1449025590551181
0
LINE
8
BLACK
6
CONTINUOUS
10
1.0420751574803149
20
1.1449025590551181
11
1.0366846456692913
21
1.1480147244094487
0
LINE
8
BLACK
6
CONTINUOUS
10
1.0366846456692913
20
1.1480147244094487
11
1.0366844881889763
21
1.1480148031496062
0
LINE
8
BLACK
6
CONTINUOUS
10
1.0366844881889763
20
1.1480148031496062
11
1.0366844094488188
21
1.148014842519685
0
LINE
8
BLACK
6
CONTINUOUS
10
1.0366844094488188
20
1.148014842519685
11
1.0306715354330709
21
1.1496259842519685
0
LINE
8
BLACK
6
CONTINUOUS
10
1.0306715354330709
20
1.1496259842519685
11
1.0244465748031495
21
1.1496259842519685
0
LINE
8
BLACK
6
CONTINUOUS
10
1.0244465748031495
20
1.1496259842519685
11
1.0184337007874016
21
1.148014842519685
0
LINE
8
BLACK
6
CONTINUOUS
10
1.0184337007874016
20
1.148014842519685
11
1.0184334251968503
21
1.1480147244094487
0
LINE
8
BLACK
6
CONTINUOUS
10
1.0184334251968503
20
1.1480147244094487
11
1.0130429133858267
21
1.1449025590551181
0
LINE
8
BLACK
6
CONTINUOUS
10
1.0130429133858267
20
1.1449025590551181
11
1.0130425984251967
21
1.1449023228346455
0
LINE
8
BLACK
6
CONTINUOUS
10
1.0130425984251967
20
1.1449023228346455
11
1.0086409842519686
21
1.1405007086614174
0
LINE
8
BLACK
6
CONTINUOUS
10
1.0086409842519686
20
1.1405007086614174
11
1.0086407480314961
21
1.1405003937007874
0
LINE
8
BLACK
6
CONTINUOUS
10
1.0086407480314961
20
1.1405003937007874
11
1.0055285826771654
21
1.1351098818897638
0
LINE
8
BLACK
6
CONTINUOUS
10
1.0055285826771654
20
1.1351098818897638
11
1.0055284645669291
21
1.1351096062992125
0
LINE
8
BLACK
6
CONTINUOUS
10
1.0055284645669291
20
1.1351096062992125
11
1.0039173228346456
21
1.1290967322834646
0
LINE
8
BLACK
6
CONTINUOUS
10
1.0039173228346456
20
1.1290967322834646
11
1.0039173228346456
21
1.1228717716535432
0
LINE
8
BLACK
6
CONTINUOUS
10
1.0039173228346456
20
1.1228717716535432
11
1.0046521653543308
21
1.1201294094488188
0
LINE
8
BLACK
6
CONTINUOUS
10
1.0046521653543308
20
1.1201294094488188
11
1.0055284645669291
21
1.1168589370078741
0
LINE
8
BLACK
6
CONTINUOUS
10
1.0055284645669291
20
1.1168589370078741
11
1.0055285826771654
21
1.1168586614173228
0
LINE
8
BLACK
6
CONTINUOUS
10
1.0055285826771654
20
1.1168586614173228
11
1.0086407480314961
21
1.1114681496062992
0
LINE
8
BLACK
6
CONTINUOUS
10
1.0086407480314961
20
1.1114681496062992
11
1.0086409842519686
21
1.1114678346456692
0
LINE
8
BLACK
6
CONTINUOUS
10
1.0086409842519686
20
1.1114678346456692
11
1.0091803543307087
21
1.1109284645669291
0
LINE
8
BLACK
6
CONTINUOUS
10
1.0091803543307087
20
1.1109284645669291
11
1.0104986614173228
21
1.1085141732283463
0
LINE
8
BLACK
6
CONTINUOUS
10
1.0104986614173228
20
1.1085141732283463
11
1.0106102362204725
21
1.1074764566929134
0
LINE
8
BLACK
6
CONTINUOUS
10
1.0106102362204725
20
1.1074764566929134
11
1.0106102362204725
21
0.4786023622047244
0
LINE
8
BLACK
6
CONTINUOUS
10
1.0106102362204725
20
0.4786023622047244
11
1.0098352362204723
21
0.475963031496063
0
LINE
8
BLACK
6
CONTINUOUS
10
1.0098352362204723
20
0.475963031496063
11
1.0077563385826771
21
0.4741616535433071
0
LINE
8
BLACK
6
CONTINUOUS
10
1.0077563385826771
20
0.4741616535433071
11
1.0057283858267716
21
0.4737204724409449
0
LINE
8
BLACK
6
CONTINUOUS
10
1.0057283858267716
20
0.4737204724409449
11
0.9965804330708661
21
0.4737204724409449
0
LINE
8
BLACK
6
CONTINUOUS
10
0.9965804330708661
20
0.4737204724409449
11
0.9965794094488188
21
0.4737203937007874
0
LINE
8
BLACK
6
CONTINUOUS
10
0.9965794094488188
20
0.4737203937007874
11
0.9955910236220472
21
0.4736057874015748
0
LINE
8
BLACK
6
CONTINUOUS
10
0.9955910236220472
20
0.4736057874015748
11
0.9955908661417323
21
0.4736057086614173
0
LINE
8
BLACK
6
CONTINUOUS
10
0.9955908661417323
20
0.4736057086614173
11
0.9915446850393701
21
0.4718191732283464
0
LINE
8
BLACK
6
CONTINUOUS
10
0.9915446850393701
20
0.4718191732283464
11
0.9884170866141732
21
0.4686915748031496
0
LINE
8
BLACK
6
CONTINUOUS
10
0.9884170866141732
20
0.4686915748031496
11
0.9866305118110236
21
0.4646454330708661
0
LINE
8
BLACK
6
CONTINUOUS
10
0.9866305118110236
20
0.4646454330708661
11
0.9866305118110236
21
0.4646453543307086
0
LINE
8
BLACK
6
CONTINUOUS
10
0.9866305118110236
20
0.4646453543307086
11
0.986515748031496
21
0.4636562598425197
0
LINE
8
BLACK
6
CONTINUOUS
10
0.986515748031496
20
0.4636562598425197
11
0.986515748031496
21
0.4001237795275591
0
LINE
8
BLACK
6
CONTINUOUS
10
0.7795078740157481
20
1.8394072440944882
11
0.7811190157480314
21
1.8333943700787401
0
LINE
8
BLACK
6
CONTINUOUS
10
0.7811190157480314
20
1.8333943700787401
11
0.7811191338582677
21
1.833394094488189
0
LINE
8
BLACK
6
CONTINUOUS
10
0.7811191338582677
20
1.833394094488189
11
0.7842312992125984
21
1.8280035826771652
0
LINE
8
BLACK
6
CONTINUOUS
10
0.7842312992125984
20
1.8280035826771652
11
0.7842314566929134
21
1.8280033858267717
0
LINE
8
BLACK
6
CONTINUOUS
10
0.7842314566929134
20
1.8280033858267717
11
0.7842314960629921
21
1.8280033070866142
0
LINE
8
BLACK
6
CONTINUOUS
10
0.7842314960629921
20
1.8280033070866142
11
0.7886332283464567
21
1.8236015748031495
0
LINE
8
BLACK
6
CONTINUOUS
10
0.7886332283464567
20
1.8236015748031495
11
0.7886333070866142
21
1.8236015354330708
0
LINE
8
BLACK
6
CONTINUOUS
10
0.7886333070866142
20
1.8236015354330708
11
0.7886334645669291
21
1.8236014173228345
0
LINE
8
BLACK
6
CONTINUOUS
10
0.7886334645669291
20
1.8236014173228345
11
0.7940239763779527
21
1.8204892125984251
0
LINE
8
BLACK
6
CONTINUOUS
10
0.7940239763779527
20
1.8204892125984251
11
0.794024094488189
21
1.8204892125984251
0
LINE
8
BLACK
6
CONTINUOUS
10
0.794024094488189
20
1.8204892125984251
11
0.7940242519685039
21
1.8204890944881889
0
LINE
8
BLACK
6
CONTINUOUS
10
0.7940242519685039
20
1.8204890944881889
11
0.7983677559055118
21
1.8193252755905511
0
LINE
8
BLACK
6
CONTINUOUS
10
0.7983677559055118
20
1.8193252755905511
11
0.8005562204724409
21
1.8180617716535432
0
LINE
8
BLACK
6
CONTINUOUS
10
0.8005562204724409
20
1.8180617716535432
11
0.8150085039370079
21
1.8036094881889764
0
LINE
8
BLACK
6
CONTINUOUS
10
0.8150085039370079
20
1.8036094881889764
11
0.816326811023622
21
1.8011951968503936
0
LINE
8
BLACK
6
CONTINUOUS
10
0.816326811023622
20
1.8011951968503936
11
0.8161305905511811
21
1.7984514173228345
0
LINE
8
BLACK
6
CONTINUOUS
10
0.8161305905511811
20
1.7984514173228345
11
0.8144820866141732
21
1.7962493307086613
0
LINE
8
BLACK
6
CONTINUOUS
10
0.8144820866141732
20
1.7962493307086613
11
0.8136587795275591
21
1.7959422834645669
0
LINE
8
BLACK
6
CONTINUOUS
10
0.8136587795275591
20
1.7959422834645669
11
0.812992125984252
21
1.795275590551181
0
LINE
8
BLACK
6
CONTINUOUS
10
0.812992125984252
20
1.795275590551181
11
0.812992125984252
21
1.7834645669291338
0
LINE
8
BLACK
6
CONTINUOUS
10
0.812992125984252
20
1.7834645669291338
11
0.8159448818897638
21
1.7834645669291338
0
LINE
8
BLACK
6
CONTINUOUS
10
0.8159448818897638
20
1.7834645669291338
11
0.8159448818897638
21
1.7726377952755905
0
LINE
8
BLACK
6
CONTINUOUS
10
0.8159448818897638
20
1.7726377952755905
11
0.8277558661417322
21
1.7726377952755905
0
LINE
8
BLACK
6
CONTINUOUS
10
0.8277558661417322
20
1.7726377952755905
11
0.8277558661417322
21
1.7790762204724409
0
LINE
8
BLACK
6
CONTINUOUS
10
0.8277558661417322
20
1.7790762204724409
11
0.8285308661417322
21
1.7817155511811023
0
LINE
8
BLACK
6
CONTINUOUS
10
0.8285308661417322
20
1.7817155511811023
11
0.8306097637795276
21
1.7835169291338582
0
LINE
8
BLACK
6
CONTINUOUS
10
0.8306097637795276
20
1.7835169291338582
11
0.8333325196850393
21
1.7839084251968504
0
LINE
8
BLACK
6
CONTINUOUS
10
0.8333325196850393
20
1.7839084251968504
11
0.8358347244094488
21
1.7827657086614173
0
LINE
8
BLACK
6
CONTINUOUS
10
0.8358347244094488
20
1.7827657086614173
11
0.8360897637795276
21
1.7825282283464567
0
LINE
8
BLACK
6
CONTINUOUS
10
0.8360897637795276
20
1.7825282283464567
11
1.0895033858267715
21
1.5291146062992125
0
LINE
8
BLACK
6
CONTINUOUS
10
1.0895033858267715
20
1.5291146062992125
11
1.0900644094488188
21
1.5287907086614172
0
LINE
8
BLACK
6
CONTINUOUS
10
1.0900644094488188
20
1.5287907086614172
11
1.0900643700787402
21
1.5287907086614172
0
LINE
8
BLACK
6
CONTINUOUS
10
1.0900643700787402
20
1.5287907086614172
11
1.0900644881889763
21
1.5287906692913384
0
LINE
8
BLACK
6
CONTINUOUS
10
1.0900644881889763
20
1.5287906692913384
11
1.093547559055118
21
1.52677968503937
0
LINE
8
BLACK
6
CONTINUOUS
10
1.093547559055118
20
1.52677968503937
11
1.0935475984251968
21
1.5267796456692913
0
LINE
8
BLACK
6
CONTINUOUS
10
1.0935475984251968
20
1.5267796456692913
11
1.0935476771653543
21
1.5267796456692913
0
LINE
8
BLACK
6
CONTINUOUS
10
1.0935476771653543
20
1.5267796456692913
11
1.0935477952755905
21
1.5267795669291337
0
LINE
8
BLACK
6
CONTINUOUS
10
1.0935477952755905
20
1.5267795669291337
11
1.0980587007874016
21
1.5255708661417322
0
LINE
8
BLACK
6
CONTINUOUS
10
1.0980587007874016
20
1.5255708661417322
11
1.1057283464566929
21
1.5255708661417322
0
LINE
8
BLACK
6
CONTINUOUS
10
1.1057283464566929
20
1.5255708661417322
11
1.1083676771653543
21
1.5247958661417322
0
LINE
8
BLACK
6
CONTINUOUS
10
1.1083676771653543
20
1.5247958661417322
11
1.1101690551181103
21
1.522716968503937
0
LINE
8
BLACK
6
CONTINUOUS
10
1.1101690551181103
20
1.522716968503937
11
1.1106102362204724
21
1.5206889763779528
0
LINE
8
BLACK
6
CONTINUOUS
10
1.1106102362204724
20
1.5206889763779528
11
1.1106102362204724
21
0.4786023622047244
0
LINE
8
BLACK
6
CONTINUOUS
10
1.1106102362204724
20
0.4786023622047244
11
1.1098352362204724
21
0.475963031496063
0
LINE
8
BLACK
6
CONTINUOUS
10
1.1098352362204724
20
0.475963031496063
11
1.1077563385826772
21
0.4741616535433071
0
LINE
8
BLACK
6
CONTINUOUS
10
1.1077563385826772
20
0.4741616535433071
11
1.1057283858267717
21
0.4737204724409449
0
LINE
8
BLACK
6
CONTINUOUS
10
1.1057283858267717
20
0.4737204724409449
11
1.0965804330708662
21
0.4737204724409449
0
LINE
8
BLACK
6
CONTINUOUS
10
1.0965804330708662
20
0.4737204724409449
11
1.0965794094488188
21
0.4737203937007874
0
LINE
8
BLACK
6
CONTINUOUS
10
1.0965794094488188
20
0.4737203937007874
11
1.0955910236220472
21
0.4736057874015748
0
LINE
8
BLACK
6
CONTINUOUS
10
1.0955910236220472
20
0.4736057874015748
11
1.0955908661417322
21
0.4736057086614173
0
LINE
8
BLACK
6
CONTINUOUS
10
1.0955908661417322
20
0.4736057086614173
11
1.09154468503937
21
0.4718191732283464
0
LINE
8
BLACK
6
CONTINUOUS
10
1.09154468503937
20
0.4718191732283464
11
1.0884170866141731
21
0.4686915748031496
0
LINE
8
BLACK
6
CONTINUOUS
10
1.0884170866141731
20
0.4686915748031496
11
1.0866305118110235
21
0.4646454330708661
0
LINE
8
BLACK
6
CONTINUOUS
10
1.0866305118110235
20
0.4646454330708661
11
1.0866305118110235
21
0.4646453543307086
0
LINE
8
BLACK
6
CONTINUOUS
10
1.0866305118110235
20
0.4646453543307086
11
1.086515748031496
21
0.4636562598425197
0
LINE
8
BLACK
6
CONTINUOUS
10
1.086515748031496
20
0.4636562598425197
11
1.086515748031496
21
0.4001237795275591
0
LINE
8
BLACK
6
CONTINUOUS
10
1.086515748031496
20
0.4001237795275591
11
1.0865158267716535
21
0.4001227559055118
0
LINE
8
BLACK
6
CONTINUOUS
10
1.0865158267716535
20
0.4001227559055118
11
1.086630433070866
21
0.3991343700787401
0
LINE
8
BLACK
6
CONTINUOUS
10
1.086630433070866
20
0.3991343700787401
11
1.0866305118110235
21
0.3991342125984252
0
LINE
8
BLACK
6
CONTINUOUS
10
1.0866305118110235
20
0.3991342125984252
11
1.0884170472440944
21
0.395088031496063
0
LINE
8
BLACK
6
CONTINUOUS
10
1.0884170472440944
20
0.395088031496063
11
1.0884170866141731
21
0.3950879921259842
0
LINE
8
BLACK
6
CONTINUOUS
10
1.0884170866141731
20
0.3950879921259842
11
1.09154468503937
21
0.3919603937007874
0
LINE
8
BLACK
6
CONTINUOUS
10
1.09154468503937
20
0.3919603937007874
11
1.0955909055118109
21
0.3901738188976378
0
LINE
8
BLACK
6
CONTINUOUS
10
1.0955909055118109
20
0.3901738188976378
11
1.0965801181102361
21
0.3900590551181102
0
LINE
8
BLACK
6
CONTINUOUS
10
1.0965801181102361
20
0.3900590551181102
11
1.1057283464566929
21
0.390059094488189
0
LINE
8
BLACK
6
CONTINUOUS
10
1.1057283464566929
20
0.390059094488189
11
1.1060702755905512
21
0.3899587007874016
0
LINE
8
BLACK
6
CONTINUOUS
10
1.1060702755905512
20
0.3899587007874016
11
1.1064231102362205
21
0.3900094094488189
0
LINE
8
BLACK
6
CONTINUOUS
10
1.1064231102362205
20
0.3900094094488189
11
1.1073694488188977
21
0.3895772440944882
0
LINE
8
BLACK
6
CONTINUOUS
10
1.1073694488188977
20
0.3895772440944882
11
1.1083676771653543
21
0.3892841338582677
0
LINE
8
BLACK
6
CONTINUOUS
10
1.1083676771653543
20
0.3892841338582677
11
1.1086010629921259
21
0.3890147637795275
0
LINE
8
BLACK
6
CONTINUOUS
10
1.1086010629921259
20
0.3890147637795275
11
1.10892531496063
21
0.3888666929133858
0
LINE
8
BLACK
6
CONTINUOUS
10
1.10892531496063
20
0.3888666929133858
11
1.1094877559055119
21
0.3879914566929134
0
LINE
8
BLACK
6
CONTINUOUS
10
1.1094877559055119
20
0.3879914566929134
11
1.1101690551181103
21
0.3872052362204724
0
LINE
8
BLACK
6
CONTINUOUS
10
1.1101690551181103
20
0.3872052362204724
11
1.1102590944881889
21
0.3867912598425197
0
LINE
8
BLACK
6
CONTINUOUS
10
1.1102590944881889
20
0.3867912598425197
11
1.1104124803149606
21
0.3865525984251968
0
LINE
8
BLACK
6
CONTINUOUS
10
1.1104124803149606
20
0.3865525984251968
11
1.1106102362204724
21
0.3851772047244094
0
LINE
8
BLACK
6
CONTINUOUS
10
1.1106102362204724
20
0.3851772047244094
11
1.1106102362204724
21
0.3786023622047244
0
LINE
8
BLACK
6
CONTINUOUS
10
1.1106102362204724
20
0.3786023622047244
11
1.1098352362204724
21
0.375963031496063
0
LINE
8
BLACK
6
CONTINUOUS
10
1.1098352362204724
20
0.375963031496063
11
1.1077563385826772
21
0.3741616535433071
0
LINE
8
BLACK
6
CONTINUOUS
10
1.1077563385826772
20
0.3741616535433071
11
1.1057283858267717
21
0.3737204724409449
0
LINE
8
BLACK
6
CONTINUOUS
10
1.1057283858267717
20
0.3737204724409449
11
1.0965804330708662
21
0.3737204724409449
0
LINE
8
BLACK
6
CONTINUOUS
10
1.0965804330708662
20
0.3737204724409449
11
1.0965794094488188
21
0.3737203937007874
0
LINE
8
BLACK
6
CONTINUOUS
10
1.0965794094488188
20
0.3737203937007874
11
1.0955910236220472
21
0.3736057874015748
0
LINE
8
BLACK
6
CONTINUOUS
10
1.0955910236220472
20
0.3736057874015748
11
1.0955908661417322
21
0.3736057086614173
0
LINE
8
BLACK
6
CONTINUOUS
10
1.0955908661417322
20
0.3736057086614173
11
1.09154468503937
21
0.3718191732283465
0
LINE
8
BLACK
6
CONTINUOUS
10
1.09154468503937
20
0.3718191732283465
11
1.0884170866141731
21
0.3686915748031496
0
LINE
8
BLACK
6
CONTINUOUS
10
1.0884170866141731
20
0.3686915748031496
11
1.0866305118110235
21
0.3646454330708661
0
LINE
8
BLACK
6
CONTINUOUS
10
1.0866305118110235
20
0.3646454330708661
11
1.0866305118110235
21
0.3646453543307087
0
LINE
8
BLACK
6
CONTINUOUS
10
1.0866305118110235
20
0.3646453543307087
11
1.086515748031496
21
0.3636562598425197
0
LINE
8
BLACK
6
CONTINUOUS
10
1.086515748031496
20
0.3636562598425197
11
1.086515748031496
21
0.300123779527559
0
LINE
8
BLACK
6
CONTINUOUS
10
1.086515748031496
20
0.300123779527559
11
1.0865158267716535
21
0.3001227559055118
0
LINE
8
BLACK
6
CONTINUOUS
10
1.0865158267716535
20
0.3001227559055118
11
1.086630433070866
21
0.2991343700787402
0
LINE
8
BLACK
6
CONTINUOUS
10
1.086630433070866
20
0.2991343700787402
11
1.0866305118110235
21
0.2991342125984252
0
LINE
8
BLACK
6
CONTINUOUS
10
1.0866305118110235
20
0.2991342125984252
11
1.0884170472440944
21
0.295088031496063
0
LINE
8
BLACK
6
CONTINUOUS
10
1.0884170472440944
20
0.295088031496063
11
1.0884170866141731
21
0.2950879921259842
0
LINE
8
BLACK
6
CONTINUOUS
10
1.0884170866141731
20
0.2950879921259842
11
1.09154468503937
21
0.2919603937007874
0
LINE
8
BLACK
6
CONTINUOUS
10
1.09154468503937
20
0.2919603937007874
11
1.0955909055118109
21
0.2901738188976378
0
LINE
8
BLACK
6
CONTINUOUS
10
1.0955909055118109
20
0.2901738188976378
11
1.0965801181102361
21
0.2900590551181103
0
LINE
8
BLACK
6
CONTINUOUS
10
1.0965801181102361
20
0.2900590551181103
11
1.1601127559055118
21
0.290059094488189
0
LINE
8
BLACK
6
CONTINUOUS
10
1.1601127559055118
20
0.290059094488189
11
1.1601133464566928
21
0.2900591732283465
0
LINE
8
BLACK
6
CONTINUOUS
10
1.1601133464566928
20
0.2900591732283465
11
1.1601134645669291
21
0.2900591732283465
0
LINE
8
BLACK
6
CONTINUOUS
10
1.1601134645669291
20
0.2900591732283465
11
1.1611018503937007
21
0.2901737795275591
0
LINE
8
BLACK
6
CONTINUOUS
10
1.1611018503937007
20
0.2901737795275591
11
1.1611018897637795
21
0.2901738188976378
0
LINE
8
BLACK
6
CONTINUOUS
10
1.1611018897637795
20
0.2901738188976378
11
1.1611020078740157
21
0.2901738188976378
0
LINE
8
BLACK
6
CONTINUOUS
10
1.1611020078740157
20
0.2901738188976378
11
1.1651482283464567
21
0.2919603937007874
0
LINE
8
BLACK
6
CONTINUOUS
10
1.1651482283464567
20
0.2919603937007874
11
1.1682758267716535
21
0.2950879921259842
0
LINE
8
BLACK
6
CONTINUOUS
10
1.1682758267716535
20
0.2950879921259842
11
1.1700624015748031
21
0.2991342125984252
0
LINE
8
BLACK
6
CONTINUOUS
10
1.1700624015748031
20
0.2991342125984252
11
1.1701771653543307
21
0.3001234251968504
0
LINE
8
BLACK
6
CONTINUOUS
10
1.1701771653543307
20
0.3001234251968504
11
1.1701771259842519
21
0.363656062992126
0
LINE
8
BLACK
6
CONTINUOUS
10
1.1701771259842519
20
0.363656062992126
11
1.1701770472440944
21
0.363656811023622
0
LINE
8
BLACK
6
CONTINUOUS
10
1.1701770472440944
20
0.363656811023622
11
1.1700624409448819
21
0.3646451968503937
0
LINE
8
BLACK
6
CONTINUOUS
10
1.1700624409448819
20
0.3646451968503937
11
1.1700624015748031
21
0.3646452755905512
0
LINE
8
BLACK
6
CONTINUOUS
10
1.1700624015748031
20
0.3646452755905512
11
1.1700624015748031
21
0.3646453149606299
0
LINE
8
BLACK
6
CONTINUOUS
10
1.1700624015748031
20
0.3646453149606299
11
1.1682758267716535
21
0.3686915354330709
0
LINE
8
BLACK
6
CONTINUOUS
10
1.1682758267716535
20
0.3686915354330709
11
1.1651482283464567
21
0.3718191338582677
0
LINE
8
BLACK
6
CONTINUOUS
10
1.1651482283464567
20
0.3718191338582677
11
1.1651481496062992
21
0.3718191732283465
0
LINE
8
BLACK
6
CONTINUOUS
10
1.1651481496062992
20
0.3718191732283465
11
1.1611020472440945
21
0.3736057086614173
0
LINE
8
BLACK
6
CONTINUOUS
10
1.1611020472440945
20
0.3736057086614173
11
1.1601129133858268
21
0.3737204724409449
0
LINE
8
BLACK
6
CONTINUOUS
10
1.1601129133858268
20
0.3737204724409449
11
1.1601127952755905
21
0.3737204724409449
0
LINE
8
BLACK
6
CONTINUOUS
10
1.1601127952755905
20
0.3737204724409449
11
1.1509645669291337
21
0.3737204724409449
0
LINE
8
BLACK
6
CONTINUOUS
10
1.1509645669291337
20
0.3737204724409449
11
1.1506225984251968
21
0.373820905511811
0
LINE
8
BLACK
6
CONTINUOUS
10
1.1506225984251968
20
0.373820905511811
11
1.1502698031496064
21
0.3737701574803149
0
LINE
8
BLACK
6
CONTINUOUS
10
1.1502698031496064
20
0.3737701574803149
11
1.1493233070866142
21
0.3742024015748032
0
LINE
8
BLACK
6
CONTINUOUS
10
1.1493233070866142
20
0.3742024015748032
11
1.1483252362204723
21
0.3744954724409449
0
LINE
8
BLACK
6
CONTINUOUS
10
1.1483252362204723
20
0.3744954724409449
11
1.1480918503937008
21
0.3747648031496063
0
LINE
8
BLACK
6
CONTINUOUS
10
1.1480918503937008
20
0.3747648031496063
11
1.1477675984251969
21
0.374912874015748
0
LINE
8
BLACK
6
CONTINUOUS
10
1.1477675984251969
20
0.374912874015748
11
1.147205
21
0.3757882677165355
0
LINE
8
BLACK
6
CONTINUOUS
10
1.147205
20
0.3757882677165355
11
1.1465238582677164
21
0.3765743700787402
0
LINE
8
BLACK
6
CONTINUOUS
10
1.1465238582677164
20
0.3765743700787402
11
1.146433779527559
21
0.3769883464566929
0
LINE
8
BLACK
6
CONTINUOUS
10
1.146433779527559
20
0.3769883464566929
11
1.146280433070866
21
0.377226968503937
0
LINE
8
BLACK
6
CONTINUOUS
10
1.146280433070866
20
0.377226968503937
11
1.1460826771653543
21
0.3786023622047244
0
LINE
8
BLACK
6
CONTINUOUS
10
1.1460826771653543
20
0.3786023622047244
11
1.1460826771653543
21
0.3851772047244094
0
LINE
8
BLACK
6
CONTINUOUS
10
1.1460826771653543
20
0.3851772047244094
11
1.1468576771653543
21
0.3878165354330709
0
LINE
8
BLACK
6
CONTINUOUS
10
1.1468576771653543
20
0.3878165354330709
11
1.1489365748031495
21
0.3896179133858267
0
LINE
8
BLACK
6
CONTINUOUS
10
1.1489365748031495
20
0.3896179133858267
11
1.1509645669291337
21
0.390059094488189
0
LINE
8
BLACK
6
CONTINUOUS
10
1.1509645669291337
20
0.390059094488189
11
1.160112440944882
21
0.390059094488189
0
LINE
8
BLACK
6
CONTINUOUS
10
1.160112440944882
20
0.390059094488189
11
1.1601127559055118
21
0.390059094488189
0
LINE
8
BLACK
6
CONTINUOUS
10
1.1601127559055118
20
0.390059094488189
11
1.1601133464566928
21
0.3900591732283464
0
LINE
8
BLACK
6
CONTINUOUS
10
1.1601133464566928
20
0.3900591732283464
11
1.1601134645669291
21
0.3900591732283464
0
LINE
8
BLACK
6
CONTINUOUS
10
1.1601134645669291
20
0.3900591732283464
11
1.1611018503937007
21
0.3901737795275591
0
LINE
8
BLACK
6
CONTINUOUS
10
1.1611018503937007
20
0.3901737795275591
11
1.1611018897637795
21
0.3901738188976378
0
LINE
8
BLACK
6
CONTINUOUS
10
1.1611018897637795
20
0.3901738188976378
11
1.1611020078740157
21
0.3901738188976378
0
LINE
8
BLACK
6
CONTINUOUS
10
1.1611020078740157
20
0.3901738188976378
11
1.1651482283464567
21
0.3919603937007874
0
LINE
8
BLACK
6
CONTINUOUS
10
1.1651482283464567
20
0.3919603937007874
11
1.1682758267716535
21
0.3950879921259842
0
LINE
8
BLACK
6
CONTINUOUS
10
1.1682758267716535
20
0.3950879921259842
11
1.1700624015748031
21
0.3991342125984252
0
LINE
8
BLACK
6
CONTINUOUS
10
1.1700624015748031
20
0.3991342125984252
11
1.1701771653543307
21
0.4001234251968504
0
LINE
8
BLACK
6
CONTINUOUS
10
1.1701771653543307
20
0.4001234251968504
11
1.1701771259842519
21
0.463656062992126
0
LINE
8
BLACK
6
CONTINUOUS
10
1.1701771259842519
20
0.463656062992126
11
1.1701771259842519
21
0.4636561417322835
0
LINE
8
BLACK
6
CONTINUOUS
10
1.1701771259842519
20
0.4636561417322835
11
1.1701771259842519
21
0.4636562598425197
0
LINE
8
BLACK
6
CONTINUOUS
10
1.1701771259842519
20
0.4636562598425197
11
1.1701771259842519
21
0.4636562992125984
0
LINE
8
BLACK
6
CONTINUOUS
10
1.1701771259842519
20
0.4636562992125984
11
1.1700624409448819
21
0.4646451968503937
0
LINE
8
BLACK
6
CONTINUOUS
10
1.1700624409448819
20
0.4646451968503937
11
1.1700624015748031
21
0.4646452755905512
0
LINE
8
BLACK
6
CONTINUOUS
10
1.1700624015748031
20
0.4646452755905512
11
1.1700624015748031
21
0.4646453149606299
0
LINE
8
BLACK
6
CONTINUOUS
10
1.1700624015748031
20
0.4646453149606299
11
1.1682758267716535
21
0.4686915354330708
0
LINE
8
BLACK
6
CONTINUOUS
10
1.1682758267716535
20
0.4686915354330708
11
1.1651482283464567
21
0.4718191338582677
0
LINE
8
BLACK
6
CONTINUOUS
10
1.1651482283464567
20
0.4718191338582677
11
1.1621952755905511
21
0.4731229921259842
0
LINE
8
BLACK
6
CONTINUOUS
10
1.1621952755905511
20
0.4731229921259842
11
1.1611020472440945
21
0.4736057086614173
0
LINE
8
BLACK
6
CONTINUOUS
10
1.1611020472440945
20
0.4736057086614173
11
1.1601129133858268
21
0.4737204724409449
0
LINE
8
BLACK
6
CONTINUOUS
10
1.1601129133858268
20
0.4737204724409449
11
1.1601127952755905
21
0.4737204724409449
0
LINE
8
BLACK
6
CONTINUOUS
10
1.1601127952755905
20
0.4737204724409449
11
1.1509645669291337
21
0.4737204724409449
0
LINE
8
BLACK
6
CONTINUOUS
10
1.1509645669291337
20
0.4737204724409449
11
1.1483252362204723
21
0.4744954724409449
0
LINE
8
BLACK
6
CONTINUOUS
10
1.1483252362204723
20
0.4744954724409449
11
1.1465238582677164
21
0.4765743700787402
0
LINE
8
BLACK
6
CONTINUOUS
10
1.1465238582677164
20
0.4765743700787402
11
1.1460826771653543
21
0.4786023622047244
0
LINE
8
BLACK
6
CONTINUOUS
10
1.1460826771653543
20
0.4786023622047244
11
1.1460826771653543
21
1.5206889763779528
0
LINE
8
BLACK
6
CONTINUOUS
10
1.1460826771653543
20
1.5206889763779528
11
1.1468576771653543
21
1.5233283070866142
0
LINE
8
BLACK
6
CONTINUOUS
10
1.1468576771653543
20
1.5233283070866142
11
1.1489365748031495
21
1.5251296850393701
0
LINE
8
BLACK
6
CONTINUOUS
10
1.1489365748031495
20
1.5251296850393701
11
1.1509645669291337
21
1.5255708661417322
0
LINE
8
BLACK
6
CONTINUOUS
10
1.1509645669291337
20
1.5255708661417322
11
1.2106326377952756
21
1.5255708661417322
0
LINE
8
BLACK
6
CONTINUOUS
10
1.2106326377952756
20
1.5255708661417322
11
1.213271968503937
21
1.5247958661417322
0
LINE
8
BLACK
6
CONTINUOUS
10
1.213271968503937
20
1.5247958661417322
11
1.2136046062992125
21
1.5245620078740156
0
LINE
8
BLACK
6
CONTINUOUS
10
1.2136046062992125
20
1.5245620078740156
11
1.2138299606299212
21
1.524389094488189
0
LINE
8
BLACK
6
CONTINUOUS
10
1.2138299606299212
20
1.524389094488189
11
1.2138300787401575
21
1.5243889763779528
0
LINE
8
BLACK
6
CONTINUOUS
10
1.2138300787401575
20
1.5243889763779528
11
1.2138301968503937
21
1.524388937007874
0
LINE
8
BLACK
6
CONTINUOUS
10
1.2138301968503937
20
1.524388937007874
11
1.21383031496063
21
1.5243888188976378
0
LINE
8
BLACK
6
CONTINUOUS
10
1.21383031496063
20
1.5243888188976378
11
1.2167261023622047
21
1.522716968503937
0
LINE
8
BLACK
6
CONTINUOUS
10
1.2167261023622047
20
1.522716968503937
11
1.2192211023622046
21
1.5212764960629921
0
LINE
8
BLACK
6
CONTINUOUS
10
1.2192211023622046
20
1.5212764960629921
11
1.2252339763779527
21
1.5196653543307086
0
LINE
8
BLACK
6
CONTINUOUS
10
1.2252339763779527
20
1.5196653543307086
11
1.2252340551181102
21
1.5196653543307086
0
LINE
8
BLACK
6
CONTINUOUS
10
1.2252340551181102
20
1.5196653543307086
11
1.2314588582677166
21
1.5196653543307086
0
LINE
8
BLACK
6
CONTINUOUS
10
1.2314588582677166
20
1.5196653543307086
11
1.2314589370078739
21
1.5196653543307086
0
LINE
8
BLACK
6
CONTINUOUS
10
1.2314589370078739
20
1.5196653543307086
11
1.237471811023622
21
1.5212764960629921
0
LINE
8
BLACK
6
CONTINUOUS
10
1.237471811023622
20
1.5212764960629921
11
1.2428628346456692
21
1.5243889763779528
0
LINE
8
BLACK
6
CONTINUOUS
10
1.2428628346456692
20
1.5243889763779528
11
1.2472645669291338
21
1.5287907086614172
0
LINE
8
BLACK
6
CONTINUOUS
10
1.2472645669291338
20
1.5287907086614172
11
1.2503770472440945
21
1.5341817322834645
0
LINE
8
BLACK
6
CONTINUOUS
10
1.2503770472440945
20
1.5341817322834645
11
1.251988188976378
21
1.5401946062992125
0
LINE
8
BLACK
6
CONTINUOUS
10
1.251988188976378
20
1.5401946062992125
11
1.251988188976378
21
1.5464195669291338
0
LINE
8
BLACK
6
CONTINUOUS
10
1.251988188976378
20
1.5464195669291338
11
1.2503770472440945
21
1.5524324409448818
0
LINE
8
BLACK
6
CONTINUOUS
10
1.2503770472440945
20
1.5524324409448818
11
1.2503768897637795
21
1.552432716535433
0
LINE
8
BLACK
6
CONTINUOUS
10
1.2503768897637795
20
1.552432716535433
11
1.2472647244094488
21
1.5578232283464566
0
LINE
8
BLACK
6
CONTINUOUS
10
1.2472647244094488
20
1.5578232283464566
11
1.2472644881889763
21
1.5578235433070866
0
LINE
8
BLACK
6
CONTINUOUS
10
1.2472644881889763
20
1.5578235433070866
11
1.2428628740157479
21
1.562225157480315
0
LINE
8
BLACK
6
CONTINUOUS
10
1.2428628740157479
20
1.562225157480315
11
1.2428625590551181
21
1.5622253937007873
0
LINE
8
BLACK
6
CONTINUOUS
10
1.2428625590551181
20
1.5622253937007873
11
1.2374720472440945
21
1.5653375590551182
0
LINE
8
BLACK
6
CONTINUOUS
10
1.2374720472440945
20
1.5653375590551182
11
1.2374718897637795
21
1.5653376377952755
0
LINE
8
BLACK
6
CONTINUOUS
10
1.2374718897637795
20
1.5653376377952755
11
1.237471811023622
21
1.5653376771653542
0
LINE
8
BLACK
6
CONTINUOUS
10
1.237471811023622
20
1.5653376771653542
11
1.2314589370078739
21
1.5669488188976377
0
LINE
8
BLACK
6
CONTINUOUS
10
1.2314589370078739
20
1.5669488188976377
11
1.2252339763779527
21
1.5669488188976377
0
LINE
8
BLACK
6
CONTINUOUS
10
1.2252339763779527
20
1.5669488188976377
11
1.2192211023622046
21
1.5653376771653542
0
LINE
8
BLACK
6
CONTINUOUS
10
1.2192211023622046
20
1.5653376771653542
11
1.2192208267716536
21
1.5653375590551182
0
LINE
8
BLACK
6
CONTINUOUS
10
1.2192208267716536
20
1.5653375590551182
11
1.21383031496063
21
1.5622253937007873
0
LINE
8
BLACK
6
CONTINUOUS
10
1.21383031496063
20
1.5622253937007873
11
1.2136046062992125
21
1.5620521653543307
0
LINE
8
BLACK
6
CONTINUOUS
10
1.2136046062992125
20
1.5620521653543307
11
1.2110388976377953
21
1.5610602362204724
0
LINE
8
BLACK
6
CONTINUOUS
10
1.2110388976377953
20
1.5610602362204724
11
1.2106326377952756
21
1.5610433070866141
0
LINE
8
BLACK
6
CONTINUOUS
10
1.2106326377952756
20
1.5610433070866141
11
1.1097624015748031
21
1.5610433070866141
0
LINE
8
BLACK
6
CONTINUOUS
10
1.1097624015748031
20
1.5610433070866141
11
1.1071230708661417
21
1.5618183070866141
0
LINE
8
BLACK
6
CONTINUOUS
10
1.1071230708661417
20
1.5618183070866141
11
1.1063103937007874
21
1.5624731889763779
0
LINE
8
BLACK
6
CONTINUOUS
10
1.1063103937007874
20
1.5624731889763779
11
0.828221220472441
21
1.8405623622047245
0
LINE
8
BLACK
6
CONTINUOUS
10
0.828221220472441
20
1.8405623622047245
11
0.8269029133858268
21
1.842976653543307
0
LINE
8
BLACK
6
CONTINUOUS
10
0.8269029133858268
20
1.842976653543307
11
0.8267913385826772
21
1.8440143700787401
0
LINE
8
BLACK
6
CONTINUOUS
10
0.8267913385826772
20
1.8440143700787401
11
0.8267913385826772
21
1.8456320866141731
0
LINE
8
BLACK
6
CONTINUOUS
10
0.8267913385826772
20
1.8456320866141731
11
0.8267913385826772
21
1.8456321653543306
0
LINE
8
BLACK
6
CONTINUOUS
10
0.8267913385826772
20
1.8456321653543306
11
0.8251801968503937
21
1.8516450393700787
0
LINE
8
BLACK
6
CONTINUOUS
10
0.8251801968503937
20
1.8516450393700787
11
0.8228498031496063
21
1.8556814566929134
0
LINE
8
BLACK
6
CONTINUOUS
10
0.8228498031496063
20
1.8556814566929134
11
0.822067874015748
21
1.8570358267716536
0
LINE
8
BLACK
6
CONTINUOUS
10
0.822067874015748
20
1.8570358267716536
11
0.8220676377952756
21
1.8570361417322834
0
LINE
8
BLACK
6
CONTINUOUS
10
0.8220676377952756
20
1.8570361417322834
11
0.8176660236220472
21
1.8614377559055117
0
LINE
8
BLACK
6
CONTINUOUS
10
0.8176660236220472
20
1.8614377559055117
11
0.8176657086614173
21
1.8614379921259843
0
LINE
8
BLACK
6
CONTINUOUS
10
0.8176657086614173
20
1.8614379921259843
11
0.8122751968503937
21
1.8645501574803149
0
LINE
8
BLACK
6
CONTINUOUS
10
0.8122751968503937
20
1.8645501574803149
11
0.8122750393700787
21
1.8645502362204724
0
LINE
8
BLACK
6
CONTINUOUS
10
0.8122750393700787
20
1.8645502362204724
11
0.8122749606299212
21
1.8645502755905512
0
LINE
8
BLACK
6
CONTINUOUS
10
0.8122749606299212
20
1.8645502755905512
11
0.8062620866141732
21
1.8661614173228347
0
LINE
8
BLACK
6
CONTINUOUS
10
0.8062620866141732
20
1.8661614173228347
11
0.8000371259842519
21
1.8661614173228347
0
LINE
8
BLACK
6
CONTINUOUS
10
0.8000371259842519
20
1.8661614173228347
11
0.7940242519685039
21
1.8645502755905512
0
LINE
8
BLACK
6
CONTINUOUS
10
0.7940242519685039
20
1.8645502755905512
11
0.7940239763779527
21
1.8645501574803149
0
LINE
8
BLACK
6
CONTINUOUS
10
0.7940239763779527
20
1.8645501574803149
11
0.7886334645669291
21
1.8614379921259843
0
LINE
8
BLACK
6
CONTINUOUS
10
0.7886334645669291
20
1.8614379921259843
11
0.7886331496062992
21
1.8614377559055117
0
LINE
8
BLACK
6
CONTINUOUS
10
0.7886331496062992
20
1.8614377559055117
11
0.7842315354330709
21
1.8570361417322834
0
LINE
8
BLACK
6
CONTINUOUS
10
0.7842315354330709
20
1.8570361417322834
11
0.7842312992125984
21
1.8570358267716536
0
LINE
8
BLACK
6
CONTINUOUS
10
0.7842312992125984
20
1.8570358267716536
11
0.7811191338582677
21
1.8516453149606298
0
LINE
8
BLACK
6
CONTINUOUS
10
0.7811191338582677
20
1.8516453149606298
11
0.7811190157480314
21
1.8516450393700787
0
LINE
8
BLACK
6
CONTINUOUS
10
0.7811190157480314
20
1.8516450393700787
11
0.7795078740157481
21
1.8456321653543306
0
LINE
8
BLACK
6
CONTINUOUS
10
0.7795078740157481
20
1.8456321653543306
11
0.7795078740157481
21
1.8394072440944882
0
LINE
8
BLACK
6
CONTINUOUS
10
1.1865157480314961
20
0.4001237795275591
11
1.1865158267716536
21
0.4001227559055118
0
LINE
8
BLACK
6
CONTINUOUS
10
1.1865158267716536
20
0.4001227559055118
11
1.1866304330708661
21
0.3991343700787401
0
LINE
8
BLACK
6
CONTINUOUS
10
1.1866304330708661
20
0.3991343700787401
11
1.1866305118110236
21
0.3991342125984252
0
LINE
8
BLACK
6
CONTINUOUS
10
1.1866305118110236
20
0.3991342125984252
11
1.1884170472440945
21
0.395088031496063
0
LINE
8
BLACK
6
CONTINUOUS
10
1.1884170472440945
20
0.395088031496063
11
1.1884170866141732
21
0.3950879921259842
0
LINE
8
BLACK
6
CONTINUOUS
10
1.1884170866141732
20
0.3950879921259842
11
1.1915446850393701
21
0.3919603937007874
0
LINE
8
BLACK
6
CONTINUOUS
10
1.1915446850393701
20
0.3919603937007874
11
1.195590905511811
21
0.3901738188976378
0
LINE
8
BLACK
6
CONTINUOUS
10
1.195590905511811
20
0.3901738188976378
11
1.1965801181102362
21
0.3900590551181102
0
LINE
8
BLACK
6
CONTINUOUS
10
1.1965801181102362
20
0.3900590551181102
11
1.2057283464566928
21
0.390059094488189
0
LINE
8
BLACK
6
CONTINUOUS
10
1.2057283464566928
20
0.390059094488189
11
1.2060702755905512
21
0.3899587007874016
0
LINE
8
BLACK
6
CONTINUOUS
10
1.2060702755905512
20
0.3899587007874016
11
1.2064231102362204
21
0.3900094094488189
0
LINE
8
BLACK
6
CONTINUOUS
10
1.2064231102362204
20
0.3900094094488189
11
1.2073694488188975
21
0.3895772440944882
0
LINE
8
BLACK
6
CONTINUOUS
10
1.2073694488188975
20
0.3895772440944882
11
1.2083676771653542
21
0.3892841338582677
0
LINE
8
BLACK
6
CONTINUOUS
10
1.2083676771653542
20
0.3892841338582677
11
1.208601062992126
21
0.3890147637795275
0
LINE
8
BLACK
6
CONTINUOUS
10
1.208601062992126
20
0.3890147637795275
11
1.2089253149606298
21
0.3888666929133858
0
LINE
8
BLACK
6
CONTINUOUS
10
1.2089253149606298
20
0.3888666929133858
11
1.2094877559055117
21
0.3879914566929134
0
LINE
8
BLACK
6
CONTINUOUS
10
1.2094877559055117
20
0.3879914566929134
11
1.2101690551181101
21
0.3872052362204724
0
LINE
8
BLACK
6
CONTINUOUS
10
1.2101690551181101
20
0.3872052362204724
11
1.210259094488189
21
0.3867912598425197
0
LINE
8
BLACK
6
CONTINUOUS
10
1.210259094488189
20
0.3867912598425197
11
1.2104124803149605
21
0.3865525984251968
0
LINE
8
BLACK
6
CONTINUOUS
10
1.2104124803149605
20
0.3865525984251968
11
1.2106102362204725
21
0.3851772047244094
0
LINE
8
BLACK
6
CONTINUOUS
10
1.2106102362204725
20
0.3851772047244094
11
1.2106102362204725
21
0.3786023622047244
0
LINE
8
BLACK
6
CONTINUOUS
10
1.2106102362204725
20
0.3786023622047244
11
1.2098352362204725
21
0.375963031496063
0
LINE
8
BLACK
6
CONTINUOUS
10
1.2098352362204725
20
0.375963031496063
11
1.2077563385826771
21
0.3741616535433071
0
LINE
8
BLACK
6
CONTINUOUS
10
1.2077563385826771
20
0.3741616535433071
11
1.2057283858267716
21
0.3737204724409449
0
LINE
8
BLACK
6
CONTINUOUS
10
1.2057283858267716
20
0.3737204724409449
11
1.196580433070866
21
0.3737204724409449
0
LINE
8
BLACK
6
CONTINUOUS
10
1.196580433070866
20
0.3737204724409449
11
1.1965794094488189
21
0.3737203937007874
0
LINE
8
BLACK
6
CONTINUOUS
10
1.1965794094488189
20
0.3737203937007874
11
1.1955910236220473
21
0.3736057874015748
0
LINE
8
BLACK
6
CONTINUOUS
10
1.1955910236220473
20
0.3736057874015748
11
1.1955908661417323
21
0.3736057086614173
0
LINE
8
BLACK
6
CONTINUOUS
10
1.1955908661417323
20
0.3736057086614173
11
1.1915446850393701
21
0.3718191732283465
0
LINE
8
BLACK
6
CONTINUOUS
10
1.1915446850393701
20
0.3718191732283465
11
1.1884170866141732
21
0.3686915748031496
0
LINE
8
BLACK
6
CONTINUOUS
10
1.1884170866141732
20
0.3686915748031496
11
1.1866305118110236
21
0.3646454330708661
0
LINE
8
BLACK
6
CONTINUOUS
10
1.1866305118110236
20
0.3646454330708661
11
1.1866305118110236
21
0.3646453543307087
0
LINE
8
BLACK
6
CONTINUOUS
10
1.1866305118110236
20
0.3646453543307087
11
1.1865157480314961
21
0.3636562598425197
0
LINE
8
BLACK
6
CONTINUOUS
10
1.1865157480314961
20
0.3636562598425197
11
1.1865157480314961
21
0.300123779527559
0
LINE
8
BLACK
6
CONTINUOUS
10
1.1865157480314961
20
0.300123779527559
11
1.1865158267716536
21
0.3001227559055118
0
LINE
8
BLACK
6
CONTINUOUS
10
1.1865158267716536
20
0.3001227559055118
11
1.1866304330708661
21
0.2991343700787402
0
LINE
8
BLACK
6
CONTINUOUS
10
1.1866304330708661
20
0.2991343700787402
11
1.1866305118110236
21
0.2991342125984252
0
LINE
8
BLACK
6
CONTINUOUS
10
1.1866305118110236
20
0.2991342125984252
11
1.1884170472440945
21
0.295088031496063
0
LINE
8
BLACK
6
CONTINUOUS
10
1.1884170472440945
20
0.295088031496063
11
1.1884170866141732
21
0.2950879921259842
0
LINE
8
BLACK
6
CONTINUOUS
10
1.1884170866141732
20
0.2950879921259842
11
1.1915446850393701
21
0.2919603937007874
0
LINE
8
BLACK
6
CONTINUOUS
10
1.1915446850393701
20
0.2919603937007874
11
1.195590905511811
21
0.2901738188976378
0
LINE
8
BLACK
6
CONTINUOUS
10
1.195590905511811
20
0.2901738188976378
11
1.1965801181102362
21
0.2900590551181103
0
LINE
8
BLACK
6
CONTINUOUS
10
1.1965801181102362
20
0.2900590551181103
11
1.2601127559055119
21
0.290059094488189
0
LINE
8
BLACK
6
CONTINUOUS
10
1.2601127559055119
20
0.290059094488189
11
1.2601133464566929
21
0.2900591732283465
0
LINE
8
BLACK
6
CONTINUOUS
10
1.2601133464566929
20
0.2900591732283465
11
1.2601134645669292
21
0.2900591732283465
0
LINE
8
BLACK
6
CONTINUOUS
10
1.2601134645669292
20
0.2900591732283465
11
1.2611018503937008
21
0.2901737795275591
0
LINE
8
BLACK
6
CONTINUOUS
10
1.2611018503937008
20
0.2901737795275591
11
1.2611018897637796
21
0.2901738188976378
0
LINE
8
BLACK
6
CONTINUOUS
10
1.2611018897637796
20
0.2901738188976378
11
1.2611020078740158
21
0.2901738188976378
0
LINE
8
BLACK
6
CONTINUOUS
10
1.2611020078740158
20
0.2901738188976378
11
1.2651482283464566
21
0.2919603937007874
0
LINE
8
BLACK
6
CONTINUOUS
10
1.2651482283464566
20
0.2919603937007874
11
1.2682758267716536
21
0.2950879921259842
0
LINE
8
BLACK
6
CONTINUOUS
10
1.2682758267716536
20
0.2950879921259842
11
1.2700624015748032
21
0.2991342125984252
0
LINE
8
BLACK
6
CONTINUOUS
10
1.2700624015748032
20
0.2991342125984252
11
1.2701771653543308
21
0.3001234251968504
0
LINE
8
BLACK
6
CONTINUOUS
10
1.2701771653543308
20
0.3001234251968504
11
1.270177125984252
21
0.363656062992126
0
LINE
8
BLACK
6
CONTINUOUS
10
1.270177125984252
20
0.363656062992126
11
1.2701770472440945
21
0.363656811023622
0
LINE
8
BLACK
6
CONTINUOUS
10
1.2701770472440945
20
0.363656811023622
11
1.270062440944882
21
0.3646451968503937
0
LINE
8
BLACK
6
CONTINUOUS
10
1.270062440944882
20
0.3646451968503937
11
1.2700624015748032
21
0.3646452755905512
0
LINE
8
BLACK
6
CONTINUOUS
10
1.2700624015748032
20
0.3646452755905512
11
1.2700624015748032
21
0.3646453149606299
0
LINE
8
BLACK
6
CONTINUOUS
10
1.2700624015748032
20
0.3646453149606299
11
1.2682758267716536
21
0.3686915354330709
0
LINE
8
BLACK
6
CONTINUOUS
10
1.2682758267716536
20
0.3686915354330709
11
1.2651482283464566
21
0.3718191338582677
0
LINE
8
BLACK
6
CONTINUOUS
10
1.2651482283464566
20
0.3718191338582677
11
1.2651481496062993
21
0.3718191732283465
0
LINE
8
BLACK
6
CONTINUOUS
10
1.2651481496062993
20
0.3718191732283465
11
1.2611020472440944
21
0.3736057086614173
0
LINE
8
BLACK
6
CONTINUOUS
10
1.2611020472440944
20
0.3736057086614173
11
1.2601129133858266
21
0.3737204724409449
0
LINE
8
BLACK
6
CONTINUOUS
10
1.2601129133858266
20
0.3737204724409449
11
1.2601127952755906
21
0.3737204724409449
0
LINE
8
BLACK
6
CONTINUOUS
10
1.2601127952755906
20
0.3737204724409449
11
1.2509645669291338
21
0.3737204724409449
0
LINE
8
BLACK
6
CONTINUOUS
10
1.2509645669291338
20
0.3737204724409449
11
1.2506225984251969
21
0.373820905511811
0
LINE
8
BLACK
6
CONTINUOUS
10
1.2506225984251969
20
0.373820905511811
11
1.2502698031496062
21
0.3737701574803149
0
LINE
8
BLACK
6
CONTINUOUS
10
1.2502698031496062
20
0.3737701574803149
11
1.2493233070866141
21
0.3742024015748032
0
LINE
8
BLACK
6
CONTINUOUS
10
1.2493233070866141
20
0.3742024015748032
11
1.2483252362204724
21
0.3744954724409449
0
LINE
8
BLACK
6
CONTINUOUS
10
1.2483252362204724
20
0.3744954724409449
11
1.2480918503937009
21
0.3747648031496063
0
LINE
8
BLACK
6
CONTINUOUS
10
1.2480918503937009
20
0.3747648031496063
11
1.2477675984251968
21
0.374912874015748
0
LINE
8
BLACK
6
CONTINUOUS
10
1.2477675984251968
20
0.374912874015748
11
1.2472049999999999
21
0.3757882677165355
0
LINE
8
BLACK
6
CONTINUOUS
10
1.2472049999999999
20
0.3757882677165355
11
1.2465238582677165
21
0.3765743700787402
0
LINE
8
BLACK
6
CONTINUOUS
10
1.2465238582677165
20
0.3765743700787402
11
1.2464337795275591
21
0.3769883464566929
0
LINE
8
BLACK
6
CONTINUOUS
10
1.2464337795275591
20
0.3769883464566929
11
1.2462804330708661
21
0.377226968503937
0
LINE
8
BLACK
6
CONTINUOUS
10
1.2462804330708661
20
0.377226968503937
11
1.2460826771653544
21
0.3786023622047244
0
LINE
8
BLACK
6
CONTINUOUS
10
1.2460826771653544
20
0.3786023622047244
11
1.2460826771653544
21
0.3851772047244094
0
LINE
8
BLACK
6
CONTINUOUS
10
1.2460826771653544
20
0.3851772047244094
11
1.2468576771653543
21
0.3878165354330709
0
LINE
8
BLACK
6
CONTINUOUS
10
1.2468576771653543
20
0.3878165354330709
11
1.2489365748031496
21
0.3896179133858267
0
LINE
8
BLACK
6
CONTINUOUS
10
1.2489365748031496
20
0.3896179133858267
11
1.2509645669291338
21
0.390059094488189
0
LINE
8
BLACK
6
CONTINUOUS
10
1.2509645669291338
20
0.390059094488189
11
1.2601124409448818
21
0.390059094488189
0
LINE
8
BLACK
6
CONTINUOUS
10
1.2601124409448818
20
0.390059094488189
11
1.2601127559055119
21
0.390059094488189
0
LINE
8
BLACK
6
CONTINUOUS
10
1.2601127559055119
20
0.390059094488189
11
1.2601133464566929
21
0.3900591732283464
0
LINE
8
BLACK
6
CONTINUOUS
10
1.2601133464566929
20
0.3900591732283464
11
1.2601134645669292
21
0.3900591732283464
0
LINE
8
BLACK
6
CONTINUOUS
10
1.2601134645669292
20
0.3900591732283464
11
1.2611018503937008
21
0.3901737795275591
0
LINE
8
BLACK
6
CONTINUOUS
10
1.2611018503937008
20
0.3901737795275591
11
1.2611018897637796
21
0.3901738188976378
0
LINE
8
BLACK
6
CONTINUOUS
10
1.2611018897637796
20
0.3901738188976378
11
1.2611020078740158
21
0.3901738188976378
0
LINE
8
BLACK
6
CONTINUOUS
10
1.2611020078740158
20
0.3901738188976378
11
1.2651482283464566
21
0.3919603937007874
0
LINE
8
BLACK
6
CONTINUOUS
10
1.2651482283464566
20
0.3919603937007874
11
1.2682758267716536
21
0.3950879921259842
0
LINE
8
BLACK
6
CONTINUOUS
10
1.2682758267716536
20
0.3950879921259842
11
1.2700624015748032
21
0.3991342125984252
0
LINE
8
BLACK
6
CONTINUOUS
10
1.2700624015748032
20
0.3991342125984252
11
1.2701771653543308
21
0.4001234251968504
0
LINE
8
BLACK
6
CONTINUOUS
10
1.2701771653543308
20
0.4001234251968504
11
1.270177125984252
21
0.463656062992126
0
LINE
8
BLACK
6
CONTINUOUS
10
1.270177125984252
20
0.463656062992126
11
1.270177125984252
21
0.4636561417322835
0
LINE
8
BLACK
6
CONTINUOUS
10
1.270177125984252
20
0.4636561417322835
11
1.270177125984252
21
0.4636562598425197
0
LINE
8
BLACK
6
CONTINUOUS
10
1.270177125984252
20
0.4636562598425197
11
1.270177125984252
21
0.4636562992125984
0
LINE
8
BLACK
6
CONTINUOUS
10
1.270177125984252
20
0.4636562992125984
11
1.270062440944882
21
0.4646451968503937
0
LINE
8
BLACK
6
CONTINUOUS
10
1.270062440944882
20
0.4646451968503937
11
1.2700624015748032
21
0.4646452755905512
0
LINE
8
BLACK
6
CONTINUOUS
10
1.2700624015748032
20
0.4646452755905512
11
1.2700624015748032
21
0.4646453149606299
0
LINE
8
BLACK
6
CONTINUOUS
10
1.2700624015748032
20
0.4646453149606299
11
1.2682758267716536
21
0.4686915354330708
0
LINE
8
BLACK
6
CONTINUOUS
10
1.2682758267716536
20
0.4686915354330708
11
1.2651482283464566
21
0.4718191338582677
0
LINE
8
BLACK
6
CONTINUOUS
10
1.2651482283464566
20
0.4718191338582677
11
1.2621952755905512
21
0.4731229921259842
0
LINE
8
BLACK
6
CONTINUOUS
10
1.2621952755905512
20
0.4731229921259842
11
1.2611020472440944
21
0.4736057086614173
0
LINE
8
BLACK
6
CONTINUOUS
10
1.2611020472440944
20
0.4736057086614173
11
1.2601129133858266
21
0.4737204724409449
0
LINE
8
BLACK
6
CONTINUOUS
10
1.2601129133858266
20
0.4737204724409449
11
1.2601127952755906
21
0.4737204724409449
0
LINE
8
BLACK
6
CONTINUOUS
10
1.2601127952755906
20
0.4737204724409449
11
1.2509645669291338
21
0.4737204724409449
0
LINE
8
BLACK
6
CONTINUOUS
10
1.2509645669291338
20
0.4737204724409449
11
1.2483252362204724
21
0.4744954724409449
0
LINE
8
BLACK
6
CONTINUOUS
10
1.2483252362204724
20
0.4744954724409449
11
1.2465238582677165
21
0.4765743700787402
0
LINE
8
BLACK
6
CONTINUOUS
10
1.2465238582677165
20
0.4765743700787402
11
1.2460826771653544
21
0.4786023622047244
0
LINE
8
BLACK
6
CONTINUOUS
10
1.2460826771653544
20
0.4786023622047244
11
1.2460826771653544
21
0.9906312992125984
0
LINE
8
BLACK
6
CONTINUOUS
10
1.2460826771653544
20
0.9906312992125984
11
1.2468576771653543
21
0.9932706299212598
0
LINE
8
BLACK
6
CONTINUOUS
10
1.2468576771653543
20
0.9932706299212598
11
1.2475125590551182
21
0.9940833070866142
0
LINE
8
BLACK
6
CONTINUOUS
10
1.2475125590551182
20
0.9940833070866142
11
1.3350038188976379
21
1.0815745669291339
0
LINE
8
BLACK
6
CONTINUOUS
10
1.3350038188976379
20
1.0815745669291339
11
1.4236412992125984
21
1.1702120472440944
0
LINE
8
BLACK
6
CONTINUOUS
10
1.4236412992125984
20
1.1702120472440944
11
1.4259762992125984
21
1.1742564173228347
0
LINE
8
BLACK
6
CONTINUOUS
10
1.4259762992125984
20
1.1742564173228347
11
1.4259763385826771
21
1.1742564566929135
0
LINE
8
BLACK
6
CONTINUOUS
10
1.4259763385826771
20
1.1742564566929135
11
1.4271850393700787
21
1.1787673622047243
0
LINE
8
BLACK
6
CONTINUOUS
10
1.4271850393700787
20
1.1787673622047243
11
1.4271850393700787
21
1.4074764566929134
0
LINE
8
BLACK
6
CONTINUOUS
10
1.4271850393700787
20
1.4074764566929134
11
1.4279600393700786
21
1.4101157874015748
0
LINE
8
BLACK
6
CONTINUOUS
10
1.4279600393700786
20
1.4101157874015748
11
1.4286149212598425
21
1.4109284645669291
0
LINE
8
BLACK
6
CONTINUOUS
10
1.4286149212598425
20
1.4109284645669291
11
1.4294702755905511
21
1.4117838188976377
0
LINE
8
BLACK
6
CONTINUOUS
10
1.4294702755905511
20
1.4117838188976377
11
1.4303354330708662
21
1.4126489763779526
0
LINE
8
BLACK
6
CONTINUOUS
10
1.4303354330708662
20
1.4126489763779526
11
1.4334479133858267
21
1.41804
0
LINE
8
BLACK
6
CONTINUOUS
10
1.4334479133858267
20
1.41804
11
1.4350590551181102
21
1.4240528740157481
0
LINE
8
BLACK
6
CONTINUOUS
10
1.4350590551181102
20
1.4240528740157481
11
1.4350590551181102
21
1.4302778346456693
0
LINE
8
BLACK
6
CONTINUOUS
10
1.4350590551181102
20
1.4302778346456693
11
1.4334479133858267
21
1.4362907086614174
0
LINE
8
BLACK
6
CONTINUOUS
10
1.4334479133858267
20
1.4362907086614174
11
1.4334477559055119
21
1.4362909842519684
0
LINE
8
BLACK
6
CONTINUOUS
10
1.4334477559055119
20
1.4362909842519684
11
1.430335590551181
21
1.441681496062992
0
LINE
8
BLACK
6
CONTINUOUS
10
1.430335590551181
20
1.441681496062992
11
1.4303353543307087
21
1.441681811023622
0
LINE
8
BLACK
6
CONTINUOUS
10
1.4303353543307087
20
1.441681811023622
11
1.4259337401574803
21
1.4460834251968504
0
LINE
8
BLACK
6
CONTINUOUS
10
1.4259337401574803
20
1.4460834251968504
11
1.4259334251968503
21
1.4460836614173227
0
LINE
8
BLACK
6
CONTINUOUS
10
1.4259334251968503
20
1.4460836614173227
11
1.4205429133858267
21
1.4491958267716536
0
LINE
8
BLACK
6
CONTINUOUS
10
1.4205429133858267
20
1.4491958267716536
11
1.4205427559055117
21
1.4491959055118111
0
LINE
8
BLACK
6
CONTINUOUS
10
1.4205427559055117
20
1.4491959055118111
11
1.4205426771653542
21
1.4491959448818896
0
LINE
8
BLACK
6
CONTINUOUS
10
1.4205426771653542
20
1.4491959448818896
11
1.4145298031496063
21
1.4508070866141731
0
LINE
8
BLACK
6
CONTINUOUS
10
1.4145298031496063
20
1.4508070866141731
11
1.4083048425196849
21
1.4508070866141731
0
LINE
8
BLACK
6
CONTINUOUS
10
1.4083048425196849
20
1.4508070866141731
11
1.402291968503937
21
1.4491959448818896
0
LINE
8
BLACK
6
CONTINUOUS
10
1.402291968503937
20
1.4491959448818896
11
1.4022916929133857
21
1.4491958267716536
0
LINE
8
BLACK
6
CONTINUOUS
10
1.4022916929133857
20
1.4491958267716536
11
1.3969011811023622
21
1.4460836614173227
0
LINE
8
BLACK
6
CONTINUOUS
10
1.3969011811023622
20
1.4460836614173227
11
1.3969008661417321
21
1.4460834251968504
0
LINE
8
BLACK
6
CONTINUOUS
10
1.3969008661417321
20
1.4460834251968504
11
1.392499251968504
21
1.441681811023622
0
LINE
8
BLACK
6
CONTINUOUS
10
1.392499251968504
20
1.441681811023622
11
1.3924990157480315
21
1.441681496062992
0
LINE
8
BLACK
6
CONTINUOUS
10
1.3924990157480315
20
1.441681496062992
11
1.3893868503937008
21
1.4362909842519684
0
LINE
8
BLACK
6
CONTINUOUS
10
1.3893868503937008
20
1.4362909842519684
11
1.3893867322834645
21
1.4362907086614174
0
LINE
8
BLACK
6
CONTINUOUS
10
1.3893867322834645
20
1.4362907086614174
11
1.387775590551181
21
1.4302778346456693
0
LINE
8
BLACK
6
CONTINUOUS
10
1.387775590551181
20
1.4302778346456693
11
1.387775590551181
21
1.4240528740157481
0
LINE
8
BLACK
6
CONTINUOUS
10
1.387775590551181
20
1.4240528740157481
11
1.3887707086614174
21
1.4203391338582676
0
LINE
8
BLACK
6
CONTINUOUS
10
1.3887707086614174
20
1.4203391338582676
11
1.3893867322834645
21
1.4180400393700787
0
LINE
8
BLACK
6
CONTINUOUS
10
1.3893867322834645
20
1.4180400393700787
11
1.3893867716535433
21
1.4180399212598425
0
LINE
8
BLACK
6
CONTINUOUS
10
1.3893867716535433
20
1.4180399212598425
11
1.3910585433070866
21
1.4151443307086613
0
LINE
8
BLACK
6
CONTINUOUS
10
1.3910585433070866
20
1.4151443307086613
11
1.3917125984251968
21
1.4127033858267717
0
LINE
8
BLACK
6
CONTINUOUS
10
1.3917125984251968
20
1.4127033858267717
11
1.3917125984251968
21
1.190471062992126
0
LINE
8
BLACK
6
CONTINUOUS
10
1.3917125984251968
20
1.190471062992126
11
1.3909375984251968
21
1.1878317322834646
0
LINE
8
BLACK
6
CONTINUOUS
10
1.3909375984251968
20
1.1878317322834646
11
1.390282716535433
21
1.1870190551181101
0
LINE
8
BLACK
6
CONTINUOUS
10
1.390282716535433
20
1.1870190551181101
11
1.2141540551181103
21
1.0108904330708661
0
LINE
8
BLACK
6
CONTINUOUS
10
1.2141540551181103
20
1.0108904330708661
11
1.2141538976377952
21
1.0108901968503936
0
LINE
8
BLACK
6
CONTINUOUS
10
1.2141538976377952
20
1.0108901968503936
11
1.211818937007874
21
1.0068459842519686
0
LINE
8
BLACK
6
CONTINUOUS
10
1.211818937007874
20
1.0068459842519686
11
1.2118188976377953
21
1.0068457874015748
0
LINE
8
BLACK
6
CONTINUOUS
10
1.2118188976377953
20
1.0068457874015748
11
1.2106102362204725
21
1.002335
0
LINE
8
BLACK
6
CONTINUOUS
10
1.2106102362204725
20
1.002335
11
1.2106102362204725
21
0.4786023622047244
0
LINE
8
BLACK
6
CONTINUOUS
10
1.2106102362204725
20
0.4786023622047244
11
1.2098352362204725
21
0.475963031496063
0
LINE
8
BLACK
6
CONTINUOUS
10
1.2098352362204725
20
0.475963031496063
11
1.2077563385826771
21
0.4741616535433071
0
LINE
8
BLACK
6
CONTINUOUS
10
1.2077563385826771
20
0.4741616535433071
11
1.2057283858267716
21
0.4737204724409449
0
LINE
8
BLACK
6
CONTINUOUS
10
1.2057283858267716
20
0.4737204724409449
11
1.196580433070866
21
0.4737204724409449
0
LINE
8
BLACK
6
CONTINUOUS
10
1.196580433070866
20
0.4737204724409449
11
1.1965794094488189
21
0.4737203937007874
0
LINE
8
BLACK
6
CONTINUOUS
10
1.1965794094488189
20
0.4737203937007874
11
1.1955910236220473
21
0.4736057874015748
0
LINE
8
BLACK
6
CONTINUOUS
10
1.1955910236220473
20
0.4736057874015748
11
1.1955908661417323
21
0.4736057086614173
0
LINE
8
BLACK
6
CONTINUOUS
10
1.1955908661417323
20
0.4736057086614173
11
1.1915446850393701
21
0.4718191732283464
0
LINE
8
BLACK
6
CONTINUOUS
10
1.1915446850393701
20
0.4718191732283464
11
1.1884170866141732
21
0.4686915748031496
0
LINE
8
BLACK
6
CONTINUOUS
10
1.1884170866141732
20
0.4686915748031496
11
1.1866305118110236
21
0.4646454330708661
0
LINE
8
BLACK
6
CONTINUOUS
10
1.1866305118110236
20
0.4646454330708661
11
1.1866305118110236
21
0.4646453543307086
0
LINE
8
BLACK
6
CONTINUOUS
10
1.1866305118110236
20
0.4646453543307086
11
1.1865157480314961
21
0.4636562598425197
0
LINE
8
BLACK
6
CONTINUOUS
10
1.1865157480314961
20
0.4636562598425197
11
1.1865157480314961
21
0.4001237795275591
0
LINE
8
BLACK
6
CONTINUOUS
10
1.2865157480314959
20
0.4001237795275591
11
1.2865158267716534
21
0.4001227559055118
0
LINE
8
BLACK
6
CONTINUOUS
10
1.2865158267716534
20
0.4001227559055118
11
1.2866304330708662
21
0.3991343700787401
0
LINE
8
BLACK
6
CONTINUOUS
10
1.2866304330708662
20
0.3991343700787401
11
1.2866305118110235
21
0.3991342125984252
0
LINE
8
BLACK
6
CONTINUOUS
10
1.2866305118110235
20
0.3991342125984252
11
1.2884170472440946
21
0.395088031496063
0
LINE
8
BLACK
6
CONTINUOUS
10
1.2884170472440946
20
0.395088031496063
11
1.2884170866141731
21
0.3950879921259842
0
LINE
8
BLACK
6
CONTINUOUS
10
1.2884170866141731
20
0.3950879921259842
11
1.2915446850393701
21
0.3919603937007874
0
LINE
8
BLACK
6
CONTINUOUS
10
1.2915446850393701
20
0.3919603937007874
11
1.2955909055118109
21
0.3901738188976378
0
LINE
8
BLACK
6
CONTINUOUS
10
1.2955909055118109
20
0.3901738188976378
11
1.2965801181102361
21
0.3900590551181102
0
LINE
8
BLACK
6
CONTINUOUS
10
1.2965801181102361
20
0.3900590551181102
11
1.3057283464566929
21
0.390059094488189
0
LINE
8
BLACK
6
CONTINUOUS
10
1.3057283464566929
20
0.390059094488189
11
1.3060702755905511
21
0.3899587007874016
0
LINE
8
BLACK
6
CONTINUOUS
10
1.3060702755905511
20
0.3899587007874016
11
1.3064231102362205
21
0.3900094094488189
0
LINE
8
BLACK
6
CONTINUOUS
10
1.3064231102362205
20
0.3900094094488189
11
1.3073694488188976
21
0.3895772440944882
0
LINE
8
BLACK
6
CONTINUOUS
10
1.3073694488188976
20
0.3895772440944882
11
1.3083676771653543
21
0.3892841338582677
0
LINE
8
BLACK
6
CONTINUOUS
10
1.3083676771653543
20
0.3892841338582677
11
1.3086010629921259
21
0.3890147637795275
0
LINE
8
BLACK
6
CONTINUOUS
10
1.3086010629921259
20
0.3890147637795275
11
1.3089253149606299
21
0.3888666929133858
0
LINE
8
BLACK
6
CONTINUOUS
10
1.3089253149606299
20
0.3888666929133858
11
1.3094877559055118
21
0.3879914566929134
0
LINE
8
BLACK
6
CONTINUOUS
10
1.3094877559055118
20
0.3879914566929134
11
1.3101690551181102
21
0.3872052362204724
0
LINE
8
BLACK
6
CONTINUOUS
10
1.3101690551181102
20
0.3872052362204724
11
1.3102590944881889
21
0.3867912598425197
0
LINE
8
BLACK
6
CONTINUOUS
10
1.3102590944881889
20
0.3867912598425197
11
1.3104124803149606
21
0.3865525984251968
0
LINE
8
BLACK
6
CONTINUOUS
10
1.3104124803149606
20
0.3865525984251968
11
1.3106102362204723
21
0.3851772047244094
0
LINE
8
BLACK
6
CONTINUOUS
10
1.3106102362204723
20
0.3851772047244094
11
1.3106102362204723
21
0.3786023622047244
0
LINE
8
BLACK
6
CONTINUOUS
10
1.3106102362204723
20
0.3786023622047244
11
1.3098352362204724
21
0.375963031496063
0
LINE
8
BLACK
6
CONTINUOUS
10
1.3098352362204724
20
0.375963031496063
11
1.3077563385826771
21
0.3741616535433071
0
LINE
8
BLACK
6
CONTINUOUS
10
1.3077563385826771
20
0.3741616535433071
11
1.3057283858267716
21
0.3737204724409449
0
LINE
8
BLACK
6
CONTINUOUS
10
1.3057283858267716
20
0.3737204724409449
11
1.2965804330708661
21
0.3737204724409449
0
LINE
8
BLACK
6
CONTINUOUS
10
1.2965804330708661
20
0.3737204724409449
11
1.2965794094488188
21
0.3737203937007874
0
LINE
8
BLACK
6
CONTINUOUS
10
1.2965794094488188
20
0.3737203937007874
11
1.2955910236220471
21
0.3736057874015748
0
LINE
8
BLACK
6
CONTINUOUS
10
1.2955910236220471
20
0.3736057874015748
11
1.2955908661417324
21
0.3736057086614173
0
LINE
8
BLACK
6
CONTINUOUS
10
1.2955908661417324
20
0.3736057086614173
11
1.2915446850393701
21
0.3718191732283465
0
LINE
8
BLACK
6
CONTINUOUS
10
1.2915446850393701
20
0.3718191732283465
11
1.2884170866141731
21
0.3686915748031496
0
LINE
8
BLACK
6
CONTINUOUS
10
1.2884170866141731
20
0.3686915748031496
11
1.2866305118110235
21
0.3646454330708661
0
LINE
8
BLACK
6
CONTINUOUS
10
1.2866305118110235
20
0.3646454330708661
11
1.2866305118110235
21
0.3646453543307087
0
LINE
8
BLACK
6
CONTINUOUS
10
1.2866305118110235
20
0.3646453543307087
11
1.2865157480314959
21
0.3636562598425197
0
LINE
8
BLACK
6
CONTINUOUS
10
1.2865157480314959
20
0.3636562598425197
11
1.2865157480314959
21
0.300123779527559
0
LINE
8
BLACK
6
CONTINUOUS
10
1.2865157480314959
20
0.300123779527559
11
1.2865158267716534
21
0.3001227559055118
0
LINE
8
BLACK
6
CONTINUOUS
10
1.2865158267716534
20
0.3001227559055118
11
1.2866304330708662
21
0.2991343700787402
0
LINE
8
BLACK
6
CONTINUOUS
10
1.2866304330708662
20
0.2991343700787402
11
1.2866305118110235
21
0.2991342125984252
0
LINE
8
BLACK
6
CONTINUOUS
10
1.2866305118110235
20
0.2991342125984252
11
1.2884170472440946
21
0.295088031496063
0
LINE
8
BLACK
6
CONTINUOUS
10
1.2884170472440946
20
0.295088031496063
11
1.2884170866141731
21
0.2950879921259842
0
LINE
8
BLACK
6
CONTINUOUS
10
1.2884170866141731
20
0.2950879921259842
11
1.2915446850393701
21
0.2919603937007874
0
LINE
8
BLACK
6
CONTINUOUS
10
1.2915446850393701
20
0.2919603937007874
11
1.2955909055118109
21
0.2901738188976378
0
LINE
8
BLACK
6
CONTINUOUS
10
1.2955909055118109
20
0.2901738188976378
11
1.2965801181102361
21
0.2900590551181103
0
LINE
8
BLACK
6
CONTINUOUS
10
1.2965801181102361
20
0.2900590551181103
11
1.3601127559055117
21
0.290059094488189
0
LINE
8
BLACK
6
CONTINUOUS
10
1.3601127559055117
20
0.290059094488189
11
1.3601133464566928
21
0.2900591732283465
0
LINE
8
BLACK
6
CONTINUOUS
10
1.3601133464566928
20
0.2900591732283465
11
1.3601134645669291
21
0.2900591732283465
0
LINE
8
BLACK
6
CONTINUOUS
10
1.3601134645669291
20
0.2900591732283465
11
1.3611018503937007
21
0.2901737795275591
0
LINE
8
BLACK
6
CONTINUOUS
10
1.3611018503937007
20
0.2901737795275591
11
1.3611018897637794
21
0.2901738188976378
0
LINE
8
BLACK
6
CONTINUOUS
10
1.3611018897637794
20
0.2901738188976378
11
1.3611020078740157
21
0.2901738188976378
0
LINE
8
BLACK
6
CONTINUOUS
10
1.3611020078740157
20
0.2901738188976378
11
1.3651482283464567
21
0.2919603937007874
0
LINE
8
BLACK
6
CONTINUOUS
10
1.3651482283464567
20
0.2919603937007874
11
1.3682758267716535
21
0.2950879921259842
0
LINE
8
BLACK
6
CONTINUOUS
10
1.3682758267716535
20
0.2950879921259842
11
1.3700624015748031
21
0.2991342125984252
0
LINE
8
BLACK
6
CONTINUOUS
10
1.3700624015748031
20
0.2991342125984252
11
1.3701771653543307
21
0.3001234251968504
0
LINE
8
BLACK
6
CONTINUOUS
10
1.3701771653543307
20
0.3001234251968504
11
1.3701771259842519
21
0.363656062992126
0
LINE
8
BLACK
6
CONTINUOUS
10
1.3701771259842519
20
0.363656062992126
11
1.3701770472440944
21
0.363656811023622
0
LINE
8
BLACK
6
CONTINUOUS
10
1.3701770472440944
20
0.363656811023622
11
1.3700624409448818
21
0.3646451968503937
0
LINE
8
BLACK
6
CONTINUOUS
10
1.3700624409448818
20
0.3646451968503937
11
1.3700624015748031
21
0.3646452755905512
0
LINE
8
BLACK
6
CONTINUOUS
10
1.3700624015748031
20
0.3646452755905512
11
1.3700624015748031
21
0.3646453149606299
0
LINE
8
BLACK
6
CONTINUOUS
10
1.3700624015748031
20
0.3646453149606299
11
1.3682758267716535
21
0.3686915354330709
0
LINE
8
BLACK
6
CONTINUOUS
10
1.3682758267716535
20
0.3686915354330709
11
1.3651482283464567
21
0.3718191338582677
0
LINE
8
BLACK
6
CONTINUOUS
10
1.3651482283464567
20
0.3718191338582677
11
1.3651481496062992
21
0.3718191732283465
0
LINE
8
BLACK
6
CONTINUOUS
10
1.3651481496062992
20
0.3718191732283465
11
1.3611020472440944
21
0.3736057086614173
0
LINE
8
BLACK
6
CONTINUOUS
10
1.3611020472440944
20
0.3736057086614173
11
1.3601129133858267
21
0.3737204724409449
0
LINE
8
BLACK
6
CONTINUOUS
10
1.3601129133858267
20
0.3737204724409449
11
1.3601127952755905
21
0.3737204724409449
0
LINE
8
BLACK
6
CONTINUOUS
10
1.3601127952755905
20
0.3737204724409449
11
1.3509645669291339
21
0.3737204724409449
0
LINE
8
BLACK
6
CONTINUOUS
10
1.3509645669291339
20
0.3737204724409449
11
1.3506225984251967
21
0.373820905511811
0
LINE
8
BLACK
6
CONTINUOUS
10
1.3506225984251967
20
0.373820905511811
11
1.3502698031496063
21
0.3737701574803149
0
LINE
8
BLACK
6
CONTINUOUS
10
1.3502698031496063
20
0.3737701574803149
11
1.3493233070866142
21
0.3742024015748032
0
LINE
8
BLACK
6
CONTINUOUS
10
1.3493233070866142
20
0.3742024015748032
11
1.3483252362204725
21
0.3744954724409449
0
LINE
8
BLACK
6
CONTINUOUS
10
1.3483252362204725
20
0.3744954724409449
11
1.3480918503937007
21
0.3747648031496063
0
LINE
8
BLACK
6
CONTINUOUS
10
1.3480918503937007
20
0.3747648031496063
11
1.3477675984251969
21
0.374912874015748
0
LINE
8
BLACK
6
CONTINUOUS
10
1.3477675984251969
20
0.374912874015748
11
1.347205
21
0.3757882677165355
0
LINE
8
BLACK
6
CONTINUOUS
10
1.347205
20
0.3757882677165355
11
1.3465238582677166
21
0.3765743700787402
0
LINE
8
BLACK
6
CONTINUOUS
10
1.3465238582677166
20
0.3765743700787402
11
1.3464337795275589
21
0.3769883464566929
0
LINE
8
BLACK
6
CONTINUOUS
10
1.3464337795275589
20
0.3769883464566929
11
1.3462804330708662
21
0.377226968503937
0
LINE
8
BLACK
6
CONTINUOUS
10
1.3462804330708662
20
0.377226968503937
11
1.3460826771653542
21
0.3786023622047244
0
LINE
8
BLACK
6
CONTINUOUS
10
1.3460826771653542
20
0.3786023622047244
11
1.3460826771653542
21
0.3851772047244094
0
LINE
8
BLACK
6
CONTINUOUS
10
1.3460826771653542
20
0.3851772047244094
11
1.3468576771653542
21
0.3878165354330709
0
LINE
8
BLACK
6
CONTINUOUS
10
1.3468576771653542
20
0.3878165354330709
11
1.3489365748031497
21
0.3896179133858267
0
LINE
8
BLACK
6
CONTINUOUS
10
1.3489365748031497
20
0.3896179133858267
11
1.3509645669291339
21
0.390059094488189
0
LINE
8
BLACK
6
CONTINUOUS
10
1.3509645669291339
20
0.390059094488189
11
1.3601124409448819
21
0.390059094488189
0
LINE
8
BLACK
6
CONTINUOUS
10
1.3601124409448819
20
0.390059094488189
11
1.3601127559055117
21
0.390059094488189
0
LINE
8
BLACK
6
CONTINUOUS
10
1.3601127559055117
20
0.390059094488189
11
1.3601133464566928
21
0.3900591732283464
0
LINE
8
BLACK
6
CONTINUOUS
10
1.3601133464566928
20
0.3900591732283464
11
1.3601134645669291
21
0.3900591732283464
0
LINE
8
BLACK
6
CONTINUOUS
10
1.3601134645669291
20
0.3900591732283464
11
1.3611018503937007
21
0.3901737795275591
0
LINE
8
BLACK
6
CONTINUOUS
10
1.3611018503937007
20
0.3901737795275591
11
1.3611018897637794
21
0.3901738188976378
0
LINE
8
BLACK
6
CONTINUOUS
10
1.3611018897637794
20
0.3901738188976378
11
1.3611020078740157
21
0.3901738188976378
0
LINE
8
BLACK
6
CONTINUOUS
10
1.3611020078740157
20
0.3901738188976378
11
1.3651482283464567
21
0.3919603937007874
0
LINE
8
BLACK
6
CONTINUOUS
10
1.3651482283464567
20
0.3919603937007874
11
1.3682758267716535
21
0.3950879921259842
0
LINE
8
BLACK
6
CONTINUOUS
10
1.3682758267716535
20
0.3950879921259842
11
1.3700624015748031
21
0.3991342125984252
0
LINE
8
BLACK
6
CONTINUOUS
10
1.3700624015748031
20
0.3991342125984252
11
1.3701771653543307
21
0.4001234251968504
0
LINE
8
BLACK
6
CONTINUOUS
10
1.3701771653543307
20
0.4001234251968504
11
1.3701771259842519
21
0.463656062992126
0
LINE
8
BLACK
6
CONTINUOUS
10
1.3701771259842519
20
0.463656062992126
11
1.3701771259842519
21
0.4636561417322835
0
LINE
8
BLACK
6
CONTINUOUS
10
1.3701771259842519
20
0.4636561417322835
11
1.3701771259842519
21
0.4636562992125984
0
LINE
8
BLACK
6
CONTINUOUS
10
1.3701771259842519
20
0.4636562992125984
11
1.3700624409448818
21
0.4646451968503937
0
LINE
8
BLACK
6
CONTINUOUS
10
1.3700624409448818
20
0.4646451968503937
11
1.3700624015748031
21
0.4646452755905512
0
LINE
8
BLACK
6
CONTINUOUS
10
1.3700624015748031
20
0.4646452755905512
11
1.3700624015748031
21
0.4646453149606299
0
LINE
8
BLACK
6
CONTINUOUS
10
1.3700624015748031
20
0.4646453149606299
11
1.3682758267716535
21
0.4686915354330708
0
LINE
8
BLACK
6
CONTINUOUS
10
1.3682758267716535
20
0.4686915354330708
11
1.3651482283464567
21
0.4718191338582677
0
LINE
8
BLACK
6
CONTINUOUS
10
1.3651482283464567
20
0.4718191338582677
11
1.3621952755905511
21
0.4731229921259842
0
LINE
8
BLACK
6
CONTINUOUS
10
1.3621952755905511
20
0.4731229921259842
11
1.3611020472440944
21
0.4736057086614173
0
LINE
8
BLACK
6
CONTINUOUS
10
1.3611020472440944
20
0.4736057086614173
11
1.3601129133858267
21
0.4737204724409449
0
LINE
8
BLACK
6
CONTINUOUS
10
1.3601129133858267
20
0.4737204724409449
11
1.3601127952755905
21
0.4737204724409449
0
LINE
8
BLACK
6
CONTINUOUS
10
1.3601127952755905
20
0.4737204724409449
11
1.3509645669291339
21
0.4737204724409449
0
LINE
8
BLACK
6
CONTINUOUS
10
1.3509645669291339
20
0.4737204724409449
11
1.3483252362204725
21
0.4744954724409449
0
LINE
8
BLACK
6
CONTINUOUS
10
1.3483252362204725
20
0.4744954724409449
11
1.3465238582677166
21
0.4765743700787402
0
LINE
8
BLACK
6
CONTINUOUS
10
1.3465238582677166
20
0.4765743700787402
11
1.3460826771653542
21
0.4786023622047244
0
LINE
8
BLACK
6
CONTINUOUS
10
1.3460826771653542
20
0.4786023622047244
11
1.3460826771653542
21
0.956773031496063
0
LINE
8
BLACK
6
CONTINUOUS
10
1.3460826771653542
20
0.956773031496063
11
1.3468576771653542
21
0.9594123622047244
0
LINE
8
BLACK
6
CONTINUOUS
10
1.3468576771653542
20
0.9594123622047244
11
1.347512559055118
21
0.9602250393700787
0
LINE
8
BLACK
6
CONTINUOUS
10
1.347512559055118
20
0.9602250393700787
11
1.4185775196850394
21
1.03129
0
LINE
8
BLACK
6
CONTINUOUS
10
1.4185775196850394
20
1.03129
11
1.490570433070866
21
1.1032829133858268
0
LINE
8
BLACK
6
CONTINUOUS
10
1.490570433070866
20
1.1032829133858268
11
1.492905472440945
21
1.1073272834645669
0
LINE
8
BLACK
6
CONTINUOUS
10
1.492905472440945
20
1.1073272834645669
11
1.4933240551181102
21
1.1088895275590551
0
LINE
8
BLACK
6
CONTINUOUS
10
1.4933240551181102
20
1.1088895275590551
11
1.4941141732283465
21
1.1118382283464567
0
LINE
8
BLACK
6
CONTINUOUS
10
1.4941141732283465
20
1.1118382283464567
11
1.4941141732283465
21
1.4074830708661417
0
LINE
8
BLACK
6
CONTINUOUS
10
1.4941141732283465
20
1.4074830708661417
11
1.4948891732283465
21
1.4101224015748031
0
LINE
8
BLACK
6
CONTINUOUS
10
1.4948891732283465
20
1.4101224015748031
11
1.4951231496062991
21
1.4104551968503938
0
LINE
8
BLACK
6
CONTINUOUS
10
1.4951231496062991
20
1.4104551968503938
11
1.4952957480314961
21
1.4106801968503937
0
LINE
8
BLACK
6
CONTINUOUS
10
1.4952957480314961
20
1.4106801968503937
11
1.4952960629921259
21
1.4106804724409447
0
LINE
8
BLACK
6
CONTINUOUS
10
1.4952960629921259
20
1.4106804724409447
11
1.4984085433070866
21
1.4160714960629921
0
LINE
8
BLACK
6
CONTINUOUS
10
1.4984085433070866
20
1.4160714960629921
11
1.5000196850393701
21
1.4220843700787402
0
LINE
8
BLACK
6
CONTINUOUS
10
1.5000196850393701
20
1.4220843700787402
11
1.5000196850393701
21
1.4283093307086614
0
LINE
8
BLACK
6
CONTINUOUS
10
1.5000196850393701
20
1.4283093307086614
11
1.4984085433070866
21
1.4343222047244095
0
LINE
8
BLACK
6
CONTINUOUS
10
1.4984085433070866
20
1.4343222047244095
11
1.4968466141732284
21
1.437027559055118
0
LINE
8
BLACK
6
CONTINUOUS
10
1.4968466141732284
20
1.437027559055118
11
1.4952962204724409
21
1.4397129921259841
0
LINE
8
BLACK
6
CONTINUOUS
10
1.4952962204724409
20
1.4397129921259841
11
1.4952959842519684
21
1.4397133070866142
0
LINE
8
BLACK
6
CONTINUOUS
10
1.4952959842519684
20
1.4397133070866142
11
1.49089437007874
21
1.4441149212598425
0
LINE
8
BLACK
6
CONTINUOUS
10
1.49089437007874
20
1.4441149212598425
11
1.4908940551181102
21
1.4441151574803148
0
LINE
8
BLACK
6
CONTINUOUS
10
1.4908940551181102
20
1.4441151574803148
11
1.4855035433070867
21
1.4472273228346457
0
LINE
8
BLACK
6
CONTINUOUS
10
1.4855035433070867
20
1.4472273228346457
11
1.4855033858267717
21
1.447227401574803
0
LINE
8
BLACK
6
CONTINUOUS
10
1.4855033858267717
20
1.447227401574803
11
1.4855033070866142
21
1.4472274409448818
0
LINE
8
BLACK
6
CONTINUOUS
10
1.4855033070866142
20
1.4472274409448818
11
1.479490433070866
21
1.4488385826771653
0
LINE
8
BLACK
6
CONTINUOUS
10
1.479490433070866
20
1.4488385826771653
11
1.4732654724409449
21
1.4488385826771653
0
LINE
8
BLACK
6
CONTINUOUS
10
1.4732654724409449
20
1.4488385826771653
11
1.4672525984251967
21
1.4472274409448818
0
LINE
8
BLACK
6
CONTINUOUS
10
1.4672525984251967
20
1.4472274409448818
11
1.4672523228346457
21
1.4472273228346457
0
LINE
8
BLACK
6
CONTINUOUS
10
1.4672523228346457
20
1.4472273228346457
11
1.4618618110236221
21
1.4441151574803148
0
LINE
8
BLACK
6
CONTINUOUS
10
1.4618618110236221
20
1.4441151574803148
11
1.4618614960629921
21
1.4441149212598425
0
LINE
8
BLACK
6
CONTINUOUS
10
1.4618614960629921
20
1.4441149212598425
11
1.4574598818897637
21
1.4397133070866142
0
LINE
8
BLACK
6
CONTINUOUS
10
1.4574598818897637
20
1.4397133070866142
11
1.4574596456692912
21
1.4397129921259841
0
LINE
8
BLACK
6
CONTINUOUS
10
1.4574596456692912
20
1.4397129921259841
11
1.4543474803149605
21
1.4343224803149606
0
LINE
8
BLACK
6
CONTINUOUS
10
1.4543474803149605
20
1.4343224803149606
11
1.4543473622047243
21
1.4343222047244095
0
LINE
8
BLACK
6
CONTINUOUS
10
1.4543473622047243
20
1.4343222047244095
11
1.452736220472441
21
1.4283093307086614
0
LINE
8
BLACK
6
CONTINUOUS
10
1.452736220472441
20
1.4283093307086614
11
1.452736220472441
21
1.4220843700787402
0
LINE
8
BLACK
6
CONTINUOUS
10
1.452736220472441
20
1.4220843700787402
11
1.4542875590551181
21
1.4162947637795276
0
LINE
8
BLACK
6
CONTINUOUS
10
1.4542875590551181
20
1.4162947637795276
11
1.4543473622047243
21
1.4160715354330708
0
LINE
8
BLACK
6
CONTINUOUS
10
1.4543473622047243
20
1.4160715354330708
11
1.4543474803149605
21
1.4160712598425196
0
LINE
8
BLACK
6
CONTINUOUS
10
1.4543474803149605
20
1.4160712598425196
11
1.4574595669291339
21
1.4106808661417323
0
LINE
8
BLACK
6
CONTINUOUS
10
1.4574595669291339
20
1.4106808661417323
11
1.4574597244094487
21
1.4106806299212598
0
LINE
8
BLACK
6
CONTINUOUS
10
1.4574597244094487
20
1.4106806299212598
11
1.457459842519685
21
1.4106804724409447
0
LINE
8
BLACK
6
CONTINUOUS
10
1.457459842519685
20
1.4106804724409447
11
1.4574599212598425
21
1.4106803937007875
0
LINE
8
BLACK
6
CONTINUOUS
10
1.4574599212598425
20
1.4106803937007875
11
1.4576327559055118
21
1.4104551968503938
0
LINE
8
BLACK
6
CONTINUOUS
10
1.4576327559055118
20
1.4104551968503938
11
1.4586247637795275
21
1.4078895275590551
0
LINE
8
BLACK
6
CONTINUOUS
10
1.4586247637795275
20
1.4078895275590551
11
1.4586417322834646
21
1.4074830708661417
0
LINE
8
BLACK
6
CONTINUOUS
10
1.4586417322834646
20
1.4074830708661417
11
1.4586417322834646
21
1.1235419291338582
0
LINE
8
BLACK
6
CONTINUOUS
10
1.4586417322834646
20
1.1235419291338582
11
1.4578667322834646
21
1.1209025984251968
0
LINE
8
BLACK
6
CONTINUOUS
10
1.4578667322834646
20
1.1209025984251968
11
1.4572118503937008
21
1.1200899212598425
0
LINE
8
BLACK
6
CONTINUOUS
10
1.4572118503937008
20
1.1200899212598425
11
1.3141540551181101
21
0.9770321653543307
0
LINE
8
BLACK
6
CONTINUOUS
10
1.3141540551181101
20
0.9770321653543307
11
1.3141538976377953
21
0.9770319291338583
0
LINE
8
BLACK
6
CONTINUOUS
10
1.3141538976377953
20
0.9770319291338583
11
1.3118189370078739
21
0.972987716535433
0
LINE
8
BLACK
6
CONTINUOUS
10
1.3118189370078739
20
0.972987716535433
11
1.3118188976377954
21
0.9729875196850394
0
LINE
8
BLACK
6
CONTINUOUS
10
1.3118188976377954
20
0.9729875196850394
11
1.3106102362204723
21
0.9684767322834645
0
LINE
8
BLACK
6
CONTINUOUS
10
1.3106102362204723
20
0.9684767322834645
11
1.3106102362204723
21
0.4786023622047244
0
LINE
8
BLACK
6
CONTINUOUS
10
1.3106102362204723
20
0.4786023622047244
11
1.3098352362204724
21
0.475963031496063
0
LINE
8
BLACK
6
CONTINUOUS
10
1.3098352362204724
20
0.475963031496063
11
1.3077563385826771
21
0.4741616535433071
0
LINE
8
BLACK
6
CONTINUOUS
10
1.3077563385826771
20
0.4741616535433071
11
1.3057283858267716
21
0.4737204724409449
0
LINE
8
BLACK
6
CONTINUOUS
10
1.3057283858267716
20
0.4737204724409449
11
1.2965804330708661
21
0.4737204724409449
0
LINE
8
BLACK
6
CONTINUOUS
10
1.2965804330708661
20
0.4737204724409449
11
1.2965794094488188
21
0.4737203937007874
0
LINE
8
BLACK
6
CONTINUOUS
10
1.2965794094488188
20
0.4737203937007874
11
1.2955910236220471
21
0.4736057874015748
0
LINE
8
BLACK
6
CONTINUOUS
10
1.2955910236220471
20
0.4736057874015748
11
1.2955908661417324
21
0.4736057086614173
0
LINE
8
BLACK
6
CONTINUOUS
10
1.2955908661417324
20
0.4736057086614173
11
1.2915446850393701
21
0.4718191732283464
0
LINE
8
BLACK
6
CONTINUOUS
10
1.2915446850393701
20
0.4718191732283464
11
1.2884170866141731
21
0.4686915748031496
0
LINE
8
BLACK
6
CONTINUOUS
10
1.2884170866141731
20
0.4686915748031496
11
1.2866305118110235
21
0.4646454330708661
0
LINE
8
BLACK
6
CONTINUOUS
10
1.2866305118110235
20
0.4646454330708661
11
1.2866305118110235
21
0.4646453543307086
0
LINE
8
BLACK
6
CONTINUOUS
10
1.2866305118110235
20
0.4646453543307086
11
1.2865157480314959
21
0.4636562598425197
0
LINE
8
BLACK
6
CONTINUOUS
10
1.2865157480314959
20
0.4636562598425197
11
1.2865157480314959
21
0.4001237795275591
0
LINE
8
BLACK
6
CONTINUOUS
10
1.586515748031496
20
0.4001237795275591
11
1.5865158267716535
21
0.4001227559055118
0
LINE
8
BLACK
6
CONTINUOUS
10
1.5865158267716535
20
0.4001227559055118
11
1.586630433070866
21
0.3991343700787401
0
LINE
8
BLACK
6
CONTINUOUS
10
1.586630433070866
20
0.3991343700787401
11
1.5866305118110235
21
0.3991342125984252
0
LINE
8
BLACK
6
CONTINUOUS
10
1.5866305118110235
20
0.3991342125984252
11
1.5884170472440944
21
0.395088031496063
0
LINE
8
BLACK
6
CONTINUOUS
10
1.5884170472440944
20
0.395088031496063
11
1.5884170866141731
21
0.3950879921259842
0
LINE
8
BLACK
6
CONTINUOUS
10
1.5884170866141731
20
0.3950879921259842
11
1.59154468503937
21
0.3919603937007874
0
LINE
8
BLACK
6
CONTINUOUS
10
1.59154468503937
20
0.3919603937007874
11
1.5955909055118109
21
0.3901738188976378
0
LINE
8
BLACK
6
CONTINUOUS
10
1.5955909055118109
20
0.3901738188976378
11
1.5965801181102361
21
0.3900590551181102
0
LINE
8
BLACK
6
CONTINUOUS
10
1.5965801181102361
20
0.3900590551181102
11
1.6057283464566929
21
0.390059094488189
0
LINE
8
BLACK
6
CONTINUOUS
10
1.6057283464566929
20
0.390059094488189
11
1.6060702755905512
21
0.3899587007874016
0
LINE
8
BLACK
6
CONTINUOUS
10
1.6060702755905512
20
0.3899587007874016
11
1.6064231102362205
21
0.3900094094488189
0
LINE
8
BLACK
6
CONTINUOUS
10
1.6064231102362205
20
0.3900094094488189
11
1.6073694488188977
21
0.3895772440944882
0
LINE
8
BLACK
6
CONTINUOUS
10
1.6073694488188977
20
0.3895772440944882
11
1.6083676771653543
21
0.3892841338582677
0
LINE
8
BLACK
6
CONTINUOUS
10
1.6083676771653543
20
0.3892841338582677
11
1.6086010629921259
21
0.3890147637795275
0
LINE
8
BLACK
6
CONTINUOUS
10
1.6086010629921259
20
0.3890147637795275
11
1.60892531496063
21
0.3888666929133858
0
LINE
8
BLACK
6
CONTINUOUS
10
1.60892531496063
20
0.3888666929133858
11
1.6094877559055119
21
0.3879914566929134
0
LINE
8
BLACK
6
CONTINUOUS
10
1.6094877559055119
20
0.3879914566929134
11
1.6101690551181103
21
0.3872052362204724
0
LINE
8
BLACK
6
CONTINUOUS
10
1.6101690551181103
20
0.3872052362204724
11
1.6102590944881889
21
0.3867912598425197
0
LINE
8
BLACK
6
CONTINUOUS
10
1.6102590944881889
20
0.3867912598425197
11
1.6104124803149606
21
0.3865525984251968
0
LINE
8
BLACK
6
CONTINUOUS
10
1.6104124803149606
20
0.3865525984251968
11
1.6106102362204724
21
0.3851772047244094
0
LINE
8
BLACK
6
CONTINUOUS
10
1.6106102362204724
20
0.3851772047244094
11
1.6106102362204724
21
0.3786023622047244
0
LINE
8
BLACK
6
CONTINUOUS
10
1.6106102362204724
20
0.3786023622047244
11
1.6098352362204724
21
0.375963031496063
0
LINE
8
BLACK
6
CONTINUOUS
10
1.6098352362204724
20
0.375963031496063
11
1.6077563385826772
21
0.3741616535433071
0
LINE
8
BLACK
6
CONTINUOUS
10
1.6077563385826772
20
0.3741616535433071
11
1.6057283858267717
21
0.3737204724409449
0
LINE
8
BLACK
6
CONTINUOUS
10
1.6057283858267717
20
0.3737204724409449
11
1.5965804330708662
21
0.3737204724409449
0
LINE
8
BLACK
6
CONTINUOUS
10
1.5965804330708662
20
0.3737204724409449
11
1.5965794094488188
21
0.3737203937007874
0
LINE
8
BLACK
6
CONTINUOUS
10
1.5965794094488188
20
0.3737203937007874
11
1.5955910236220472
21
0.3736057874015748
0
LINE
8
BLACK
6
CONTINUOUS
10
1.5955910236220472
20
0.3736057874015748
11
1.5955908661417322
21
0.3736057086614173
0
LINE
8
BLACK
6
CONTINUOUS
10
1.5955908661417322
20
0.3736057086614173
11
1.59154468503937
21
0.3718191732283465
0
LINE
8
BLACK
6
CONTINUOUS
10
1.59154468503937
20
0.3718191732283465
11
1.5884170866141731
21
0.3686915748031496
0
LINE
8
BLACK
6
CONTINUOUS
10
1.5884170866141731
20
0.3686915748031496
11
1.5866305118110235
21
0.3646454330708661
0
LINE
8
BLACK
6
CONTINUOUS
10
1.5866305118110235
20
0.3646454330708661
11
1.5866305118110235
21
0.3646453543307087
0
LINE
8
BLACK
6
CONTINUOUS
10
1.5866305118110235
20
0.3646453543307087
11
1.586515748031496
21
0.3636562598425197
0
LINE
8
BLACK
6
CONTINUOUS
10
1.586515748031496
20
0.3636562598425197
11
1.586515748031496
21
0.300123779527559
0
LINE
8
BLACK
6
CONTINUOUS
10
1.586515748031496
20
0.300123779527559
11
1.5865158267716535
21
0.3001227559055118
0
LINE
8
BLACK
6
CONTINUOUS
10
1.5865158267716535
20
0.3001227559055118
11
1.586630433070866
21
0.2991343700787402
0
LINE
8
BLACK
6
CONTINUOUS
10
1.586630433070866
20
0.2991343700787402
11
1.5866305118110235
21
0.2991342125984252
0
LINE
8
BLACK
6
CONTINUOUS
10
1.5866305118110235
20
0.2991342125984252
11
1.5884170472440944
21
0.295088031496063
0
LINE
8
BLACK
6
CONTINUOUS
10
1.5884170472440944
20
0.295088031496063
11
1.5884170866141731
21
0.2950879921259842
0
LINE
8
BLACK
6
CONTINUOUS
10
1.5884170866141731
20
0.2950879921259842
11
1.59154468503937
21
0.2919603937007874
0
LINE
8
BLACK
6
CONTINUOUS
10
1.59154468503937
20
0.2919603937007874
11
1.5955909055118109
21
0.2901738188976378
0
LINE
8
BLACK
6
CONTINUOUS
10
1.5955909055118109
20
0.2901738188976378
11
1.5965801181102361
21
0.2900590551181103
0
LINE
8
BLACK
6
CONTINUOUS
10
1.5965801181102361
20
0.2900590551181103
11
1.6601127559055118
21
0.290059094488189
0
LINE
8
BLACK
6
CONTINUOUS
10
1.6601127559055118
20
0.290059094488189
11
1.6601133464566928
21
0.2900591732283465
0
LINE
8
BLACK
6
CONTINUOUS
10
1.6601133464566928
20
0.2900591732283465
11
1.6601134645669291
21
0.2900591732283465
0
LINE
8
BLACK
6
CONTINUOUS
10
1.6601134645669291
20
0.2900591732283465
11
1.6611018503937007
21
0.2901737795275591
0
LINE
8
BLACK
6
CONTINUOUS
10
1.6611018503937007
20
0.2901737795275591
11
1.6611018897637795
21
0.2901738188976378
0
LINE
8
BLACK
6
CONTINUOUS
10
1.6611018897637795
20
0.2901738188976378
11
1.6611020078740157
21
0.2901738188976378
0
LINE
8
BLACK
6
CONTINUOUS
10
1.6611020078740157
20
0.2901738188976378
11
1.6651482283464567
21
0.2919603937007874
0
LINE
8
BLACK
6
CONTINUOUS
10
1.6651482283464567
20
0.2919603937007874
11
1.6682758267716535
21
0.2950879921259842
0
LINE
8
BLACK
6
CONTINUOUS
10
1.6682758267716535
20
0.2950879921259842
11
1.6700624015748031
21
0.2991342125984252
0
LINE
8
BLACK
6
CONTINUOUS
10
1.6700624015748031
20
0.2991342125984252
11
1.6701771653543307
21
0.3001234251968504
0
LINE
8
BLACK
6
CONTINUOUS
10
1.6701771653543307
20
0.3001234251968504
11
1.6701771259842519
21
0.3341937007874016
0
LINE
8
BLACK
6
CONTINUOUS
10
1.6701771259842519
20
0.3341937007874016
11
1.6701771259842519
21
0.3636533464566929
0
LINE
8
BLACK
6
CONTINUOUS
10
1.6701771259842519
20
0.3636533464566929
11
1.6701771259842519
21
0.3636557874015748
0
LINE
8
BLACK
6
CONTINUOUS
10
1.6701771259842519
20
0.3636557874015748
11
1.6701771259842519
21
0.3636560236220472
0
LINE
8
BLACK
6
CONTINUOUS
10
1.6701771259842519
20
0.3636560236220472
11
1.6701771259842519
21
0.363656062992126
0
LINE
8
BLACK
6
CONTINUOUS
10
1.6701771259842519
20
0.363656062992126
11
1.6701770472440944
21
0.363656811023622
0
LINE
8
BLACK
6
CONTINUOUS
10
1.6701770472440944
20
0.363656811023622
11
1.6700624409448819
21
0.3646451968503937
0
LINE
8
BLACK
6
CONTINUOUS
10
1.6700624409448819
20
0.3646451968503937
11
1.6700624015748031
21
0.3646452755905512
0
LINE
8
BLACK
6
CONTINUOUS
10
1.6700624015748031
20
0.3646452755905512
11
1.6700624015748031
21
0.3646453149606299
0
LINE
8
BLACK
6
CONTINUOUS
10
1.6700624015748031
20
0.3646453149606299
11
1.6682758267716535
21
0.3686915354330709
0
LINE
8
BLACK
6
CONTINUOUS
10
1.6682758267716535
20
0.3686915354330709
11
1.6651482283464567
21
0.3718191338582677
0
LINE
8
BLACK
6
CONTINUOUS
10
1.6651482283464567
20
0.3718191338582677
11
1.6651481496062992
21
0.3718191732283465
0
LINE
8
BLACK
6
CONTINUOUS
10
1.6651481496062992
20
0.3718191732283465
11
1.6611020472440945
21
0.3736057086614173
0
LINE
8
BLACK
6
CONTINUOUS
10
1.6611020472440945
20
0.3736057086614173
11
1.6601129133858268
21
0.3737204724409449
0
LINE
8
BLACK
6
CONTINUOUS
10
1.6601129133858268
20
0.3737204724409449
11
1.6601127952755905
21
0.3737204724409449
0
LINE
8
BLACK
6
CONTINUOUS
10
1.6601127952755905
20
0.3737204724409449
11
1.6509645669291337
21
0.3737204724409449
0
LINE
8
BLACK
6
CONTINUOUS
10
1.6509645669291337
20
0.3737204724409449
11
1.6506225984251968
21
0.373820905511811
0
LINE
8
BLACK
6
CONTINUOUS
10
1.6506225984251968
20
0.373820905511811
11
1.6502698031496064
21
0.3737701574803149
0
LINE
8
BLACK
6
CONTINUOUS
10
1.6502698031496064
20
0.3737701574803149
11
1.6493233070866142
21
0.3742024015748032
0
LINE
8
BLACK
6
CONTINUOUS
10
1.6493233070866142
20
0.3742024015748032
11
1.6483252362204723
21
0.3744954724409449
0
LINE
8
BLACK
6
CONTINUOUS
10
1.6483252362204723
20
0.3744954724409449
11
1.6480918503937008
21
0.3747648031496063
0
LINE
8
BLACK
6
CONTINUOUS
10
1.6480918503937008
20
0.3747648031496063
11
1.6477675984251967
21
0.374912874015748
0
LINE
8
BLACK
6
CONTINUOUS
10
1.6477675984251967
20
0.374912874015748
11
1.647205
21
0.3757882677165355
0
LINE
8
BLACK
6
CONTINUOUS
10
1.647205
20
0.3757882677165355
11
1.6465238582677164
21
0.3765743700787402
0
LINE
8
BLACK
6
CONTINUOUS
10
1.6465238582677164
20
0.3765743700787402
11
1.646433779527559
21
0.3769883464566929
0
LINE
8
BLACK
6
CONTINUOUS
10
1.646433779527559
20
0.3769883464566929
11
1.646280433070866
21
0.377226968503937
0
LINE
8
BLACK
6
CONTINUOUS
10
1.646280433070866
20
0.377226968503937
11
1.6460826771653543
21
0.3786023622047244
0
LINE
8
BLACK
6
CONTINUOUS
10
1.6460826771653543
20
0.3786023622047244
11
1.6460826771653543
21
0.3851772047244094
0
LINE
8
BLACK
6
CONTINUOUS
10
1.6460826771653543
20
0.3851772047244094
11
1.6468576771653543
21
0.3878165354330709
0
LINE
8
BLACK
6
CONTINUOUS
10
1.6468576771653543
20
0.3878165354330709
11
1.6489365748031495
21
0.3896179133858267
0
LINE
8
BLACK
6
CONTINUOUS
10
1.6489365748031495
20
0.3896179133858267
11
1.6509645669291337
21
0.390059094488189
0
LINE
8
BLACK
6
CONTINUOUS
10
1.6509645669291337
20
0.390059094488189
11
1.6601124409448818
21
0.390059094488189
0
LINE
8
BLACK
6
CONTINUOUS
10
1.6601124409448818
20
0.390059094488189
11
1.6601127559055118
21
0.390059094488189
0
LINE
8
BLACK
6
CONTINUOUS
10
1.6601127559055118
20
0.390059094488189
11
1.6601133464566928
21
0.3900591732283464
0
LINE
8
BLACK
6
CONTINUOUS
10
1.6601133464566928
20
0.3900591732283464
11
1.6601134645669291
21
0.3900591732283464
0
LINE
8
BLACK
6
CONTINUOUS
10
1.6601134645669291
20
0.3900591732283464
11
1.6611018503937007
21
0.3901737795275591
0
LINE
8
BLACK
6
CONTINUOUS
10
1.6611018503937007
20
0.3901737795275591
11
1.6611018897637795
21
0.3901738188976378
0
LINE
8
BLACK
6
CONTINUOUS
10
1.6611018897637795
20
0.3901738188976378
11
1.6611020078740157
21
0.3901738188976378
0
LINE
8
BLACK
6
CONTINUOUS
10
1.6611020078740157
20
0.3901738188976378
11
1.6651482283464567
21
0.3919603937007874
0
LINE
8
BLACK
6
CONTINUOUS
10
1.6651482283464567
20
0.3919603937007874
11
1.6682758267716535
21
0.3950879921259842
0
LINE
8
BLACK
6
CONTINUOUS
10
1.6682758267716535
20
0.3950879921259842
11
1.6700624015748031
21
0.3991342125984252
0
LINE
8
BLACK
6
CONTINUOUS
10
1.6700624015748031
20
0.3991342125984252
11
1.6701771653543307
21
0.4001234251968504
0
LINE
8
BLACK
6
CONTINUOUS
10
1.6701771653543307
20
0.4001234251968504
11
1.6701771259842519
21
0.4341937007874015
0
LINE
8
BLACK
6
CONTINUOUS
10
1.6701771259842519
20
0.4341937007874015
11
1.6701771259842519
21
0.4636533464566929
0
LINE
8
BLACK
6
CONTINUOUS
10
1.6701771259842519
20
0.4636533464566929
11
1.6701771259842519
21
0.4636557874015748
0
LINE
8
BLACK
6
CONTINUOUS
10
1.6701771259842519
20
0.4636557874015748
11
1.6701771259842519
21
0.4636558267716535
0
LINE
8
BLACK
6
CONTINUOUS
10
1.6701771259842519
20
0.4636558267716535
11
1.6701771259842519
21
0.463656062992126
0
LINE
8
BLACK
6
CONTINUOUS
10
1.6701771259842519
20
0.463656062992126
11
1.6701770472440944
21
0.4636568503937008
0
LINE
8
BLACK
6
CONTINUOUS
10
1.6701770472440944
20
0.4636568503937008
11
1.6700624409448819
21
0.4646451968503937
0
LINE
8
BLACK
6
CONTINUOUS
10
1.6700624409448819
20
0.4646451968503937
11
1.6700624015748031
21
0.4646452755905512
0
LINE
8
BLACK
6
CONTINUOUS
10
1.6700624015748031
20
0.4646452755905512
11
1.6700624015748031
21
0.4646453149606299
0
LINE
8
BLACK
6
CONTINUOUS
10
1.6700624015748031
20
0.4646453149606299
11
1.6682758267716535
21
0.4686915354330708
0
LINE
8
BLACK
6
CONTINUOUS
10
1.6682758267716535
20
0.4686915354330708
11
1.6651482283464567
21
0.4718191338582677
0
LINE
8
BLACK
6
CONTINUOUS
10
1.6651482283464567
20
0.4718191338582677
11
1.6621952755905511
21
0.4731229921259842
0
LINE
8
BLACK
6
CONTINUOUS
10
1.6621952755905511
20
0.4731229921259842
11
1.6611020472440945
21
0.4736057086614173
0
LINE
8
BLACK
6
CONTINUOUS
10
1.6611020472440945
20
0.4736057086614173
11
1.6601129133858268
21
0.4737204724409449
0
LINE
8
BLACK
6
CONTINUOUS
10
1.6601129133858268
20
0.4737204724409449
11
1.6601127952755905
21
0.4737204724409449
0
LINE
8
BLACK
6
CONTINUOUS
10
1.6601127952755905
20
0.4737204724409449
11
1.6509645669291337
21
0.4737204724409449
0
LINE
8
BLACK
6
CONTINUOUS
10
1.6509645669291337
20
0.4737204724409449
11
1.6506225984251968
21
0.473820905511811
0
LINE
8
BLACK
6
CONTINUOUS
10
1.6506225984251968
20
0.473820905511811
11
1.6502698031496064
21
0.4737701574803149
0
LINE
8
BLACK
6
CONTINUOUS
10
1.6502698031496064
20
0.4737701574803149
11
1.6493233070866142
21
0.4742024015748031
0
LINE
8
BLACK
6
CONTINUOUS
10
1.6493233070866142
20
0.4742024015748031
11
1.6483252362204723
21
0.4744954724409449
0
LINE
8
BLACK
6
CONTINUOUS
10
1.6483252362204723
20
0.4744954724409449
11
1.6480918503937008
21
0.4747648031496063
0
LINE
8
BLACK
6
CONTINUOUS
10
1.6480918503937008
20
0.4747648031496063
11
1.6477675984251967
21
0.474912874015748
0
LINE
8
BLACK
6
CONTINUOUS
10
1.6477675984251967
20
0.474912874015748
11
1.647205
21
0.4757882677165354
0
LINE
8
BLACK
6
CONTINUOUS
10
1.647205
20
0.4757882677165354
11
1.6465238582677164
21
0.4765743700787402
0
LINE
8
BLACK
6
CONTINUOUS
10
1.6465238582677164
20
0.4765743700787402
11
1.646433779527559
21
0.4769883464566929
0
LINE
8
BLACK
6
CONTINUOUS
10
1.646433779527559
20
0.4769883464566929
11
1.646280433070866
21
0.477226968503937
0
LINE
8
BLACK
6
CONTINUOUS
10
1.646280433070866
20
0.477226968503937
11
1.6462408661417323
21
0.4775020472440945
0
LINE
8
BLACK
6
CONTINUOUS
10
1.6462408661417323
20
0.4775020472440945
11
1.6460826771653543
21
0.4786023622047244
0
LINE
8
BLACK
6
CONTINUOUS
10
1.6460826771653543
20
0.4786023622047244
11
1.6460826771653543
21
0.4851194881889764
0
LINE
8
BLACK
6
CONTINUOUS
10
1.6460826771653543
20
0.4851194881889764
11
1.6468576771653543
21
0.4877588188976378
0
LINE
8
BLACK
6
CONTINUOUS
10
1.6468576771653543
20
0.4877588188976378
11
1.6475125590551181
21
0.4885714960629921
0
LINE
8
BLACK
6
CONTINUOUS
10
1.6475125590551181
20
0.4885714960629921
11
1.6882687007874015
21
0.5293276377952756
0
LINE
8
BLACK
6
CONTINUOUS
10
1.6882687007874015
20
0.5293276377952756
11
1.692980590551181
21
0.5340395275590551
0
LINE
8
BLACK
6
CONTINUOUS
10
1.692980590551181
20
0.5340395275590551
11
1.7167448818897637
21
0.5578038188976377
0
LINE
8
BLACK
6
CONTINUOUS
10
1.7167448818897637
20
0.5578038188976377
11
1.7504129527559056
21
0.5914718897637795
0
LINE
8
BLACK
6
CONTINUOUS
10
1.7504129527559056
20
0.5914718897637795
11
1.7527479921259843
21
0.5955162598425197
0
LINE
8
BLACK
6
CONTINUOUS
10
1.7527479921259843
20
0.5955162598425197
11
1.753003346456693
21
0.5964694881889764
0
LINE
8
BLACK
6
CONTINUOUS
10
1.753003346456693
20
0.5964694881889764
11
1.7530033858267715
21
0.5964694881889764
0
LINE
8
BLACK
6
CONTINUOUS
10
1.7530033858267715
20
0.5964694881889764
11
1.7530033858267715
21
0.5964696456692913
0
LINE
8
BLACK
6
CONTINUOUS
10
1.7530033858267715
20
0.5964696456692913
11
1.7539566929133859
21
0.6000272047244094
0
LINE
8
BLACK
6
CONTINUOUS
10
1.7539566929133859
20
0.6000272047244094
11
1.7539566929133859
21
0.7147555905511811
0
LINE
8
BLACK
6
CONTINUOUS
10
1.7539566929133859
20
0.7147555905511811
11
1.7539566929133859
21
0.7805853937007874
0
LINE
8
BLACK
6
CONTINUOUS
10
1.7539566929133859
20
0.7805853937007874
11
1.7539566929133859
21
0.9262517716535433
0
LINE
8
BLACK
6
CONTINUOUS
10
1.7539566929133859
20
0.9262517716535433
11
1.7539566929133859
21
1.0262546850393701
0
LINE
8
BLACK
6
CONTINUOUS
10
1.7539566929133859
20
1.0262546850393701
11
1.7539566929133859
21
1.3684767322834646
0
LINE
8
BLACK
6
CONTINUOUS
10
1.7539566929133859
20
1.3684767322834646
11
1.7529462204724409
21
1.3722478346456692
0
LINE
8
BLACK
6
CONTINUOUS
10
1.7529462204724409
20
1.3722478346456692
11
1.7527480314960628
21
1.3729875196850394
0
LINE
8
BLACK
6
CONTINUOUS
10
1.7527480314960628
20
1.3729875196850394
11
1.7527479921259843
21
1.3729876377952757
0
LINE
8
BLACK
6
CONTINUOUS
10
1.7527479921259843
20
1.3729876377952757
11
1.7527479921259843
21
1.3729876771653542
0
LINE
8
BLACK
6
CONTINUOUS
10
1.7527479921259843
20
1.3729876771653542
11
1.7504129527559056
21
1.3770320472440944
0
LINE
8
BLACK
6
CONTINUOUS
10
1.7504129527559056
20
1.3770320472440944
11
1.6589251968503937
21
1.4685198031496063
0
LINE
8
BLACK
6
CONTINUOUS
10
1.6589251968503937
20
1.4685198031496063
11
1.6576068897637795
21
1.470934094488189
0
LINE
8
BLACK
6
CONTINUOUS
10
1.6576068897637795
20
1.470934094488189
11
1.6575370866141732
21
1.47133468503937
0
LINE
8
BLACK
6
CONTINUOUS
10
1.6575370866141732
20
1.47133468503937
11
1.6575
21
1.471616338582677
0
LINE
8
BLACK
6
CONTINUOUS
10
1.6575
20
1.471616338582677
11
1.6575
21
1.4716164173228345
0
LINE
8
BLACK
6
CONTINUOUS
10
1.6575
20
1.4716164173228345
11
1.6558888582677165
21
1.4776292913385827
0
LINE
8
BLACK
6
CONTINUOUS
10
1.6558888582677165
20
1.4776292913385827
11
1.654182283464567
21
1.4805851968503936
0
LINE
8
BLACK
6
CONTINUOUS
10
1.654182283464567
20
1.4805851968503936
11
1.6527765354330708
21
1.4830200787401575
0
LINE
8
BLACK
6
CONTINUOUS
10
1.6527765354330708
20
1.4830200787401575
11
1.6527762992125983
21
1.4830203937007873
0
LINE
8
BLACK
6
CONTINUOUS
10
1.6527762992125983
20
1.4830203937007873
11
1.6483746850393701
21
1.4874220078740157
0
LINE
8
BLACK
6
CONTINUOUS
10
1.6483746850393701
20
1.4874220078740157
11
1.6483743700787401
21
1.4874222440944882
0
LINE
8
BLACK
6
CONTINUOUS
10
1.6483743700787401
20
1.4874222440944882
11
1.6429838582677165
21
1.4905344094488189
0
LINE
8
BLACK
6
CONTINUOUS
10
1.6429838582677165
20
1.4905344094488189
11
1.6429837007874015
21
1.4905344881889764
0
LINE
8
BLACK
6
CONTINUOUS
10
1.6429837007874015
20
1.4905344881889764
11
1.642983622047244
21
1.4905345275590551
0
LINE
8
BLACK
6
CONTINUOUS
10
1.642983622047244
20
1.4905345275590551
11
1.6369707480314961
21
1.4921456692913386
0
LINE
8
BLACK
6
CONTINUOUS
10
1.6369707480314961
20
1.4921456692913386
11
1.6307457874015747
21
1.4921456692913386
0
LINE
8
BLACK
6
CONTINUOUS
10
1.6307457874015747
20
1.4921456692913386
11
1.6247329133858268
21
1.4905345275590551
0
LINE
8
BLACK
6
CONTINUOUS
10
1.6247329133858268
20
1.4905345275590551
11
1.6247326377952755
21
1.4905344094488189
0
LINE
8
BLACK
6
CONTINUOUS
10
1.6247326377952755
20
1.4905344094488189
11
1.619342125984252
21
1.4874222440944882
0
LINE
8
BLACK
6
CONTINUOUS
10
1.619342125984252
20
1.4874222440944882
11
1.619341811023622
21
1.4874220078740157
0
LINE
8
BLACK
6
CONTINUOUS
10
1.619341811023622
20
1.4874220078740157
11
1.6149401968503936
21
1.4830203937007873
0
LINE
8
BLACK
6
CONTINUOUS
10
1.6149401968503936
20
1.4830203937007873
11
1.6149399606299213
21
1.4830200787401575
0
LINE
8
BLACK
6
CONTINUOUS
10
1.6149399606299213
20
1.4830200787401575
11
1.6118277952755906
21
1.4776295669291337
0
LINE
8
BLACK
6
CONTINUOUS
10
1.6118277952755906
20
1.4776295669291337
11
1.6118276771653544
21
1.4776292913385827
0
LINE
8
BLACK
6
CONTINUOUS
10
1.6118276771653544
20
1.4776292913385827
11
1.6102165354330709
21
1.4716164173228345
0
LINE
8
BLACK
6
CONTINUOUS
10
1.6102165354330709
20
1.4716164173228345
11
1.6102165354330709
21
1.4653914960629921
0
LINE
8
BLACK
6
CONTINUOUS
10
1.6102165354330709
20
1.4653914960629921
11
1.6118276771653544
21
1.459378622047244
0
LINE
8
BLACK
6
CONTINUOUS
10
1.6118276771653544
20
1.459378622047244
11
1.6118277952755906
21
1.459378346456693
0
LINE
8
BLACK
6
CONTINUOUS
10
1.6118277952755906
20
1.459378346456693
11
1.6149399606299213
21
1.4539878346456692
0
LINE
8
BLACK
6
CONTINUOUS
10
1.6149399606299213
20
1.4539878346456692
11
1.6149401181102361
21
1.4539876377952756
0
LINE
8
BLACK
6
CONTINUOUS
10
1.6149401181102361
20
1.4539876377952756
11
1.6149401574803148
21
1.4539875590551181
0
LINE
8
BLACK
6
CONTINUOUS
10
1.6149401574803148
20
1.4539875590551181
11
1.6193418897637795
21
1.4495858267716535
0
LINE
8
BLACK
6
CONTINUOUS
10
1.6193418897637795
20
1.4495858267716535
11
1.619341968503937
21
1.4495857874015747
0
LINE
8
BLACK
6
CONTINUOUS
10
1.619341968503937
20
1.4495857874015747
11
1.619342125984252
21
1.4495856692913385
0
LINE
8
BLACK
6
CONTINUOUS
10
1.619342125984252
20
1.4495856692913385
11
1.6234267716535433
21
1.4472274409448818
0
LINE
8
BLACK
6
CONTINUOUS
10
1.6234267716535433
20
1.4472274409448818
11
1.6247329133858268
21
1.4464733464566928
0
LINE
8
BLACK
6
CONTINUOUS
10
1.6247329133858268
20
1.4464733464566928
11
1.6307457874015747
21
1.4448622047244095
0
LINE
8
BLACK
6
CONTINUOUS
10
1.6307457874015747
20
1.4448622047244095
11
1.6307458661417322
21
1.4448622047244095
0
LINE
8
BLACK
6
CONTINUOUS
10
1.6307458661417322
20
1.4448622047244095
11
1.6310275196850392
21
1.4448251181102363
0
LINE
8
BLACK
6
CONTINUOUS
10
1.6310275196850392
20
1.4448251181102363
11
1.6335431496062991
21
1.4437123228346456
0
LINE
8
BLACK
6
CONTINUOUS
10
1.6335431496062991
20
1.4437123228346456
11
1.6338424015748032
21
1.4434370078740157
0
LINE
8
BLACK
6
CONTINUOUS
10
1.6338424015748032
20
1.4434370078740157
11
1.7170543700787402
21
1.3602250393700788
0
LINE
8
BLACK
6
CONTINUOUS
10
1.7170543700787402
20
1.3602250393700788
11
1.7183726771653542
21
1.357810748031496
0
LINE
8
BLACK
6
CONTINUOUS
10
1.7183726771653542
20
1.357810748031496
11
1.718484251968504
21
1.3567730314960629
0
LINE
8
BLACK
6
CONTINUOUS
10
1.718484251968504
20
1.3567730314960629
11
1.718484251968504
21
0.611730905511811
0
LINE
8
BLACK
6
CONTINUOUS
10
1.718484251968504
20
0.611730905511811
11
1.717709251968504
21
0.6090915748031496
0
LINE
8
BLACK
6
CONTINUOUS
10
1.717709251968504
20
0.6090915748031496
11
1.7170543700787402
21
0.6082788976377953
0
LINE
8
BLACK
6
CONTINUOUS
10
1.7170543700787402
20
0.6082788976377953
11
1.6141540551181102
21
0.505378622047244
0
LINE
8
BLACK
6
CONTINUOUS
10
1.6141540551181102
20
0.505378622047244
11
1.6141538976377952
21
0.5053783858267716
0
LINE
8
BLACK
6
CONTINUOUS
10
1.6141538976377952
20
0.5053783858267716
11
1.6118189370078739
21
0.5013341732283464
0
LINE
8
BLACK
6
CONTINUOUS
10
1.6118189370078739
20
0.5013341732283464
11
1.6118188976377952
21
0.5013339763779527
0
LINE
8
BLACK
6
CONTINUOUS
10
1.6118188976377952
20
0.5013339763779527
11
1.6106102362204724
21
0.4968231889763779
0
LINE
8
BLACK
6
CONTINUOUS
10
1.6106102362204724
20
0.4968231889763779
11
1.6106102362204724
21
0.4786023622047244
0
LINE
8
BLACK
6
CONTINUOUS
10
1.6106102362204724
20
0.4786023622047244
11
1.6098352362204724
21
0.475963031496063
0
LINE
8
BLACK
6
CONTINUOUS
10
1.6098352362204724
20
0.475963031496063
11
1.6077563385826772
21
0.4741616535433071
0
LINE
8
BLACK
6
CONTINUOUS
10
1.6077563385826772
20
0.4741616535433071
11
1.6057283858267717
21
0.4737204724409449
0
LINE
8
BLACK
6
CONTINUOUS
10
1.6057283858267717
20
0.4737204724409449
11
1.5965804330708662
21
0.4737204724409449
0
LINE
8
BLACK
6
CONTINUOUS
10
1.5965804330708662
20
0.4737204724409449
11
1.5965794094488188
21
0.4737203937007874
0
LINE
8
BLACK
6
CONTINUOUS
10
1.5965794094488188
20
0.4737203937007874
11
1.5955910236220472
21
0.4736057874015748
0
LINE
8
BLACK
6
CONTINUOUS
10
1.5955910236220472
20
0.4736057874015748
11
1.5955908661417322
21
0.4736057086614173
0
LINE
8
BLACK
6
CONTINUOUS
10
1.5955908661417322
20
0.4736057086614173
11
1.59154468503937
21
0.4718191732283464
0
LINE
8
BLACK
6
CONTINUOUS
10
1.59154468503937
20
0.4718191732283464
11
1.5884170866141731
21
0.4686915748031496
0
LINE
8
BLACK
6
CONTINUOUS
10
1.5884170866141731
20
0.4686915748031496
11
1.5866305118110235
21
0.4646454330708661
0
LINE
8
BLACK
6
CONTINUOUS
10
1.5866305118110235
20
0.4646454330708661
11
1.5866305118110235
21
0.4646453543307086
0
LINE
8
BLACK
6
CONTINUOUS
10
1.5866305118110235
20
0.4646453543307086
11
1.586515748031496
21
0.4636562598425197
0
LINE
8
BLACK
6
CONTINUOUS
10
1.586515748031496
20
0.4636562598425197
11
1.586515748031496
21
0.4001237795275591
0
LINE
8
BLACK
6
CONTINUOUS
10
2.2118109842519686
20
0.3640974015748031
11
2.2139519685039368
21
0.3628612992125984
0
LINE
8
BLACK
6
CONTINUOUS
10
2.2139519685039368
20
0.3628612992125984
11
2.2175856692913385
21
0.3592275984251969
0
LINE
8
BLACK
6
CONTINUOUS
10
2.2175856692913385
20
0.3592275984251969
11
2.2201550787401576
21
0.3547772440944882
0
LINE
8
BLACK
6
CONTINUOUS
10
2.2201550787401576
20
0.3547772440944882
11
2.2214850787401574
21
0.3498135039370079
0
LINE
8
BLACK
6
CONTINUOUS
10
2.2214850787401574
20
0.3498135039370079
11
2.221653503937008
21
0.347244094488189
0
LINE
8
BLACK
6
CONTINUOUS
10
2.221653503937008
20
0.347244094488189
11
2.221653503937008
21
0.3374015748031496
0
LINE
8
BLACK
6
CONTINUOUS
10
2.221653503937008
20
0.3374015748031496
11
2.2334645275590552
21
0.3374015748031496
0
LINE
8
BLACK
6
CONTINUOUS
10
2.2334645275590552
20
0.3374015748031496
11
2.2334645275590552
21
0.350346220472441
0
LINE
8
BLACK
6
CONTINUOUS
10
2.2334645275590552
20
0.350346220472441
11
2.2334644881889765
21
0.3503463779527559
0
LINE
8
BLACK
6
CONTINUOUS
10
2.2334644881889765
20
0.3503463779527559
11
2.2322542125984253
21
0.3564308661417322
0
LINE
8
BLACK
6
CONTINUOUS
10
2.2322542125984253
20
0.3564308661417322
11
2.2322541338582678
21
0.3564311811023622
0
LINE
8
BLACK
6
CONTINUOUS
10
2.2322541338582678
20
0.3564311811023622
11
2.2298799606299213
21
0.3621629921259842
0
LINE
8
BLACK
6
CONTINUOUS
10
2.2298799606299213
20
0.3621629921259842
11
2.2298797637795276
21
0.3621633464566929
0
LINE
8
BLACK
6
CONTINUOUS
10
2.2298797637795276
20
0.3621633464566929
11
2.2264330708661415
21
0.3673216535433071
0
LINE
8
BLACK
6
CONTINUOUS
10
2.2264330708661415
20
0.3673216535433071
11
2.2264329527559052
21
0.367321811023622
0
LINE
8
BLACK
6
CONTINUOUS
10
2.2264329527559052
20
0.367321811023622
11
2.2220461417322834
21
0.3717086220472441
0
LINE
8
BLACK
6
CONTINUOUS
10
2.2220461417322834
20
0.3717086220472441
11
2.2220459842519684
21
0.3717087401574803
0
LINE
8
BLACK
6
CONTINUOUS
10
2.2220459842519684
20
0.3717087401574803
11
2.2168876771653543
21
0.3751554330708661
0
LINE
8
BLACK
6
CONTINUOUS
10
2.2168876771653543
20
0.3751554330708661
11
2.2168872834645668
21
0.3751556299212598
0
LINE
8
BLACK
6
CONTINUOUS
10
2.2168872834645668
20
0.3751556299212598
11
2.2118109842519686
21
0.3772583070866142
0
LINE
8
BLACK
6
CONTINUOUS
10
2.2118109842519686
20
0.3772583070866142
11
2.2118109842519686
21
0.3640974015748031
0
LINE
8
BLACK
6
CONTINUOUS
10
1.8920967322834645
20
0.3564308661417322
11
1.892096653543307
21
0.3564311811023622
0
LINE
8
BLACK
6
CONTINUOUS
10
1.892096653543307
20
0.3564311811023622
11
1.8897224803149606
21
0.3621629921259842
0
LINE
8
BLACK
6
CONTINUOUS
10
1.8897224803149606
20
0.3621629921259842
11
1.8897222834645668
21
0.3621633464566929
0
LINE
8
BLACK
6
CONTINUOUS
10
1.8897222834645668
20
0.3621633464566929
11
1.886275590551181
21
0.3673216535433071
0
LINE
8
BLACK
6
CONTINUOUS
10
1.886275590551181
20
0.3673216535433071
11
1.8862754724409447
21
0.367321811023622
0
LINE
8
BLACK
6
CONTINUOUS
10
1.8862754724409447
20
0.367321811023622
11
1.8818886614173227
21
0.3717086220472441
0
LINE
8
BLACK
6
CONTINUOUS
10
1.8818886614173227
20
0.3717086220472441
11
1.8818885039370079
21
0.3717087401574803
0
LINE
8
BLACK
6
CONTINUOUS
10
1.8818885039370079
20
0.3717087401574803
11
1.8767301968503936
21
0.3751554330708661
0
LINE
8
BLACK
6
CONTINUOUS
10
1.8767301968503936
20
0.3751554330708661
11
1.8767298031496062
21
0.3751556299212598
0
LINE
8
BLACK
6
CONTINUOUS
10
1.8767298031496062
20
0.3751556299212598
11
1.8716535039370079
21
0.3772583070866142
0
LINE
8
BLACK
6
CONTINUOUS
10
1.8716535039370079
20
0.3772583070866142
11
1.8716535039370079
21
0.3640974015748031
0
LINE
8
BLACK
6
CONTINUOUS
10
1.8716535039370079
20
0.3640974015748031
11
1.8737944881889763
21
0.3628612992125984
0
LINE
8
BLACK
6
CONTINUOUS
10
1.8737944881889763
20
0.3628612992125984
11
1.877428188976378
21
0.3592275984251969
0
LINE
8
BLACK
6
CONTINUOUS
10
1.877428188976378
20
0.3592275984251969
11
1.8799975984251969
21
0.3547772440944882
0
LINE
8
BLACK
6
CONTINUOUS
10
1.8799975984251969
20
0.3547772440944882
11
1.8813275984251967
21
0.3498135039370079
0
LINE
8
BLACK
6
CONTINUOUS
10
1.8813275984251967
20
0.3498135039370079
11
1.8814960236220473
21
0.347244094488189
0
LINE
8
BLACK
6
CONTINUOUS
10
1.8814960236220473
20
0.347244094488189
11
1.8814960236220473
21
0.3374015748031496
0
LINE
8
BLACK
6
CONTINUOUS
10
1.8814960236220473
20
0.3374015748031496
11
1.8933070472440945
21
0.3374015748031496
0
LINE
8
BLACK
6
CONTINUOUS
10
1.8933070472440945
20
0.3374015748031496
11
1.8933070472440945
21
0.350346220472441
0
LINE
8
BLACK
6
CONTINUOUS
10
1.8933070472440945
20
0.350346220472441
11
1.8933070078740157
21
0.3503463779527559
0
LINE
8
BLACK
6
CONTINUOUS
10
1.8933070078740157
20
0.3503463779527559
11
1.8920967322834645
21
0.3564308661417322
0
LINE
8
BLACK
6
CONTINUOUS
10
1.7701574409448819
20
0.3636529921259842
11
1.7701573622047244
21
0.3636538976377953
0
LINE
8
BLACK
6
CONTINUOUS
10
1.7701573622047244
20
0.3636538976377953
11
1.7700429527559054
21
0.3646405511811023
0
LINE
8
BLACK
6
CONTINUOUS
10
1.7700429527559054
20
0.3646405511811023
11
1.7700429133858266
21
0.3646407086614173
0
LINE
8
BLACK
6
CONTINUOUS
10
1.7700429133858266
20
0.3646407086614173
11
1.7682593700787401
21
0.3686801181102362
0
LINE
8
BLACK
6
CONTINUOUS
10
1.7682593700787401
20
0.3686801181102362
11
1.7682592519685039
21
0.3686803149606299
0
LINE
8
BLACK
6
CONTINUOUS
10
1.7682592519685039
20
0.3686803149606299
11
1.7651369685039369
21
0.3718025984251969
0
LINE
8
BLACK
6
CONTINUOUS
10
1.7651369685039369
20
0.3718025984251969
11
1.7651367716535433
21
0.3718027165354331
0
LINE
8
BLACK
6
CONTINUOUS
10
1.7651367716535433
20
0.3718027165354331
11
1.7610974803149606
21
0.3735862204724409
0
LINE
8
BLACK
6
CONTINUOUS
10
1.7610974803149606
20
0.3735862204724409
11
1.7601100000000001
21
0.3737007874015748
0
LINE
8
BLACK
6
CONTINUOUS
10
1.7601100000000001
20
0.3737007874015748
11
1.7381889763779528
21
0.3737007874015748
0
LINE
8
BLACK
6
CONTINUOUS
10
1.7381889763779528
20
0.3737007874015748
11
1.7381889763779528
21
0.3618897637795275
0
LINE
8
BLACK
6
CONTINUOUS
10
1.7381889763779528
20
0.3618897637795275
11
1.7583464566929135
21
0.3618897637795275
0
LINE
8
BLACK
6
CONTINUOUS
10
1.7583464566929135
20
0.3618897637795275
11
1.7583464566929135
21
0.3417322834645669
0
LINE
8
BLACK
6
CONTINUOUS
10
1.7583464566929135
20
0.3417322834645669
11
1.7701574409448819
21
0.3417322834645669
0
LINE
8
BLACK
6
CONTINUOUS
10
1.7701574409448819
20
0.3417322834645669
11
1.7701574409448819
21
0.3503463779527559
0
LINE
8
BLACK
6
CONTINUOUS
10
1.7701574409448819
20
0.3503463779527559
11
1.7701574409448819
21
0.3636529921259842
0
LINE
8
BLACK
6
CONTINUOUS
10
0.8381889763779528
20
0.3618897637795275
11
0.8583464566929133
21
0.3618897637795275
0
LINE
8
BLACK
6
CONTINUOUS
10
0.8583464566929133
20
0.3618897637795275
11
0.8583464566929133
21
0.3417322834645669
0
LINE
8
BLACK
6
CONTINUOUS
10
0.8583464566929133
20
0.3417322834645669
11
0.8701574409448819
21
0.3417322834645669
0
LINE
8
BLACK
6
CONTINUOUS
10
0.8701574409448819
20
0.3417322834645669
11
0.8701574409448819
21
0.3636529921259842
0
LINE
8
BLACK
6
CONTINUOUS
10
0.8701574409448819
20
0.3636529921259842
11
0.8701573622047244
21
0.3636538976377953
0
LINE
8
BLACK
6
CONTINUOUS
10
0.8701573622047244
20
0.3636538976377953
11
0.8700429527559055
21
0.3646405511811023
0
LINE
8
BLACK
6
CONTINUOUS
10
0.8700429527559055
20
0.3646405511811023
11
0.8700429133858267
21
0.3646407086614173
0
LINE
8
BLACK
6
CONTINUOUS
10
0.8700429133858267
20
0.3646407086614173
11
0.8682593700787401
21
0.3686801181102362
0
LINE
8
BLACK
6
CONTINUOUS
10
0.8682593700787401
20
0.3686801181102362
11
0.868259251968504
21
0.3686803149606299
0
LINE
8
BLACK
6
CONTINUOUS
10
0.868259251968504
20
0.3686803149606299
11
0.865136968503937
21
0.3718025984251969
0
LINE
8
BLACK
6
CONTINUOUS
10
0.865136968503937
20
0.3718025984251969
11
0.8651367716535433
21
0.3718027165354331
0
LINE
8
BLACK
6
CONTINUOUS
10
0.8651367716535433
20
0.3718027165354331
11
0.8610974803149606
21
0.3735862204724409
0
LINE
8
BLACK
6
CONTINUOUS
10
0.8610974803149606
20
0.3735862204724409
11
0.8601099999999999
21
0.3737007874015748
0
LINE
8
BLACK
6
CONTINUOUS
10
0.8601099999999999
20
0.3737007874015748
11
0.8381889763779528
21
0.3737007874015748
0
LINE
8
BLACK
6
CONTINUOUS
10
0.8381889763779528
20
0.3737007874015748
11
0.8381889763779528
21
0.3618897637795275
0
LINE
8
BLACK
6
CONTINUOUS
10
0.6381889763779527
20
0.3618897637795275
11
0.6583464566929134
21
0.3618897637795275
0
LINE
8
BLACK
6
CONTINUOUS
10
0.6583464566929134
20
0.3618897637795275
11
0.6583464566929134
21
0.3417322834645669
0
LINE
8
BLACK
6
CONTINUOUS
10
0.6583464566929134
20
0.3417322834645669
11
0.6701574409448818
21
0.3417322834645669
0
LINE
8
BLACK
6
CONTINUOUS
10
0.6701574409448818
20
0.3417322834645669
11
0.6701574409448818
21
0.3636529921259842
0
LINE
8
BLACK
6
CONTINUOUS
10
0.6701574409448818
20
0.3636529921259842
11
0.6701573622047244
21
0.3636538976377953
0
LINE
8
BLACK
6
CONTINUOUS
10
0.6701573622047244
20
0.3636538976377953
11
0.6700429527559055
21
0.3646405511811023
0
LINE
8
BLACK
6
CONTINUOUS
10
0.6700429527559055
20
0.3646405511811023
11
0.6700429133858268
21
0.3646407086614173
0
LINE
8
BLACK
6
CONTINUOUS
10
0.6700429133858268
20
0.3646407086614173
11
0.6682593700787401
21
0.3686801181102362
0
LINE
8
BLACK
6
CONTINUOUS
10
0.6682593700787401
20
0.3686801181102362
11
0.6682592519685039
21
0.3686803149606299
0
LINE
8
BLACK
6
CONTINUOUS
10
0.6682592519685039
20
0.3686803149606299
11
0.665136968503937
21
0.3718025984251969
0
LINE
8
BLACK
6
CONTINUOUS
10
0.665136968503937
20
0.3718025984251969
11
0.6651367716535433
21
0.3718027165354331
0
LINE
8
BLACK
6
CONTINUOUS
10
0.6651367716535433
20
0.3718027165354331
11
0.6610974803149606
21
0.3735862204724409
0
LINE
8
BLACK
6
CONTINUOUS
10
0.6610974803149606
20
0.3735862204724409
11
0.66011
21
0.3737007874015748
0
LINE
8
BLACK
6
CONTINUOUS
10
0.66011
20
0.3737007874015748
11
0.6381889763779527
21
0.3737007874015748
0
LINE
8
BLACK
6
CONTINUOUS
10
0.6381889763779527
20
0.3737007874015748
11
0.6381889763779527
21
0.3618897637795275
0
LINE
8
BLACK
6
CONTINUOUS
10
0.5965823228346456
20
0.3737007086614173
11
0.5955956692913386
21
0.3735862992125984
0
LINE
8
BLACK
6
CONTINUOUS
10
0.5955956692913386
20
0.3735862992125984
11
0.5955955118110237
21
0.3735862598425197
0
LINE
8
BLACK
6
CONTINUOUS
10
0.5955955118110237
20
0.3735862598425197
11
0.5915561023622047
21
0.3718027165354331
0
LINE
8
BLACK
6
CONTINUOUS
10
0.5915561023622047
20
0.3718027165354331
11
0.591555905511811
21
0.3718025984251969
0
LINE
8
BLACK
6
CONTINUOUS
10
0.591555905511811
20
0.3718025984251969
11
0.588433622047244
21
0.3686803149606299
0
LINE
8
BLACK
6
CONTINUOUS
10
0.588433622047244
20
0.3686803149606299
11
0.5884335039370079
21
0.3686801181102362
0
LINE
8
BLACK
6
CONTINUOUS
10
0.5884335039370079
20
0.3686801181102362
11
0.58665
21
0.3646408661417323
0
LINE
8
BLACK
6
CONTINUOUS
10
0.58665
20
0.3646408661417323
11
0.58665
21
0.3646407874015748
0
LINE
8
BLACK
6
CONTINUOUS
10
0.58665
20
0.3646407874015748
11
0.5865354330708661
21
0.3636533464566929
0
LINE
8
BLACK
6
CONTINUOUS
10
0.5865354330708661
20
0.3636533464566929
11
0.5865354330708661
21
0.3417322834645669
0
LINE
8
BLACK
6
CONTINUOUS
10
0.5865354330708661
20
0.3417322834645669
11
0.5983464566929134
21
0.3417322834645669
0
LINE
8
BLACK
6
CONTINUOUS
10
0.5983464566929134
20
0.3417322834645669
11
0.5983464566929134
21
0.3618897637795275
0
LINE
8
BLACK
6
CONTINUOUS
10
0.5983464566929134
20
0.3618897637795275
11
0.618503937007874
21
0.3618897637795275
0
LINE
8
BLACK
6
CONTINUOUS
10
0.618503937007874
20
0.3618897637795275
11
0.618503937007874
21
0.3737007874015748
0
LINE
8
BLACK
6
CONTINUOUS
10
0.618503937007874
20
0.3737007874015748
11
0.5965832283464567
21
0.3737007874015748
0
LINE
8
BLACK
6
CONTINUOUS
10
0.5965832283464567
20
0.3737007874015748
11
0.5965823228346456
21
0.3737007086614173
0
LINE
8
BLACK
6
CONTINUOUS
10
0.5865354724409448
20
0.4220472440944882
11
0.5865354724409448
21
0.4001265748031496
0
LINE
8
BLACK
6
CONTINUOUS
10
0.5865354724409448
20
0.4001265748031496
11
0.5865355118110236
21
0.4001256692913386
0
LINE
8
BLACK
6
CONTINUOUS
10
0.5865355118110236
20
0.4001256692913386
11
0.5866499212598425
21
0.3991390157480315
0
LINE
8
BLACK
6
CONTINUOUS
10
0.5866499212598425
20
0.3991390157480315
11
0.5866499606299213
21
0.3991388582677165
0
LINE
8
BLACK
6
CONTINUOUS
10
0.5866499606299213
20
0.3991388582677165
11
0.5884335039370079
21
0.3950994488188976
0
LINE
8
BLACK
6
CONTINUOUS
10
0.5884335039370079
20
0.3950994488188976
11
0.588433622047244
21
0.3950992519685039
0
LINE
8
BLACK
6
CONTINUOUS
10
0.588433622047244
20
0.3950992519685039
11
0.591555905511811
21
0.391976968503937
0
LINE
8
BLACK
6
CONTINUOUS
10
0.591555905511811
20
0.391976968503937
11
0.5915561023622047
21
0.3919768503937008
0
LINE
8
BLACK
6
CONTINUOUS
10
0.5915561023622047
20
0.3919768503937008
11
0.5955953937007874
21
0.3901933464566929
0
LINE
8
BLACK
6
CONTINUOUS
10
0.5955953937007874
20
0.3901933464566929
11
0.5965829133858268
21
0.390078779527559
0
LINE
8
BLACK
6
CONTINUOUS
10
0.5965829133858268
20
0.390078779527559
11
0.6185038976377952
21
0.390078779527559
0
LINE
8
BLACK
6
CONTINUOUS
10
0.6185038976377952
20
0.390078779527559
11
0.618503937007874
21
0.3900788188976378
0
LINE
8
BLACK
6
CONTINUOUS
10
0.618503937007874
20
0.3900788188976378
11
0.618503937007874
21
0.4018897637795276
0
LINE
8
BLACK
6
CONTINUOUS
10
0.618503937007874
20
0.4018897637795276
11
0.5983464566929134
21
0.4018897637795276
0
LINE
8
BLACK
6
CONTINUOUS
10
0.5983464566929134
20
0.4018897637795276
11
0.5983464566929134
21
0.4220472440944882
0
LINE
8
BLACK
6
CONTINUOUS
10
0.5983464566929134
20
0.4220472440944882
11
0.5865354724409448
21
0.4220472440944882
0
LINE
8
BLACK
6
CONTINUOUS
10
0.6583464566929134
20
0.4018897637795276
11
0.6381889763779527
21
0.4018897637795276
0
LINE
8
BLACK
6
CONTINUOUS
10
0.6381889763779527
20
0.4018897637795276
11
0.6381889763779527
21
0.390078779527559
0
LINE
8
BLACK
6
CONTINUOUS
10
0.6381889763779527
20
0.390078779527559
11
0.6601096850393701
21
0.390078779527559
0
LINE
8
BLACK
6
CONTINUOUS
10
0.6601096850393701
20
0.390078779527559
11
0.6601105511811024
21
0.3900788582677165
0
LINE
8
BLACK
6
CONTINUOUS
10
0.6601105511811024
20
0.3900788582677165
11
0.6610972047244095
21
0.3901932677165354
0
LINE
8
BLACK
6
CONTINUOUS
10
0.6610972047244095
20
0.3901932677165354
11
0.6610973622047244
21
0.3901933070866141
0
LINE
8
BLACK
6
CONTINUOUS
10
0.6610973622047244
20
0.3901933070866141
11
0.6651367716535433
21
0.3919768503937008
0
LINE
8
BLACK
6
CONTINUOUS
10
0.6651367716535433
20
0.3919768503937008
11
0.665136968503937
21
0.391976968503937
0
LINE
8
BLACK
6
CONTINUOUS
10
0.665136968503937
20
0.391976968503937
11
0.6682592519685039
21
0.3950992519685039
0
LINE
8
BLACK
6
CONTINUOUS
10
0.6682592519685039
20
0.3950992519685039
11
0.6682593700787401
21
0.3950994488188976
0
LINE
8
BLACK
6
CONTINUOUS
10
0.6682593700787401
20
0.3950994488188976
11
0.670042874015748
21
0.3991387007874015
0
LINE
8
BLACK
6
CONTINUOUS
10
0.670042874015748
20
0.3991387007874015
11
0.670042874015748
21
0.3991387795275591
0
LINE
8
BLACK
6
CONTINUOUS
10
0.670042874015748
20
0.3991387795275591
11
0.6701574409448818
21
0.400126220472441
0
LINE
8
BLACK
6
CONTINUOUS
10
0.6701574409448818
20
0.400126220472441
11
0.6701574803149606
21
0.4001263385826772
0
LINE
8
BLACK
6
CONTINUOUS
10
0.6701574803149606
20
0.4001263385826772
11
0.6701574803149606
21
0.4220472440944882
0
LINE
8
BLACK
6
CONTINUOUS
10
0.6701574803149606
20
0.4220472440944882
11
0.6583464566929134
21
0.4220472440944882
0
LINE
8
BLACK
6
CONTINUOUS
10
0.6583464566929134
20
0.4220472440944882
11
0.6583464566929134
21
0.4018897637795276
0
LINE
8
BLACK
6
CONTINUOUS
10
0.7865354724409449
20
0.4220472440944882
11
0.7865354724409449
21
0.4001265748031496
0
LINE
8
BLACK
6
CONTINUOUS
10
0.7865354724409449
20
0.4001265748031496
11
0.7865355118110237
21
0.4001256692913386
0
LINE
8
BLACK
6
CONTINUOUS
10
0.7865355118110237
20
0.4001256692913386
11
0.7866499212598425
21
0.3991390157480315
0
LINE
8
BLACK
6
CONTINUOUS
10
0.7866499212598425
20
0.3991390157480315
11
0.7866499606299212
21
0.3991388582677165
0
LINE
8
BLACK
6
CONTINUOUS
10
0.7866499606299212
20
0.3991388582677165
11
0.7884335039370078
21
0.3950994488188976
0
LINE
8
BLACK
6
CONTINUOUS
10
0.7884335039370078
20
0.3950994488188976
11
0.7884336220472441
21
0.3950992519685039
0
LINE
8
BLACK
6
CONTINUOUS
10
0.7884336220472441
20
0.3950992519685039
11
0.791555905511811
21
0.391976968503937
0
LINE
8
BLACK
6
CONTINUOUS
10
0.791555905511811
20
0.391976968503937
11
0.7915561023622047
21
0.3919768503937008
0
LINE
8
BLACK
6
CONTINUOUS
10
0.7915561023622047
20
0.3919768503937008
11
0.7955953937007874
21
0.3901933464566929
0
LINE
8
BLACK
6
CONTINUOUS
10
0.7955953937007874
20
0.3901933464566929
11
0.7965829133858268
21
0.390078779527559
0
LINE
8
BLACK
6
CONTINUOUS
10
0.7965829133858268
20
0.390078779527559
11
0.8185038976377953
21
0.390078779527559
0
LINE
8
BLACK
6
CONTINUOUS
10
0.8185038976377953
20
0.390078779527559
11
0.818503937007874
21
0.3900788188976378
0
LINE
8
BLACK
6
CONTINUOUS
10
0.818503937007874
20
0.3900788188976378
11
0.818503937007874
21
0.4018897637795276
0
LINE
8
BLACK
6
CONTINUOUS
10
0.818503937007874
20
0.4018897637795276
11
0.7983464566929134
21
0.4018897637795276
0
LINE
8
BLACK
6
CONTINUOUS
10
0.7983464566929134
20
0.4018897637795276
11
0.7983464566929134
21
0.4220472440944882
0
LINE
8
BLACK
6
CONTINUOUS
10
0.7983464566929134
20
0.4220472440944882
11
0.7865354724409449
21
0.4220472440944882
0
LINE
8
BLACK
6
CONTINUOUS
10
0.8583464566929133
20
0.4018897637795276
11
0.8381889763779528
21
0.4018897637795276
0
LINE
8
BLACK
6
CONTINUOUS
10
0.8381889763779528
20
0.4018897637795276
11
0.8381889763779528
21
0.390078779527559
0
LINE
8
BLACK
6
CONTINUOUS
10
0.8381889763779528
20
0.390078779527559
11
0.86010968503937
21
0.390078779527559
0
LINE
8
BLACK
6
CONTINUOUS
10
0.86010968503937
20
0.390078779527559
11
0.8601105511811024
21
0.3900788582677165
0
LINE
8
BLACK
6
CONTINUOUS
10
0.8601105511811024
20
0.3900788582677165
11
0.8610972047244094
21
0.3901932677165354
0
LINE
8
BLACK
6
CONTINUOUS
10
0.8610972047244094
20
0.3901932677165354
11
0.8610973622047244
21
0.3901933070866141
0
LINE
8
BLACK
6
CONTINUOUS
10
0.8610973622047244
20
0.3901933070866141
11
0.8651367716535433
21
0.3919768503937008
0
LINE
8
BLACK
6
CONTINUOUS
10
0.8651367716535433
20
0.3919768503937008
11
0.865136968503937
21
0.391976968503937
0
LINE
8
BLACK
6
CONTINUOUS
10
0.865136968503937
20
0.391976968503937
11
0.868259251968504
21
0.3950992519685039
0
LINE
8
BLACK
6
CONTINUOUS
10
0.868259251968504
20
0.3950992519685039
11
0.8682593700787401
21
0.3950994488188976
0
LINE
8
BLACK
6
CONTINUOUS
10
0.8682593700787401
20
0.3950994488188976
11
0.870042874015748
21
0.3991387007874015
0
LINE
8
BLACK
6
CONTINUOUS
10
0.870042874015748
20
0.3991387007874015
11
0.870042874015748
21
0.3991387795275591
0
LINE
8
BLACK
6
CONTINUOUS
10
0.870042874015748
20
0.3991387795275591
11
0.8701574409448819
21
0.400126220472441
0
LINE
8
BLACK
6
CONTINUOUS
10
0.8701574409448819
20
0.400126220472441
11
0.8701574803149607
21
0.4001263385826772
0
LINE
8
BLACK
6
CONTINUOUS
10
0.8701574803149607
20
0.4001263385826772
11
0.8701574803149607
21
0.4220472440944882
0
LINE
8
BLACK
6
CONTINUOUS
10
0.8701574803149607
20
0.4220472440944882
11
0.8583464566929133
21
0.4220472440944882
0
LINE
8
BLACK
6
CONTINUOUS
10
0.8583464566929133
20
0.4220472440944882
11
0.8583464566929133
21
0.4018897637795276
0
LINE
8
BLACK
6
CONTINUOUS
10
1.6865354724409449
20
0.4220472440944882
11
1.6865354724409449
21
0.4001265748031496
0
LINE
8
BLACK
6
CONTINUOUS
10
1.6865354724409449
20
0.4001265748031496
11
1.6865355118110237
21
0.4001256692913386
0
LINE
8
BLACK
6
CONTINUOUS
10
1.6865355118110237
20
0.4001256692913386
11
1.6866499212598425
21
0.3991390157480315
0
LINE
8
BLACK
6
CONTINUOUS
10
1.6866499212598425
20
0.3991390157480315
11
1.6866499606299212
21
0.3991388582677165
0
LINE
8
BLACK
6
CONTINUOUS
10
1.6866499606299212
20
0.3991388582677165
11
1.6884335039370078
21
0.3950994488188976
0
LINE
8
BLACK
6
CONTINUOUS
10
1.6884335039370078
20
0.3950994488188976
11
1.688433622047244
21
0.3950992519685039
0
LINE
8
BLACK
6
CONTINUOUS
10
1.688433622047244
20
0.3950992519685039
11
1.691555905511811
21
0.391976968503937
0
LINE
8
BLACK
6
CONTINUOUS
10
1.691555905511811
20
0.391976968503937
11
1.6915561023622048
21
0.3919768503937008
0
LINE
8
BLACK
6
CONTINUOUS
10
1.6915561023622048
20
0.3919768503937008
11
1.6955953937007873
21
0.3901933464566929
0
LINE
8
BLACK
6
CONTINUOUS
10
1.6955953937007873
20
0.3901933464566929
11
1.6965829133858268
21
0.390078779527559
0
LINE
8
BLACK
6
CONTINUOUS
10
1.6965829133858268
20
0.390078779527559
11
1.7185038976377953
21
0.390078779527559
0
LINE
8
BLACK
6
CONTINUOUS
10
1.7185038976377953
20
0.390078779527559
11
1.7185039370078741
21
0.3900788188976378
0
LINE
8
BLACK
6
CONTINUOUS
10
1.7185039370078741
20
0.3900788188976378
11
1.7185039370078741
21
0.4018897637795276
0
LINE
8
BLACK
6
CONTINUOUS
10
1.7185039370078741
20
0.4018897637795276
11
1.6983464566929134
21
0.4018897637795276
0
LINE
8
BLACK
6
CONTINUOUS
10
1.6983464566929134
20
0.4018897637795276
11
1.6983464566929134
21
0.4220472440944882
0
LINE
8
BLACK
6
CONTINUOUS
10
1.6983464566929134
20
0.4220472440944882
11
1.6865354724409449
21
0.4220472440944882
0
LINE
8
BLACK
6
CONTINUOUS
10
1.7583464566929135
20
0.4018897637795276
11
1.7381889763779528
21
0.4018897637795276
0
LINE
8
BLACK
6
CONTINUOUS
10
1.7381889763779528
20
0.4018897637795276
11
1.7381889763779528
21
0.390078779527559
0
LINE
8
BLACK
6
CONTINUOUS
10
1.7381889763779528
20
0.390078779527559
11
1.76010968503937
21
0.390078779527559
0
LINE
8
BLACK
6
CONTINUOUS
10
1.76010968503937
20
0.390078779527559
11
1.7601105511811024
21
0.3900788582677165
0
LINE
8
BLACK
6
CONTINUOUS
10
1.7601105511811024
20
0.3900788582677165
11
1.7610972047244093
21
0.3901932677165354
0
LINE
8
BLACK
6
CONTINUOUS
10
1.7610972047244093
20
0.3901932677165354
11
1.7610973622047243
21
0.3901933070866141
0
LINE
8
BLACK
6
CONTINUOUS
10
1.7610973622047243
20
0.3901933070866141
11
1.7651367716535433
21
0.3919768503937008
0
LINE
8
BLACK
6
CONTINUOUS
10
1.7651367716535433
20
0.3919768503937008
11
1.7651369685039369
21
0.391976968503937
0
LINE
8
BLACK
6
CONTINUOUS
10
1.7651369685039369
20
0.391976968503937
11
1.7682592519685039
21
0.3950992519685039
0
LINE
8
BLACK
6
CONTINUOUS
10
1.7682592519685039
20
0.3950992519685039
11
1.7682593700787401
21
0.3950994488188976
0
LINE
8
BLACK
6
CONTINUOUS
10
1.7682593700787401
20
0.3950994488188976
11
1.7700428740157479
21
0.3991387007874015
0
LINE
8
BLACK
6
CONTINUOUS
10
1.7700428740157479
20
0.3991387007874015
11
1.7700428740157479
21
0.3991387795275591
0
LINE
8
BLACK
6
CONTINUOUS
10
1.7700428740157479
20
0.3991387795275591
11
1.7701574409448819
21
0.400126220472441
0
LINE
8
BLACK
6
CONTINUOUS
10
1.7701574409448819
20
0.400126220472441
11
1.7701574803149607
21
0.4001263385826772
0
LINE
8
BLACK
6
CONTINUOUS
10
1.7701574803149607
20
0.4001263385826772
11
1.7701574803149607
21
0.4220472440944882
0
LINE
8
BLACK
6
CONTINUOUS
10
1.7701574803149607
20
0.4220472440944882
11
1.7583464566929135
21
0.4220472440944882
0
LINE
8
BLACK
6
CONTINUOUS
10
1.7583464566929135
20
0.4220472440944882
11
1.7583464566929135
21
0.4018897637795276
0
LINE
8
BLACK
6
CONTINUOUS
10
1.7381889763779528
20
0.4618897637795276
11
1.7583464566929135
21
0.4618897637795276
0
LINE
8
BLACK
6
CONTINUOUS
10
1.7583464566929135
20
0.4618897637795276
11
1.7583464566929135
21
0.4417322834645669
0
LINE
8
BLACK
6
CONTINUOUS
10
1.7583464566929135
20
0.4417322834645669
11
1.7701574409448819
21
0.4417322834645669
0
LINE
8
BLACK
6
CONTINUOUS
10
1.7701574409448819
20
0.4417322834645669
11
1.7701574409448819
21
0.4636529921259843
0
LINE
8
BLACK
6
CONTINUOUS
10
1.7701574409448819
20
0.4636529921259843
11
1.7701573622047244
21
0.4636538976377952
0
LINE
8
BLACK
6
CONTINUOUS
10
1.7701573622047244
20
0.4636538976377952
11
1.7700429527559054
21
0.4646405511811024
0
LINE
8
BLACK
6
CONTINUOUS
10
1.7700429527559054
20
0.4646405511811024
11
1.7700429133858266
21
0.4646407086614173
0
LINE
8
BLACK
6
CONTINUOUS
10
1.7700429133858266
20
0.4646407086614173
11
1.7682593700787401
21
0.4686801181102362
0
LINE
8
BLACK
6
CONTINUOUS
10
1.7682593700787401
20
0.4686801181102362
11
1.7682592519685039
21
0.4686803149606299
0
LINE
8
BLACK
6
CONTINUOUS
10
1.7682592519685039
20
0.4686803149606299
11
1.7651369685039369
21
0.4718025984251968
0
LINE
8
BLACK
6
CONTINUOUS
10
1.7651369685039369
20
0.4718025984251968
11
1.7651367716535433
21
0.471802716535433
0
LINE
8
BLACK
6
CONTINUOUS
10
1.7651367716535433
20
0.471802716535433
11
1.7610974803149606
21
0.4735862204724409
0
LINE
8
BLACK
6
CONTINUOUS
10
1.7610974803149606
20
0.4735862204724409
11
1.7601100000000001
21
0.4737007874015748
0
LINE
8
BLACK
6
CONTINUOUS
10
1.7601100000000001
20
0.4737007874015748
11
1.7381889763779528
21
0.4737007874015748
0
LINE
8
BLACK
6
CONTINUOUS
10
1.7381889763779528
20
0.4737007874015748
11
1.7381889763779528
21
0.4618897637795276
0
LINE
8
BLACK
6
CONTINUOUS
10
0.6381889763779527
20
0.4618897637795276
11
0.6583464566929134
21
0.4618897637795276
0
LINE
8
BLACK
6
CONTINUOUS
10
0.6583464566929134
20
0.4618897637795276
11
0.6583464566929134
21
0.4417322834645669
0
LINE
8
BLACK
6
CONTINUOUS
10
0.6583464566929134
20
0.4417322834645669
11
0.6701574409448818
21
0.4417322834645669
0
LINE
8
BLACK
6
CONTINUOUS
10
0.6701574409448818
20
0.4417322834645669
11
0.6701574409448818
21
0.4636529921259843
0
LINE
8
BLACK
6
CONTINUOUS
10
0.6701574409448818
20
0.4636529921259843
11
0.6701573622047244
21
0.4636538976377952
0
LINE
8
BLACK
6
CONTINUOUS
10
0.6701573622047244
20
0.4636538976377952
11
0.6700429527559055
21
0.4646405511811024
0
LINE
8
BLACK
6
CONTINUOUS
10
0.6700429527559055
20
0.4646405511811024
11
0.6700429133858268
21
0.4646407086614173
0
LINE
8
BLACK
6
CONTINUOUS
10
0.6700429133858268
20
0.4646407086614173
11
0.6682593700787401
21
0.4686801181102362
0
LINE
8
BLACK
6
CONTINUOUS
10
0.6682593700787401
20
0.4686801181102362
11
0.6682592519685039
21
0.4686803149606299
0
LINE
8
BLACK
6
CONTINUOUS
10
0.6682592519685039
20
0.4686803149606299
11
0.665136968503937
21
0.4718025984251968
0
LINE
8
BLACK
6
CONTINUOUS
10
0.665136968503937
20
0.4718025984251968
11
0.6651367716535433
21
0.471802716535433
0
LINE
8
BLACK
6
CONTINUOUS
10
0.6651367716535433
20
0.471802716535433
11
0.6610974803149606
21
0.4735862204724409
0
LINE
8
BLACK
6
CONTINUOUS
10
0.6610974803149606
20
0.4735862204724409
11
0.66011
21
0.4737007874015748
0
LINE
8
BLACK
6
CONTINUOUS
10
0.66011
20
0.4737007874015748
11
0.6381889763779527
21
0.4737007874015748
0
LINE
8
BLACK
6
CONTINUOUS
10
0.6381889763779527
20
0.4737007874015748
11
0.6381889763779527
21
0.4618897637795276
0
LINE
8
BLACK
6
CONTINUOUS
10
0.5965823228346456
20
0.4737007086614173
11
0.5955956692913386
21
0.4735862992125984
0
LINE
8
BLACK
6
CONTINUOUS
10
0.5955956692913386
20
0.4735862992125984
11
0.5955955118110237
21
0.4735862598425197
0
LINE
8
BLACK
6
CONTINUOUS
10
0.5955955118110237
20
0.4735862598425197
11
0.5915561023622047
21
0.471802716535433
0
LINE
8
BLACK
6
CONTINUOUS
10
0.5915561023622047
20
0.471802716535433
11
0.591555905511811
21
0.4718025984251968
0
LINE
8
BLACK
6
CONTINUOUS
10
0.591555905511811
20
0.4718025984251968
11
0.588433622047244
21
0.4686803149606299
0
LINE
8
BLACK
6
CONTINUOUS
10
0.588433622047244
20
0.4686803149606299
11
0.5884335039370079
21
0.4686801181102362
0
LINE
8
BLACK
6
CONTINUOUS
10
0.5884335039370079
20
0.4686801181102362
11
0.58665
21
0.4646408661417323
0
LINE
8
BLACK
6
CONTINUOUS
10
0.58665
20
0.4646408661417323
11
0.58665
21
0.4646407874015748
0
LINE
8
BLACK
6
CONTINUOUS
10
0.58665
20
0.4646407874015748
11
0.5865354330708661
21
0.4636533464566929
0
LINE
8
BLACK
6
CONTINUOUS
10
0.5865354330708661
20
0.4636533464566929
11
0.5865354330708661
21
0.4417322834645669
0
LINE
8
BLACK
6
CONTINUOUS
10
0.5865354330708661
20
0.4417322834645669
11
0.5983464566929134
21
0.4417322834645669
0
LINE
8
BLACK
6
CONTINUOUS
10
0.5983464566929134
20
0.4417322834645669
11
0.5983464566929134
21
0.4618897637795276
0
LINE
8
BLACK
6
CONTINUOUS
10
0.5983464566929134
20
0.4618897637795276
11
0.618503937007874
21
0.4618897637795276
0
LINE
8
BLACK
6
CONTINUOUS
10
0.618503937007874
20
0.4618897637795276
11
0.618503937007874
21
0.4737007874015748
0
LINE
8
BLACK
6
CONTINUOUS
10
0.618503937007874
20
0.4737007874015748
11
0.5965832283464567
21
0.4737007874015748
0
LINE
8
BLACK
6
CONTINUOUS
10
0.5965832283464567
20
0.4737007874015748
11
0.5965823228346456
21
0.4737007086614173
0
LINE
8
BLACK
6
CONTINUOUS
10
1.8782090551181101
20
0.4588740157480315
11
1.8743936614173229
21
0.4550586220472441
0
LINE
8
BLACK
6
CONTINUOUS
10
1.8743936614173229
20
0.4550586220472441
11
1.8697207874015747
21
0.4523607480314961
0
LINE
8
BLACK
6
CONTINUOUS
10
1.8697207874015747
20
0.4523607480314961
11
1.8645088582677165
21
0.4509642125984252
0
LINE
8
BLACK
6
CONTINUOUS
10
1.8645088582677165
20
0.4509642125984252
11
1.8591131102362204
21
0.4509642125984252
0
LINE
8
BLACK
6
CONTINUOUS
10
1.8591131102362204
20
0.4509642125984252
11
1.8539011811023622
21
0.4523607480314961
0
LINE
8
BLACK
6
CONTINUOUS
10
1.8539011811023622
20
0.4523607480314961
11
1.8492283070866142
21
0.4550586220472441
0
LINE
8
BLACK
6
CONTINUOUS
10
1.8492283070866142
20
0.4550586220472441
11
1.8454129133858268
21
0.4588740157480315
0
LINE
8
BLACK
6
CONTINUOUS
10
1.8454129133858268
20
0.4588740157480315
11
1.8443387401574802
21
0.4607344881889764
0
LINE
8
BLACK
6
CONTINUOUS
10
1.8443387401574802
20
0.4607344881889764
11
1.8385287401574804
21
0.4549244488188977
0
LINE
8
BLACK
6
CONTINUOUS
10
1.8385287401574804
20
0.4549244488188977
11
1.8385287401574804
21
0.4549244094488189
0
LINE
8
BLACK
6
CONTINUOUS
10
1.8385287401574804
20
0.4549244094488189
11
1.8396399606299212
21
0.4532614173228346
0
LINE
8
BLACK
6
CONTINUOUS
10
1.8396399606299212
20
0.4532614173228346
11
1.8396401968503937
21
0.4532611023622047
0
LINE
8
BLACK
6
CONTINUOUS
10
1.8396401968503937
20
0.4532611023622047
11
1.8436155118110236
21
0.4492857874015748
0
LINE
8
BLACK
6
CONTINUOUS
10
1.8436155118110236
20
0.4492857874015748
11
1.8436156692913386
21
0.4492856692913386
0
LINE
8
BLACK
6
CONTINUOUS
10
1.8436156692913386
20
0.4492856692913386
11
1.8482903937007873
21
0.4461620866141732
0
LINE
8
BLACK
6
CONTINUOUS
10
1.8482903937007873
20
0.4461620866141732
11
1.8482907480314961
21
0.4461618897637795
0
LINE
8
BLACK
6
CONTINUOUS
10
1.8482907480314961
20
0.4461618897637795
11
1.8534851574803148
21
0.4440103149606299
0
LINE
8
BLACK
6
CONTINUOUS
10
1.8534851574803148
20
0.4440103149606299
11
1.8534854724409449
21
0.4440102362204724
0
LINE
8
BLACK
6
CONTINUOUS
10
1.8534854724409449
20
0.4440102362204724
11
1.8589995275590552
21
0.4429134251968504
0
LINE
8
BLACK
6
CONTINUOUS
10
1.8589995275590552
20
0.4429134251968504
11
1.85899968503937
21
0.4429133858267716
0
LINE
8
BLACK
6
CONTINUOUS
10
1.85899968503937
20
0.4429133858267716
11
1.8646222834645669
21
0.4429133858267716
0
LINE
8
BLACK
6
CONTINUOUS
10
1.8646222834645669
20
0.4429133858267716
11
1.8646224015748032
21
0.4429134251968504
0
LINE
8
BLACK
6
CONTINUOUS
10
1.8646224015748032
20
0.4429134251968504
11
1.8701364566929133
21
0.4440102362204724
0
LINE
8
BLACK
6
CONTINUOUS
10
1.8701364566929133
20
0.4440102362204724
11
1.8701367716535433
21
0.4440103149606299
0
LINE
8
BLACK
6
CONTINUOUS
10
1.8701367716535433
20
0.4440103149606299
11
1.8753311811023621
21
0.4461618897637795
0
LINE
8
BLACK
6
CONTINUOUS
10
1.8753311811023621
20
0.4461618897637795
11
1.8753315354330709
21
0.4461620866141732
0
LINE
8
BLACK
6
CONTINUOUS
10
1.8753315354330709
20
0.4461620866141732
11
1.8800062598425196
21
0.4492856692913386
0
LINE
8
BLACK
6
CONTINUOUS
10
1.8800062598425196
20
0.4492856692913386
11
1.8800064173228346
21
0.4492857874015748
0
LINE
8
BLACK
6
CONTINUOUS
10
1.8800064173228346
20
0.4492857874015748
11
1.8839818503937007
21
0.4532612204724409
0
LINE
8
BLACK
6
CONTINUOUS
10
1.8839818503937007
20
0.4532612204724409
11
1.8850931496062993
21
0.4549244488188977
0
LINE
8
BLACK
6
CONTINUOUS
10
1.8850931496062993
20
0.4549244488188977
11
1.8850931496062993
21
0.4549244881889764
0
LINE
8
BLACK
6
CONTINUOUS
10
1.8850931496062993
20
0.4549244881889764
11
1.8792831496062992
21
0.4607344881889764
0
LINE
8
BLACK
6
CONTINUOUS
10
1.8792831496062992
20
0.4607344881889764
11
1.8782090551181101
21
0.4588740157480315
0
LINE
8
BLACK
6
CONTINUOUS
10
2.2183665354330708
20
0.4588740157480315
11
2.2145511417322834
21
0.4550586220472441
0
LINE
8
BLACK
6
CONTINUOUS
10
2.2145511417322834
20
0.4550586220472441
11
2.2098782677165354
21
0.4523607480314961
0
LINE
8
BLACK
6
CONTINUOUS
10
2.2098782677165354
20
0.4523607480314961
11
2.204666338582677
21
0.4509642125984252
0
LINE
8
BLACK
6
CONTINUOUS
10
2.204666338582677
20
0.4509642125984252
11
2.1992705905511811
21
0.4509642125984252
0
LINE
8
BLACK
6
CONTINUOUS
10
2.1992705905511811
20
0.4509642125984252
11
2.1940586614173228
21
0.4523607480314961
0
LINE
8
BLACK
6
CONTINUOUS
10
2.1940586614173228
20
0.4523607480314961
11
2.1893857874015747
21
0.4550586220472441
0
LINE
8
BLACK
6
CONTINUOUS
10
2.1893857874015747
20
0.4550586220472441
11
2.1855703937007873
21
0.4588740157480315
0
LINE
8
BLACK
6
CONTINUOUS
10
2.1855703937007873
20
0.4588740157480315
11
2.184496220472441
21
0.4607344881889764
0
LINE
8
BLACK
6
CONTINUOUS
10
2.184496220472441
20
0.4607344881889764
11
2.1786862204724411
21
0.4549244488188977
0
LINE
8
BLACK
6
CONTINUOUS
10
2.1786862204724411
20
0.4549244488188977
11
2.1786862204724411
21
0.4549244094488189
0
LINE
8
BLACK
6
CONTINUOUS
10
2.1786862204724411
20
0.4549244094488189
11
2.1797974409448817
21
0.4532614173228346
0
LINE
8
BLACK
6
CONTINUOUS
10
2.1797974409448817
20
0.4532614173228346
11
2.1797976771653542
21
0.4532611023622047
0
LINE
8
BLACK
6
CONTINUOUS
10
2.1797976771653542
20
0.4532611023622047
11
2.1837729921259843
21
0.4492857874015748
0
LINE
8
BLACK
6
CONTINUOUS
10
2.1837729921259843
20
0.4492857874015748
11
2.1837731496062993
21
0.4492856692913386
0
LINE
8
BLACK
6
CONTINUOUS
10
2.1837731496062993
20
0.4492856692913386
11
2.1884478740157478
21
0.4461620866141732
0
LINE
8
BLACK
6
CONTINUOUS
10
2.1884478740157478
20
0.4461620866141732
11
2.1884482283464566
21
0.4461618897637795
0
LINE
8
BLACK
6
CONTINUOUS
10
2.1884482283464566
20
0.4461618897637795
11
2.1936426377952754
21
0.4440103149606299
0
LINE
8
BLACK
6
CONTINUOUS
10
2.1936426377952754
20
0.4440103149606299
11
2.1936429527559054
21
0.4440102362204724
0
LINE
8
BLACK
6
CONTINUOUS
10
2.1936429527559054
20
0.4440102362204724
11
2.1991570078740157
21
0.4429134251968504
0
LINE
8
BLACK
6
CONTINUOUS
10
2.1991570078740157
20
0.4429134251968504
11
2.1991571653543307
21
0.4429133858267716
0
LINE
8
BLACK
6
CONTINUOUS
10
2.1991571653543307
20
0.4429133858267716
11
2.2047797637795274
21
0.4429133858267716
0
LINE
8
BLACK
6
CONTINUOUS
10
2.2047797637795274
20
0.4429133858267716
11
2.2047798818897637
21
0.4429134251968504
0
LINE
8
BLACK
6
CONTINUOUS
10
2.2047798818897637
20
0.4429134251968504
11
2.210293937007874
21
0.4440102362204724
0
LINE
8
BLACK
6
CONTINUOUS
10
2.210293937007874
20
0.4440102362204724
11
2.210294251968504
21
0.4440103149606299
0
LINE
8
BLACK
6
CONTINUOUS
10
2.210294251968504
20
0.4440103149606299
11
2.2154886614173228
21
0.4461618897637795
0
LINE
8
BLACK
6
CONTINUOUS
10
2.2154886614173228
20
0.4461618897637795
11
2.2154890157480316
21
0.4461620866141732
0
LINE
8
BLACK
6
CONTINUOUS
10
2.2154890157480316
20
0.4461620866141732
11
2.2201637401574801
21
0.4492856692913386
0
LINE
8
BLACK
6
CONTINUOUS
10
2.2201637401574801
20
0.4492856692913386
11
2.2201638976377951
21
0.4492857874015748
0
LINE
8
BLACK
6
CONTINUOUS
10
2.2201638976377951
20
0.4492857874015748
11
2.2241393307086614
21
0.4532612204724409
0
LINE
8
BLACK
6
CONTINUOUS
10
2.2241393307086614
20
0.4532612204724409
11
2.22525062992126
21
0.4549244488188977
0
LINE
8
BLACK
6
CONTINUOUS
10
2.22525062992126
20
0.4549244488188977
11
2.22525062992126
21
0.4549244881889764
0
LINE
8
BLACK
6
CONTINUOUS
10
2.22525062992126
20
0.4549244881889764
11
2.2194406299212597
21
0.4607344881889764
0
LINE
8
BLACK
6
CONTINUOUS
10
2.2194406299212597
20
0.4607344881889764
11
2.2183665354330708
21
0.4588740157480315
0
LINE
8
BLACK
6
CONTINUOUS
10
1.9373892125984251
20
0.4804266141732284
11
1.9346654724409449
21
0.4851442913385827
0
LINE
8
BLACK
6
CONTINUOUS
10
1.9346654724409449
20
0.4851442913385827
11
1.9308135039370078
21
0.4889962598425197
0
LINE
8
BLACK
6
CONTINUOUS
10
1.9308135039370078
20
0.4889962598425197
11
1.9308133858267715
21
0.4889963385826772
0
LINE
8
BLACK
6
CONTINUOUS
10
1.9308133858267715
20
0.4889963385826772
11
1.9308133464566928
21
0.4889963779527559
0
LINE
8
BLACK
6
CONTINUOUS
10
1.9308133464566928
20
0.4889963779527559
11
1.926095905511811
21
0.4917199606299212
0
LINE
8
BLACK
6
CONTINUOUS
10
1.926095905511811
20
0.4917199606299212
11
1.9260958661417322
21
0.49172
0
LINE
8
BLACK
6
CONTINUOUS
10
1.9260958661417322
20
0.49172
11
1.9260958267716535
21
0.49172
0
LINE
8
BLACK
6
CONTINUOUS
10
1.9260958267716535
20
0.49172
11
1.9208338976377952
21
0.4931299212598425
0
LINE
8
BLACK
6
CONTINUOUS
10
1.9208338976377952
20
0.4931299212598425
11
1.9153864173228345
21
0.4931299212598425
0
LINE
8
BLACK
6
CONTINUOUS
10
1.9153864173228345
20
0.4931299212598425
11
1.9101244881889763
21
0.49172
0
LINE
8
BLACK
6
CONTINUOUS
10
1.9101244881889763
20
0.49172
11
1.91012437007874
21
0.4917199606299212
0
LINE
8
BLACK
6
CONTINUOUS
10
1.91012437007874
20
0.4917199606299212
11
1.9054069291338582
21
0.4889963779527559
0
LINE
8
BLACK
6
CONTINUOUS
10
1.9054069291338582
20
0.4889963779527559
11
1.905406811023622
21
0.4889962598425197
0
LINE
8
BLACK
6
CONTINUOUS
10
1.905406811023622
20
0.4889962598425197
11
1.9015548818897636
21
0.4851443700787402
0
LINE
8
BLACK
6
CONTINUOUS
10
1.9015548818897636
20
0.4851443700787402
11
1.9015547244094488
21
0.4851441732283465
0
LINE
8
BLACK
6
CONTINUOUS
10
1.9015547244094488
20
0.4851441732283465
11
1.8994640157480314
21
0.481522874015748
0
LINE
8
BLACK
6
CONTINUOUS
10
1.8994640157480314
20
0.481522874015748
11
1.8974731889763778
21
0.4796246456692913
0
LINE
8
BLACK
6
CONTINUOUS
10
1.8974731889763778
20
0.4796246456692913
11
1.8947721259842518
21
0.4791040157480315
0
LINE
8
BLACK
6
CONTINUOUS
10
1.8947721259842518
20
0.4791040157480315
11
1.8922184251968504
21
0.4801263779527559
0
LINE
8
BLACK
6
CONTINUOUS
10
1.8922184251968504
20
0.4801263779527559
11
1.8906227952755905
21
0.4823670866141732
0
LINE
8
BLACK
6
CONTINUOUS
10
1.8906227952755905
20
0.4823670866141732
11
1.8903542913385827
21
0.4839638188976378
0
LINE
8
BLACK
6
CONTINUOUS
10
1.8903542913385827
20
0.4839638188976378
11
1.8903542913385827
21
0.5067499212598425
0
LINE
8
BLACK
6
CONTINUOUS
10
1.8903542913385827
20
0.5067499212598425
11
1.8903542519685039
21
0.5067499606299213
0
LINE
8
BLACK
6
CONTINUOUS
10
1.8903542519685039
20
0.5067499606299213
11
1.8824802755905512
21
0.4988759842519685
0
LINE
8
BLACK
6
CONTINUOUS
10
1.8824802755905512
20
0.4988759842519685
11
1.8824802755905512
21
0.485376062992126
0
LINE
8
BLACK
6
CONTINUOUS
10
1.8824802755905512
20
0.485376062992126
11
1.8903542519685039
21
0.4775020472440945
0
LINE
8
BLACK
6
CONTINUOUS
10
1.8903542519685039
20
0.4775020472440945
11
1.890671062992126
21
0.4776332677165354
0
LINE
8
BLACK
6
CONTINUOUS
10
1.890671062992126
20
0.4776332677165354
11
1.8934061023622046
21
0.4779273228346457
0
LINE
8
BLACK
6
CONTINUOUS
10
1.8934061023622046
20
0.4779273228346457
11
1.895865905511811
21
0.4766960236220472
0
LINE
8
BLACK
6
CONTINUOUS
10
1.895865905511811
20
0.4766960236220472
11
1.897269527559055
21
0.4743303149606299
0
LINE
8
BLACK
6
CONTINUOUS
10
1.897269527559055
20
0.4743303149606299
11
1.8974211811023622
21
0.4731229921259842
0
LINE
8
BLACK
6
CONTINUOUS
10
1.8974211811023622
20
0.4731229921259842
11
1.8974211811023622
21
0.4697172047244094
0
LINE
8
BLACK
6
CONTINUOUS
10
1.8974211811023622
20
0.4697172047244094
11
1.8987814173228346
21
0.4646407874015748
0
LINE
8
BLACK
6
CONTINUOUS
10
1.8987814173228346
20
0.4646407874015748
11
1.8988311023622046
21
0.4644553149606299
0
LINE
8
BLACK
6
CONTINUOUS
10
1.8988311023622046
20
0.4644553149606299
11
1.8988311417322834
21
0.4644551968503937
0
LINE
8
BLACK
6
CONTINUOUS
10
1.8988311417322834
20
0.4644551968503937
11
1.9015547244094488
21
0.4597377559055118
0
LINE
8
BLACK
6
CONTINUOUS
10
1.9015547244094488
20
0.4597377559055118
11
1.9015548031496063
21
0.4597376377952756
0
LINE
8
BLACK
6
CONTINUOUS
10
1.9015548031496063
20
0.4597376377952756
11
1.9015548425196851
21
0.4597375984251968
0
LINE
8
BLACK
6
CONTINUOUS
10
1.9015548425196851
20
0.4597375984251968
11
1.905406811023622
21
0.4558856299212598
0
LINE
8
BLACK
6
CONTINUOUS
10
1.905406811023622
20
0.4558856299212598
11
1.9101244881889763
21
0.4531618897637795
0
LINE
8
BLACK
6
CONTINUOUS
10
1.9101244881889763
20
0.4531618897637795
11
1.9153864173228345
21
0.451751968503937
0
LINE
8
BLACK
6
CONTINUOUS
10
1.9153864173228345
20
0.451751968503937
11
1.915386496062992
21
0.451751968503937
0
LINE
8
BLACK
6
CONTINUOUS
10
1.915386496062992
20
0.451751968503937
11
1.9208338188976377
21
0.451751968503937
0
LINE
8
BLACK
6
CONTINUOUS
10
1.9208338188976377
20
0.451751968503937
11
1.9208338976377952
21
0.451751968503937
0
LINE
8
BLACK
6
CONTINUOUS
10
1.9208338976377952
20
0.451751968503937
11
1.9260958267716535
21
0.4531618897637795
0
LINE
8
BLACK
6
CONTINUOUS
10
1.9260958267716535
20
0.4531618897637795
11
1.9308135039370078
21
0.4558856299212598
0
LINE
8
BLACK
6
CONTINUOUS
10
1.9308135039370078
20
0.4558856299212598
11
1.9346654724409449
21
0.4597375984251968
0
LINE
8
BLACK
6
CONTINUOUS
10
1.9346654724409449
20
0.4597375984251968
11
1.9373892125984251
21
0.4644552755905512
0
LINE
8
BLACK
6
CONTINUOUS
10
1.9373892125984251
20
0.4644552755905512
11
1.9387991338582677
21
0.4697172047244094
0
LINE
8
BLACK
6
CONTINUOUS
10
1.9387991338582677
20
0.4697172047244094
11
1.9387991338582677
21
0.4751646850393701
0
LINE
8
BLACK
6
CONTINUOUS
10
1.9387991338582677
20
0.4751646850393701
11
1.9373892125984251
21
0.4804266141732284
0
LINE
8
BLACK
6
CONTINUOUS
10
2.2226377559055117
20
0.4988759842519685
11
2.2226377559055117
21
0.485376062992126
0
LINE
8
BLACK
6
CONTINUOUS
10
2.2226377559055117
20
0.485376062992126
11
2.2305117322834644
21
0.4775020472440945
0
LINE
8
BLACK
6
CONTINUOUS
10
2.2305117322834644
20
0.4775020472440945
11
2.2305117716535432
21
0.4775020866141732
0
LINE
8
BLACK
6
CONTINUOUS
10
2.2305117716535432
20
0.4775020866141732
11
2.2305117716535432
21
0.5067499212598425
0
LINE
8
BLACK
6
CONTINUOUS
10
2.2305117716535432
20
0.5067499212598425
11
2.2305117322834644
21
0.5067499606299213
0
LINE
8
BLACK
6
CONTINUOUS
10
2.2305117322834644
20
0.5067499606299213
11
2.2226377559055117
21
0.4988759842519685
0
LINE
8
BLACK
6
CONTINUOUS
10
1.810048622047244
20
0.7085306299212598
11
1.8112894488188975
21
0.7038998818897637
0
LINE
8
BLACK
6
CONTINUOUS
10
1.8112894488188975
20
0.7038998818897637
11
1.8116597637795275
21
0.7025177952755906
0
LINE
8
BLACK
6
CONTINUOUS
10
1.8116597637795275
20
0.7025177952755906
11
1.8116598818897638
21
0.7025175196850394
0
LINE
8
BLACK
6
CONTINUOUS
10
1.8116598818897638
20
0.7025175196850394
11
1.8147720472440945
21
0.6971270078740157
0
LINE
8
BLACK
6
CONTINUOUS
10
1.8147720472440945
20
0.6971270078740157
11
1.8147722047244095
21
0.6971268110236221
0
LINE
8
BLACK
6
CONTINUOUS
10
1.8147722047244095
20
0.6971268110236221
11
1.8147722440944882
21
0.6971267322834646
0
LINE
8
BLACK
6
CONTINUOUS
10
1.8147722440944882
20
0.6971267322834646
11
1.8191739763779526
21
0.692725
0
LINE
8
BLACK
6
CONTINUOUS
10
1.8191739763779526
20
0.692725
11
1.8191740551181101
21
0.6927249606299213
0
LINE
8
BLACK
6
CONTINUOUS
10
1.8191740551181101
20
0.6927249606299213
11
1.8191742125984252
21
0.692724842519685
0
LINE
8
BLACK
6
CONTINUOUS
10
1.8191742125984252
20
0.692724842519685
11
1.8245647244094487
21
0.6896126771653543
0
LINE
8
BLACK
6
CONTINUOUS
10
1.8245647244094487
20
0.6896126771653543
11
1.824565
21
0.6896125196850393
0
LINE
8
BLACK
6
CONTINUOUS
10
1.824565
20
0.6896125196850393
11
1.8305778740157479
21
0.6880013779527558
0
LINE
8
BLACK
6
CONTINUOUS
10
1.8305778740157479
20
0.6880013779527558
11
1.8305779527559054
21
0.6880013779527558
0
LINE
8
BLACK
6
CONTINUOUS
10
1.8305779527559054
20
0.6880013779527558
11
1.8368027559055118
21
0.6880013779527558
0
LINE
8
BLACK
6
CONTINUOUS
10
1.8368027559055118
20
0.6880013779527558
11
1.8368028346456693
21
0.6880013779527558
0
LINE
8
BLACK
6
CONTINUOUS
10
1.8368028346456693
20
0.6880013779527558
11
1.8428157086614172
21
0.6896125196850393
0
LINE
8
BLACK
6
CONTINUOUS
10
1.8428157086614172
20
0.6896125196850393
11
1.8457113779527559
21
0.6912843700787401
0
LINE
8
BLACK
6
CONTINUOUS
10
1.8457113779527559
20
0.6912843700787401
11
1.8481523228346457
21
0.6919383858267716
0
LINE
8
BLACK
6
CONTINUOUS
10
1.8481523228346457
20
0.6919383858267716
11
1.951369251968504
21
0.6919383858267716
0
LINE
8
BLACK
6
CONTINUOUS
10
1.951369251968504
20
0.6919383858267716
11
1.9518226771653542
21
0.6918052362204724
0
LINE
8
BLACK
6
CONTINUOUS
10
1.9518226771653542
20
0.6918052362204724
11
1.9522931102362204
21
0.691850157480315
0
LINE
8
BLACK
6
CONTINUOUS
10
1.9522931102362204
20
0.691850157480315
11
1.9531180708661418
21
0.6914248818897638
0
LINE
8
BLACK
6
CONTINUOUS
10
1.9531180708661418
20
0.6914248818897638
11
1.9540085826771654
21
0.6911633858267716
0
LINE
8
BLACK
6
CONTINUOUS
10
1.9540085826771654
20
0.6911633858267716
11
1.9543790944881889
21
0.6907748031496063
0
LINE
8
BLACK
6
CONTINUOUS
10
1.9543790944881889
20
0.6907748031496063
11
1.9547381102362205
21
0.6905897244094488
0
LINE
8
BLACK
6
CONTINUOUS
10
1.9547381102362205
20
0.6905897244094488
11
1.9555970078740157
21
0.6894975984251969
0
LINE
8
BLACK
6
CONTINUOUS
10
1.9555970078740157
20
0.6894975984251969
11
1.9560191732283465
21
0.6887663779527559
0
LINE
8
BLACK
6
CONTINUOUS
10
1.9560191732283465
20
0.6887663779527559
11
1.9566732283464567
21
0.6863254330708661
0
LINE
8
BLACK
6
CONTINUOUS
10
1.9566732283464567
20
0.6863254330708661
11
1.9566732283464567
21
0.5915157480314961
0
LINE
8
BLACK
6
CONTINUOUS
10
1.9566732283464567
20
0.5915157480314961
11
1.9558982283464565
21
0.5888764173228346
0
LINE
8
BLACK
6
CONTINUOUS
10
1.9558982283464565
20
0.5888764173228346
11
1.9538193307086613
21
0.5870750393700788
0
LINE
8
BLACK
6
CONTINUOUS
10
1.9538193307086613
20
0.5870750393700788
11
1.9517913385826771
21
0.5866338582677165
0
LINE
8
BLACK
6
CONTINUOUS
10
1.9517913385826771
20
0.5866338582677165
11
1.951469842519685
21
0.5866338582677165
0
LINE
8
BLACK
6
CONTINUOUS
10
1.951469842519685
20
0.5866338582677165
11
1.9490288976377952
21
0.5872879133858268
0
LINE
8
BLACK
6
CONTINUOUS
10
1.9490288976377952
20
0.5872879133858268
11
1.946133307086614
21
0.58895968503937
0
LINE
8
BLACK
6
CONTINUOUS
10
1.946133307086614
20
0.58895968503937
11
1.9461332677165355
21
0.5889597244094488
0
LINE
8
BLACK
6
CONTINUOUS
10
1.9461332677165355
20
0.5889597244094488
11
1.9461332283464567
21
0.5889597244094488
0
LINE
8
BLACK
6
CONTINUOUS
10
1.9461332283464567
20
0.5889597244094488
11
1.9401203543307086
21
0.5905708661417323
0
LINE
8
BLACK
6
CONTINUOUS
10
1.9401203543307086
20
0.5905708661417323
11
1.9338953937007874
21
0.5905708661417323
0
LINE
8
BLACK
6
CONTINUOUS
10
1.9338953937007874
20
0.5905708661417323
11
1.9278825196850393
21
0.5889597244094488
0
LINE
8
BLACK
6
CONTINUOUS
10
1.9278825196850393
20
0.5889597244094488
11
1.9278822440944881
21
0.5889596062992126
0
LINE
8
BLACK
6
CONTINUOUS
10
1.9278822440944881
20
0.5889596062992126
11
1.9224917322834645
21
0.5858474409448818
0
LINE
8
BLACK
6
CONTINUOUS
10
1.9224917322834645
20
0.5858474409448818
11
1.9224914173228347
21
0.5858472047244094
0
LINE
8
BLACK
6
CONTINUOUS
10
1.9224914173228347
20
0.5858472047244094
11
1.9180898031496063
21
0.5814455905511811
0
LINE
8
BLACK
6
CONTINUOUS
10
1.9180898031496063
20
0.5814455905511811
11
1.9180895669291338
21
0.5814452755905511
0
LINE
8
BLACK
6
CONTINUOUS
10
1.9180895669291338
20
0.5814452755905511
11
1.9149774015748031
21
0.5760547637795276
0
LINE
8
BLACK
6
CONTINUOUS
10
1.9149774015748031
20
0.5760547637795276
11
1.9149772834645669
21
0.5760544881889763
0
LINE
8
BLACK
6
CONTINUOUS
10
1.9149772834645669
20
0.5760544881889763
11
1.9133661417322834
21
0.5700416141732283
0
LINE
8
BLACK
6
CONTINUOUS
10
1.9133661417322834
20
0.5700416141732283
11
1.9133661417322834
21
0.5638166929133858
0
LINE
8
BLACK
6
CONTINUOUS
10
1.9133661417322834
20
0.5638166929133858
11
1.9149772834645669
21
0.5578038188976377
0
LINE
8
BLACK
6
CONTINUOUS
10
1.9149772834645669
20
0.5578038188976377
11
1.9149774015748031
21
0.5578035433070866
0
LINE
8
BLACK
6
CONTINUOUS
10
1.9149774015748031
20
0.5578035433070866
11
1.9180895669291338
21
0.552413031496063
0
LINE
8
BLACK
6
CONTINUOUS
10
1.9180895669291338
20
0.552413031496063
11
1.9180897244094488
21
0.5524128346456693
0
LINE
8
BLACK
6
CONTINUOUS
10
1.9180897244094488
20
0.5524128346456693
11
1.9180897637795276
21
0.5524127559055118
0
LINE
8
BLACK
6
CONTINUOUS
10
1.9180897637795276
20
0.5524127559055118
11
1.9224914960629922
21
0.5480110236220472
0
LINE
8
BLACK
6
CONTINUOUS
10
1.9224914960629922
20
0.5480110236220472
11
1.9224915748031495
21
0.5480109842519685
0
LINE
8
BLACK
6
CONTINUOUS
10
1.9224915748031495
20
0.5480109842519685
11
1.9224917322834645
21
0.5480108661417322
0
LINE
8
BLACK
6
CONTINUOUS
10
1.9224917322834645
20
0.5480108661417322
11
1.9257402755905511
21
0.5461353543307087
0
LINE
8
BLACK
6
CONTINUOUS
10
1.9257402755905511
20
0.5461353543307087
11
1.9278825196850393
21
0.5448985433070866
0
LINE
8
BLACK
6
CONTINUOUS
10
1.9278825196850393
20
0.5448985433070866
11
1.9338953937007874
21
0.5432874015748032
0
LINE
8
BLACK
6
CONTINUOUS
10
1.9338953937007874
20
0.5432874015748032
11
1.9338954724409447
21
0.5432874015748032
0
LINE
8
BLACK
6
CONTINUOUS
10
1.9338954724409447
20
0.5432874015748032
11
1.9401202755905511
21
0.5432874015748032
0
LINE
8
BLACK
6
CONTINUOUS
10
1.9401202755905511
20
0.5432874015748032
11
1.9401203543307086
21
0.5432874015748032
0
LINE
8
BLACK
6
CONTINUOUS
10
1.9401203543307086
20
0.5432874015748032
11
1.9461332283464567
21
0.5448985433070866
0
LINE
8
BLACK
6
CONTINUOUS
10
1.9461332283464567
20
0.5448985433070866
11
1.9490288976377952
21
0.5465703937007874
0
LINE
8
BLACK
6
CONTINUOUS
10
1.9490288976377952
20
0.5465703937007874
11
1.951469842519685
21
0.5472244094488189
0
LINE
8
BLACK
6
CONTINUOUS
10
1.951469842519685
20
0.5472244094488189
11
1.973783779527559
21
0.5472244094488189
0
LINE
8
BLACK
6
CONTINUOUS
10
1.973783779527559
20
0.5472244094488189
11
1.9789721259842519
21
0.5472244094488189
0
LINE
8
BLACK
6
CONTINUOUS
10
1.9789721259842519
20
0.5472244094488189
11
2.1115222834645668
21
0.5472244094488189
0
LINE
8
BLACK
6
CONTINUOUS
10
2.1115222834645668
20
0.5472244094488189
11
2.1139631889763777
21
0.5465703937007874
0
LINE
8
BLACK
6
CONTINUOUS
10
2.1139631889763777
20
0.5465703937007874
11
2.1168588976377953
21
0.5448985433070866
0
LINE
8
BLACK
6
CONTINUOUS
10
2.1168588976377953
20
0.5448985433070866
11
2.1228717716535432
21
0.5432874015748032
0
LINE
8
BLACK
6
CONTINUOUS
10
2.1228717716535432
20
0.5432874015748032
11
2.1228718503937007
21
0.5432874015748032
0
LINE
8
BLACK
6
CONTINUOUS
10
2.1228718503937007
20
0.5432874015748032
11
2.1290966535433071
21
0.5432874015748032
0
LINE
8
BLACK
6
CONTINUOUS
10
2.1290966535433071
20
0.5432874015748032
11
2.1290967322834646
21
0.5432874015748032
0
LINE
8
BLACK
6
CONTINUOUS
10
2.1290967322834646
20
0.5432874015748032
11
2.1351096062992125
21
0.5448985433070866
0
LINE
8
BLACK
6
CONTINUOUS
10
2.1351096062992125
20
0.5448985433070866
11
2.1405006299212599
21
0.5480110236220472
0
LINE
8
BLACK
6
CONTINUOUS
10
2.1405006299212599
20
0.5480110236220472
11
2.1449023622047245
21
0.5524127559055118
0
LINE
8
BLACK
6
CONTINUOUS
10
2.1449023622047245
20
0.5524127559055118
11
2.148014842519685
21
0.557803779527559
0
LINE
8
BLACK
6
CONTINUOUS
10
2.148014842519685
20
0.557803779527559
11
2.1496259842519683
21
0.5638166535433071
0
LINE
8
BLACK
6
CONTINUOUS
10
2.1496259842519683
20
0.5638166535433071
11
2.1496259842519683
21
0.5700416141732283
0
LINE
8
BLACK
6
CONTINUOUS
10
2.1496259842519683
20
0.5700416141732283
11
2.148014842519685
21
0.5760544881889763
0
LINE
8
BLACK
6
CONTINUOUS
10
2.148014842519685
20
0.5760544881889763
11
2.1465097244094489
21
0.5786614566929134
0
LINE
8
BLACK
6
CONTINUOUS
10
2.1465097244094489
20
0.5786614566929134
11
2.1449025196850395
21
0.5814452755905511
0
LINE
8
BLACK
6
CONTINUOUS
10
2.1449025196850395
20
0.5814452755905511
11
2.144902283464567
21
0.5814455905511811
0
LINE
8
BLACK
6
CONTINUOUS
10
2.144902283464567
20
0.5814455905511811
11
2.1405006692913386
21
0.5858472047244094
0
LINE
8
BLACK
6
CONTINUOUS
10
2.1405006692913386
20
0.5858472047244094
11
2.1405003543307086
21
0.5858474409448818
0
LINE
8
BLACK
6
CONTINUOUS
10
2.1405003543307086
20
0.5858474409448818
11
2.1351098425196851
21
0.5889596062992126
0
LINE
8
BLACK
6
CONTINUOUS
10
2.1351098425196851
20
0.5889596062992126
11
2.13510968503937
21
0.58895968503937
0
LINE
8
BLACK
6
CONTINUOUS
10
2.13510968503937
20
0.58895968503937
11
2.1351096062992125
21
0.5889597244094488
0
LINE
8
BLACK
6
CONTINUOUS
10
2.1351096062992125
20
0.5889597244094488
11
2.1290967322834646
21
0.5905708661417323
0
LINE
8
BLACK
6
CONTINUOUS
10
2.1290967322834646
20
0.5905708661417323
11
2.1228717716535432
21
0.5905708661417323
0
LINE
8
BLACK
6
CONTINUOUS
10
2.1228717716535432
20
0.5905708661417323
11
2.1168588976377953
21
0.5889597244094488
0
LINE
8
BLACK
6
CONTINUOUS
10
2.1168588976377953
20
0.5889597244094488
11
2.1168587795275591
21
0.58895968503937
0
LINE
8
BLACK
6
CONTINUOUS
10
2.1168587795275591
20
0.58895968503937
11
2.1139632283464564
21
0.5872879133858268
0
LINE
8
BLACK
6
CONTINUOUS
10
2.1139632283464564
20
0.5872879133858268
11
2.1115222834645668
21
0.5866338582677165
0
LINE
8
BLACK
6
CONTINUOUS
10
2.1115222834645668
20
0.5866338582677165
11
2.0009645669291336
21
0.5866338582677165
0
LINE
8
BLACK
6
CONTINUOUS
10
2.0009645669291336
20
0.5866338582677165
11
1.9983252362204724
21
0.5874088582677165
0
LINE
8
BLACK
6
CONTINUOUS
10
1.9983252362204724
20
0.5874088582677165
11
1.9965238582677165
21
0.5894877559055118
0
LINE
8
BLACK
6
CONTINUOUS
10
1.9965238582677165
20
0.5894877559055118
11
1.9960826771653544
21
0.5915157480314961
0
LINE
8
BLACK
6
CONTINUOUS
10
1.9960826771653544
20
0.5915157480314961
11
1.9960826771653544
21
0.6805853937007874
0
LINE
8
BLACK
6
CONTINUOUS
10
1.9960826771653544
20
0.6805853937007874
11
1.9960826771653544
21
0.6863254330708661
0
LINE
8
BLACK
6
CONTINUOUS
10
1.9960826771653544
20
0.6863254330708661
11
1.9967367322834646
21
0.6887663779527559
0
LINE
8
BLACK
6
CONTINUOUS
10
1.9967367322834646
20
0.6887663779527559
11
1.9972252755905511
21
0.6896125590551181
0
LINE
8
BLACK
6
CONTINUOUS
10
1.9972252755905511
20
0.6896125590551181
11
1.9984085433070866
21
0.6916620472440945
0
LINE
8
BLACK
6
CONTINUOUS
10
1.9984085433070866
20
0.6916620472440945
11
2.0000196850393701
21
0.6976749212598425
0
LINE
8
BLACK
6
CONTINUOUS
10
2.0000196850393701
20
0.6976749212598425
11
2.0000196850393701
21
0.7038998818897637
0
LINE
8
BLACK
6
CONTINUOUS
10
2.0000196850393701
20
0.7038998818897637
11
1.9984085433070866
21
0.7099127559055118
0
LINE
8
BLACK
6
CONTINUOUS
10
1.9984085433070866
20
0.7099127559055118
11
1.9973694094488188
21
0.7117126377952756
0
LINE
8
BLACK
6
CONTINUOUS
10
1.9973694094488188
20
0.7117126377952756
11
1.9952962204724409
21
0.7153035433070866
0
LINE
8
BLACK
6
CONTINUOUS
10
1.9952962204724409
20
0.7153035433070866
11
1.9952959842519684
21
0.7153038582677165
0
LINE
8
BLACK
6
CONTINUOUS
10
1.9952959842519684
20
0.7153038582677165
11
1.99089437007874
21
0.7197054724409448
0
LINE
8
BLACK
6
CONTINUOUS
10
1.99089437007874
20
0.7197054724409448
11
1.9908940551181102
21
0.7197057086614173
0
LINE
8
BLACK
6
CONTINUOUS
10
1.9908940551181102
20
0.7197057086614173
11
1.9855035433070867
21
0.722817874015748
0
LINE
8
BLACK
6
CONTINUOUS
10
1.9855035433070867
20
0.722817874015748
11
1.9855033858267717
21
0.7228179527559055
0
LINE
8
BLACK
6
CONTINUOUS
10
1.9855033858267717
20
0.7228179527559055
11
1.9855033070866142
21
0.7228179921259842
0
LINE
8
BLACK
6
CONTINUOUS
10
1.9855033070866142
20
0.7228179921259842
11
1.9855032283464567
21
0.7228180314960629
0
LINE
8
BLACK
6
CONTINUOUS
10
1.9855032283464567
20
0.7228180314960629
11
1.9855031102362204
21
0.7228180708661417
0
LINE
8
BLACK
6
CONTINUOUS
10
1.9855031102362204
20
0.7228180708661417
11
1.9822735039370079
21
0.7236834645669291
0
LINE
8
BLACK
6
CONTINUOUS
10
1.9822735039370079
20
0.7236834645669291
11
1.9800850787401574
21
0.724946968503937
0
LINE
8
BLACK
6
CONTINUOUS
10
1.9800850787401574
20
0.724946968503937
11
1.9776212992125983
21
0.7274107480314961
0
LINE
8
BLACK
6
CONTINUOUS
10
1.9776212992125983
20
0.7274107480314961
11
1.9776212204724408
21
0.7274108267716535
0
LINE
8
BLACK
6
CONTINUOUS
10
1.9776212204724408
20
0.7274108267716535
11
1.9746709448818898
21
0.7291141732283465
0
LINE
8
BLACK
6
CONTINUOUS
10
1.9746709448818898
20
0.7291141732283465
11
1.9731280314960629
21
0.730005
0
LINE
8
BLACK
6
CONTINUOUS
10
1.9731280314960629
20
0.730005
11
1.9706222047244093
21
0.7306764173228346
0
LINE
8
BLACK
6
CONTINUOUS
10
1.9706222047244093
20
0.7306764173228346
11
1.9681164173228347
21
0.7313478346456693
0
LINE
8
BLACK
6
CONTINUOUS
10
1.9681164173228347
20
0.7313478346456693
11
1.968116377952756
21
0.7313478346456693
0
LINE
8
BLACK
6
CONTINUOUS
10
1.968116377952756
20
0.7313478346456693
11
1.8481523228346457
21
0.7313478346456693
0
LINE
8
BLACK
6
CONTINUOUS
10
1.8481523228346457
20
0.7313478346456693
11
1.8457113779527559
21
0.7320018897637796
0
LINE
8
BLACK
6
CONTINUOUS
10
1.8457113779527559
20
0.7320018897637796
11
1.8428157874015747
21
0.7336736614173228
0
LINE
8
BLACK
6
CONTINUOUS
10
1.8428157874015747
20
0.7336736614173228
11
1.8428157480314959
21
0.7336737007874016
0
LINE
8
BLACK
6
CONTINUOUS
10
1.8428157480314959
20
0.7336737007874016
11
1.8428157086614172
21
0.7336737007874016
0
LINE
8
BLACK
6
CONTINUOUS
10
1.8428157086614172
20
0.7336737007874016
11
1.8368028346456693
21
0.7352848425196851
0
LINE
8
BLACK
6
CONTINUOUS
10
1.8368028346456693
20
0.7352848425196851
11
1.8305778740157479
21
0.7352848425196851
0
LINE
8
BLACK
6
CONTINUOUS
10
1.8305778740157479
20
0.7352848425196851
11
1.824565
21
0.7336737007874016
0
LINE
8
BLACK
6
CONTINUOUS
10
1.824565
20
0.7336737007874016
11
1.8245647244094487
21
0.7336735826771653
0
LINE
8
BLACK
6
CONTINUOUS
10
1.8245647244094487
20
0.7336735826771653
11
1.8191742125984252
21
0.7305614173228346
0
LINE
8
BLACK
6
CONTINUOUS
10
1.8191742125984252
20
0.7305614173228346
11
1.8191738976377951
21
0.7305611811023622
0
LINE
8
BLACK
6
CONTINUOUS
10
1.8191738976377951
20
0.7305611811023622
11
1.814772283464567
21
0.7261595669291339
0
LINE
8
BLACK
6
CONTINUOUS
10
1.814772283464567
20
0.7261595669291339
11
1.8147720472440945
21
0.7261592519685039
0
LINE
8
BLACK
6
CONTINUOUS
10
1.8147720472440945
20
0.7261592519685039
11
1.8116598818897638
21
0.7207687401574803
0
LINE
8
BLACK
6
CONTINUOUS
10
1.8116598818897638
20
0.7207687401574803
11
1.8116597637795275
21
0.7207684645669291
0
LINE
8
BLACK
6
CONTINUOUS
10
1.8116597637795275
20
0.7207684645669291
11
1.810048622047244
21
0.7147555905511811
0
LINE
8
BLACK
6
CONTINUOUS
10
1.810048622047244
20
0.7147555905511811
11
1.810048622047244
21
0.7085306299212598
0
LINE
8
BLACK
6
CONTINUOUS
10
0.6849606299212598
20
0.6106299212598425
11
0.6849606299212598
21
0.5887092519685039
0
LINE
8
BLACK
6
CONTINUOUS
10
0.6849606299212598
20
0.5887092519685039
11
0.6849606692913386
21
0.5887083464566929
0
LINE
8
BLACK
6
CONTINUOUS
10
0.6849606692913386
20
0.5887083464566929
11
0.6850750787401575
21
0.5877216929133858
0
LINE
8
BLACK
6
CONTINUOUS
10
0.6850750787401575
20
0.5877216929133858
11
0.6850751181102362
21
0.5877215354330708
0
LINE
8
BLACK
6
CONTINUOUS
10
0.6850751181102362
20
0.5877215354330708
11
0.6868586614173228
21
0.583682125984252
0
LINE
8
BLACK
6
CONTINUOUS
10
0.6868586614173228
20
0.583682125984252
11
0.686858779527559
21
0.5836819291338583
0
LINE
8
BLACK
6
CONTINUOUS
10
0.686858779527559
20
0.5836819291338583
11
0.6899810629921259
21
0.5805596456692913
0
LINE
8
BLACK
6
CONTINUOUS
10
0.6899810629921259
20
0.5805596456692913
11
0.6899812598425197
21
0.5805595275590552
0
LINE
8
BLACK
6
CONTINUOUS
10
0.6899812598425197
20
0.5805595275590552
11
0.6940205511811024
21
0.5787760236220473
0
LINE
8
BLACK
6
CONTINUOUS
10
0.6940205511811024
20
0.5787760236220473
11
0.6950080708661417
21
0.5786614566929134
0
LINE
8
BLACK
6
CONTINUOUS
10
0.6950080708661417
20
0.5786614566929134
11
0.7169290551181102
21
0.5786614566929134
0
LINE
8
BLACK
6
CONTINUOUS
10
0.7169290551181102
20
0.5786614566929134
11
0.716929094488189
21
0.5786614960629921
0
LINE
8
BLACK
6
CONTINUOUS
10
0.716929094488189
20
0.5786614960629921
11
0.716929094488189
21
0.5904724409448818
0
LINE
8
BLACK
6
CONTINUOUS
10
0.716929094488189
20
0.5904724409448818
11
0.6967716141732283
21
0.5904724409448818
0
LINE
8
BLACK
6
CONTINUOUS
10
0.6967716141732283
20
0.5904724409448818
11
0.6967716141732283
21
0.6106299212598425
0
LINE
8
BLACK
6
CONTINUOUS
10
0.6967716141732283
20
0.6106299212598425
11
0.6849606299212598
21
0.6106299212598425
0
LINE
8
BLACK
6
CONTINUOUS
10
0.8567716141732283
20
0.5904724409448818
11
0.8366141338582677
21
0.5904724409448818
0
LINE
8
BLACK
6
CONTINUOUS
10
0.8366141338582677
20
0.5904724409448818
11
0.8366141338582677
21
0.5786614566929134
0
LINE
8
BLACK
6
CONTINUOUS
10
0.8366141338582677
20
0.5786614566929134
11
0.858534842519685
21
0.5786614566929134
0
LINE
8
BLACK
6
CONTINUOUS
10
0.858534842519685
20
0.5786614566929134
11
0.8585357086614173
21
0.5786615354330709
0
LINE
8
BLACK
6
CONTINUOUS
10
0.8585357086614173
20
0.5786615354330709
11
0.8595223622047244
21
0.5787759448818898
0
LINE
8
BLACK
6
CONTINUOUS
10
0.8595223622047244
20
0.5787759448818898
11
0.8595225196850393
21
0.5787759842519685
0
LINE
8
BLACK
6
CONTINUOUS
10
0.8595225196850393
20
0.5787759842519685
11
0.8635619291338582
21
0.5805595275590552
0
LINE
8
BLACK
6
CONTINUOUS
10
0.8635619291338582
20
0.5805595275590552
11
0.863562125984252
21
0.5805596456692913
0
LINE
8
BLACK
6
CONTINUOUS
10
0.863562125984252
20
0.5805596456692913
11
0.8666844094488189
21
0.5836819291338583
0
LINE
8
BLACK
6
CONTINUOUS
10
0.8666844094488189
20
0.5836819291338583
11
0.8666845275590551
21
0.583682125984252
0
LINE
8
BLACK
6
CONTINUOUS
10
0.8666845275590551
20
0.583682125984252
11
0.868468031496063
21
0.5877213779527559
0
LINE
8
BLACK
6
CONTINUOUS
10
0.868468031496063
20
0.5877213779527559
11
0.868468031496063
21
0.5877214566929134
0
LINE
8
BLACK
6
CONTINUOUS
10
0.868468031496063
20
0.5877214566929134
11
0.8685825984251968
21
0.5887088976377952
0
LINE
8
BLACK
6
CONTINUOUS
10
0.8685825984251968
20
0.5887088976377952
11
0.8685826377952756
21
0.5887090157480315
0
LINE
8
BLACK
6
CONTINUOUS
10
0.8685826377952756
20
0.5887090157480315
11
0.8685826377952756
21
0.6106299212598425
0
LINE
8
BLACK
6
CONTINUOUS
10
0.8685826377952756
20
0.6106299212598425
11
0.8567716141732283
21
0.6106299212598425
0
LINE
8
BLACK
6
CONTINUOUS
10
0.8567716141732283
20
0.6106299212598425
11
0.8567716141732283
21
0.5904724409448818
0
LINE
8
BLACK
6
CONTINUOUS
10
1.5599212204724409
20
0.5904724409448818
11
1.5397637401574802
21
0.5904724409448818
0
LINE
8
BLACK
6
CONTINUOUS
10
1.5397637401574802
20
0.5904724409448818
11
1.5397637401574802
21
0.5786614566929134
0
LINE
8
BLACK
6
CONTINUOUS
10
1.5397637401574802
20
0.5786614566929134
11
1.5616844488188977
21
0.5786614566929134
0
LINE
8
BLACK
6
CONTINUOUS
10
1.5616844488188977
20
0.5786614566929134
11
1.5616853149606298
21
0.5786615354330709
0
LINE
8
BLACK
6
CONTINUOUS
10
1.5616853149606298
20
0.5786615354330709
11
1.562671968503937
21
0.5787759448818898
0
LINE
8
BLACK
6
CONTINUOUS
10
1.562671968503937
20
0.5787759448818898
11
1.562672125984252
21
0.5787759842519685
0
LINE
8
BLACK
6
CONTINUOUS
10
1.562672125984252
20
0.5787759842519685
11
1.5667115354330707
21
0.5805595275590552
0
LINE
8
BLACK
6
CONTINUOUS
10
1.5667115354330707
20
0.5805595275590552
11
1.5667117322834645
21
0.5805596456692913
0
LINE
8
BLACK
6
CONTINUOUS
10
1.5667117322834645
20
0.5805596456692913
11
1.5698340157480315
21
0.5836819291338583
0
LINE
8
BLACK
6
CONTINUOUS
10
1.5698340157480315
20
0.5836819291338583
11
1.5698341338582678
21
0.583682125984252
0
LINE
8
BLACK
6
CONTINUOUS
10
1.5698341338582678
20
0.583682125984252
11
1.5716176377952755
21
0.5877213779527559
0
LINE
8
BLACK
6
CONTINUOUS
10
1.5716176377952755
20
0.5877213779527559
11
1.5716176377952755
21
0.5877214566929134
0
LINE
8
BLACK
6
CONTINUOUS
10
1.5716176377952755
20
0.5877214566929134
11
1.5717322047244093
21
0.5887088976377952
0
LINE
8
BLACK
6
CONTINUOUS
10
1.5717322047244093
20
0.5887088976377952
11
1.5717322440944881
21
0.5887090157480315
0
LINE
8
BLACK
6
CONTINUOUS
10
1.5717322440944881
20
0.5887090157480315
11
1.5717322440944881
21
0.6106299212598425
0
LINE
8
BLACK
6
CONTINUOUS
10
1.5717322440944881
20
0.6106299212598425
11
1.5599212204724409
21
0.6106299212598425
0
LINE
8
BLACK
6
CONTINUOUS
10
1.5599212204724409
20
0.6106299212598425
11
1.5599212204724409
21
0.5904724409448818
0
LINE
8
BLACK
6
CONTINUOUS
10
1.5881102362204724
20
0.6106299212598425
11
1.5881102362204724
21
0.5887092519685039
0
LINE
8
BLACK
6
CONTINUOUS
10
1.5881102362204724
20
0.5887092519685039
11
1.5881102755905512
21
0.5887083464566929
0
LINE
8
BLACK
6
CONTINUOUS
10
1.5881102755905512
20
0.5887083464566929
11
1.58822468503937
21
0.5877216929133858
0
LINE
8
BLACK
6
CONTINUOUS
10
1.58822468503937
20
0.5877216929133858
11
1.5882247244094487
21
0.5877215354330708
0
LINE
8
BLACK
6
CONTINUOUS
10
1.5882247244094487
20
0.5877215354330708
11
1.5900082677165355
21
0.583682125984252
0
LINE
8
BLACK
6
CONTINUOUS
10
1.5900082677165355
20
0.583682125984252
11
1.5900083858267715
21
0.5836819291338583
0
LINE
8
BLACK
6
CONTINUOUS
10
1.5900083858267715
20
0.5836819291338583
11
1.5931306692913385
21
0.5805596456692913
0
LINE
8
BLACK
6
CONTINUOUS
10
1.5931306692913385
20
0.5805596456692913
11
1.5931308661417323
21
0.5805595275590552
0
LINE
8
BLACK
6
CONTINUOUS
10
1.5931308661417323
20
0.5805595275590552
11
1.597170157480315
21
0.5787760236220473
0
LINE
8
BLACK
6
CONTINUOUS
10
1.597170157480315
20
0.5787760236220473
11
1.5981576771653543
21
0.5786614566929134
0
LINE
8
BLACK
6
CONTINUOUS
10
1.5981576771653543
20
0.5786614566929134
11
1.6200786614173228
21
0.5786614566929134
0
LINE
8
BLACK
6
CONTINUOUS
10
1.6200786614173228
20
0.5786614566929134
11
1.6200787007874016
21
0.5786614960629921
0
LINE
8
BLACK
6
CONTINUOUS
10
1.6200787007874016
20
0.5786614960629921
11
1.6200787007874016
21
0.5904724409448818
0
LINE
8
BLACK
6
CONTINUOUS
10
1.6200787007874016
20
0.5904724409448818
11
1.5999212204724409
21
0.5904724409448818
0
LINE
8
BLACK
6
CONTINUOUS
10
1.5999212204724409
20
0.5904724409448818
11
1.5999212204724409
21
0.6106299212598425
0
LINE
8
BLACK
6
CONTINUOUS
10
1.5999212204724409
20
0.6106299212598425
11
1.5881102362204724
21
0.6106299212598425
0
LINE
8
BLACK
6
CONTINUOUS
10
1.659921220472441
20
0.5904724409448818
11
1.6397637401574803
21
0.5904724409448818
0
LINE
8
BLACK
6
CONTINUOUS
10
1.6397637401574803
20
0.5904724409448818
11
1.6397637401574803
21
0.5786614566929134
0
LINE
8
BLACK
6
CONTINUOUS
10
1.6397637401574803
20
0.5786614566929134
11
1.6616844488188975
21
0.5786614566929134
0
LINE
8
BLACK
6
CONTINUOUS
10
1.6616844488188975
20
0.5786614566929134
11
1.6616853149606299
21
0.5786615354330709
0
LINE
8
BLACK
6
CONTINUOUS
10
1.6616853149606299
20
0.5786615354330709
11
1.6626719685039371
21
0.5787759448818898
0
LINE
8
BLACK
6
CONTINUOUS
10
1.6626719685039371
20
0.5787759448818898
11
1.6626721259842518
21
0.5787759842519685
0
LINE
8
BLACK
6
CONTINUOUS
10
1.6626721259842518
20
0.5787759842519685
11
1.6667115354330708
21
0.5805595275590552
0
LINE
8
BLACK
6
CONTINUOUS
10
1.6667115354330708
20
0.5805595275590552
11
1.6667117322834646
21
0.5805596456692913
0
LINE
8
BLACK
6
CONTINUOUS
10
1.6667117322834646
20
0.5805596456692913
11
1.6698340157480314
21
0.5836819291338583
0
LINE
8
BLACK
6
CONTINUOUS
10
1.6698340157480314
20
0.5836819291338583
11
1.6698341338582676
21
0.583682125984252
0
LINE
8
BLACK
6
CONTINUOUS
10
1.6698341338582676
20
0.583682125984252
11
1.6716176377952756
21
0.5877213779527559
0
LINE
8
BLACK
6
CONTINUOUS
10
1.6716176377952756
20
0.5877213779527559
11
1.6716176377952756
21
0.5877214566929134
0
LINE
8
BLACK
6
CONTINUOUS
10
1.6716176377952756
20
0.5877214566929134
11
1.6717322047244094
21
0.5887088976377952
0
LINE
8
BLACK
6
CONTINUOUS
10
1.6717322047244094
20
0.5887088976377952
11
1.6717322440944882
21
0.5887090157480315
0
LINE
8
BLACK
6
CONTINUOUS
10
1.6717322440944882
20
0.5887090157480315
11
1.6717322440944882
21
0.6106299212598425
0
LINE
8
BLACK
6
CONTINUOUS
10
1.6717322440944882
20
0.6106299212598425
11
1.659921220472441
21
0.6106299212598425
0
LINE
8
BLACK
6
CONTINUOUS
10
1.659921220472441
20
0.6106299212598425
11
1.659921220472441
21
0.5904724409448818
0
LINE
8
BLACK
6
CONTINUOUS
10
2.3304376771653543
20
0.6906495275590551
11
2.3294492913385825
21
0.6905349212598425
0
LINE
8
BLACK
6
CONTINUOUS
10
2.3294492913385825
20
0.6905349212598425
11
2.3294491338582675
21
0.690534842519685
0
LINE
8
BLACK
6
CONTINUOUS
10
2.3294491338582675
20
0.690534842519685
11
2.3254029527559053
21
0.6887483070866142
0
LINE
8
BLACK
6
CONTINUOUS
10
2.3254029527559053
20
0.6887483070866142
11
2.3222753543307086
21
0.6856207086614173
0
LINE
8
BLACK
6
CONTINUOUS
10
2.3222753543307086
20
0.6856207086614173
11
2.3204887795275591
21
0.6815745669291339
0
LINE
8
BLACK
6
CONTINUOUS
10
2.3204887795275591
20
0.6815745669291339
11
2.3204887795275591
21
0.6815744881889764
0
LINE
8
BLACK
6
CONTINUOUS
10
2.3204887795275591
20
0.6815744881889764
11
2.3203740157480315
21
0.6805853937007874
0
LINE
8
BLACK
6
CONTINUOUS
10
2.3203740157480315
20
0.6805853937007874
11
2.3203740157480315
21
0.6170529133858268
0
LINE
8
BLACK
6
CONTINUOUS
10
2.3203740157480315
20
0.6170529133858268
11
2.320374094488189
21
0.6170518897637796
0
LINE
8
BLACK
6
CONTINUOUS
10
2.320374094488189
20
0.6170518897637796
11
2.3204887007874015
21
0.6160635039370078
0
LINE
8
BLACK
6
CONTINUOUS
10
2.3204887007874015
20
0.6160635039370078
11
2.3204887795275591
21
0.6160633464566929
0
LINE
8
BLACK
6
CONTINUOUS
10
2.3204887795275591
20
0.6160633464566929
11
2.3222753149606299
21
0.6120171653543307
0
LINE
8
BLACK
6
CONTINUOUS
10
2.3222753149606299
20
0.6120171653543307
11
2.3222753543307086
21
0.612017125984252
0
LINE
8
BLACK
6
CONTINUOUS
10
2.3222753543307086
20
0.612017125984252
11
2.3254029527559053
21
0.6088895275590551
0
LINE
8
BLACK
6
CONTINUOUS
10
2.3254029527559053
20
0.6088895275590551
11
2.3294491732283462
21
0.6071029527559055
0
LINE
8
BLACK
6
CONTINUOUS
10
2.3294491732283462
20
0.6071029527559055
11
2.3304383858267714
21
0.606988188976378
0
LINE
8
BLACK
6
CONTINUOUS
10
2.3304383858267714
20
0.606988188976378
11
2.3939710236220471
21
0.6069882283464567
0
LINE
8
BLACK
6
CONTINUOUS
10
2.3939710236220471
20
0.6069882283464567
11
2.3939716141732283
21
0.6069883070866141
0
LINE
8
BLACK
6
CONTINUOUS
10
2.3939716141732283
20
0.6069883070866141
11
2.3939717322834646
21
0.6069883070866141
0
LINE
8
BLACK
6
CONTINUOUS
10
2.3939717322834646
20
0.6069883070866141
11
2.394960118110236
21
0.6071029133858268
0
LINE
8
BLACK
6
CONTINUOUS
10
2.394960118110236
20
0.6071029133858268
11
2.3949601574803148
21
0.6071029527559055
0
LINE
8
BLACK
6
CONTINUOUS
10
2.3949601574803148
20
0.6071029527559055
11
2.394960275590551
21
0.6071029527559055
0
LINE
8
BLACK
6
CONTINUOUS
10
2.394960275590551
20
0.6071029527559055
11
2.399006496062992
21
0.6088895275590551
0
LINE
8
BLACK
6
CONTINUOUS
10
2.399006496062992
20
0.6088895275590551
11
2.402134094488189
21
0.612017125984252
0
LINE
8
BLACK
6
CONTINUOUS
10
2.402134094488189
20
0.612017125984252
11
2.4039206692913386
21
0.6160633464566929
0
LINE
8
BLACK
6
CONTINUOUS
10
2.4039206692913386
20
0.6160633464566929
11
2.4040354330708662
21
0.6170525590551181
0
LINE
8
BLACK
6
CONTINUOUS
10
2.4040354330708662
20
0.6170525590551181
11
2.4040354330708662
21
0.6242322834645669
0
LINE
8
BLACK
6
CONTINUOUS
10
2.4040354330708662
20
0.6242322834645669
11
2.4041358267716535
21
0.6245742519685039
0
LINE
8
BLACK
6
CONTINUOUS
10
2.4041358267716535
20
0.6245742519685039
11
2.4040851181102361
21
0.6249270472440944
0
LINE
8
BLACK
6
CONTINUOUS
10
2.4040851181102361
20
0.6249270472440944
11
2.4045173228346455
21
0.6258735433070866
0
LINE
8
BLACK
6
CONTINUOUS
10
2.4045173228346455
20
0.6258735433070866
11
2.4048104330708662
21
0.6268716141732283
0
LINE
8
BLACK
6
CONTINUOUS
10
2.4048104330708662
20
0.6268716141732283
11
2.4050797244094486
21
0.627105
0
LINE
8
BLACK
6
CONTINUOUS
10
2.4050797244094486
20
0.627105
11
2.405227834645669
21
0.627429251968504
0
LINE
8
BLACK
6
CONTINUOUS
10
2.405227834645669
20
0.627429251968504
11
2.406103188976378
21
0.6279918503937008
0
LINE
8
BLACK
6
CONTINUOUS
10
2.406103188976378
20
0.6279918503937008
11
2.4068893307086614
21
0.6286729921259843
0
LINE
8
BLACK
6
CONTINUOUS
10
2.4068893307086614
20
0.6286729921259843
11
2.4073032677165354
21
0.6287630708661417
0
LINE
8
BLACK
6
CONTINUOUS
10
2.4073032677165354
20
0.6287630708661417
11
2.407541929133858
21
0.6289164173228347
0
LINE
8
BLACK
6
CONTINUOUS
10
2.407541929133858
20
0.6289164173228347
11
2.4089173228346454
21
0.6291141732283464
0
LINE
8
BLACK
6
CONTINUOUS
10
2.4089173228346454
20
0.6291141732283464
11
2.4154921653543306
21
0.6291141732283464
0
LINE
8
BLACK
6
CONTINUOUS
10
2.4154921653543306
20
0.6291141732283464
11
2.4181314960629923
21
0.6283391732283464
0
LINE
8
BLACK
6
CONTINUOUS
10
2.4181314960629923
20
0.6283391732283464
11
2.419932874015748
21
0.6262602755905512
0
LINE
8
BLACK
6
CONTINUOUS
10
2.419932874015748
20
0.6262602755905512
11
2.4203740551181103
21
0.6242322834645669
0
LINE
8
BLACK
6
CONTINUOUS
10
2.4203740551181103
20
0.6242322834645669
11
2.4203740551181103
21
0.6170529133858268
0
LINE
8
BLACK
6
CONTINUOUS
10
2.4203740551181103
20
0.6170529133858268
11
2.4203740944881891
21
0.6170518897637796
0
LINE
8
BLACK
6
CONTINUOUS
10
2.4203740944881891
20
0.6170518897637796
11
2.4204887007874016
21
0.6160635039370078
0
LINE
8
BLACK
6
CONTINUOUS
10
2.4204887007874016
20
0.6160635039370078
11
2.4204887795275591
21
0.6160633464566929
0
LINE
8
BLACK
6
CONTINUOUS
10
2.4204887795275591
20
0.6160633464566929
11
2.42227531496063
21
0.6120171653543307
0
LINE
8
BLACK
6
CONTINUOUS
10
2.42227531496063
20
0.6120171653543307
11
2.4222753543307087
21
0.612017125984252
0
LINE
8
BLACK
6
CONTINUOUS
10
2.4222753543307087
20
0.612017125984252
11
2.4254029527559053
21
0.6088895275590551
0
LINE
8
BLACK
6
CONTINUOUS
10
2.4254029527559053
20
0.6088895275590551
11
2.4294491732283463
21
0.6071029527559055
0
LINE
8
BLACK
6
CONTINUOUS
10
2.4294491732283463
20
0.6071029527559055
11
2.4304383858267715
21
0.606988188976378
0
LINE
8
BLACK
6
CONTINUOUS
10
2.4304383858267715
20
0.606988188976378
11
2.4939710236220471
21
0.6069882283464567
0
LINE
8
BLACK
6
CONTINUOUS
10
2.4939710236220471
20
0.6069882283464567
11
2.4939716141732284
21
0.6069883070866141
0
LINE
8
BLACK
6
CONTINUOUS
10
2.4939716141732284
20
0.6069883070866141
11
2.4939717322834647
21
0.6069883070866141
0
LINE
8
BLACK
6
CONTINUOUS
10
2.4939717322834647
20
0.6069883070866141
11
2.4949601181102361
21
0.6071029133858268
0
LINE
8
BLACK
6
CONTINUOUS
10
2.4949601181102361
20
0.6071029133858268
11
2.4949601574803149
21
0.6071029527559055
0
LINE
8
BLACK
6
CONTINUOUS
10
2.4949601574803149
20
0.6071029527559055
11
2.4949602755905511
21
0.6071029527559055
0
LINE
8
BLACK
6
CONTINUOUS
10
2.4949602755905511
20
0.6071029527559055
11
2.4990064960629921
21
0.6088895275590551
0
LINE
8
BLACK
6
CONTINUOUS
10
2.4990064960629921
20
0.6088895275590551
11
2.5021340944881891
21
0.612017125984252
0
LINE
8
BLACK
6
CONTINUOUS
10
2.5021340944881891
20
0.612017125984252
11
2.5039206692913387
21
0.6160633464566929
0
LINE
8
BLACK
6
CONTINUOUS
10
2.5039206692913387
20
0.6160633464566929
11
2.5040354330708663
21
0.6170525590551181
0
LINE
8
BLACK
6
CONTINUOUS
10
2.5040354330708663
20
0.6170525590551181
11
2.5040353937007875
21
0.6805851968503936
0
LINE
8
BLACK
6
CONTINUOUS
10
2.5040353937007875
20
0.6805851968503936
11
2.50403531496063
21
0.6805859448818897
0
LINE
8
BLACK
6
CONTINUOUS
10
2.50403531496063
20
0.6805859448818897
11
2.5039207086614175
21
0.6815743307086614
0
LINE
8
BLACK
6
CONTINUOUS
10
2.5039207086614175
20
0.6815743307086614
11
2.5039206692913387
21
0.6815744094488189
0
LINE
8
BLACK
6
CONTINUOUS
10
2.5039206692913387
20
0.6815744094488189
11
2.5039206692913387
21
0.6815744488188976
0
LINE
8
BLACK
6
CONTINUOUS
10
2.5039206692913387
20
0.6815744488188976
11
2.5021340944881891
21
0.6856206692913386
0
LINE
8
BLACK
6
CONTINUOUS
10
2.5021340944881891
20
0.6856206692913386
11
2.4990064960629921
21
0.6887482677165354
0
LINE
8
BLACK
6
CONTINUOUS
10
2.4990064960629921
20
0.6887482677165354
11
2.4973096850393701
21
0.6894974803149606
0
LINE
8
BLACK
6
CONTINUOUS
10
2.4973096850393701
20
0.6894974803149606
11
2.4949603149606299
21
0.690534842519685
0
LINE
8
BLACK
6
CONTINUOUS
10
2.4949603149606299
20
0.690534842519685
11
2.4939710629921259
21
0.6906496062992126
0
LINE
8
BLACK
6
CONTINUOUS
10
2.4939710629921259
20
0.6906496062992126
11
2.4304387007874015
21
0.6906496062992126
0
LINE
8
BLACK
6
CONTINUOUS
10
2.4304387007874015
20
0.6906496062992126
11
2.4304376771653544
21
0.6906495275590551
0
LINE
8
BLACK
6
CONTINUOUS
10
2.4304376771653544
20
0.6906495275590551
11
2.4294492913385826
21
0.6905349212598425
0
LINE
8
BLACK
6
CONTINUOUS
10
2.4294492913385826
20
0.6905349212598425
11
2.4294491338582676
21
0.690534842519685
0
LINE
8
BLACK
6
CONTINUOUS
10
2.4294491338582676
20
0.690534842519685
11
2.4254029527559053
21
0.6887483070866142
0
LINE
8
BLACK
6
CONTINUOUS
10
2.4254029527559053
20
0.6887483070866142
11
2.4222753543307087
21
0.6856207086614173
0
LINE
8
BLACK
6
CONTINUOUS
10
2.4222753543307087
20
0.6856207086614173
11
2.4204887795275591
21
0.6815745669291339
0
LINE
8
BLACK
6
CONTINUOUS
10
2.4204887795275591
20
0.6815745669291339
11
2.4204887795275591
21
0.6815744881889764
0
LINE
8
BLACK
6
CONTINUOUS
10
2.4204887795275591
20
0.6815744881889764
11
2.4203740157480316
21
0.6805853937007874
0
LINE
8
BLACK
6
CONTINUOUS
10
2.4203740157480316
20
0.6805853937007874
11
2.4203740157480316
21
0.6734055118110236
0
LINE
8
BLACK
6
CONTINUOUS
10
2.4203740157480316
20
0.6734055118110236
11
2.4202735826771651
21
0.6730635826771654
0
LINE
8
BLACK
6
CONTINUOUS
10
2.4202735826771651
20
0.6730635826771654
11
2.4203243307086613
21
0.672710748031496
0
LINE
8
BLACK
6
CONTINUOUS
10
2.4203243307086613
20
0.672710748031496
11
2.4198920866141731
21
0.6717642913385826
0
LINE
8
BLACK
6
CONTINUOUS
10
2.4198920866141731
20
0.6717642913385826
11
2.4195990157480316
21
0.6707661811023622
0
LINE
8
BLACK
6
CONTINUOUS
10
2.4195990157480316
20
0.6707661811023622
11
2.41932968503937
21
0.6705328346456693
0
LINE
8
BLACK
6
CONTINUOUS
10
2.41932968503937
20
0.6705328346456693
11
2.4191816141732283
21
0.6702085433070866
0
LINE
8
BLACK
6
CONTINUOUS
10
2.4191816141732283
20
0.6702085433070866
11
2.418306220472441
21
0.6696459842519685
0
LINE
8
BLACK
6
CONTINUOUS
10
2.418306220472441
20
0.6696459842519685
11
2.4175201181102364
21
0.6689648031496063
0
LINE
8
BLACK
6
CONTINUOUS
10
2.4175201181102364
20
0.6689648031496063
11
2.4171061417322832
21
0.6688747637795276
0
LINE
8
BLACK
6
CONTINUOUS
10
2.4171061417322832
20
0.6688747637795276
11
2.4168675196850393
21
0.6687213779527559
0
LINE
8
BLACK
6
CONTINUOUS
10
2.4168675196850393
20
0.6687213779527559
11
2.4154921259842519
21
0.668523622047244
0
LINE
8
BLACK
6
CONTINUOUS
10
2.4154921259842519
20
0.668523622047244
11
2.4089172834645667
21
0.668523622047244
0
LINE
8
BLACK
6
CONTINUOUS
10
2.4089172834645667
20
0.668523622047244
11
2.4062779527559055
21
0.6692986220472441
0
LINE
8
BLACK
6
CONTINUOUS
10
2.4062779527559055
20
0.6692986220472441
11
2.4044765748031494
21
0.6713775196850393
0
LINE
8
BLACK
6
CONTINUOUS
10
2.4044765748031494
20
0.6713775196850393
11
2.4040353937007874
21
0.6734055118110236
0
LINE
8
BLACK
6
CONTINUOUS
10
2.4040353937007874
20
0.6734055118110236
11
2.4040353937007874
21
0.6805849212598425
0
LINE
8
BLACK
6
CONTINUOUS
10
2.4040353937007874
20
0.6805849212598425
11
2.4040353937007874
21
0.6805851968503936
0
LINE
8
BLACK
6
CONTINUOUS
10
2.4040353937007874
20
0.6805851968503936
11
2.4040353149606299
21
0.6805859448818897
0
LINE
8
BLACK
6
CONTINUOUS
10
2.4040353149606299
20
0.6805859448818897
11
2.4039207086614174
21
0.6815743307086614
0
LINE
8
BLACK
6
CONTINUOUS
10
2.4039207086614174
20
0.6815743307086614
11
2.4039206692913386
21
0.6815744094488189
0
LINE
8
BLACK
6
CONTINUOUS
10
2.4039206692913386
20
0.6815744094488189
11
2.4039206692913386
21
0.6815744488188976
0
LINE
8
BLACK
6
CONTINUOUS
10
2.4039206692913386
20
0.6815744488188976
11
2.402134094488189
21
0.6856206692913386
0
LINE
8
BLACK
6
CONTINUOUS
10
2.402134094488189
20
0.6856206692913386
11
2.399006496062992
21
0.6887482677165354
0
LINE
8
BLACK
6
CONTINUOUS
10
2.399006496062992
20
0.6887482677165354
11
2.39730968503937
21
0.6894974803149606
0
LINE
8
BLACK
6
CONTINUOUS
10
2.39730968503937
20
0.6894974803149606
11
2.3949603149606298
21
0.690534842519685
0
LINE
8
BLACK
6
CONTINUOUS
10
2.3949603149606298
20
0.690534842519685
11
2.3939710629921258
21
0.6906496062992126
0
LINE
8
BLACK
6
CONTINUOUS
10
2.3939710629921258
20
0.6906496062992126
11
2.3304387007874015
21
0.6906496062992126
0
LINE
8
BLACK
6
CONTINUOUS
10
2.3304387007874015
20
0.6906496062992126
11
2.3304376771653543
21
0.6906495275590551
0
LINE
8
BLACK
6
CONTINUOUS
10
0.2770866535433071
20
0.6437007874015748
11
0.2770866535433071
21
0.6217801181102363
0
LINE
8
BLACK
6
CONTINUOUS
10
0.2770866535433071
20
0.6217801181102363
11
0.2770866929133858
21
0.6217792125984252
0
LINE
8
BLACK
6
CONTINUOUS
10
0.2770866929133858
20
0.6217792125984252
11
0.2772011023622047
21
0.6207925590551181
0
LINE
8
BLACK
6
CONTINUOUS
10
0.2772011023622047
20
0.6207925590551181
11
0.2772011417322834
21
0.6207924015748031
0
LINE
8
BLACK
6
CONTINUOUS
10
0.2772011417322834
20
0.6207924015748031
11
0.2789846850393701
21
0.6167529921259842
0
LINE
8
BLACK
6
CONTINUOUS
10
0.2789846850393701
20
0.6167529921259842
11
0.2789848031496063
21
0.6167527952755906
0
LINE
8
BLACK
6
CONTINUOUS
10
0.2789848031496063
20
0.6167527952755906
11
0.2821070866141732
21
0.6136305118110236
0
LINE
8
BLACK
6
CONTINUOUS
10
0.2821070866141732
20
0.6136305118110236
11
0.2821072834645669
21
0.6136303937007874
0
LINE
8
BLACK
6
CONTINUOUS
10
0.2821072834645669
20
0.6136303937007874
11
0.2861465748031496
21
0.6118468897637795
0
LINE
8
BLACK
6
CONTINUOUS
10
0.2861465748031496
20
0.6118468897637795
11
0.287134094488189
21
0.6117323228346456
0
LINE
8
BLACK
6
CONTINUOUS
10
0.287134094488189
20
0.6117323228346456
11
0.3090550787401575
21
0.6117323228346456
0
LINE
8
BLACK
6
CONTINUOUS
10
0.3090550787401575
20
0.6117323228346456
11
0.3090551181102362
21
0.6117323622047244
0
LINE
8
BLACK
6
CONTINUOUS
10
0.3090551181102362
20
0.6117323622047244
11
0.3090551181102362
21
0.6235433070866142
0
LINE
8
BLACK
6
CONTINUOUS
10
0.3090551181102362
20
0.6235433070866142
11
0.2888976377952756
21
0.6235433070866142
0
LINE
8
BLACK
6
CONTINUOUS
10
0.2888976377952756
20
0.6235433070866142
11
0.2888976377952756
21
0.6437007874015748
0
LINE
8
BLACK
6
CONTINUOUS
10
0.2888976377952756
20
0.6437007874015748
11
0.2770866535433071
21
0.6437007874015748
0
LINE
8
BLACK
6
CONTINUOUS
10
0.3488976377952756
20
0.6235433070866142
11
0.3287401574803149
21
0.6235433070866142
0
LINE
8
BLACK
6
CONTINUOUS
10
0.3287401574803149
20
0.6235433070866142
11
0.3287401574803149
21
0.6117323228346456
0
LINE
8
BLACK
6
CONTINUOUS
10
0.3287401574803149
20
0.6117323228346456
11
0.3506608661417323
21
0.6117323228346456
0
LINE
8
BLACK
6
CONTINUOUS
10
0.3506608661417323
20
0.6117323228346456
11
0.3506617322834645
21
0.6117324015748031
0
LINE
8
BLACK
6
CONTINUOUS
10
0.3506617322834645
20
0.6117324015748031
11
0.3516483858267717
21
0.611846811023622
0
LINE
8
BLACK
6
CONTINUOUS
10
0.3516483858267717
20
0.611846811023622
11
0.3516485433070866
21
0.6118468503937008
0
LINE
8
BLACK
6
CONTINUOUS
10
0.3516485433070866
20
0.6118468503937008
11
0.3556879527559055
21
0.6136303937007874
0
LINE
8
BLACK
6
CONTINUOUS
10
0.3556879527559055
20
0.6136303937007874
11
0.3556881496062992
21
0.6136305118110236
0
LINE
8
BLACK
6
CONTINUOUS
10
0.3556881496062992
20
0.6136305118110236
11
0.3588104330708661
21
0.6167527952755906
0
LINE
8
BLACK
6
CONTINUOUS
10
0.3588104330708661
20
0.6167527952755906
11
0.3588105511811023
21
0.6167529921259842
0
LINE
8
BLACK
6
CONTINUOUS
10
0.3588105511811023
20
0.6167529921259842
11
0.3605940551181102
21
0.6207922440944882
0
LINE
8
BLACK
6
CONTINUOUS
10
0.3605940551181102
20
0.6207922440944882
11
0.3605940551181102
21
0.6207923228346457
0
LINE
8
BLACK
6
CONTINUOUS
10
0.3605940551181102
20
0.6207923228346457
11
0.3607086220472441
21
0.6217797637795276
0
LINE
8
BLACK
6
CONTINUOUS
10
0.3607086220472441
20
0.6217797637795276
11
0.3607086614173228
21
0.6217798818897637
0
LINE
8
BLACK
6
CONTINUOUS
10
0.3607086614173228
20
0.6217798818897637
11
0.3607086614173228
21
0.6437007874015748
0
LINE
8
BLACK
6
CONTINUOUS
10
0.3607086614173228
20
0.6437007874015748
11
0.3488976377952756
21
0.6437007874015748
0
LINE
8
BLACK
6
CONTINUOUS
10
0.3488976377952756
20
0.6437007874015748
11
0.3488976377952756
21
0.6235433070866142
0
LINE
8
BLACK
6
CONTINUOUS
10
0.3770866535433071
20
0.6437007874015748
11
0.3770866535433071
21
0.6217801181102363
0
LINE
8
BLACK
6
CONTINUOUS
10
0.3770866535433071
20
0.6217801181102363
11
0.3770866929133858
21
0.6217792125984252
0
LINE
8
BLACK
6
CONTINUOUS
10
0.3770866929133858
20
0.6217792125984252
11
0.3772011023622047
21
0.6207925590551181
0
LINE
8
BLACK
6
CONTINUOUS
10
0.3772011023622047
20
0.6207925590551181
11
0.3772011417322835
21
0.6207924015748031
0
LINE
8
BLACK
6
CONTINUOUS
10
0.3772011417322835
20
0.6207924015748031
11
0.3789846850393701
21
0.6167529921259842
0
LINE
8
BLACK
6
CONTINUOUS
10
0.3789846850393701
20
0.6167529921259842
11
0.3789848031496063
21
0.6167527952755906
0
LINE
8
BLACK
6
CONTINUOUS
10
0.3789848031496063
20
0.6167527952755906
11
0.3821070866141732
21
0.6136305118110236
0
LINE
8
BLACK
6
CONTINUOUS
10
0.3821070866141732
20
0.6136305118110236
11
0.3821072834645669
21
0.6136303937007874
0
LINE
8
BLACK
6
CONTINUOUS
10
0.3821072834645669
20
0.6136303937007874
11
0.3861465748031496
21
0.6118468897637795
0
LINE
8
BLACK
6
CONTINUOUS
10
0.3861465748031496
20
0.6118468897637795
11
0.387134094488189
21
0.6117323228346456
0
LINE
8
BLACK
6
CONTINUOUS
10
0.387134094488189
20
0.6117323228346456
11
0.4090550787401575
21
0.6117323228346456
0
LINE
8
BLACK
6
CONTINUOUS
10
0.4090550787401575
20
0.6117323228346456
11
0.4090551181102362
21
0.6117323622047244
0
LINE
8
BLACK
6
CONTINUOUS
10
0.4090551181102362
20
0.6117323622047244
11
0.4090551181102362
21
0.6235433070866142
0
LINE
8
BLACK
6
CONTINUOUS
10
0.4090551181102362
20
0.6235433070866142
11
0.3888976377952756
21
0.6235433070866142
0
LINE
8
BLACK
6
CONTINUOUS
10
0.3888976377952756
20
0.6235433070866142
11
0.3888976377952756
21
0.6437007874015748
0
LINE
8
BLACK
6
CONTINUOUS
10
0.3888976377952756
20
0.6437007874015748
11
0.3770866535433071
21
0.6437007874015748
0
LINE
8
BLACK
6
CONTINUOUS
10
0.4488976377952756
20
0.6235433070866142
11
0.428740157480315
21
0.6235433070866142
0
LINE
8
BLACK
6
CONTINUOUS
10
0.428740157480315
20
0.6235433070866142
11
0.428740157480315
21
0.6117323228346456
0
LINE
8
BLACK
6
CONTINUOUS
10
0.428740157480315
20
0.6117323228346456
11
0.4506608661417323
21
0.6117323228346456
0
LINE
8
BLACK
6
CONTINUOUS
10
0.4506608661417323
20
0.6117323228346456
11
0.4506617322834646
21
0.6117324015748031
0
LINE
8
BLACK
6
CONTINUOUS
10
0.4506617322834646
20
0.6117324015748031
11
0.4516483858267716
21
0.611846811023622
0
LINE
8
BLACK
6
CONTINUOUS
10
0.4516483858267716
20
0.611846811023622
11
0.4516485433070866
21
0.6118468503937008
0
LINE
8
BLACK
6
CONTINUOUS
10
0.4516485433070866
20
0.6118468503937008
11
0.4556879527559055
21
0.6136303937007874
0
LINE
8
BLACK
6
CONTINUOUS
10
0.4556879527559055
20
0.6136303937007874
11
0.4556881496062992
21
0.6136305118110236
0
LINE
8
BLACK
6
CONTINUOUS
10
0.4556881496062992
20
0.6136305118110236
11
0.4581617322834646
21
0.6161040551181102
0
LINE
8
BLACK
6
CONTINUOUS
10
0.4581617322834646
20
0.6161040551181102
11
0.4588104330708661
21
0.6167527952755906
0
LINE
8
BLACK
6
CONTINUOUS
10
0.4588104330708661
20
0.6167527952755906
11
0.4588105511811024
21
0.6167529921259842
0
LINE
8
BLACK
6
CONTINUOUS
10
0.4588105511811024
20
0.6167529921259842
11
0.4605940551181102
21
0.6207922440944882
0
LINE
8
BLACK
6
CONTINUOUS
10
0.4605940551181102
20
0.6207922440944882
11
0.4605940551181102
21
0.6207923228346457
0
LINE
8
BLACK
6
CONTINUOUS
10
0.4605940551181102
20
0.6207923228346457
11
0.4607086220472441
21
0.6217797637795276
0
LINE
8
BLACK
6
CONTINUOUS
10
0.4607086220472441
20
0.6217797637795276
11
0.4607086614173228
21
0.6217798818897637
0
LINE
8
BLACK
6
CONTINUOUS
10
0.4607086614173228
20
0.6217798818897637
11
0.4607086614173228
21
0.6437007874015748
0
LINE
8
BLACK
6
CONTINUOUS
10
0.4607086614173228
20
0.6437007874015748
11
0.4488976377952756
21
0.6437007874015748
0
LINE
8
BLACK
6
CONTINUOUS
10
0.4488976377952756
20
0.6437007874015748
11
0.4488976377952756
21
0.6235433070866142
0
LINE
8
BLACK
6
CONTINUOUS
10
1.6397637401574803
20
0.6504724409448819
11
1.659921220472441
21
0.6504724409448819
0
LINE
8
BLACK
6
CONTINUOUS
10
1.659921220472441
20
0.6504724409448819
11
1.659921220472441
21
0.6303149606299212
0
LINE
8
BLACK
6
CONTINUOUS
10
1.659921220472441
20
0.6303149606299212
11
1.6717322047244094
21
0.6303149606299212
0
LINE
8
BLACK
6
CONTINUOUS
10
1.6717322047244094
20
0.6303149606299212
11
1.6717322047244094
21
0.6522356692913386
0
LINE
8
BLACK
6
CONTINUOUS
10
1.6717322047244094
20
0.6522356692913386
11
1.6717321259842519
21
0.6522365748031496
0
LINE
8
BLACK
6
CONTINUOUS
10
1.6717321259842519
20
0.6522365748031496
11
1.6716177165354331
21
0.6532232283464566
0
LINE
8
BLACK
6
CONTINUOUS
10
1.6716177165354331
20
0.6532232283464566
11
1.6716176771653544
21
0.6532233858267716
0
LINE
8
BLACK
6
CONTINUOUS
10
1.6716176771653544
20
0.6532233858267716
11
1.6698341338582676
21
0.6572627952755905
0
LINE
8
BLACK
6
CONTINUOUS
10
1.6698341338582676
20
0.6572627952755905
11
1.6698340157480314
21
0.6572629921259843
0
LINE
8
BLACK
6
CONTINUOUS
10
1.6698340157480314
20
0.6572629921259843
11
1.6667117322834646
21
0.6603852755905512
0
LINE
8
BLACK
6
CONTINUOUS
10
1.6667117322834646
20
0.6603852755905512
11
1.6667115354330708
21
0.6603853937007874
0
LINE
8
BLACK
6
CONTINUOUS
10
1.6667115354330708
20
0.6603853937007874
11
1.6626722440944881
21
0.6621688976377953
0
LINE
8
BLACK
6
CONTINUOUS
10
1.6626722440944881
20
0.6621688976377953
11
1.6616847637795276
21
0.6622834645669291
0
LINE
8
BLACK
6
CONTINUOUS
10
1.6616847637795276
20
0.6622834645669291
11
1.6397637401574803
21
0.6622834645669291
0
LINE
8
BLACK
6
CONTINUOUS
10
1.6397637401574803
20
0.6622834645669291
11
1.6397637401574803
21
0.6504724409448819
0
LINE
8
BLACK
6
CONTINUOUS
10
1.5397637401574802
20
0.6504724409448819
11
1.5599212204724409
21
0.6504724409448819
0
LINE
8
BLACK
6
CONTINUOUS
10
1.5599212204724409
20
0.6504724409448819
11
1.5599212204724409
21
0.6303149606299212
0
LINE
8
BLACK
6
CONTINUOUS
10
1.5599212204724409
20
0.6303149606299212
11
1.5717322047244093
21
0.6303149606299212
0
LINE
8
BLACK
6
CONTINUOUS
10
1.5717322047244093
20
0.6303149606299212
11
1.5717322047244093
21
0.6522360236220472
0
LINE
8
BLACK
6
CONTINUOUS
10
1.5717322047244093
20
0.6522360236220472
11
1.5717322047244093
21
0.6522361417322835
0
LINE
8
BLACK
6
CONTINUOUS
10
1.5717322047244093
20
0.6522361417322835
11
1.571617716535433
21
0.6532232283464566
0
LINE
8
BLACK
6
CONTINUOUS
10
1.571617716535433
20
0.6532232283464566
11
1.5716176771653543
21
0.6532233858267716
0
LINE
8
BLACK
6
CONTINUOUS
10
1.5716176771653543
20
0.6532233858267716
11
1.5698341338582678
21
0.6572627952755905
0
LINE
8
BLACK
6
CONTINUOUS
10
1.5698341338582678
20
0.6572627952755905
11
1.5698340157480315
21
0.6572629921259843
0
LINE
8
BLACK
6
CONTINUOUS
10
1.5698340157480315
20
0.6572629921259843
11
1.5667117322834645
21
0.6603852755905512
0
LINE
8
BLACK
6
CONTINUOUS
10
1.5667117322834645
20
0.6603852755905512
11
1.5667115354330707
21
0.6603853937007874
0
LINE
8
BLACK
6
CONTINUOUS
10
1.5667115354330707
20
0.6603853937007874
11
1.5626722440944882
21
0.6621688976377953
0
LINE
8
BLACK
6
CONTINUOUS
10
1.5626722440944882
20
0.6621688976377953
11
1.5616847637795275
21
0.6622834645669291
0
LINE
8
BLACK
6
CONTINUOUS
10
1.5616847637795275
20
0.6622834645669291
11
1.5397637401574802
21
0.6622834645669291
0
LINE
8
BLACK
6
CONTINUOUS
10
1.5397637401574802
20
0.6622834645669291
11
1.5397637401574802
21
0.6504724409448819
0
LINE
8
BLACK
6
CONTINUOUS
10
0.8366141338582677
20
0.6504724409448819
11
0.8567716141732283
21
0.6504724409448819
0
LINE
8
BLACK
6
CONTINUOUS
10
0.8567716141732283
20
0.6504724409448819
11
0.8567716141732283
21
0.6303149606299212
0
LINE
8
BLACK
6
CONTINUOUS
10
0.8567716141732283
20
0.6303149606299212
11
0.8685825984251968
21
0.6303149606299212
0
LINE
8
BLACK
6
CONTINUOUS
10
0.8685825984251968
20
0.6303149606299212
11
0.8685825984251968
21
0.6522356692913386
0
LINE
8
BLACK
6
CONTINUOUS
10
0.8685825984251968
20
0.6522356692913386
11
0.8685825196850393
21
0.6522365748031496
0
LINE
8
BLACK
6
CONTINUOUS
10
0.8685825196850393
20
0.6522365748031496
11
0.8684681102362205
21
0.6532232283464566
0
LINE
8
BLACK
6
CONTINUOUS
10
0.8684681102362205
20
0.6532232283464566
11
0.8684680708661418
21
0.6532233858267716
0
LINE
8
BLACK
6
CONTINUOUS
10
0.8684680708661418
20
0.6532233858267716
11
0.8666845275590551
21
0.6572627952755905
0
LINE
8
BLACK
6
CONTINUOUS
10
0.8666845275590551
20
0.6572627952755905
11
0.8666844094488189
21
0.6572629921259843
0
LINE
8
BLACK
6
CONTINUOUS
10
0.8666844094488189
20
0.6572629921259843
11
0.863562125984252
21
0.6603852755905512
0
LINE
8
BLACK
6
CONTINUOUS
10
0.863562125984252
20
0.6603852755905512
11
0.8635619291338582
21
0.6603853937007874
0
LINE
8
BLACK
6
CONTINUOUS
10
0.8635619291338582
20
0.6603853937007874
11
0.8595226377952756
21
0.6621688976377953
0
LINE
8
BLACK
6
CONTINUOUS
10
0.8595226377952756
20
0.6621688976377953
11
0.8585351574803149
21
0.6622834645669291
0
LINE
8
BLACK
6
CONTINUOUS
10
0.8585351574803149
20
0.6622834645669291
11
0.8366141338582677
21
0.6622834645669291
0
LINE
8
BLACK
6
CONTINUOUS
10
0.8366141338582677
20
0.6622834645669291
11
0.8366141338582677
21
0.6504724409448819
0
LINE
8
BLACK
6
CONTINUOUS
10
0.6950074803149606
20
0.6622833858267716
11
0.6940208267716536
21
0.6621689763779527
0
LINE
8
BLACK
6
CONTINUOUS
10
0.6940208267716536
20
0.6621689763779527
11
0.6940206692913385
21
0.662168937007874
0
LINE
8
BLACK
6
CONTINUOUS
10
0.6940206692913385
20
0.662168937007874
11
0.6899812598425197
21
0.6603853937007874
0
LINE
8
BLACK
6
CONTINUOUS
10
0.6899812598425197
20
0.6603853937007874
11
0.6899810629921259
21
0.6603852755905512
0
LINE
8
BLACK
6
CONTINUOUS
10
0.6899810629921259
20
0.6603852755905512
11
0.686858779527559
21
0.6572629921259843
0
LINE
8
BLACK
6
CONTINUOUS
10
0.686858779527559
20
0.6572629921259843
11
0.6868586614173228
21
0.6572627952755905
0
LINE
8
BLACK
6
CONTINUOUS
10
0.6868586614173228
20
0.6572627952755905
11
0.685075157480315
21
0.6532235433070867
0
LINE
8
BLACK
6
CONTINUOUS
10
0.685075157480315
20
0.6532235433070867
11
0.685075157480315
21
0.6532234645669291
0
LINE
8
BLACK
6
CONTINUOUS
10
0.685075157480315
20
0.6532234645669291
11
0.6849605905511811
21
0.6522360236220472
0
LINE
8
BLACK
6
CONTINUOUS
10
0.6849605905511811
20
0.6522360236220472
11
0.6849605905511811
21
0.6303149606299212
0
LINE
8
BLACK
6
CONTINUOUS
10
0.6849605905511811
20
0.6303149606299212
11
0.6967716141732283
21
0.6303149606299212
0
LINE
8
BLACK
6
CONTINUOUS
10
0.6967716141732283
20
0.6303149606299212
11
0.6967716141732283
21
0.6504724409448819
0
LINE
8
BLACK
6
CONTINUOUS
10
0.6967716141732283
20
0.6504724409448819
11
0.716929094488189
21
0.6504724409448819
0
LINE
8
BLACK
6
CONTINUOUS
10
0.716929094488189
20
0.6504724409448819
11
0.716929094488189
21
0.6622834645669291
0
LINE
8
BLACK
6
CONTINUOUS
10
0.716929094488189
20
0.6622834645669291
11
0.6950083858267716
21
0.6622834645669291
0
LINE
8
BLACK
6
CONTINUOUS
10
0.6950083858267716
20
0.6622834645669291
11
0.6950074803149606
21
0.6622833858267716
0
LINE
8
BLACK
6
CONTINUOUS
10
0.428740157480315
20
0.6835433070866141
11
0.4488976377952756
21
0.6835433070866141
0
LINE
8
BLACK
6
CONTINUOUS
10
0.4488976377952756
20
0.6835433070866141
11
0.4488976377952756
21
0.6633858267716535
0
LINE
8
BLACK
6
CONTINUOUS
10
0.4488976377952756
20
0.6633858267716535
11
0.4607086220472441
21
0.6633858267716535
0
LINE
8
BLACK
6
CONTINUOUS
10
0.4607086220472441
20
0.6633858267716535
11
0.4607086220472441
21
0.6853065354330709
0
LINE
8
BLACK
6
CONTINUOUS
10
0.4607086220472441
20
0.6853065354330709
11
0.4607085433070866
21
0.6853074409448818
0
LINE
8
BLACK
6
CONTINUOUS
10
0.4607085433070866
20
0.6853074409448818
11
0.4605941338582677
21
0.686294094488189
0
LINE
8
BLACK
6
CONTINUOUS
10
0.4605941338582677
20
0.686294094488189
11
0.4605940944881889
21
0.6862942519685039
0
LINE
8
BLACK
6
CONTINUOUS
10
0.4605940944881889
20
0.6862942519685039
11
0.4588105511811024
21
0.6903336614173228
0
LINE
8
BLACK
6
CONTINUOUS
10
0.4588105511811024
20
0.6903336614173228
11
0.4588104330708661
21
0.6903338582677165
0
LINE
8
BLACK
6
CONTINUOUS
10
0.4588104330708661
20
0.6903338582677165
11
0.4556881496062992
21
0.6934561417322834
0
LINE
8
BLACK
6
CONTINUOUS
10
0.4556881496062992
20
0.6934561417322834
11
0.4556879527559055
21
0.6934562598425197
0
LINE
8
BLACK
6
CONTINUOUS
10
0.4556879527559055
20
0.6934562598425197
11
0.4516486614173228
21
0.6952397637795276
0
LINE
8
BLACK
6
CONTINUOUS
10
0.4516486614173228
20
0.6952397637795276
11
0.4506611811023622
21
0.6953543307086614
0
LINE
8
BLACK
6
CONTINUOUS
10
0.4506611811023622
20
0.6953543307086614
11
0.428740157480315
21
0.6953543307086614
0
LINE
8
BLACK
6
CONTINUOUS
10
0.428740157480315
20
0.6953543307086614
11
0.428740157480315
21
0.6835433070866141
0
LINE
8
BLACK
6
CONTINUOUS
10
0.3287401574803149
20
0.6835433070866141
11
0.3488976377952756
21
0.6835433070866141
0
LINE
8
BLACK
6
CONTINUOUS
10
0.3488976377952756
20
0.6835433070866141
11
0.3488976377952756
21
0.6633858267716535
0
LINE
8
BLACK
6
CONTINUOUS
10
0.3488976377952756
20
0.6633858267716535
11
0.3607086220472441
21
0.6633858267716535
0
LINE
8
BLACK
6
CONTINUOUS
10
0.3607086220472441
20
0.6633858267716535
11
0.3607086220472441
21
0.6853068897637795
0
LINE
8
BLACK
6
CONTINUOUS
10
0.3607086220472441
20
0.6853068897637795
11
0.3607086220472441
21
0.6853070078740158
0
LINE
8
BLACK
6
CONTINUOUS
10
0.3607086220472441
20
0.6853070078740158
11
0.3605941338582677
21
0.686294094488189
0
LINE
8
BLACK
6
CONTINUOUS
10
0.3605941338582677
20
0.686294094488189
11
0.360594094488189
21
0.6862942519685039
0
LINE
8
BLACK
6
CONTINUOUS
10
0.360594094488189
20
0.6862942519685039
11
0.3588105511811023
21
0.6903336614173228
0
LINE
8
BLACK
6
CONTINUOUS
10
0.3588105511811023
20
0.6903336614173228
11
0.3588104330708661
21
0.6903338582677165
0
LINE
8
BLACK
6
CONTINUOUS
10
0.3588104330708661
20
0.6903338582677165
11
0.3556881496062992
21
0.6934561417322834
0
LINE
8
BLACK
6
CONTINUOUS
10
0.3556881496062992
20
0.6934561417322834
11
0.3556879527559055
21
0.6934562598425197
0
LINE
8
BLACK
6
CONTINUOUS
10
0.3556879527559055
20
0.6934562598425197
11
0.3516486614173228
21
0.6952397637795276
0
LINE
8
BLACK
6
CONTINUOUS
10
0.3516486614173228
20
0.6952397637795276
11
0.3506611811023622
21
0.6953543307086614
0
LINE
8
BLACK
6
CONTINUOUS
10
0.3506611811023622
20
0.6953543307086614
11
0.3287401574803149
21
0.6953543307086614
0
LINE
8
BLACK
6
CONTINUOUS
10
0.3287401574803149
20
0.6953543307086614
11
0.3287401574803149
21
0.6835433070866141
0
LINE
8
BLACK
6
CONTINUOUS
10
1.5880905511811023
20
0.6887064566929134
11
1.5880906299212598
21
0.6887054330708662
0
LINE
8
BLACK
6
CONTINUOUS
10
1.5880906299212598
20
0.6887054330708662
11
1.5882052362204724
21
0.6877170472440944
0
LINE
8
BLACK
6
CONTINUOUS
10
1.5882052362204724
20
0.6877170472440944
11
1.5882053149606299
21
0.6877168897637795
0
LINE
8
BLACK
6
CONTINUOUS
10
1.5882053149606299
20
0.6877168897637795
11
1.5899918503937007
21
0.6836707086614173
0
LINE
8
BLACK
6
CONTINUOUS
10
1.5899918503937007
20
0.6836707086614173
11
1.5899918897637795
21
0.6836706692913386
0
LINE
8
BLACK
6
CONTINUOUS
10
1.5899918897637795
20
0.6836706692913386
11
1.5931194881889763
21
0.6805430708661417
0
LINE
8
BLACK
6
CONTINUOUS
10
1.5931194881889763
20
0.6805430708661417
11
1.5971657086614173
21
0.6787564960629922
0
LINE
8
BLACK
6
CONTINUOUS
10
1.5971657086614173
20
0.6787564960629922
11
1.5981549212598425
21
0.6786417322834646
0
LINE
8
BLACK
6
CONTINUOUS
10
1.5981549212598425
20
0.6786417322834646
11
1.6616875590551181
21
0.6786417716535433
0
LINE
8
BLACK
6
CONTINUOUS
10
1.6616875590551181
20
0.6786417716535433
11
1.6616881496062992
21
0.6786418503937007
0
LINE
8
BLACK
6
CONTINUOUS
10
1.6616881496062992
20
0.6786418503937007
11
1.6616882677165354
21
0.6786418503937007
0
LINE
8
BLACK
6
CONTINUOUS
10
1.6616882677165354
20
0.6786418503937007
11
1.6626766535433071
21
0.6787564566929134
0
LINE
8
BLACK
6
CONTINUOUS
10
1.6626766535433071
20
0.6787564566929134
11
1.6626766929133858
21
0.6787564960629922
0
LINE
8
BLACK
6
CONTINUOUS
10
1.6626766929133858
20
0.6787564960629922
11
1.6626768110236221
21
0.6787564960629922
0
LINE
8
BLACK
6
CONTINUOUS
10
1.6626768110236221
20
0.6787564960629922
11
1.666723031496063
21
0.6805430708661417
0
LINE
8
BLACK
6
CONTINUOUS
10
1.666723031496063
20
0.6805430708661417
11
1.6698506299212599
21
0.6836706692913386
0
LINE
8
BLACK
6
CONTINUOUS
10
1.6698506299212599
20
0.6836706692913386
11
1.6716372047244095
21
0.6877168897637795
0
LINE
8
BLACK
6
CONTINUOUS
10
1.6716372047244095
20
0.6877168897637795
11
1.671751968503937
21
0.6887061023622048
0
LINE
8
BLACK
6
CONTINUOUS
10
1.671751968503937
20
0.6887061023622048
11
1.6717519291338583
21
0.7522387401574803
0
LINE
8
BLACK
6
CONTINUOUS
10
1.6717519291338583
20
0.7522387401574803
11
1.6716797637795275
21
0.7528611811023622
0
LINE
8
BLACK
6
CONTINUOUS
10
1.6716797637795275
20
0.7528611811023622
11
1.6716372440944882
21
0.753227874015748
0
LINE
8
BLACK
6
CONTINUOUS
10
1.6716372440944882
20
0.753227874015748
11
1.6716372047244095
21
0.7532279527559055
0
LINE
8
BLACK
6
CONTINUOUS
10
1.6716372047244095
20
0.7532279527559055
11
1.6716372047244095
21
0.7532279921259842
0
LINE
8
BLACK
6
CONTINUOUS
10
1.6716372047244095
20
0.7532279921259842
11
1.6698506299212599
21
0.7572742125984252
0
LINE
8
BLACK
6
CONTINUOUS
10
1.6698506299212599
20
0.7572742125984252
11
1.666723031496063
21
0.760401811023622
0
LINE
8
BLACK
6
CONTINUOUS
10
1.666723031496063
20
0.760401811023622
11
1.6667229527559055
21
0.7604018503937008
0
LINE
8
BLACK
6
CONTINUOUS
10
1.6667229527559055
20
0.7604018503937008
11
1.6626768503937008
21
0.7621883858267716
0
LINE
8
BLACK
6
CONTINUOUS
10
1.6626768503937008
20
0.7621883858267716
11
1.6616875984251969
21
0.7623031496062992
0
LINE
8
BLACK
6
CONTINUOUS
10
1.6616875984251969
20
0.7623031496062992
11
1.5981552362204725
21
0.7623031496062992
0
LINE
8
BLACK
6
CONTINUOUS
10
1.5981552362204725
20
0.7623031496062992
11
1.5981542125984252
21
0.7623030708661417
0
LINE
8
BLACK
6
CONTINUOUS
10
1.5981542125984252
20
0.7623030708661417
11
1.5971658267716535
21
0.7621884645669291
0
LINE
8
BLACK
6
CONTINUOUS
10
1.5971658267716535
20
0.7621884645669291
11
1.5971656692913385
21
0.7621883858267716
0
LINE
8
BLACK
6
CONTINUOUS
10
1.5971656692913385
20
0.7621883858267716
11
1.5931194881889763
21
0.7604018503937008
0
LINE
8
BLACK
6
CONTINUOUS
10
1.5931194881889763
20
0.7604018503937008
11
1.5899918897637795
21
0.757274251968504
0
LINE
8
BLACK
6
CONTINUOUS
10
1.5899918897637795
20
0.757274251968504
11
1.5882053149606299
21
0.7532281102362205
0
LINE
8
BLACK
6
CONTINUOUS
10
1.5882053149606299
20
0.7532281102362205
11
1.5882053149606299
21
0.753228031496063
0
LINE
8
BLACK
6
CONTINUOUS
10
1.5882053149606299
20
0.753228031496063
11
1.5880905511811023
21
0.752238937007874
0
LINE
8
BLACK
6
CONTINUOUS
10
1.5880905511811023
20
0.752238937007874
11
1.5880905511811023
21
0.6887064566929134
0
LINE
8
BLACK
6
CONTINUOUS
10
2.3203740157480315
20
0.7170529133858268
11
2.320374094488189
21
0.7170518897637795
0
LINE
8
BLACK
6
CONTINUOUS
10
2.320374094488189
20
0.7170518897637795
11
2.3204887007874015
21
0.7160635039370079
0
LINE
8
BLACK
6
CONTINUOUS
10
2.3204887007874015
20
0.7160635039370079
11
2.3204887795275591
21
0.7160633464566929
0
LINE
8
BLACK
6
CONTINUOUS
10
2.3204887795275591
20
0.7160633464566929
11
2.3222753149606299
21
0.7120171653543307
0
LINE
8
BLACK
6
CONTINUOUS
10
2.3222753149606299
20
0.7120171653543307
11
2.3222753543307086
21
0.7120171259842519
0
LINE
8
BLACK
6
CONTINUOUS
10
2.3222753543307086
20
0.7120171259842519
11
2.3254029527559053
21
0.7088895275590551
0
LINE
8
BLACK
6
CONTINUOUS
10
2.3254029527559053
20
0.7088895275590551
11
2.3294491732283462
21
0.7071029527559055
0
LINE
8
BLACK
6
CONTINUOUS
10
2.3294491732283462
20
0.7071029527559055
11
2.3304383858267714
21
0.7069881889763779
0
LINE
8
BLACK
6
CONTINUOUS
10
2.3304383858267714
20
0.7069881889763779
11
2.3939710236220471
21
0.7069882283464567
0
LINE
8
BLACK
6
CONTINUOUS
10
2.3939710236220471
20
0.7069882283464567
11
2.3939716141732283
21
0.7069883070866142
0
LINE
8
BLACK
6
CONTINUOUS
10
2.3939716141732283
20
0.7069883070866142
11
2.3939717322834646
21
0.7069883070866142
0
LINE
8
BLACK
6
CONTINUOUS
10
2.3939717322834646
20
0.7069883070866142
11
2.394960118110236
21
0.7071029133858268
0
LINE
8
BLACK
6
CONTINUOUS
10
2.394960118110236
20
0.7071029133858268
11
2.3949601574803148
21
0.7071029527559055
0
LINE
8
BLACK
6
CONTINUOUS
10
2.3949601574803148
20
0.7071029527559055
11
2.394960275590551
21
0.7071029527559055
0
LINE
8
BLACK
6
CONTINUOUS
10
2.394960275590551
20
0.7071029527559055
11
2.399006496062992
21
0.7088895275590551
0
LINE
8
BLACK
6
CONTINUOUS
10
2.399006496062992
20
0.7088895275590551
11
2.402134094488189
21
0.7120171259842519
0
LINE
8
BLACK
6
CONTINUOUS
10
2.402134094488189
20
0.7120171259842519
11
2.4039206692913386
21
0.7160633464566929
0
LINE
8
BLACK
6
CONTINUOUS
10
2.4039206692913386
20
0.7160633464566929
11
2.4040354330708662
21
0.7170525590551181
0
LINE
8
BLACK
6
CONTINUOUS
10
2.4040354330708662
20
0.7170525590551181
11
2.4040354330708662
21
0.7242322834645669
0
LINE
8
BLACK
6
CONTINUOUS
10
2.4040354330708662
20
0.7242322834645669
11
2.4041358267716535
21
0.7245742519685039
0
LINE
8
BLACK
6
CONTINUOUS
10
2.4041358267716535
20
0.7245742519685039
11
2.4040851181102361
21
0.7249270472440945
0
LINE
8
BLACK
6
CONTINUOUS
10
2.4040851181102361
20
0.7249270472440945
11
2.4045173228346455
21
0.7258735433070866
0
LINE
8
BLACK
6
CONTINUOUS
10
2.4045173228346455
20
0.7258735433070866
11
2.4048104330708662
21
0.7268716141732283
0
LINE
8
BLACK
6
CONTINUOUS
10
2.4048104330708662
20
0.7268716141732283
11
2.4050797244094486
21
0.727105
0
LINE
8
BLACK
6
CONTINUOUS
10
2.4050797244094486
20
0.727105
11
2.405227834645669
21
0.7274292519685039
0
LINE
8
BLACK
6
CONTINUOUS
10
2.405227834645669
20
0.7274292519685039
11
2.406103188976378
21
0.7279918503937007
0
LINE
8
BLACK
6
CONTINUOUS
10
2.406103188976378
20
0.7279918503937007
11
2.4068893307086614
21
0.7286729921259842
0
LINE
8
BLACK
6
CONTINUOUS
10
2.4068893307086614
20
0.7286729921259842
11
2.4073032677165354
21
0.7287630708661417
0
LINE
8
BLACK
6
CONTINUOUS
10
2.4073032677165354
20
0.7287630708661417
11
2.407541929133858
21
0.7289164173228346
0
LINE
8
BLACK
6
CONTINUOUS
10
2.407541929133858
20
0.7289164173228346
11
2.4089173228346454
21
0.7291141732283465
0
LINE
8
BLACK
6
CONTINUOUS
10
2.4089173228346454
20
0.7291141732283465
11
2.4154921653543306
21
0.7291141732283465
0
LINE
8
BLACK
6
CONTINUOUS
10
2.4154921653543306
20
0.7291141732283465
11
2.4181314960629923
21
0.7283391732283464
0
LINE
8
BLACK
6
CONTINUOUS
10
2.4181314960629923
20
0.7283391732283464
11
2.419932874015748
21
0.7262602755905512
0
LINE
8
BLACK
6
CONTINUOUS
10
2.419932874015748
20
0.7262602755905512
11
2.4203740551181103
21
0.7242322834645669
0
LINE
8
BLACK
6
CONTINUOUS
10
2.4203740551181103
20
0.7242322834645669
11
2.4203740551181103
21
0.7170529133858268
0
LINE
8
BLACK
6
CONTINUOUS
10
2.4203740551181103
20
0.7170529133858268
11
2.4203740944881891
21
0.7170518897637795
0
LINE
8
BLACK
6
CONTINUOUS
10
2.4203740944881891
20
0.7170518897637795
11
2.4204887007874016
21
0.7160635039370079
0
LINE
8
BLACK
6
CONTINUOUS
10
2.4204887007874016
20
0.7160635039370079
11
2.4204887795275591
21
0.7160633464566929
0
LINE
8
BLACK
6
CONTINUOUS
10
2.4204887795275591
20
0.7160633464566929
11
2.42227531496063
21
0.7120171653543307
0
LINE
8
BLACK
6
CONTINUOUS
10
2.42227531496063
20
0.7120171653543307
11
2.4222753543307087
21
0.7120171259842519
0
LINE
8
BLACK
6
CONTINUOUS
10
2.4222753543307087
20
0.7120171259842519
11
2.4254029527559053
21
0.7088895275590551
0
LINE
8
BLACK
6
CONTINUOUS
10
2.4254029527559053
20
0.7088895275590551
11
2.4294491732283463
21
0.7071029527559055
0
LINE
8
BLACK
6
CONTINUOUS
10
2.4294491732283463
20
0.7071029527559055
11
2.4304383858267715
21
0.7069881889763779
0
LINE
8
BLACK
6
CONTINUOUS
10
2.4304383858267715
20
0.7069881889763779
11
2.4939710236220471
21
0.7069882283464567
0
LINE
8
BLACK
6
CONTINUOUS
10
2.4939710236220471
20
0.7069882283464567
11
2.4939716141732284
21
0.7069883070866142
0
LINE
8
BLACK
6
CONTINUOUS
10
2.4939716141732284
20
0.7069883070866142
11
2.4939717322834647
21
0.7069883070866142
0
LINE
8
BLACK
6
CONTINUOUS
10
2.4939717322834647
20
0.7069883070866142
11
2.4949601181102361
21
0.7071029133858268
0
LINE
8
BLACK
6
CONTINUOUS
10
2.4949601181102361
20
0.7071029133858268
11
2.4949601574803149
21
0.7071029527559055
0
LINE
8
BLACK
6
CONTINUOUS
10
2.4949601574803149
20
0.7071029527559055
11
2.4949602755905511
21
0.7071029527559055
0
LINE
8
BLACK
6
CONTINUOUS
10
2.4949602755905511
20
0.7071029527559055
11
2.4990064960629921
21
0.7088895275590551
0
LINE
8
BLACK
6
CONTINUOUS
10
2.4990064960629921
20
0.7088895275590551
11
2.5021340944881891
21
0.7120171259842519
0
LINE
8
BLACK
6
CONTINUOUS
10
2.5021340944881891
20
0.7120171259842519
11
2.5039206692913387
21
0.7160633464566929
0
LINE
8
BLACK
6
CONTINUOUS
10
2.5039206692913387
20
0.7160633464566929
11
2.5040354330708663
21
0.7170525590551181
0
LINE
8
BLACK
6
CONTINUOUS
10
2.5040354330708663
20
0.7170525590551181
11
2.5040353937007875
21
0.7805851968503937
0
LINE
8
BLACK
6
CONTINUOUS
10
2.5040353937007875
20
0.7805851968503937
11
2.50403531496063
21
0.7805859448818897
0
LINE
8
BLACK
6
CONTINUOUS
10
2.50403531496063
20
0.7805859448818897
11
2.5039207086614175
21
0.7815743307086614
0
LINE
8
BLACK
6
CONTINUOUS
10
2.5039207086614175
20
0.7815743307086614
11
2.5039206692913387
21
0.7815744094488188
0
LINE
8
BLACK
6
CONTINUOUS
10
2.5039206692913387
20
0.7815744094488188
11
2.5039206692913387
21
0.7815744488188976
0
LINE
8
BLACK
6
CONTINUOUS
10
2.5039206692913387
20
0.7815744488188976
11
2.5021340944881891
21
0.7856206692913386
0
LINE
8
BLACK
6
CONTINUOUS
10
2.5021340944881891
20
0.7856206692913386
11
2.4990064960629921
21
0.7887482677165354
0
LINE
8
BLACK
6
CONTINUOUS
10
2.4990064960629921
20
0.7887482677165354
11
2.498845275590551
21
0.7888194488188977
0
LINE
8
BLACK
6
CONTINUOUS
10
2.498845275590551
20
0.7888194488188977
11
2.4949603149606299
21
0.790534842519685
0
LINE
8
BLACK
6
CONTINUOUS
10
2.4949603149606299
20
0.790534842519685
11
2.4939710629921259
21
0.7906496062992125
0
LINE
8
BLACK
6
CONTINUOUS
10
2.4939710629921259
20
0.7906496062992125
11
2.4304387007874015
21
0.7906496062992125
0
LINE
8
BLACK
6
CONTINUOUS
10
2.4304387007874015
20
0.7906496062992125
11
2.4304376771653544
21
0.7906495275590552
0
LINE
8
BLACK
6
CONTINUOUS
10
2.4304376771653544
20
0.7906495275590552
11
2.4294492913385826
21
0.7905349212598425
0
LINE
8
BLACK
6
CONTINUOUS
10
2.4294492913385826
20
0.7905349212598425
11
2.4294491338582676
21
0.790534842519685
0
LINE
8
BLACK
6
CONTINUOUS
10
2.4294491338582676
20
0.790534842519685
11
2.4254029527559053
21
0.7887483070866141
0
LINE
8
BLACK
6
CONTINUOUS
10
2.4254029527559053
20
0.7887483070866141
11
2.4222753543307087
21
0.7856207086614173
0
LINE
8
BLACK
6
CONTINUOUS
10
2.4222753543307087
20
0.7856207086614173
11
2.4204887795275591
21
0.7815745669291339
0
LINE
8
BLACK
6
CONTINUOUS
10
2.4204887795275591
20
0.7815745669291339
11
2.4204887795275591
21
0.7815744881889763
0
LINE
8
BLACK
6
CONTINUOUS
10
2.4204887795275591
20
0.7815744881889763
11
2.4203740157480316
21
0.7805853937007874
0
LINE
8
BLACK
6
CONTINUOUS
10
2.4203740157480316
20
0.7805853937007874
11
2.4203740157480316
21
0.7734055118110236
0
LINE
8
BLACK
6
CONTINUOUS
10
2.4203740157480316
20
0.7734055118110236
11
2.4202735826771651
21
0.7730635826771654
0
LINE
8
BLACK
6
CONTINUOUS
10
2.4202735826771651
20
0.7730635826771654
11
2.4203243307086613
21
0.7727107480314961
0
LINE
8
BLACK
6
CONTINUOUS
10
2.4203243307086613
20
0.7727107480314961
11
2.4198920866141731
21
0.7717642913385827
0
LINE
8
BLACK
6
CONTINUOUS
10
2.4198920866141731
20
0.7717642913385827
11
2.4195990157480316
21
0.7707661811023622
0
LINE
8
BLACK
6
CONTINUOUS
10
2.4195990157480316
20
0.7707661811023622
11
2.41932968503937
21
0.7705328346456692
0
LINE
8
BLACK
6
CONTINUOUS
10
2.41932968503937
20
0.7705328346456692
11
2.4191816141732283
21
0.7702085433070865
0
LINE
8
BLACK
6
CONTINUOUS
10
2.4191816141732283
20
0.7702085433070865
11
2.418306220472441
21
0.7696459842519685
0
LINE
8
BLACK
6
CONTINUOUS
10
2.418306220472441
20
0.7696459842519685
11
2.4175201181102364
21
0.7689648031496062
0
LINE
8
BLACK
6
CONTINUOUS
10
2.4175201181102364
20
0.7689648031496062
11
2.4171061417322832
21
0.7688747637795276
0
LINE
8
BLACK
6
CONTINUOUS
10
2.4171061417322832
20
0.7688747637795276
11
2.4168675196850393
21
0.7687213779527559
0
LINE
8
BLACK
6
CONTINUOUS
10
2.4168675196850393
20
0.7687213779527559
11
2.4154921259842519
21
0.7685236220472441
0
LINE
8
BLACK
6
CONTINUOUS
10
2.4154921259842519
20
0.7685236220472441
11
2.4089172834645667
21
0.7685236220472441
0
LINE
8
BLACK
6
CONTINUOUS
10
2.4089172834645667
20
0.7685236220472441
11
2.4062779527559055
21
0.7692986220472441
0
LINE
8
BLACK
6
CONTINUOUS
10
2.4062779527559055
20
0.7692986220472441
11
2.4044765748031494
21
0.7713775196850393
0
LINE
8
BLACK
6
CONTINUOUS
10
2.4044765748031494
20
0.7713775196850393
11
2.4040353937007874
21
0.7734055118110236
0
LINE
8
BLACK
6
CONTINUOUS
10
2.4040353937007874
20
0.7734055118110236
11
2.4040353937007874
21
0.7805849212598425
0
LINE
8
BLACK
6
CONTINUOUS
10
2.4040353937007874
20
0.7805849212598425
11
2.4040353937007874
21
0.7805851968503937
0
LINE
8
BLACK
6
CONTINUOUS
10
2.4040353937007874
20
0.7805851968503937
11
2.4040353149606299
21
0.7805859448818897
0
LINE
8
BLACK
6
CONTINUOUS
10
2.4040353149606299
20
0.7805859448818897
11
2.4039207086614174
21
0.7815743307086614
0
LINE
8
BLACK
6
CONTINUOUS
10
2.4039207086614174
20
0.7815743307086614
11
2.4039206692913386
21
0.7815744094488188
0
LINE
8
BLACK
6
CONTINUOUS
10
2.4039206692913386
20
0.7815744094488188
11
2.4039206692913386
21
0.7815744488188976
0
LINE
8
BLACK
6
CONTINUOUS
10
2.4039206692913386
20
0.7815744488188976
11
2.402134094488189
21
0.7856206692913386
0
LINE
8
BLACK
6
CONTINUOUS
10
2.402134094488189
20
0.7856206692913386
11
2.399006496062992
21
0.7887482677165354
0
LINE
8
BLACK
6
CONTINUOUS
10
2.399006496062992
20
0.7887482677165354
11
2.3988452755905509
21
0.7888194488188977
0
LINE
8
BLACK
6
CONTINUOUS
10
2.3988452755905509
20
0.7888194488188977
11
2.3949603149606298
21
0.790534842519685
0
LINE
8
BLACK
6
CONTINUOUS
10
2.3949603149606298
20
0.790534842519685
11
2.3939710629921258
21
0.7906496062992125
0
LINE
8
BLACK
6
CONTINUOUS
10
2.3939710629921258
20
0.7906496062992125
11
2.3304387007874015
21
0.7906496062992125
0
LINE
8
BLACK
6
CONTINUOUS
10
2.3304387007874015
20
0.7906496062992125
11
2.3304376771653543
21
0.7906495275590552
0
LINE
8
BLACK
6
CONTINUOUS
10
2.3304376771653543
20
0.7906495275590552
11
2.3294492913385825
21
0.7905349212598425
0
LINE
8
BLACK
6
CONTINUOUS
10
2.3294492913385825
20
0.7905349212598425
11
2.3294491338582675
21
0.790534842519685
0
LINE
8
BLACK
6
CONTINUOUS
10
2.3294491338582675
20
0.790534842519685
11
2.3254029527559053
21
0.7887483070866141
0
LINE
8
BLACK
6
CONTINUOUS
10
2.3254029527559053
20
0.7887483070866141
11
2.3222753543307086
21
0.7856207086614173
0
LINE
8
BLACK
6
CONTINUOUS
10
2.3222753543307086
20
0.7856207086614173
11
2.3204887795275591
21
0.7815745669291339
0
LINE
8
BLACK
6
CONTINUOUS
10
2.3204887795275591
20
0.7815745669291339
11
2.3204887795275591
21
0.7815744881889763
0
LINE
8
BLACK
6
CONTINUOUS
10
2.3204887795275591
20
0.7815744881889763
11
2.3203740157480315
21
0.7805853937007874
0
LINE
8
BLACK
6
CONTINUOUS
10
2.3203740157480315
20
0.7805853937007874
11
2.3203740157480315
21
0.7170529133858268
0
LINE
8
BLACK
6
CONTINUOUS
10
0.2770669291338583
20
0.7217773228346457
11
0.2770670078740157
21
0.7217762992125984
0
LINE
8
BLACK
6
CONTINUOUS
10
0.2770670078740157
20
0.7217762992125984
11
0.2771816141732283
21
0.7207879133858267
0
LINE
8
BLACK
6
CONTINUOUS
10
0.2771816141732283
20
0.7207879133858267
11
0.2771816929133858
21
0.7207877559055118
0
LINE
8
BLACK
6
CONTINUOUS
10
0.2771816929133858
20
0.7207877559055118
11
0.2789682283464567
21
0.7167415748031496
0
LINE
8
BLACK
6
CONTINUOUS
10
0.2789682283464567
20
0.7167415748031496
11
0.2789682677165354
21
0.7167415354330708
0
LINE
8
BLACK
6
CONTINUOUS
10
0.2789682677165354
20
0.7167415354330708
11
0.2820958661417323
21
0.713613937007874
0
LINE
8
BLACK
6
CONTINUOUS
10
0.2820958661417323
20
0.713613937007874
11
0.2861420866141732
21
0.7118273622047244
0
LINE
8
BLACK
6
CONTINUOUS
10
0.2861420866141732
20
0.7118273622047244
11
0.2871312992125984
21
0.7117125984251969
0
LINE
8
BLACK
6
CONTINUOUS
10
0.2871312992125984
20
0.7117125984251969
11
0.350663937007874
21
0.7117126377952756
0
LINE
8
BLACK
6
CONTINUOUS
10
0.350663937007874
20
0.7117126377952756
11
0.3506645275590551
21
0.7117127165354331
0
LINE
8
BLACK
6
CONTINUOUS
10
0.3506645275590551
20
0.7117127165354331
11
0.3506646456692913
21
0.7117127165354331
0
LINE
8
BLACK
6
CONTINUOUS
10
0.3506646456692913
20
0.7117127165354331
11
0.351653031496063
21
0.7118273228346457
0
LINE
8
BLACK
6
CONTINUOUS
10
0.351653031496063
20
0.7118273228346457
11
0.3516530708661417
21
0.7118273622047244
0
LINE
8
BLACK
6
CONTINUOUS
10
0.3516530708661417
20
0.7118273622047244
11
0.3516531889763779
21
0.7118273622047244
0
LINE
8
BLACK
6
CONTINUOUS
10
0.3516531889763779
20
0.7118273622047244
11
0.3556994094488189
21
0.713613937007874
0
LINE
8
BLACK
6
CONTINUOUS
10
0.3556994094488189
20
0.713613937007874
11
0.3588270078740157
21
0.7167415354330708
0
LINE
8
BLACK
6
CONTINUOUS
10
0.3588270078740157
20
0.7167415354330708
11
0.3606135826771654
21
0.7207877559055118
0
LINE
8
BLACK
6
CONTINUOUS
10
0.3606135826771654
20
0.7207877559055118
11
0.3607283464566929
21
0.721776968503937
0
LINE
8
BLACK
6
CONTINUOUS
10
0.3607283464566929
20
0.721776968503937
11
0.3607283070866142
21
0.7853096062992125
0
LINE
8
BLACK
6
CONTINUOUS
10
0.3607283070866142
20
0.7853096062992125
11
0.3607283070866142
21
0.7853096456692913
0
LINE
8
BLACK
6
CONTINUOUS
10
0.3607283070866142
20
0.7853096456692913
11
0.3607283070866142
21
0.7853098031496063
0
LINE
8
BLACK
6
CONTINUOUS
10
0.3607283070866142
20
0.7853098031496063
11
0.3607283070866142
21
0.7853098425196851
0
LINE
8
BLACK
6
CONTINUOUS
10
0.3607283070866142
20
0.7853098425196851
11
0.3606136220472441
21
0.7862987401574802
0
LINE
8
BLACK
6
CONTINUOUS
10
0.3606136220472441
20
0.7862987401574802
11
0.3606135826771654
21
0.7862988188976378
0
LINE
8
BLACK
6
CONTINUOUS
10
0.3606135826771654
20
0.7862988188976378
11
0.3606135826771654
21
0.7862988582677165
0
LINE
8
BLACK
6
CONTINUOUS
10
0.3606135826771654
20
0.7862988582677165
11
0.3588270078740157
21
0.7903450787401575
0
LINE
8
BLACK
6
CONTINUOUS
10
0.3588270078740157
20
0.7903450787401575
11
0.3556994094488189
21
0.7934726771653543
0
LINE
8
BLACK
6
CONTINUOUS
10
0.3556994094488189
20
0.7934726771653543
11
0.3556993307086614
21
0.7934727165354331
0
LINE
8
BLACK
6
CONTINUOUS
10
0.3556993307086614
20
0.7934727165354331
11
0.3516532283464567
21
0.7952592519685039
0
LINE
8
BLACK
6
CONTINUOUS
10
0.3516532283464567
20
0.7952592519685039
11
0.3506639763779528
21
0.7953740157480315
0
LINE
8
BLACK
6
CONTINUOUS
10
0.3506639763779528
20
0.7953740157480315
11
0.2871316141732284
21
0.7953740157480315
0
LINE
8
BLACK
6
CONTINUOUS
10
0.2871316141732284
20
0.7953740157480315
11
0.2871305905511811
21
0.795373937007874
0
LINE
8
BLACK
6
CONTINUOUS
10
0.2871305905511811
20
0.795373937007874
11
0.2861422047244094
21
0.7952593307086614
0
LINE
8
BLACK
6
CONTINUOUS
10
0.2861422047244094
20
0.7952593307086614
11
0.2861420472440945
21
0.7952592519685039
0
LINE
8
BLACK
6
CONTINUOUS
10
0.2861420472440945
20
0.7952592519685039
11
0.2820958661417323
21
0.7934727165354331
0
LINE
8
BLACK
6
CONTINUOUS
10
0.2820958661417323
20
0.7934727165354331
11
0.2789682677165354
21
0.7903451181102362
0
LINE
8
BLACK
6
CONTINUOUS
10
0.2789682677165354
20
0.7903451181102362
11
0.2771816929133858
21
0.7862989763779528
0
LINE
8
BLACK
6
CONTINUOUS
10
0.2771816929133858
20
0.7862989763779528
11
0.2771816929133858
21
0.7862988976377953
0
LINE
8
BLACK
6
CONTINUOUS
10
0.2771816929133858
20
0.7862988976377953
11
0.2770669291338583
21
0.7853098031496063
0
LINE
8
BLACK
6
CONTINUOUS
10
0.2770669291338583
20
0.7853098031496063
11
0.2770669291338583
21
0.7217773228346457
0
LINE
8
BLACK
6
CONTINUOUS
10
0.6849606299212598
20
0.8106299212598425
11
0.6849606299212598
21
0.7887092519685039
0
LINE
8
BLACK
6
CONTINUOUS
10
0.6849606299212598
20
0.7887092519685039
11
0.6849606692913386
21
0.7887083464566929
0
LINE
8
BLACK
6
CONTINUOUS
10
0.6849606692913386
20
0.7887083464566929
11
0.6850750787401575
21
0.7877216929133858
0
LINE
8
BLACK
6
CONTINUOUS
10
0.6850750787401575
20
0.7877216929133858
11
0.6850751181102362
21
0.7877215354330709
0
LINE
8
BLACK
6
CONTINUOUS
10
0.6850751181102362
20
0.7877215354330709
11
0.6868586614173228
21
0.7836821259842519
0
LINE
8
BLACK
6
CONTINUOUS
10
0.6868586614173228
20
0.7836821259842519
11
0.686858779527559
21
0.7836819291338583
0
LINE
8
BLACK
6
CONTINUOUS
10
0.686858779527559
20
0.7836819291338583
11
0.6899810629921259
21
0.7805596456692914
0
LINE
8
BLACK
6
CONTINUOUS
10
0.6899810629921259
20
0.7805596456692914
11
0.6899812598425197
21
0.7805595275590551
0
LINE
8
BLACK
6
CONTINUOUS
10
0.6899812598425197
20
0.7805595275590551
11
0.6940205511811024
21
0.7787760236220472
0
LINE
8
BLACK
6
CONTINUOUS
10
0.6940205511811024
20
0.7787760236220472
11
0.6950080708661417
21
0.7786614566929134
0
LINE
8
BLACK
6
CONTINUOUS
10
0.6950080708661417
20
0.7786614566929134
11
0.7169290551181102
21
0.7786614566929134
0
LINE
8
BLACK
6
CONTINUOUS
10
0.7169290551181102
20
0.7786614566929134
11
0.716929094488189
21
0.7786614960629921
0
LINE
8
BLACK
6
CONTINUOUS
10
0.716929094488189
20
0.7786614960629921
11
0.716929094488189
21
0.7904724409448819
0
LINE
8
BLACK
6
CONTINUOUS
10
0.716929094488189
20
0.7904724409448819
11
0.6967716141732283
21
0.7904724409448819
0
LINE
8
BLACK
6
CONTINUOUS
10
0.6967716141732283
20
0.7904724409448819
11
0.6967716141732283
21
0.8106299212598425
0
LINE
8
BLACK
6
CONTINUOUS
10
0.6967716141732283
20
0.8106299212598425
11
0.6849606299212598
21
0.8106299212598425
0
LINE
8
BLACK
6
CONTINUOUS
10
0.7567716141732284
20
0.7904724409448819
11
0.7366141338582677
21
0.7904724409448819
0
LINE
8
BLACK
6
CONTINUOUS
10
0.7366141338582677
20
0.7904724409448819
11
0.7366141338582677
21
0.7786614566929134
0
LINE
8
BLACK
6
CONTINUOUS
10
0.7366141338582677
20
0.7786614566929134
11
0.7585348425196851
21
0.7786614566929134
0
LINE
8
BLACK
6
CONTINUOUS
10
0.7585348425196851
20
0.7786614566929134
11
0.7585357086614173
21
0.7786615354330708
0
LINE
8
BLACK
6
CONTINUOUS
10
0.7585357086614173
20
0.7786615354330708
11
0.7595223622047244
21
0.7787759448818897
0
LINE
8
BLACK
6
CONTINUOUS
10
0.7595223622047244
20
0.7787759448818897
11
0.7595225196850394
21
0.7787759842519685
0
LINE
8
BLACK
6
CONTINUOUS
10
0.7595225196850394
20
0.7787759842519685
11
0.7635619291338582
21
0.7805595275590551
0
LINE
8
BLACK
6
CONTINUOUS
10
0.7635619291338582
20
0.7805595275590551
11
0.763562125984252
21
0.7805596456692914
0
LINE
8
BLACK
6
CONTINUOUS
10
0.763562125984252
20
0.7805596456692914
11
0.7666844094488189
21
0.7836819291338583
0
LINE
8
BLACK
6
CONTINUOUS
10
0.7666844094488189
20
0.7836819291338583
11
0.7666845275590551
21
0.7836821259842519
0
LINE
8
BLACK
6
CONTINUOUS
10
0.7666845275590551
20
0.7836821259842519
11
0.768468031496063
21
0.7877213779527559
0
LINE
8
BLACK
6
CONTINUOUS
10
0.768468031496063
20
0.7877213779527559
11
0.768468031496063
21
0.7877214566929134
0
LINE
8
BLACK
6
CONTINUOUS
10
0.768468031496063
20
0.7877214566929134
11
0.7685825984251968
21
0.7887088976377953
0
LINE
8
BLACK
6
CONTINUOUS
10
0.7685825984251968
20
0.7887088976377953
11
0.7685826377952756
21
0.7887090157480314
0
LINE
8
BLACK
6
CONTINUOUS
10
0.7685826377952756
20
0.7887090157480314
11
0.7685826377952756
21
0.8106299212598425
0
LINE
8
BLACK
6
CONTINUOUS
10
0.7685826377952756
20
0.8106299212598425
11
0.7567716141732284
21
0.8106299212598425
0
LINE
8
BLACK
6
CONTINUOUS
10
0.7567716141732284
20
0.8106299212598425
11
0.7567716141732284
21
0.7904724409448819
0
LINE
8
BLACK
6
CONTINUOUS
10
0.7849606299212598
20
0.8106299212598425
11
0.7849606299212598
21
0.7887092519685039
0
LINE
8
BLACK
6
CONTINUOUS
10
0.7849606299212598
20
0.7887092519685039
11
0.7849606692913386
21
0.7887083464566929
0
LINE
8
BLACK
6
CONTINUOUS
10
0.7849606692913386
20
0.7887083464566929
11
0.7850750787401575
21
0.7877216929133858
0
LINE
8
BLACK
6
CONTINUOUS
10
0.7850750787401575
20
0.7877216929133858
11
0.7850751181102362
21
0.7877215354330709
0
LINE
8
BLACK
6
CONTINUOUS
10
0.7850751181102362
20
0.7877215354330709
11
0.7868586614173229
21
0.7836821259842519
0
LINE
8
BLACK
6
CONTINUOUS
10
0.7868586614173229
20
0.7836821259842519
11
0.786858779527559
21
0.7836819291338583
0
LINE
8
BLACK
6
CONTINUOUS
10
0.786858779527559
20
0.7836819291338583
11
0.789981062992126
21
0.7805596456692914
0
LINE
8
BLACK
6
CONTINUOUS
10
0.789981062992126
20
0.7805596456692914
11
0.7899812598425197
21
0.7805595275590551
0
LINE
8
BLACK
6
CONTINUOUS
10
0.7899812598425197
20
0.7805595275590551
11
0.7940205511811024
21
0.7787760236220472
0
LINE
8
BLACK
6
CONTINUOUS
10
0.7940205511811024
20
0.7787760236220472
11
0.7950080708661417
21
0.7786614566929134
0
LINE
8
BLACK
6
CONTINUOUS
10
0.7950080708661417
20
0.7786614566929134
11
0.8169290551181102
21
0.7786614566929134
0
LINE
8
BLACK
6
CONTINUOUS
10
0.8169290551181102
20
0.7786614566929134
11
0.816929094488189
21
0.7786614960629921
0
LINE
8
BLACK
6
CONTINUOUS
10
0.816929094488189
20
0.7786614960629921
11
0.816929094488189
21
0.7904724409448819
0
LINE
8
BLACK
6
CONTINUOUS
10
0.816929094488189
20
0.7904724409448819
11
0.7967716141732283
21
0.7904724409448819
0
LINE
8
BLACK
6
CONTINUOUS
10
0.7967716141732283
20
0.7904724409448819
11
0.7967716141732283
21
0.8106299212598425
0
LINE
8
BLACK
6
CONTINUOUS
10
0.7967716141732283
20
0.8106299212598425
11
0.7849606299212598
21
0.8106299212598425
0
LINE
8
BLACK
6
CONTINUOUS
10
0.8567716141732283
20
0.7904724409448819
11
0.8366141338582677
21
0.7904724409448819
0
LINE
8
BLACK
6
CONTINUOUS
10
0.8366141338582677
20
0.7904724409448819
11
0.8366141338582677
21
0.7786614566929134
0
LINE
8
BLACK
6
CONTINUOUS
10
0.8366141338582677
20
0.7786614566929134
11
0.858534842519685
21
0.7786614566929134
0
LINE
8
BLACK
6
CONTINUOUS
10
0.858534842519685
20
0.7786614566929134
11
0.8585357086614173
21
0.7786615354330708
0
LINE
8
BLACK
6
CONTINUOUS
10
0.8585357086614173
20
0.7786615354330708
11
0.8595223622047244
21
0.7787759448818897
0
LINE
8
BLACK
6
CONTINUOUS
10
0.8595223622047244
20
0.7787759448818897
11
0.8595225196850393
21
0.7787759842519685
0
LINE
8
BLACK
6
CONTINUOUS
10
0.8595225196850393
20
0.7787759842519685
11
0.8635619291338582
21
0.7805595275590551
0
LINE
8
BLACK
6
CONTINUOUS
10
0.8635619291338582
20
0.7805595275590551
11
0.863562125984252
21
0.7805596456692914
0
LINE
8
BLACK
6
CONTINUOUS
10
0.863562125984252
20
0.7805596456692914
11
0.8666844094488189
21
0.7836819291338583
0
LINE
8
BLACK
6
CONTINUOUS
10
0.8666844094488189
20
0.7836819291338583
11
0.8666845275590551
21
0.7836821259842519
0
LINE
8
BLACK
6
CONTINUOUS
10
0.8666845275590551
20
0.7836821259842519
11
0.868468031496063
21
0.7877213779527559
0
LINE
8
BLACK
6
CONTINUOUS
10
0.868468031496063
20
0.7877213779527559
11
0.868468031496063
21
0.7877214566929134
0
LINE
8
BLACK
6
CONTINUOUS
10
0.868468031496063
20
0.7877214566929134
11
0.8685825984251968
21
0.7887088976377953
0
LINE
8
BLACK
6
CONTINUOUS
10
0.8685825984251968
20
0.7887088976377953
11
0.8685826377952756
21
0.7887090157480314
0
LINE
8
BLACK
6
CONTINUOUS
10
0.8685826377952756
20
0.7887090157480314
11
0.8685826377952756
21
0.8106299212598425
0
LINE
8
BLACK
6
CONTINUOUS
10
0.8685826377952756
20
0.8106299212598425
11
0.8567716141732283
21
0.8106299212598425
0
LINE
8
BLACK
6
CONTINUOUS
10
0.8567716141732283
20
0.8106299212598425
11
0.8567716141732283
21
0.7904724409448819
0
LINE
8
BLACK
6
CONTINUOUS
10
1.5599212204724409
20
0.7904724409448819
11
1.5397637401574802
21
0.7904724409448819
0
LINE
8
BLACK
6
CONTINUOUS
10
1.5397637401574802
20
0.7904724409448819
11
1.5397637401574802
21
0.7786614566929134
0
LINE
8
BLACK
6
CONTINUOUS
10
1.5397637401574802
20
0.7786614566929134
11
1.5616844488188977
21
0.7786614566929134
0
LINE
8
BLACK
6
CONTINUOUS
10
1.5616844488188977
20
0.7786614566929134
11
1.5616853149606298
21
0.7786615354330708
0
LINE
8
BLACK
6
CONTINUOUS
10
1.5616853149606298
20
0.7786615354330708
11
1.562671968503937
21
0.7787759448818897
0
LINE
8
BLACK
6
CONTINUOUS
10
1.562671968503937
20
0.7787759448818897
11
1.562672125984252
21
0.7787759842519685
0
LINE
8
BLACK
6
CONTINUOUS
10
1.562672125984252
20
0.7787759842519685
11
1.5667115354330707
21
0.7805595275590551
0
LINE
8
BLACK
6
CONTINUOUS
10
1.5667115354330707
20
0.7805595275590551
11
1.5667117322834645
21
0.7805596456692914
0
LINE
8
BLACK
6
CONTINUOUS
10
1.5667117322834645
20
0.7805596456692914
11
1.5698340157480315
21
0.7836819291338583
0
LINE
8
BLACK
6
CONTINUOUS
10
1.5698340157480315
20
0.7836819291338583
11
1.5698341338582678
21
0.7836821259842519
0
LINE
8
BLACK
6
CONTINUOUS
10
1.5698341338582678
20
0.7836821259842519
11
1.5716176377952755
21
0.7877213779527559
0
LINE
8
BLACK
6
CONTINUOUS
10
1.5716176377952755
20
0.7877213779527559
11
1.5716176377952755
21
0.7877214566929134
0
LINE
8
BLACK
6
CONTINUOUS
10
1.5716176377952755
20
0.7877214566929134
11
1.5717322047244093
21
0.7887088976377953
0
LINE
8
BLACK
6
CONTINUOUS
10
1.5717322047244093
20
0.7887088976377953
11
1.5717322440944881
21
0.7887090157480314
0
LINE
8
BLACK
6
CONTINUOUS
10
1.5717322440944881
20
0.7887090157480314
11
1.5717322440944881
21
0.8106299212598425
0
LINE
8
BLACK
6
CONTINUOUS
10
1.5717322440944881
20
0.8106299212598425
11
1.5599212204724409
21
0.8106299212598425
0
LINE
8
BLACK
6
CONTINUOUS
10
1.5599212204724409
20
0.8106299212598425
11
1.5599212204724409
21
0.7904724409448819
0
LINE
8
BLACK
6
CONTINUOUS
10
1.5881102362204724
20
0.8106299212598425
11
1.5881102362204724
21
0.7887092519685039
0
LINE
8
BLACK
6
CONTINUOUS
10
1.5881102362204724
20
0.7887092519685039
11
1.5881102755905512
21
0.7887083464566929
0
LINE
8
BLACK
6
CONTINUOUS
10
1.5881102755905512
20
0.7887083464566929
11
1.58822468503937
21
0.7877216929133858
0
LINE
8
BLACK
6
CONTINUOUS
10
1.58822468503937
20
0.7877216929133858
11
1.5882247244094487
21
0.7877215354330709
0
LINE
8
BLACK
6
CONTINUOUS
10
1.5882247244094487
20
0.7877215354330709
11
1.5900082677165355
21
0.7836821259842519
0
LINE
8
BLACK
6
CONTINUOUS
10
1.5900082677165355
20
0.7836821259842519
11
1.5900083858267715
21
0.7836819291338583
0
LINE
8
BLACK
6
CONTINUOUS
10
1.5900083858267715
20
0.7836819291338583
11
1.5931306692913385
21
0.7805596456692914
0
LINE
8
BLACK
6
CONTINUOUS
10
1.5931306692913385
20
0.7805596456692914
11
1.5931308661417323
21
0.7805595275590551
0
LINE
8
BLACK
6
CONTINUOUS
10
1.5931308661417323
20
0.7805595275590551
11
1.597170157480315
21
0.7787760236220472
0
LINE
8
BLACK
6
CONTINUOUS
10
1.597170157480315
20
0.7787760236220472
11
1.5981576771653543
21
0.7786614566929134
0
LINE
8
BLACK
6
CONTINUOUS
10
1.5981576771653543
20
0.7786614566929134
11
1.6200786614173228
21
0.7786614566929134
0
LINE
8
BLACK
6
CONTINUOUS
10
1.6200786614173228
20
0.7786614566929134
11
1.6200787007874016
21
0.7786614960629921
0
LINE
8
BLACK
6
CONTINUOUS
10
1.6200787007874016
20
0.7786614960629921
11
1.6200787007874016
21
0.7904724409448819
0
LINE
8
BLACK
6
CONTINUOUS
10
1.6200787007874016
20
0.7904724409448819
11
1.5999212204724409
21
0.7904724409448819
0
LINE
8
BLACK
6
CONTINUOUS
10
1.5999212204724409
20
0.7904724409448819
11
1.5999212204724409
21
0.8106299212598425
0
LINE
8
BLACK
6
CONTINUOUS
10
1.5999212204724409
20
0.8106299212598425
11
1.5881102362204724
21
0.8106299212598425
0
LINE
8
BLACK
6
CONTINUOUS
10
1.659921220472441
20
0.7904724409448819
11
1.6397637401574803
21
0.7904724409448819
0
LINE
8
BLACK
6
CONTINUOUS
10
1.6397637401574803
20
0.7904724409448819
11
1.6397637401574803
21
0.7786614566929134
0
LINE
8
BLACK
6
CONTINUOUS
10
1.6397637401574803
20
0.7786614566929134
11
1.6616844488188975
21
0.7786614566929134
0
LINE
8
BLACK
6
CONTINUOUS
10
1.6616844488188975
20
0.7786614566929134
11
1.6616853149606299
21
0.7786615354330708
0
LINE
8
BLACK
6
CONTINUOUS
10
1.6616853149606299
20
0.7786615354330708
11
1.6626719685039371
21
0.7787759448818897
0
LINE
8
BLACK
6
CONTINUOUS
10
1.6626719685039371
20
0.7787759448818897
11
1.6626721259842518
21
0.7787759842519685
0
LINE
8
BLACK
6
CONTINUOUS
10
1.6626721259842518
20
0.7787759842519685
11
1.6667115354330708
21
0.7805595275590551
0
LINE
8
BLACK
6
CONTINUOUS
10
1.6667115354330708
20
0.7805595275590551
11
1.6667117322834646
21
0.7805596456692914
0
LINE
8
BLACK
6
CONTINUOUS
10
1.6667117322834646
20
0.7805596456692914
11
1.6698340157480314
21
0.7836819291338583
0
LINE
8
BLACK
6
CONTINUOUS
10
1.6698340157480314
20
0.7836819291338583
11
1.6698341338582676
21
0.7836821259842519
0
LINE
8
BLACK
6
CONTINUOUS
10
1.6698341338582676
20
0.7836821259842519
11
1.6716176377952756
21
0.7877213779527559
0
LINE
8
BLACK
6
CONTINUOUS
10
1.6716176377952756
20
0.7877213779527559
11
1.6716176377952756
21
0.7877214566929134
0
LINE
8
BLACK
6
CONTINUOUS
10
1.6716176377952756
20
0.7877214566929134
11
1.6717322047244094
21
0.7887088976377953
0
LINE
8
BLACK
6
CONTINUOUS
10
1.6717322047244094
20
0.7887088976377953
11
1.6717322440944882
21
0.7887090157480314
0
LINE
8
BLACK
6
CONTINUOUS
10
1.6717322440944882
20
0.7887090157480314
11
1.6717322440944882
21
0.8106299212598425
0
LINE
8
BLACK
6
CONTINUOUS
10
1.6717322440944882
20
0.8106299212598425
11
1.659921220472441
21
0.8106299212598425
0
LINE
8
BLACK
6
CONTINUOUS
10
1.659921220472441
20
0.8106299212598425
11
1.659921220472441
21
0.7904724409448819
0
LINE
8
BLACK
6
CONTINUOUS
10
2.1953542913385826
20
0.8846456692913386
11
2.1835432677165354
21
0.8846456692913386
0
LINE
8
BLACK
6
CONTINUOUS
10
2.1835432677165354
20
0.8846456692913386
11
2.1835432677165354
21
0.8644881889763779
0
LINE
8
BLACK
6
CONTINUOUS
10
2.1835432677165354
20
0.8644881889763779
11
2.1633857874015749
21
0.8644881889763779
0
LINE
8
BLACK
6
CONTINUOUS
10
2.1633857874015749
20
0.8644881889763779
11
2.1633857874015749
21
0.8526772047244094
0
LINE
8
BLACK
6
CONTINUOUS
10
2.1633857874015749
20
0.8526772047244094
11
2.1853064960629922
21
0.8526772047244094
0
LINE
8
BLACK
6
CONTINUOUS
10
2.1853064960629922
20
0.8526772047244094
11
2.1853073622047243
21
0.8526772834645669
0
LINE
8
BLACK
6
CONTINUOUS
10
2.1853073622047243
20
0.8526772834645669
11
2.1862940157480315
21
0.8527916929133859
0
LINE
8
BLACK
6
CONTINUOUS
10
2.1862940157480315
20
0.8527916929133859
11
2.1862941732283465
21
0.8527917322834645
0
LINE
8
BLACK
6
CONTINUOUS
10
2.1862941732283465
20
0.8527917322834645
11
2.1903335826771655
21
0.8545752755905511
0
LINE
8
BLACK
6
CONTINUOUS
10
2.1903335826771655
20
0.8545752755905511
11
2.1903337795275588
21
0.8545753937007874
0
LINE
8
BLACK
6
CONTINUOUS
10
2.1903337795275588
20
0.8545753937007874
11
2.193456062992126
21
0.8576976771653543
0
LINE
8
BLACK
6
CONTINUOUS
10
2.193456062992126
20
0.8576976771653543
11
2.1934561811023623
21
0.857697874015748
0
LINE
8
BLACK
6
CONTINUOUS
10
2.1934561811023623
20
0.857697874015748
11
2.1952396850393701
21
0.8617371259842519
0
LINE
8
BLACK
6
CONTINUOUS
10
2.1952396850393701
20
0.8617371259842519
11
2.1952396850393701
21
0.8617372047244094
0
LINE
8
BLACK
6
CONTINUOUS
10
2.1952396850393701
20
0.8617372047244094
11
2.1953542519685039
21
0.8627246456692913
0
LINE
8
BLACK
6
CONTINUOUS
10
2.1953542519685039
20
0.8627246456692913
11
2.1953542913385826
21
0.8627247637795276
0
LINE
8
BLACK
6
CONTINUOUS
10
2.1953542913385826
20
0.8627247637795276
11
2.1953542913385826
21
0.8805853937007874
0
LINE
8
BLACK
6
CONTINUOUS
10
2.1953542913385826
20
0.8805853937007874
11
2.1953542913385826
21
0.8846456692913386
0
LINE
8
BLACK
6
CONTINUOUS
10
0.2770866535433071
20
0.8437007874015748
11
0.2770866535433071
21
0.8217801181102362
0
LINE
8
BLACK
6
CONTINUOUS
10
0.2770866535433071
20
0.8217801181102362
11
0.2770866929133858
21
0.8217792125984251
0
LINE
8
BLACK
6
CONTINUOUS
10
0.2770866929133858
20
0.8217792125984251
11
0.2772011023622047
21
0.8207925590551181
0
LINE
8
BLACK
6
CONTINUOUS
10
0.2772011023622047
20
0.8207925590551181
11
0.2772011417322834
21
0.8207924015748032
0
LINE
8
BLACK
6
CONTINUOUS
10
0.2772011417322834
20
0.8207924015748032
11
0.2789846850393701
21
0.8167529921259842
0
LINE
8
BLACK
6
CONTINUOUS
10
0.2789846850393701
20
0.8167529921259842
11
0.2789848031496063
21
0.8167527952755905
0
LINE
8
BLACK
6
CONTINUOUS
10
0.2789848031496063
20
0.8167527952755905
11
0.2821070866141732
21
0.8136305118110236
0
LINE
8
BLACK
6
CONTINUOUS
10
0.2821070866141732
20
0.8136305118110236
11
0.2821072834645669
21
0.8136303937007874
0
LINE
8
BLACK
6
CONTINUOUS
10
0.2821072834645669
20
0.8136303937007874
11
0.2861465748031496
21
0.8118468897637795
0
LINE
8
BLACK
6
CONTINUOUS
10
0.2861465748031496
20
0.8118468897637795
11
0.287134094488189
21
0.8117323228346457
0
LINE
8
BLACK
6
CONTINUOUS
10
0.287134094488189
20
0.8117323228346457
11
0.3090550787401575
21
0.8117323228346457
0
LINE
8
BLACK
6
CONTINUOUS
10
0.3090550787401575
20
0.8117323228346457
11
0.3090551181102362
21
0.8117323622047244
0
LINE
8
BLACK
6
CONTINUOUS
10
0.3090551181102362
20
0.8117323622047244
11
0.3090551181102362
21
0.8235433070866142
0
LINE
8
BLACK
6
CONTINUOUS
10
0.3090551181102362
20
0.8235433070866142
11
0.2888976377952756
21
0.8235433070866142
0
LINE
8
BLACK
6
CONTINUOUS
10
0.2888976377952756
20
0.8235433070866142
11
0.2888976377952756
21
0.8437007874015748
0
LINE
8
BLACK
6
CONTINUOUS
10
0.2888976377952756
20
0.8437007874015748
11
0.2770866535433071
21
0.8437007874015748
0
LINE
8
BLACK
6
CONTINUOUS
10
0.3488976377952756
20
0.8235433070866142
11
0.3287401574803149
21
0.8235433070866142
0
LINE
8
BLACK
6
CONTINUOUS
10
0.3287401574803149
20
0.8235433070866142
11
0.3287401574803149
21
0.8117323228346457
0
LINE
8
BLACK
6
CONTINUOUS
10
0.3287401574803149
20
0.8117323228346457
11
0.3506608661417323
21
0.8117323228346457
0
LINE
8
BLACK
6
CONTINUOUS
10
0.3506608661417323
20
0.8117323228346457
11
0.3506617322834645
21
0.8117324015748031
0
LINE
8
BLACK
6
CONTINUOUS
10
0.3506617322834645
20
0.8117324015748031
11
0.3516483858267717
21
0.811846811023622
0
LINE
8
BLACK
6
CONTINUOUS
10
0.3516483858267717
20
0.811846811023622
11
0.3516485433070866
21
0.8118468503937007
0
LINE
8
BLACK
6
CONTINUOUS
10
0.3516485433070866
20
0.8118468503937007
11
0.3556879527559055
21
0.8136303937007874
0
LINE
8
BLACK
6
CONTINUOUS
10
0.3556879527559055
20
0.8136303937007874
11
0.3556881496062992
21
0.8136305118110236
0
LINE
8
BLACK
6
CONTINUOUS
10
0.3556881496062992
20
0.8136305118110236
11
0.3588104330708661
21
0.8167527952755905
0
LINE
8
BLACK
6
CONTINUOUS
10
0.3588104330708661
20
0.8167527952755905
11
0.3588105511811023
21
0.8167529921259842
0
LINE
8
BLACK
6
CONTINUOUS
10
0.3588105511811023
20
0.8167529921259842
11
0.3605940551181102
21
0.8207922440944881
0
LINE
8
BLACK
6
CONTINUOUS
10
0.3605940551181102
20
0.8207922440944881
11
0.3605940551181102
21
0.8207923228346456
0
LINE
8
BLACK
6
CONTINUOUS
10
0.3605940551181102
20
0.8207923228346456
11
0.3607086220472441
21
0.8217797637795276
0
LINE
8
BLACK
6
CONTINUOUS
10
0.3607086220472441
20
0.8217797637795276
11
0.3607086614173228
21
0.8217798818897638
0
LINE
8
BLACK
6
CONTINUOUS
10
0.3607086614173228
20
0.8217798818897638
11
0.3607086614173228
21
0.8437007874015748
0
LINE
8
BLACK
6
CONTINUOUS
10
0.3607086614173228
20
0.8437007874015748
11
0.3488976377952756
21
0.8437007874015748
0
LINE
8
BLACK
6
CONTINUOUS
10
0.3488976377952756
20
0.8437007874015748
11
0.3488976377952756
21
0.8235433070866142
0
LINE
8
BLACK
6
CONTINUOUS
10
0.3770866535433071
20
0.8437007874015748
11
0.3770866535433071
21
0.8217801181102362
0
LINE
8
BLACK
6
CONTINUOUS
10
0.3770866535433071
20
0.8217801181102362
11
0.3770866929133858
21
0.8217792125984251
0
LINE
8
BLACK
6
CONTINUOUS
10
0.3770866929133858
20
0.8217792125984251
11
0.3772011023622047
21
0.8207925590551181
0
LINE
8
BLACK
6
CONTINUOUS
10
0.3772011023622047
20
0.8207925590551181
11
0.3772011417322835
21
0.8207924015748032
0
LINE
8
BLACK
6
CONTINUOUS
10
0.3772011417322835
20
0.8207924015748032
11
0.3789846850393701
21
0.8167529921259842
0
LINE
8
BLACK
6
CONTINUOUS
10
0.3789846850393701
20
0.8167529921259842
11
0.3789848031496063
21
0.8167527952755905
0
LINE
8
BLACK
6
CONTINUOUS
10
0.3789848031496063
20
0.8167527952755905
11
0.3821070866141732
21
0.8136305118110236
0
LINE
8
BLACK
6
CONTINUOUS
10
0.3821070866141732
20
0.8136305118110236
11
0.3821072834645669
21
0.8136303937007874
0
LINE
8
BLACK
6
CONTINUOUS
10
0.3821072834645669
20
0.8136303937007874
11
0.3861465748031496
21
0.8118468897637795
0
LINE
8
BLACK
6
CONTINUOUS
10
0.3861465748031496
20
0.8118468897637795
11
0.387134094488189
21
0.8117323228346457
0
LINE
8
BLACK
6
CONTINUOUS
10
0.387134094488189
20
0.8117323228346457
11
0.4090550787401575
21
0.8117323228346457
0
LINE
8
BLACK
6
CONTINUOUS
10
0.4090550787401575
20
0.8117323228346457
11
0.4090551181102362
21
0.8117323622047244
0
LINE
8
BLACK
6
CONTINUOUS
10
0.4090551181102362
20
0.8117323622047244
11
0.4090551181102362
21
0.8235433070866142
0
LINE
8
BLACK
6
CONTINUOUS
10
0.4090551181102362
20
0.8235433070866142
11
0.3888976377952756
21
0.8235433070866142
0
LINE
8
BLACK
6
CONTINUOUS
10
0.3888976377952756
20
0.8235433070866142
11
0.3888976377952756
21
0.8437007874015748
0
LINE
8
BLACK
6
CONTINUOUS
10
0.3888976377952756
20
0.8437007874015748
11
0.3770866535433071
21
0.8437007874015748
0
LINE
8
BLACK
6
CONTINUOUS
10
0.4488976377952756
20
0.8235433070866142
11
0.428740157480315
21
0.8235433070866142
0
LINE
8
BLACK
6
CONTINUOUS
10
0.428740157480315
20
0.8235433070866142
11
0.428740157480315
21
0.8117323228346457
0
LINE
8
BLACK
6
CONTINUOUS
10
0.428740157480315
20
0.8117323228346457
11
0.4506608661417323
21
0.8117323228346457
0
LINE
8
BLACK
6
CONTINUOUS
10
0.4506608661417323
20
0.8117323228346457
11
0.4506617322834646
21
0.8117324015748031
0
LINE
8
BLACK
6
CONTINUOUS
10
0.4506617322834646
20
0.8117324015748031
11
0.4516483858267716
21
0.811846811023622
0
LINE
8
BLACK
6
CONTINUOUS
10
0.4516483858267716
20
0.811846811023622
11
0.4516485433070866
21
0.8118468503937007
0
LINE
8
BLACK
6
CONTINUOUS
10
0.4516485433070866
20
0.8118468503937007
11
0.4556879527559055
21
0.8136303937007874
0
LINE
8
BLACK
6
CONTINUOUS
10
0.4556879527559055
20
0.8136303937007874
11
0.4556881496062992
21
0.8136305118110236
0
LINE
8
BLACK
6
CONTINUOUS
10
0.4556881496062992
20
0.8136305118110236
11
0.4581617322834646
21
0.8161040551181102
0
LINE
8
BLACK
6
CONTINUOUS
10
0.4581617322834646
20
0.8161040551181102
11
0.4588104330708661
21
0.8167527952755905
0
LINE
8
BLACK
6
CONTINUOUS
10
0.4588104330708661
20
0.8167527952755905
11
0.4588105511811024
21
0.8167529921259842
0
LINE
8
BLACK
6
CONTINUOUS
10
0.4588105511811024
20
0.8167529921259842
11
0.4605940551181102
21
0.8207922440944881
0
LINE
8
BLACK
6
CONTINUOUS
10
0.4605940551181102
20
0.8207922440944881
11
0.4605940551181102
21
0.8207923228346456
0
LINE
8
BLACK
6
CONTINUOUS
10
0.4605940551181102
20
0.8207923228346456
11
0.4607086220472441
21
0.8217797637795276
0
LINE
8
BLACK
6
CONTINUOUS
10
0.4607086220472441
20
0.8217797637795276
11
0.4607086614173228
21
0.8217798818897638
0
LINE
8
BLACK
6
CONTINUOUS
10
0.4607086614173228
20
0.8217798818897638
11
0.4607086614173228
21
0.8437007874015748
0
LINE
8
BLACK
6
CONTINUOUS
10
0.4607086614173228
20
0.8437007874015748
11
0.4488976377952756
21
0.8437007874015748
0
LINE
8
BLACK
6
CONTINUOUS
10
0.4488976377952756
20
0.8437007874015748
11
0.4488976377952756
21
0.8235433070866142
0
LINE
8
BLACK
6
CONTINUOUS
10
2.3203740157480315
20
0.8170529133858268
11
2.320374094488189
21
0.8170518897637795
0
LINE
8
BLACK
6
CONTINUOUS
10
2.320374094488189
20
0.8170518897637795
11
2.3204887007874015
21
0.8160635039370079
0
LINE
8
BLACK
6
CONTINUOUS
10
2.3204887007874015
20
0.8160635039370079
11
2.3204887795275591
21
0.8160633464566929
0
LINE
8
BLACK
6
CONTINUOUS
10
2.3204887795275591
20
0.8160633464566929
11
2.3222753149606299
21
0.8120171653543307
0
LINE
8
BLACK
6
CONTINUOUS
10
2.3222753149606299
20
0.8120171653543307
11
2.3222753543307086
21
0.8120171259842519
0
LINE
8
BLACK
6
CONTINUOUS
10
2.3222753543307086
20
0.8120171259842519
11
2.3254029527559053
21
0.8088895275590551
0
LINE
8
BLACK
6
CONTINUOUS
10
2.3254029527559053
20
0.8088895275590551
11
2.3294491732283462
21
0.8071029527559055
0
LINE
8
BLACK
6
CONTINUOUS
10
2.3294491732283462
20
0.8071029527559055
11
2.3304383858267714
21
0.8069881889763779
0
LINE
8
BLACK
6
CONTINUOUS
10
2.3304383858267714
20
0.8069881889763779
11
2.3939710236220471
21
0.8069882283464567
0
LINE
8
BLACK
6
CONTINUOUS
10
2.3939710236220471
20
0.8069882283464567
11
2.3939716141732283
21
0.8069883070866142
0
LINE
8
BLACK
6
CONTINUOUS
10
2.3939716141732283
20
0.8069883070866142
11
2.3939717322834646
21
0.8069883070866142
0
LINE
8
BLACK
6
CONTINUOUS
10
2.3939717322834646
20
0.8069883070866142
11
2.394960118110236
21
0.8071029133858267
0
LINE
8
BLACK
6
CONTINUOUS
10
2.394960118110236
20
0.8071029133858267
11
2.3949601574803148
21
0.8071029527559055
0
LINE
8
BLACK
6
CONTINUOUS
10
2.3949601574803148
20
0.8071029527559055
11
2.394960275590551
21
0.8071029527559055
0
LINE
8
BLACK
6
CONTINUOUS
10
2.394960275590551
20
0.8071029527559055
11
2.399006496062992
21
0.8088895275590551
0
LINE
8
BLACK
6
CONTINUOUS
10
2.399006496062992
20
0.8088895275590551
11
2.402134094488189
21
0.8120171259842519
0
LINE
8
BLACK
6
CONTINUOUS
10
2.402134094488189
20
0.8120171259842519
11
2.4039206692913386
21
0.8160633464566929
0
LINE
8
BLACK
6
CONTINUOUS
10
2.4039206692913386
20
0.8160633464566929
11
2.4040354330708662
21
0.8170525590551181
0
LINE
8
BLACK
6
CONTINUOUS
10
2.4040354330708662
20
0.8170525590551181
11
2.4040353937007874
21
0.8805851968503937
0
LINE
8
BLACK
6
CONTINUOUS
10
2.4040353937007874
20
0.8805851968503937
11
2.4040353937007874
21
0.8805852362204725
0
LINE
8
BLACK
6
CONTINUOUS
10
2.4040353937007874
20
0.8805852362204725
11
2.4040353937007874
21
0.8805853937007874
0
LINE
8
BLACK
6
CONTINUOUS
10
2.4040353937007874
20
0.8805853937007874
11
2.4040353937007874
21
0.8805854330708661
0
LINE
8
BLACK
6
CONTINUOUS
10
2.4040353937007874
20
0.8805854330708661
11
2.4039207086614174
21
0.8815743307086614
0
LINE
8
BLACK
6
CONTINUOUS
10
2.4039207086614174
20
0.8815743307086614
11
2.4039206692913386
21
0.8815744094488189
0
LINE
8
BLACK
6
CONTINUOUS
10
2.4039206692913386
20
0.8815744094488189
11
2.4039206692913386
21
0.8815744488188976
0
LINE
8
BLACK
6
CONTINUOUS
10
2.4039206692913386
20
0.8815744488188976
11
2.402134094488189
21
0.8856206692913385
0
LINE
8
BLACK
6
CONTINUOUS
10
2.402134094488189
20
0.8856206692913385
11
2.399006496062992
21
0.8887482677165354
0
LINE
8
BLACK
6
CONTINUOUS
10
2.399006496062992
20
0.8887482677165354
11
2.3990064173228345
21
0.8887483070866141
0
LINE
8
BLACK
6
CONTINUOUS
10
2.3990064173228345
20
0.8887483070866141
11
2.3949603149606298
21
0.8905348425196851
0
LINE
8
BLACK
6
CONTINUOUS
10
2.3949603149606298
20
0.8905348425196851
11
2.3939710629921258
21
0.8906496062992125
0
LINE
8
BLACK
6
CONTINUOUS
10
2.3939710629921258
20
0.8906496062992125
11
2.3304387007874015
21
0.8906496062992125
0
LINE
8
BLACK
6
CONTINUOUS
10
2.3304387007874015
20
0.8906496062992125
11
2.3304376771653543
21
0.8906495275590551
0
LINE
8
BLACK
6
CONTINUOUS
10
2.3304376771653543
20
0.8906495275590551
11
2.3294492913385825
21
0.8905349212598425
0
LINE
8
BLACK
6
CONTINUOUS
10
2.3294492913385825
20
0.8905349212598425
11
2.3294491338582675
21
0.8905348425196851
0
LINE
8
BLACK
6
CONTINUOUS
10
2.3294491338582675
20
0.8905348425196851
11
2.3254029527559053
21
0.8887483070866141
0
LINE
8
BLACK
6
CONTINUOUS
10
2.3254029527559053
20
0.8887483070866141
11
2.3222753543307086
21
0.8856207086614173
0
LINE
8
BLACK
6
CONTINUOUS
10
2.3222753543307086
20
0.8856207086614173
11
2.3204887795275591
21
0.8815745669291338
0
LINE
8
BLACK
6
CONTINUOUS
10
2.3204887795275591
20
0.8815745669291338
11
2.3204887795275591
21
0.8815744881889763
0
LINE
8
BLACK
6
CONTINUOUS
10
2.3204887795275591
20
0.8815744881889763
11
2.3203740157480315
21
0.8805853937007874
0
LINE
8
BLACK
6
CONTINUOUS
10
2.3203740157480315
20
0.8805853937007874
11
2.3203740157480315
21
0.8170529133858268
0
LINE
8
BLACK
6
CONTINUOUS
10
2.4203740157480316
20
0.8170529133858268
11
2.4203740944881891
21
0.8170518897637795
0
LINE
8
BLACK
6
CONTINUOUS
10
2.4203740944881891
20
0.8170518897637795
11
2.4204887007874016
21
0.8160635039370079
0
LINE
8
BLACK
6
CONTINUOUS
10
2.4204887007874016
20
0.8160635039370079
11
2.4204887795275591
21
0.8160633464566929
0
LINE
8
BLACK
6
CONTINUOUS
10
2.4204887795275591
20
0.8160633464566929
11
2.42227531496063
21
0.8120171653543307
0
LINE
8
BLACK
6
CONTINUOUS
10
2.42227531496063
20
0.8120171653543307
11
2.4222753543307087
21
0.8120171259842519
0
LINE
8
BLACK
6
CONTINUOUS
10
2.4222753543307087
20
0.8120171259842519
11
2.4254029527559053
21
0.8088895275590551
0
LINE
8
BLACK
6
CONTINUOUS
10
2.4254029527559053
20
0.8088895275590551
11
2.4294491732283463
21
0.8071029527559055
0
LINE
8
BLACK
6
CONTINUOUS
10
2.4294491732283463
20
0.8071029527559055
11
2.4304383858267715
21
0.8069881889763779
0
LINE
8
BLACK
6
CONTINUOUS
10
2.4304383858267715
20
0.8069881889763779
11
2.4939710236220471
21
0.8069882283464567
0
LINE
8
BLACK
6
CONTINUOUS
10
2.4939710236220471
20
0.8069882283464567
11
2.4939716141732284
21
0.8069883070866142
0
LINE
8
BLACK
6
CONTINUOUS
10
2.4939716141732284
20
0.8069883070866142
11
2.4939717322834647
21
0.8069883070866142
0
LINE
8
BLACK
6
CONTINUOUS
10
2.4939717322834647
20
0.8069883070866142
11
2.4949601181102361
21
0.8071029133858267
0
LINE
8
BLACK
6
CONTINUOUS
10
2.4949601181102361
20
0.8071029133858267
11
2.4949601574803149
21
0.8071029527559055
0
LINE
8
BLACK
6
CONTINUOUS
10
2.4949601574803149
20
0.8071029527559055
11
2.4949602755905511
21
0.8071029527559055
0
LINE
8
BLACK
6
CONTINUOUS
10
2.4949602755905511
20
0.8071029527559055
11
2.4990064960629921
21
0.8088895275590551
0
LINE
8
BLACK
6
CONTINUOUS
10
2.4990064960629921
20
0.8088895275590551
11
2.5021340944881891
21
0.8120171259842519
0
LINE
8
BLACK
6
CONTINUOUS
10
2.5021340944881891
20
0.8120171259842519
11
2.5039206692913387
21
0.8160633464566929
0
LINE
8
BLACK
6
CONTINUOUS
10
2.5039206692913387
20
0.8160633464566929
11
2.5040354330708663
21
0.8170525590551181
0
LINE
8
BLACK
6
CONTINUOUS
10
2.5040354330708663
20
0.8170525590551181
11
2.5040353937007875
21
0.8805851968503937
0
LINE
8
BLACK
6
CONTINUOUS
10
2.5040353937007875
20
0.8805851968503937
11
2.50403531496063
21
0.8805859448818898
0
LINE
8
BLACK
6
CONTINUOUS
10
2.50403531496063
20
0.8805859448818898
11
2.5039207086614175
21
0.8815743307086614
0
LINE
8
BLACK
6
CONTINUOUS
10
2.5039207086614175
20
0.8815743307086614
11
2.5039206692913387
21
0.8815744094488189
0
LINE
8
BLACK
6
CONTINUOUS
10
2.5039206692913387
20
0.8815744094488189
11
2.5039206692913387
21
0.8815744488188976
0
LINE
8
BLACK
6
CONTINUOUS
10
2.5039206692913387
20
0.8815744488188976
11
2.5021340944881891
21
0.8856206692913385
0
LINE
8
BLACK
6
CONTINUOUS
10
2.5021340944881891
20
0.8856206692913385
11
2.4990064960629921
21
0.8887482677165354
0
LINE
8
BLACK
6
CONTINUOUS
10
2.4990064960629921
20
0.8887482677165354
11
2.4990064173228346
21
0.8887483070866141
0
LINE
8
BLACK
6
CONTINUOUS
10
2.4990064173228346
20
0.8887483070866141
11
2.4949603149606299
21
0.8905348425196851
0
LINE
8
BLACK
6
CONTINUOUS
10
2.4949603149606299
20
0.8905348425196851
11
2.4939710629921259
21
0.8906496062992125
0
LINE
8
BLACK
6
CONTINUOUS
10
2.4939710629921259
20
0.8906496062992125
11
2.4304387007874015
21
0.8906496062992125
0
LINE
8
BLACK
6
CONTINUOUS
10
2.4304387007874015
20
0.8906496062992125
11
2.4304376771653544
21
0.8906495275590551
0
LINE
8
BLACK
6
CONTINUOUS
10
2.4304376771653544
20
0.8906495275590551
11
2.4294492913385826
21
0.8905349212598425
0
LINE
8
BLACK
6
CONTINUOUS
10
2.4294492913385826
20
0.8905349212598425
11
2.4294491338582676
21
0.8905348425196851
0
LINE
8
BLACK
6
CONTINUOUS
10
2.4294491338582676
20
0.8905348425196851
11
2.4254029527559053
21
0.8887483070866141
0
LINE
8
BLACK
6
CONTINUOUS
10
2.4254029527559053
20
0.8887483070866141
11
2.4222753543307087
21
0.8856207086614173
0
LINE
8
BLACK
6
CONTINUOUS
10
2.4222753543307087
20
0.8856207086614173
11
2.4204887795275591
21
0.8815745669291338
0
LINE
8
BLACK
6
CONTINUOUS
10
2.4204887795275591
20
0.8815745669291338
11
2.4204887795275591
21
0.8815744881889763
0
LINE
8
BLACK
6
CONTINUOUS
10
2.4204887795275591
20
0.8815744881889763
11
2.4203740157480316
21
0.8805853937007874
0
LINE
8
BLACK
6
CONTINUOUS
10
2.4203740157480316
20
0.8805853937007874
11
2.4203740157480316
21
0.8170529133858268
0
LINE
8
BLACK
6
CONTINUOUS
10
1.6397637401574803
20
0.8504724409448818
11
1.659921220472441
21
0.8504724409448818
0
LINE
8
BLACK
6
CONTINUOUS
10
1.659921220472441
20
0.8504724409448818
11
1.659921220472441
21
0.8303149606299213
0
LINE
8
BLACK
6
CONTINUOUS
10
1.659921220472441
20
0.8303149606299213
11
1.6717322047244094
21
0.8303149606299213
0
LINE
8
BLACK
6
CONTINUOUS
10
1.6717322047244094
20
0.8303149606299213
11
1.6717322047244094
21
0.8522356692913385
0
LINE
8
BLACK
6
CONTINUOUS
10
1.6717322047244094
20
0.8522356692913385
11
1.6717321259842519
21
0.8522365748031496
0
LINE
8
BLACK
6
CONTINUOUS
10
1.6717321259842519
20
0.8522365748031496
11
1.6716177165354331
21
0.8532232283464567
0
LINE
8
BLACK
6
CONTINUOUS
10
1.6716177165354331
20
0.8532232283464567
11
1.6716176771653544
21
0.8532233858267716
0
LINE
8
BLACK
6
CONTINUOUS
10
1.6716176771653544
20
0.8532233858267716
11
1.6698341338582676
21
0.8572627952755906
0
LINE
8
BLACK
6
CONTINUOUS
10
1.6698341338582676
20
0.8572627952755906
11
1.6698340157480314
21
0.8572629921259842
0
LINE
8
BLACK
6
CONTINUOUS
10
1.6698340157480314
20
0.8572629921259842
11
1.6667117322834646
21
0.8603852755905511
0
LINE
8
BLACK
6
CONTINUOUS
10
1.6667117322834646
20
0.8603852755905511
11
1.6667115354330708
21
0.8603853937007874
0
LINE
8
BLACK
6
CONTINUOUS
10
1.6667115354330708
20
0.8603853937007874
11
1.6626722440944881
21
0.8621688976377953
0
LINE
8
BLACK
6
CONTINUOUS
10
1.6626722440944881
20
0.8621688976377953
11
1.6616847637795276
21
0.8622834645669291
0
LINE
8
BLACK
6
CONTINUOUS
10
1.6616847637795276
20
0.8622834645669291
11
1.6397637401574803
21
0.8622834645669291
0
LINE
8
BLACK
6
CONTINUOUS
10
1.6397637401574803
20
0.8622834645669291
11
1.6397637401574803
21
0.8504724409448818
0
LINE
8
BLACK
6
CONTINUOUS
10
1.5397637401574802
20
0.8504724409448818
11
1.5599212204724409
21
0.8504724409448818
0
LINE
8
BLACK
6
CONTINUOUS
10
1.5599212204724409
20
0.8504724409448818
11
1.5599212204724409
21
0.8303149606299213
0
LINE
8
BLACK
6
CONTINUOUS
10
1.5599212204724409
20
0.8303149606299213
11
1.5717322047244093
21
0.8303149606299213
0
LINE
8
BLACK
6
CONTINUOUS
10
1.5717322047244093
20
0.8303149606299213
11
1.5717322047244093
21
0.8522360236220472
0
LINE
8
BLACK
6
CONTINUOUS
10
1.5717322047244093
20
0.8522360236220472
11
1.5717322047244093
21
0.8522361417322835
0
LINE
8
BLACK
6
CONTINUOUS
10
1.5717322047244093
20
0.8522361417322835
11
1.571617716535433
21
0.8532232283464567
0
LINE
8
BLACK
6
CONTINUOUS
10
1.571617716535433
20
0.8532232283464567
11
1.5716176771653543
21
0.8532233858267716
0
LINE
8
BLACK
6
CONTINUOUS
10
1.5716176771653543
20
0.8532233858267716
11
1.5698341338582678
21
0.8572627952755906
0
LINE
8
BLACK
6
CONTINUOUS
10
1.5698341338582678
20
0.8572627952755906
11
1.5698340157480315
21
0.8572629921259842
0
LINE
8
BLACK
6
CONTINUOUS
10
1.5698340157480315
20
0.8572629921259842
11
1.5667117322834645
21
0.8603852755905511
0
LINE
8
BLACK
6
CONTINUOUS
10
1.5667117322834645
20
0.8603852755905511
11
1.5667115354330707
21
0.8603853937007874
0
LINE
8
BLACK
6
CONTINUOUS
10
1.5667115354330707
20
0.8603853937007874
11
1.5626722440944882
21
0.8621688976377953
0
LINE
8
BLACK
6
CONTINUOUS
10
1.5626722440944882
20
0.8621688976377953
11
1.5616847637795275
21
0.8622834645669291
0
LINE
8
BLACK
6
CONTINUOUS
10
1.5616847637795275
20
0.8622834645669291
11
1.5397637401574802
21
0.8622834645669291
0
LINE
8
BLACK
6
CONTINUOUS
10
1.5397637401574802
20
0.8622834645669291
11
1.5397637401574802
21
0.8504724409448818
0
LINE
8
BLACK
6
CONTINUOUS
10
0.8366141338582677
20
0.8504724409448818
11
0.8567716141732283
21
0.8504724409448818
0
LINE
8
BLACK
6
CONTINUOUS
10
0.8567716141732283
20
0.8504724409448818
11
0.8567716141732283
21
0.8303149606299213
0
LINE
8
BLACK
6
CONTINUOUS
10
0.8567716141732283
20
0.8303149606299213
11
0.8685825984251968
21
0.8303149606299213
0
LINE
8
BLACK
6
CONTINUOUS
10
0.8685825984251968
20
0.8303149606299213
11
0.8685825984251968
21
0.8522356692913385
0
LINE
8
BLACK
6
CONTINUOUS
10
0.8685825984251968
20
0.8522356692913385
11
0.8685825196850393
21
0.8522365748031496
0
LINE
8
BLACK
6
CONTINUOUS
10
0.8685825196850393
20
0.8522365748031496
11
0.8684681102362205
21
0.8532232283464567
0
LINE
8
BLACK
6
CONTINUOUS
10
0.8684681102362205
20
0.8532232283464567
11
0.8684680708661418
21
0.8532233858267716
0
LINE
8
BLACK
6
CONTINUOUS
10
0.8684680708661418
20
0.8532233858267716
11
0.8666845275590551
21
0.8572627952755906
0
LINE
8
BLACK
6
CONTINUOUS
10
0.8666845275590551
20
0.8572627952755906
11
0.8666844094488189
21
0.8572629921259842
0
LINE
8
BLACK
6
CONTINUOUS
10
0.8666844094488189
20
0.8572629921259842
11
0.863562125984252
21
0.8603852755905511
0
LINE
8
BLACK
6
CONTINUOUS
10
0.863562125984252
20
0.8603852755905511
11
0.8635619291338582
21
0.8603853937007874
0
LINE
8
BLACK
6
CONTINUOUS
10
0.8635619291338582
20
0.8603853937007874
11
0.8595226377952756
21
0.8621688976377953
0
LINE
8
BLACK
6
CONTINUOUS
10
0.8595226377952756
20
0.8621688976377953
11
0.8585351574803149
21
0.8622834645669291
0
LINE
8
BLACK
6
CONTINUOUS
10
0.8585351574803149
20
0.8622834645669291
11
0.8366141338582677
21
0.8622834645669291
0
LINE
8
BLACK
6
CONTINUOUS
10
0.8366141338582677
20
0.8622834645669291
11
0.8366141338582677
21
0.8504724409448818
0
LINE
8
BLACK
6
CONTINUOUS
10
0.7366141338582677
20
0.8504724409448818
11
0.7567716141732284
21
0.8504724409448818
0
LINE
8
BLACK
6
CONTINUOUS
10
0.7567716141732284
20
0.8504724409448818
11
0.7567716141732284
21
0.8303149606299213
0
LINE
8
BLACK
6
CONTINUOUS
10
0.7567716141732284
20
0.8303149606299213
11
0.7685825984251968
21
0.8303149606299213
0
LINE
8
BLACK
6
CONTINUOUS
10
0.7685825984251968
20
0.8303149606299213
11
0.7685825984251968
21
0.8522360236220472
0
LINE
8
BLACK
6
CONTINUOUS
10
0.7685825984251968
20
0.8522360236220472
11
0.7685825984251968
21
0.8522361417322835
0
LINE
8
BLACK
6
CONTINUOUS
10
0.7685825984251968
20
0.8522361417322835
11
0.7684681102362204
21
0.8532232283464567
0
LINE
8
BLACK
6
CONTINUOUS
10
0.7684681102362204
20
0.8532232283464567
11
0.7684680708661417
21
0.8532233858267716
0
LINE
8
BLACK
6
CONTINUOUS
10
0.7684680708661417
20
0.8532233858267716
11
0.7666845275590551
21
0.8572627952755906
0
LINE
8
BLACK
6
CONTINUOUS
10
0.7666845275590551
20
0.8572627952755906
11
0.7666844094488189
21
0.8572629921259842
0
LINE
8
BLACK
6
CONTINUOUS
10
0.7666844094488189
20
0.8572629921259842
11
0.763562125984252
21
0.8603852755905511
0
LINE
8
BLACK
6
CONTINUOUS
10
0.763562125984252
20
0.8603852755905511
11
0.7635619291338582
21
0.8603853937007874
0
LINE
8
BLACK
6
CONTINUOUS
10
0.7635619291338582
20
0.8603853937007874
11
0.7595226377952756
21
0.8621688976377953
0
LINE
8
BLACK
6
CONTINUOUS
10
0.7595226377952756
20
0.8621688976377953
11
0.758535157480315
21
0.8622834645669291
0
LINE
8
BLACK
6
CONTINUOUS
10
0.758535157480315
20
0.8622834645669291
11
0.7366141338582677
21
0.8622834645669291
0
LINE
8
BLACK
6
CONTINUOUS
10
0.7366141338582677
20
0.8622834645669291
11
0.7366141338582677
21
0.8504724409448818
0
LINE
8
BLACK
6
CONTINUOUS
10
0.6950074803149606
20
0.8622833858267717
11
0.6940208267716536
21
0.8621689763779528
0
LINE
8
BLACK
6
CONTINUOUS
10
0.6940208267716536
20
0.8621689763779528
11
0.6940206692913385
21
0.862168937007874
0
LINE
8
BLACK
6
CONTINUOUS
10
0.6940206692913385
20
0.862168937007874
11
0.6899812598425197
21
0.8603853937007874
0
LINE
8
BLACK
6
CONTINUOUS
10
0.6899812598425197
20
0.8603853937007874
11
0.6899810629921259
21
0.8603852755905511
0
LINE
8
BLACK
6
CONTINUOUS
10
0.6899810629921259
20
0.8603852755905511
11
0.686858779527559
21
0.8572629921259842
0
LINE
8
BLACK
6
CONTINUOUS
10
0.686858779527559
20
0.8572629921259842
11
0.6868586614173228
21
0.8572627952755906
0
LINE
8
BLACK
6
CONTINUOUS
10
0.6868586614173228
20
0.8572627952755906
11
0.685075157480315
21
0.8532235433070866
0
LINE
8
BLACK
6
CONTINUOUS
10
0.685075157480315
20
0.8532235433070866
11
0.685075157480315
21
0.8532234645669291
0
LINE
8
BLACK
6
CONTINUOUS
10
0.685075157480315
20
0.8532234645669291
11
0.6849605905511811
21
0.8522360236220472
0
LINE
8
BLACK
6
CONTINUOUS
10
0.6849605905511811
20
0.8522360236220472
11
0.6849605905511811
21
0.8303149606299213
0
LINE
8
BLACK
6
CONTINUOUS
10
0.6849605905511811
20
0.8303149606299213
11
0.6967716141732283
21
0.8303149606299213
0
LINE
8
BLACK
6
CONTINUOUS
10
0.6967716141732283
20
0.8303149606299213
11
0.6967716141732283
21
0.8504724409448818
0
LINE
8
BLACK
6
CONTINUOUS
10
0.6967716141732283
20
0.8504724409448818
11
0.716929094488189
21
0.8504724409448818
0
LINE
8
BLACK
6
CONTINUOUS
10
0.716929094488189
20
0.8504724409448818
11
0.716929094488189
21
0.8622834645669291
0
LINE
8
BLACK
6
CONTINUOUS
10
0.716929094488189
20
0.8622834645669291
11
0.6950083858267716
21
0.8622834645669291
0
LINE
8
BLACK
6
CONTINUOUS
10
0.6950083858267716
20
0.8622834645669291
11
0.6950074803149606
21
0.8622833858267717
0
LINE
8
BLACK
6
CONTINUOUS
10
2.0117322834645668
20
0.8846456692913386
11
2.0117322834645668
21
0.862725
0
LINE
8
BLACK
6
CONTINUOUS
10
2.0117322834645668
20
0.862725
11
2.0117323228346455
21
0.862724094488189
0
LINE
8
BLACK
6
CONTINUOUS
10
2.0117323228346455
20
0.862724094488189
11
2.0118467322834643
21
0.8617374409448819
0
LINE
8
BLACK
6
CONTINUOUS
10
2.0118467322834643
20
0.8617374409448819
11
2.0118467716535431
21
0.8617372834645669
0
LINE
8
BLACK
6
CONTINUOUS
10
2.0118467716535431
20
0.8617372834645669
11
2.0136303149606301
21
0.857697874015748
0
LINE
8
BLACK
6
CONTINUOUS
10
2.0136303149606301
20
0.857697874015748
11
2.0136304330708663
21
0.8576976771653543
0
LINE
8
BLACK
6
CONTINUOUS
10
2.0136304330708663
20
0.8576976771653543
11
2.0167527165354331
21
0.8545753937007874
0
LINE
8
BLACK
6
CONTINUOUS
10
2.0167527165354331
20
0.8545753937007874
11
2.0167529133858269
21
0.8545752755905511
0
LINE
8
BLACK
6
CONTINUOUS
10
2.0167529133858269
20
0.8545752755905511
11
2.0207922047244096
21
0.8527917716535433
0
LINE
8
BLACK
6
CONTINUOUS
10
2.0207922047244096
20
0.8527917716535433
11
2.0217797244094489
21
0.8526772047244094
0
LINE
8
BLACK
6
CONTINUOUS
10
2.0217797244094489
20
0.8526772047244094
11
2.0437007086614174
21
0.8526772047244094
0
LINE
8
BLACK
6
CONTINUOUS
10
2.0437007086614174
20
0.8526772047244094
11
2.0437007480314962
21
0.8526772440944882
0
LINE
8
BLACK
6
CONTINUOUS
10
2.0437007480314962
20
0.8526772440944882
11
2.0437007480314962
21
0.8644881889763779
0
LINE
8
BLACK
6
CONTINUOUS
10
2.0437007480314962
20
0.8644881889763779
11
2.0235432677165353
21
0.8644881889763779
0
LINE
8
BLACK
6
CONTINUOUS
10
2.0235432677165353
20
0.8644881889763779
11
2.0235432677165353
21
0.8846456692913386
0
LINE
8
BLACK
6
CONTINUOUS
10
2.0235432677165353
20
0.8846456692913386
11
2.0117322834645668
21
0.8846456692913386
0
LINE
8
BLACK
6
CONTINUOUS
10
2.0835432677165353
20
0.8644881889763779
11
2.0633857874015749
21
0.8644881889763779
0
LINE
8
BLACK
6
CONTINUOUS
10
2.0633857874015749
20
0.8644881889763779
11
2.0633857874015749
21
0.8526772047244094
0
LINE
8
BLACK
6
CONTINUOUS
10
2.0633857874015749
20
0.8526772047244094
11
2.0853064960629921
21
0.8526772047244094
0
LINE
8
BLACK
6
CONTINUOUS
10
2.0853064960629921
20
0.8526772047244094
11
2.0853073622047242
21
0.8526772834645669
0
LINE
8
BLACK
6
CONTINUOUS
10
2.0853073622047242
20
0.8526772834645669
11
2.0862940157480314
21
0.8527916929133859
0
LINE
8
BLACK
6
CONTINUOUS
10
2.0862940157480314
20
0.8527916929133859
11
2.0862941732283464
21
0.8527917322834645
0
LINE
8
BLACK
6
CONTINUOUS
10
2.0862941732283464
20
0.8527917322834645
11
2.0903335826771654
21
0.8545752755905511
0
LINE
8
BLACK
6
CONTINUOUS
10
2.0903335826771654
20
0.8545752755905511
11
2.0903337795275592
21
0.8545753937007874
0
LINE
8
BLACK
6
CONTINUOUS
10
2.0903337795275592
20
0.8545753937007874
11
2.0934560629921259
21
0.8576976771653543
0
LINE
8
BLACK
6
CONTINUOUS
10
2.0934560629921259
20
0.8576976771653543
11
2.0934561811023622
21
0.857697874015748
0
LINE
8
BLACK
6
CONTINUOUS
10
2.0934561811023622
20
0.857697874015748
11
2.09523968503937
21
0.8617371259842519
0
LINE
8
BLACK
6
CONTINUOUS
10
2.09523968503937
20
0.8617371259842519
11
2.09523968503937
21
0.8617372047244094
0
LINE
8
BLACK
6
CONTINUOUS
10
2.09523968503937
20
0.8617372047244094
11
2.0953542519685038
21
0.8627246456692913
0
LINE
8
BLACK
6
CONTINUOUS
10
2.0953542519685038
20
0.8627246456692913
11
2.0953542913385825
21
0.8627247637795276
0
LINE
8
BLACK
6
CONTINUOUS
10
2.0953542913385825
20
0.8627247637795276
11
2.0953542913385825
21
0.8846456692913386
0
LINE
8
BLACK
6
CONTINUOUS
10
2.0953542913385825
20
0.8846456692913386
11
2.0835432677165353
21
0.8846456692913386
0
LINE
8
BLACK
6
CONTINUOUS
10
2.0835432677165353
20
0.8846456692913386
11
2.0835432677165353
21
0.8644881889763779
0
LINE
8
BLACK
6
CONTINUOUS
10
2.1117322834645669
20
0.8846456692913386
11
2.1117322834645669
21
0.862725
0
LINE
8
BLACK
6
CONTINUOUS
10
2.1117322834645669
20
0.862725
11
2.1117323228346456
21
0.862724094488189
0
LINE
8
BLACK
6
CONTINUOUS
10
2.1117323228346456
20
0.862724094488189
11
2.1118467322834644
21
0.8617374409448819
0
LINE
8
BLACK
6
CONTINUOUS
10
2.1118467322834644
20
0.8617374409448819
11
2.1118467716535432
21
0.8617372834645669
0
LINE
8
BLACK
6
CONTINUOUS
10
2.1118467716535432
20
0.8617372834645669
11
2.1136303149606297
21
0.857697874015748
0
LINE
8
BLACK
6
CONTINUOUS
10
2.1136303149606297
20
0.857697874015748
11
2.113630433070866
21
0.8576976771653543
0
LINE
8
BLACK
6
CONTINUOUS
10
2.113630433070866
20
0.8576976771653543
11
2.1167527165354332
21
0.8545753937007874
0
LINE
8
BLACK
6
CONTINUOUS
10
2.1167527165354332
20
0.8545753937007874
11
2.1167529133858269
21
0.8545752755905511
0
LINE
8
BLACK
6
CONTINUOUS
10
2.1167529133858269
20
0.8545752755905511
11
2.1207922047244092
21
0.8527917716535433
0
LINE
8
BLACK
6
CONTINUOUS
10
2.1207922047244092
20
0.8527917716535433
11
2.121779724409449
21
0.8526772047244094
0
LINE
8
BLACK
6
CONTINUOUS
10
2.121779724409449
20
0.8526772047244094
11
2.1437007086614175
21
0.8526772047244094
0
LINE
8
BLACK
6
CONTINUOUS
10
2.1437007086614175
20
0.8526772047244094
11
2.1437007480314958
21
0.8526772440944882
0
LINE
8
BLACK
6
CONTINUOUS
10
2.1437007480314958
20
0.8526772440944882
11
2.1437007480314958
21
0.8644881889763779
0
LINE
8
BLACK
6
CONTINUOUS
10
2.1437007480314958
20
0.8644881889763779
11
2.1235432677165353
21
0.8644881889763779
0
LINE
8
BLACK
6
CONTINUOUS
10
2.1235432677165353
20
0.8644881889763779
11
2.1235432677165353
21
0.8846456692913386
0
LINE
8
BLACK
6
CONTINUOUS
10
2.1235432677165353
20
0.8846456692913386
11
2.1117322834645669
21
0.8846456692913386
0
LINE
8
BLACK
6
CONTINUOUS
10
0.428740157480315
20
0.8835433070866141
11
0.4488976377952756
21
0.8835433070866141
0
LINE
8
BLACK
6
CONTINUOUS
10
0.4488976377952756
20
0.8835433070866141
11
0.4488976377952756
21
0.8633858267716535
0
LINE
8
BLACK
6
CONTINUOUS
10
0.4488976377952756
20
0.8633858267716535
11
0.4607086220472441
21
0.8633858267716535
0
LINE
8
BLACK
6
CONTINUOUS
10
0.4607086220472441
20
0.8633858267716535
11
0.4607086220472441
21
0.8853065354330708
0
LINE
8
BLACK
6
CONTINUOUS
10
0.4607086220472441
20
0.8853065354330708
11
0.4607085433070866
21
0.8853074409448819
0
LINE
8
BLACK
6
CONTINUOUS
10
0.4607085433070866
20
0.8853074409448819
11
0.4605941338582677
21
0.886294094488189
0
LINE
8
BLACK
6
CONTINUOUS
10
0.4605941338582677
20
0.886294094488189
11
0.4605940944881889
21
0.8862942519685039
0
LINE
8
BLACK
6
CONTINUOUS
10
0.4605940944881889
20
0.8862942519685039
11
0.4588105511811024
21
0.8903336614173228
0
LINE
8
BLACK
6
CONTINUOUS
10
0.4588105511811024
20
0.8903336614173228
11
0.4588104330708661
21
0.8903338582677165
0
LINE
8
BLACK
6
CONTINUOUS
10
0.4588104330708661
20
0.8903338582677165
11
0.4556881496062992
21
0.8934561417322835
0
LINE
8
BLACK
6
CONTINUOUS
10
0.4556881496062992
20
0.8934561417322835
11
0.4556879527559055
21
0.8934562598425196
0
LINE
8
BLACK
6
CONTINUOUS
10
0.4556879527559055
20
0.8934562598425196
11
0.4516486614173228
21
0.8952397637795275
0
LINE
8
BLACK
6
CONTINUOUS
10
0.4516486614173228
20
0.8952397637795275
11
0.4506611811023622
21
0.8953543307086614
0
LINE
8
BLACK
6
CONTINUOUS
10
0.4506611811023622
20
0.8953543307086614
11
0.428740157480315
21
0.8953543307086614
0
LINE
8
BLACK
6
CONTINUOUS
10
0.428740157480315
20
0.8953543307086614
11
0.428740157480315
21
0.8835433070866141
0
LINE
8
BLACK
6
CONTINUOUS
10
0.3287401574803149
20
0.8835433070866141
11
0.3488976377952756
21
0.8835433070866141
0
LINE
8
BLACK
6
CONTINUOUS
10
0.3488976377952756
20
0.8835433070866141
11
0.3488976377952756
21
0.8633858267716535
0
LINE
8
BLACK
6
CONTINUOUS
10
0.3488976377952756
20
0.8633858267716535
11
0.3607086220472441
21
0.8633858267716535
0
LINE
8
BLACK
6
CONTINUOUS
10
0.3607086220472441
20
0.8633858267716535
11
0.3607086220472441
21
0.8853068897637795
0
LINE
8
BLACK
6
CONTINUOUS
10
0.3607086220472441
20
0.8853068897637795
11
0.3607086220472441
21
0.8853070078740157
0
LINE
8
BLACK
6
CONTINUOUS
10
0.3607086220472441
20
0.8853070078740157
11
0.3605941338582677
21
0.886294094488189
0
LINE
8
BLACK
6
CONTINUOUS
10
0.3605941338582677
20
0.886294094488189
11
0.360594094488189
21
0.8862942519685039
0
LINE
8
BLACK
6
CONTINUOUS
10
0.360594094488189
20
0.8862942519685039
11
0.3588105511811023
21
0.8903336614173228
0
LINE
8
BLACK
6
CONTINUOUS
10
0.3588105511811023
20
0.8903336614173228
11
0.3588104330708661
21
0.8903338582677165
0
LINE
8
BLACK
6
CONTINUOUS
10
0.3588104330708661
20
0.8903338582677165
11
0.3556881496062992
21
0.8934561417322835
0
LINE
8
BLACK
6
CONTINUOUS
10
0.3556881496062992
20
0.8934561417322835
11
0.3556879527559055
21
0.8934562598425196
0
LINE
8
BLACK
6
CONTINUOUS
10
0.3556879527559055
20
0.8934562598425196
11
0.3516486614173228
21
0.8952397637795275
0
LINE
8
BLACK
6
CONTINUOUS
10
0.3516486614173228
20
0.8952397637795275
11
0.3506611811023622
21
0.8953543307086614
0
LINE
8
BLACK
6
CONTINUOUS
10
0.3506611811023622
20
0.8953543307086614
11
0.3287401574803149
21
0.8953543307086614
0
LINE
8
BLACK
6
CONTINUOUS
10
0.3287401574803149
20
0.8953543307086614
11
0.3287401574803149
21
0.8835433070866141
0
LINE
8
BLACK
6
CONTINUOUS
10
2.1633857874015749
20
0.924488188976378
11
2.1835432677165354
21
0.924488188976378
0
LINE
8
BLACK
6
CONTINUOUS
10
2.1835432677165354
20
0.924488188976378
11
2.1835432677165354
21
0.9043307086614173
0
LINE
8
BLACK
6
CONTINUOUS
10
2.1835432677165354
20
0.9043307086614173
11
2.1953542519685039
21
0.9043307086614173
0
LINE
8
BLACK
6
CONTINUOUS
10
2.1953542519685039
20
0.9043307086614173
11
2.1953542519685039
21
0.9262514173228347
0
LINE
8
BLACK
6
CONTINUOUS
10
2.1953542519685039
20
0.9262514173228347
11
2.1953541732283464
21
0.9262523228346456
0
LINE
8
BLACK
6
CONTINUOUS
10
2.1953541732283464
20
0.9262523228346456
11
2.1952397637795276
21
0.9272389763779527
0
LINE
8
BLACK
6
CONTINUOUS
10
2.1952397637795276
20
0.9272389763779527
11
2.1952397244094488
21
0.9272391338582677
0
LINE
8
BLACK
6
CONTINUOUS
10
2.1952397244094488
20
0.9272391338582677
11
2.1934561811023623
21
0.9312785433070866
0
LINE
8
BLACK
6
CONTINUOUS
10
2.1934561811023623
20
0.9312785433070866
11
2.193456062992126
21
0.9312787401574802
0
LINE
8
BLACK
6
CONTINUOUS
10
2.193456062992126
20
0.9312787401574802
11
2.1903337795275588
21
0.9344010236220472
0
LINE
8
BLACK
6
CONTINUOUS
10
2.1903337795275588
20
0.9344010236220472
11
2.1903335826771655
21
0.9344011417322834
0
LINE
8
BLACK
6
CONTINUOUS
10
2.1903335826771655
20
0.9344011417322834
11
2.1862942913385828
21
0.9361846456692913
0
LINE
8
BLACK
6
CONTINUOUS
10
2.1862942913385828
20
0.9361846456692913
11
2.1853068110236218
21
0.9362992125984252
0
LINE
8
BLACK
6
CONTINUOUS
10
2.1853068110236218
20
0.9362992125984252
11
2.1633857874015749
21
0.9362992125984252
0
LINE
8
BLACK
6
CONTINUOUS
10
2.1633857874015749
20
0.9362992125984252
11
2.1633857874015749
21
0.924488188976378
0
LINE
8
BLACK
6
CONTINUOUS
10
2.0633857874015749
20
0.924488188976378
11
2.0835432677165353
21
0.924488188976378
0
LINE
8
BLACK
6
CONTINUOUS
10
2.0835432677165353
20
0.924488188976378
11
2.0835432677165353
21
0.9043307086614173
0
LINE
8
BLACK
6
CONTINUOUS
10
2.0835432677165353
20
0.9043307086614173
11
2.0953542519685038
21
0.9043307086614173
0
LINE
8
BLACK
6
CONTINUOUS
10
2.0953542519685038
20
0.9043307086614173
11
2.0953542519685038
21
0.9262517716535433
0
LINE
8
BLACK
6
CONTINUOUS
10
2.0953542519685038
20
0.9262517716535433
11
2.0953542519685038
21
0.9262518897637795
0
LINE
8
BLACK
6
CONTINUOUS
10
2.0953542519685038
20
0.9262518897637795
11
2.0952397637795275
21
0.9272389763779527
0
LINE
8
BLACK
6
CONTINUOUS
10
2.0952397637795275
20
0.9272389763779527
11
2.0952397244094487
21
0.9272391338582677
0
LINE
8
BLACK
6
CONTINUOUS
10
2.0952397244094487
20
0.9272391338582677
11
2.0934561811023622
21
0.9312785433070866
0
LINE
8
BLACK
6
CONTINUOUS
10
2.0934561811023622
20
0.9312785433070866
11
2.0934560629921259
21
0.9312787401574802
0
LINE
8
BLACK
6
CONTINUOUS
10
2.0934560629921259
20
0.9312787401574802
11
2.0903337795275592
21
0.9344010236220472
0
LINE
8
BLACK
6
CONTINUOUS
10
2.0903337795275592
20
0.9344010236220472
11
2.0903335826771654
21
0.9344011417322834
0
LINE
8
BLACK
6
CONTINUOUS
10
2.0903335826771654
20
0.9344011417322834
11
2.0862942913385827
21
0.9361846456692913
0
LINE
8
BLACK
6
CONTINUOUS
10
2.0862942913385827
20
0.9361846456692913
11
2.0853068110236221
21
0.9362992125984252
0
LINE
8
BLACK
6
CONTINUOUS
10
2.0853068110236221
20
0.9362992125984252
11
2.0633857874015749
21
0.9362992125984252
0
LINE
8
BLACK
6
CONTINUOUS
10
2.0633857874015749
20
0.9362992125984252
11
2.0633857874015749
21
0.924488188976378
0
LINE
8
BLACK
6
CONTINUOUS
10
2.0217762204724408
20
1.0363188188976378
11
2.0207878346456694
21
1.0362042125984252
0
LINE
8
BLACK
6
CONTINUOUS
10
2.0207878346456694
20
1.0362042125984252
11
2.0207876771653543
21
1.0362041338582677
0
LINE
8
BLACK
6
CONTINUOUS
10
2.0207876771653543
20
1.0362041338582677
11
2.0167414960629921
21
1.0344175984251969
0
LINE
8
BLACK
6
CONTINUOUS
10
2.0167414960629921
20
1.0344175984251969
11
2.0136138976377951
21
1.03129
0
LINE
8
BLACK
6
CONTINUOUS
10
2.0136138976377951
20
1.03129
11
2.0118273228346455
21
1.0272438582677166
0
LINE
8
BLACK
6
CONTINUOUS
10
2.0118273228346455
20
1.0272438582677166
11
2.0118273228346455
21
1.0272437795275591
0
LINE
8
BLACK
6
CONTINUOUS
10
2.0118273228346455
20
1.0272437795275591
11
2.0117125590551179
21
1.0262546850393701
0
LINE
8
BLACK
6
CONTINUOUS
10
2.0117125590551179
20
1.0262546850393701
11
2.0117125590551179
21
0.9627222047244094
0
LINE
8
BLACK
6
CONTINUOUS
10
2.0117125590551179
20
0.9627222047244094
11
2.0117126377952754
21
0.9627211811023622
0
LINE
8
BLACK
6
CONTINUOUS
10
2.0117126377952754
20
0.9627211811023622
11
2.011827244094488
21
0.9617327952755905
0
LINE
8
BLACK
6
CONTINUOUS
10
2.011827244094488
20
0.9617327952755905
11
2.0118273228346455
21
0.9617326377952755
0
LINE
8
BLACK
6
CONTINUOUS
10
2.0118273228346455
20
0.9617326377952755
11
2.0136138582677163
21
0.9576864566929134
0
LINE
8
BLACK
6
CONTINUOUS
10
2.0136138582677163
20
0.9576864566929134
11
2.0136138976377951
21
0.9576864173228347
0
LINE
8
BLACK
6
CONTINUOUS
10
2.0136138976377951
20
0.9576864173228347
11
2.0167414960629921
21
0.9545588188976378
0
LINE
8
BLACK
6
CONTINUOUS
10
2.0167414960629921
20
0.9545588188976378
11
2.0207877165354331
21
0.9527722440944881
0
LINE
8
BLACK
6
CONTINUOUS
10
2.0207877165354331
20
0.9527722440944881
11
2.0217769291338583
21
0.9526574803149606
0
LINE
8
BLACK
6
CONTINUOUS
10
2.0217769291338583
20
0.9526574803149606
11
2.0853095669291339
21
0.9526575196850393
0
LINE
8
BLACK
6
CONTINUOUS
10
2.0853095669291339
20
0.9526575196850393
11
2.0853101574803148
21
0.9526575984251968
0
LINE
8
BLACK
6
CONTINUOUS
10
2.0853101574803148
20
0.9526575984251968
11
2.085310275590551
21
0.9526575984251968
0
LINE
8
BLACK
6
CONTINUOUS
10
2.085310275590551
20
0.9526575984251968
11
2.0862986614173229
21
0.9527722047244094
0
LINE
8
BLACK
6
CONTINUOUS
10
2.0862986614173229
20
0.9527722047244094
11
2.0862987007874016
21
0.9527722440944881
0
LINE
8
BLACK
6
CONTINUOUS
10
2.0862987007874016
20
0.9527722440944881
11
2.0862988188976379
21
0.9527722440944881
0
LINE
8
BLACK
6
CONTINUOUS
10
2.0862988188976379
20
0.9527722440944881
11
2.0903450393700789
21
0.9545588188976378
0
LINE
8
BLACK
6
CONTINUOUS
10
2.0903450393700789
20
0.9545588188976378
11
2.0934726377952755
21
0.9576864173228347
0
LINE
8
BLACK
6
CONTINUOUS
10
2.0934726377952755
20
0.9576864173228347
11
2.0952592125984251
21
0.9617326377952755
0
LINE
8
BLACK
6
CONTINUOUS
10
2.0952592125984251
20
0.9617326377952755
11
2.0953739763779526
21
0.9627218503937007
0
LINE
8
BLACK
6
CONTINUOUS
10
2.0953739763779526
20
0.9627218503937007
11
2.0953739370078739
21
1.0262544881889764
0
LINE
8
BLACK
6
CONTINUOUS
10
2.0953739370078739
20
1.0262544881889764
11
2.0953739370078739
21
1.0262545275590551
0
LINE
8
BLACK
6
CONTINUOUS
10
2.0953739370078739
20
1.0262545275590551
11
2.0953739370078739
21
1.0262546850393701
0
LINE
8
BLACK
6
CONTINUOUS
10
2.0953739370078739
20
1.0262546850393701
11
2.0953739370078739
21
1.0262547244094489
0
LINE
8
BLACK
6
CONTINUOUS
10
2.0953739370078739
20
1.0262547244094489
11
2.0952592519685038
21
1.0272436220472441
0
LINE
8
BLACK
6
CONTINUOUS
10
2.0952592519685038
20
1.0272436220472441
11
2.0952592125984251
21
1.0272437007874016
0
LINE
8
BLACK
6
CONTINUOUS
10
2.0952592125984251
20
1.0272437007874016
11
2.0952592125984251
21
1.0272437401574803
0
LINE
8
BLACK
6
CONTINUOUS
10
2.0952592125984251
20
1.0272437401574803
11
2.0934726377952755
21
1.0312899606299213
0
LINE
8
BLACK
6
CONTINUOUS
10
2.0934726377952755
20
1.0312899606299213
11
2.0903450393700789
21
1.0344175590551181
0
LINE
8
BLACK
6
CONTINUOUS
10
2.0903450393700789
20
1.0344175590551181
11
2.0903449606299214
21
1.0344175984251969
0
LINE
8
BLACK
6
CONTINUOUS
10
2.0903449606299214
20
1.0344175984251969
11
2.0862988582677167
21
1.0362041338582677
0
LINE
8
BLACK
6
CONTINUOUS
10
2.0862988582677167
20
1.0362041338582677
11
2.0853096062992127
21
1.0363188976377953
0
LINE
8
BLACK
6
CONTINUOUS
10
2.0853096062992127
20
1.0363188976377953
11
2.0217772440944883
21
1.0363188976377953
0
LINE
8
BLACK
6
CONTINUOUS
10
2.0217772440944883
20
1.0363188976377953
11
2.0217762204724408
21
1.0363188188976378
0
LINE
8
BLACK
6
CONTINUOUS
10
2.3203740157480315
20
0.9170529133858267
11
2.320374094488189
21
0.9170518897637795
0
LINE
8
BLACK
6
CONTINUOUS
10
2.320374094488189
20
0.9170518897637795
11
2.3204887007874015
21
0.9160635039370079
0
LINE
8
BLACK
6
CONTINUOUS
10
2.3204887007874015
20
0.9160635039370079
11
2.3204887795275591
21
0.9160633464566929
0
LINE
8
BLACK
6
CONTINUOUS
10
2.3204887795275591
20
0.9160633464566929
11
2.3222753149606299
21
0.9120171653543306
0
LINE
8
BLACK
6
CONTINUOUS
10
2.3222753149606299
20
0.9120171653543306
11
2.3222753543307086
21
0.912017125984252
0
LINE
8
BLACK
6
CONTINUOUS
10
2.3222753543307086
20
0.912017125984252
11
2.3254029527559053
21
0.9088895275590551
0
LINE
8
BLACK
6
CONTINUOUS
10
2.3254029527559053
20
0.9088895275590551
11
2.3294491732283462
21
0.9071029527559055
0
LINE
8
BLACK
6
CONTINUOUS
10
2.3294491732283462
20
0.9071029527559055
11
2.3304383858267714
21
0.9069881889763779
0
LINE
8
BLACK
6
CONTINUOUS
10
2.3304383858267714
20
0.9069881889763779
11
2.3939710236220471
21
0.9069882283464566
0
LINE
8
BLACK
6
CONTINUOUS
10
2.3939710236220471
20
0.9069882283464566
11
2.3939716141732283
21
0.9069883070866142
0
LINE
8
BLACK
6
CONTINUOUS
10
2.3939716141732283
20
0.9069883070866142
11
2.3939717322834646
21
0.9069883070866142
0
LINE
8
BLACK
6
CONTINUOUS
10
2.3939717322834646
20
0.9069883070866142
11
2.394960118110236
21
0.9071029133858267
0
LINE
8
BLACK
6
CONTINUOUS
10
2.394960118110236
20
0.9071029133858267
11
2.3949601574803148
21
0.9071029527559055
0
LINE
8
BLACK
6
CONTINUOUS
10
2.3949601574803148
20
0.9071029527559055
11
2.394960275590551
21
0.9071029527559055
0
LINE
8
BLACK
6
CONTINUOUS
10
2.394960275590551
20
0.9071029527559055
11
2.399006496062992
21
0.9088895275590551
0
LINE
8
BLACK
6
CONTINUOUS
10
2.399006496062992
20
0.9088895275590551
11
2.402134094488189
21
0.912017125984252
0
LINE
8
BLACK
6
CONTINUOUS
10
2.402134094488189
20
0.912017125984252
11
2.4039206692913386
21
0.9160633464566929
0
LINE
8
BLACK
6
CONTINUOUS
10
2.4039206692913386
20
0.9160633464566929
11
2.4040354330708662
21
0.9170525590551181
0
LINE
8
BLACK
6
CONTINUOUS
10
2.4040354330708662
20
0.9170525590551181
11
2.4040353937007874
21
0.9805851968503937
0
LINE
8
BLACK
6
CONTINUOUS
10
2.4040353937007874
20
0.9805851968503937
11
2.4040353937007874
21
0.9805852362204724
0
LINE
8
BLACK
6
CONTINUOUS
10
2.4040353937007874
20
0.9805852362204724
11
2.4040353937007874
21
0.9805853937007873
0
LINE
8
BLACK
6
CONTINUOUS
10
2.4040353937007874
20
0.9805853937007873
11
2.4040353937007874
21
0.9805854330708661
0
LINE
8
BLACK
6
CONTINUOUS
10
2.4040353937007874
20
0.9805854330708661
11
2.4039207086614174
21
0.9815743307086614
0
LINE
8
BLACK
6
CONTINUOUS
10
2.4039207086614174
20
0.9815743307086614
11
2.4039206692913386
21
0.9815744094488189
0
LINE
8
BLACK
6
CONTINUOUS
10
2.4039206692913386
20
0.9815744094488189
11
2.4039206692913386
21
0.9815744488188977
0
LINE
8
BLACK
6
CONTINUOUS
10
2.4039206692913386
20
0.9815744488188977
11
2.402134094488189
21
0.9856206692913385
0
LINE
8
BLACK
6
CONTINUOUS
10
2.402134094488189
20
0.9856206692913385
11
2.399006496062992
21
0.9887482677165355
0
LINE
8
BLACK
6
CONTINUOUS
10
2.399006496062992
20
0.9887482677165355
11
2.3990064173228345
21
0.9887483070866141
0
LINE
8
BLACK
6
CONTINUOUS
10
2.3990064173228345
20
0.9887483070866141
11
2.3949603149606298
21
0.990534842519685
0
LINE
8
BLACK
6
CONTINUOUS
10
2.3949603149606298
20
0.990534842519685
11
2.3939710629921258
21
0.9906496062992126
0
LINE
8
BLACK
6
CONTINUOUS
10
2.3939710629921258
20
0.9906496062992126
11
2.3304387007874015
21
0.9906496062992126
0
LINE
8
BLACK
6
CONTINUOUS
10
2.3304387007874015
20
0.9906496062992126
11
2.3304376771653543
21
0.9906495275590551
0
LINE
8
BLACK
6
CONTINUOUS
10
2.3304376771653543
20
0.9906495275590551
11
2.3294492913385825
21
0.9905349212598425
0
LINE
8
BLACK
6
CONTINUOUS
10
2.3294492913385825
20
0.9905349212598425
11
2.3294491338582675
21
0.990534842519685
0
LINE
8
BLACK
6
CONTINUOUS
10
2.3294491338582675
20
0.990534842519685
11
2.3254029527559053
21
0.9887483070866141
0
LINE
8
BLACK
6
CONTINUOUS
10
2.3254029527559053
20
0.9887483070866141
11
2.3222753543307086
21
0.9856207086614173
0
LINE
8
BLACK
6
CONTINUOUS
10
2.3222753543307086
20
0.9856207086614173
11
2.3204887795275591
21
0.9815745669291338
0
LINE
8
BLACK
6
CONTINUOUS
10
2.3204887795275591
20
0.9815745669291338
11
2.3204887795275591
21
0.9815744881889763
0
LINE
8
BLACK
6
CONTINUOUS
10
2.3204887795275591
20
0.9815744881889763
11
2.3203740157480315
21
0.9805853937007873
0
LINE
8
BLACK
6
CONTINUOUS
10
2.3203740157480315
20
0.9805853937007873
11
2.3203740157480315
21
0.9170529133858267
0
LINE
8
BLACK
6
CONTINUOUS
10
2.4203740157480316
20
0.9170529133858267
11
2.4203740944881891
21
0.9170518897637795
0
LINE
8
BLACK
6
CONTINUOUS
10
2.4203740944881891
20
0.9170518897637795
11
2.4204887007874016
21
0.9160635039370079
0
LINE
8
BLACK
6
CONTINUOUS
10
2.4204887007874016
20
0.9160635039370079
11
2.4204887795275591
21
0.9160633464566929
0
LINE
8
BLACK
6
CONTINUOUS
10
2.4204887795275591
20
0.9160633464566929
11
2.42227531496063
21
0.9120171653543306
0
LINE
8
BLACK
6
CONTINUOUS
10
2.42227531496063
20
0.9120171653543306
11
2.4222753543307087
21
0.912017125984252
0
LINE
8
BLACK
6
CONTINUOUS
10
2.4222753543307087
20
0.912017125984252
11
2.4254029527559053
21
0.9088895275590551
0
LINE
8
BLACK
6
CONTINUOUS
10
2.4254029527559053
20
0.9088895275590551
11
2.4294491732283463
21
0.9071029527559055
0
LINE
8
BLACK
6
CONTINUOUS
10
2.4294491732283463
20
0.9071029527559055
11
2.4304383858267715
21
0.9069881889763779
0
LINE
8
BLACK
6
CONTINUOUS
10
2.4304383858267715
20
0.9069881889763779
11
2.4939710236220471
21
0.9069882283464566
0
LINE
8
BLACK
6
CONTINUOUS
10
2.4939710236220471
20
0.9069882283464566
11
2.4939716141732284
21
0.9069883070866142
0
LINE
8
BLACK
6
CONTINUOUS
10
2.4939716141732284
20
0.9069883070866142
11
2.4939717322834647
21
0.9069883070866142
0
LINE
8
BLACK
6
CONTINUOUS
10
2.4939717322834647
20
0.9069883070866142
11
2.4949601181102361
21
0.9071029133858267
0
LINE
8
BLACK
6
CONTINUOUS
10
2.4949601181102361
20
0.9071029133858267
11
2.4949601574803149
21
0.9071029527559055
0
LINE
8
BLACK
6
CONTINUOUS
10
2.4949601574803149
20
0.9071029527559055
11
2.4949602755905511
21
0.9071029527559055
0
LINE
8
BLACK
6
CONTINUOUS
10
2.4949602755905511
20
0.9071029527559055
11
2.4990064960629921
21
0.9088895275590551
0
LINE
8
BLACK
6
CONTINUOUS
10
2.4990064960629921
20
0.9088895275590551
11
2.5021340944881891
21
0.912017125984252
0
LINE
8
BLACK
6
CONTINUOUS
10
2.5021340944881891
20
0.912017125984252
11
2.5039206692913387
21
0.9160633464566929
0
LINE
8
BLACK
6
CONTINUOUS
10
2.5039206692913387
20
0.9160633464566929
11
2.5040354330708663
21
0.9170525590551181
0
LINE
8
BLACK
6
CONTINUOUS
10
2.5040354330708663
20
0.9170525590551181
11
2.5040353937007875
21
0.9805851968503937
0
LINE
8
BLACK
6
CONTINUOUS
10
2.5040353937007875
20
0.9805851968503937
11
2.50403531496063
21
0.9805859448818898
0
LINE
8
BLACK
6
CONTINUOUS
10
2.50403531496063
20
0.9805859448818898
11
2.5039207086614175
21
0.9815743307086614
0
LINE
8
BLACK
6
CONTINUOUS
10
2.5039207086614175
20
0.9815743307086614
11
2.5039206692913387
21
0.9815744094488189
0
LINE
8
BLACK
6
CONTINUOUS
10
2.5039206692913387
20
0.9815744094488189
11
2.5039206692913387
21
0.9815744488188977
0
LINE
8
BLACK
6
CONTINUOUS
10
2.5039206692913387
20
0.9815744488188977
11
2.5021340944881891
21
0.9856206692913385
0
LINE
8
BLACK
6
CONTINUOUS
10
2.5021340944881891
20
0.9856206692913385
11
2.4990064960629921
21
0.9887482677165355
0
LINE
8
BLACK
6
CONTINUOUS
10
2.4990064960629921
20
0.9887482677165355
11
2.4990064173228346
21
0.9887483070866141
0
LINE
8
BLACK
6
CONTINUOUS
10
2.4990064173228346
20
0.9887483070866141
11
2.4949603149606299
21
0.990534842519685
0
LINE
8
BLACK
6
CONTINUOUS
10
2.4949603149606299
20
0.990534842519685
11
2.4939710629921259
21
0.9906496062992126
0
LINE
8
BLACK
6
CONTINUOUS
10
2.4939710629921259
20
0.9906496062992126
11
2.4304387007874015
21
0.9906496062992126
0
LINE
8
BLACK
6
CONTINUOUS
10
2.4304387007874015
20
0.9906496062992126
11
2.4304376771653544
21
0.9906495275590551
0
LINE
8
BLACK
6
CONTINUOUS
10
2.4304376771653544
20
0.9906495275590551
11
2.4294492913385826
21
0.9905349212598425
0
LINE
8
BLACK
6
CONTINUOUS
10
2.4294492913385826
20
0.9905349212598425
11
2.4294491338582676
21
0.990534842519685
0
LINE
8
BLACK
6
CONTINUOUS
10
2.4294491338582676
20
0.990534842519685
11
2.4254029527559053
21
0.9887483070866141
0
LINE
8
BLACK
6
CONTINUOUS
10
2.4254029527559053
20
0.9887483070866141
11
2.4222753543307087
21
0.9856207086614173
0
LINE
8
BLACK
6
CONTINUOUS
10
2.4222753543307087
20
0.9856207086614173
11
2.4204887795275591
21
0.9815745669291338
0
LINE
8
BLACK
6
CONTINUOUS
10
2.4204887795275591
20
0.9815745669291338
11
2.4204887795275591
21
0.9815744881889763
0
LINE
8
BLACK
6
CONTINUOUS
10
2.4204887795275591
20
0.9815744881889763
11
2.4203740157480316
21
0.9805853937007873
0
LINE
8
BLACK
6
CONTINUOUS
10
2.4203740157480316
20
0.9805853937007873
11
2.4203740157480316
21
0.9170529133858267
0
LINE
8
BLACK
6
CONTINUOUS
10
0.2770668897637795
20
0.9217773228346456
11
0.277066968503937
21
0.9217762992125984
0
LINE
8
BLACK
6
CONTINUOUS
10
0.277066968503937
20
0.9217762992125984
11
0.2771815748031496
21
0.9207879133858268
0
LINE
8
BLACK
6
CONTINUOUS
10
0.2771815748031496
20
0.9207879133858268
11
0.2771816535433071
21
0.9207877559055118
0
LINE
8
BLACK
6
CONTINUOUS
10
0.2771816535433071
20
0.9207877559055118
11
0.2789681889763779
21
0.9167415748031496
0
LINE
8
BLACK
6
CONTINUOUS
10
0.2789681889763779
20
0.9167415748031496
11
0.2789682283464567
21
0.9167415354330708
0
LINE
8
BLACK
6
CONTINUOUS
10
0.2789682283464567
20
0.9167415354330708
11
0.2820958267716535
21
0.913613937007874
0
LINE
8
BLACK
6
CONTINUOUS
10
0.2820958267716535
20
0.913613937007874
11
0.2861420472440945
21
0.9118273622047244
0
LINE
8
BLACK
6
CONTINUOUS
10
0.2861420472440945
20
0.9118273622047244
11
0.2871312598425197
21
0.9117125984251968
0
LINE
8
BLACK
6
CONTINUOUS
10
0.2871312598425197
20
0.9117125984251968
11
0.3506638976377953
21
0.9117126377952756
0
LINE
8
BLACK
6
CONTINUOUS
10
0.3506638976377953
20
0.9117126377952756
11
0.3506644881889764
21
0.9117127165354331
0
LINE
8
BLACK
6
CONTINUOUS
10
0.3506644881889764
20
0.9117127165354331
11
0.3506646062992126
21
0.9117127165354331
0
LINE
8
BLACK
6
CONTINUOUS
10
0.3506646062992126
20
0.9117127165354331
11
0.3516529921259842
21
0.9118273228346456
0
LINE
8
BLACK
6
CONTINUOUS
10
0.3516529921259842
20
0.9118273228346456
11
0.351653031496063
21
0.9118273622047244
0
LINE
8
BLACK
6
CONTINUOUS
10
0.351653031496063
20
0.9118273622047244
11
0.3516531496062992
21
0.9118273622047244
0
LINE
8
BLACK
6
CONTINUOUS
10
0.3516531496062992
20
0.9118273622047244
11
0.3556993700787401
21
0.913613937007874
0
LINE
8
BLACK
6
CONTINUOUS
10
0.3556993700787401
20
0.913613937007874
11
0.358826968503937
21
0.9167415354330708
0
LINE
8
BLACK
6
CONTINUOUS
10
0.358826968503937
20
0.9167415354330708
11
0.3606135433070866
21
0.9207877559055118
0
LINE
8
BLACK
6
CONTINUOUS
10
0.3606135433070866
20
0.9207877559055118
11
0.3607283070866142
21
0.921776968503937
0
LINE
8
BLACK
6
CONTINUOUS
10
0.3607283070866142
20
0.921776968503937
11
0.3607282677165354
21
0.9853096062992126
0
LINE
8
BLACK
6
CONTINUOUS
10
0.3607282677165354
20
0.9853096062992126
11
0.3607282677165354
21
0.9853096456692914
0
LINE
8
BLACK
6
CONTINUOUS
10
0.3607282677165354
20
0.9853096456692914
11
0.3607282677165354
21
0.9853098031496063
0
LINE
8
BLACK
6
CONTINUOUS
10
0.3607282677165354
20
0.9853098031496063
11
0.3607282677165354
21
0.985309842519685
0
LINE
8
BLACK
6
CONTINUOUS
10
0.3607282677165354
20
0.985309842519685
11
0.3606135826771654
21
0.9862987401574803
0
LINE
8
BLACK
6
CONTINUOUS
10
0.3606135826771654
20
0.9862987401574803
11
0.3606135433070866
21
0.9862988188976378
0
LINE
8
BLACK
6
CONTINUOUS
10
0.3606135433070866
20
0.9862988188976378
11
0.3606135433070866
21
0.9862988582677165
0
LINE
8
BLACK
6
CONTINUOUS
10
0.3606135433070866
20
0.9862988582677165
11
0.358826968503937
21
0.9903450787401574
0
LINE
8
BLACK
6
CONTINUOUS
10
0.358826968503937
20
0.9903450787401574
11
0.3556993700787401
21
0.9934726771653543
0
LINE
8
BLACK
6
CONTINUOUS
10
0.3556993700787401
20
0.9934726771653543
11
0.3543164173228346
21
0.9940833070866142
0
LINE
8
BLACK
6
CONTINUOUS
10
0.3543164173228346
20
0.9940833070866142
11
0.3516531889763779
21
0.995259251968504
0
LINE
8
BLACK
6
CONTINUOUS
10
0.3516531889763779
20
0.995259251968504
11
0.350663937007874
21
0.9953740157480315
0
LINE
8
BLACK
6
CONTINUOUS
10
0.350663937007874
20
0.9953740157480315
11
0.2871315748031496
21
0.9953740157480315
0
LINE
8
BLACK
6
CONTINUOUS
10
0.2871315748031496
20
0.9953740157480315
11
0.2871305511811024
21
0.995373937007874
0
LINE
8
BLACK
6
CONTINUOUS
10
0.2871305511811024
20
0.995373937007874
11
0.2861421653543307
21
0.9952593307086613
0
LINE
8
BLACK
6
CONTINUOUS
10
0.2861421653543307
20
0.9952593307086613
11
0.2861420078740157
21
0.995259251968504
0
LINE
8
BLACK
6
CONTINUOUS
10
0.2861420078740157
20
0.995259251968504
11
0.2820958267716535
21
0.993472716535433
0
LINE
8
BLACK
6
CONTINUOUS
10
0.2820958267716535
20
0.993472716535433
11
0.2789682283464567
21
0.9903451181102362
0
LINE
8
BLACK
6
CONTINUOUS
10
0.2789682283464567
20
0.9903451181102362
11
0.2771816535433071
21
0.9862989763779527
0
LINE
8
BLACK
6
CONTINUOUS
10
0.2771816535433071
20
0.9862989763779527
11
0.2771816535433071
21
0.9862988976377952
0
LINE
8
BLACK
6
CONTINUOUS
10
0.2771816535433071
20
0.9862988976377952
11
0.2770668897637795
21
0.9853098031496063
0
LINE
8
BLACK
6
CONTINUOUS
10
0.2770668897637795
20
0.9853098031496063
11
0.2770668897637795
21
0.9217773228346456
0
LINE
8
BLACK
6
CONTINUOUS
10
0.377066968503937
20
0.9217773228346456
11
0.3770670472440945
21
0.9217762992125984
0
LINE
8
BLACK
6
CONTINUOUS
10
0.3770670472440945
20
0.9217762992125984
11
0.3771816535433071
21
0.9207879133858268
0
LINE
8
BLACK
6
CONTINUOUS
10
0.3771816535433071
20
0.9207879133858268
11
0.3771817322834646
21
0.9207877559055118
0
LINE
8
BLACK
6
CONTINUOUS
10
0.3771817322834646
20
0.9207877559055118
11
0.3789682677165354
21
0.9167415748031496
0
LINE
8
BLACK
6
CONTINUOUS
10
0.3789682677165354
20
0.9167415748031496
11
0.3789683070866142
21
0.9167415354330708
0
LINE
8
BLACK
6
CONTINUOUS
10
0.3789683070866142
20
0.9167415354330708
11
0.382095905511811
21
0.913613937007874
0
LINE
8
BLACK
6
CONTINUOUS
10
0.382095905511811
20
0.913613937007874
11
0.386142125984252
21
0.9118273622047244
0
LINE
8
BLACK
6
CONTINUOUS
10
0.386142125984252
20
0.9118273622047244
11
0.3871313385826772
21
0.9117125984251968
0
LINE
8
BLACK
6
CONTINUOUS
10
0.3871313385826772
20
0.9117125984251968
11
0.4506639763779527
21
0.9117126377952756
0
LINE
8
BLACK
6
CONTINUOUS
10
0.4506639763779527
20
0.9117126377952756
11
0.4506645669291339
21
0.9117127165354331
0
LINE
8
BLACK
6
CONTINUOUS
10
0.4506645669291339
20
0.9117127165354331
11
0.4506646850393701
21
0.9117127165354331
0
LINE
8
BLACK
6
CONTINUOUS
10
0.4506646850393701
20
0.9117127165354331
11
0.4516530708661417
21
0.9118273228346456
0
LINE
8
BLACK
6
CONTINUOUS
10
0.4516530708661417
20
0.9118273228346456
11
0.4516531102362205
21
0.9118273622047244
0
LINE
8
BLACK
6
CONTINUOUS
10
0.4516531102362205
20
0.9118273622047244
11
0.4516532283464567
21
0.9118273622047244
0
LINE
8
BLACK
6
CONTINUOUS
10
0.4516532283464567
20
0.9118273622047244
11
0.4556994488188976
21
0.913613937007874
0
LINE
8
BLACK
6
CONTINUOUS
10
0.4556994488188976
20
0.913613937007874
11
0.4588270472440945
21
0.9167415354330708
0
LINE
8
BLACK
6
CONTINUOUS
10
0.4588270472440945
20
0.9167415354330708
11
0.4606136220472441
21
0.9207877559055118
0
LINE
8
BLACK
6
CONTINUOUS
10
0.4606136220472441
20
0.9207877559055118
11
0.4607283858267717
21
0.921776968503937
0
LINE
8
BLACK
6
CONTINUOUS
10
0.4607283858267717
20
0.921776968503937
11
0.4607283464566929
21
0.9853096062992126
0
LINE
8
BLACK
6
CONTINUOUS
10
0.4607283464566929
20
0.9853096062992126
11
0.4606922834645669
21
0.9856207086614173
0
LINE
8
BLACK
6
CONTINUOUS
10
0.4606922834645669
20
0.9856207086614173
11
0.4606136614173229
21
0.9862987401574803
0
LINE
8
BLACK
6
CONTINUOUS
10
0.4606136614173229
20
0.9862987401574803
11
0.4606136220472441
21
0.9862988188976378
0
LINE
8
BLACK
6
CONTINUOUS
10
0.4606136220472441
20
0.9862988188976378
11
0.4606136220472441
21
0.9862988582677165
0
LINE
8
BLACK
6
CONTINUOUS
10
0.4606136220472441
20
0.9862988582677165
11
0.4588270472440945
21
0.9903450787401574
0
LINE
8
BLACK
6
CONTINUOUS
10
0.4588270472440945
20
0.9903450787401574
11
0.4556994488188976
21
0.9934726771653543
0
LINE
8
BLACK
6
CONTINUOUS
10
0.4556994488188976
20
0.9934726771653543
11
0.4543164960629921
21
0.9940833070866142
0
LINE
8
BLACK
6
CONTINUOUS
10
0.4543164960629921
20
0.9940833070866142
11
0.4516532677165354
21
0.995259251968504
0
LINE
8
BLACK
6
CONTINUOUS
10
0.4516532677165354
20
0.995259251968504
11
0.4506640157480315
21
0.9953740157480315
0
LINE
8
BLACK
6
CONTINUOUS
10
0.4506640157480315
20
0.9953740157480315
11
0.3871316535433071
21
0.9953740157480315
0
LINE
8
BLACK
6
CONTINUOUS
10
0.3871316535433071
20
0.9953740157480315
11
0.3871306299212599
21
0.995373937007874
0
LINE
8
BLACK
6
CONTINUOUS
10
0.3871306299212599
20
0.995373937007874
11
0.3861422440944882
21
0.9952593307086613
0
LINE
8
BLACK
6
CONTINUOUS
10
0.3861422440944882
20
0.9952593307086613
11
0.3861420866141732
21
0.995259251968504
0
LINE
8
BLACK
6
CONTINUOUS
10
0.3861420866141732
20
0.995259251968504
11
0.382095905511811
21
0.993472716535433
0
LINE
8
BLACK
6
CONTINUOUS
10
0.382095905511811
20
0.993472716535433
11
0.3789683070866142
21
0.9903451181102362
0
LINE
8
BLACK
6
CONTINUOUS
10
0.3789683070866142
20
0.9903451181102362
11
0.3771817322834646
21
0.9862989763779527
0
LINE
8
BLACK
6
CONTINUOUS
10
0.3771817322834646
20
0.9862989763779527
11
0.3771817322834646
21
0.9862988976377952
0
LINE
8
BLACK
6
CONTINUOUS
10
0.3771817322834646
20
0.9862988976377952
11
0.377066968503937
21
0.9853098031496063
0
LINE
8
BLACK
6
CONTINUOUS
10
0.377066968503937
20
0.9853098031496063
11
0.377066968503937
21
0.9217773228346456
0
LINE
8
BLACK
6
CONTINUOUS
10
2.111712559055118
20
0.9627222047244094
11
2.1117126377952755
21
0.9627211811023622
0
LINE
8
BLACK
6
CONTINUOUS
10
2.1117126377952755
20
0.9627211811023622
11
2.1118272440944881
21
0.9617327952755905
0
LINE
8
BLACK
6
CONTINUOUS
10
2.1118272440944881
20
0.9617327952755905
11
2.1118273228346456
21
0.9617326377952755
0
LINE
8
BLACK
6
CONTINUOUS
10
2.1118273228346456
20
0.9617326377952755
11
2.1136138582677164
21
0.9576864566929134
0
LINE
8
BLACK
6
CONTINUOUS
10
2.1136138582677164
20
0.9576864566929134
11
2.1136138976377952
21
0.9576864173228347
0
LINE
8
BLACK
6
CONTINUOUS
10
2.1136138976377952
20
0.9576864173228347
11
2.1167414960629922
21
0.9545588188976378
0
LINE
8
BLACK
6
CONTINUOUS
10
2.1167414960629922
20
0.9545588188976378
11
2.1207877165354332
21
0.9527722440944881
0
LINE
8
BLACK
6
CONTINUOUS
10
2.1207877165354332
20
0.9527722440944881
11
2.1217769291338584
21
0.9526574803149606
0
LINE
8
BLACK
6
CONTINUOUS
10
2.1217769291338584
20
0.9526574803149606
11
2.185309566929134
21
0.9526575196850393
0
LINE
8
BLACK
6
CONTINUOUS
10
2.185309566929134
20
0.9526575196850393
11
2.1853101574803149
21
0.9526575984251968
0
LINE
8
BLACK
6
CONTINUOUS
10
2.1853101574803149
20
0.9526575984251968
11
2.1853102755905511
21
0.9526575984251968
0
LINE
8
BLACK
6
CONTINUOUS
10
2.1853102755905511
20
0.9526575984251968
11
2.186298661417323
21
0.9527722047244094
0
LINE
8
BLACK
6
CONTINUOUS
10
2.186298661417323
20
0.9527722047244094
11
2.1862987007874017
21
0.9527722440944881
0
LINE
8
BLACK
6
CONTINUOUS
10
2.1862987007874017
20
0.9527722440944881
11
2.1862988188976376
21
0.9527722440944881
0
LINE
8
BLACK
6
CONTINUOUS
10
2.1862988188976376
20
0.9527722440944881
11
2.1903450393700785
21
0.9545588188976378
0
LINE
8
BLACK
6
CONTINUOUS
10
2.1903450393700785
20
0.9545588188976378
11
2.1934726377952756
21
0.9576864173228347
0
LINE
8
BLACK
6
CONTINUOUS
10
2.1934726377952756
20
0.9576864173228347
11
2.1952592125984252
21
0.9617326377952755
0
LINE
8
BLACK
6
CONTINUOUS
10
2.1952592125984252
20
0.9617326377952755
11
2.1953739763779527
21
0.9627218503937007
0
LINE
8
BLACK
6
CONTINUOUS
10
2.1953739763779527
20
0.9627218503937007
11
2.195373937007874
21
0.9805853937007873
0
LINE
8
BLACK
6
CONTINUOUS
10
2.195373937007874
20
0.9805853937007873
11
2.195373937007874
21
0.995259251968504
0
LINE
8
BLACK
6
CONTINUOUS
10
2.195373937007874
20
0.995259251968504
11
2.195373937007874
21
1.0262542125984251
0
LINE
8
BLACK
6
CONTINUOUS
10
2.195373937007874
20
1.0262542125984251
11
2.195373937007874
21
1.0262544881889764
0
LINE
8
BLACK
6
CONTINUOUS
10
2.195373937007874
20
1.0262544881889764
11
2.1953738582677165
21
1.0262552362204724
0
LINE
8
BLACK
6
CONTINUOUS
10
2.1953738582677165
20
1.0262552362204724
11
2.1952592519685039
21
1.0272436220472441
0
LINE
8
BLACK
6
CONTINUOUS
10
2.1952592519685039
20
1.0272436220472441
11
2.1952592125984252
21
1.0272437007874016
0
LINE
8
BLACK
6
CONTINUOUS
10
2.1952592125984252
20
1.0272437007874016
11
2.1952592125984252
21
1.0272437401574803
0
LINE
8
BLACK
6
CONTINUOUS
10
2.1952592125984252
20
1.0272437401574803
11
2.1934726377952756
21
1.0312899606299213
0
LINE
8
BLACK
6
CONTINUOUS
10
2.1934726377952756
20
1.0312899606299213
11
2.1903450393700785
21
1.0344175590551181
0
LINE
8
BLACK
6
CONTINUOUS
10
2.1903450393700785
20
1.0344175590551181
11
2.190344960629921
21
1.0344175984251969
0
LINE
8
BLACK
6
CONTINUOUS
10
2.190344960629921
20
1.0344175984251969
11
2.1862988582677163
21
1.0362041338582677
0
LINE
8
BLACK
6
CONTINUOUS
10
2.1862988582677163
20
1.0362041338582677
11
2.1853096062992123
21
1.0363188976377953
0
LINE
8
BLACK
6
CONTINUOUS
10
2.1853096062992123
20
1.0363188976377953
11
2.121777244094488
21
1.0363188976377953
0
LINE
8
BLACK
6
CONTINUOUS
10
2.121777244094488
20
1.0363188976377953
11
2.1217762204724409
21
1.0363188188976378
0
LINE
8
BLACK
6
CONTINUOUS
10
2.1217762204724409
20
1.0363188188976378
11
2.1207878346456694
21
1.0362042125984252
0
LINE
8
BLACK
6
CONTINUOUS
10
2.1207878346456694
20
1.0362042125984252
11
2.1207876771653544
21
1.0362041338582677
0
LINE
8
BLACK
6
CONTINUOUS
10
2.1207876771653544
20
1.0362041338582677
11
2.1167414960629922
21
1.0344175984251969
0
LINE
8
BLACK
6
CONTINUOUS
10
2.1167414960629922
20
1.0344175984251969
11
2.1136138976377952
21
1.03129
0
LINE
8
BLACK
6
CONTINUOUS
10
2.1136138976377952
20
1.03129
11
2.1118273228346456
21
1.0272438582677166
0
LINE
8
BLACK
6
CONTINUOUS
10
2.1118273228346456
20
1.0272438582677166
11
2.1118273228346456
21
1.0272437795275591
0
LINE
8
BLACK
6
CONTINUOUS
10
2.1118273228346456
20
1.0272437795275591
11
2.111712559055118
21
1.0262546850393701
0
LINE
8
BLACK
6
CONTINUOUS
10
2.111712559055118
20
1.0262546850393701
11
2.111712559055118
21
0.9627222047244094
0
LINE
8
BLACK
6
CONTINUOUS
10
0.6567161023622047
20
2.0441799606299211
11
0.6499355511811024
21
2.0419768897637796
0
LINE
8
BLACK
6
CONTINUOUS
10
0.6499355511811024
20
2.0419768897637796
11
0.6499354330708661
21
2.0419768503937008
0
LINE
8
BLACK
6
CONTINUOUS
10
0.6499354330708661
20
2.0419768503937008
11
0.6435827559055118
21
2.0387399212598423
0
LINE
8
BLACK
6
CONTINUOUS
10
0.6435827559055118
20
2.0387399212598423
11
0.6378151574803149
21
2.034549566929134
0
LINE
8
BLACK
6
CONTINUOUS
10
0.6378151574803149
20
2.034549566929134
11
0.6378149606299213
21
2.034549409448819
0
LINE
8
BLACK
6
CONTINUOUS
10
0.6378149606299213
20
2.034549409448819
11
0.6327734251968504
21
2.0295078740157479
0
LINE
8
BLACK
6
CONTINUOUS
10
0.6327734251968504
20
2.0295078740157479
11
0.6327732677165354
21
2.0295076771653542
0
LINE
8
BLACK
6
CONTINUOUS
10
0.6327732677165354
20
2.0295076771653542
11
0.6285829133858267
21
2.0237400787401576
0
LINE
8
BLACK
6
CONTINUOUS
10
0.6285829133858267
20
2.0237400787401576
11
0.6253459842519685
21
2.017387401574803
0
LINE
8
BLACK
6
CONTINUOUS
10
0.6253459842519685
20
2.017387401574803
11
0.6253459448818898
21
2.0173872834645667
0
LINE
8
BLACK
6
CONTINUOUS
10
0.6253459448818898
20
2.0173872834645667
11
0.623142874015748
21
2.0106067322834646
0
LINE
8
BLACK
6
CONTINUOUS
10
0.623142874015748
20
2.0106067322834646
11
0.6220275590551181
21
2.0035650393700788
0
LINE
8
BLACK
6
CONTINUOUS
10
0.6220275590551181
20
2.0035650393700788
11
0.6220275590551181
21
1.996435
0
LINE
8
BLACK
6
CONTINUOUS
10
0.6220275590551181
20
1.996435
11
0.623142874015748
21
1.9893933070866141
0
LINE
8
BLACK
6
CONTINUOUS
10
0.623142874015748
20
1.9893933070866141
11
0.6253459448818898
21
1.9826127559055118
0
LINE
8
BLACK
6
CONTINUOUS
10
0.6253459448818898
20
1.9826127559055118
11
0.6253459842519685
21
1.9826126377952755
0
LINE
8
BLACK
6
CONTINUOUS
10
0.6253459842519685
20
1.9826126377952755
11
0.6285829133858267
21
1.9762599606299212
0
LINE
8
BLACK
6
CONTINUOUS
10
0.6285829133858267
20
1.9762599606299212
11
0.6327732677165354
21
1.9704923622047243
0
LINE
8
BLACK
6
CONTINUOUS
10
0.6327732677165354
20
1.9704923622047243
11
0.6327734251968504
21
1.9704921653543306
0
LINE
8
BLACK
6
CONTINUOUS
10
0.6327734251968504
20
1.9704921653543306
11
0.6378149606299213
21
1.9654506299212597
0
LINE
8
BLACK
6
CONTINUOUS
10
0.6378149606299213
20
1.9654506299212597
11
0.6378151574803149
21
1.9654504724409447
0
LINE
8
BLACK
6
CONTINUOUS
10
0.6378151574803149
20
1.9654504724409447
11
0.639089094488189
21
1.9645249212598426
0
LINE
8
BLACK
6
CONTINUOUS
10
0.639089094488189
20
1.9645249212598426
11
0.6435829133858267
21
1.96126
0
LINE
8
BLACK
6
CONTINUOUS
10
0.6435829133858267
20
1.96126
11
0.6477355905511811
21
1.9591440944881888
0
LINE
8
BLACK
6
CONTINUOUS
10
0.6477355905511811
20
1.9591440944881888
11
0.6499354330708661
21
1.9580231889763779
0
LINE
8
BLACK
6
CONTINUOUS
10
0.6499354330708661
20
1.9580231889763779
11
0.6499355511811024
21
1.9580231496062992
0
LINE
8
BLACK
6
CONTINUOUS
10
0.6499355511811024
20
1.9580231496062992
11
0.6533258267716535
21
1.9569216141732284
0
LINE
8
BLACK
6
CONTINUOUS
10
0.6533258267716535
20
1.9569216141732284
11
0.6567161811023622
21
1.9558200393700786
0
LINE
8
BLACK
6
CONTINUOUS
10
0.6567161811023622
20
1.9558200393700786
11
0.6599775196850394
21
1.9553035039370079
0
LINE
8
BLACK
6
CONTINUOUS
10
0.6599775196850394
20
1.9553035039370079
11
0.6637578346456693
21
1.9547047244094489
0
LINE
8
BLACK
6
CONTINUOUS
10
0.6637578346456693
20
1.9547047244094489
11
0.689333937007874
21
1.9547047244094489
0
LINE
8
BLACK
6
CONTINUOUS
10
0.689333937007874
20
1.9547047244094489
11
0.6919732677165354
21
1.9539297244094487
0
LINE
8
BLACK
6
CONTINUOUS
10
0.6919732677165354
20
1.9539297244094487
11
0.6937746456692914
21
1.9518508267716534
0
LINE
8
BLACK
6
CONTINUOUS
10
0.6937746456692914
20
1.9518508267716534
11
0.6941661417322834
21
1.9491280708661416
0
LINE
8
BLACK
6
CONTINUOUS
10
0.6941661417322834
20
1.9491280708661416
11
0.6935617716535433
21
1.9473818897637796
0
LINE
8
BLACK
6
CONTINUOUS
10
0.6935617716535433
20
1.9473818897637796
11
0.690567874015748
21
1.9421962992125983
0
LINE
8
BLACK
6
CONTINUOUS
10
0.690567874015748
20
1.9421962992125983
11
0.6905678346456693
21
1.9421961811023623
0
LINE
8
BLACK
6
CONTINUOUS
10
0.6905678346456693
20
1.9421961811023623
11
0.6889566929133858
21
1.9361833070866141
0
LINE
8
BLACK
6
CONTINUOUS
10
0.6889566929133858
20
1.9361833070866141
11
0.6889566929133858
21
1.9299583858267717
0
LINE
8
BLACK
6
CONTINUOUS
10
0.6889566929133858
20
1.9299583858267717
11
0.6905678346456693
21
1.9239455118110236
0
LINE
8
BLACK
6
CONTINUOUS
10
0.6905678346456693
20
1.9239455118110236
11
0.6905679527559055
21
1.9239452362204723
0
LINE
8
BLACK
6
CONTINUOUS
10
0.6905679527559055
20
1.9239452362204723
11
0.6936801181102362
21
1.9185547244094487
0
LINE
8
BLACK
6
CONTINUOUS
10
0.6936801181102362
20
1.9185547244094487
11
0.6936802755905511
21
1.918554527559055
0
LINE
8
BLACK
6
CONTINUOUS
10
0.6936802755905511
20
1.918554527559055
11
0.6936803149606299
21
1.9185544488188977
0
LINE
8
BLACK
6
CONTINUOUS
10
0.6936803149606299
20
1.9185544488188977
11
0.6980820472440945
21
1.9141527165354331
0
LINE
8
BLACK
6
CONTINUOUS
10
0.6980820472440945
20
1.9141527165354331
11
0.6980821259842519
21
1.9141526771653543
0
LINE
8
BLACK
6
CONTINUOUS
10
0.6980821259842519
20
1.9141526771653543
11
0.6980822834645669
21
1.9141525590551181
0
LINE
8
BLACK
6
CONTINUOUS
10
0.6980822834645669
20
1.9141525590551181
11
0.7034727952755906
21
1.9110403937007874
0
LINE
8
BLACK
6
CONTINUOUS
10
0.7034727952755906
20
1.9110403937007874
11
0.7034730708661417
21
1.9110402362204724
0
LINE
8
BLACK
6
CONTINUOUS
10
0.7034730708661417
20
1.9110402362204724
11
0.7094859448818898
21
1.9094290944881889
0
LINE
8
BLACK
6
CONTINUOUS
10
0.7094859448818898
20
1.9094290944881889
11
0.7094860236220473
21
1.9094290944881889
0
LINE
8
BLACK
6
CONTINUOUS
10
0.7094860236220473
20
1.9094290944881889
11
0.7157108267716535
21
1.9094290944881889
0
LINE
8
BLACK
6
CONTINUOUS
10
0.7157108267716535
20
1.9094290944881889
11
0.715710905511811
21
1.9094290944881889
0
LINE
8
BLACK
6
CONTINUOUS
10
0.715710905511811
20
1.9094290944881889
11
0.7217237795275591
21
1.9110402362204724
0
LINE
8
BLACK
6
CONTINUOUS
10
0.7217237795275591
20
1.9110402362204724
11
0.7271148031496063
21
1.9141527165354331
0
LINE
8
BLACK
6
CONTINUOUS
10
0.7271148031496063
20
1.9141527165354331
11
0.7315165354330708
21
1.9185544488188977
0
LINE
8
BLACK
6
CONTINUOUS
10
0.7315165354330708
20
1.9185544488188977
11
0.7346290157480315
21
1.9239454724409448
0
LINE
8
BLACK
6
CONTINUOUS
10
0.7346290157480315
20
1.9239454724409448
11
0.7350723622047244
21
1.9256001181102362
0
LINE
8
BLACK
6
CONTINUOUS
10
0.7350723622047244
20
1.9256001181102362
11
0.7363357874015748
21
1.9277885039370077
0
LINE
8
BLACK
6
CONTINUOUS
10
0.7363357874015748
20
1.9277885039370077
11
0.7598930708661417
21
1.9513457086614172
0
LINE
8
BLACK
6
CONTINUOUS
10
0.7598930708661417
20
1.9513457086614172
11
0.7623073622047244
21
1.9526640157480315
0
LINE
8
BLACK
6
CONTINUOUS
10
0.7623073622047244
20
1.9526640157480315
11
0.7633450787401574
21
1.952775590551181
0
LINE
8
BLACK
6
CONTINUOUS
10
0.7633450787401574
20
1.952775590551181
11
0.9059462598425196
21
1.952775590551181
0
LINE
8
BLACK
6
CONTINUOUS
10
0.9059462598425196
20
1.952775590551181
11
0.908585590551181
21
1.952000590551181
0
LINE
8
BLACK
6
CONTINUOUS
10
0.908585590551181
20
1.952000590551181
11
0.9093982677165354
21
1.9513457086614172
0
LINE
8
BLACK
6
CONTINUOUS
10
0.9093982677165354
20
1.9513457086614172
11
1.0442277952755905
21
1.8165161811023622
0
LINE
8
BLACK
6
CONTINUOUS
10
1.0442277952755905
20
1.8165161811023622
11
1.0447888188976377
21
1.816192283464567
0
LINE
8
BLACK
6
CONTINUOUS
10
1.0447888188976377
20
1.816192283464567
11
1.044788779527559
21
1.816192283464567
0
LINE
8
BLACK
6
CONTINUOUS
10
1.044788779527559
20
1.816192283464567
11
1.0447888976377953
21
1.8161922440944882
0
LINE
8
BLACK
6
CONTINUOUS
10
1.0447888976377953
20
1.8161922440944882
11
1.048271968503937
21
1.8141812598425195
0
LINE
8
BLACK
6
CONTINUOUS
10
1.048271968503937
20
1.8141812598425195
11
1.0482720078740158
21
1.814181220472441
0
LINE
8
BLACK
6
CONTINUOUS
10
1.0482720078740158
20
1.814181220472441
11
1.0482720866141733
21
1.814181220472441
0
LINE
8
BLACK
6
CONTINUOUS
10
1.0482720866141733
20
1.814181220472441
11
1.0482722047244095
21
1.8141811417322835
0
LINE
8
BLACK
6
CONTINUOUS
10
1.0482722047244095
20
1.8141811417322835
11
1.0527831102362204
21
1.8129724409448817
0
LINE
8
BLACK
6
CONTINUOUS
10
1.0527831102362204
20
1.8129724409448817
11
1.1746960629921259
21
1.8129724409448817
0
LINE
8
BLACK
6
CONTINUOUS
10
1.1746960629921259
20
1.8129724409448817
11
1.1765824803149607
21
1.8140615748031497
0
LINE
8
BLACK
6
CONTINUOUS
10
1.1765824803149607
20
1.8140615748031497
11
1.1795607086614173
21
1.8148595669291339
0
LINE
8
BLACK
6
CONTINUOUS
10
1.1795607086614173
20
1.8148595669291339
11
1.1826440157480316
21
1.8148595669291339
0
LINE
8
BLACK
6
CONTINUOUS
10
1.1826440157480316
20
1.8148595669291339
11
1.1856222440944881
21
1.8140615748031497
0
LINE
8
BLACK
6
CONTINUOUS
10
1.1856222440944881
20
1.8140615748031497
11
1.1875086614173227
21
1.8129724409448817
0
LINE
8
BLACK
6
CONTINUOUS
10
1.1875086614173227
20
1.8129724409448817
11
1.5561220472440944
21
1.8129724409448817
0
LINE
8
BLACK
6
CONTINUOUS
10
1.5561220472440944
20
1.8129724409448817
11
1.5587613779527558
21
1.8121974409448818
0
LINE
8
BLACK
6
CONTINUOUS
10
1.5587613779527558
20
1.8121974409448818
11
1.5605627559055117
21
1.8101185433070865
0
LINE
8
BLACK
6
CONTINUOUS
10
1.5605627559055117
20
1.8101185433070865
11
1.5610039370078739
21
1.8080905511811023
0
LINE
8
BLACK
6
CONTINUOUS
10
1.5610039370078739
20
1.8080905511811023
11
1.5610039370078739
21
1.5501771653543306
0
LINE
8
BLACK
6
CONTINUOUS
10
1.5610039370078739
20
1.5501771653543306
11
1.5602289370078739
21
1.5475378346456692
0
LINE
8
BLACK
6
CONTINUOUS
10
1.5602289370078739
20
1.5475378346456692
11
1.5581500393700787
21
1.5457364566929133
0
LINE
8
BLACK
6
CONTINUOUS
10
1.5581500393700787
20
1.5457364566929133
11
1.5561220472440944
21
1.5452952755905511
0
LINE
8
BLACK
6
CONTINUOUS
10
1.5561220472440944
20
1.5452952755905511
11
1.5379023622047243
21
1.5452952755905511
0
LINE
8
BLACK
6
CONTINUOUS
10
1.5379023622047243
20
1.5452952755905511
11
1.5360159448818897
21
1.5442061417322834
0
LINE
8
BLACK
6
CONTINUOUS
10
1.5360159448818897
20
1.5442061417322834
11
1.533037716535433
21
1.5434081496062992
0
LINE
8
BLACK
6
CONTINUOUS
10
1.533037716535433
20
1.5434081496062992
11
1.5299544094488189
21
1.5434081496062992
0
LINE
8
BLACK
6
CONTINUOUS
10
1.5299544094488189
20
1.5434081496062992
11
1.5269761811023621
21
1.5442061417322834
0
LINE
8
BLACK
6
CONTINUOUS
10
1.5269761811023621
20
1.5442061417322834
11
1.5250897637795275
21
1.5452952755905511
0
LINE
8
BLACK
6
CONTINUOUS
10
1.5250897637795275
20
1.5452952755905511
11
1.4149878346456692
21
1.5452952755905511
0
LINE
8
BLACK
6
CONTINUOUS
10
1.4149878346456692
20
1.5452952755905511
11
1.4114301181102362
21
1.5443420078740158
0
LINE
8
BLACK
6
CONTINUOUS
10
1.4114301181102362
20
1.5443420078740158
11
1.4114300787401575
21
1.5443420472440945
0
LINE
8
BLACK
6
CONTINUOUS
10
1.4114300787401575
20
1.5443420472440945
11
1.4104769685039369
21
1.5440866141732283
0
LINE
8
BLACK
6
CONTINUOUS
10
1.4104769685039369
20
1.5440866141732283
11
1.4104766141732283
21
1.5440864566929133
0
LINE
8
BLACK
6
CONTINUOUS
10
1.4104766141732283
20
1.5440864566929133
11
1.4064327559055119
21
1.5417517716535434
0
LINE
8
BLACK
6
CONTINUOUS
10
1.4064327559055119
20
1.5417517716535434
11
1.4064324409448818
21
1.5417515354330709
0
LINE
8
BLACK
6
CONTINUOUS
10
1.4064324409448818
20
1.5417515354330709
11
1.2850201968503936
21
1.4203392519685039
0
LINE
8
BLACK
6
CONTINUOUS
10
1.2850201968503936
20
1.4203392519685039
11
1.2850200393700788
21
1.4203390157480316
0
LINE
8
BLACK
6
CONTINUOUS
10
1.2850200393700788
20
1.4203390157480316
11
1.2826850787401574
21
1.4162948031496063
0
LINE
8
BLACK
6
CONTINUOUS
10
1.2826850787401574
20
1.4162948031496063
11
1.2826850393700786
21
1.4162946062992126
0
LINE
8
BLACK
6
CONTINUOUS
10
1.2826850393700786
20
1.4162946062992126
11
1.2814763779527558
21
1.4117838188976377
0
LINE
8
BLACK
6
CONTINUOUS
10
1.2814763779527558
20
1.4117838188976377
11
1.2814763779527558
21
1.3405550393700787
0
LINE
8
BLACK
6
CONTINUOUS
10
1.2814763779527558
20
1.3405550393700787
11
1.2807013779527558
21
1.3379157086614173
0
LINE
8
BLACK
6
CONTINUOUS
10
1.2807013779527558
20
1.3379157086614173
11
1.280046496062992
21
1.337103031496063
0
LINE
8
BLACK
6
CONTINUOUS
10
1.280046496062992
20
1.337103031496063
11
1.2763575196850394
21
1.3334140944881889
0
LINE
8
BLACK
6
CONTINUOUS
10
1.2763575196850394
20
1.3334140944881889
11
1.2763572834645669
21
1.3334137795275591
0
LINE
8
BLACK
6
CONTINUOUS
10
1.2763572834645669
20
1.3334137795275591
11
1.2732451181102362
21
1.3280232677165353
0
LINE
8
BLACK
6
CONTINUOUS
10
1.2732451181102362
20
1.3280232677165353
11
1.273245
21
1.3280229921259843
0
LINE
8
BLACK
6
CONTINUOUS
10
1.273245
20
1.3280229921259843
11
1.2716338582677165
21
1.3220101181102362
0
LINE
8
BLACK
6
CONTINUOUS
10
1.2716338582677165
20
1.3220101181102362
11
1.2716338582677165
21
1.315785157480315
0
LINE
8
BLACK
6
CONTINUOUS
10
1.2716338582677165
20
1.315785157480315
11
1.2729708267716535
21
1.310795590551181
0
LINE
8
BLACK
6
CONTINUOUS
10
1.2729708267716535
20
1.310795590551181
11
1.273245
21
1.3097723228346456
0
LINE
8
BLACK
6
CONTINUOUS
10
1.273245
20
1.3097723228346456
11
1.2732451181102362
21
1.3097720472440944
0
LINE
8
BLACK
6
CONTINUOUS
10
1.2732451181102362
20
1.3097720472440944
11
1.2763572834645669
21
1.3043815354330708
0
LINE
8
BLACK
6
CONTINUOUS
10
1.2763572834645669
20
1.3043815354330708
11
1.2763574409448819
21
1.3043813385826772
0
LINE
8
BLACK
6
CONTINUOUS
10
1.2763574409448819
20
1.3043813385826772
11
1.2763574803149607
21
1.3043812598425197
0
LINE
8
BLACK
6
CONTINUOUS
10
1.2763574803149607
20
1.3043812598425197
11
1.2807592125984251
21
1.2999795275590551
0
LINE
8
BLACK
6
CONTINUOUS
10
1.2807592125984251
20
1.2999795275590551
11
1.2807592913385826
21
1.2999794881889764
0
LINE
8
BLACK
6
CONTINUOUS
10
1.2807592913385826
20
1.2999794881889764
11
1.2807594488188976
21
1.2999793700787401
0
LINE
8
BLACK
6
CONTINUOUS
10
1.2807594488188976
20
1.2999793700787401
11
1.2861499606299212
21
1.2968672047244094
0
LINE
8
BLACK
6
CONTINUOUS
10
1.2861499606299212
20
1.2968672047244094
11
1.2861502362204724
21
1.2968670472440944
0
LINE
8
BLACK
6
CONTINUOUS
10
1.2861502362204724
20
1.2968670472440944
11
1.2921631102362205
21
1.2952559055118109
0
LINE
8
BLACK
6
CONTINUOUS
10
1.2921631102362205
20
1.2952559055118109
11
1.2921631889763778
21
1.2952559055118109
0
LINE
8
BLACK
6
CONTINUOUS
10
1.2921631889763778
20
1.2952559055118109
11
1.2983879921259842
21
1.2952559055118109
0
LINE
8
BLACK
6
CONTINUOUS
10
1.2983879921259842
20
1.2952559055118109
11
1.2983880708661417
21
1.2952559055118109
0
LINE
8
BLACK
6
CONTINUOUS
10
1.2983880708661417
20
1.2952559055118109
11
1.3044009448818896
21
1.2968670472440944
0
LINE
8
BLACK
6
CONTINUOUS
10
1.3044009448818896
20
1.2968670472440944
11
1.309791968503937
21
1.2999795275590551
0
LINE
8
BLACK
6
CONTINUOUS
10
1.309791968503937
20
1.2999795275590551
11
1.3141937007874016
21
1.3043812598425197
0
LINE
8
BLACK
6
CONTINUOUS
10
1.3141937007874016
20
1.3043812598425197
11
1.3173061811023621
21
1.3097722834645669
0
LINE
8
BLACK
6
CONTINUOUS
10
1.3173061811023621
20
1.3097722834645669
11
1.3189173228346456
21
1.315785157480315
0
LINE
8
BLACK
6
CONTINUOUS
10
1.3189173228346456
20
1.315785157480315
11
1.3189173228346456
21
1.3220101181102362
0
LINE
8
BLACK
6
CONTINUOUS
10
1.3189173228346456
20
1.3220101181102362
11
1.3173061811023621
21
1.3280229921259843
0
LINE
8
BLACK
6
CONTINUOUS
10
1.3173061811023621
20
1.3280229921259843
11
1.3173061417322833
21
1.3280230708661418
0
LINE
8
BLACK
6
CONTINUOUS
10
1.3173061417322833
20
1.3280230708661418
11
1.3172233464566929
21
1.3283320866141732
0
LINE
8
BLACK
6
CONTINUOUS
10
1.3172233464566929
20
1.3283320866141732
11
1.3172505905511811
21
1.3283394094488188
0
LINE
8
BLACK
6
CONTINUOUS
10
1.3172505905511811
20
1.3283394094488188
11
1.3169488188976377
21
1.329856811023622
0
LINE
8
BLACK
6
CONTINUOUS
10
1.3169488188976377
20
1.329856811023622
11
1.3169488188976377
21
1.4000801181102362
0
LINE
8
BLACK
6
CONTINUOUS
10
1.3169488188976377
20
1.4000801181102362
11
1.3177238188976377
21
1.4027194488188977
0
LINE
8
BLACK
6
CONTINUOUS
10
1.3177238188976377
20
1.4027194488188977
11
1.3183787007874015
21
1.4035321259842519
0
LINE
8
BLACK
6
CONTINUOUS
10
1.3183787007874015
20
1.4035321259842519
11
1.4232395669291338
21
1.5083929527559055
0
LINE
8
BLACK
6
CONTINUOUS
10
1.4232395669291338
20
1.5083929527559055
11
1.4256538582677165
21
1.5097112598425197
0
LINE
8
BLACK
6
CONTINUOUS
10
1.4256538582677165
20
1.5097112598425197
11
1.4266915748031497
21
1.5098228346456692
0
LINE
8
BLACK
6
CONTINUOUS
10
1.4266915748031497
20
1.5098228346456692
11
1.5764051574803148
21
1.5098228346456692
0
LINE
8
BLACK
6
CONTINUOUS
10
1.5764051574803148
20
1.5098228346456692
11
1.6874816929133858
21
1.5098228346456692
0
LINE
8
BLACK
6
CONTINUOUS
10
1.6874816929133858
20
1.5098228346456692
11
1.6901210236220472
21
1.5090478346456693
0
LINE
8
BLACK
6
CONTINUOUS
10
1.6901210236220472
20
1.5090478346456693
11
1.6909337007874015
21
1.5083929527559055
0
LINE
8
BLACK
6
CONTINUOUS
10
1.6909337007874015
20
1.5083929527559055
11
1.8784716929133858
21
1.3208549606299211
0
LINE
8
BLACK
6
CONTINUOUS
10
1.8784716929133858
20
1.3208549606299211
11
1.8797899999999998
21
1.3184406692913386
0
LINE
8
BLACK
6
CONTINUOUS
10
1.8797899999999998
20
1.3184406692913386
11
1.8799015748031496
21
1.3174029527559055
0
LINE
8
BLACK
6
CONTINUOUS
10
1.8799015748031496
20
1.3174029527559055
11
1.8799015748031496
21
1.1984524409448818
0
LINE
8
BLACK
6
CONTINUOUS
10
1.8799015748031496
20
1.1984524409448818
11
1.8808548031496062
21
1.1948948031496063
0
LINE
8
BLACK
6
CONTINUOUS
10
1.8808548031496062
20
1.1948948031496063
11
1.8811102362204724
21
1.1939415354330709
0
LINE
8
BLACK
6
CONTINUOUS
10
1.8811102362204724
20
1.1939415354330709
11
1.8811102362204724
21
1.1939414960629922
0
LINE
8
BLACK
6
CONTINUOUS
10
1.8811102362204724
20
1.1939414960629922
11
1.8820971259842518
21
1.1922321653543306
0
LINE
8
BLACK
6
CONTINUOUS
10
1.8820971259842518
20
1.1922321653543306
11
1.8834453149606298
21
1.1898970866141731
0
LINE
8
BLACK
6
CONTINUOUS
10
1.8834453149606298
20
1.1898970866141731
11
1.9930466929133859
21
1.0802956692913386
0
LINE
8
BLACK
6
CONTINUOUS
10
1.9930466929133859
20
1.0802956692913386
11
1.9930467322834646
21
1.0802956299212598
0
LINE
8
BLACK
6
CONTINUOUS
10
1.9930467322834646
20
1.0802956299212598
11
1.9930468110236219
21
1.0802955905511811
0
LINE
8
BLACK
6
CONTINUOUS
10
1.9930468110236219
20
1.0802955905511811
11
1.9967637401574803
21
1.0781496850393701
0
LINE
8
BLACK
6
CONTINUOUS
10
1.9967637401574803
20
1.0781496850393701
11
1.9967638188976378
21
1.0781496062992126
0
LINE
8
BLACK
6
CONTINUOUS
10
1.9967638188976378
20
1.0781496062992126
11
1.9967638582677165
21
1.0781496062992126
0
LINE
8
BLACK
6
CONTINUOUS
10
1.9967638582677165
20
1.0781496062992126
11
1.9970911023622047
21
1.0779606692913386
0
LINE
8
BLACK
6
CONTINUOUS
10
1.9970911023622047
20
1.0779606692913386
11
2.0016020078740158
21
1.0767519685039371
0
LINE
8
BLACK
6
CONTINUOUS
10
2.0016020078740158
20
1.0767519685039371
11
2.0068306692913387
21
1.0767519685039371
0
LINE
8
BLACK
6
CONTINUOUS
10
2.0068306692913387
20
1.0767519685039371
11
2.0094699999999999
21
1.0759769685039371
0
LINE
8
BLACK
6
CONTINUOUS
10
2.0094699999999999
20
1.0759769685039371
11
2.011271377952756
21
1.0738980708661416
0
LINE
8
BLACK
6
CONTINUOUS
10
2.011271377952756
20
1.0738980708661416
11
2.0117125590551179
21
1.0718700787401574
0
LINE
8
BLACK
6
CONTINUOUS
10
2.0117125590551179
20
1.0718700787401574
11
2.0117125590551179
21
1.0627222047244094
0
LINE
8
BLACK
6
CONTINUOUS
10
2.0117125590551179
20
1.0627222047244094
11
2.0117125984251967
21
1.0627211811023622
0
LINE
8
BLACK
6
CONTINUOUS
10
2.0117125984251967
20
1.0627211811023622
11
2.0118272047244092
21
1.0617327952755906
0
LINE
8
BLACK
6
CONTINUOUS
10
2.0118272047244092
20
1.0617327952755906
11
2.0118272834645667
21
1.0617326377952756
0
LINE
8
BLACK
6
CONTINUOUS
10
2.0118272834645667
20
1.0617326377952756
11
2.0136138188976376
21
1.0576864566929134
0
LINE
8
BLACK
6
CONTINUOUS
10
2.0136138188976376
20
1.0576864566929134
11
2.0136138582677163
21
1.0576864173228346
0
LINE
8
BLACK
6
CONTINUOUS
10
2.0136138582677163
20
1.0576864173228346
11
2.0167414566929134
21
1.0545588188976378
0
LINE
8
BLACK
6
CONTINUOUS
10
2.0167414566929134
20
1.0545588188976378
11
2.0207876771653543
21
1.0527722440944882
0
LINE
8
BLACK
6
CONTINUOUS
10
2.0207876771653543
20
1.0527722440944882
11
2.0217768897637796
21
1.0526574803149606
0
LINE
8
BLACK
6
CONTINUOUS
10
2.0217768897637796
20
1.0526574803149606
11
2.0853095275590552
21
1.0526575196850394
0
LINE
8
BLACK
6
CONTINUOUS
10
2.0853095275590552
20
1.0526575196850394
11
2.085310118110236
21
1.0526575984251969
0
LINE
8
BLACK
6
CONTINUOUS
10
2.085310118110236
20
1.0526575984251969
11
2.0853102362204723
21
1.0526575984251969
0
LINE
8
BLACK
6
CONTINUOUS
10
2.0853102362204723
20
1.0526575984251969
11
2.0862986220472441
21
1.0527722047244095
0
LINE
8
BLACK
6
CONTINUOUS
10
2.0862986220472441
20
1.0527722047244095
11
2.0862986614173229
21
1.0527722440944882
0
LINE
8
BLACK
6
CONTINUOUS
10
2.0862986614173229
20
1.0527722440944882
11
2.0862987795275592
21
1.0527722440944882
0
LINE
8
BLACK
6
CONTINUOUS
10
2.0862987795275592
20
1.0527722440944882
11
2.0903450000000001
21
1.0545588188976378
0
LINE
8
BLACK
6
CONTINUOUS
10
2.0903450000000001
20
1.0545588188976378
11
2.0934725984251967
21
1.0576864173228346
0
LINE
8
BLACK
6
CONTINUOUS
10
2.0934725984251967
20
1.0576864173228346
11
2.0952591732283463
21
1.0617326377952756
0
LINE
8
BLACK
6
CONTINUOUS
10
2.0952591732283463
20
1.0617326377952756
11
2.0953739370078739
21
1.0627218503937008
0
LINE
8
BLACK
6
CONTINUOUS
10
2.0953739370078739
20
1.0627218503937008
11
2.0953739370078739
21
1.0718700787401574
0
LINE
8
BLACK
6
CONTINUOUS
10
2.0953739370078739
20
1.0718700787401574
11
2.0954743307086612
21
1.0722120472440944
0
LINE
8
BLACK
6
CONTINUOUS
10
2.0954743307086612
20
1.0722120472440944
11
2.0954236220472442
21
1.072564842519685
0
LINE
8
BLACK
6
CONTINUOUS
10
2.0954236220472442
20
1.072564842519685
11
2.0958558267716536
21
1.0735113385826771
0
LINE
8
BLACK
6
CONTINUOUS
10
2.0958558267716536
20
1.0735113385826771
11
2.0961489370078739
21
1.0745094094488188
0
LINE
8
BLACK
6
CONTINUOUS
10
2.0961489370078739
20
1.0745094094488188
11
2.0964182283464567
21
1.0747427952755906
0
LINE
8
BLACK
6
CONTINUOUS
10
2.0964182283464567
20
1.0747427952755906
11
2.0965663385826772
21
1.0750670472440944
0
LINE
8
BLACK
6
CONTINUOUS
10
2.0965663385826772
20
1.0750670472440944
11
2.0974416929133857
21
1.0756296456692913
0
LINE
8
BLACK
6
CONTINUOUS
10
2.0974416929133857
20
1.0756296456692913
11
2.0982278346456691
21
1.0763107874015747
0
LINE
8
BLACK
6
CONTINUOUS
10
2.0982278346456691
20
1.0763107874015747
11
2.098641771653543
21
1.0764008661417324
0
LINE
8
BLACK
6
CONTINUOUS
10
2.098641771653543
20
1.0764008661417324
11
2.0988804330708661
21
1.0765542125984251
0
LINE
8
BLACK
6
CONTINUOUS
10
2.0988804330708661
20
1.0765542125984251
11
2.1002558267716536
21
1.0767519685039371
0
LINE
8
BLACK
6
CONTINUOUS
10
2.1002558267716536
20
1.0767519685039371
11
2.1068307480314958
21
1.0767519685039371
0
LINE
8
BLACK
6
CONTINUOUS
10
2.1068307480314958
20
1.0767519685039371
11
2.1094700787401575
21
1.0759769685039371
0
LINE
8
BLACK
6
CONTINUOUS
10
2.1094700787401575
20
1.0759769685039371
11
2.1112714566929132
21
1.0738980708661416
0
LINE
8
BLACK
6
CONTINUOUS
10
2.1112714566929132
20
1.0738980708661416
11
2.1117126377952755
21
1.0718700787401574
0
LINE
8
BLACK
6
CONTINUOUS
10
2.1117126377952755
20
1.0718700787401574
11
2.1117126377952755
21
1.0627222047244094
0
LINE
8
BLACK
6
CONTINUOUS
10
2.1117126377952755
20
1.0627222047244094
11
2.1117126771653543
21
1.0627211811023622
0
LINE
8
BLACK
6
CONTINUOUS
10
2.1117126771653543
20
1.0627211811023622
11
2.1118272834645668
21
1.0617327952755906
0
LINE
8
BLACK
6
CONTINUOUS
10
2.1118272834645668
20
1.0617327952755906
11
2.1118273622047243
21
1.0617326377952756
0
LINE
8
BLACK
6
CONTINUOUS
10
2.1118273622047243
20
1.0617326377952756
11
2.1136138976377952
21
1.0576864566929134
0
LINE
8
BLACK
6
CONTINUOUS
10
2.1136138976377952
20
1.0576864566929134
11
2.1136139370078739
21
1.0576864173228346
0
LINE
8
BLACK
6
CONTINUOUS
10
2.1136139370078739
20
1.0576864173228346
11
2.116741535433071
21
1.0545588188976378
0
LINE
8
BLACK
6
CONTINUOUS
10
2.116741535433071
20
1.0545588188976378
11
2.1207877559055119
21
1.0527722440944882
0
LINE
8
BLACK
6
CONTINUOUS
10
2.1207877559055119
20
1.0527722440944882
11
2.1217769685039372
21
1.0526574803149606
0
LINE
8
BLACK
6
CONTINUOUS
10
2.1217769685039372
20
1.0526574803149606
11
2.1853096062992123
21
1.0526575196850394
0
LINE
8
BLACK
6
CONTINUOUS
10
2.1853096062992123
20
1.0526575196850394
11
2.1853101968503936
21
1.0526575984251969
0
LINE
8
BLACK
6
CONTINUOUS
10
2.1853101968503936
20
1.0526575984251969
11
2.1853103149606299
21
1.0526575984251969
0
LINE
8
BLACK
6
CONTINUOUS
10
2.1853103149606299
20
1.0526575984251969
11
2.1862987007874017
21
1.0527722047244095
0
LINE
8
BLACK
6
CONTINUOUS
10
2.1862987007874017
20
1.0527722047244095
11
2.18629874015748
21
1.0527722440944882
0
LINE
8
BLACK
6
CONTINUOUS
10
2.18629874015748
20
1.0527722440944882
11
2.1862988582677163
21
1.0527722440944882
0
LINE
8
BLACK
6
CONTINUOUS
10
2.1862988582677163
20
1.0527722440944882
11
2.1903450787401573
21
1.0545588188976378
0
LINE
8
BLACK
6
CONTINUOUS
10
2.1903450787401573
20
1.0545588188976378
11
2.1934726771653543
21
1.0576864173228346
0
LINE
8
BLACK
6
CONTINUOUS
10
2.1934726771653543
20
1.0576864173228346
11
2.1952592519685039
21
1.0617326377952756
0
LINE
8
BLACK
6
CONTINUOUS
10
2.1952592519685039
20
1.0617326377952756
11
2.1953740157480315
21
1.0627218503937008
0
LINE
8
BLACK
6
CONTINUOUS
10
2.1953740157480315
20
1.0627218503937008
11
2.1953739763779527
21
1.0805853937007874
0
LINE
8
BLACK
6
CONTINUOUS
10
2.1953739763779527
20
1.0805853937007874
11
2.1953739763779527
21
1.0952592519685038
0
LINE
8
BLACK
6
CONTINUOUS
10
2.1953739763779527
20
1.0952592519685038
11
2.1953739763779527
21
1.1262542125984252
0
LINE
8
BLACK
6
CONTINUOUS
10
2.1953739763779527
20
1.1262542125984252
11
2.1953739763779527
21
1.1262544881889764
0
LINE
8
BLACK
6
CONTINUOUS
10
2.1953739763779527
20
1.1262544881889764
11
2.1953738976377952
21
1.1262552362204725
0
LINE
8
BLACK
6
CONTINUOUS
10
2.1953738976377952
20
1.1262552362204725
11
2.1952592913385827
21
1.1272436220472442
0
LINE
8
BLACK
6
CONTINUOUS
10
2.1952592913385827
20
1.1272436220472442
11
2.1952592519685039
21
1.1272437007874017
0
LINE
8
BLACK
6
CONTINUOUS
10
2.1952592519685039
20
1.1272437007874017
11
2.1952592519685039
21
1.1272437401574802
0
LINE
8
BLACK
6
CONTINUOUS
10
2.1952592519685039
20
1.1272437401574802
11
2.1934726771653543
21
1.1312899606299212
0
LINE
8
BLACK
6
CONTINUOUS
10
2.1934726771653543
20
1.1312899606299212
11
2.1903450787401573
21
1.134417559055118
0
LINE
8
BLACK
6
CONTINUOUS
10
2.1903450787401573
20
1.134417559055118
11
2.1903449999999998
21
1.1344175984251967
0
LINE
8
BLACK
6
CONTINUOUS
10
2.1903449999999998
20
1.1344175984251967
11
2.1862988976377951
21
1.1362041338582678
0
LINE
8
BLACK
6
CONTINUOUS
10
2.1862988976377951
20
1.1362041338582678
11
2.1853096456692911
21
1.1363188976377951
0
LINE
8
BLACK
6
CONTINUOUS
10
2.1853096456692911
20
1.1363188976377951
11
2.1217772834645667
21
1.1363188976377951
0
LINE
8
BLACK
6
CONTINUOUS
10
2.1217772834645667
20
1.1363188976377951
11
2.1217762598425196
21
1.1363188188976379
0
LINE
8
BLACK
6
CONTINUOUS
10
2.1217762598425196
20
1.1363188188976379
11
2.1207878740157482
21
1.1362042125984251
0
LINE
8
BLACK
6
CONTINUOUS
10
2.1207878740157482
20
1.1362042125984251
11
2.1207877165354332
21
1.1362041338582678
0
LINE
8
BLACK
6
CONTINUOUS
10
2.1207877165354332
20
1.1362041338582678
11
2.116741535433071
21
1.1344175984251967
0
LINE
8
BLACK
6
CONTINUOUS
10
2.116741535433071
20
1.1344175984251967
11
2.1136139370078739
21
1.1312899999999999
0
LINE
8
BLACK
6
CONTINUOUS
10
2.1136139370078739
20
1.1312899999999999
11
2.1118273622047243
21
1.1272438582677164
0
LINE
8
BLACK
6
CONTINUOUS
10
2.1118273622047243
20
1.1272438582677164
11
2.1118273622047243
21
1.1272437795275589
0
LINE
8
BLACK
6
CONTINUOUS
10
2.1118273622047243
20
1.1272437795275589
11
2.1117125984251968
21
1.12625468503937
0
LINE
8
BLACK
6
CONTINUOUS
10
2.1117125984251968
20
1.12625468503937
11
2.1117125984251968
21
1.1171062992125984
0
LINE
8
BLACK
6
CONTINUOUS
10
2.1117125984251968
20
1.1171062992125984
11
2.1116121653543307
21
1.1167643700787402
0
LINE
8
BLACK
6
CONTINUOUS
10
2.1116121653543307
20
1.1167643700787402
11
2.1116629133858269
21
1.1164115354330708
0
LINE
8
BLACK
6
CONTINUOUS
10
2.1116629133858269
20
1.1164115354330708
11
2.1112306692913387
21
1.1154650787401574
0
LINE
8
BLACK
6
CONTINUOUS
10
2.1112306692913387
20
1.1154650787401574
11
2.1109375984251968
21
1.114466968503937
0
LINE
8
BLACK
6
CONTINUOUS
10
2.1109375984251968
20
1.114466968503937
11
2.1106682677165356
21
1.114233622047244
0
LINE
8
BLACK
6
CONTINUOUS
10
2.1106682677165356
20
1.114233622047244
11
2.1105201968503935
21
1.1139093307086614
0
LINE
8
BLACK
6
CONTINUOUS
10
2.1105201968503935
20
1.1139093307086614
11
2.1096448031496062
21
1.1133467716535432
0
LINE
8
BLACK
6
CONTINUOUS
10
2.1096448031496062
20
1.1133467716535432
11
2.1088587007874016
21
1.1126655905511811
0
LINE
8
BLACK
6
CONTINUOUS
10
2.1088587007874016
20
1.1126655905511811
11
2.1084447244094489
21
1.1125755511811024
0
LINE
8
BLACK
6
CONTINUOUS
10
2.1084447244094489
20
1.1125755511811024
11
2.1082061023622045
21
1.1124221653543307
0
LINE
8
BLACK
6
CONTINUOUS
10
2.1082061023622045
20
1.1124221653543307
11
2.1068307086614171
21
1.112224409448819
0
LINE
8
BLACK
6
CONTINUOUS
10
2.1068307086614171
20
1.112224409448819
11
2.1002557874015748
21
1.112224409448819
0
LINE
8
BLACK
6
CONTINUOUS
10
2.1002557874015748
20
1.112224409448819
11
2.0976164566929132
21
1.1129994094488189
0
LINE
8
BLACK
6
CONTINUOUS
10
2.0976164566929132
20
1.1129994094488189
11
2.0958150787401575
21
1.1150783070866142
0
LINE
8
BLACK
6
CONTINUOUS
10
2.0958150787401575
20
1.1150783070866142
11
2.0953738976377951
21
1.1171062992125984
0
LINE
8
BLACK
6
CONTINUOUS
10
2.0953738976377951
20
1.1171062992125984
11
2.0953738976377951
21
1.1262542125984252
0
LINE
8
BLACK
6
CONTINUOUS
10
2.0953738976377951
20
1.1262542125984252
11
2.0953738976377951
21
1.1262544881889764
0
LINE
8
BLACK
6
CONTINUOUS
10
2.0953738976377951
20
1.1262544881889764
11
2.0953738188976376
21
1.1262552362204725
0
LINE
8
BLACK
6
CONTINUOUS
10
2.0953738188976376
20
1.1262552362204725
11
2.0952592125984251
21
1.1272436220472442
0
LINE
8
BLACK
6
CONTINUOUS
10
2.0952592125984251
20
1.1272436220472442
11
2.0952591732283463
21
1.1272437007874017
0
LINE
8
BLACK
6
CONTINUOUS
10
2.0952591732283463
20
1.1272437007874017
11
2.0952591732283463
21
1.1272437401574802
0
LINE
8
BLACK
6
CONTINUOUS
10
2.0952591732283463
20
1.1272437401574802
11
2.0934725984251967
21
1.1312899606299212
0
LINE
8
BLACK
6
CONTINUOUS
10
2.0934725984251967
20
1.1312899606299212
11
2.0903450000000001
21
1.134417559055118
0
LINE
8
BLACK
6
CONTINUOUS
10
2.0903450000000001
20
1.134417559055118
11
2.0903449212598426
21
1.1344175984251967
0
LINE
8
BLACK
6
CONTINUOUS
10
2.0903449212598426
20
1.1344175984251967
11
2.0862988188976379
21
1.1362041338582678
0
LINE
8
BLACK
6
CONTINUOUS
10
2.0862988188976379
20
1.1362041338582678
11
2.0853095669291339
21
1.1363188976377951
0
LINE
8
BLACK
6
CONTINUOUS
10
2.0853095669291339
20
1.1363188976377951
11
2.0217772047244096
21
1.1363188976377951
0
LINE
8
BLACK
6
CONTINUOUS
10
2.0217772047244096
20
1.1363188976377951
11
2.021776181102362
21
1.1363188188976379
0
LINE
8
BLACK
6
CONTINUOUS
10
2.021776181102362
20
1.1363188188976379
11
2.0207877952755906
21
1.1362042125984251
0
LINE
8
BLACK
6
CONTINUOUS
10
2.0207877952755906
20
1.1362042125984251
11
2.0207876377952756
21
1.1362041338582678
0
LINE
8
BLACK
6
CONTINUOUS
10
2.0207876377952756
20
1.1362041338582678
11
2.0167414566929134
21
1.1344175984251967
0
LINE
8
BLACK
6
CONTINUOUS
10
2.0167414566929134
20
1.1344175984251967
11
2.0136138582677163
21
1.1312899999999999
0
LINE
8
BLACK
6
CONTINUOUS
10
2.0136138582677163
20
1.1312899999999999
11
2.0118272834645667
21
1.1272438582677164
0
LINE
8
BLACK
6
CONTINUOUS
10
2.0118272834645667
20
1.1272438582677164
11
2.0118272834645667
21
1.1272437795275589
0
LINE
8
BLACK
6
CONTINUOUS
10
2.0118272834645667
20
1.1272437795275589
11
2.0117125196850392
21
1.12625468503937
0
LINE
8
BLACK
6
CONTINUOUS
10
2.0117125196850392
20
1.12625468503937
11
2.0117125196850392
21
1.1235814173228347
0
LINE
8
BLACK
6
CONTINUOUS
10
2.0117125196850392
20
1.1235814173228347
11
2.0109375196850392
21
1.1209420866141733
0
LINE
8
BLACK
6
CONTINUOUS
10
2.0109375196850392
20
1.1209420866141733
11
2.008858622047244
21
1.1191407086614173
0
LINE
8
BLACK
6
CONTINUOUS
10
2.008858622047244
20
1.1191407086614173
11
2.0061358661417321
21
1.1187492125984251
0
LINE
8
BLACK
6
CONTINUOUS
10
2.0061358661417321
20
1.1187492125984251
11
2.0036336614173229
21
1.1198919291338583
0
LINE
8
BLACK
6
CONTINUOUS
10
2.0036336614173229
20
1.1198919291338583
11
2.003378622047244
21
1.1201294094488188
0
LINE
8
BLACK
6
CONTINUOUS
10
2.003378622047244
20
1.1201294094488188
11
1.9168038976377952
21
1.2067041338582676
0
LINE
8
BLACK
6
CONTINUOUS
10
1.9168038976377952
20
1.2067041338582676
11
1.9154855905511809
21
1.2091184251968503
0
LINE
8
BLACK
6
CONTINUOUS
10
1.9154855905511809
20
1.2091184251968503
11
1.9153740157480315
21
1.2101561417322835
0
LINE
8
BLACK
6
CONTINUOUS
10
1.9153740157480315
20
1.2101561417322835
11
1.9153740157480315
21
1.2262546850393701
0
LINE
8
BLACK
6
CONTINUOUS
10
1.9153740157480315
20
1.2262546850393701
11
1.9153740157480315
21
1.3262517716535434
0
LINE
8
BLACK
6
CONTINUOUS
10
1.9153740157480315
20
1.3262517716535434
11
1.9153740157480315
21
1.3291065748031496
0
LINE
8
BLACK
6
CONTINUOUS
10
1.9153740157480315
20
1.3291065748031496
11
1.9153740157480315
21
1.3291066535433071
0
LINE
8
BLACK
6
CONTINUOUS
10
1.9153740157480315
20
1.3291066535433071
11
1.9143066535433071
21
1.3330901181102361
0
LINE
8
BLACK
6
CONTINUOUS
10
1.9143066535433071
20
1.3330901181102361
11
1.9141653149606299
21
1.3336175984251968
0
LINE
8
BLACK
6
CONTINUOUS
10
1.9141653149606299
20
1.3336175984251968
11
1.9118302755905512
21
1.337661968503937
0
LINE
8
BLACK
6
CONTINUOUS
10
1.9118302755905512
20
1.337661968503937
11
1.8689068503937007
21
1.3805853937007875
0
LINE
8
BLACK
6
CONTINUOUS
10
1.8689068503937007
20
1.3805853937007875
11
1.7689068503937007
21
1.4805853937007873
0
LINE
8
BLACK
6
CONTINUOUS
10
1.7689068503937007
20
1.4805853937007873
11
1.7077407086614174
21
1.5417515354330709
0
LINE
8
BLACK
6
CONTINUOUS
10
1.7077407086614174
20
1.5417515354330709
11
1.7057185039370077
21
1.5429190551181102
0
LINE
8
BLACK
6
CONTINUOUS
10
1.7057185039370077
20
1.5429190551181102
11
1.7036963779527559
21
1.5440865748031496
0
LINE
8
BLACK
6
CONTINUOUS
10
1.7036963779527559
20
1.5440865748031496
11
1.7032196850393699
21
1.5442142913385826
0
LINE
8
BLACK
6
CONTINUOUS
10
1.7032196850393699
20
1.5442142913385826
11
1.702743031496063
21
1.5443420078740158
0
LINE
8
BLACK
6
CONTINUOUS
10
1.702743031496063
20
1.5443420078740158
11
1.7027429133858267
21
1.5443420472440945
0
LINE
8
BLACK
6
CONTINUOUS
10
1.7027429133858267
20
1.5443420472440945
11
1.7012392913385825
21
1.5447449606299213
0
LINE
8
BLACK
6
CONTINUOUS
10
1.7012392913385825
20
1.5447449606299213
11
1.6991853937007875
21
1.5452952755905511
0
LINE
8
BLACK
6
CONTINUOUS
10
1.6991853937007875
20
1.5452952755905511
11
1.6991853543307087
21
1.5452952755905511
0
LINE
8
BLACK
6
CONTINUOUS
10
1.6991853543307087
20
1.5452952755905511
11
1.6013582677165354
21
1.5452952755905511
0
LINE
8
BLACK
6
CONTINUOUS
10
1.6013582677165354
20
1.5452952755905511
11
1.598718937007874
21
1.5460702755905511
0
LINE
8
BLACK
6
CONTINUOUS
10
1.598718937007874
20
1.5460702755905511
11
1.5969175590551181
21
1.5481491732283463
0
LINE
8
BLACK
6
CONTINUOUS
10
1.5969175590551181
20
1.5481491732283463
11
1.5964763779527558
21
1.5501771653543306
0
LINE
8
BLACK
6
CONTINUOUS
10
1.5964763779527558
20
1.5501771653543306
11
1.5964763779527558
21
1.576976968503937
0
LINE
8
BLACK
6
CONTINUOUS
10
1.5964763779527558
20
1.576976968503937
11
1.5964763779527558
21
1.6218423228346457
0
LINE
8
BLACK
6
CONTINUOUS
10
1.5964763779527558
20
1.6218423228346457
11
1.5964763779527558
21
1.7403627952755905
0
LINE
8
BLACK
6
CONTINUOUS
10
1.5964763779527558
20
1.7403627952755905
11
1.5964763779527558
21
1.7852281496062992
0
LINE
8
BLACK
6
CONTINUOUS
10
1.5964763779527558
20
1.7852281496062992
11
1.5964763779527558
21
1.8129948818897637
0
LINE
8
BLACK
6
CONTINUOUS
10
1.5964763779527558
20
1.8129948818897637
11
1.597251377952756
21
1.8156342125984251
0
LINE
8
BLACK
6
CONTINUOUS
10
1.597251377952756
20
1.8156342125984251
11
1.5974853543307086
21
1.8159670078740158
0
LINE
8
BLACK
6
CONTINUOUS
10
1.5974853543307086
20
1.8159670078740158
11
1.5976579527559054
21
1.8161920078740157
0
LINE
8
BLACK
6
CONTINUOUS
10
1.5976579527559054
20
1.8161920078740157
11
1.5976582677165354
21
1.816192283464567
0
LINE
8
BLACK
6
CONTINUOUS
10
1.5976582677165354
20
1.816192283464567
11
1.6007707480314961
21
1.8215833070866141
0
LINE
8
BLACK
6
CONTINUOUS
10
1.6007707480314961
20
1.8215833070866141
11
1.6023818897637796
21
1.8275961811023622
0
LINE
8
BLACK
6
CONTINUOUS
10
1.6023818897637796
20
1.8275961811023622
11
1.6023818897637796
21
1.8338211417322834
0
LINE
8
BLACK
6
CONTINUOUS
10
1.6023818897637796
20
1.8338211417322834
11
1.6007707480314961
21
1.8398340157480315
0
LINE
8
BLACK
6
CONTINUOUS
10
1.6007707480314961
20
1.8398340157480315
11
1.5983572440944882
21
1.8440143700787401
0
LINE
8
BLACK
6
CONTINUOUS
10
1.5983572440944882
20
1.8440143700787401
11
1.5976584251968504
21
1.8452248031496064
0
LINE
8
BLACK
6
CONTINUOUS
10
1.5976584251968504
20
1.8452248031496064
11
1.5976581889763779
21
1.8452251181102362
0
LINE
8
BLACK
6
CONTINUOUS
10
1.5976581889763779
20
1.8452251181102362
11
1.5932565748031495
21
1.8496267322834645
0
LINE
8
BLACK
6
CONTINUOUS
10
1.5932565748031495
20
1.8496267322834645
11
1.5932562598425197
21
1.849626968503937
0
LINE
8
BLACK
6
CONTINUOUS
10
1.5932562598425197
20
1.849626968503937
11
1.5878657480314959
21
1.8527391338582677
0
LINE
8
BLACK
6
CONTINUOUS
10
1.5878657480314959
20
1.8527391338582677
11
1.5878655905511811
21
1.8527392125984252
0
LINE
8
BLACK
6
CONTINUOUS
10
1.5878655905511811
20
1.8527392125984252
11
1.5878655118110236
21
1.852739251968504
0
LINE
8
BLACK
6
CONTINUOUS
10
1.5878655118110236
20
1.852739251968504
11
1.5818526377952755
21
1.8543503937007875
0
LINE
8
BLACK
6
CONTINUOUS
10
1.5818526377952755
20
1.8543503937007875
11
1.5756276771653543
21
1.8543503937007875
0
LINE
8
BLACK
6
CONTINUOUS
10
1.5756276771653543
20
1.8543503937007875
11
1.5696148031496062
21
1.852739251968504
0
LINE
8
BLACK
6
CONTINUOUS
10
1.5696148031496062
20
1.852739251968504
11
1.5696145275590552
21
1.8527391338582677
0
LINE
8
BLACK
6
CONTINUOUS
10
1.5696145275590552
20
1.8527391338582677
11
1.5642240157480314
21
1.849626968503937
0
LINE
8
BLACK
6
CONTINUOUS
10
1.5642240157480314
20
1.849626968503937
11
1.5639983070866141
21
1.8494537401574802
0
LINE
8
BLACK
6
CONTINUOUS
10
1.5639983070866141
20
1.8494537401574802
11
1.5614325984251969
21
1.8484618110236219
0
LINE
8
BLACK
6
CONTINUOUS
10
1.5614325984251969
20
1.8484618110236219
11
1.561026338582677
21
1.8484448818897636
0
LINE
8
BLACK
6
CONTINUOUS
10
1.561026338582677
20
1.8484448818897636
11
1.0644868110236221
21
1.8484448818897636
0
LINE
8
BLACK
6
CONTINUOUS
10
1.0644868110236221
20
1.8484448818897636
11
1.0618474803149607
21
1.8492198818897638
0
LINE
8
BLACK
6
CONTINUOUS
10
1.0618474803149607
20
1.8492198818897638
11
1.0610348031496062
21
1.8498747637795274
0
LINE
8
BLACK
6
CONTINUOUS
10
1.0610348031496062
20
1.8498747637795274
11
0.9262053543307086
21
1.9847042125984251
0
LINE
8
BLACK
6
CONTINUOUS
10
0.9262053543307086
20
1.9847042125984251
11
0.9262052755905512
21
1.9847042913385826
0
LINE
8
BLACK
6
CONTINUOUS
10
0.9262052755905512
20
1.9847042913385826
11
0.9241830708661417
21
1.985871811023622
0
LINE
8
BLACK
6
CONTINUOUS
10
0.9241830708661417
20
1.985871811023622
11
0.9221609448818897
21
1.9870393307086613
0
LINE
8
BLACK
6
CONTINUOUS
10
0.9221609448818897
20
1.9870393307086613
11
0.9216842519685039
21
1.9871670472440945
0
LINE
8
BLACK
6
CONTINUOUS
10
0.9216842519685039
20
1.9871670472440945
11
0.9212075984251968
21
1.9872947637795275
0
LINE
8
BLACK
6
CONTINUOUS
10
0.9212075984251968
20
1.9872947637795275
11
0.9212074803149606
21
1.9872948031496063
0
LINE
8
BLACK
6
CONTINUOUS
10
0.9212074803149606
20
1.9872948031496063
11
0.9197038582677165
21
1.987697716535433
0
LINE
8
BLACK
6
CONTINUOUS
10
0.9197038582677165
20
1.987697716535433
11
0.9176499606299212
21
1.9882480314960629
0
LINE
8
BLACK
6
CONTINUOUS
10
0.9176499606299212
20
1.9882480314960629
11
0.7516413779527559
21
1.9882480314960629
0
LINE
8
BLACK
6
CONTINUOUS
10
0.7516413779527559
20
1.9882480314960629
11
0.7489348031496063
21
1.9875228346456693
0
LINE
8
BLACK
6
CONTINUOUS
10
0.7489348031496063
20
1.9875228346456693
11
0.7471303937007874
21
1.9870393307086613
0
LINE
8
BLACK
6
CONTINUOUS
10
0.7471303937007874
20
1.9870393307086613
11
0.7471301968503937
21
1.9870392125984251
0
LINE
8
BLACK
6
CONTINUOUS
10
0.7471301968503937
20
1.9870392125984251
11
0.7430863385826771
21
1.9847045275590551
0
LINE
8
BLACK
6
CONTINUOUS
10
0.7430863385826771
20
1.9847045275590551
11
0.7430861811023622
21
1.9847044094488189
0
LINE
8
BLACK
6
CONTINUOUS
10
0.7430861811023622
20
1.9847044094488189
11
0.7375829921259842
21
1.979201220472441
0
LINE
8
BLACK
6
CONTINUOUS
10
0.7375829921259842
20
1.979201220472441
11
0.7351687007874016
21
1.9778829527559054
0
LINE
8
BLACK
6
CONTINUOUS
10
0.7351687007874016
20
1.9778829527559054
11
0.7324249212598425
21
1.9780791732283465
0
LINE
8
BLACK
6
CONTINUOUS
10
0.7324249212598425
20
1.9780791732283465
11
0.7302228346456693
21
1.9797276771653542
0
LINE
8
BLACK
6
CONTINUOUS
10
0.7302228346456693
20
1.9797276771653542
11
0.7292615354330708
21
1.982305
0
LINE
8
BLACK
6
CONTINUOUS
10
0.7292615354330708
20
1.982305
11
0.729488031496063
21
1.9841618503937006
0
LINE
8
BLACK
6
CONTINUOUS
10
0.729488031496063
20
1.9841618503937006
11
0.7311878346456693
21
1.9893933464566929
0
LINE
8
BLACK
6
CONTINUOUS
10
0.7311878346456693
20
1.9893933464566929
11
0.7323031496062992
21
1.996435
0
LINE
8
BLACK
6
CONTINUOUS
10
0.7323031496062992
20
1.996435
11
0.7323031496062992
21
2.0035650393700788
0
LINE
8
BLACK
6
CONTINUOUS
10
0.7323031496062992
20
2.0035650393700788
11
0.7316542913385826
21
2.0076615354330709
0
LINE
8
BLACK
6
CONTINUOUS
10
0.7316542913385826
20
2.0076615354330709
11
0.7311878346456693
21
2.0106066535433071
0
LINE
8
BLACK
6
CONTINUOUS
10
0.7311878346456693
20
2.0106066535433071
11
0.7289846850393701
21
2.0173873622047243
0
LINE
8
BLACK
6
CONTINUOUS
10
0.7289846850393701
20
2.0173873622047243
11
0.7289846850393701
21
2.017387401574803
0
LINE
8
BLACK
6
CONTINUOUS
10
0.7289846850393701
20
2.017387401574803
11
0.727863779527559
21
2.0195872440944882
0
LINE
8
BLACK
6
CONTINUOUS
10
0.727863779527559
20
2.0195872440944882
11
0.725747874015748
21
2.0237399212598426
0
LINE
8
BLACK
6
CONTINUOUS
10
0.725747874015748
20
2.0237399212598426
11
0.7252124409448819
21
2.0244768897637795
0
LINE
8
BLACK
6
CONTINUOUS
10
0.7252124409448819
20
2.0244768897637795
11
0.7215574015748031
21
2.0295076771653542
0
LINE
8
BLACK
6
CONTINUOUS
10
0.7215574015748031
20
2.0295076771653542
11
0.7215572440944882
21
2.0295078740157479
0
LINE
8
BLACK
6
CONTINUOUS
10
0.7215572440944882
20
2.0295078740157479
11
0.7165157086614173
21
2.034549409448819
0
LINE
8
BLACK
6
CONTINUOUS
10
0.7165157086614173
20
2.034549409448819
11
0.7165155118110236
21
2.034549566929134
0
LINE
8
BLACK
6
CONTINUOUS
10
0.7165155118110236
20
2.034549566929134
11
0.7107479133858268
21
2.0387399212598423
0
LINE
8
BLACK
6
CONTINUOUS
10
0.7107479133858268
20
2.0387399212598423
11
0.710747874015748
21
2.038739960629921
0
LINE
8
BLACK
6
CONTINUOUS
10
0.710747874015748
20
2.038739960629921
11
0.7107477952755905
21
2.0387399999999998
0
LINE
8
BLACK
6
CONTINUOUS
10
0.7107477952755905
20
2.0387399999999998
11
0.7087125984251968
21
2.0397770078740156
0
LINE
8
BLACK
6
CONTINUOUS
10
0.7087125984251968
20
2.0397770078740156
11
0.7043952362204724
21
2.0419768503937008
0
LINE
8
BLACK
6
CONTINUOUS
10
0.7043952362204724
20
2.0419768503937008
11
0.7043951181102363
21
2.0419768897637796
0
LINE
8
BLACK
6
CONTINUOUS
10
0.7043951181102363
20
2.0419768897637796
11
0.6976145669291338
21
2.0441799606299211
0
LINE
8
BLACK
6
CONTINUOUS
10
0.6976145669291338
20
2.0441799606299211
11
0.690572874015748
21
2.0452952755905511
0
LINE
8
BLACK
6
CONTINUOUS
10
0.690572874015748
20
2.0452952755905511
11
0.6905726771653543
21
2.0452952755905511
0
LINE
8
BLACK
6
CONTINUOUS
10
0.6905726771653543
20
2.0452952755905511
11
0.6637580314960629
21
2.0452952755905511
0
LINE
8
BLACK
6
CONTINUOUS
10
0.6637580314960629
20
2.0452952755905511
11
0.6637578346456693
21
2.0452952755905511
0
LINE
8
BLACK
6
CONTINUOUS
10
0.6637578346456693
20
2.0452952755905511
11
0.6567161023622047
21
2.0441799606299211
0
LINE
8
BLACK
6
CONTINUOUS
10
2.3203740157480315
20
1.0170529133858268
11
2.320374094488189
21
1.0170518897637795
0
LINE
8
BLACK
6
CONTINUOUS
10
2.320374094488189
20
1.0170518897637795
11
2.3204887007874015
21
1.0160635039370078
0
LINE
8
BLACK
6
CONTINUOUS
10
2.3204887007874015
20
1.0160635039370078
11
2.3204887795275591
21
1.0160633464566928
0
LINE
8
BLACK
6
CONTINUOUS
10
2.3204887795275591
20
1.0160633464566928
11
2.3222753149606299
21
1.0120171653543306
0
LINE
8
BLACK
6
CONTINUOUS
10
2.3222753149606299
20
1.0120171653543306
11
2.3222753543307086
21
1.0120171259842519
0
LINE
8
BLACK
6
CONTINUOUS
10
2.3222753543307086
20
1.0120171259842519
11
2.3254029527559053
21
1.008889527559055
0
LINE
8
BLACK
6
CONTINUOUS
10
2.3254029527559053
20
1.008889527559055
11
2.3294491732283462
21
1.0071029527559054
0
LINE
8
BLACK
6
CONTINUOUS
10
2.3294491732283462
20
1.0071029527559054
11
2.3304383858267714
21
1.0069881889763779
0
LINE
8
BLACK
6
CONTINUOUS
10
2.3304383858267714
20
1.0069881889763779
11
2.3939710236220471
21
1.0069882283464566
0
LINE
8
BLACK
6
CONTINUOUS
10
2.3939710236220471
20
1.0069882283464566
11
2.3939716141732283
21
1.0069883070866141
0
LINE
8
BLACK
6
CONTINUOUS
10
2.3939716141732283
20
1.0069883070866141
11
2.3939717322834646
21
1.0069883070866141
0
LINE
8
BLACK
6
CONTINUOUS
10
2.3939717322834646
20
1.0069883070866141
11
2.394960118110236
21
1.0071029133858267
0
LINE
8
BLACK
6
CONTINUOUS
10
2.394960118110236
20
1.0071029133858267
11
2.3949601574803148
21
1.0071029527559054
0
LINE
8
BLACK
6
CONTINUOUS
10
2.3949601574803148
20
1.0071029527559054
11
2.394960275590551
21
1.0071029527559054
0
LINE
8
BLACK
6
CONTINUOUS
10
2.394960275590551
20
1.0071029527559054
11
2.399006496062992
21
1.008889527559055
0
LINE
8
BLACK
6
CONTINUOUS
10
2.399006496062992
20
1.008889527559055
11
2.402134094488189
21
1.0120171259842519
0
LINE
8
BLACK
6
CONTINUOUS
10
2.402134094488189
20
1.0120171259842519
11
2.4039206692913386
21
1.0160633464566928
0
LINE
8
BLACK
6
CONTINUOUS
10
2.4039206692913386
20
1.0160633464566928
11
2.4040354330708662
21
1.017052559055118
0
LINE
8
BLACK
6
CONTINUOUS
10
2.4040354330708662
20
1.017052559055118
11
2.4040353937007874
21
1.0805851968503937
0
LINE
8
BLACK
6
CONTINUOUS
10
2.4040353937007874
20
1.0805851968503937
11
2.4040353937007874
21
1.0805852362204724
0
LINE
8
BLACK
6
CONTINUOUS
10
2.4040353937007874
20
1.0805852362204724
11
2.4040353937007874
21
1.0805853937007874
0
LINE
8
BLACK
6
CONTINUOUS
10
2.4040353937007874
20
1.0805853937007874
11
2.4040353937007874
21
1.0805854330708662
0
LINE
8
BLACK
6
CONTINUOUS
10
2.4040353937007874
20
1.0805854330708662
11
2.4039207086614174
21
1.0815743307086614
0
LINE
8
BLACK
6
CONTINUOUS
10
2.4039207086614174
20
1.0815743307086614
11
2.4039206692913386
21
1.0815744094488189
0
LINE
8
BLACK
6
CONTINUOUS
10
2.4039206692913386
20
1.0815744094488189
11
2.4039206692913386
21
1.0815744488188976
0
LINE
8
BLACK
6
CONTINUOUS
10
2.4039206692913386
20
1.0815744488188976
11
2.402134094488189
21
1.0856206692913386
0
LINE
8
BLACK
6
CONTINUOUS
10
2.402134094488189
20
1.0856206692913386
11
2.399006496062992
21
1.0887482677165354
0
LINE
8
BLACK
6
CONTINUOUS
10
2.399006496062992
20
1.0887482677165354
11
2.3990064173228345
21
1.0887483070866142
0
LINE
8
BLACK
6
CONTINUOUS
10
2.3990064173228345
20
1.0887483070866142
11
2.3949603149606298
21
1.090534842519685
0
LINE
8
BLACK
6
CONTINUOUS
10
2.3949603149606298
20
1.090534842519685
11
2.3939710629921258
21
1.0906496062992126
0
LINE
8
BLACK
6
CONTINUOUS
10
2.3939710629921258
20
1.0906496062992126
11
2.3304387007874015
21
1.0906496062992126
0
LINE
8
BLACK
6
CONTINUOUS
10
2.3304387007874015
20
1.0906496062992126
11
2.3304376771653543
21
1.0906495275590551
0
LINE
8
BLACK
6
CONTINUOUS
10
2.3304376771653543
20
1.0906495275590551
11
2.3294492913385825
21
1.0905349212598425
0
LINE
8
BLACK
6
CONTINUOUS
10
2.3294492913385825
20
1.0905349212598425
11
2.3294491338582675
21
1.090534842519685
0
LINE
8
BLACK
6
CONTINUOUS
10
2.3294491338582675
20
1.090534842519685
11
2.3254029527559053
21
1.0887483070866142
0
LINE
8
BLACK
6
CONTINUOUS
10
2.3254029527559053
20
1.0887483070866142
11
2.3222753543307086
21
1.0856207086614174
0
LINE
8
BLACK
6
CONTINUOUS
10
2.3222753543307086
20
1.0856207086614174
11
2.3204887795275591
21
1.0815745669291339
0
LINE
8
BLACK
6
CONTINUOUS
10
2.3204887795275591
20
1.0815745669291339
11
2.3204887795275591
21
1.0815744881889764
0
LINE
8
BLACK
6
CONTINUOUS
10
2.3204887795275591
20
1.0815744881889764
11
2.3203740157480315
21
1.0805853937007874
0
LINE
8
BLACK
6
CONTINUOUS
10
2.3203740157480315
20
1.0805853937007874
11
2.3203740157480315
21
1.0170529133858268
0
LINE
8
BLACK
6
CONTINUOUS
10
2.4203740157480316
20
1.0170529133858268
11
2.4203740944881891
21
1.0170518897637795
0
LINE
8
BLACK
6
CONTINUOUS
10
2.4203740944881891
20
1.0170518897637795
11
2.4204887007874016
21
1.0160635039370078
0
LINE
8
BLACK
6
CONTINUOUS
10
2.4204887007874016
20
1.0160635039370078
11
2.4204887795275591
21
1.0160633464566928
0
LINE
8
BLACK
6
CONTINUOUS
10
2.4204887795275591
20
1.0160633464566928
11
2.42227531496063
21
1.0120171653543306
0
LINE
8
BLACK
6
CONTINUOUS
10
2.42227531496063
20
1.0120171653543306
11
2.4222753543307087
21
1.0120171259842519
0
LINE
8
BLACK
6
CONTINUOUS
10
2.4222753543307087
20
1.0120171259842519
11
2.4254029527559053
21
1.008889527559055
0
LINE
8
BLACK
6
CONTINUOUS
10
2.4254029527559053
20
1.008889527559055
11
2.4294491732283463
21
1.0071029527559054
0
LINE
8
BLACK
6
CONTINUOUS
10
2.4294491732283463
20
1.0071029527559054
11
2.4304383858267715
21
1.0069881889763779
0
LINE
8
BLACK
6
CONTINUOUS
10
2.4304383858267715
20
1.0069881889763779
11
2.4939710236220471
21
1.0069882283464566
0
LINE
8
BLACK
6
CONTINUOUS
10
2.4939710236220471
20
1.0069882283464566
11
2.4939716141732284
21
1.0069883070866141
0
LINE
8
BLACK
6
CONTINUOUS
10
2.4939716141732284
20
1.0069883070866141
11
2.4939717322834647
21
1.0069883070866141
0
LINE
8
BLACK
6
CONTINUOUS
10
2.4939717322834647
20
1.0069883070866141
11
2.4949601181102361
21
1.0071029133858267
0
LINE
8
BLACK
6
CONTINUOUS
10
2.4949601181102361
20
1.0071029133858267
11
2.4949601574803149
21
1.0071029527559054
0
LINE
8
BLACK
6
CONTINUOUS
10
2.4949601574803149
20
1.0071029527559054
11
2.4949602755905511
21
1.0071029527559054
0
LINE
8
BLACK
6
CONTINUOUS
10
2.4949602755905511
20
1.0071029527559054
11
2.4990064960629921
21
1.008889527559055
0
LINE
8
BLACK
6
CONTINUOUS
10
2.4990064960629921
20
1.008889527559055
11
2.5021340944881891
21
1.0120171259842519
0
LINE
8
BLACK
6
CONTINUOUS
10
2.5021340944881891
20
1.0120171259842519
11
2.5039206692913387
21
1.0160633464566928
0
LINE
8
BLACK
6
CONTINUOUS
10
2.5039206692913387
20
1.0160633464566928
11
2.5040354330708663
21
1.017052559055118
0
LINE
8
BLACK
6
CONTINUOUS
10
2.5040354330708663
20
1.017052559055118
11
2.5040353937007875
21
1.0805851968503937
0
LINE
8
BLACK
6
CONTINUOUS
10
2.5040353937007875
20
1.0805851968503937
11
2.50403531496063
21
1.0805859448818897
0
LINE
8
BLACK
6
CONTINUOUS
10
2.50403531496063
20
1.0805859448818897
11
2.5039207086614175
21
1.0815743307086614
0
LINE
8
BLACK
6
CONTINUOUS
10
2.5039207086614175
20
1.0815743307086614
11
2.5039206692913387
21
1.0815744094488189
0
LINE
8
BLACK
6
CONTINUOUS
10
2.5039206692913387
20
1.0815744094488189
11
2.5039206692913387
21
1.0815744488188976
0
LINE
8
BLACK
6
CONTINUOUS
10
2.5039206692913387
20
1.0815744488188976
11
2.5021340944881891
21
1.0856206692913386
0
LINE
8
BLACK
6
CONTINUOUS
10
2.5021340944881891
20
1.0856206692913386
11
2.4990064960629921
21
1.0887482677165354
0
LINE
8
BLACK
6
CONTINUOUS
10
2.4990064960629921
20
1.0887482677165354
11
2.4990064173228346
21
1.0887483070866142
0
LINE
8
BLACK
6
CONTINUOUS
10
2.4990064173228346
20
1.0887483070866142
11
2.4949603149606299
21
1.090534842519685
0
LINE
8
BLACK
6
CONTINUOUS
10
2.4949603149606299
20
1.090534842519685
11
2.4939710629921259
21
1.0906496062992126
0
LINE
8
BLACK
6
CONTINUOUS
10
2.4939710629921259
20
1.0906496062992126
11
2.4304387007874015
21
1.0906496062992126
0
LINE
8
BLACK
6
CONTINUOUS
10
2.4304387007874015
20
1.0906496062992126
11
2.4304376771653544
21
1.0906495275590551
0
LINE
8
BLACK
6
CONTINUOUS
10
2.4304376771653544
20
1.0906495275590551
11
2.4294492913385826
21
1.0905349212598425
0
LINE
8
BLACK
6
CONTINUOUS
10
2.4294492913385826
20
1.0905349212598425
11
2.4294491338582676
21
1.090534842519685
0
LINE
8
BLACK
6
CONTINUOUS
10
2.4294491338582676
20
1.090534842519685
11
2.4254029527559053
21
1.0887483070866142
0
LINE
8
BLACK
6
CONTINUOUS
10
2.4254029527559053
20
1.0887483070866142
11
2.4222753543307087
21
1.0856207086614174
0
LINE
8
BLACK
6
CONTINUOUS
10
2.4222753543307087
20
1.0856207086614174
11
2.4204887795275591
21
1.0815745669291339
0
LINE
8
BLACK
6
CONTINUOUS
10
2.4204887795275591
20
1.0815745669291339
11
2.4204887795275591
21
1.0815744881889764
0
LINE
8
BLACK
6
CONTINUOUS
10
2.4204887795275591
20
1.0815744881889764
11
2.4203740157480316
21
1.0805853937007874
0
LINE
8
BLACK
6
CONTINUOUS
10
2.4203740157480316
20
1.0805853937007874
11
2.4203740157480316
21
1.0170529133858268
0
LINE
8
BLACK
6
CONTINUOUS
10
0.2770669291338583
20
1.0217773228346456
11
0.2770670078740157
21
1.0217762992125985
0
LINE
8
BLACK
6
CONTINUOUS
10
0.2770670078740157
20
1.0217762992125985
11
0.2771816141732283
21
1.0207879133858266
0
LINE
8
BLACK
6
CONTINUOUS
10
0.2771816141732283
20
1.0207879133858266
11
0.2771816929133858
21
1.0207877559055119
0
LINE
8
BLACK
6
CONTINUOUS
10
0.2771816929133858
20
1.0207877559055119
11
0.2789682283464567
21
1.0167415748031496
0
LINE
8
BLACK
6
CONTINUOUS
10
0.2789682283464567
20
1.0167415748031496
11
0.2789682677165354
21
1.0167415354330709
0
LINE
8
BLACK
6
CONTINUOUS
10
0.2789682677165354
20
1.0167415354330709
11
0.2820958661417323
21
1.0136139370078741
0
LINE
8
BLACK
6
CONTINUOUS
10
0.2820958661417323
20
1.0136139370078741
11
0.2861420866141732
21
1.0118273622047245
0
LINE
8
BLACK
6
CONTINUOUS
10
0.2861420866141732
20
1.0118273622047245
11
0.2871312992125984
21
1.0117125984251969
0
LINE
8
BLACK
6
CONTINUOUS
10
0.2871312992125984
20
1.0117125984251969
11
0.350663937007874
21
1.0117126377952756
0
LINE
8
BLACK
6
CONTINUOUS
10
0.350663937007874
20
1.0117126377952756
11
0.3506645275590551
21
1.0117127165354332
0
LINE
8
BLACK
6
CONTINUOUS
10
0.3506645275590551
20
1.0117127165354332
11
0.3506646456692913
21
1.0117127165354332
0
LINE
8
BLACK
6
CONTINUOUS
10
0.3506646456692913
20
1.0117127165354332
11
0.351653031496063
21
1.0118273228346457
0
LINE
8
BLACK
6
CONTINUOUS
10
0.351653031496063
20
1.0118273228346457
11
0.3516530708661417
21
1.0118273622047245
0
LINE
8
BLACK
6
CONTINUOUS
10
0.3516530708661417
20
1.0118273622047245
11
0.3516531889763779
21
1.0118273622047245
0
LINE
8
BLACK
6
CONTINUOUS
10
0.3516531889763779
20
1.0118273622047245
11
0.3556994094488189
21
1.0136139370078741
0
LINE
8
BLACK
6
CONTINUOUS
10
0.3556994094488189
20
1.0136139370078741
11
0.3588270078740157
21
1.0167415354330709
0
LINE
8
BLACK
6
CONTINUOUS
10
0.3588270078740157
20
1.0167415354330709
11
0.3606135826771654
21
1.0207877559055119
0
LINE
8
BLACK
6
CONTINUOUS
10
0.3606135826771654
20
1.0207877559055119
11
0.3607283464566929
21
1.0217769685039371
0
LINE
8
BLACK
6
CONTINUOUS
10
0.3607283464566929
20
1.0217769685039371
11
0.3607283070866142
21
1.0853096062992125
0
LINE
8
BLACK
6
CONTINUOUS
10
0.3607283070866142
20
1.0853096062992125
11
0.3607283070866142
21
1.0853096456692912
0
LINE
8
BLACK
6
CONTINUOUS
10
0.3607283070866142
20
1.0853096456692912
11
0.3607283070866142
21
1.0853098031496062
0
LINE
8
BLACK
6
CONTINUOUS
10
0.3607283070866142
20
1.0853098031496062
11
0.3607283070866142
21
1.085309842519685
0
LINE
8
BLACK
6
CONTINUOUS
10
0.3607283070866142
20
1.085309842519685
11
0.3606136220472441
21
1.0862987401574802
0
LINE
8
BLACK
6
CONTINUOUS
10
0.3606136220472441
20
1.0862987401574802
11
0.3606135826771654
21
1.0862988188976377
0
LINE
8
BLACK
6
CONTINUOUS
10
0.3606135826771654
20
1.0862988188976377
11
0.3606135826771654
21
1.0862988582677164
0
LINE
8
BLACK
6
CONTINUOUS
10
0.3606135826771654
20
1.0862988582677164
11
0.3588270078740157
21
1.0903450787401574
0
LINE
8
BLACK
6
CONTINUOUS
10
0.3588270078740157
20
1.0903450787401574
11
0.3556994094488189
21
1.0934726771653542
0
LINE
8
BLACK
6
CONTINUOUS
10
0.3556994094488189
20
1.0934726771653542
11
0.3556993307086614
21
1.093472716535433
0
LINE
8
BLACK
6
CONTINUOUS
10
0.3556993307086614
20
1.093472716535433
11
0.3516532283464567
21
1.0952592519685038
0
LINE
8
BLACK
6
CONTINUOUS
10
0.3516532283464567
20
1.0952592519685038
11
0.3506639763779528
21
1.0953740157480314
0
LINE
8
BLACK
6
CONTINUOUS
10
0.3506639763779528
20
1.0953740157480314
11
0.2871316141732284
21
1.0953740157480314
0
LINE
8
BLACK
6
CONTINUOUS
10
0.2871316141732284
20
1.0953740157480314
11
0.2871305905511811
21
1.0953739370078739
0
LINE
8
BLACK
6
CONTINUOUS
10
0.2871305905511811
20
1.0953739370078739
11
0.2861422047244094
21
1.0952593307086613
0
LINE
8
BLACK
6
CONTINUOUS
10
0.2861422047244094
20
1.0952593307086613
11
0.2861420472440945
21
1.0952592519685038
0
LINE
8
BLACK
6
CONTINUOUS
10
0.2861420472440945
20
1.0952592519685038
11
0.2820958661417323
21
1.093472716535433
0
LINE
8
BLACK
6
CONTINUOUS
10
0.2820958661417323
20
1.093472716535433
11
0.2789682677165354
21
1.0903451181102362
0
LINE
8
BLACK
6
CONTINUOUS
10
0.2789682677165354
20
1.0903451181102362
11
0.2771816929133858
21
1.0862989763779527
0
LINE
8
BLACK
6
CONTINUOUS
10
0.2771816929133858
20
1.0862989763779527
11
0.2771816929133858
21
1.0862988976377952
0
LINE
8
BLACK
6
CONTINUOUS
10
0.2771816929133858
20
1.0862988976377952
11
0.2770669291338583
21
1.0853098031496062
0
LINE
8
BLACK
6
CONTINUOUS
10
0.2770669291338583
20
1.0853098031496062
11
0.2770669291338583
21
1.0217773228346456
0
LINE
8
BLACK
6
CONTINUOUS
10
0.3770669291338583
20
1.0217773228346456
11
0.3770670078740158
21
1.0217762992125985
0
LINE
8
BLACK
6
CONTINUOUS
10
0.3770670078740158
20
1.0217762992125985
11
0.3771816141732283
21
1.0207879133858266
0
LINE
8
BLACK
6
CONTINUOUS
10
0.3771816141732283
20
1.0207879133858266
11
0.3771816929133858
21
1.0207877559055119
0
LINE
8
BLACK
6
CONTINUOUS
10
0.3771816929133858
20
1.0207877559055119
11
0.3789682283464567
21
1.0167415748031496
0
LINE
8
BLACK
6
CONTINUOUS
10
0.3789682283464567
20
1.0167415748031496
11
0.3789682677165354
21
1.0167415354330709
0
LINE
8
BLACK
6
CONTINUOUS
10
0.3789682677165354
20
1.0167415354330709
11
0.3820958661417323
21
1.0136139370078741
0
LINE
8
BLACK
6
CONTINUOUS
10
0.3820958661417323
20
1.0136139370078741
11
0.3861420866141732
21
1.0118273622047245
0
LINE
8
BLACK
6
CONTINUOUS
10
0.3861420866141732
20
1.0118273622047245
11
0.3871312992125984
21
1.0117125984251969
0
LINE
8
BLACK
6
CONTINUOUS
10
0.3871312992125984
20
1.0117125984251969
11
0.450663937007874
21
1.0117126377952756
0
LINE
8
BLACK
6
CONTINUOUS
10
0.450663937007874
20
1.0117126377952756
11
0.4506645275590551
21
1.0117127165354332
0
LINE
8
BLACK
6
CONTINUOUS
10
0.4506645275590551
20
1.0117127165354332
11
0.4506646456692913
21
1.0117127165354332
0
LINE
8
BLACK
6
CONTINUOUS
10
0.4506646456692913
20
1.0117127165354332
11
0.451653031496063
21
1.0118273228346457
0
LINE
8
BLACK
6
CONTINUOUS
10
0.451653031496063
20
1.0118273228346457
11
0.4516530708661417
21
1.0118273622047245
0
LINE
8
BLACK
6
CONTINUOUS
10
0.4516530708661417
20
1.0118273622047245
11
0.451653188976378
21
1.0118273622047245
0
LINE
8
BLACK
6
CONTINUOUS
10
0.451653188976378
20
1.0118273622047245
11
0.4556994094488189
21
1.0136139370078741
0
LINE
8
BLACK
6
CONTINUOUS
10
0.4556994094488189
20
1.0136139370078741
11
0.4588270078740158
21
1.0167415354330709
0
LINE
8
BLACK
6
CONTINUOUS
10
0.4588270078740158
20
1.0167415354330709
11
0.4606135826771653
21
1.0207877559055119
0
LINE
8
BLACK
6
CONTINUOUS
10
0.4606135826771653
20
1.0207877559055119
11
0.4607283464566929
21
1.0217769685039371
0
LINE
8
BLACK
6
CONTINUOUS
10
0.4607283464566929
20
1.0217769685039371
11
0.4607283070866142
21
1.0853096062992125
0
LINE
8
BLACK
6
CONTINUOUS
10
0.4607283070866142
20
1.0853096062992125
11
0.4606922440944882
21
1.0856207086614174
0
LINE
8
BLACK
6
CONTINUOUS
10
0.4606922440944882
20
1.0856207086614174
11
0.4606136220472441
21
1.0862987401574802
0
LINE
8
BLACK
6
CONTINUOUS
10
0.4606136220472441
20
1.0862987401574802
11
0.4606135826771653
21
1.0862988188976377
0
LINE
8
BLACK
6
CONTINUOUS
10
0.4606135826771653
20
1.0862988188976377
11
0.4606135826771653
21
1.0862988582677164
0
LINE
8
BLACK
6
CONTINUOUS
10
0.4606135826771653
20
1.0862988582677164
11
0.4588270078740158
21
1.0903450787401574
0
LINE
8
BLACK
6
CONTINUOUS
10
0.4588270078740158
20
1.0903450787401574
11
0.4556994094488189
21
1.0934726771653542
0
LINE
8
BLACK
6
CONTINUOUS
10
0.4556994094488189
20
1.0934726771653542
11
0.4556993307086614
21
1.093472716535433
0
LINE
8
BLACK
6
CONTINUOUS
10
0.4556993307086614
20
1.093472716535433
11
0.4516532283464567
21
1.0952592519685038
0
LINE
8
BLACK
6
CONTINUOUS
10
0.4516532283464567
20
1.0952592519685038
11
0.4506639763779527
21
1.0953740157480314
0
LINE
8
BLACK
6
CONTINUOUS
10
0.4506639763779527
20
1.0953740157480314
11
0.3871316141732283
21
1.0953740157480314
0
LINE
8
BLACK
6
CONTINUOUS
10
0.3871316141732283
20
1.0953740157480314
11
0.3871305905511811
21
1.0953739370078739
0
LINE
8
BLACK
6
CONTINUOUS
10
0.3871305905511811
20
1.0953739370078739
11
0.3861422047244095
21
1.0952593307086613
0
LINE
8
BLACK
6
CONTINUOUS
10
0.3861422047244095
20
1.0952593307086613
11
0.3861420472440945
21
1.0952592519685038
0
LINE
8
BLACK
6
CONTINUOUS
10
0.3861420472440945
20
1.0952592519685038
11
0.3820958661417323
21
1.093472716535433
0
LINE
8
BLACK
6
CONTINUOUS
10
0.3820958661417323
20
1.093472716535433
11
0.3789682677165354
21
1.0903451181102362
0
LINE
8
BLACK
6
CONTINUOUS
10
0.3789682677165354
20
1.0903451181102362
11
0.3771816929133858
21
1.0862989763779527
0
LINE
8
BLACK
6
CONTINUOUS
10
0.3771816929133858
20
1.0862989763779527
11
0.3771816929133858
21
1.0862988976377952
0
LINE
8
BLACK
6
CONTINUOUS
10
0.3771816929133858
20
1.0862988976377952
11
0.3770669291338583
21
1.0853098031496062
0
LINE
8
BLACK
6
CONTINUOUS
10
0.3770669291338583
20
1.0853098031496062
11
0.3770669291338583
21
1.0217773228346456
0
LINE
8
BLACK
6
CONTINUOUS
10
2.3203740157480315
20
1.1170529133858267
11
2.320374094488189
21
1.1170518897637796
0
LINE
8
BLACK
6
CONTINUOUS
10
2.320374094488189
20
1.1170518897637796
11
2.3204887007874015
21
1.1160635039370079
0
LINE
8
BLACK
6
CONTINUOUS
10
2.3204887007874015
20
1.1160635039370079
11
2.3204887795275591
21
1.1160633464566929
0
LINE
8
BLACK
6
CONTINUOUS
10
2.3204887795275591
20
1.1160633464566929
11
2.3222753149606299
21
1.1120171653543307
0
LINE
8
BLACK
6
CONTINUOUS
10
2.3222753149606299
20
1.1120171653543307
11
2.3222753543307086
21
1.112017125984252
0
LINE
8
BLACK
6
CONTINUOUS
10
2.3222753543307086
20
1.112017125984252
11
2.3254029527559053
21
1.1088895275590551
0
LINE
8
BLACK
6
CONTINUOUS
10
2.3254029527559053
20
1.1088895275590551
11
2.3294491732283462
21
1.1071029527559055
0
LINE
8
BLACK
6
CONTINUOUS
10
2.3294491732283462
20
1.1071029527559055
11
2.3304383858267714
21
1.106988188976378
0
LINE
8
BLACK
6
CONTINUOUS
10
2.3304383858267714
20
1.106988188976378
11
2.3939710236220471
21
1.1069882283464567
0
LINE
8
BLACK
6
CONTINUOUS
10
2.3939710236220471
20
1.1069882283464567
11
2.3939716141732283
21
1.1069883070866142
0
LINE
8
BLACK
6
CONTINUOUS
10
2.3939716141732283
20
1.1069883070866142
11
2.3939717322834646
21
1.1069883070866142
0
LINE
8
BLACK
6
CONTINUOUS
10
2.3939717322834646
20
1.1069883070866142
11
2.394960118110236
21
1.1071029133858268
0
LINE
8
BLACK
6
CONTINUOUS
10
2.394960118110236
20
1.1071029133858268
11
2.3949601574803148
21
1.1071029527559055
0
LINE
8
BLACK
6
CONTINUOUS
10
2.3949601574803148
20
1.1071029527559055
11
2.394960275590551
21
1.1071029527559055
0
LINE
8
BLACK
6
CONTINUOUS
10
2.394960275590551
20
1.1071029527559055
11
2.399006496062992
21
1.1088895275590551
0
LINE
8
BLACK
6
CONTINUOUS
10
2.399006496062992
20
1.1088895275590551
11
2.402134094488189
21
1.112017125984252
0
LINE
8
BLACK
6
CONTINUOUS
10
2.402134094488189
20
1.112017125984252
11
2.4039206692913386
21
1.1160633464566929
0
LINE
8
BLACK
6
CONTINUOUS
10
2.4039206692913386
20
1.1160633464566929
11
2.4040354330708662
21
1.1170525590551181
0
LINE
8
BLACK
6
CONTINUOUS
10
2.4040354330708662
20
1.1170525590551181
11
2.4040353937007874
21
1.1805851968503938
0
LINE
8
BLACK
6
CONTINUOUS
10
2.4040353937007874
20
1.1805851968503938
11
2.4040353937007874
21
1.1805852362204725
0
LINE
8
BLACK
6
CONTINUOUS
10
2.4040353937007874
20
1.1805852362204725
11
2.4040353937007874
21
1.1805853937007873
0
LINE
8
BLACK
6
CONTINUOUS
10
2.4040353937007874
20
1.1805853937007873
11
2.4040353937007874
21
1.1805854330708661
0
LINE
8
BLACK
6
CONTINUOUS
10
2.4040353937007874
20
1.1805854330708661
11
2.4039207086614174
21
1.1815743307086615
0
LINE
8
BLACK
6
CONTINUOUS
10
2.4039207086614174
20
1.1815743307086615
11
2.4039206692913386
21
1.181574409448819
0
LINE
8
BLACK
6
CONTINUOUS
10
2.4039206692913386
20
1.181574409448819
11
2.4039206692913386
21
1.1815744488188975
0
LINE
8
BLACK
6
CONTINUOUS
10
2.4039206692913386
20
1.1815744488188975
11
2.402134094488189
21
1.1856206692913385
0
LINE
8
BLACK
6
CONTINUOUS
10
2.402134094488189
20
1.1856206692913385
11
2.399006496062992
21
1.1887482677165353
0
LINE
8
BLACK
6
CONTINUOUS
10
2.399006496062992
20
1.1887482677165353
11
2.3990064173228345
21
1.1887483070866141
0
LINE
8
BLACK
6
CONTINUOUS
10
2.3990064173228345
20
1.1887483070866141
11
2.3949603149606298
21
1.1905348425196851
0
LINE
8
BLACK
6
CONTINUOUS
10
2.3949603149606298
20
1.1905348425196851
11
2.3939710629921258
21
1.1906496062992127
0
LINE
8
BLACK
6
CONTINUOUS
10
2.3939710629921258
20
1.1906496062992127
11
2.3304387007874015
21
1.1906496062992127
0
LINE
8
BLACK
6
CONTINUOUS
10
2.3304387007874015
20
1.1906496062992127
11
2.3304376771653543
21
1.1906495275590552
0
LINE
8
BLACK
6
CONTINUOUS
10
2.3304376771653543
20
1.1906495275590552
11
2.3294492913385825
21
1.1905349212598424
0
LINE
8
BLACK
6
CONTINUOUS
10
2.3294492913385825
20
1.1905349212598424
11
2.3294491338582675
21
1.1905348425196851
0
LINE
8
BLACK
6
CONTINUOUS
10
2.3294491338582675
20
1.1905348425196851
11
2.3254029527559053
21
1.1887483070866141
0
LINE
8
BLACK
6
CONTINUOUS
10
2.3254029527559053
20
1.1887483070866141
11
2.3222753543307086
21
1.1856207086614172
0
LINE
8
BLACK
6
CONTINUOUS
10
2.3222753543307086
20
1.1856207086614172
11
2.3204887795275591
21
1.1815745669291338
0
LINE
8
BLACK
6
CONTINUOUS
10
2.3204887795275591
20
1.1815745669291338
11
2.3204887795275591
21
1.1815744881889763
0
LINE
8
BLACK
6
CONTINUOUS
10
2.3204887795275591
20
1.1815744881889763
11
2.3203740157480315
21
1.1805853937007873
0
LINE
8
BLACK
6
CONTINUOUS
10
2.3203740157480315
20
1.1805853937007873
11
2.3203740157480315
21
1.1170529133858267
0
LINE
8
BLACK
6
CONTINUOUS
10
2.4203740157480316
20
1.1170529133858267
11
2.4203740944881891
21
1.1170518897637796
0
LINE
8
BLACK
6
CONTINUOUS
10
2.4203740944881891
20
1.1170518897637796
11
2.4204887007874016
21
1.1160635039370079
0
LINE
8
BLACK
6
CONTINUOUS
10
2.4204887007874016
20
1.1160635039370079
11
2.4204887795275591
21
1.1160633464566929
0
LINE
8
BLACK
6
CONTINUOUS
10
2.4204887795275591
20
1.1160633464566929
11
2.42227531496063
21
1.1120171653543307
0
LINE
8
BLACK
6
CONTINUOUS
10
2.42227531496063
20
1.1120171653543307
11
2.4222753543307087
21
1.112017125984252
0
LINE
8
BLACK
6
CONTINUOUS
10
2.4222753543307087
20
1.112017125984252
11
2.4254029527559053
21
1.1088895275590551
0
LINE
8
BLACK
6
CONTINUOUS
10
2.4254029527559053
20
1.1088895275590551
11
2.4294491732283463
21
1.1071029527559055
0
LINE
8
BLACK
6
CONTINUOUS
10
2.4294491732283463
20
1.1071029527559055
11
2.4304383858267715
21
1.106988188976378
0
LINE
8
BLACK
6
CONTINUOUS
10
2.4304383858267715
20
1.106988188976378
11
2.4939710236220471
21
1.1069882283464567
0
LINE
8
BLACK
6
CONTINUOUS
10
2.4939710236220471
20
1.1069882283464567
11
2.4939716141732284
21
1.1069883070866142
0
LINE
8
BLACK
6
CONTINUOUS
10
2.4939716141732284
20
1.1069883070866142
11
2.4939717322834647
21
1.1069883070866142
0
LINE
8
BLACK
6
CONTINUOUS
10
2.4939717322834647
20
1.1069883070866142
11
2.4949601181102361
21
1.1071029133858268
0
LINE
8
BLACK
6
CONTINUOUS
10
2.4949601181102361
20
1.1071029133858268
11
2.4949601574803149
21
1.1071029527559055
0
LINE
8
BLACK
6
CONTINUOUS
10
2.4949601574803149
20
1.1071029527559055
11
2.4949602755905511
21
1.1071029527559055
0
LINE
8
BLACK
6
CONTINUOUS
10
2.4949602755905511
20
1.1071029527559055
11
2.4990064960629921
21
1.1088895275590551
0
LINE
8
BLACK
6
CONTINUOUS
10
2.4990064960629921
20
1.1088895275590551
11
2.5021340944881891
21
1.112017125984252
0
LINE
8
BLACK
6
CONTINUOUS
10
2.5021340944881891
20
1.112017125984252
11
2.5039206692913387
21
1.1160633464566929
0
LINE
8
BLACK
6
CONTINUOUS
10
2.5039206692913387
20
1.1160633464566929
11
2.5040354330708663
21
1.1170525590551181
0
LINE
8
BLACK
6
CONTINUOUS
10
2.5040354330708663
20
1.1170525590551181
11
2.5040353937007875
21
1.1805851968503938
0
LINE
8
BLACK
6
CONTINUOUS
10
2.5040353937007875
20
1.1805851968503938
11
2.50403531496063
21
1.1805859448818898
0
LINE
8
BLACK
6
CONTINUOUS
10
2.50403531496063
20
1.1805859448818898
11
2.5039207086614175
21
1.1815743307086615
0
LINE
8
BLACK
6
CONTINUOUS
10
2.5039207086614175
20
1.1815743307086615
11
2.5039206692913387
21
1.181574409448819
0
LINE
8
BLACK
6
CONTINUOUS
10
2.5039206692913387
20
1.181574409448819
11
2.5039206692913387
21
1.1815744488188975
0
LINE
8
BLACK
6
CONTINUOUS
10
2.5039206692913387
20
1.1815744488188975
11
2.5021340944881891
21
1.1856206692913385
0
LINE
8
BLACK
6
CONTINUOUS
10
2.5021340944881891
20
1.1856206692913385
11
2.4990064960629921
21
1.1887482677165353
0
LINE
8
BLACK
6
CONTINUOUS
10
2.4990064960629921
20
1.1887482677165353
11
2.4990064173228346
21
1.1887483070866141
0
LINE
8
BLACK
6
CONTINUOUS
10
2.4990064173228346
20
1.1887483070866141
11
2.4949603149606299
21
1.1905348425196851
0
LINE
8
BLACK
6
CONTINUOUS
10
2.4949603149606299
20
1.1905348425196851
11
2.4939710629921259
21
1.1906496062992127
0
LINE
8
BLACK
6
CONTINUOUS
10
2.4939710629921259
20
1.1906496062992127
11
2.4304387007874015
21
1.1906496062992127
0
LINE
8
BLACK
6
CONTINUOUS
10
2.4304387007874015
20
1.1906496062992127
11
2.4304376771653544
21
1.1906495275590552
0
LINE
8
BLACK
6
CONTINUOUS
10
2.4304376771653544
20
1.1906495275590552
11
2.4294492913385826
21
1.1905349212598424
0
LINE
8
BLACK
6
CONTINUOUS
10
2.4294492913385826
20
1.1905349212598424
11
2.4294491338582676
21
1.1905348425196851
0
LINE
8
BLACK
6
CONTINUOUS
10
2.4294491338582676
20
1.1905348425196851
11
2.4254029527559053
21
1.1887483070866141
0
LINE
8
BLACK
6
CONTINUOUS
10
2.4254029527559053
20
1.1887483070866141
11
2.4222753543307087
21
1.1856207086614172
0
LINE
8
BLACK
6
CONTINUOUS
10
2.4222753543307087
20
1.1856207086614172
11
2.4204887795275591
21
1.1815745669291338
0
LINE
8
BLACK
6
CONTINUOUS
10
2.4204887795275591
20
1.1815745669291338
11
2.4204887795275591
21
1.1815744881889763
0
LINE
8
BLACK
6
CONTINUOUS
10
2.4204887795275591
20
1.1815744881889763
11
2.4203740157480316
21
1.1805853937007873
0
LINE
8
BLACK
6
CONTINUOUS
10
2.4203740157480316
20
1.1805853937007873
11
2.4203740157480316
21
1.1170529133858267
0
LINE
8
BLACK
6
CONTINUOUS
10
0.2770669291338583
20
1.1217773228346457
11
0.2770670078740157
21
1.1217762992125984
0
LINE
8
BLACK
6
CONTINUOUS
10
0.2770670078740157
20
1.1217762992125984
11
0.2771816141732283
21
1.1207879133858267
0
LINE
8
BLACK
6
CONTINUOUS
10
0.2771816141732283
20
1.1207879133858267
11
0.2771816929133858
21
1.1207877559055117
0
LINE
8
BLACK
6
CONTINUOUS
10
0.2771816929133858
20
1.1207877559055117
11
0.2789682283464567
21
1.1167415748031495
0
LINE
8
BLACK
6
CONTINUOUS
10
0.2789682283464567
20
1.1167415748031495
11
0.2789682677165354
21
1.1167415354330708
0
LINE
8
BLACK
6
CONTINUOUS
10
0.2789682677165354
20
1.1167415354330708
11
0.2820958661417323
21
1.1136139370078739
0
LINE
8
BLACK
6
CONTINUOUS
10
0.2820958661417323
20
1.1136139370078739
11
0.2861420866141732
21
1.1118273622047243
0
LINE
8
BLACK
6
CONTINUOUS
10
0.2861420866141732
20
1.1118273622047243
11
0.2871312992125984
21
1.1117125984251968
0
LINE
8
BLACK
6
CONTINUOUS
10
0.2871312992125984
20
1.1117125984251968
11
0.350663937007874
21
1.1117126377952755
0
LINE
8
BLACK
6
CONTINUOUS
10
0.350663937007874
20
1.1117126377952755
11
0.3506645275590551
21
1.111712716535433
0
LINE
8
BLACK
6
CONTINUOUS
10
0.3506645275590551
20
1.111712716535433
11
0.3506646456692913
21
1.111712716535433
0
LINE
8
BLACK
6
CONTINUOUS
10
0.3506646456692913
20
1.111712716535433
11
0.351653031496063
21
1.1118273228346456
0
LINE
8
BLACK
6
CONTINUOUS
10
0.351653031496063
20
1.1118273228346456
11
0.3516530708661417
21
1.1118273622047243
0
LINE
8
BLACK
6
CONTINUOUS
10
0.3516530708661417
20
1.1118273622047243
11
0.3516531889763779
21
1.1118273622047243
0
LINE
8
BLACK
6
CONTINUOUS
10
0.3516531889763779
20
1.1118273622047243
11
0.3556994094488189
21
1.1136139370078739
0
LINE
8
BLACK
6
CONTINUOUS
10
0.3556994094488189
20
1.1136139370078739
11
0.3588270078740157
21
1.1167415354330708
0
LINE
8
BLACK
6
CONTINUOUS
10
0.3588270078740157
20
1.1167415354330708
11
0.3606135826771654
21
1.1207877559055117
0
LINE
8
BLACK
6
CONTINUOUS
10
0.3606135826771654
20
1.1207877559055117
11
0.3607283464566929
21
1.1217769685039369
0
LINE
8
BLACK
6
CONTINUOUS
10
0.3607283464566929
20
1.1217769685039369
11
0.3607283070866142
21
1.1853096062992126
0
LINE
8
BLACK
6
CONTINUOUS
10
0.3607283070866142
20
1.1853096062992126
11
0.3607283070866142
21
1.1853096456692913
0
LINE
8
BLACK
6
CONTINUOUS
10
0.3607283070866142
20
1.1853096456692913
11
0.3607283070866142
21
1.1853098031496063
0
LINE
8
BLACK
6
CONTINUOUS
10
0.3607283070866142
20
1.1853098031496063
11
0.3607283070866142
21
1.1853098425196851
0
LINE
8
BLACK
6
CONTINUOUS
10
0.3607283070866142
20
1.1853098425196851
11
0.3606136220472441
21
1.1862987401574803
0
LINE
8
BLACK
6
CONTINUOUS
10
0.3606136220472441
20
1.1862987401574803
11
0.3606135826771654
21
1.1862988188976378
0
LINE
8
BLACK
6
CONTINUOUS
10
0.3606135826771654
20
1.1862988188976378
11
0.3606135826771654
21
1.1862988582677165
0
LINE
8
BLACK
6
CONTINUOUS
10
0.3606135826771654
20
1.1862988582677165
11
0.3588270078740157
21
1.1903450787401575
0
LINE
8
BLACK
6
CONTINUOUS
10
0.3588270078740157
20
1.1903450787401575
11
0.3556994094488189
21
1.1934726771653543
0
LINE
8
BLACK
6
CONTINUOUS
10
0.3556994094488189
20
1.1934726771653543
11
0.3546375590551181
21
1.1939415354330709
0
LINE
8
BLACK
6
CONTINUOUS
10
0.3546375590551181
20
1.1939415354330709
11
0.3516532283464567
21
1.1952592519685039
0
LINE
8
BLACK
6
CONTINUOUS
10
0.3516532283464567
20
1.1952592519685039
11
0.3506639763779528
21
1.1953740157480315
0
LINE
8
BLACK
6
CONTINUOUS
10
0.3506639763779528
20
1.1953740157480315
11
0.2871316141732284
21
1.1953740157480315
0
LINE
8
BLACK
6
CONTINUOUS
10
0.2871316141732284
20
1.1953740157480315
11
0.2871305905511811
21
1.195373937007874
0
LINE
8
BLACK
6
CONTINUOUS
10
0.2871305905511811
20
1.195373937007874
11
0.2861422047244094
21
1.1952593307086614
0
LINE
8
BLACK
6
CONTINUOUS
10
0.2861422047244094
20
1.1952593307086614
11
0.2861420472440945
21
1.1952592519685039
0
LINE
8
BLACK
6
CONTINUOUS
10
0.2861420472440945
20
1.1952592519685039
11
0.2820958661417323
21
1.1934727165354331
0
LINE
8
BLACK
6
CONTINUOUS
10
0.2820958661417323
20
1.1934727165354331
11
0.2789682677165354
21
1.1903451181102362
0
LINE
8
BLACK
6
CONTINUOUS
10
0.2789682677165354
20
1.1903451181102362
11
0.2771816929133858
21
1.1862989763779528
0
LINE
8
BLACK
6
CONTINUOUS
10
0.2771816929133858
20
1.1862989763779528
11
0.2771816929133858
21
1.1862988976377953
0
LINE
8
BLACK
6
CONTINUOUS
10
0.2771816929133858
20
1.1862988976377953
11
0.2770669291338583
21
1.1853098031496063
0
LINE
8
BLACK
6
CONTINUOUS
10
0.2770669291338583
20
1.1853098031496063
11
0.2770669291338583
21
1.1217773228346457
0
LINE
8
BLACK
6
CONTINUOUS
10
0.3770669291338583
20
1.1217773228346457
11
0.3770670078740158
21
1.1217762992125984
0
LINE
8
BLACK
6
CONTINUOUS
10
0.3770670078740158
20
1.1217762992125984
11
0.3771816141732283
21
1.1207879133858267
0
LINE
8
BLACK
6
CONTINUOUS
10
0.3771816141732283
20
1.1207879133858267
11
0.3771816929133858
21
1.1207877559055117
0
LINE
8
BLACK
6
CONTINUOUS
10
0.3771816929133858
20
1.1207877559055117
11
0.3789682283464567
21
1.1167415748031495
0
LINE
8
BLACK
6
CONTINUOUS
10
0.3789682283464567
20
1.1167415748031495
11
0.3789682677165354
21
1.1167415354330708
0
LINE
8
BLACK
6
CONTINUOUS
10
0.3789682677165354
20
1.1167415354330708
11
0.3820958661417323
21
1.1136139370078739
0
LINE
8
BLACK
6
CONTINUOUS
10
0.3820958661417323
20
1.1136139370078739
11
0.3861420866141732
21
1.1118273622047243
0
LINE
8
BLACK
6
CONTINUOUS
10
0.3861420866141732
20
1.1118273622047243
11
0.3871312992125984
21
1.1117125984251968
0
LINE
8
BLACK
6
CONTINUOUS
10
0.3871312992125984
20
1.1117125984251968
11
0.450663937007874
21
1.1117126377952755
0
LINE
8
BLACK
6
CONTINUOUS
10
0.450663937007874
20
1.1117126377952755
11
0.4506645275590551
21
1.111712716535433
0
LINE
8
BLACK
6
CONTINUOUS
10
0.4506645275590551
20
1.111712716535433
11
0.4506646456692913
21
1.111712716535433
0
LINE
8
BLACK
6
CONTINUOUS
10
0.4506646456692913
20
1.111712716535433
11
0.451653031496063
21
1.1118273228346456
0
LINE
8
BLACK
6
CONTINUOUS
10
0.451653031496063
20
1.1118273228346456
11
0.4516530708661417
21
1.1118273622047243
0
LINE
8
BLACK
6
CONTINUOUS
10
0.4516530708661417
20
1.1118273622047243
11
0.451653188976378
21
1.1118273622047243
0
LINE
8
BLACK
6
CONTINUOUS
10
0.451653188976378
20
1.1118273622047243
11
0.4556994094488189
21
1.1136139370078739
0
LINE
8
BLACK
6
CONTINUOUS
10
0.4556994094488189
20
1.1136139370078739
11
0.4588270078740158
21
1.1167415354330708
0
LINE
8
BLACK
6
CONTINUOUS
10
0.4588270078740158
20
1.1167415354330708
11
0.4606135826771653
21
1.1207877559055117
0
LINE
8
BLACK
6
CONTINUOUS
10
0.4606135826771653
20
1.1207877559055117
11
0.4607283464566929
21
1.1217769685039369
0
LINE
8
BLACK
6
CONTINUOUS
10
0.4607283464566929
20
1.1217769685039369
11
0.4607283070866142
21
1.1853096062992126
0
LINE
8
BLACK
6
CONTINUOUS
10
0.4607283070866142
20
1.1853096062992126
11
0.4606922440944882
21
1.1856207086614172
0
LINE
8
BLACK
6
CONTINUOUS
10
0.4606922440944882
20
1.1856207086614172
11
0.4606136220472441
21
1.1862987401574803
0
LINE
8
BLACK
6
CONTINUOUS
10
0.4606136220472441
20
1.1862987401574803
11
0.4606135826771653
21
1.1862988188976378
0
LINE
8
BLACK
6
CONTINUOUS
10
0.4606135826771653
20
1.1862988188976378
11
0.4606135826771653
21
1.1862988582677165
0
LINE
8
BLACK
6
CONTINUOUS
10
0.4606135826771653
20
1.1862988582677165
11
0.4588270078740158
21
1.1903450787401575
0
LINE
8
BLACK
6
CONTINUOUS
10
0.4588270078740158
20
1.1903450787401575
11
0.4556994094488189
21
1.1934726771653543
0
LINE
8
BLACK
6
CONTINUOUS
10
0.4556994094488189
20
1.1934726771653543
11
0.4546375590551181
21
1.1939415354330709
0
LINE
8
BLACK
6
CONTINUOUS
10
0.4546375590551181
20
1.1939415354330709
11
0.4516532283464567
21
1.1952592519685039
0
LINE
8
BLACK
6
CONTINUOUS
10
0.4516532283464567
20
1.1952592519685039
11
0.4506639763779527
21
1.1953740157480315
0
LINE
8
BLACK
6
CONTINUOUS
10
0.4506639763779527
20
1.1953740157480315
11
0.3871316141732283
21
1.1953740157480315
0
LINE
8
BLACK
6
CONTINUOUS
10
0.3871316141732283
20
1.1953740157480315
11
0.3871305905511811
21
1.195373937007874
0
LINE
8
BLACK
6
CONTINUOUS
10
0.3871305905511811
20
1.195373937007874
11
0.3861422047244095
21
1.1952593307086614
0
LINE
8
BLACK
6
CONTINUOUS
10
0.3861422047244095
20
1.1952593307086614
11
0.3861420472440945
21
1.1952592519685039
0
LINE
8
BLACK
6
CONTINUOUS
10
0.3861420472440945
20
1.1952592519685039
11
0.3820958661417323
21
1.1934727165354331
0
LINE
8
BLACK
6
CONTINUOUS
10
0.3820958661417323
20
1.1934727165354331
11
0.3789682677165354
21
1.1903451181102362
0
LINE
8
BLACK
6
CONTINUOUS
10
0.3789682677165354
20
1.1903451181102362
11
0.3771816929133858
21
1.1862989763779528
0
LINE
8
BLACK
6
CONTINUOUS
10
0.3771816929133858
20
1.1862989763779528
11
0.3771816929133858
21
1.1862988976377953
0
LINE
8
BLACK
6
CONTINUOUS
10
0.3771816929133858
20
1.1862988976377953
11
0.3770669291338583
21
1.1853098031496063
0
LINE
8
BLACK
6
CONTINUOUS
10
0.3770669291338583
20
1.1853098031496063
11
0.3770669291338583
21
1.1217773228346457
0
LINE
8
BLACK
6
CONTINUOUS
10
2.0117125590551179
20
1.1627222047244095
11
2.0117126377952754
21
1.1627211811023621
0
LINE
8
BLACK
6
CONTINUOUS
10
2.0117126377952754
20
1.1627211811023621
11
2.011827244094488
21
1.1617327952755905
0
LINE
8
BLACK
6
CONTINUOUS
10
2.011827244094488
20
1.1617327952755905
11
2.0118273228346455
21
1.1617326377952755
0
LINE
8
BLACK
6
CONTINUOUS
10
2.0118273228346455
20
1.1617326377952755
11
2.0136138582677163
21
1.1576864566929133
0
LINE
8
BLACK
6
CONTINUOUS
10
2.0136138582677163
20
1.1576864566929133
11
2.0136138976377951
21
1.1576864173228347
0
LINE
8
BLACK
6
CONTINUOUS
10
2.0136138976377951
20
1.1576864173228347
11
2.0167414960629921
21
1.1545588188976377
0
LINE
8
BLACK
6
CONTINUOUS
10
2.0167414960629921
20
1.1545588188976377
11
2.0207877165354331
21
1.1527722440944881
0
LINE
8
BLACK
6
CONTINUOUS
10
2.0207877165354331
20
1.1527722440944881
11
2.0217769291338583
21
1.1526574803149605
0
LINE
8
BLACK
6
CONTINUOUS
10
2.0217769291338583
20
1.1526574803149605
11
2.0853095669291339
21
1.1526575196850393
0
LINE
8
BLACK
6
CONTINUOUS
10
2.0853095669291339
20
1.1526575196850393
11
2.0853101574803148
21
1.1526575984251968
0
LINE
8
BLACK
6
CONTINUOUS
10
2.0853101574803148
20
1.1526575984251968
11
2.085310275590551
21
1.1526575984251968
0
LINE
8
BLACK
6
CONTINUOUS
10
2.085310275590551
20
1.1526575984251968
11
2.0862986614173229
21
1.1527722047244093
0
LINE
8
BLACK
6
CONTINUOUS
10
2.0862986614173229
20
1.1527722047244093
11
2.0862987007874016
21
1.1527722440944881
0
LINE
8
BLACK
6
CONTINUOUS
10
2.0862987007874016
20
1.1527722440944881
11
2.0862988188976379
21
1.1527722440944881
0
LINE
8
BLACK
6
CONTINUOUS
10
2.0862988188976379
20
1.1527722440944881
11
2.0903450393700789
21
1.1545588188976377
0
LINE
8
BLACK
6
CONTINUOUS
10
2.0903450393700789
20
1.1545588188976377
11
2.0934726377952755
21
1.1576864173228347
0
LINE
8
BLACK
6
CONTINUOUS
10
2.0934726377952755
20
1.1576864173228347
11
2.0952592125984251
21
1.1617326377952755
0
LINE
8
BLACK
6
CONTINUOUS
10
2.0952592125984251
20
1.1617326377952755
11
2.0953739763779526
21
1.1627218503937007
0
LINE
8
BLACK
6
CONTINUOUS
10
2.0953739763779526
20
1.1627218503937007
11
2.0953739370078739
21
1.2262544881889763
0
LINE
8
BLACK
6
CONTINUOUS
10
2.0953739370078739
20
1.2262544881889763
11
2.0953739370078739
21
1.2262545275590551
0
LINE
8
BLACK
6
CONTINUOUS
10
2.0953739370078739
20
1.2262545275590551
11
2.0953739370078739
21
1.2262546850393701
0
LINE
8
BLACK
6
CONTINUOUS
10
2.0953739370078739
20
1.2262546850393701
11
2.0953739370078739
21
1.2262547244094488
0
LINE
8
BLACK
6
CONTINUOUS
10
2.0953739370078739
20
1.2262547244094488
11
2.0952592519685038
21
1.227243622047244
0
LINE
8
BLACK
6
CONTINUOUS
10
2.0952592519685038
20
1.227243622047244
11
2.0952592125984251
21
1.2272437007874015
0
LINE
8
BLACK
6
CONTINUOUS
10
2.0952592125984251
20
1.2272437007874015
11
2.0952592125984251
21
1.2272437401574803
0
LINE
8
BLACK
6
CONTINUOUS
10
2.0952592125984251
20
1.2272437401574803
11
2.0934726377952755
21
1.2312899606299212
0
LINE
8
BLACK
6
CONTINUOUS
10
2.0934726377952755
20
1.2312899606299212
11
2.0903450393700789
21
1.2344175590551181
0
LINE
8
BLACK
6
CONTINUOUS
10
2.0903450393700789
20
1.2344175590551181
11
2.0903449606299214
21
1.2344175984251968
0
LINE
8
BLACK
6
CONTINUOUS
10
2.0903449606299214
20
1.2344175984251968
11
2.0862988582677167
21
1.2362041338582677
0
LINE
8
BLACK
6
CONTINUOUS
10
2.0862988582677167
20
1.2362041338582677
11
2.0853096062992127
21
1.2363188976377952
0
LINE
8
BLACK
6
CONTINUOUS
10
2.0853096062992127
20
1.2363188976377952
11
2.0217772440944883
21
1.2363188976377952
0
LINE
8
BLACK
6
CONTINUOUS
10
2.0217772440944883
20
1.2363188976377952
11
2.0217762204724408
21
1.2363188188976377
0
LINE
8
BLACK
6
CONTINUOUS
10
2.0217762204724408
20
1.2363188188976377
11
2.0207878346456694
21
1.2362042125984252
0
LINE
8
BLACK
6
CONTINUOUS
10
2.0207878346456694
20
1.2362042125984252
11
2.0207876771653543
21
1.2362041338582677
0
LINE
8
BLACK
6
CONTINUOUS
10
2.0207876771653543
20
1.2362041338582677
11
2.0167414960629921
21
1.2344175984251968
0
LINE
8
BLACK
6
CONTINUOUS
10
2.0167414960629921
20
1.2344175984251968
11
2.0136138976377951
21
1.23129
0
LINE
8
BLACK
6
CONTINUOUS
10
2.0136138976377951
20
1.23129
11
2.0118273228346455
21
1.2272438582677165
0
LINE
8
BLACK
6
CONTINUOUS
10
2.0118273228346455
20
1.2272438582677165
11
2.0118273228346455
21
1.227243779527559
0
LINE
8
BLACK
6
CONTINUOUS
10
2.0118273228346455
20
1.227243779527559
11
2.0117125590551179
21
1.2262546850393701
0
LINE
8
BLACK
6
CONTINUOUS
10
2.0117125590551179
20
1.2262546850393701
11
2.0117125590551179
21
1.1627222047244095
0
LINE
8
BLACK
6
CONTINUOUS
10
2.111712559055118
20
1.1627222047244095
11
2.1117126377952755
21
1.1627211811023621
0
LINE
8
BLACK
6
CONTINUOUS
10
2.1117126377952755
20
1.1627211811023621
11
2.1118272440944881
21
1.1617327952755905
0
LINE
8
BLACK
6
CONTINUOUS
10
2.1118272440944881
20
1.1617327952755905
11
2.1118273228346456
21
1.1617326377952755
0
LINE
8
BLACK
6
CONTINUOUS
10
2.1118273228346456
20
1.1617326377952755
11
2.1136138582677164
21
1.1576864566929133
0
LINE
8
BLACK
6
CONTINUOUS
10
2.1136138582677164
20
1.1576864566929133
11
2.1136138976377952
21
1.1576864173228347
0
LINE
8
BLACK
6
CONTINUOUS
10
2.1136138976377952
20
1.1576864173228347
11
2.1167414960629922
21
1.1545588188976377
0
LINE
8
BLACK
6
CONTINUOUS
10
2.1167414960629922
20
1.1545588188976377
11
2.1207877165354332
21
1.1527722440944881
0
LINE
8
BLACK
6
CONTINUOUS
10
2.1207877165354332
20
1.1527722440944881
11
2.1217769291338584
21
1.1526574803149605
0
LINE
8
BLACK
6
CONTINUOUS
10
2.1217769291338584
20
1.1526574803149605
11
2.185309566929134
21
1.1526575196850393
0
LINE
8
BLACK
6
CONTINUOUS
10
2.185309566929134
20
1.1526575196850393
11
2.1853101574803149
21
1.1526575984251968
0
LINE
8
BLACK
6
CONTINUOUS
10
2.1853101574803149
20
1.1526575984251968
11
2.1853102755905511
21
1.1526575984251968
0
LINE
8
BLACK
6
CONTINUOUS
10
2.1853102755905511
20
1.1526575984251968
11
2.186298661417323
21
1.1527722047244093
0
LINE
8
BLACK
6
CONTINUOUS
10
2.186298661417323
20
1.1527722047244093
11
2.1862987007874017
21
1.1527722440944881
0
LINE
8
BLACK
6
CONTINUOUS
10
2.1862987007874017
20
1.1527722440944881
11
2.1862988188976376
21
1.1527722440944881
0
LINE
8
BLACK
6
CONTINUOUS
10
2.1862988188976376
20
1.1527722440944881
11
2.1903450393700785
21
1.1545588188976377
0
LINE
8
BLACK
6
CONTINUOUS
10
2.1903450393700785
20
1.1545588188976377
11
2.1934726377952756
21
1.1576864173228347
0
LINE
8
BLACK
6
CONTINUOUS
10
2.1934726377952756
20
1.1576864173228347
11
2.1952592125984252
21
1.1617326377952755
0
LINE
8
BLACK
6
CONTINUOUS
10
2.1952592125984252
20
1.1617326377952755
11
2.1953739763779527
21
1.1627218503937007
0
LINE
8
BLACK
6
CONTINUOUS
10
2.1953739763779527
20
1.1627218503937007
11
2.195373937007874
21
1.1805853937007873
0
LINE
8
BLACK
6
CONTINUOUS
10
2.195373937007874
20
1.1805853937007873
11
2.195373937007874
21
1.1948947637795275
0
LINE
8
BLACK
6
CONTINUOUS
10
2.195373937007874
20
1.1948947637795275
11
2.195373937007874
21
1.2262542125984253
0
LINE
8
BLACK
6
CONTINUOUS
10
2.195373937007874
20
1.2262542125984253
11
2.195373937007874
21
1.2262544881889763
0
LINE
8
BLACK
6
CONTINUOUS
10
2.195373937007874
20
1.2262544881889763
11
2.1953738582677165
21
1.2262552362204724
0
LINE
8
BLACK
6
CONTINUOUS
10
2.1953738582677165
20
1.2262552362204724
11
2.1952592519685039
21
1.227243622047244
0
LINE
8
BLACK
6
CONTINUOUS
10
2.1952592519685039
20
1.227243622047244
11
2.1952592125984252
21
1.2272437007874015
0
LINE
8
BLACK
6
CONTINUOUS
10
2.1952592125984252
20
1.2272437007874015
11
2.1952592125984252
21
1.2272437401574803
0
LINE
8
BLACK
6
CONTINUOUS
10
2.1952592125984252
20
1.2272437401574803
11
2.1934726377952756
21
1.2312899606299212
0
LINE
8
BLACK
6
CONTINUOUS
10
2.1934726377952756
20
1.2312899606299212
11
2.1903450393700785
21
1.2344175590551181
0
LINE
8
BLACK
6
CONTINUOUS
10
2.1903450393700785
20
1.2344175590551181
11
2.190344960629921
21
1.2344175984251968
0
LINE
8
BLACK
6
CONTINUOUS
10
2.190344960629921
20
1.2344175984251968
11
2.1862988582677163
21
1.2362041338582677
0
LINE
8
BLACK
6
CONTINUOUS
10
2.1862988582677163
20
1.2362041338582677
11
2.1853096062992123
21
1.2363188976377952
0
LINE
8
BLACK
6
CONTINUOUS
10
2.1853096062992123
20
1.2363188976377952
11
2.121777244094488
21
1.2363188976377952
0
LINE
8
BLACK
6
CONTINUOUS
10
2.121777244094488
20
1.2363188976377952
11
2.1217762204724409
21
1.2363188188976377
0
LINE
8
BLACK
6
CONTINUOUS
10
2.1217762204724409
20
1.2363188188976377
11
2.1207878346456694
21
1.2362042125984252
0
LINE
8
BLACK
6
CONTINUOUS
10
2.1207878346456694
20
1.2362042125984252
11
2.1207876771653544
21
1.2362041338582677
0
LINE
8
BLACK
6
CONTINUOUS
10
2.1207876771653544
20
1.2362041338582677
11
2.1167414960629922
21
1.2344175984251968
0
LINE
8
BLACK
6
CONTINUOUS
10
2.1167414960629922
20
1.2344175984251968
11
2.1136138976377952
21
1.23129
0
LINE
8
BLACK
6
CONTINUOUS
10
2.1136138976377952
20
1.23129
11
2.1118273228346456
21
1.2272438582677165
0
LINE
8
BLACK
6
CONTINUOUS
10
2.1118273228346456
20
1.2272438582677165
11
2.1118273228346456
21
1.227243779527559
0
LINE
8
BLACK
6
CONTINUOUS
10
2.1118273228346456
20
1.227243779527559
11
2.111712559055118
21
1.2262546850393701
0
LINE
8
BLACK
6
CONTINUOUS
10
2.111712559055118
20
1.2262546850393701
11
2.111712559055118
21
1.1627222047244095
0
LINE
8
BLACK
6
CONTINUOUS
10
2.1953542913385826
20
1.2846456692913386
11
2.1835432677165354
21
1.2846456692913386
0
LINE
8
BLACK
6
CONTINUOUS
10
2.1835432677165354
20
1.2846456692913386
11
2.1835432677165354
21
1.2644881889763779
0
LINE
8
BLACK
6
CONTINUOUS
10
2.1835432677165354
20
1.2644881889763779
11
2.1633857874015749
21
1.2644881889763779
0
LINE
8
BLACK
6
CONTINUOUS
10
2.1633857874015749
20
1.2644881889763779
11
2.1633857874015749
21
1.2526772047244095
0
LINE
8
BLACK
6
CONTINUOUS
10
2.1633857874015749
20
1.2526772047244095
11
2.1853064960629922
21
1.2526772047244095
0
LINE
8
BLACK
6
CONTINUOUS
10
2.1853064960629922
20
1.2526772047244095
11
2.1853073622047243
21
1.252677283464567
0
LINE
8
BLACK
6
CONTINUOUS
10
2.1853073622047243
20
1.252677283464567
11
2.1862940157480315
21
1.2527916929133858
0
LINE
8
BLACK
6
CONTINUOUS
10
2.1862940157480315
20
1.2527916929133858
11
2.1862941732283465
21
1.2527917322834645
0
LINE
8
BLACK
6
CONTINUOUS
10
2.1862941732283465
20
1.2527917322834645
11
2.1903335826771655
21
1.254575275590551
0
LINE
8
BLACK
6
CONTINUOUS
10
2.1903335826771655
20
1.254575275590551
11
2.1903337795275588
21
1.2545753937007873
0
LINE
8
BLACK
6
CONTINUOUS
10
2.1903337795275588
20
1.2545753937007873
11
2.193456062992126
21
1.2576976771653543
0
LINE
8
BLACK
6
CONTINUOUS
10
2.193456062992126
20
1.2576976771653543
11
2.1934561811023623
21
1.2576978740157481
0
LINE
8
BLACK
6
CONTINUOUS
10
2.1934561811023623
20
1.2576978740157481
11
2.1952396850393701
21
1.261737125984252
0
LINE
8
BLACK
6
CONTINUOUS
10
2.1952396850393701
20
1.261737125984252
11
2.1952396850393701
21
1.2617372047244093
0
LINE
8
BLACK
6
CONTINUOUS
10
2.1952396850393701
20
1.2617372047244093
11
2.1953542519685039
21
1.2627246456692913
0
LINE
8
BLACK
6
CONTINUOUS
10
2.1953542519685039
20
1.2627246456692913
11
2.1953542913385826
21
1.2627247637795276
0
LINE
8
BLACK
6
CONTINUOUS
10
2.1953542913385826
20
1.2627247637795276
11
2.1953542913385826
21
1.2805853937007874
0
LINE
8
BLACK
6
CONTINUOUS
10
2.1953542913385826
20
1.2805853937007874
11
2.1953542913385826
21
1.2846456692913386
0
LINE
8
BLACK
6
CONTINUOUS
10
2.3203740157480315
20
1.2170529133858268
11
2.320374094488189
21
1.2170518897637794
0
LINE
8
BLACK
6
CONTINUOUS
10
2.320374094488189
20
1.2170518897637794
11
2.3204887007874015
21
1.2160635039370078
0
LINE
8
BLACK
6
CONTINUOUS
10
2.3204887007874015
20
1.2160635039370078
11
2.3204887795275591
21
1.2160633464566928
0
LINE
8
BLACK
6
CONTINUOUS
10
2.3204887795275591
20
1.2160633464566928
11
2.3222753149606299
21
1.2120171653543306
0
LINE
8
BLACK
6
CONTINUOUS
10
2.3222753149606299
20
1.2120171653543306
11
2.3222753543307086
21
1.212017125984252
0
LINE
8
BLACK
6
CONTINUOUS
10
2.3222753543307086
20
1.212017125984252
11
2.3254029527559053
21
1.208889527559055
0
LINE
8
BLACK
6
CONTINUOUS
10
2.3254029527559053
20
1.208889527559055
11
2.3294491732283462
21
1.2071029527559054
0
LINE
8
BLACK
6
CONTINUOUS
10
2.3294491732283462
20
1.2071029527559054
11
2.3304383858267714
21
1.2069881889763778
0
LINE
8
BLACK
6
CONTINUOUS
10
2.3304383858267714
20
1.2069881889763778
11
2.3939710236220471
21
1.2069882283464566
0
LINE
8
BLACK
6
CONTINUOUS
10
2.3939710236220471
20
1.2069882283464566
11
2.3939716141732283
21
1.2069883070866141
0
LINE
8
BLACK
6
CONTINUOUS
10
2.3939716141732283
20
1.2069883070866141
11
2.3939717322834646
21
1.2069883070866141
0
LINE
8
BLACK
6
CONTINUOUS
10
2.3939717322834646
20
1.2069883070866141
11
2.394960118110236
21
1.2071029133858266
0
LINE
8
BLACK
6
CONTINUOUS
10
2.394960118110236
20
1.2071029133858266
11
2.3949601574803148
21
1.2071029527559054
0
LINE
8
BLACK
6
CONTINUOUS
10
2.3949601574803148
20
1.2071029527559054
11
2.394960275590551
21
1.2071029527559054
0
LINE
8
BLACK
6
CONTINUOUS
10
2.394960275590551
20
1.2071029527559054
11
2.399006496062992
21
1.208889527559055
0
LINE
8
BLACK
6
CONTINUOUS
10
2.399006496062992
20
1.208889527559055
11
2.402134094488189
21
1.212017125984252
0
LINE
8
BLACK
6
CONTINUOUS
10
2.402134094488189
20
1.212017125984252
11
2.4039206692913386
21
1.2160633464566928
0
LINE
8
BLACK
6
CONTINUOUS
10
2.4039206692913386
20
1.2160633464566928
11
2.4040354330708662
21
1.217052559055118
0
LINE
8
BLACK
6
CONTINUOUS
10
2.4040354330708662
20
1.217052559055118
11
2.4040353937007874
21
1.2805851968503936
0
LINE
8
BLACK
6
CONTINUOUS
10
2.4040353937007874
20
1.2805851968503936
11
2.4040353937007874
21
1.2805852362204724
0
LINE
8
BLACK
6
CONTINUOUS
10
2.4040353937007874
20
1.2805852362204724
11
2.4040353937007874
21
1.2805853937007874
0
LINE
8
BLACK
6
CONTINUOUS
10
2.4040353937007874
20
1.2805853937007874
11
2.4040353937007874
21
1.2805854330708661
0
LINE
8
BLACK
6
CONTINUOUS
10
2.4040353937007874
20
1.2805854330708661
11
2.4039207086614174
21
1.2815743307086613
0
LINE
8
BLACK
6
CONTINUOUS
10
2.4039207086614174
20
1.2815743307086613
11
2.4039206692913386
21
1.2815744094488188
0
LINE
8
BLACK
6
CONTINUOUS
10
2.4039206692913386
20
1.2815744094488188
11
2.4039206692913386
21
1.2815744488188976
0
LINE
8
BLACK
6
CONTINUOUS
10
2.4039206692913386
20
1.2815744488188976
11
2.402134094488189
21
1.2856206692913386
0
LINE
8
BLACK
6
CONTINUOUS
10
2.402134094488189
20
1.2856206692913386
11
2.399006496062992
21
1.2887482677165354
0
LINE
8
BLACK
6
CONTINUOUS
10
2.399006496062992
20
1.2887482677165354
11
2.3990064173228345
21
1.2887483070866141
0
LINE
8
BLACK
6
CONTINUOUS
10
2.3990064173228345
20
1.2887483070866141
11
2.3949603149606298
21
1.290534842519685
0
LINE
8
BLACK
6
CONTINUOUS
10
2.3949603149606298
20
1.290534842519685
11
2.3939710629921258
21
1.2906496062992125
0
LINE
8
BLACK
6
CONTINUOUS
10
2.3939710629921258
20
1.2906496062992125
11
2.3304387007874015
21
1.2906496062992125
0
LINE
8
BLACK
6
CONTINUOUS
10
2.3304387007874015
20
1.2906496062992125
11
2.3304376771653543
21
1.290649527559055
0
LINE
8
BLACK
6
CONTINUOUS
10
2.3304376771653543
20
1.290649527559055
11
2.3294492913385825
21
1.2905349212598425
0
LINE
8
BLACK
6
CONTINUOUS
10
2.3294492913385825
20
1.2905349212598425
11
2.3294491338582675
21
1.290534842519685
0
LINE
8
BLACK
6
CONTINUOUS
10
2.3294491338582675
20
1.290534842519685
11
2.3254029527559053
21
1.2887483070866141
0
LINE
8
BLACK
6
CONTINUOUS
10
2.3254029527559053
20
1.2887483070866141
11
2.3222753543307086
21
1.2856207086614173
0
LINE
8
BLACK
6
CONTINUOUS
10
2.3222753543307086
20
1.2856207086614173
11
2.3204887795275591
21
1.2815745669291339
0
LINE
8
BLACK
6
CONTINUOUS
10
2.3204887795275591
20
1.2815745669291339
11
2.3204887795275591
21
1.2815744881889763
0
LINE
8
BLACK
6
CONTINUOUS
10
2.3204887795275591
20
1.2815744881889763
11
2.3203740157480315
21
1.2805853937007874
0
LINE
8
BLACK
6
CONTINUOUS
10
2.3203740157480315
20
1.2805853937007874
11
2.3203740157480315
21
1.2170529133858268
0
LINE
8
BLACK
6
CONTINUOUS
10
2.4203740157480316
20
1.2170529133858268
11
2.4203740944881891
21
1.2170518897637794
0
LINE
8
BLACK
6
CONTINUOUS
10
2.4203740944881891
20
1.2170518897637794
11
2.4204887007874016
21
1.2160635039370078
0
LINE
8
BLACK
6
CONTINUOUS
10
2.4204887007874016
20
1.2160635039370078
11
2.4204887795275591
21
1.2160633464566928
0
LINE
8
BLACK
6
CONTINUOUS
10
2.4204887795275591
20
1.2160633464566928
11
2.42227531496063
21
1.2120171653543306
0
LINE
8
BLACK
6
CONTINUOUS
10
2.42227531496063
20
1.2120171653543306
11
2.4222753543307087
21
1.212017125984252
0
LINE
8
BLACK
6
CONTINUOUS
10
2.4222753543307087
20
1.212017125984252
11
2.4254029527559053
21
1.208889527559055
0
LINE
8
BLACK
6
CONTINUOUS
10
2.4254029527559053
20
1.208889527559055
11
2.4294491732283463
21
1.2071029527559054
0
LINE
8
BLACK
6
CONTINUOUS
10
2.4294491732283463
20
1.2071029527559054
11
2.4304383858267715
21
1.2069881889763778
0
LINE
8
BLACK
6
CONTINUOUS
10
2.4304383858267715
20
1.2069881889763778
11
2.4939710236220471
21
1.2069882283464566
0
LINE
8
BLACK
6
CONTINUOUS
10
2.4939710236220471
20
1.2069882283464566
11
2.4939716141732284
21
1.2069883070866141
0
LINE
8
BLACK
6
CONTINUOUS
10
2.4939716141732284
20
1.2069883070866141
11
2.4939717322834647
21
1.2069883070866141
0
LINE
8
BLACK
6
CONTINUOUS
10
2.4939717322834647
20
1.2069883070866141
11
2.4949601181102361
21
1.2071029133858266
0
LINE
8
BLACK
6
CONTINUOUS
10
2.4949601181102361
20
1.2071029133858266
11
2.4949601574803149
21
1.2071029527559054
0
LINE
8
BLACK
6
CONTINUOUS
10
2.4949601574803149
20
1.2071029527559054
11
2.4949602755905511
21
1.2071029527559054
0
LINE
8
BLACK
6
CONTINUOUS
10
2.4949602755905511
20
1.2071029527559054
11
2.4990064960629921
21
1.208889527559055
0
LINE
8
BLACK
6
CONTINUOUS
10
2.4990064960629921
20
1.208889527559055
11
2.5021340944881891
21
1.212017125984252
0
LINE
8
BLACK
6
CONTINUOUS
10
2.5021340944881891
20
1.212017125984252
11
2.5039206692913387
21
1.2160633464566928
0
LINE
8
BLACK
6
CONTINUOUS
10
2.5039206692913387
20
1.2160633464566928
11
2.5040354330708663
21
1.217052559055118
0
LINE
8
BLACK
6
CONTINUOUS
10
2.5040354330708663
20
1.217052559055118
11
2.5040353937007875
21
1.2805851968503936
0
LINE
8
BLACK
6
CONTINUOUS
10
2.5040353937007875
20
1.2805851968503936
11
2.50403531496063
21
1.2805859448818897
0
LINE
8
BLACK
6
CONTINUOUS
10
2.50403531496063
20
1.2805859448818897
11
2.5039207086614175
21
1.2815743307086613
0
LINE
8
BLACK
6
CONTINUOUS
10
2.5039207086614175
20
1.2815743307086613
11
2.5039206692913387
21
1.2815744094488188
0
LINE
8
BLACK
6
CONTINUOUS
10
2.5039206692913387
20
1.2815744094488188
11
2.5039206692913387
21
1.2815744488188976
0
LINE
8
BLACK
6
CONTINUOUS
10
2.5039206692913387
20
1.2815744488188976
11
2.5021340944881891
21
1.2856206692913386
0
LINE
8
BLACK
6
CONTINUOUS
10
2.5021340944881891
20
1.2856206692913386
11
2.4990064960629921
21
1.2887482677165354
0
LINE
8
BLACK
6
CONTINUOUS
10
2.4990064960629921
20
1.2887482677165354
11
2.4990064173228346
21
1.2887483070866141
0
LINE
8
BLACK
6
CONTINUOUS
10
2.4990064173228346
20
1.2887483070866141
11
2.4949603149606299
21
1.290534842519685
0
LINE
8
BLACK
6
CONTINUOUS
10
2.4949603149606299
20
1.290534842519685
11
2.4939710629921259
21
1.2906496062992125
0
LINE
8
BLACK
6
CONTINUOUS
10
2.4939710629921259
20
1.2906496062992125
11
2.4304387007874015
21
1.2906496062992125
0
LINE
8
BLACK
6
CONTINUOUS
10
2.4304387007874015
20
1.2906496062992125
11
2.4304376771653544
21
1.290649527559055
0
LINE
8
BLACK
6
CONTINUOUS
10
2.4304376771653544
20
1.290649527559055
11
2.4294492913385826
21
1.2905349212598425
0
LINE
8
BLACK
6
CONTINUOUS
10
2.4294492913385826
20
1.2905349212598425
11
2.4294491338582676
21
1.290534842519685
0
LINE
8
BLACK
6
CONTINUOUS
10
2.4294491338582676
20
1.290534842519685
11
2.4254029527559053
21
1.2887483070866141
0
LINE
8
BLACK
6
CONTINUOUS
10
2.4254029527559053
20
1.2887483070866141
11
2.4222753543307087
21
1.2856207086614173
0
LINE
8
BLACK
6
CONTINUOUS
10
2.4222753543307087
20
1.2856207086614173
11
2.4204887795275591
21
1.2815745669291339
0
LINE
8
BLACK
6
CONTINUOUS
10
2.4204887795275591
20
1.2815745669291339
11
2.4204887795275591
21
1.2815744881889763
0
LINE
8
BLACK
6
CONTINUOUS
10
2.4204887795275591
20
1.2815744881889763
11
2.4203740157480316
21
1.2805853937007874
0
LINE
8
BLACK
6
CONTINUOUS
10
2.4203740157480316
20
1.2805853937007874
11
2.4203740157480316
21
1.2170529133858268
0
LINE
8
BLACK
6
CONTINUOUS
10
0.2770669291338583
20
1.2217773228346456
11
0.2770670078740157
21
1.2217762992125984
0
LINE
8
BLACK
6
CONTINUOUS
10
0.2770670078740157
20
1.2217762992125984
11
0.2771816141732283
21
1.2207879133858268
0
LINE
8
BLACK
6
CONTINUOUS
10
0.2771816141732283
20
1.2207879133858268
11
0.2771816929133858
21
1.2207877559055118
0
LINE
8
BLACK
6
CONTINUOUS
10
0.2771816929133858
20
1.2207877559055118
11
0.2789682283464567
21
1.2167415748031496
0
LINE
8
BLACK
6
CONTINUOUS
10
0.2789682283464567
20
1.2167415748031496
11
0.2789682677165354
21
1.2167415354330708
0
LINE
8
BLACK
6
CONTINUOUS
10
0.2789682677165354
20
1.2167415354330708
11
0.2820958661417323
21
1.213613937007874
0
LINE
8
BLACK
6
CONTINUOUS
10
0.2820958661417323
20
1.213613937007874
11
0.2861420866141732
21
1.2118273622047244
0
LINE
8
BLACK
6
CONTINUOUS
10
0.2861420866141732
20
1.2118273622047244
11
0.2871312992125984
21
1.2117125984251969
0
LINE
8
BLACK
6
CONTINUOUS
10
0.2871312992125984
20
1.2117125984251969
11
0.350663937007874
21
1.2117126377952756
0
LINE
8
BLACK
6
CONTINUOUS
10
0.350663937007874
20
1.2117126377952756
11
0.3506645275590551
21
1.2117127165354331
0
LINE
8
BLACK
6
CONTINUOUS
10
0.3506645275590551
20
1.2117127165354331
11
0.3506646456692913
21
1.2117127165354331
0
LINE
8
BLACK
6
CONTINUOUS
10
0.3506646456692913
20
1.2117127165354331
11
0.351653031496063
21
1.2118273228346457
0
LINE
8
BLACK
6
CONTINUOUS
10
0.351653031496063
20
1.2118273228346457
11
0.3516530708661417
21
1.2118273622047244
0
LINE
8
BLACK
6
CONTINUOUS
10
0.3516530708661417
20
1.2118273622047244
11
0.3516531889763779
21
1.2118273622047244
0
LINE
8
BLACK
6
CONTINUOUS
10
0.3516531889763779
20
1.2118273622047244
11
0.3556994094488189
21
1.213613937007874
0
LINE
8
BLACK
6
CONTINUOUS
10
0.3556994094488189
20
1.213613937007874
11
0.3588270078740157
21
1.2167415354330708
0
LINE
8
BLACK
6
CONTINUOUS
10
0.3588270078740157
20
1.2167415354330708
11
0.3606135826771654
21
1.2207877559055118
0
LINE
8
BLACK
6
CONTINUOUS
10
0.3606135826771654
20
1.2207877559055118
11
0.3607283464566929
21
1.221776968503937
0
LINE
8
BLACK
6
CONTINUOUS
10
0.3607283464566929
20
1.221776968503937
11
0.3607283070866142
21
1.2853096062992126
0
LINE
8
BLACK
6
CONTINUOUS
10
0.3607283070866142
20
1.2853096062992126
11
0.3607283070866142
21
1.2853096456692914
0
LINE
8
BLACK
6
CONTINUOUS
10
0.3607283070866142
20
1.2853096456692914
11
0.3607283070866142
21
1.2853098031496062
0
LINE
8
BLACK
6
CONTINUOUS
10
0.3607283070866142
20
1.2853098031496062
11
0.3607283070866142
21
1.2853098425196849
0
LINE
8
BLACK
6
CONTINUOUS
10
0.3607283070866142
20
1.2853098425196849
11
0.3606136220472441
21
1.2862987401574804
0
LINE
8
BLACK
6
CONTINUOUS
10
0.3606136220472441
20
1.2862987401574804
11
0.3606135826771654
21
1.2862988188976379
0
LINE
8
BLACK
6
CONTINUOUS
10
0.3606135826771654
20
1.2862988188976379
11
0.3606135826771654
21
1.2862988582677166
0
LINE
8
BLACK
6
CONTINUOUS
10
0.3606135826771654
20
1.2862988582677166
11
0.3588270078740157
21
1.2903450787401574
0
LINE
8
BLACK
6
CONTINUOUS
10
0.3588270078740157
20
1.2903450787401574
11
0.3556994094488189
21
1.2934726771653544
0
LINE
8
BLACK
6
CONTINUOUS
10
0.3556994094488189
20
1.2934726771653544
11
0.3556993307086614
21
1.2934727165354329
0
LINE
8
BLACK
6
CONTINUOUS
10
0.3556993307086614
20
1.2934727165354329
11
0.3516532283464567
21
1.295259251968504
0
LINE
8
BLACK
6
CONTINUOUS
10
0.3516532283464567
20
1.295259251968504
11
0.3506639763779528
21
1.2953740157480316
0
LINE
8
BLACK
6
CONTINUOUS
10
0.3506639763779528
20
1.2953740157480316
11
0.2871316141732284
21
1.2953740157480316
0
LINE
8
BLACK
6
CONTINUOUS
10
0.2871316141732284
20
1.2953740157480316
11
0.2871305905511811
21
1.2953739370078741
0
LINE
8
BLACK
6
CONTINUOUS
10
0.2871305905511811
20
1.2953739370078741
11
0.2861422047244094
21
1.2952593307086613
0
LINE
8
BLACK
6
CONTINUOUS
10
0.2861422047244094
20
1.2952593307086613
11
0.2861420472440945
21
1.295259251968504
0
LINE
8
BLACK
6
CONTINUOUS
10
0.2861420472440945
20
1.295259251968504
11
0.2820958661417323
21
1.2934727165354329
0
LINE
8
BLACK
6
CONTINUOUS
10
0.2820958661417323
20
1.2934727165354329
11
0.2789682677165354
21
1.2903451181102361
0
LINE
8
BLACK
6
CONTINUOUS
10
0.2789682677165354
20
1.2903451181102361
11
0.2771816929133858
21
1.2862989763779527
0
LINE
8
BLACK
6
CONTINUOUS
10
0.2771816929133858
20
1.2862989763779527
11
0.2771816929133858
21
1.2862988976377951
0
LINE
8
BLACK
6
CONTINUOUS
10
0.2771816929133858
20
1.2862988976377951
11
0.2770669291338583
21
1.2853098031496062
0
LINE
8
BLACK
6
CONTINUOUS
10
0.2770669291338583
20
1.2853098031496062
11
0.2770669291338583
21
1.2217773228346456
0
LINE
8
BLACK
6
CONTINUOUS
10
0.3770669291338583
20
1.2217773228346456
11
0.3770670078740158
21
1.2217762992125984
0
LINE
8
BLACK
6
CONTINUOUS
10
0.3770670078740158
20
1.2217762992125984
11
0.3771816141732283
21
1.2207879133858268
0
LINE
8
BLACK
6
CONTINUOUS
10
0.3771816141732283
20
1.2207879133858268
11
0.3771816929133858
21
1.2207877559055118
0
LINE
8
BLACK
6
CONTINUOUS
10
0.3771816929133858
20
1.2207877559055118
11
0.3789682283464567
21
1.2167415748031496
0
LINE
8
BLACK
6
CONTINUOUS
10
0.3789682283464567
20
1.2167415748031496
11
0.3789682677165354
21
1.2167415354330708
0
LINE
8
BLACK
6
CONTINUOUS
10
0.3789682677165354
20
1.2167415354330708
11
0.3820958661417323
21
1.213613937007874
0
LINE
8
BLACK
6
CONTINUOUS
10
0.3820958661417323
20
1.213613937007874
11
0.3861420866141732
21
1.2118273622047244
0
LINE
8
BLACK
6
CONTINUOUS
10
0.3861420866141732
20
1.2118273622047244
11
0.3871312992125984
21
1.2117125984251969
0
LINE
8
BLACK
6
CONTINUOUS
10
0.3871312992125984
20
1.2117125984251969
11
0.450663937007874
21
1.2117126377952756
0
LINE
8
BLACK
6
CONTINUOUS
10
0.450663937007874
20
1.2117126377952756
11
0.4506645275590551
21
1.2117127165354331
0
LINE
8
BLACK
6
CONTINUOUS
10
0.4506645275590551
20
1.2117127165354331
11
0.4506646456692913
21
1.2117127165354331
0
LINE
8
BLACK
6
CONTINUOUS
10
0.4506646456692913
20
1.2117127165354331
11
0.451653031496063
21
1.2118273228346457
0
LINE
8
BLACK
6
CONTINUOUS
10
0.451653031496063
20
1.2118273228346457
11
0.4516530708661417
21
1.2118273622047244
0
LINE
8
BLACK
6
CONTINUOUS
10
0.4516530708661417
20
1.2118273622047244
11
0.451653188976378
21
1.2118273622047244
0
LINE
8
BLACK
6
CONTINUOUS
10
0.451653188976378
20
1.2118273622047244
11
0.4556994094488189
21
1.213613937007874
0
LINE
8
BLACK
6
CONTINUOUS
10
0.4556994094488189
20
1.213613937007874
11
0.4588270078740158
21
1.2167415354330708
0
LINE
8
BLACK
6
CONTINUOUS
10
0.4588270078740158
20
1.2167415354330708
11
0.4606135826771653
21
1.2207877559055118
0
LINE
8
BLACK
6
CONTINUOUS
10
0.4606135826771653
20
1.2207877559055118
11
0.4607283464566929
21
1.221776968503937
0
LINE
8
BLACK
6
CONTINUOUS
10
0.4607283464566929
20
1.221776968503937
11
0.4607283070866142
21
1.2853096062992126
0
LINE
8
BLACK
6
CONTINUOUS
10
0.4607283070866142
20
1.2853096062992126
11
0.4606922440944882
21
1.2856207086614173
0
LINE
8
BLACK
6
CONTINUOUS
10
0.4606922440944882
20
1.2856207086614173
11
0.4606136220472441
21
1.2862987401574804
0
LINE
8
BLACK
6
CONTINUOUS
10
0.4606136220472441
20
1.2862987401574804
11
0.4606135826771653
21
1.2862988188976379
0
LINE
8
BLACK
6
CONTINUOUS
10
0.4606135826771653
20
1.2862988188976379
11
0.4606135826771653
21
1.2862988582677166
0
LINE
8
BLACK
6
CONTINUOUS
10
0.4606135826771653
20
1.2862988582677166
11
0.4588270078740158
21
1.2903450787401574
0
LINE
8
BLACK
6
CONTINUOUS
10
0.4588270078740158
20
1.2903450787401574
11
0.4556994094488189
21
1.2934726771653544
0
LINE
8
BLACK
6
CONTINUOUS
10
0.4556994094488189
20
1.2934726771653544
11
0.4556993307086614
21
1.2934727165354329
0
LINE
8
BLACK
6
CONTINUOUS
10
0.4556993307086614
20
1.2934727165354329
11
0.4516532283464567
21
1.295259251968504
0
LINE
8
BLACK
6
CONTINUOUS
10
0.4516532283464567
20
1.295259251968504
11
0.4506639763779527
21
1.2953740157480316
0
LINE
8
BLACK
6
CONTINUOUS
10
0.4506639763779527
20
1.2953740157480316
11
0.3871316141732283
21
1.2953740157480316
0
LINE
8
BLACK
6
CONTINUOUS
10
0.3871316141732283
20
1.2953740157480316
11
0.3871305905511811
21
1.2953739370078741
0
LINE
8
BLACK
6
CONTINUOUS
10
0.3871305905511811
20
1.2953739370078741
11
0.3861422047244095
21
1.2952593307086613
0
LINE
8
BLACK
6
CONTINUOUS
10
0.3861422047244095
20
1.2952593307086613
11
0.3861420472440945
21
1.295259251968504
0
LINE
8
BLACK
6
CONTINUOUS
10
0.3861420472440945
20
1.295259251968504
11
0.3820958661417323
21
1.2934727165354329
0
LINE
8
BLACK
6
CONTINUOUS
10
0.3820958661417323
20
1.2934727165354329
11
0.3789682677165354
21
1.2903451181102361
0
LINE
8
BLACK
6
CONTINUOUS
10
0.3789682677165354
20
1.2903451181102361
11
0.3771816929133858
21
1.2862989763779527
0
LINE
8
BLACK
6
CONTINUOUS
10
0.3771816929133858
20
1.2862989763779527
11
0.3771816929133858
21
1.2862988976377951
0
LINE
8
BLACK
6
CONTINUOUS
10
0.3771816929133858
20
1.2862988976377951
11
0.3770669291338583
21
1.2853098031496062
0
LINE
8
BLACK
6
CONTINUOUS
10
0.3770669291338583
20
1.2853098031496062
11
0.3770669291338583
21
1.2217773228346456
0
LINE
8
BLACK
6
CONTINUOUS
10
2.0117322834645668
20
1.2846456692913386
11
2.0117322834645668
21
1.2627249999999999
0
LINE
8
BLACK
6
CONTINUOUS
10
2.0117322834645668
20
1.2627249999999999
11
2.0117323228346455
21
1.262724094488189
0
LINE
8
BLACK
6
CONTINUOUS
10
2.0117323228346455
20
1.262724094488189
11
2.0118467322834643
21
1.2617374409448818
0
LINE
8
BLACK
6
CONTINUOUS
10
2.0118467322834643
20
1.2617374409448818
11
2.0118467716535431
21
1.2617372834645668
0
LINE
8
BLACK
6
CONTINUOUS
10
2.0118467716535431
20
1.2617372834645668
11
2.0136303149606301
21
1.2576978740157481
0
LINE
8
BLACK
6
CONTINUOUS
10
2.0136303149606301
20
1.2576978740157481
11
2.0136304330708663
21
1.2576976771653543
0
LINE
8
BLACK
6
CONTINUOUS
10
2.0136304330708663
20
1.2576976771653543
11
2.0167527165354331
21
1.2545753937007873
0
LINE
8
BLACK
6
CONTINUOUS
10
2.0167527165354331
20
1.2545753937007873
11
2.0167529133858269
21
1.254575275590551
0
LINE
8
BLACK
6
CONTINUOUS
10
2.0167529133858269
20
1.254575275590551
11
2.0207922047244096
21
1.2527917716535433
0
LINE
8
BLACK
6
CONTINUOUS
10
2.0207922047244096
20
1.2527917716535433
11
2.0217797244094489
21
1.2526772047244095
0
LINE
8
BLACK
6
CONTINUOUS
10
2.0217797244094489
20
1.2526772047244095
11
2.0437007086614174
21
1.2526772047244095
0
LINE
8
BLACK
6
CONTINUOUS
10
2.0437007086614174
20
1.2526772047244095
11
2.0437007480314962
21
1.2526772440944882
0
LINE
8
BLACK
6
CONTINUOUS
10
2.0437007480314962
20
1.2526772440944882
11
2.0437007480314962
21
1.2644881889763779
0
LINE
8
BLACK
6
CONTINUOUS
10
2.0437007480314962
20
1.2644881889763779
11
2.0235432677165353
21
1.2644881889763779
0
LINE
8
BLACK
6
CONTINUOUS
10
2.0235432677165353
20
1.2644881889763779
11
2.0235432677165353
21
1.2846456692913386
0
LINE
8
BLACK
6
CONTINUOUS
10
2.0235432677165353
20
1.2846456692913386
11
2.0117322834645668
21
1.2846456692913386
0
LINE
8
BLACK
6
CONTINUOUS
10
2.0835432677165353
20
1.2644881889763779
11
2.0633857874015749
21
1.2644881889763779
0
LINE
8
BLACK
6
CONTINUOUS
10
2.0633857874015749
20
1.2644881889763779
11
2.0633857874015749
21
1.2526772047244095
0
LINE
8
BLACK
6
CONTINUOUS
10
2.0633857874015749
20
1.2526772047244095
11
2.0853064960629921
21
1.2526772047244095
0
LINE
8
BLACK
6
CONTINUOUS
10
2.0853064960629921
20
1.2526772047244095
11
2.0853073622047242
21
1.252677283464567
0
LINE
8
BLACK
6
CONTINUOUS
10
2.0853073622047242
20
1.252677283464567
11
2.0862940157480314
21
1.2527916929133858
0
LINE
8
BLACK
6
CONTINUOUS
10
2.0862940157480314
20
1.2527916929133858
11
2.0862941732283464
21
1.2527917322834645
0
LINE
8
BLACK
6
CONTINUOUS
10
2.0862941732283464
20
1.2527917322834645
11
2.0903335826771654
21
1.254575275590551
0
LINE
8
BLACK
6
CONTINUOUS
10
2.0903335826771654
20
1.254575275590551
11
2.0903337795275592
21
1.2545753937007873
0
LINE
8
BLACK
6
CONTINUOUS
10
2.0903337795275592
20
1.2545753937007873
11
2.0934560629921259
21
1.2576976771653543
0
LINE
8
BLACK
6
CONTINUOUS
10
2.0934560629921259
20
1.2576976771653543
11
2.0934561811023622
21
1.2576978740157481
0
LINE
8
BLACK
6
CONTINUOUS
10
2.0934561811023622
20
1.2576978740157481
11
2.09523968503937
21
1.261737125984252
0
LINE
8
BLACK
6
CONTINUOUS
10
2.09523968503937
20
1.261737125984252
11
2.09523968503937
21
1.2617372047244093
0
LINE
8
BLACK
6
CONTINUOUS
10
2.09523968503937
20
1.2617372047244093
11
2.0953542519685038
21
1.2627246456692913
0
LINE
8
BLACK
6
CONTINUOUS
10
2.0953542519685038
20
1.2627246456692913
11
2.0953542913385825
21
1.2627247637795276
0
LINE
8
BLACK
6
CONTINUOUS
10
2.0953542913385825
20
1.2627247637795276
11
2.0953542913385825
21
1.2846456692913386
0
LINE
8
BLACK
6
CONTINUOUS
10
2.0953542913385825
20
1.2846456692913386
11
2.0835432677165353
21
1.2846456692913386
0
LINE
8
BLACK
6
CONTINUOUS
10
2.0835432677165353
20
1.2846456692913386
11
2.0835432677165353
21
1.2644881889763779
0
LINE
8
BLACK
6
CONTINUOUS
10
2.1117322834645669
20
1.2846456692913386
11
2.1117322834645669
21
1.2627249999999999
0
LINE
8
BLACK
6
CONTINUOUS
10
2.1117322834645669
20
1.2627249999999999
11
2.1117323228346456
21
1.262724094488189
0
LINE
8
BLACK
6
CONTINUOUS
10
2.1117323228346456
20
1.262724094488189
11
2.1118467322834644
21
1.2617374409448818
0
LINE
8
BLACK
6
CONTINUOUS
10
2.1118467322834644
20
1.2617374409448818
11
2.1118467716535432
21
1.2617372834645668
0
LINE
8
BLACK
6
CONTINUOUS
10
2.1118467716535432
20
1.2617372834645668
11
2.1136303149606297
21
1.2576978740157481
0
LINE
8
BLACK
6
CONTINUOUS
10
2.1136303149606297
20
1.2576978740157481
11
2.113630433070866
21
1.2576976771653543
0
LINE
8
BLACK
6
CONTINUOUS
10
2.113630433070866
20
1.2576976771653543
11
2.1167527165354332
21
1.2545753937007873
0
LINE
8
BLACK
6
CONTINUOUS
10
2.1167527165354332
20
1.2545753937007873
11
2.1167529133858269
21
1.254575275590551
0
LINE
8
BLACK
6
CONTINUOUS
10
2.1167529133858269
20
1.254575275590551
11
2.1207922047244092
21
1.2527917716535433
0
LINE
8
BLACK
6
CONTINUOUS
10
2.1207922047244092
20
1.2527917716535433
11
2.121779724409449
21
1.2526772047244095
0
LINE
8
BLACK
6
CONTINUOUS
10
2.121779724409449
20
1.2526772047244095
11
2.1437007086614175
21
1.2526772047244095
0
LINE
8
BLACK
6
CONTINUOUS
10
2.1437007086614175
20
1.2526772047244095
11
2.1437007480314958
21
1.2526772440944882
0
LINE
8
BLACK
6
CONTINUOUS
10
2.1437007480314958
20
1.2526772440944882
11
2.1437007480314958
21
1.2644881889763779
0
LINE
8
BLACK
6
CONTINUOUS
10
2.1437007480314958
20
1.2644881889763779
11
2.1235432677165353
21
1.2644881889763779
0
LINE
8
BLACK
6
CONTINUOUS
10
2.1235432677165353
20
1.2644881889763779
11
2.1235432677165353
21
1.2846456692913386
0
LINE
8
BLACK
6
CONTINUOUS
10
2.1235432677165353
20
1.2846456692913386
11
2.1117322834645669
21
1.2846456692913386
0
LINE
8
BLACK
6
CONTINUOUS
10
2.1633857874015749
20
1.324488188976378
11
2.1835432677165354
21
1.324488188976378
0
LINE
8
BLACK
6
CONTINUOUS
10
2.1835432677165354
20
1.324488188976378
11
2.1835432677165354
21
1.3043307086614173
0
LINE
8
BLACK
6
CONTINUOUS
10
2.1835432677165354
20
1.3043307086614173
11
2.1953542519685039
21
1.3043307086614173
0
LINE
8
BLACK
6
CONTINUOUS
10
2.1953542519685039
20
1.3043307086614173
11
2.1953542519685039
21
1.3262514173228346
0
LINE
8
BLACK
6
CONTINUOUS
10
2.1953542519685039
20
1.3262514173228346
11
2.1953541732283464
21
1.3262523228346457
0
LINE
8
BLACK
6
CONTINUOUS
10
2.1953541732283464
20
1.3262523228346457
11
2.1952397637795276
21
1.3272389763779526
0
LINE
8
BLACK
6
CONTINUOUS
10
2.1952397637795276
20
1.3272389763779526
11
2.1952397244094488
21
1.3272391338582676
0
LINE
8
BLACK
6
CONTINUOUS
10
2.1952397244094488
20
1.3272391338582676
11
2.1934561811023623
21
1.3312785433070866
0
LINE
8
BLACK
6
CONTINUOUS
10
2.1934561811023623
20
1.3312785433070866
11
2.193456062992126
21
1.3312787401574804
0
LINE
8
BLACK
6
CONTINUOUS
10
2.193456062992126
20
1.3312787401574804
11
2.1903337795275588
21
1.3344010236220472
0
LINE
8
BLACK
6
CONTINUOUS
10
2.1903337795275588
20
1.3344010236220472
11
2.1903335826771655
21
1.3344011417322834
0
LINE
8
BLACK
6
CONTINUOUS
10
2.1903335826771655
20
1.3344011417322834
11
2.1862942913385828
21
1.3361846456692914
0
LINE
8
BLACK
6
CONTINUOUS
10
2.1862942913385828
20
1.3361846456692914
11
2.1853068110236218
21
1.3362992125984252
0
LINE
8
BLACK
6
CONTINUOUS
10
2.1853068110236218
20
1.3362992125984252
11
2.1633857874015749
21
1.3362992125984252
0
LINE
8
BLACK
6
CONTINUOUS
10
2.1633857874015749
20
1.3362992125984252
11
2.1633857874015749
21
1.324488188976378
0
LINE
8
BLACK
6
CONTINUOUS
10
2.0633857874015749
20
1.324488188976378
11
2.0835432677165353
21
1.324488188976378
0
LINE
8
BLACK
6
CONTINUOUS
10
2.0835432677165353
20
1.324488188976378
11
2.0835432677165353
21
1.3043307086614173
0
LINE
8
BLACK
6
CONTINUOUS
10
2.0835432677165353
20
1.3043307086614173
11
2.0953542519685038
21
1.3043307086614173
0
LINE
8
BLACK
6
CONTINUOUS
10
2.0953542519685038
20
1.3043307086614173
11
2.0953542519685038
21
1.3262517716535434
0
LINE
8
BLACK
6
CONTINUOUS
10
2.0953542519685038
20
1.3262517716535434
11
2.0953542519685038
21
1.3262518897637794
0
LINE
8
BLACK
6
CONTINUOUS
10
2.0953542519685038
20
1.3262518897637794
11
2.0952397637795275
21
1.3272389763779526
0
LINE
8
BLACK
6
CONTINUOUS
10
2.0952397637795275
20
1.3272389763779526
11
2.0952397244094487
21
1.3272391338582676
0
LINE
8
BLACK
6
CONTINUOUS
10
2.0952397244094487
20
1.3272391338582676
11
2.0934561811023622
21
1.3312785433070866
0
LINE
8
BLACK
6
CONTINUOUS
10
2.0934561811023622
20
1.3312785433070866
11
2.0934560629921259
21
1.3312787401574804
0
LINE
8
BLACK
6
CONTINUOUS
10
2.0934560629921259
20
1.3312787401574804
11
2.0903337795275592
21
1.3344010236220472
0
LINE
8
BLACK
6
CONTINUOUS
10
2.0903337795275592
20
1.3344010236220472
11
2.0903335826771654
21
1.3344011417322834
0
LINE
8
BLACK
6
CONTINUOUS
10
2.0903335826771654
20
1.3344011417322834
11
2.0862942913385827
21
1.3361846456692914
0
LINE
8
BLACK
6
CONTINUOUS
10
2.0862942913385827
20
1.3361846456692914
11
2.0853068110236221
21
1.3362992125984252
0
LINE
8
BLACK
6
CONTINUOUS
10
2.0853068110236221
20
1.3362992125984252
11
2.0633857874015749
21
1.3362992125984252
0
LINE
8
BLACK
6
CONTINUOUS
10
2.0633857874015749
20
1.3362992125984252
11
2.0633857874015749
21
1.324488188976378
0
LINE
8
BLACK
6
CONTINUOUS
10
2.3203740157480315
20
1.3170529133858266
11
2.320374094488189
21
1.3170518897637795
0
LINE
8
BLACK
6
CONTINUOUS
10
2.320374094488189
20
1.3170518897637795
11
2.3204887007874015
21
1.3160635039370079
0
LINE
8
BLACK
6
CONTINUOUS
10
2.3204887007874015
20
1.3160635039370079
11
2.3204887795275591
21
1.3160633464566929
0
LINE
8
BLACK
6
CONTINUOUS
10
2.3204887795275591
20
1.3160633464566929
11
2.3222753149606299
21
1.3120171653543307
0
LINE
8
BLACK
6
CONTINUOUS
10
2.3222753149606299
20
1.3120171653543307
11
2.3222753543307086
21
1.3120171259842519
0
LINE
8
BLACK
6
CONTINUOUS
10
2.3222753543307086
20
1.3120171259842519
11
2.3254029527559053
21
1.3088895275590551
0
LINE
8
BLACK
6
CONTINUOUS
10
2.3254029527559053
20
1.3088895275590551
11
2.3294491732283462
21
1.3071029527559055
0
LINE
8
BLACK
6
CONTINUOUS
10
2.3294491732283462
20
1.3071029527559055
11
2.3304383858267714
21
1.3069881889763779
0
LINE
8
BLACK
6
CONTINUOUS
10
2.3304383858267714
20
1.3069881889763779
11
2.3939710236220471
21
1.3069882283464567
0
LINE
8
BLACK
6
CONTINUOUS
10
2.3939710236220471
20
1.3069882283464567
11
2.3939716141732283
21
1.3069883070866142
0
LINE
8
BLACK
6
CONTINUOUS
10
2.3939716141732283
20
1.3069883070866142
11
2.3939717322834646
21
1.3069883070866142
0
LINE
8
BLACK
6
CONTINUOUS
10
2.3939717322834646
20
1.3069883070866142
11
2.394960118110236
21
1.3071029133858267
0
LINE
8
BLACK
6
CONTINUOUS
10
2.394960118110236
20
1.3071029133858267
11
2.3949601574803148
21
1.3071029527559055
0
LINE
8
BLACK
6
CONTINUOUS
10
2.3949601574803148
20
1.3071029527559055
11
2.394960275590551
21
1.3071029527559055
0
LINE
8
BLACK
6
CONTINUOUS
10
2.394960275590551
20
1.3071029527559055
11
2.399006496062992
21
1.3088895275590551
0
LINE
8
BLACK
6
CONTINUOUS
10
2.399006496062992
20
1.3088895275590551
11
2.402134094488189
21
1.3120171259842519
0
LINE
8
BLACK
6
CONTINUOUS
10
2.402134094488189
20
1.3120171259842519
11
2.4039206692913386
21
1.3160633464566929
0
LINE
8
BLACK
6
CONTINUOUS
10
2.4039206692913386
20
1.3160633464566929
11
2.4040354330708662
21
1.3170525590551181
0
LINE
8
BLACK
6
CONTINUOUS
10
2.4040354330708662
20
1.3170525590551181
11
2.4040354330708662
21
1.324232283464567
0
LINE
8
BLACK
6
CONTINUOUS
10
2.4040354330708662
20
1.324232283464567
11
2.4041358267716535
21
1.324574251968504
0
LINE
8
BLACK
6
CONTINUOUS
10
2.4041358267716535
20
1.324574251968504
11
2.4040851181102361
21
1.3249270472440944
0
LINE
8
BLACK
6
CONTINUOUS
10
2.4040851181102361
20
1.3249270472440944
11
2.4045173228346455
21
1.3258735433070865
0
LINE
8
BLACK
6
CONTINUOUS
10
2.4045173228346455
20
1.3258735433070865
11
2.4048104330708662
21
1.3268716141732284
0
LINE
8
BLACK
6
CONTINUOUS
10
2.4048104330708662
20
1.3268716141732284
11
2.4050797244094486
21
1.327105
0
LINE
8
BLACK
6
CONTINUOUS
10
2.4050797244094486
20
1.327105
11
2.405227834645669
21
1.3274292519685038
0
LINE
8
BLACK
6
CONTINUOUS
10
2.405227834645669
20
1.3274292519685038
11
2.406103188976378
21
1.3279918503937007
0
LINE
8
BLACK
6
CONTINUOUS
10
2.406103188976378
20
1.3279918503937007
11
2.4068893307086614
21
1.3286729921259843
0
LINE
8
BLACK
6
CONTINUOUS
10
2.4068893307086614
20
1.3286729921259843
11
2.4073032677165354
21
1.3287630708661418
0
LINE
8
BLACK
6
CONTINUOUS
10
2.4073032677165354
20
1.3287630708661418
11
2.407541929133858
21
1.3289164173228347
0
LINE
8
BLACK
6
CONTINUOUS
10
2.407541929133858
20
1.3289164173228347
11
2.4089173228346454
21
1.3291141732283465
0
LINE
8
BLACK
6
CONTINUOUS
10
2.4089173228346454
20
1.3291141732283465
11
2.4154921653543306
21
1.3291141732283465
0
LINE
8
BLACK
6
CONTINUOUS
10
2.4154921653543306
20
1.3291141732283465
11
2.4181314960629923
21
1.3283391732283465
0
LINE
8
BLACK
6
CONTINUOUS
10
2.4181314960629923
20
1.3283391732283465
11
2.419932874015748
21
1.326260275590551
0
LINE
8
BLACK
6
CONTINUOUS
10
2.419932874015748
20
1.326260275590551
11
2.4203740551181103
21
1.324232283464567
0
LINE
8
BLACK
6
CONTINUOUS
10
2.4203740551181103
20
1.324232283464567
11
2.4203740551181103
21
1.3170529133858266
0
LINE
8
BLACK
6
CONTINUOUS
10
2.4203740551181103
20
1.3170529133858266
11
2.4203740944881891
21
1.3170518897637795
0
LINE
8
BLACK
6
CONTINUOUS
10
2.4203740944881891
20
1.3170518897637795
11
2.4204887007874016
21
1.3160635039370079
0
LINE
8
BLACK
6
CONTINUOUS
10
2.4204887007874016
20
1.3160635039370079
11
2.4204887795275591
21
1.3160633464566929
0
LINE
8
BLACK
6
CONTINUOUS
10
2.4204887795275591
20
1.3160633464566929
11
2.42227531496063
21
1.3120171653543307
0
LINE
8
BLACK
6
CONTINUOUS
10
2.42227531496063
20
1.3120171653543307
11
2.4222753543307087
21
1.3120171259842519
0
LINE
8
BLACK
6
CONTINUOUS
10
2.4222753543307087
20
1.3120171259842519
11
2.4254029527559053
21
1.3088895275590551
0
LINE
8
BLACK
6
CONTINUOUS
10
2.4254029527559053
20
1.3088895275590551
11
2.4294491732283463
21
1.3071029527559055
0
LINE
8
BLACK
6
CONTINUOUS
10
2.4294491732283463
20
1.3071029527559055
11
2.4304383858267715
21
1.3069881889763779
0
LINE
8
BLACK
6
CONTINUOUS
10
2.4304383858267715
20
1.3069881889763779
11
2.4939710236220471
21
1.3069882283464567
0
LINE
8
BLACK
6
CONTINUOUS
10
2.4939710236220471
20
1.3069882283464567
11
2.4939716141732284
21
1.3069883070866142
0
LINE
8
BLACK
6
CONTINUOUS
10
2.4939716141732284
20
1.3069883070866142
11
2.4939717322834647
21
1.3069883070866142
0
LINE
8
BLACK
6
CONTINUOUS
10
2.4939717322834647
20
1.3069883070866142
11
2.4949601181102361
21
1.3071029133858267
0
LINE
8
BLACK
6
CONTINUOUS
10
2.4949601181102361
20
1.3071029133858267
11
2.4949601574803149
21
1.3071029527559055
0
LINE
8
BLACK
6
CONTINUOUS
10
2.4949601574803149
20
1.3071029527559055
11
2.4949602755905511
21
1.3071029527559055
0
LINE
8
BLACK
6
CONTINUOUS
10
2.4949602755905511
20
1.3071029527559055
11
2.4990064960629921
21
1.3088895275590551
0
LINE
8
BLACK
6
CONTINUOUS
10
2.4990064960629921
20
1.3088895275590551
11
2.5021340944881891
21
1.3120171259842519
0
LINE
8
BLACK
6
CONTINUOUS
10
2.5021340944881891
20
1.3120171259842519
11
2.5039206692913387
21
1.3160633464566929
0
LINE
8
BLACK
6
CONTINUOUS
10
2.5039206692913387
20
1.3160633464566929
11
2.5040354330708663
21
1.3170525590551181
0
LINE
8
BLACK
6
CONTINUOUS
10
2.5040354330708663
20
1.3170525590551181
11
2.5040353937007875
21
1.3805851968503937
0
LINE
8
BLACK
6
CONTINUOUS
10
2.5040353937007875
20
1.3805851968503937
11
2.50403531496063
21
1.3805859448818898
0
LINE
8
BLACK
6
CONTINUOUS
10
2.50403531496063
20
1.3805859448818898
11
2.5039207086614175
21
1.3815743307086614
0
LINE
8
BLACK
6
CONTINUOUS
10
2.5039207086614175
20
1.3815743307086614
11
2.5039206692913387
21
1.3815744094488189
0
LINE
8
BLACK
6
CONTINUOUS
10
2.5039206692913387
20
1.3815744094488189
11
2.5039206692913387
21
1.3815744488188977
0
LINE
8
BLACK
6
CONTINUOUS
10
2.5039206692913387
20
1.3815744488188977
11
2.5021340944881891
21
1.3856206692913386
0
LINE
8
BLACK
6
CONTINUOUS
10
2.5021340944881891
20
1.3856206692913386
11
2.4990064960629921
21
1.3887482677165355
0
LINE
8
BLACK
6
CONTINUOUS
10
2.4990064960629921
20
1.3887482677165355
11
2.4990064173228346
21
1.3887483070866142
0
LINE
8
BLACK
6
CONTINUOUS
10
2.4990064173228346
20
1.3887483070866142
11
2.4949603149606299
21
1.3905348425196851
0
LINE
8
BLACK
6
CONTINUOUS
10
2.4949603149606299
20
1.3905348425196851
11
2.4939710629921259
21
1.3906496062992126
0
LINE
8
BLACK
6
CONTINUOUS
10
2.4939710629921259
20
1.3906496062992126
11
2.4304387007874015
21
1.3906496062992126
0
LINE
8
BLACK
6
CONTINUOUS
10
2.4304387007874015
20
1.3906496062992126
11
2.4304376771653544
21
1.3906495275590551
0
LINE
8
BLACK
6
CONTINUOUS
10
2.4304376771653544
20
1.3906495275590551
11
2.4294492913385826
21
1.3905349212598426
0
LINE
8
BLACK
6
CONTINUOUS
10
2.4294492913385826
20
1.3905349212598426
11
2.4294491338582676
21
1.3905348425196851
0
LINE
8
BLACK
6
CONTINUOUS
10
2.4294491338582676
20
1.3905348425196851
11
2.4254029527559053
21
1.3887483070866142
0
LINE
8
BLACK
6
CONTINUOUS
10
2.4254029527559053
20
1.3887483070866142
11
2.4222753543307087
21
1.3856207086614174
0
LINE
8
BLACK
6
CONTINUOUS
10
2.4222753543307087
20
1.3856207086614174
11
2.4204887795275591
21
1.3815745669291337
0
LINE
8
BLACK
6
CONTINUOUS
10
2.4204887795275591
20
1.3815745669291337
11
2.4204887795275591
21
1.3815744881889764
0
LINE
8
BLACK
6
CONTINUOUS
10
2.4204887795275591
20
1.3815744881889764
11
2.4203740157480316
21
1.3805853937007875
0
LINE
8
BLACK
6
CONTINUOUS
10
2.4203740157480316
20
1.3805853937007875
11
2.4203740157480316
21
1.3734055118110235
0
LINE
8
BLACK
6
CONTINUOUS
10
2.4203740157480316
20
1.3734055118110235
11
2.4202735826771651
21
1.3730635826771653
0
LINE
8
BLACK
6
CONTINUOUS
10
2.4202735826771651
20
1.3730635826771653
11
2.4203243307086613
21
1.372710748031496
0
LINE
8
BLACK
6
CONTINUOUS
10
2.4203243307086613
20
1.372710748031496
11
2.4198920866141731
21
1.3717642913385826
0
LINE
8
BLACK
6
CONTINUOUS
10
2.4198920866141731
20
1.3717642913385826
11
2.4195990157480316
21
1.3707661811023621
0
LINE
8
BLACK
6
CONTINUOUS
10
2.4195990157480316
20
1.3707661811023621
11
2.41932968503937
21
1.3705328346456693
0
LINE
8
BLACK
6
CONTINUOUS
10
2.41932968503937
20
1.3705328346456693
11
2.4191816141732283
21
1.3702085433070865
0
LINE
8
BLACK
6
CONTINUOUS
10
2.4191816141732283
20
1.3702085433070865
11
2.418306220472441
21
1.3696459842519684
0
LINE
8
BLACK
6
CONTINUOUS
10
2.418306220472441
20
1.3696459842519684
11
2.4175201181102364
21
1.3689648031496062
0
LINE
8
BLACK
6
CONTINUOUS
10
2.4175201181102364
20
1.3689648031496062
11
2.4171061417322832
21
1.3688747637795275
0
LINE
8
BLACK
6
CONTINUOUS
10
2.4171061417322832
20
1.3688747637795275
11
2.4168675196850393
21
1.3687213779527558
0
LINE
8
BLACK
6
CONTINUOUS
10
2.4168675196850393
20
1.3687213779527558
11
2.4154921259842519
21
1.3685236220472441
0
LINE
8
BLACK
6
CONTINUOUS
10
2.4154921259842519
20
1.3685236220472441
11
2.4089172834645667
21
1.3685236220472441
0
LINE
8
BLACK
6
CONTINUOUS
10
2.4089172834645667
20
1.3685236220472441
11
2.4062779527559055
21
1.3692986220472441
0
LINE
8
BLACK
6
CONTINUOUS
10
2.4062779527559055
20
1.3692986220472441
11
2.4044765748031494
21
1.3713775196850393
0
LINE
8
BLACK
6
CONTINUOUS
10
2.4044765748031494
20
1.3713775196850393
11
2.4040353937007874
21
1.3734055118110235
0
LINE
8
BLACK
6
CONTINUOUS
10
2.4040353937007874
20
1.3734055118110235
11
2.4040353937007874
21
1.3805849212598424
0
LINE
8
BLACK
6
CONTINUOUS
10
2.4040353937007874
20
1.3805849212598424
11
2.4040353937007874
21
1.3805851968503937
0
LINE
8
BLACK
6
CONTINUOUS
10
2.4040353937007874
20
1.3805851968503937
11
2.4040353149606299
21
1.3805859448818898
0
LINE
8
BLACK
6
CONTINUOUS
10
2.4040353149606299
20
1.3805859448818898
11
2.4039207086614174
21
1.3815743307086614
0
LINE
8
BLACK
6
CONTINUOUS
10
2.4039207086614174
20
1.3815743307086614
11
2.4039206692913386
21
1.3815744094488189
0
LINE
8
BLACK
6
CONTINUOUS
10
2.4039206692913386
20
1.3815744094488189
11
2.4039206692913386
21
1.3815744488188977
0
LINE
8
BLACK
6
CONTINUOUS
10
2.4039206692913386
20
1.3815744488188977
11
2.402134094488189
21
1.3856206692913386
0
LINE
8
BLACK
6
CONTINUOUS
10
2.402134094488189
20
1.3856206692913386
11
2.399006496062992
21
1.3887482677165355
0
LINE
8
BLACK
6
CONTINUOUS
10
2.399006496062992
20
1.3887482677165355
11
2.3990064173228345
21
1.3887483070866142
0
LINE
8
BLACK
6
CONTINUOUS
10
2.3990064173228345
20
1.3887483070866142
11
2.3949603149606298
21
1.3905348425196851
0
LINE
8
BLACK
6
CONTINUOUS
10
2.3949603149606298
20
1.3905348425196851
11
2.3939710629921258
21
1.3906496062992126
0
LINE
8
BLACK
6
CONTINUOUS
10
2.3939710629921258
20
1.3906496062992126
11
2.3304387007874015
21
1.3906496062992126
0
LINE
8
BLACK
6
CONTINUOUS
10
2.3304387007874015
20
1.3906496062992126
11
2.3304376771653543
21
1.3906495275590551
0
LINE
8
BLACK
6
CONTINUOUS
10
2.3304376771653543
20
1.3906495275590551
11
2.3294492913385825
21
1.3905349212598426
0
LINE
8
BLACK
6
CONTINUOUS
10
2.3294492913385825
20
1.3905349212598426
11
2.3294491338582675
21
1.3905348425196851
0
LINE
8
BLACK
6
CONTINUOUS
10
2.3294491338582675
20
1.3905348425196851
11
2.3254029527559053
21
1.3887483070866142
0
LINE
8
BLACK
6
CONTINUOUS
10
2.3254029527559053
20
1.3887483070866142
11
2.3222753543307086
21
1.3856207086614174
0
LINE
8
BLACK
6
CONTINUOUS
10
2.3222753543307086
20
1.3856207086614174
11
2.3204887795275591
21
1.3815745669291337
0
LINE
8
BLACK
6
CONTINUOUS
10
2.3204887795275591
20
1.3815745669291337
11
2.3204887795275591
21
1.3815744881889764
0
LINE
8
BLACK
6
CONTINUOUS
10
2.3204887795275591
20
1.3815744881889764
11
2.3203740157480315
21
1.3805853937007875
0
LINE
8
BLACK
6
CONTINUOUS
10
2.3203740157480315
20
1.3805853937007875
11
2.3203740157480315
21
1.3170529133858266
0
LINE
8
BLACK
6
CONTINUOUS
10
0.2770669291338583
20
1.3217773228346457
11
0.2770670078740157
21
1.3217762992125983
0
LINE
8
BLACK
6
CONTINUOUS
10
0.2770670078740157
20
1.3217762992125983
11
0.2771816141732283
21
1.3207879133858267
0
LINE
8
BLACK
6
CONTINUOUS
10
0.2771816141732283
20
1.3207879133858267
11
0.2771816929133858
21
1.3207877559055117
0
LINE
8
BLACK
6
CONTINUOUS
10
0.2771816929133858
20
1.3207877559055117
11
0.2789682283464567
21
1.3167415748031497
0
LINE
8
BLACK
6
CONTINUOUS
10
0.2789682283464567
20
1.3167415748031497
11
0.2789682677165354
21
1.3167415354330709
0
LINE
8
BLACK
6
CONTINUOUS
10
0.2789682677165354
20
1.3167415354330709
11
0.2820958661417323
21
1.3136139370078739
0
LINE
8
BLACK
6
CONTINUOUS
10
0.2820958661417323
20
1.3136139370078739
11
0.2861420866141732
21
1.3118273622047243
0
LINE
8
BLACK
6
CONTINUOUS
10
0.2861420866141732
20
1.3118273622047243
11
0.2871312992125984
21
1.3117125984251967
0
LINE
8
BLACK
6
CONTINUOUS
10
0.2871312992125984
20
1.3117125984251967
11
0.350663937007874
21
1.3117126377952755
0
LINE
8
BLACK
6
CONTINUOUS
10
0.350663937007874
20
1.3117126377952755
11
0.3506645275590551
21
1.311712716535433
0
LINE
8
BLACK
6
CONTINUOUS
10
0.3506645275590551
20
1.311712716535433
11
0.3506646456692913
21
1.311712716535433
0
LINE
8
BLACK
6
CONTINUOUS
10
0.3506646456692913
20
1.311712716535433
11
0.351653031496063
21
1.3118273228346455
0
LINE
8
BLACK
6
CONTINUOUS
10
0.351653031496063
20
1.3118273228346455
11
0.3516530708661417
21
1.3118273622047243
0
LINE
8
BLACK
6
CONTINUOUS
10
0.3516530708661417
20
1.3118273622047243
11
0.3516531889763779
21
1.3118273622047243
0
LINE
8
BLACK
6
CONTINUOUS
10
0.3516531889763779
20
1.3118273622047243
11
0.3556994094488189
21
1.3136139370078739
0
LINE
8
BLACK
6
CONTINUOUS
10
0.3556994094488189
20
1.3136139370078739
11
0.3588270078740157
21
1.3167415354330709
0
LINE
8
BLACK
6
CONTINUOUS
10
0.3588270078740157
20
1.3167415354330709
11
0.3606135826771654
21
1.3207877559055117
0
LINE
8
BLACK
6
CONTINUOUS
10
0.3606135826771654
20
1.3207877559055117
11
0.3607283464566929
21
1.3217769685039369
0
LINE
8
BLACK
6
CONTINUOUS
10
0.3607283464566929
20
1.3217769685039369
11
0.3607283070866142
21
1.3853096062992125
0
LINE
8
BLACK
6
CONTINUOUS
10
0.3607283070866142
20
1.3853096062992125
11
0.3607283070866142
21
1.3853096456692913
0
LINE
8
BLACK
6
CONTINUOUS
10
0.3607283070866142
20
1.3853096456692913
11
0.3607283070866142
21
1.3853098031496063
0
LINE
8
BLACK
6
CONTINUOUS
10
0.3607283070866142
20
1.3853098031496063
11
0.3607283070866142
21
1.385309842519685
0
LINE
8
BLACK
6
CONTINUOUS
10
0.3607283070866142
20
1.385309842519685
11
0.3606136220472441
21
1.3862987401574802
0
LINE
8
BLACK
6
CONTINUOUS
10
0.3606136220472441
20
1.3862987401574802
11
0.3606135826771654
21
1.3862988188976377
0
LINE
8
BLACK
6
CONTINUOUS
10
0.3606135826771654
20
1.3862988188976377
11
0.3606135826771654
21
1.3862988582677165
0
LINE
8
BLACK
6
CONTINUOUS
10
0.3606135826771654
20
1.3862988582677165
11
0.3588270078740157
21
1.3903450787401574
0
LINE
8
BLACK
6
CONTINUOUS
10
0.3588270078740157
20
1.3903450787401574
11
0.3556994094488189
21
1.3934726771653543
0
LINE
8
BLACK
6
CONTINUOUS
10
0.3556994094488189
20
1.3934726771653543
11
0.3556993307086614
21
1.393472716535433
0
LINE
8
BLACK
6
CONTINUOUS
10
0.3556993307086614
20
1.393472716535433
11
0.3516532283464567
21
1.3952592519685039
0
LINE
8
BLACK
6
CONTINUOUS
10
0.3516532283464567
20
1.3952592519685039
11
0.3506639763779528
21
1.3953740157480314
0
LINE
8
BLACK
6
CONTINUOUS
10
0.3506639763779528
20
1.3953740157480314
11
0.2871316141732284
21
1.3953740157480314
0
LINE
8
BLACK
6
CONTINUOUS
10
0.2871316141732284
20
1.3953740157480314
11
0.2871305905511811
21
1.3953739370078739
0
LINE
8
BLACK
6
CONTINUOUS
10
0.2871305905511811
20
1.3953739370078739
11
0.2861422047244094
21
1.3952593307086614
0
LINE
8
BLACK
6
CONTINUOUS
10
0.2861422047244094
20
1.3952593307086614
11
0.2861420472440945
21
1.3952592519685039
0
LINE
8
BLACK
6
CONTINUOUS
10
0.2861420472440945
20
1.3952592519685039
11
0.2820958661417323
21
1.393472716535433
0
LINE
8
BLACK
6
CONTINUOUS
10
0.2820958661417323
20
1.393472716535433
11
0.2789682677165354
21
1.3903451181102362
0
LINE
8
BLACK
6
CONTINUOUS
10
0.2789682677165354
20
1.3903451181102362
11
0.2771816929133858
21
1.3862989763779527
0
LINE
8
BLACK
6
CONTINUOUS
10
0.2771816929133858
20
1.3862989763779527
11
0.2771816929133858
21
1.3862988976377952
0
LINE
8
BLACK
6
CONTINUOUS
10
0.2771816929133858
20
1.3862988976377952
11
0.2770669291338583
21
1.3853098031496063
0
LINE
8
BLACK
6
CONTINUOUS
10
0.2770669291338583
20
1.3853098031496063
11
0.2770669291338583
21
1.3217773228346457
0
LINE
8
BLACK
6
CONTINUOUS
10
0.3770669291338583
20
1.3217773228346457
11
0.3770670078740158
21
1.3217762992125983
0
LINE
8
BLACK
6
CONTINUOUS
10
0.3770670078740158
20
1.3217762992125983
11
0.3771816141732283
21
1.3207879133858267
0
LINE
8
BLACK
6
CONTINUOUS
10
0.3771816141732283
20
1.3207879133858267
11
0.3771816929133858
21
1.3207877559055117
0
LINE
8
BLACK
6
CONTINUOUS
10
0.3771816929133858
20
1.3207877559055117
11
0.3789682283464567
21
1.3167415748031497
0
LINE
8
BLACK
6
CONTINUOUS
10
0.3789682283464567
20
1.3167415748031497
11
0.3789682677165354
21
1.3167415354330709
0
LINE
8
BLACK
6
CONTINUOUS
10
0.3789682677165354
20
1.3167415354330709
11
0.3820958661417323
21
1.3136139370078739
0
LINE
8
BLACK
6
CONTINUOUS
10
0.3820958661417323
20
1.3136139370078739
11
0.3861420866141732
21
1.3118273622047243
0
LINE
8
BLACK
6
CONTINUOUS
10
0.3861420866141732
20
1.3118273622047243
11
0.3871312992125984
21
1.3117125984251967
0
LINE
8
BLACK
6
CONTINUOUS
10
0.3871312992125984
20
1.3117125984251967
11
0.450663937007874
21
1.3117126377952755
0
LINE
8
BLACK
6
CONTINUOUS
10
0.450663937007874
20
1.3117126377952755
11
0.4506645275590551
21
1.311712716535433
0
LINE
8
BLACK
6
CONTINUOUS
10
0.4506645275590551
20
1.311712716535433
11
0.4506646456692913
21
1.311712716535433
0
LINE
8
BLACK
6
CONTINUOUS
10
0.4506646456692913
20
1.311712716535433
11
0.451653031496063
21
1.3118273228346455
0
LINE
8
BLACK
6
CONTINUOUS
10
0.451653031496063
20
1.3118273228346455
11
0.4516530708661417
21
1.3118273622047243
0
LINE
8
BLACK
6
CONTINUOUS
10
0.4516530708661417
20
1.3118273622047243
11
0.451653188976378
21
1.3118273622047243
0
LINE
8
BLACK
6
CONTINUOUS
10
0.451653188976378
20
1.3118273622047243
11
0.4556994094488189
21
1.3136139370078739
0
LINE
8
BLACK
6
CONTINUOUS
10
0.4556994094488189
20
1.3136139370078739
11
0.4588270078740158
21
1.3167415354330709
0
LINE
8
BLACK
6
CONTINUOUS
10
0.4588270078740158
20
1.3167415354330709
11
0.4606135826771653
21
1.3207877559055117
0
LINE
8
BLACK
6
CONTINUOUS
10
0.4606135826771653
20
1.3207877559055117
11
0.4607283464566929
21
1.3217769685039369
0
LINE
8
BLACK
6
CONTINUOUS
10
0.4607283464566929
20
1.3217769685039369
11
0.4607283070866142
21
1.3853096062992125
0
LINE
8
BLACK
6
CONTINUOUS
10
0.4607283070866142
20
1.3853096062992125
11
0.4606922440944882
21
1.3856207086614174
0
LINE
8
BLACK
6
CONTINUOUS
10
0.4606922440944882
20
1.3856207086614174
11
0.4606136220472441
21
1.3862987401574802
0
LINE
8
BLACK
6
CONTINUOUS
10
0.4606136220472441
20
1.3862987401574802
11
0.4606135826771653
21
1.3862988188976377
0
LINE
8
BLACK
6
CONTINUOUS
10
0.4606135826771653
20
1.3862988188976377
11
0.4606135826771653
21
1.3862988582677165
0
LINE
8
BLACK
6
CONTINUOUS
10
0.4606135826771653
20
1.3862988582677165
11
0.4588270078740158
21
1.3903450787401574
0
LINE
8
BLACK
6
CONTINUOUS
10
0.4588270078740158
20
1.3903450787401574
11
0.4556994094488189
21
1.3934726771653543
0
LINE
8
BLACK
6
CONTINUOUS
10
0.4556994094488189
20
1.3934726771653543
11
0.4556993307086614
21
1.393472716535433
0
LINE
8
BLACK
6
CONTINUOUS
10
0.4556993307086614
20
1.393472716535433
11
0.4516532283464567
21
1.3952592519685039
0
LINE
8
BLACK
6
CONTINUOUS
10
0.4516532283464567
20
1.3952592519685039
11
0.4506639763779527
21
1.3953740157480314
0
LINE
8
BLACK
6
CONTINUOUS
10
0.4506639763779527
20
1.3953740157480314
11
0.3871316141732283
21
1.3953740157480314
0
LINE
8
BLACK
6
CONTINUOUS
10
0.3871316141732283
20
1.3953740157480314
11
0.3871305905511811
21
1.3953739370078739
0
LINE
8
BLACK
6
CONTINUOUS
10
0.3871305905511811
20
1.3953739370078739
11
0.3861422047244095
21
1.3952593307086614
0
LINE
8
BLACK
6
CONTINUOUS
10
0.3861422047244095
20
1.3952593307086614
11
0.3861420472440945
21
1.3952592519685039
0
LINE
8
BLACK
6
CONTINUOUS
10
0.3861420472440945
20
1.3952592519685039
11
0.3820958661417323
21
1.393472716535433
0
LINE
8
BLACK
6
CONTINUOUS
10
0.3820958661417323
20
1.393472716535433
11
0.3789682677165354
21
1.3903451181102362
0
LINE
8
BLACK
6
CONTINUOUS
10
0.3789682677165354
20
1.3903451181102362
11
0.3771816929133858
21
1.3862989763779527
0
LINE
8
BLACK
6
CONTINUOUS
10
0.3771816929133858
20
1.3862989763779527
11
0.3771816929133858
21
1.3862988976377952
0
LINE
8
BLACK
6
CONTINUOUS
10
0.3771816929133858
20
1.3862988976377952
11
0.3770669291338583
21
1.3853098031496063
0
LINE
8
BLACK
6
CONTINUOUS
10
0.3770669291338583
20
1.3853098031496063
11
0.3770669291338583
21
1.3217773228346457
0
LINE
8
BLACK
6
CONTINUOUS
10
2.3304376771653543
20
1.490649527559055
11
2.3294492913385825
21
1.4905349212598424
0
LINE
8
BLACK
6
CONTINUOUS
10
2.3294492913385825
20
1.4905349212598424
11
2.3294491338582675
21
1.4905348425196849
0
LINE
8
BLACK
6
CONTINUOUS
10
2.3294491338582675
20
1.4905348425196849
11
2.3254029527559053
21
1.4887483070866141
0
LINE
8
BLACK
6
CONTINUOUS
10
2.3254029527559053
20
1.4887483070866141
11
2.3222753543307086
21
1.4856207086614173
0
LINE
8
BLACK
6
CONTINUOUS
10
2.3222753543307086
20
1.4856207086614173
11
2.3204887795275591
21
1.4815745669291338
0
LINE
8
BLACK
6
CONTINUOUS
10
2.3204887795275591
20
1.4815745669291338
11
2.3204887795275591
21
1.4815744881889763
0
LINE
8
BLACK
6
CONTINUOUS
10
2.3204887795275591
20
1.4815744881889763
11
2.3203740157480315
21
1.4805853937007873
0
LINE
8
BLACK
6
CONTINUOUS
10
2.3203740157480315
20
1.4805853937007873
11
2.3203740157480315
21
1.4170529133858267
0
LINE
8
BLACK
6
CONTINUOUS
10
2.3203740157480315
20
1.4170529133858267
11
2.320374094488189
21
1.4170518897637796
0
LINE
8
BLACK
6
CONTINUOUS
10
2.320374094488189
20
1.4170518897637796
11
2.3204887007874015
21
1.4160635039370078
0
LINE
8
BLACK
6
CONTINUOUS
10
2.3204887007874015
20
1.4160635039370078
11
2.3204887795275591
21
1.416063346456693
0
LINE
8
BLACK
6
CONTINUOUS
10
2.3204887795275591
20
1.416063346456693
11
2.3222753149606299
21
1.4120171653543307
0
LINE
8
BLACK
6
CONTINUOUS
10
2.3222753149606299
20
1.4120171653543307
11
2.3222753543307086
21
1.412017125984252
0
LINE
8
BLACK
6
CONTINUOUS
10
2.3222753543307086
20
1.412017125984252
11
2.3254029527559053
21
1.4088895275590552
0
LINE
8
BLACK
6
CONTINUOUS
10
2.3254029527559053
20
1.4088895275590552
11
2.3294491732283462
21
1.4071029527559056
0
LINE
8
BLACK
6
CONTINUOUS
10
2.3294491732283462
20
1.4071029527559056
11
2.3304383858267714
21
1.406988188976378
0
LINE
8
BLACK
6
CONTINUOUS
10
2.3304383858267714
20
1.406988188976378
11
2.3939710236220471
21
1.4069882283464568
0
LINE
8
BLACK
6
CONTINUOUS
10
2.3939710236220471
20
1.4069882283464568
11
2.3939716141732283
21
1.406988307086614
0
LINE
8
BLACK
6
CONTINUOUS
10
2.3939716141732283
20
1.406988307086614
11
2.3939717322834646
21
1.406988307086614
0
LINE
8
BLACK
6
CONTINUOUS
10
2.3939717322834646
20
1.406988307086614
11
2.394960118110236
21
1.4071029133858268
0
LINE
8
BLACK
6
CONTINUOUS
10
2.394960118110236
20
1.4071029133858268
11
2.3949601574803148
21
1.4071029527559056
0
LINE
8
BLACK
6
CONTINUOUS
10
2.3949601574803148
20
1.4071029527559056
11
2.394960275590551
21
1.4071029527559056
0
LINE
8
BLACK
6
CONTINUOUS
10
2.394960275590551
20
1.4071029527559056
11
2.399006496062992
21
1.4088895275590552
0
LINE
8
BLACK
6
CONTINUOUS
10
2.399006496062992
20
1.4088895275590552
11
2.402134094488189
21
1.412017125984252
0
LINE
8
BLACK
6
CONTINUOUS
10
2.402134094488189
20
1.412017125984252
11
2.4039206692913386
21
1.416063346456693
0
LINE
8
BLACK
6
CONTINUOUS
10
2.4039206692913386
20
1.416063346456693
11
2.4040354330708662
21
1.4170525590551182
0
LINE
8
BLACK
6
CONTINUOUS
10
2.4040354330708662
20
1.4170525590551182
11
2.4040353937007874
21
1.4805851968503936
0
LINE
8
BLACK
6
CONTINUOUS
10
2.4040353937007874
20
1.4805851968503936
11
2.4040353937007874
21
1.4805852362204723
0
LINE
8
BLACK
6
CONTINUOUS
10
2.4040353937007874
20
1.4805852362204723
11
2.4040353937007874
21
1.4805853937007873
0
LINE
8
BLACK
6
CONTINUOUS
10
2.4040353937007874
20
1.4805853937007873
11
2.4040353937007874
21
1.4805854330708661
0
LINE
8
BLACK
6
CONTINUOUS
10
2.4040353937007874
20
1.4805854330708661
11
2.4039207086614174
21
1.4815743307086613
0
LINE
8
BLACK
6
CONTINUOUS
10
2.4039207086614174
20
1.4815743307086613
11
2.4039206692913386
21
1.4815744094488188
0
LINE
8
BLACK
6
CONTINUOUS
10
2.4039206692913386
20
1.4815744094488188
11
2.4039206692913386
21
1.4815744488188975
0
LINE
8
BLACK
6
CONTINUOUS
10
2.4039206692913386
20
1.4815744488188975
11
2.402134094488189
21
1.4856206692913385
0
LINE
8
BLACK
6
CONTINUOUS
10
2.402134094488189
20
1.4856206692913385
11
2.399006496062992
21
1.4887482677165353
0
LINE
8
BLACK
6
CONTINUOUS
10
2.399006496062992
20
1.4887482677165353
11
2.3990064173228345
21
1.4887483070866141
0
LINE
8
BLACK
6
CONTINUOUS
10
2.3990064173228345
20
1.4887483070866141
11
2.3949603149606298
21
1.4905348425196849
0
LINE
8
BLACK
6
CONTINUOUS
10
2.3949603149606298
20
1.4905348425196849
11
2.3939710629921258
21
1.4906496062992125
0
LINE
8
BLACK
6
CONTINUOUS
10
2.3939710629921258
20
1.4906496062992125
11
2.3304387007874015
21
1.4906496062992125
0
LINE
8
BLACK
6
CONTINUOUS
10
2.3304387007874015
20
1.4906496062992125
11
2.3304376771653543
21
1.490649527559055
0
LINE
8
BLACK
6
CONTINUOUS
10
2.4203740157480316
20
1.4170529133858267
11
2.4203740944881891
21
1.4170518897637796
0
LINE
8
BLACK
6
CONTINUOUS
10
2.4203740944881891
20
1.4170518897637796
11
2.4204887007874016
21
1.4160635039370078
0
LINE
8
BLACK
6
CONTINUOUS
10
2.4204887007874016
20
1.4160635039370078
11
2.4204887795275591
21
1.416063346456693
0
LINE
8
BLACK
6
CONTINUOUS
10
2.4204887795275591
20
1.416063346456693
11
2.42227531496063
21
1.4120171653543307
0
LINE
8
BLACK
6
CONTINUOUS
10
2.42227531496063
20
1.4120171653543307
11
2.4222753543307087
21
1.412017125984252
0
LINE
8
BLACK
6
CONTINUOUS
10
2.4222753543307087
20
1.412017125984252
11
2.4254029527559053
21
1.4088895275590552
0
LINE
8
BLACK
6
CONTINUOUS
10
2.4254029527559053
20
1.4088895275590552
11
2.4294491732283463
21
1.4071029527559056
0
LINE
8
BLACK
6
CONTINUOUS
10
2.4294491732283463
20
1.4071029527559056
11
2.4304383858267715
21
1.406988188976378
0
LINE
8
BLACK
6
CONTINUOUS
10
2.4304383858267715
20
1.406988188976378
11
2.4939710236220471
21
1.4069882283464568
0
LINE
8
BLACK
6
CONTINUOUS
10
2.4939710236220471
20
1.4069882283464568
11
2.4939716141732284
21
1.406988307086614
0
LINE
8
BLACK
6
CONTINUOUS
10
2.4939716141732284
20
1.406988307086614
11
2.4939717322834647
21
1.406988307086614
0
LINE
8
BLACK
6
CONTINUOUS
10
2.4939717322834647
20
1.406988307086614
11
2.4949601181102361
21
1.4071029133858268
0
LINE
8
BLACK
6
CONTINUOUS
10
2.4949601181102361
20
1.4071029133858268
11
2.4949601574803149
21
1.4071029527559056
0
LINE
8
BLACK
6
CONTINUOUS
10
2.4949601574803149
20
1.4071029527559056
11
2.4949602755905511
21
1.4071029527559056
0
LINE
8
BLACK
6
CONTINUOUS
10
2.4949602755905511
20
1.4071029527559056
11
2.4990064960629921
21
1.4088895275590552
0
LINE
8
BLACK
6
CONTINUOUS
10
2.4990064960629921
20
1.4088895275590552
11
2.5021340944881891
21
1.412017125984252
0
LINE
8
BLACK
6
CONTINUOUS
10
2.5021340944881891
20
1.412017125984252
11
2.5039206692913387
21
1.416063346456693
0
LINE
8
BLACK
6
CONTINUOUS
10
2.5039206692913387
20
1.416063346456693
11
2.5040354330708663
21
1.4170525590551182
0
LINE
8
BLACK
6
CONTINUOUS
10
2.5040354330708663
20
1.4170525590551182
11
2.5040353937007875
21
1.4805851968503936
0
LINE
8
BLACK
6
CONTINUOUS
10
2.5040353937007875
20
1.4805851968503936
11
2.50403531496063
21
1.4805859448818897
0
LINE
8
BLACK
6
CONTINUOUS
10
2.50403531496063
20
1.4805859448818897
11
2.5039207086614175
21
1.4815743307086613
0
LINE
8
BLACK
6
CONTINUOUS
10
2.5039207086614175
20
1.4815743307086613
11
2.5039206692913387
21
1.4815744094488188
0
LINE
8
BLACK
6
CONTINUOUS
10
2.5039206692913387
20
1.4815744094488188
11
2.5039206692913387
21
1.4815744488188975
0
LINE
8
BLACK
6
CONTINUOUS
10
2.5039206692913387
20
1.4815744488188975
11
2.5021340944881891
21
1.4856206692913385
0
LINE
8
BLACK
6
CONTINUOUS
10
2.5021340944881891
20
1.4856206692913385
11
2.4990064960629921
21
1.4887482677165353
0
LINE
8
BLACK
6
CONTINUOUS
10
2.4990064960629921
20
1.4887482677165353
11
2.4990064173228346
21
1.4887483070866141
0
LINE
8
BLACK
6
CONTINUOUS
10
2.4990064173228346
20
1.4887483070866141
11
2.4949603149606299
21
1.4905348425196849
0
LINE
8
BLACK
6
CONTINUOUS
10
2.4949603149606299
20
1.4905348425196849
11
2.4939710629921259
21
1.4906496062992125
0
LINE
8
BLACK
6
CONTINUOUS
10
2.4939710629921259
20
1.4906496062992125
11
2.4304387007874015
21
1.4906496062992125
0
LINE
8
BLACK
6
CONTINUOUS
10
2.4304387007874015
20
1.4906496062992125
11
2.4304376771653544
21
1.490649527559055
0
LINE
8
BLACK
6
CONTINUOUS
10
2.4304376771653544
20
1.490649527559055
11
2.4294492913385826
21
1.4905349212598424
0
LINE
8
BLACK
6
CONTINUOUS
10
2.4294492913385826
20
1.4905349212598424
11
2.4294491338582676
21
1.4905348425196849
0
LINE
8
BLACK
6
CONTINUOUS
10
2.4294491338582676
20
1.4905348425196849
11
2.4254029527559053
21
1.4887483070866141
0
LINE
8
BLACK
6
CONTINUOUS
10
2.4254029527559053
20
1.4887483070866141
11
2.4222753543307087
21
1.4856207086614173
0
LINE
8
BLACK
6
CONTINUOUS
10
2.4222753543307087
20
1.4856207086614173
11
2.4204887795275591
21
1.4815745669291338
0
LINE
8
BLACK
6
CONTINUOUS
10
2.4204887795275591
20
1.4815745669291338
11
2.4204887795275591
21
1.4815744881889763
0
LINE
8
BLACK
6
CONTINUOUS
10
2.4204887795275591
20
1.4815744881889763
11
2.4203740157480316
21
1.4805853937007873
0
LINE
8
BLACK
6
CONTINUOUS
10
2.4203740157480316
20
1.4805853937007873
11
2.4203740157480316
21
1.4170529133858267
0
LINE
8
BLACK
6
CONTINUOUS
10
0.2770668897637795
20
1.4217773228346455
11
0.277066968503937
21
1.4217762992125984
0
LINE
8
BLACK
6
CONTINUOUS
10
0.277066968503937
20
1.4217762992125984
11
0.2771815748031496
21
1.4207879133858268
0
LINE
8
BLACK
6
CONTINUOUS
10
0.2771815748031496
20
1.4207879133858268
11
0.2771816535433071
21
1.4207877559055118
0
LINE
8
BLACK
6
CONTINUOUS
10
0.2771816535433071
20
1.4207877559055118
11
0.2789681889763779
21
1.4167415748031496
0
LINE
8
BLACK
6
CONTINUOUS
10
0.2789681889763779
20
1.4167415748031496
11
0.2789682283464567
21
1.4167415354330708
0
LINE
8
BLACK
6
CONTINUOUS
10
0.2789682283464567
20
1.4167415354330708
11
0.2820958267716535
21
1.413613937007874
0
LINE
8
BLACK
6
CONTINUOUS
10
0.2820958267716535
20
1.413613937007874
11
0.2861420472440945
21
1.4118273622047244
0
LINE
8
BLACK
6
CONTINUOUS
10
0.2861420472440945
20
1.4118273622047244
11
0.2871312598425197
21
1.4117125984251968
0
LINE
8
BLACK
6
CONTINUOUS
10
0.2871312598425197
20
1.4117125984251968
11
0.3506638976377953
21
1.4117126377952756
0
LINE
8
BLACK
6
CONTINUOUS
10
0.3506638976377953
20
1.4117126377952756
11
0.3506644881889764
21
1.4117127165354331
0
LINE
8
BLACK
6
CONTINUOUS
10
0.3506644881889764
20
1.4117127165354331
11
0.3506646062992126
21
1.4117127165354331
0
LINE
8
BLACK
6
CONTINUOUS
10
0.3506646062992126
20
1.4117127165354331
11
0.3516529921259842
21
1.4118273228346456
0
LINE
8
BLACK
6
CONTINUOUS
10
0.3516529921259842
20
1.4118273228346456
11
0.351653031496063
21
1.4118273622047244
0
LINE
8
BLACK
6
CONTINUOUS
10
0.351653031496063
20
1.4118273622047244
11
0.3516531496062992
21
1.4118273622047244
0
LINE
8
BLACK
6
CONTINUOUS
10
0.3516531496062992
20
1.4118273622047244
11
0.3556993700787401
21
1.413613937007874
0
LINE
8
BLACK
6
CONTINUOUS
10
0.3556993700787401
20
1.413613937007874
11
0.358826968503937
21
1.4167415354330708
0
LINE
8
BLACK
6
CONTINUOUS
10
0.358826968503937
20
1.4167415354330708
11
0.3606135433070866
21
1.4207877559055118
0
LINE
8
BLACK
6
CONTINUOUS
10
0.3606135433070866
20
1.4207877559055118
11
0.3607283070866142
21
1.421776968503937
0
LINE
8
BLACK
6
CONTINUOUS
10
0.3607283070866142
20
1.421776968503937
11
0.3607282677165354
21
1.4853096062992126
0
LINE
8
BLACK
6
CONTINUOUS
10
0.3607282677165354
20
1.4853096062992126
11
0.3607282677165354
21
1.4853096456692914
0
LINE
8
BLACK
6
CONTINUOUS
10
0.3607282677165354
20
1.4853096456692914
11
0.3607282677165354
21
1.4853098031496064
0
LINE
8
BLACK
6
CONTINUOUS
10
0.3607282677165354
20
1.4853098031496064
11
0.3607282677165354
21
1.4853098425196849
0
LINE
8
BLACK
6
CONTINUOUS
10
0.3607282677165354
20
1.4853098425196849
11
0.3606135826771654
21
1.4862987401574803
0
LINE
8
BLACK
6
CONTINUOUS
10
0.3606135826771654
20
1.4862987401574803
11
0.3606135433070866
21
1.4862988188976378
0
LINE
8
BLACK
6
CONTINUOUS
10
0.3606135433070866
20
1.4862988188976378
11
0.3606135433070866
21
1.4862988582677166
0
LINE
8
BLACK
6
CONTINUOUS
10
0.3606135433070866
20
1.4862988582677166
11
0.358826968503937
21
1.4903450787401575
0
LINE
8
BLACK
6
CONTINUOUS
10
0.358826968503937
20
1.4903450787401575
11
0.3556993700787401
21
1.4934726771653544
0
LINE
8
BLACK
6
CONTINUOUS
10
0.3556993700787401
20
1.4934726771653544
11
0.3556992913385827
21
1.4934727165354331
0
LINE
8
BLACK
6
CONTINUOUS
10
0.3556992913385827
20
1.4934727165354331
11
0.3516531889763779
21
1.495259251968504
0
LINE
8
BLACK
6
CONTINUOUS
10
0.3516531889763779
20
1.495259251968504
11
0.350663937007874
21
1.4953740157480315
0
LINE
8
BLACK
6
CONTINUOUS
10
0.350663937007874
20
1.4953740157480315
11
0.2871315748031496
21
1.4953740157480315
0
LINE
8
BLACK
6
CONTINUOUS
10
0.2871315748031496
20
1.4953740157480315
11
0.2871305511811024
21
1.495373937007874
0
LINE
8
BLACK
6
CONTINUOUS
10
0.2871305511811024
20
1.495373937007874
11
0.2861421653543307
21
1.4952593307086615
0
LINE
8
BLACK
6
CONTINUOUS
10
0.2861421653543307
20
1.4952593307086615
11
0.2861420078740157
21
1.495259251968504
0
LINE
8
BLACK
6
CONTINUOUS
10
0.2861420078740157
20
1.495259251968504
11
0.2820958267716535
21
1.4934727165354331
0
LINE
8
BLACK
6
CONTINUOUS
10
0.2820958267716535
20
1.4934727165354331
11
0.2789682283464567
21
1.4903451181102363
0
LINE
8
BLACK
6
CONTINUOUS
10
0.2789682283464567
20
1.4903451181102363
11
0.2771816535433071
21
1.4862989763779528
0
LINE
8
BLACK
6
CONTINUOUS
10
0.2771816535433071
20
1.4862989763779528
11
0.2771816535433071
21
1.4862988976377953
0
LINE
8
BLACK
6
CONTINUOUS
10
0.2771816535433071
20
1.4862988976377953
11
0.2770668897637795
21
1.4853098031496064
0
LINE
8
BLACK
6
CONTINUOUS
10
0.2770668897637795
20
1.4853098031496064
11
0.2770668897637795
21
1.4217773228346455
0
LINE
8
BLACK
6
CONTINUOUS
10
0.377066968503937
20
1.4217773228346455
11
0.3770670472440945
21
1.4217762992125984
0
LINE
8
BLACK
6
CONTINUOUS
10
0.3770670472440945
20
1.4217762992125984
11
0.3771816535433071
21
1.4207879133858268
0
LINE
8
BLACK
6
CONTINUOUS
10
0.3771816535433071
20
1.4207879133858268
11
0.3771817322834646
21
1.4207877559055118
0
LINE
8
BLACK
6
CONTINUOUS
10
0.3771817322834646
20
1.4207877559055118
11
0.3789682677165354
21
1.4167415748031496
0
LINE
8
BLACK
6
CONTINUOUS
10
0.3789682677165354
20
1.4167415748031496
11
0.3789683070866142
21
1.4167415354330708
0
LINE
8
BLACK
6
CONTINUOUS
10
0.3789683070866142
20
1.4167415354330708
11
0.382095905511811
21
1.413613937007874
0
LINE
8
BLACK
6
CONTINUOUS
10
0.382095905511811
20
1.413613937007874
11
0.386142125984252
21
1.4118273622047244
0
LINE
8
BLACK
6
CONTINUOUS
10
0.386142125984252
20
1.4118273622047244
11
0.3871313385826772
21
1.4117125984251968
0
LINE
8
BLACK
6
CONTINUOUS
10
0.3871313385826772
20
1.4117125984251968
11
0.4506639763779527
21
1.4117126377952756
0
LINE
8
BLACK
6
CONTINUOUS
10
0.4506639763779527
20
1.4117126377952756
11
0.4506645669291339
21
1.4117127165354331
0
LINE
8
BLACK
6
CONTINUOUS
10
0.4506645669291339
20
1.4117127165354331
11
0.4506646850393701
21
1.4117127165354331
0
LINE
8
BLACK
6
CONTINUOUS
10
0.4506646850393701
20
1.4117127165354331
11
0.4516530708661417
21
1.4118273228346456
0
LINE
8
BLACK
6
CONTINUOUS
10
0.4516530708661417
20
1.4118273228346456
11
0.4516531102362205
21
1.4118273622047244
0
LINE
8
BLACK
6
CONTINUOUS
10
0.4516531102362205
20
1.4118273622047244
11
0.4516532283464567
21
1.4118273622047244
0
LINE
8
BLACK
6
CONTINUOUS
10
0.4516532283464567
20
1.4118273622047244
11
0.4556994488188976
21
1.413613937007874
0
LINE
8
BLACK
6
CONTINUOUS
10
0.4556994488188976
20
1.413613937007874
11
0.4588270472440945
21
1.4167415354330708
0
LINE
8
BLACK
6
CONTINUOUS
10
0.4588270472440945
20
1.4167415354330708
11
0.4606136220472441
21
1.4207877559055118
0
LINE
8
BLACK
6
CONTINUOUS
10
0.4606136220472441
20
1.4207877559055118
11
0.4607283858267717
21
1.421776968503937
0
LINE
8
BLACK
6
CONTINUOUS
10
0.4607283858267717
20
1.421776968503937
11
0.4607283464566929
21
1.4853096062992126
0
LINE
8
BLACK
6
CONTINUOUS
10
0.4607283464566929
20
1.4853096062992126
11
0.4606922834645669
21
1.4856207086614173
0
LINE
8
BLACK
6
CONTINUOUS
10
0.4606922834645669
20
1.4856207086614173
11
0.4606136614173229
21
1.4862987401574803
0
LINE
8
BLACK
6
CONTINUOUS
10
0.4606136614173229
20
1.4862987401574803
11
0.4606136220472441
21
1.4862988188976378
0
LINE
8
BLACK
6
CONTINUOUS
10
0.4606136220472441
20
1.4862988188976378
11
0.4606136220472441
21
1.4862988582677166
0
LINE
8
BLACK
6
CONTINUOUS
10
0.4606136220472441
20
1.4862988582677166
11
0.4588270472440945
21
1.4903450787401575
0
LINE
8
BLACK
6
CONTINUOUS
10
0.4588270472440945
20
1.4903450787401575
11
0.4556994488188976
21
1.4934726771653544
0
LINE
8
BLACK
6
CONTINUOUS
10
0.4556994488188976
20
1.4934726771653544
11
0.4556993700787402
21
1.4934727165354331
0
LINE
8
BLACK
6
CONTINUOUS
10
0.4556993700787402
20
1.4934727165354331
11
0.4516532677165354
21
1.495259251968504
0
LINE
8
BLACK
6
CONTINUOUS
10
0.4516532677165354
20
1.495259251968504
11
0.4506640157480315
21
1.4953740157480315
0
LINE
8
BLACK
6
CONTINUOUS
10
0.4506640157480315
20
1.4953740157480315
11
0.3871316535433071
21
1.4953740157480315
0
LINE
8
BLACK
6
CONTINUOUS
10
0.3871316535433071
20
1.4953740157480315
11
0.3871306299212599
21
1.495373937007874
0
LINE
8
BLACK
6
CONTINUOUS
10
0.3871306299212599
20
1.495373937007874
11
0.3861422440944882
21
1.4952593307086615
0
LINE
8
BLACK
6
CONTINUOUS
10
0.3861422440944882
20
1.4952593307086615
11
0.3861420866141732
21
1.495259251968504
0
LINE
8
BLACK
6
CONTINUOUS
10
0.3861420866141732
20
1.495259251968504
11
0.382095905511811
21
1.4934727165354331
0
LINE
8
BLACK
6
CONTINUOUS
10
0.382095905511811
20
1.4934727165354331
11
0.3789683070866142
21
1.4903451181102363
0
LINE
8
BLACK
6
CONTINUOUS
10
0.3789683070866142
20
1.4903451181102363
11
0.3771817322834646
21
1.4862989763779528
0
LINE
8
BLACK
6
CONTINUOUS
10
0.3771817322834646
20
1.4862989763779528
11
0.3771817322834646
21
1.4862988976377953
0
LINE
8
BLACK
6
CONTINUOUS
10
0.3771817322834646
20
1.4862988976377953
11
0.377066968503937
21
1.4853098031496064
0
LINE
8
BLACK
6
CONTINUOUS
10
0.377066968503937
20
1.4853098031496064
11
0.377066968503937
21
1.4217773228346455
0
LINE
8
BLACK
6
CONTINUOUS
10
2.0413385433070865
20
1.7852277952755906
11
2.041338464566929
21
1.7852287007874015
0
LINE
8
BLACK
6
CONTINUOUS
10
2.041338464566929
20
1.7852287007874015
11
2.0412240551181102
21
1.7862153543307087
0
LINE
8
BLACK
6
CONTINUOUS
10
2.0412240551181102
20
1.7862153543307087
11
2.0412240157480315
21
1.7862155118110237
0
LINE
8
BLACK
6
CONTINUOUS
10
2.0412240157480315
20
1.7862155118110237
11
2.039440472440945
21
1.7902549212598424
0
LINE
8
BLACK
6
CONTINUOUS
10
2.039440472440945
20
1.7902549212598424
11
2.0394403543307087
21
1.7902551181102362
0
LINE
8
BLACK
6
CONTINUOUS
10
2.0394403543307087
20
1.7902551181102362
11
2.0363180708661415
21
1.7933774015748032
0
LINE
8
BLACK
6
CONTINUOUS
10
2.0363180708661415
20
1.7933774015748032
11
2.0363178740157482
21
1.7933775196850392
0
LINE
8
BLACK
6
CONTINUOUS
10
2.0363178740157482
20
1.7933775196850392
11
2.0322785826771654
21
1.7951610236220472
0
LINE
8
BLACK
6
CONTINUOUS
10
2.0322785826771654
20
1.7951610236220472
11
2.0312911023622049
21
1.795275590551181
0
LINE
8
BLACK
6
CONTINUOUS
10
2.0312911023622049
20
1.795275590551181
11
2.0265748031496065
21
1.795275590551181
0
LINE
8
BLACK
6
CONTINUOUS
10
2.0265748031496065
20
1.795275590551181
11
2.0265748031496065
21
1.7834645669291338
0
LINE
8
BLACK
6
CONTINUOUS
10
2.0265748031496065
20
1.7834645669291338
11
2.0295275590551181
21
1.7834645669291338
0
LINE
8
BLACK
6
CONTINUOUS
10
2.0295275590551181
20
1.7834645669291338
11
2.0295275590551181
21
1.7726377952755905
0
LINE
8
BLACK
6
CONTINUOUS
10
2.0295275590551181
20
1.7726377952755905
11
2.0413385433070865
21
1.7726377952755905
0
LINE
8
BLACK
6
CONTINUOUS
10
2.0413385433070865
20
1.7726377952755905
11
2.0413385433070865
21
1.784246653543307
0
LINE
8
BLACK
6
CONTINUOUS
10
2.0413385433070865
20
1.784246653543307
11
2.0413385433070865
21
1.7852277952755906
0
LINE
8
BLACK
6
CONTINUOUS
10
2.3203740157480315
20
1.5170529133858268
11
2.320374094488189
21
1.5170518897637795
0
LINE
8
BLACK
6
CONTINUOUS
10
2.320374094488189
20
1.5170518897637795
11
2.3204887007874015
21
1.5160635039370078
0
LINE
8
BLACK
6
CONTINUOUS
10
2.3204887007874015
20
1.5160635039370078
11
2.3204887795275591
21
1.5160633464566928
0
LINE
8
BLACK
6
CONTINUOUS
10
2.3204887795275591
20
1.5160633464566928
11
2.3222753149606299
21
1.5120171653543306
0
LINE
8
BLACK
6
CONTINUOUS
10
2.3222753149606299
20
1.5120171653543306
11
2.3222753543307086
21
1.5120171259842519
0
LINE
8
BLACK
6
CONTINUOUS
10
2.3222753543307086
20
1.5120171259842519
11
2.3254029527559053
21
1.508889527559055
0
LINE
8
BLACK
6
CONTINUOUS
10
2.3254029527559053
20
1.508889527559055
11
2.3294491732283462
21
1.5071029527559054
0
LINE
8
BLACK
6
CONTINUOUS
10
2.3294491732283462
20
1.5071029527559054
11
2.3304383858267714
21
1.5069881889763779
0
LINE
8
BLACK
6
CONTINUOUS
10
2.3304383858267714
20
1.5069881889763779
11
2.3939710236220471
21
1.5069882283464566
0
LINE
8
BLACK
6
CONTINUOUS
10
2.3939710236220471
20
1.5069882283464566
11
2.3939716141732283
21
1.5069883070866141
0
LINE
8
BLACK
6
CONTINUOUS
10
2.3939716141732283
20
1.5069883070866141
11
2.3939717322834646
21
1.5069883070866141
0
LINE
8
BLACK
6
CONTINUOUS
10
2.3939717322834646
20
1.5069883070866141
11
2.394960118110236
21
1.5071029133858267
0
LINE
8
BLACK
6
CONTINUOUS
10
2.394960118110236
20
1.5071029133858267
11
2.3949601574803148
21
1.5071029527559054
0
LINE
8
BLACK
6
CONTINUOUS
10
2.3949601574803148
20
1.5071029527559054
11
2.394960275590551
21
1.5071029527559054
0
LINE
8
BLACK
6
CONTINUOUS
10
2.394960275590551
20
1.5071029527559054
11
2.399006496062992
21
1.508889527559055
0
LINE
8
BLACK
6
CONTINUOUS
10
2.399006496062992
20
1.508889527559055
11
2.402134094488189
21
1.5120171259842519
0
LINE
8
BLACK
6
CONTINUOUS
10
2.402134094488189
20
1.5120171259842519
11
2.4039206692913386
21
1.5160633464566928
0
LINE
8
BLACK
6
CONTINUOUS
10
2.4039206692913386
20
1.5160633464566928
11
2.4040354330708662
21
1.517052559055118
0
LINE
8
BLACK
6
CONTINUOUS
10
2.4040354330708662
20
1.517052559055118
11
2.4040354330708662
21
1.524232283464567
0
LINE
8
BLACK
6
CONTINUOUS
10
2.4040354330708662
20
1.524232283464567
11
2.4041358267716535
21
1.5245742519685039
0
LINE
8
BLACK
6
CONTINUOUS
10
2.4041358267716535
20
1.5245742519685039
11
2.4040851181102361
21
1.5249270472440946
0
LINE
8
BLACK
6
CONTINUOUS
10
2.4040851181102361
20
1.5249270472440946
11
2.4045173228346455
21
1.5258735433070867
0
LINE
8
BLACK
6
CONTINUOUS
10
2.4045173228346455
20
1.5258735433070867
11
2.4048104330708662
21
1.5268716141732284
0
LINE
8
BLACK
6
CONTINUOUS
10
2.4048104330708662
20
1.5268716141732284
11
2.4050797244094486
21
1.5271049999999999
0
LINE
8
BLACK
6
CONTINUOUS
10
2.4050797244094486
20
1.5271049999999999
11
2.405227834645669
21
1.527429251968504
0
LINE
8
BLACK
6
CONTINUOUS
10
2.405227834645669
20
1.527429251968504
11
2.406103188976378
21
1.5279918503937007
0
LINE
8
BLACK
6
CONTINUOUS
10
2.406103188976378
20
1.5279918503937007
11
2.4068893307086614
21
1.5286729921259843
0
LINE
8
BLACK
6
CONTINUOUS
10
2.4068893307086614
20
1.5286729921259843
11
2.4073032677165354
21
1.5287630708661417
0
LINE
8
BLACK
6
CONTINUOUS
10
2.4073032677165354
20
1.5287630708661417
11
2.407541929133858
21
1.5289164173228347
0
LINE
8
BLACK
6
CONTINUOUS
10
2.407541929133858
20
1.5289164173228347
11
2.4089173228346454
21
1.5291141732283464
0
LINE
8
BLACK
6
CONTINUOUS
10
2.4089173228346454
20
1.5291141732283464
11
2.4154921653543306
21
1.5291141732283464
0
LINE
8
BLACK
6
CONTINUOUS
10
2.4154921653543306
20
1.5291141732283464
11
2.4181314960629923
21
1.5283391732283464
0
LINE
8
BLACK
6
CONTINUOUS
10
2.4181314960629923
20
1.5283391732283464
11
2.419932874015748
21
1.5262602755905512
0
LINE
8
BLACK
6
CONTINUOUS
10
2.419932874015748
20
1.5262602755905512
11
2.4203740551181103
21
1.524232283464567
0
LINE
8
BLACK
6
CONTINUOUS
10
2.4203740551181103
20
1.524232283464567
11
2.4203740551181103
21
1.5170529133858268
0
LINE
8
BLACK
6
CONTINUOUS
10
2.4203740551181103
20
1.5170529133858268
11
2.4203740944881891
21
1.5170518897637795
0
LINE
8
BLACK
6
CONTINUOUS
10
2.4203740944881891
20
1.5170518897637795
11
2.4204887007874016
21
1.5160635039370078
0
LINE
8
BLACK
6
CONTINUOUS
10
2.4204887007874016
20
1.5160635039370078
11
2.4204887795275591
21
1.5160633464566928
0
LINE
8
BLACK
6
CONTINUOUS
10
2.4204887795275591
20
1.5160633464566928
11
2.42227531496063
21
1.5120171653543306
0
LINE
8
BLACK
6
CONTINUOUS
10
2.42227531496063
20
1.5120171653543306
11
2.4222753543307087
21
1.5120171259842519
0
LINE
8
BLACK
6
CONTINUOUS
10
2.4222753543307087
20
1.5120171259842519
11
2.4254029527559053
21
1.508889527559055
0
LINE
8
BLACK
6
CONTINUOUS
10
2.4254029527559053
20
1.508889527559055
11
2.4294491732283463
21
1.5071029527559054
0
LINE
8
BLACK
6
CONTINUOUS
10
2.4294491732283463
20
1.5071029527559054
11
2.4304383858267715
21
1.5069881889763779
0
LINE
8
BLACK
6
CONTINUOUS
10
2.4304383858267715
20
1.5069881889763779
11
2.4939710236220471
21
1.5069882283464566
0
LINE
8
BLACK
6
CONTINUOUS
10
2.4939710236220471
20
1.5069882283464566
11
2.4939716141732284
21
1.5069883070866141
0
LINE
8
BLACK
6
CONTINUOUS
10
2.4939716141732284
20
1.5069883070866141
11
2.4939717322834647
21
1.5069883070866141
0
LINE
8
BLACK
6
CONTINUOUS
10
2.4939717322834647
20
1.5069883070866141
11
2.4949601181102361
21
1.5071029133858267
0
LINE
8
BLACK
6
CONTINUOUS
10
2.4949601181102361
20
1.5071029133858267
11
2.4949601574803149
21
1.5071029527559054
0
LINE
8
BLACK
6
CONTINUOUS
10
2.4949601574803149
20
1.5071029527559054
11
2.4949602755905511
21
1.5071029527559054
0
LINE
8
BLACK
6
CONTINUOUS
10
2.4949602755905511
20
1.5071029527559054
11
2.4990064960629921
21
1.508889527559055
0
LINE
8
BLACK
6
CONTINUOUS
10
2.4990064960629921
20
1.508889527559055
11
2.5021340944881891
21
1.5120171259842519
0
LINE
8
BLACK
6
CONTINUOUS
10
2.5021340944881891
20
1.5120171259842519
11
2.5039206692913387
21
1.5160633464566928
0
LINE
8
BLACK
6
CONTINUOUS
10
2.5039206692913387
20
1.5160633464566928
11
2.5040354330708663
21
1.517052559055118
0
LINE
8
BLACK
6
CONTINUOUS
10
2.5040354330708663
20
1.517052559055118
11
2.5040353937007875
21
1.5805851968503937
0
LINE
8
BLACK
6
CONTINUOUS
10
2.5040353937007875
20
1.5805851968503937
11
2.50403531496063
21
1.5805859448818897
0
LINE
8
BLACK
6
CONTINUOUS
10
2.50403531496063
20
1.5805859448818897
11
2.5039207086614175
21
1.5815743307086614
0
LINE
8
BLACK
6
CONTINUOUS
10
2.5039207086614175
20
1.5815743307086614
11
2.5039206692913387
21
1.5815744094488189
0
LINE
8
BLACK
6
CONTINUOUS
10
2.5039206692913387
20
1.5815744094488189
11
2.5039206692913387
21
1.5815744488188976
0
LINE
8
BLACK
6
CONTINUOUS
10
2.5039206692913387
20
1.5815744488188976
11
2.5021340944881891
21
1.5856206692913386
0
LINE
8
BLACK
6
CONTINUOUS
10
2.5021340944881891
20
1.5856206692913386
11
2.4990064960629921
21
1.5887482677165354
0
LINE
8
BLACK
6
CONTINUOUS
10
2.4990064960629921
20
1.5887482677165354
11
2.497152401574803
21
1.5895669291338583
0
LINE
8
BLACK
6
CONTINUOUS
10
2.497152401574803
20
1.5895669291338583
11
2.4949603149606299
21
1.590534842519685
0
LINE
8
BLACK
6
CONTINUOUS
10
2.4949603149606299
20
1.590534842519685
11
2.4939710629921259
21
1.5906496062992126
0
LINE
8
BLACK
6
CONTINUOUS
10
2.4939710629921259
20
1.5906496062992126
11
2.4304387007874015
21
1.5906496062992126
0
LINE
8
BLACK
6
CONTINUOUS
10
2.4304387007874015
20
1.5906496062992126
11
2.4304376771653544
21
1.5906495275590551
0
LINE
8
BLACK
6
CONTINUOUS
10
2.4304376771653544
20
1.5906495275590551
11
2.4294492913385826
21
1.5905349212598425
0
LINE
8
BLACK
6
CONTINUOUS
10
2.4294492913385826
20
1.5905349212598425
11
2.4294491338582676
21
1.590534842519685
0
LINE
8
BLACK
6
CONTINUOUS
10
2.4294491338582676
20
1.590534842519685
11
2.4254029527559053
21
1.5887483070866142
0
LINE
8
BLACK
6
CONTINUOUS
10
2.4254029527559053
20
1.5887483070866142
11
2.4222753543307087
21
1.5856207086614174
0
LINE
8
BLACK
6
CONTINUOUS
10
2.4222753543307087
20
1.5856207086614174
11
2.4204887795275591
21
1.5815745669291339
0
LINE
8
BLACK
6
CONTINUOUS
10
2.4204887795275591
20
1.5815745669291339
11
2.4204887795275591
21
1.5815744881889764
0
LINE
8
BLACK
6
CONTINUOUS
10
2.4204887795275591
20
1.5815744881889764
11
2.4203740157480316
21
1.5805853937007874
0
LINE
8
BLACK
6
CONTINUOUS
10
2.4203740157480316
20
1.5805853937007874
11
2.4203740157480316
21
1.5734055118110235
0
LINE
8
BLACK
6
CONTINUOUS
10
2.4203740157480316
20
1.5734055118110235
11
2.4202735826771651
21
1.5730635826771653
0
LINE
8
BLACK
6
CONTINUOUS
10
2.4202735826771651
20
1.5730635826771653
11
2.4203243307086613
21
1.5727107480314961
0
LINE
8
BLACK
6
CONTINUOUS
10
2.4203243307086613
20
1.5727107480314961
11
2.4198920866141731
21
1.5717642913385825
0
LINE
8
BLACK
6
CONTINUOUS
10
2.4198920866141731
20
1.5717642913385825
11
2.4195990157480316
21
1.5707661811023621
0
LINE
8
BLACK
6
CONTINUOUS
10
2.4195990157480316
20
1.5707661811023621
11
2.41932968503937
21
1.5705328346456693
0
LINE
8
BLACK
6
CONTINUOUS
10
2.41932968503937
20
1.5705328346456693
11
2.4191816141732283
21
1.5702085433070865
0
LINE
8
BLACK
6
CONTINUOUS
10
2.4191816141732283
20
1.5702085433070865
11
2.418306220472441
21
1.5696459842519686
0
LINE
8
BLACK
6
CONTINUOUS
10
2.418306220472441
20
1.5696459842519686
11
2.4175201181102364
21
1.5689648031496062
0
LINE
8
BLACK
6
CONTINUOUS
10
2.4175201181102364
20
1.5689648031496062
11
2.4171061417322832
21
1.5688747637795275
0
LINE
8
BLACK
6
CONTINUOUS
10
2.4171061417322832
20
1.5688747637795275
11
2.4168675196850393
21
1.5687213779527558
0
LINE
8
BLACK
6
CONTINUOUS
10
2.4168675196850393
20
1.5687213779527558
11
2.4154921259842519
21
1.568523622047244
0
LINE
8
BLACK
6
CONTINUOUS
10
2.4154921259842519
20
1.568523622047244
11
2.4089172834645667
21
1.568523622047244
0
LINE
8
BLACK
6
CONTINUOUS
10
2.4089172834645667
20
1.568523622047244
11
2.4062779527559055
21
1.569298622047244
0
LINE
8
BLACK
6
CONTINUOUS
10
2.4062779527559055
20
1.569298622047244
11
2.4044765748031494
21
1.5713775196850392
0
LINE
8
BLACK
6
CONTINUOUS
10
2.4044765748031494
20
1.5713775196850392
11
2.4040353937007874
21
1.5734055118110235
0
LINE
8
BLACK
6
CONTINUOUS
10
2.4040353937007874
20
1.5734055118110235
11
2.4040353937007874
21
1.5805849212598424
0
LINE
8
BLACK
6
CONTINUOUS
10
2.4040353937007874
20
1.5805849212598424
11
2.4040353937007874
21
1.5805851968503937
0
LINE
8
BLACK
6
CONTINUOUS
10
2.4040353937007874
20
1.5805851968503937
11
2.4040353149606299
21
1.5805859448818897
0
LINE
8
BLACK
6
CONTINUOUS
10
2.4040353149606299
20
1.5805859448818897
11
2.4039207086614174
21
1.5815743307086614
0
LINE
8
BLACK
6
CONTINUOUS
10
2.4039207086614174
20
1.5815743307086614
11
2.4039206692913386
21
1.5815744094488189
0
LINE
8
BLACK
6
CONTINUOUS
10
2.4039206692913386
20
1.5815744094488189
11
2.4039206692913386
21
1.5815744488188976
0
LINE
8
BLACK
6
CONTINUOUS
10
2.4039206692913386
20
1.5815744488188976
11
2.402134094488189
21
1.5856206692913386
0
LINE
8
BLACK
6
CONTINUOUS
10
2.402134094488189
20
1.5856206692913386
11
2.399006496062992
21
1.5887482677165354
0
LINE
8
BLACK
6
CONTINUOUS
10
2.399006496062992
20
1.5887482677165354
11
2.3971524015748029
21
1.5895669291338583
0
LINE
8
BLACK
6
CONTINUOUS
10
2.3971524015748029
20
1.5895669291338583
11
2.3949603149606298
21
1.590534842519685
0
LINE
8
BLACK
6
CONTINUOUS
10
2.3949603149606298
20
1.590534842519685
11
2.3939710629921258
21
1.5906496062992126
0
LINE
8
BLACK
6
CONTINUOUS
10
2.3939710629921258
20
1.5906496062992126
11
2.3304387007874015
21
1.5906496062992126
0
LINE
8
BLACK
6
CONTINUOUS
10
2.3304387007874015
20
1.5906496062992126
11
2.3304376771653543
21
1.5906495275590551
0
LINE
8
BLACK
6
CONTINUOUS
10
2.3304376771653543
20
1.5906495275590551
11
2.3294492913385825
21
1.5905349212598425
0
LINE
8
BLACK
6
CONTINUOUS
10
2.3294492913385825
20
1.5905349212598425
11
2.3294491338582675
21
1.590534842519685
0
LINE
8
BLACK
6
CONTINUOUS
10
2.3294491338582675
20
1.590534842519685
11
2.3254029527559053
21
1.5887483070866142
0
LINE
8
BLACK
6
CONTINUOUS
10
2.3254029527559053
20
1.5887483070866142
11
2.3222753543307086
21
1.5856207086614174
0
LINE
8
BLACK
6
CONTINUOUS
10
2.3222753543307086
20
1.5856207086614174
11
2.3204887795275591
21
1.5815745669291339
0
LINE
8
BLACK
6
CONTINUOUS
10
2.3204887795275591
20
1.5815745669291339
11
2.3204887795275591
21
1.5815744881889764
0
LINE
8
BLACK
6
CONTINUOUS
10
2.3204887795275591
20
1.5815744881889764
11
2.3203740157480315
21
1.5805853937007874
0
LINE
8
BLACK
6
CONTINUOUS
10
2.3203740157480315
20
1.5805853937007874
11
2.3203740157480315
21
1.5170529133858268
0
LINE
8
BLACK
6
CONTINUOUS
10
0.2770669291338583
20
1.5217773228346456
11
0.2770670078740157
21
1.5217762992125985
0
LINE
8
BLACK
6
CONTINUOUS
10
0.2770670078740157
20
1.5217762992125985
11
0.2771816141732283
21
1.5207879133858266
0
LINE
8
BLACK
6
CONTINUOUS
10
0.2771816141732283
20
1.5207879133858266
11
0.2771816929133858
21
1.5207877559055119
0
LINE
8
BLACK
6
CONTINUOUS
10
0.2771816929133858
20
1.5207877559055119
11
0.2789682283464567
21
1.5167415748031496
0
LINE
8
BLACK
6
CONTINUOUS
10
0.2789682283464567
20
1.5167415748031496
11
0.2789682677165354
21
1.5167415354330709
0
LINE
8
BLACK
6
CONTINUOUS
10
0.2789682677165354
20
1.5167415354330709
11
0.2820958661417323
21
1.5136139370078741
0
LINE
8
BLACK
6
CONTINUOUS
10
0.2820958661417323
20
1.5136139370078741
11
0.2861420866141732
21
1.5118273622047245
0
LINE
8
BLACK
6
CONTINUOUS
10
0.2861420866141732
20
1.5118273622047245
11
0.2871312992125984
21
1.5117125984251969
0
LINE
8
BLACK
6
CONTINUOUS
10
0.2871312992125984
20
1.5117125984251969
11
0.350663937007874
21
1.5117126377952756
0
LINE
8
BLACK
6
CONTINUOUS
10
0.350663937007874
20
1.5117126377952756
11
0.3506645275590551
21
1.5117127165354329
0
LINE
8
BLACK
6
CONTINUOUS
10
0.3506645275590551
20
1.5117127165354329
11
0.3506646456692913
21
1.5117127165354329
0
LINE
8
BLACK
6
CONTINUOUS
10
0.3506646456692913
20
1.5117127165354329
11
0.351653031496063
21
1.5118273228346457
0
LINE
8
BLACK
6
CONTINUOUS
10
0.351653031496063
20
1.5118273228346457
11
0.3516530708661417
21
1.5118273622047245
0
LINE
8
BLACK
6
CONTINUOUS
10
0.3516530708661417
20
1.5118273622047245
11
0.3516531889763779
21
1.5118273622047245
0
LINE
8
BLACK
6
CONTINUOUS
10
0.3516531889763779
20
1.5118273622047245
11
0.3556994094488189
21
1.5136139370078741
0
LINE
8
BLACK
6
CONTINUOUS
10
0.3556994094488189
20
1.5136139370078741
11
0.3588270078740157
21
1.5167415354330709
0
LINE
8
BLACK
6
CONTINUOUS
10
0.3588270078740157
20
1.5167415354330709
11
0.3606135826771654
21
1.5207877559055119
0
LINE
8
BLACK
6
CONTINUOUS
10
0.3606135826771654
20
1.5207877559055119
11
0.3607283464566929
21
1.5217769685039371
0
LINE
8
BLACK
6
CONTINUOUS
10
0.3607283464566929
20
1.5217769685039371
11
0.3607283070866142
21
1.5853096062992125
0
LINE
8
BLACK
6
CONTINUOUS
10
0.3607283070866142
20
1.5853096062992125
11
0.3607283070866142
21
1.5853096456692912
0
LINE
8
BLACK
6
CONTINUOUS
10
0.3607283070866142
20
1.5853096456692912
11
0.3607283070866142
21
1.5853098031496062
0
LINE
8
BLACK
6
CONTINUOUS
10
0.3607283070866142
20
1.5853098031496062
11
0.3607283070866142
21
1.585309842519685
0
LINE
8
BLACK
6
CONTINUOUS
10
0.3607283070866142
20
1.585309842519685
11
0.3606136220472441
21
1.5862987401574802
0
LINE
8
BLACK
6
CONTINUOUS
10
0.3606136220472441
20
1.5862987401574802
11
0.3606135826771654
21
1.5862988188976377
0
LINE
8
BLACK
6
CONTINUOUS
10
0.3606135826771654
20
1.5862988188976377
11
0.3606135826771654
21
1.5862988582677164
0
LINE
8
BLACK
6
CONTINUOUS
10
0.3606135826771654
20
1.5862988582677164
11
0.3588270078740157
21
1.5903450787401574
0
LINE
8
BLACK
6
CONTINUOUS
10
0.3588270078740157
20
1.5903450787401574
11
0.3556994094488189
21
1.5934726771653542
0
LINE
8
BLACK
6
CONTINUOUS
10
0.3556994094488189
20
1.5934726771653542
11
0.3556993307086614
21
1.593472716535433
0
LINE
8
BLACK
6
CONTINUOUS
10
0.3556993307086614
20
1.593472716535433
11
0.3516532283464567
21
1.5952592519685038
0
LINE
8
BLACK
6
CONTINUOUS
10
0.3516532283464567
20
1.5952592519685038
11
0.3506639763779528
21
1.5953740157480314
0
LINE
8
BLACK
6
CONTINUOUS
10
0.3506639763779528
20
1.5953740157480314
11
0.2871316141732284
21
1.5953740157480314
0
LINE
8
BLACK
6
CONTINUOUS
10
0.2871316141732284
20
1.5953740157480314
11
0.2871305905511811
21
1.5953739370078739
0
LINE
8
BLACK
6
CONTINUOUS
10
0.2871305905511811
20
1.5953739370078739
11
0.2861422047244094
21
1.5952593307086613
0
LINE
8
BLACK
6
CONTINUOUS
10
0.2861422047244094
20
1.5952593307086613
11
0.2861420472440945
21
1.5952592519685038
0
LINE
8
BLACK
6
CONTINUOUS
10
0.2861420472440945
20
1.5952592519685038
11
0.2820958661417323
21
1.593472716535433
0
LINE
8
BLACK
6
CONTINUOUS
10
0.2820958661417323
20
1.593472716535433
11
0.2789682677165354
21
1.5903451181102362
0
LINE
8
BLACK
6
CONTINUOUS
10
0.2789682677165354
20
1.5903451181102362
11
0.2771816929133858
21
1.5862989763779527
0
LINE
8
BLACK
6
CONTINUOUS
10
0.2771816929133858
20
1.5862989763779527
11
0.2771816929133858
21
1.5862988976377952
0
LINE
8
BLACK
6
CONTINUOUS
10
0.2771816929133858
20
1.5862988976377952
11
0.2770669291338583
21
1.5853098031496062
0
LINE
8
BLACK
6
CONTINUOUS
10
0.2770669291338583
20
1.5853098031496062
11
0.2770669291338583
21
1.5217773228346456
0
LINE
8
BLACK
6
CONTINUOUS
10
0.3770669291338583
20
1.5217773228346456
11
0.3770670078740158
21
1.5217762992125985
0
LINE
8
BLACK
6
CONTINUOUS
10
0.3770670078740158
20
1.5217762992125985
11
0.3771816141732283
21
1.5207879133858266
0
LINE
8
BLACK
6
CONTINUOUS
10
0.3771816141732283
20
1.5207879133858266
11
0.3771816929133858
21
1.5207877559055119
0
LINE
8
BLACK
6
CONTINUOUS
10
0.3771816929133858
20
1.5207877559055119
11
0.3789682283464567
21
1.5167415748031496
0
LINE
8
BLACK
6
CONTINUOUS
10
0.3789682283464567
20
1.5167415748031496
11
0.3789682677165354
21
1.5167415354330709
0
LINE
8
BLACK
6
CONTINUOUS
10
0.3789682677165354
20
1.5167415354330709
11
0.3820958661417323
21
1.5136139370078741
0
LINE
8
BLACK
6
CONTINUOUS
10
0.3820958661417323
20
1.5136139370078741
11
0.3861420866141732
21
1.5118273622047245
0
LINE
8
BLACK
6
CONTINUOUS
10
0.3861420866141732
20
1.5118273622047245
11
0.3871312992125984
21
1.5117125984251969
0
LINE
8
BLACK
6
CONTINUOUS
10
0.3871312992125984
20
1.5117125984251969
11
0.450663937007874
21
1.5117126377952756
0
LINE
8
BLACK
6
CONTINUOUS
10
0.450663937007874
20
1.5117126377952756
11
0.4506645275590551
21
1.5117127165354329
0
LINE
8
BLACK
6
CONTINUOUS
10
0.4506645275590551
20
1.5117127165354329
11
0.4506646456692913
21
1.5117127165354329
0
LINE
8
BLACK
6
CONTINUOUS
10
0.4506646456692913
20
1.5117127165354329
11
0.451653031496063
21
1.5118273228346457
0
LINE
8
BLACK
6
CONTINUOUS
10
0.451653031496063
20
1.5118273228346457
11
0.4516530708661417
21
1.5118273622047245
0
LINE
8
BLACK
6
CONTINUOUS
10
0.4516530708661417
20
1.5118273622047245
11
0.451653188976378
21
1.5118273622047245
0
LINE
8
BLACK
6
CONTINUOUS
10
0.451653188976378
20
1.5118273622047245
11
0.4556994094488189
21
1.5136139370078741
0
LINE
8
BLACK
6
CONTINUOUS
10
0.4556994094488189
20
1.5136139370078741
11
0.4588270078740158
21
1.5167415354330709
0
LINE
8
BLACK
6
CONTINUOUS
10
0.4588270078740158
20
1.5167415354330709
11
0.4606135826771653
21
1.5207877559055119
0
LINE
8
BLACK
6
CONTINUOUS
10
0.4606135826771653
20
1.5207877559055119
11
0.4607283464566929
21
1.5217769685039371
0
LINE
8
BLACK
6
CONTINUOUS
10
0.4607283464566929
20
1.5217769685039371
11
0.4607283070866142
21
1.5853096062992125
0
LINE
8
BLACK
6
CONTINUOUS
10
0.4607283070866142
20
1.5853096062992125
11
0.4606922440944882
21
1.5856207086614174
0
LINE
8
BLACK
6
CONTINUOUS
10
0.4606922440944882
20
1.5856207086614174
11
0.4606136220472441
21
1.5862987401574802
0
LINE
8
BLACK
6
CONTINUOUS
10
0.4606136220472441
20
1.5862987401574802
11
0.4606135826771653
21
1.5862988188976377
0
LINE
8
BLACK
6
CONTINUOUS
10
0.4606135826771653
20
1.5862988188976377
11
0.4606135826771653
21
1.5862988582677164
0
LINE
8
BLACK
6
CONTINUOUS
10
0.4606135826771653
20
1.5862988582677164
11
0.4588270078740158
21
1.5903450787401574
0
LINE
8
BLACK
6
CONTINUOUS
10
0.4588270078740158
20
1.5903450787401574
11
0.4556994094488189
21
1.5934726771653542
0
LINE
8
BLACK
6
CONTINUOUS
10
0.4556994094488189
20
1.5934726771653542
11
0.4556993307086614
21
1.593472716535433
0
LINE
8
BLACK
6
CONTINUOUS
10
0.4556993307086614
20
1.593472716535433
11
0.4516532283464567
21
1.5952592519685038
0
LINE
8
BLACK
6
CONTINUOUS
10
0.4516532283464567
20
1.5952592519685038
11
0.4506639763779527
21
1.5953740157480314
0
LINE
8
BLACK
6
CONTINUOUS
10
0.4506639763779527
20
1.5953740157480314
11
0.3871316141732283
21
1.5953740157480314
0
LINE
8
BLACK
6
CONTINUOUS
10
0.3871316141732283
20
1.5953740157480314
11
0.3871305905511811
21
1.5953739370078739
0
LINE
8
BLACK
6
CONTINUOUS
10
0.3871305905511811
20
1.5953739370078739
11
0.3861422047244095
21
1.5952593307086613
0
LINE
8
BLACK
6
CONTINUOUS
10
0.3861422047244095
20
1.5952593307086613
11
0.3861420472440945
21
1.5952592519685038
0
LINE
8
BLACK
6
CONTINUOUS
10
0.3861420472440945
20
1.5952592519685038
11
0.3820958661417323
21
1.593472716535433
0
LINE
8
BLACK
6
CONTINUOUS
10
0.3820958661417323
20
1.593472716535433
11
0.3789682677165354
21
1.5903451181102362
0
LINE
8
BLACK
6
CONTINUOUS
10
0.3789682677165354
20
1.5903451181102362
11
0.3771816929133858
21
1.5862989763779527
0
LINE
8
BLACK
6
CONTINUOUS
10
0.3771816929133858
20
1.5862989763779527
11
0.3771816929133858
21
1.5862988976377952
0
LINE
8
BLACK
6
CONTINUOUS
10
0.3771816929133858
20
1.5862988976377952
11
0.3770669291338583
21
1.5853098031496062
0
LINE
8
BLACK
6
CONTINUOUS
10
0.3770669291338583
20
1.5853098031496062
11
0.3770669291338583
21
1.5217773228346456
0
LINE
8
BLACK
6
CONTINUOUS
10
0.8159448818897638
20
1.5787401574803148
11
0.812992125984252
21
1.5787401574803148
0
LINE
8
BLACK
6
CONTINUOUS
10
0.812992125984252
20
1.5787401574803148
11
0.812992125984252
21
1.5669291732283464
0
LINE
8
BLACK
6
CONTINUOUS
10
0.812992125984252
20
1.5669291732283464
11
0.8177081102362205
21
1.5669291732283464
0
LINE
8
BLACK
6
CONTINUOUS
10
0.8177081102362205
20
1.5669291732283464
11
0.8177089763779527
21
1.5669292519685039
0
LINE
8
BLACK
6
CONTINUOUS
10
0.8177089763779527
20
1.5669292519685039
11
0.8186956299212598
21
1.5670436614173229
0
LINE
8
BLACK
6
CONTINUOUS
10
0.8186956299212598
20
1.5670436614173229
11
0.8186957874015748
21
1.5670437007874016
0
LINE
8
BLACK
6
CONTINUOUS
10
0.8186957874015748
20
1.5670437007874016
11
0.8227351968503936
21
1.5688272440944881
0
LINE
8
BLACK
6
CONTINUOUS
10
0.8227351968503936
20
1.5688272440944881
11
0.8227353937007874
21
1.5688273622047244
0
LINE
8
BLACK
6
CONTINUOUS
10
0.8227353937007874
20
1.5688273622047244
11
0.8258576771653543
21
1.5719496456692914
0
LINE
8
BLACK
6
CONTINUOUS
10
0.8258576771653543
20
1.5719496456692914
11
0.8258577952755906
21
1.5719498425196849
0
LINE
8
BLACK
6
CONTINUOUS
10
0.8258577952755906
20
1.5719498425196849
11
0.8276412992125984
21
1.5759890944881889
0
LINE
8
BLACK
6
CONTINUOUS
10
0.8276412992125984
20
1.5759890944881889
11
0.8276412992125984
21
1.5759891732283464
0
LINE
8
BLACK
6
CONTINUOUS
10
0.8276412992125984
20
1.5759891732283464
11
0.8277558661417322
21
1.5769766141732282
0
LINE
8
BLACK
6
CONTINUOUS
10
0.8277558661417322
20
1.5769766141732282
11
0.827755905511811
21
1.5769767322834645
0
LINE
8
BLACK
6
CONTINUOUS
10
0.827755905511811
20
1.5769767322834645
11
0.827755905511811
21
1.5895669291338583
0
LINE
8
BLACK
6
CONTINUOUS
10
0.827755905511811
20
1.5895669291338583
11
0.8159448818897638
21
1.5895669291338583
0
LINE
8
BLACK
6
CONTINUOUS
10
0.8159448818897638
20
1.5895669291338583
11
0.8159448818897638
21
1.5787401574803148
0
LINE
8
BLACK
6
CONTINUOUS
10
2.0295275590551181
20
1.5787401574803148
11
2.0265748031496065
21
1.5787401574803148
0
LINE
8
BLACK
6
CONTINUOUS
10
2.0265748031496065
20
1.5787401574803148
11
2.0265748031496065
21
1.5669291732283464
0
LINE
8
BLACK
6
CONTINUOUS
10
2.0265748031496065
20
1.5669291732283464
11
2.0312907874015749
21
1.5669291732283464
0
LINE
8
BLACK
6
CONTINUOUS
10
2.0312907874015749
20
1.5669291732283464
11
2.031291653543307
21
1.5669292519685039
0
LINE
8
BLACK
6
CONTINUOUS
10
2.031291653543307
20
1.5669292519685039
11
2.0322783070866142
21
1.5670436614173229
0
LINE
8
BLACK
6
CONTINUOUS
10
2.0322783070866142
20
1.5670436614173229
11
2.0322784645669292
21
1.5670437007874016
0
LINE
8
BLACK
6
CONTINUOUS
10
2.0322784645669292
20
1.5670437007874016
11
2.0363178740157482
21
1.5688272440944881
0
LINE
8
BLACK
6
CONTINUOUS
10
2.0363178740157482
20
1.5688272440944881
11
2.0363180708661415
21
1.5688273622047244
0
LINE
8
BLACK
6
CONTINUOUS
10
2.0363180708661415
20
1.5688273622047244
11
2.0394403543307087
21
1.5719496456692914
0
LINE
8
BLACK
6
CONTINUOUS
10
2.0394403543307087
20
1.5719496456692914
11
2.039440472440945
21
1.5719498425196849
0
LINE
8
BLACK
6
CONTINUOUS
10
2.039440472440945
20
1.5719498425196849
11
2.0412239763779527
21
1.5759890944881889
0
LINE
8
BLACK
6
CONTINUOUS
10
2.0412239763779527
20
1.5759890944881889
11
2.0412239763779527
21
1.5759891732283464
0
LINE
8
BLACK
6
CONTINUOUS
10
2.0412239763779527
20
1.5759891732283464
11
2.0413385433070865
21
1.5769766141732282
0
LINE
8
BLACK
6
CONTINUOUS
10
2.0413385433070865
20
1.5769766141732282
11
2.0413385826771653
21
1.5769767322834645
0
LINE
8
BLACK
6
CONTINUOUS
10
2.0413385826771653
20
1.5769767322834645
11
2.0413385826771653
21
1.5895669291338583
0
LINE
8
BLACK
6
CONTINUOUS
10
2.0413385826771653
20
1.5895669291338583
11
2.0295275590551181
21
1.5895669291338583
0
LINE
8
BLACK
6
CONTINUOUS
10
2.0295275590551181
20
1.5895669291338583
11
2.0295275590551181
21
1.5787401574803148
0
LINE
8
BLACK
6
CONTINUOUS
10
2.0767519685039368
20
1.7835231496062991
11
2.0767519685039368
21
1.7835231102362203
0
LINE
8
BLACK
6
CONTINUOUS
10
2.0767519685039368
20
1.7835231102362203
11
2.0767519685039368
21
1.739375748031496
0
LINE
8
BLACK
6
CONTINUOUS
10
2.0767519685039368
20
1.739375748031496
11
2.0767520472440943
21
1.7393747244094488
0
LINE
8
BLACK
6
CONTINUOUS
10
2.0767520472440943
20
1.7393747244094488
11
2.0768666535433069
21
1.7383863385826772
0
LINE
8
BLACK
6
CONTINUOUS
10
2.0768666535433069
20
1.7383863385826772
11
2.0768667322834644
21
1.7383861811023622
0
LINE
8
BLACK
6
CONTINUOUS
10
2.0768667322834644
20
1.7383861811023622
11
2.0786532677165352
21
1.73434
0
LINE
8
BLACK
6
CONTINUOUS
10
2.0786532677165352
20
1.73434
11
2.080243346456693
21
1.7327499212598425
0
LINE
8
BLACK
6
CONTINUOUS
10
2.080243346456693
20
1.7327499212598425
11
2.0815616535433072
21
1.7303356299212598
0
LINE
8
BLACK
6
CONTINUOUS
10
2.0815616535433072
20
1.7303356299212598
11
2.0816732283464567
21
1.7292979133858268
0
LINE
8
BLACK
6
CONTINUOUS
10
2.0816732283464567
20
1.7292979133858268
11
2.0816732283464567
21
1.6319225590551181
0
LINE
8
BLACK
6
CONTINUOUS
10
2.0816732283464567
20
1.6319225590551181
11
2.0808982283464568
21
1.6292832283464567
0
LINE
8
BLACK
6
CONTINUOUS
10
2.0808982283464568
20
1.6292832283464567
11
2.080243346456693
21
1.6284705511811024
0
LINE
8
BLACK
6
CONTINUOUS
10
2.080243346456693
20
1.6284705511811024
11
2.078653307086614
21
1.6268805511811024
0
LINE
8
BLACK
6
CONTINUOUS
10
2.078653307086614
20
1.6268805511811024
11
2.0768667322834644
21
1.622834409448819
0
LINE
8
BLACK
6
CONTINUOUS
10
2.0768667322834644
20
1.622834409448819
11
2.0768667322834644
21
1.6228343307086615
0
LINE
8
BLACK
6
CONTINUOUS
10
2.0768667322834644
20
1.6228343307086615
11
2.0767519685039368
21
1.6218452362204725
0
LINE
8
BLACK
6
CONTINUOUS
10
2.0767519685039368
20
1.6218452362204725
11
2.0767519685039368
21
1.5769741732283464
0
LINE
8
BLACK
6
CONTINUOUS
10
2.0767519685039368
20
1.5769741732283464
11
2.0767520472440943
21
1.5769731496062991
0
LINE
8
BLACK
6
CONTINUOUS
10
2.0767520472440943
20
1.5769731496062991
11
2.0768666535433069
21
1.5759847637795275
0
LINE
8
BLACK
6
CONTINUOUS
10
2.0768666535433069
20
1.5759847637795275
11
2.0768667322834644
21
1.5759846062992127
0
LINE
8
BLACK
6
CONTINUOUS
10
2.0768667322834644
20
1.5759846062992127
11
2.0786532677165352
21
1.5719384251968505
0
LINE
8
BLACK
6
CONTINUOUS
10
2.0786532677165352
20
1.5719384251968505
11
2.078653307086614
21
1.5719383858267717
0
LINE
8
BLACK
6
CONTINUOUS
10
2.078653307086614
20
1.5719383858267717
11
2.0817809055118111
21
1.5688107874015749
0
LINE
8
BLACK
6
CONTINUOUS
10
2.0817809055118111
20
1.5688107874015749
11
2.085827125984252
21
1.5670242125984251
0
LINE
8
BLACK
6
CONTINUOUS
10
2.085827125984252
20
1.5670242125984251
11
2.0868163385826772
21
1.5669094488188977
0
LINE
8
BLACK
6
CONTINUOUS
10
2.0868163385826772
20
1.5669094488188977
11
2.1159395275590551
21
1.5669094881889762
0
LINE
8
BLACK
6
CONTINUOUS
10
2.1159395275590551
20
1.5669094881889762
11
2.115940118110236
21
1.5669095669291337
0
LINE
8
BLACK
6
CONTINUOUS
10
2.115940118110236
20
1.5669095669291337
11
2.1159402362204722
21
1.5669095669291337
0
LINE
8
BLACK
6
CONTINUOUS
10
2.1159402362204722
20
1.5669095669291337
11
2.1169286220472441
21
1.5670241732283465
0
LINE
8
BLACK
6
CONTINUOUS
10
2.1169286220472441
20
1.5670241732283465
11
2.1169286614173228
21
1.5670242125984251
0
LINE
8
BLACK
6
CONTINUOUS
10
2.1169286614173228
20
1.5670242125984251
11
2.1169287795275591
21
1.5670242125984251
0
LINE
8
BLACK
6
CONTINUOUS
10
2.1169287795275591
20
1.5670242125984251
11
2.1209750000000001
21
1.5688107874015749
0
LINE
8
BLACK
6
CONTINUOUS
10
2.1209750000000001
20
1.5688107874015749
11
2.1241025984251967
21
1.5719383858267717
0
LINE
8
BLACK
6
CONTINUOUS
10
2.1241025984251967
20
1.5719383858267717
11
2.1258891732283463
21
1.5759846062992127
0
LINE
8
BLACK
6
CONTINUOUS
10
2.1258891732283463
20
1.5759846062992127
11
2.1260039370078738
21
1.5769738188976377
0
LINE
8
BLACK
6
CONTINUOUS
10
2.1260039370078738
20
1.5769738188976377
11
2.1260039370078738
21
1.5805853937007874
0
LINE
8
BLACK
6
CONTINUOUS
10
2.1260039370078738
20
1.5805853937007874
11
2.1260038976377951
21
1.6218450393700787
0
LINE
8
BLACK
6
CONTINUOUS
10
2.1260038976377951
20
1.6218450393700787
11
2.1258897637795275
21
1.6228293307086614
0
LINE
8
BLACK
6
CONTINUOUS
10
2.1258897637795275
20
1.6228293307086614
11
2.125889212598425
21
1.6228341732283464
0
LINE
8
BLACK
6
CONTINUOUS
10
2.125889212598425
20
1.6228341732283464
11
2.1258891732283463
21
1.6228342519685039
0
LINE
8
BLACK
6
CONTINUOUS
10
2.1258891732283463
20
1.6228342519685039
11
2.1258891732283463
21
1.6228342913385827
0
LINE
8
BLACK
6
CONTINUOUS
10
2.1258891732283463
20
1.6228342913385827
11
2.1241025984251967
21
1.6268805118110237
0
LINE
8
BLACK
6
CONTINUOUS
10
2.1241025984251967
20
1.6268805118110237
11
2.1225125590551182
21
1.6284705511811024
0
LINE
8
BLACK
6
CONTINUOUS
10
2.1225125590551182
20
1.6284705511811024
11
2.1211942519685039
21
1.6308848425196849
0
LINE
8
BLACK
6
CONTINUOUS
10
2.1211942519685039
20
1.6308848425196849
11
2.1210826771653544
21
1.6319225590551181
0
LINE
8
BLACK
6
CONTINUOUS
10
2.1210826771653544
20
1.6319225590551181
11
2.1210826771653544
21
1.6805853937007873
0
LINE
8
BLACK
6
CONTINUOUS
10
2.1210826771653544
20
1.6805853937007873
11
2.1210826771653544
21
1.7292979133858268
0
LINE
8
BLACK
6
CONTINUOUS
10
2.1210826771653544
20
1.7292979133858268
11
2.1218576771653543
21
1.7319372440944882
0
LINE
8
BLACK
6
CONTINUOUS
10
2.1218576771653543
20
1.7319372440944882
11
2.1225125590551182
21
1.7327499212598425
0
LINE
8
BLACK
6
CONTINUOUS
10
2.1225125590551182
20
1.7327499212598425
11
2.1241025984251967
21
1.7343399606299212
0
LINE
8
BLACK
6
CONTINUOUS
10
2.1241025984251967
20
1.7343399606299212
11
2.1258891732283463
21
1.7383861811023622
0
LINE
8
BLACK
6
CONTINUOUS
10
2.1258891732283463
20
1.7383861811023622
11
2.1260039370078738
21
1.7393753937007874
0
LINE
8
BLACK
6
CONTINUOUS
10
2.1260039370078738
20
1.7393753937007874
11
2.1260038976377951
21
1.7805853937007874
0
LINE
8
BLACK
6
CONTINUOUS
10
2.1260038976377951
20
1.7805853937007874
11
2.1260038976377951
21
1.7842466141732283
0
LINE
8
BLACK
6
CONTINUOUS
10
2.1260038976377951
20
1.7842466141732283
11
2.1258891732283463
21
1.7852358661417322
0
LINE
8
BLACK
6
CONTINUOUS
10
2.1258891732283463
20
1.7852358661417322
11
2.1246064173228345
21
1.7881410236220472
0
LINE
8
BLACK
6
CONTINUOUS
10
2.1246064173228345
20
1.7881410236220472
11
2.1245034251968504
21
1.7887193307086613
0
LINE
8
BLACK
6
CONTINUOUS
10
2.1245034251968504
20
1.7887193307086613
11
2.1245919685039372
21
1.7895261417322834
0
LINE
8
BLACK
6
CONTINUOUS
10
2.1245919685039372
20
1.7895261417322834
11
2.1244866141732284
21
1.7903309448818898
0
LINE
8
BLACK
6
CONTINUOUS
10
2.1244866141732284
20
1.7903309448818898
11
2.1245938976377952
21
1.7908379133858268
0
LINE
8
BLACK
6
CONTINUOUS
10
2.1245938976377952
20
1.7908379133858268
11
2.1260039370078738
21
1.7961001574803148
0
LINE
8
BLACK
6
CONTINUOUS
10
2.1260039370078738
20
1.7961001574803148
11
2.1260039370078738
21
1.8023251181102362
0
LINE
8
BLACK
6
CONTINUOUS
10
2.1260039370078738
20
1.8023251181102362
11
2.1243927952755906
21
1.8083379921259841
0
LINE
8
BLACK
6
CONTINUOUS
10
2.1243927952755906
20
1.8083379921259841
11
2.1217041732283466
21
1.8129948818897637
0
LINE
8
BLACK
6
CONTINUOUS
10
2.1217041732283466
20
1.8129948818897637
11
2.1212804724409446
21
1.813728779527559
0
LINE
8
BLACK
6
CONTINUOUS
10
2.1212804724409446
20
1.813728779527559
11
2.1212802362204726
21
1.813729094488189
0
LINE
8
BLACK
6
CONTINUOUS
10
2.1212802362204726
20
1.813729094488189
11
2.1168786220472442
21
1.8181307086614173
0
LINE
8
BLACK
6
CONTINUOUS
10
2.1168786220472442
20
1.8181307086614173
11
2.1168783070866142
21
1.8181309448818896
0
LINE
8
BLACK
6
CONTINUOUS
10
2.1168783070866142
20
1.8181309448818896
11
2.1114877952755906
21
1.8212431102362205
0
LINE
8
BLACK
6
CONTINUOUS
10
2.1114877952755906
20
1.8212431102362205
11
2.1114876377952756
21
1.8212431889763778
0
LINE
8
BLACK
6
CONTINUOUS
10
2.1114876377952756
20
1.8212431889763778
11
2.1114875590551181
21
1.8212432283464566
0
LINE
8
BLACK
6
CONTINUOUS
10
2.1114875590551181
20
1.8212432283464566
11
2.1054746850393702
21
1.8228543700787401
0
LINE
8
BLACK
6
CONTINUOUS
10
2.1054746850393702
20
1.8228543700787401
11
2.0992497244094488
21
1.8228543700787401
0
LINE
8
BLACK
6
CONTINUOUS
10
2.0992497244094488
20
1.8228543700787401
11
2.0932368503937009
21
1.8212432283464566
0
LINE
8
BLACK
6
CONTINUOUS
10
2.0932368503937009
20
1.8212432283464566
11
2.0932365748031496
21
1.8212431102362205
0
LINE
8
BLACK
6
CONTINUOUS
10
2.0932365748031496
20
1.8212431102362205
11
2.0878460629921261
21
1.8181309448818896
0
LINE
8
BLACK
6
CONTINUOUS
10
2.0878460629921261
20
1.8181309448818896
11
2.087845748031496
21
1.8181307086614173
0
LINE
8
BLACK
6
CONTINUOUS
10
2.087845748031496
20
1.8181307086614173
11
2.0834441338582677
21
1.813729094488189
0
LINE
8
BLACK
6
CONTINUOUS
10
2.0834441338582677
20
1.813729094488189
11
2.0834438976377951
21
1.813728779527559
0
LINE
8
BLACK
6
CONTINUOUS
10
2.0834438976377951
20
1.813728779527559
11
2.0803317322834647
21
1.8083382677165354
0
LINE
8
BLACK
6
CONTINUOUS
10
2.0803317322834647
20
1.8083382677165354
11
2.0803316141732284
21
1.8083379921259841
0
LINE
8
BLACK
6
CONTINUOUS
10
2.0803316141732284
20
1.8083379921259841
11
2.0787204724409447
21
1.8023251181102362
0
LINE
8
BLACK
6
CONTINUOUS
10
2.0787204724409447
20
1.8023251181102362
11
2.0787204724409447
21
1.7961001181102363
0
LINE
8
BLACK
6
CONTINUOUS
10
2.0787204724409447
20
1.7961001181102363
11
2.0794334645669292
21
1.7934390551181103
0
LINE
8
BLACK
6
CONTINUOUS
10
2.0794334645669292
20
1.7934390551181103
11
2.0794144094488187
21
1.7926393307086614
0
LINE
8
BLACK
6
CONTINUOUS
10
2.0794144094488187
20
1.7926393307086614
11
2.0795894881889763
21
1.7918586614173229
0
LINE
8
BLACK
6
CONTINUOUS
10
2.0795894881889763
20
1.7918586614173229
11
2.0793711023622046
21
1.7908228740157479
0
LINE
8
BLACK
6
CONTINUOUS
10
2.0793711023622046
20
1.7908228740157479
11
2.0793679527559052
21
1.7906890551181103
0
LINE
8
BLACK
6
CONTINUOUS
10
2.0793679527559052
20
1.7906890551181103
11
2.0793239763779527
21
1.7905992125984251
0
LINE
8
BLACK
6
CONTINUOUS
10
2.0793239763779527
20
1.7905992125984251
11
2.079302874015748
21
1.7904990157480314
0
LINE
8
BLACK
6
CONTINUOUS
10
2.079302874015748
20
1.7904990157480314
11
2.0789757874015748
21
1.7896046062992126
0
LINE
8
BLACK
6
CONTINUOUS
10
2.0789757874015748
20
1.7896046062992126
11
2.078653307086614
21
1.7892820866141732
0
LINE
8
BLACK
6
CONTINUOUS
10
2.078653307086614
20
1.7892820866141732
11
2.0768667322834644
21
1.7852358661417322
0
LINE
8
BLACK
6
CONTINUOUS
10
2.0768667322834644
20
1.7852358661417322
11
2.0767519685039368
21
1.784246653543307
0
LINE
8
BLACK
6
CONTINUOUS
10
2.0767519685039368
20
1.784246653543307
11
2.0767519685039368
21
1.7835231496062991
0
LINE
8
BLACK
6
CONTINUOUS
10
0.6938779527559055
20
1.7403599999999999
11
0.693878031496063
21
1.7403589763779528
0
LINE
8
BLACK
6
CONTINUOUS
10
0.693878031496063
20
1.7403589763779528
11
0.6939926377952755
21
1.7393705905511812
0
LINE
8
BLACK
6
CONTINUOUS
10
0.6939926377952755
20
1.7393705905511812
11
0.693992716535433
21
1.7393704330708661
0
LINE
8
BLACK
6
CONTINUOUS
10
0.693992716535433
20
1.7393704330708661
11
0.6957792519685039
21
1.7353242519685039
0
LINE
8
BLACK
6
CONTINUOUS
10
0.6957792519685039
20
1.7353242519685039
11
0.6989068503937008
21
1.7321966535433071
0
LINE
8
BLACK
6
CONTINUOUS
10
0.6989068503937008
20
1.7321966535433071
11
0.6992800787401575
21
1.7319409842519684
0
LINE
8
BLACK
6
CONTINUOUS
10
0.6992800787401575
20
1.7319409842519684
11
0.6992428346456693
21
1.7318866929133858
0
LINE
8
BLACK
6
CONTINUOUS
10
0.6992428346456693
20
1.7318866929133858
11
0.7009434251968504
21
1.7304502362204723
0
LINE
8
BLACK
6
CONTINUOUS
10
0.7009434251968504
20
1.7304502362204723
11
0.7017515748031495
21
1.7278208661417322
0
LINE
8
BLACK
6
CONTINUOUS
10
0.7017515748031495
20
1.7278208661417322
11
0.701751968503937
21
1.7277593700787401
0
LINE
8
BLACK
6
CONTINUOUS
10
0.701751968503937
20
1.7277593700787401
11
0.701751968503937
21
1.6354296456692914
0
LINE
8
BLACK
6
CONTINUOUS
10
0.701751968503937
20
1.6354296456692914
11
0.700976968503937
21
1.63279031496063
0
LINE
8
BLACK
6
CONTINUOUS
10
0.700976968503937
20
1.63279031496063
11
0.6992490944881889
21
1.6312931496062992
0
LINE
8
BLACK
6
CONTINUOUS
10
0.6992490944881889
20
1.6312931496062992
11
0.6992800393700788
21
1.6312479921259841
0
LINE
8
BLACK
6
CONTINUOUS
10
0.6992800393700788
20
1.6312479921259841
11
0.6989069291338582
21
1.6309924409448819
0
LINE
8
BLACK
6
CONTINUOUS
10
0.6989069291338582
20
1.6309924409448819
11
0.6957792519685039
21
1.6278647244094488
0
LINE
8
BLACK
6
CONTINUOUS
10
0.6957792519685039
20
1.6278647244094488
11
0.693992716535433
21
1.6238186614173229
0
LINE
8
BLACK
6
CONTINUOUS
10
0.693992716535433
20
1.6238186614173229
11
0.693992716535433
21
1.6238185826771654
0
LINE
8
BLACK
6
CONTINUOUS
10
0.693992716535433
20
1.6238185826771654
11
0.6938779527559055
21
1.6228294881889764
0
LINE
8
BLACK
6
CONTINUOUS
10
0.6938779527559055
20
1.6228294881889764
11
0.6938779527559055
21
1.5779584251968504
0
LINE
8
BLACK
6
CONTINUOUS
10
0.6938779527559055
20
1.5779584251968504
11
0.693878031496063
21
1.577957401574803
0
LINE
8
BLACK
6
CONTINUOUS
10
0.693878031496063
20
1.577957401574803
11
0.6939926377952755
21
1.5769690157480314
0
LINE
8
BLACK
6
CONTINUOUS
10
0.6939926377952755
20
1.5769690157480314
11
0.693992716535433
21
1.5769688582677166
0
LINE
8
BLACK
6
CONTINUOUS
10
0.693992716535433
20
1.5769688582677166
11
0.6957792519685039
21
1.5729226771653544
0
LINE
8
BLACK
6
CONTINUOUS
10
0.6957792519685039
20
1.5729226771653544
11
0.6957792913385826
21
1.5729226377952756
0
LINE
8
BLACK
6
CONTINUOUS
10
0.6957792913385826
20
1.5729226377952756
11
0.6989068897637795
21
1.5697950393700788
0
LINE
8
BLACK
6
CONTINUOUS
10
0.6989068897637795
20
1.5697950393700788
11
0.7029531102362204
21
1.568008464566929
0
LINE
8
BLACK
6
CONTINUOUS
10
0.7029531102362204
20
1.568008464566929
11
0.7039423228346456
21
1.5678937007874016
0
LINE
8
BLACK
6
CONTINUOUS
10
0.7039423228346456
20
1.5678937007874016
11
0.7330655118110236
21
1.5678937401574802
0
LINE
8
BLACK
6
CONTINUOUS
10
0.7330655118110236
20
1.5678937401574802
11
0.7330661023622047
21
1.5678938188976377
0
LINE
8
BLACK
6
CONTINUOUS
10
0.7330661023622047
20
1.5678938188976377
11
0.733066220472441
21
1.5678938188976377
0
LINE
8
BLACK
6
CONTINUOUS
10
0.733066220472441
20
1.5678938188976377
11
0.7340546062992126
21
1.5680084251968505
0
LINE
8
BLACK
6
CONTINUOUS
10
0.7340546062992126
20
1.5680084251968505
11
0.7340546456692914
21
1.568008464566929
0
LINE
8
BLACK
6
CONTINUOUS
10
0.7340546456692914
20
1.568008464566929
11
0.7340547637795275
21
1.568008464566929
0
LINE
8
BLACK
6
CONTINUOUS
10
0.7340547637795275
20
1.568008464566929
11
0.7381009842519685
21
1.5697950393700788
0
LINE
8
BLACK
6
CONTINUOUS
10
0.7381009842519685
20
1.5697950393700788
11
0.7412285826771653
21
1.5729226377952756
0
LINE
8
BLACK
6
CONTINUOUS
10
0.7412285826771653
20
1.5729226377952756
11
0.743015157480315
21
1.5769688582677166
0
LINE
8
BLACK
6
CONTINUOUS
10
0.743015157480315
20
1.5769688582677166
11
0.7430161023622047
21
1.576976968503937
0
LINE
8
BLACK
6
CONTINUOUS
10
0.7430161023622047
20
1.576976968503937
11
0.7431299212598425
21
1.5779580708661416
0
LINE
8
BLACK
6
CONTINUOUS
10
0.7431299212598425
20
1.5779580708661416
11
0.7431298818897638
21
1.6218423228346457
0
LINE
8
BLACK
6
CONTINUOUS
10
0.7431298818897638
20
1.6218423228346457
11
0.7431298818897638
21
1.6228292913385827
0
LINE
8
BLACK
6
CONTINUOUS
10
0.7431298818897638
20
1.6228292913385827
11
0.7431292913385826
21
1.622834409448819
0
LINE
8
BLACK
6
CONTINUOUS
10
0.7431292913385826
20
1.622834409448819
11
0.7430151968503936
21
1.6238184251968504
0
LINE
8
BLACK
6
CONTINUOUS
10
0.7430151968503936
20
1.6238184251968504
11
0.743015157480315
21
1.6238185039370079
0
LINE
8
BLACK
6
CONTINUOUS
10
0.743015157480315
20
1.6238185039370079
11
0.743015157480315
21
1.6238185433070866
0
LINE
8
BLACK
6
CONTINUOUS
10
0.743015157480315
20
1.6238185433070866
11
0.7412285826771653
21
1.6278647637795276
0
LINE
8
BLACK
6
CONTINUOUS
10
0.7412285826771653
20
1.6278647637795276
11
0.7386542913385826
21
1.6304390551181103
0
LINE
8
BLACK
6
CONTINUOUS
10
0.7386542913385826
20
1.6304390551181103
11
0.7373359842519684
21
1.6328533464566928
0
LINE
8
BLACK
6
CONTINUOUS
10
0.7373359842519684
20
1.6328533464566928
11
0.7372244094488188
21
1.6338910629921259
0
LINE
8
BLACK
6
CONTINUOUS
10
0.7372244094488188
20
1.6338910629921259
11
0.7372244094488188
21
1.7292979133858268
0
LINE
8
BLACK
6
CONTINUOUS
10
0.7372244094488188
20
1.7292979133858268
11
0.7379994094488189
21
1.7319372440944882
0
LINE
8
BLACK
6
CONTINUOUS
10
0.7379994094488189
20
1.7319372440944882
11
0.7386542913385826
21
1.7327499212598425
0
LINE
8
BLACK
6
CONTINUOUS
10
0.7386542913385826
20
1.7327499212598425
11
0.7412285826771653
21
1.7353242125984252
0
LINE
8
BLACK
6
CONTINUOUS
10
0.7412285826771653
20
1.7353242125984252
11
0.743015157480315
21
1.7393704330708661
0
LINE
8
BLACK
6
CONTINUOUS
10
0.743015157480315
20
1.7393704330708661
11
0.7431299212598425
21
1.7403596456692914
0
LINE
8
BLACK
6
CONTINUOUS
10
0.7431299212598425
20
1.7403596456692914
11
0.7431299212598425
21
1.7403627952755905
0
LINE
8
BLACK
6
CONTINUOUS
10
0.7431299212598425
20
1.7403627952755905
11
0.7431298818897638
21
1.768523622047244
0
LINE
8
BLACK
6
CONTINUOUS
10
0.7431298818897638
20
1.768523622047244
11
0.7431298818897638
21
1.7852281496062992
0
LINE
8
BLACK
6
CONTINUOUS
10
0.7431298818897638
20
1.7852281496062992
11
0.7431298818897638
21
1.7852305905511812
0
LINE
8
BLACK
6
CONTINUOUS
10
0.7431298818897638
20
1.7852305905511812
11
0.7431298818897638
21
1.7852308661417322
0
LINE
8
BLACK
6
CONTINUOUS
10
0.7431298818897638
20
1.7852308661417322
11
0.7431207480314961
21
1.7853096456692914
0
LINE
8
BLACK
6
CONTINUOUS
10
0.7431207480314961
20
1.7853096456692914
11
0.7430151968503936
21
1.7862199999999999
0
LINE
8
BLACK
6
CONTINUOUS
10
0.7430151968503936
20
1.7862199999999999
11
0.743015157480315
21
1.7862200787401574
0
LINE
8
BLACK
6
CONTINUOUS
10
0.743015157480315
20
1.7862200787401574
11
0.743015157480315
21
1.7862201181102362
0
LINE
8
BLACK
6
CONTINUOUS
10
0.743015157480315
20
1.7862201181102362
11
0.7412285826771653
21
1.7902663385826771
0
LINE
8
BLACK
6
CONTINUOUS
10
0.7412285826771653
20
1.7902663385826771
11
0.7386542913385826
21
1.7928406299212598
0
LINE
8
BLACK
6
CONTINUOUS
10
0.7386542913385826
20
1.7928406299212598
11
0.7373359842519684
21
1.7952549212598425
0
LINE
8
BLACK
6
CONTINUOUS
10
0.7373359842519684
20
1.7952549212598425
11
0.7372244094488188
21
1.7962926377952755
0
LINE
8
BLACK
6
CONTINUOUS
10
0.7372244094488188
20
1.7962926377952755
11
0.7372244094488188
21
1.8439777559055117
0
LINE
8
BLACK
6
CONTINUOUS
10
0.7372244094488188
20
1.8439777559055117
11
0.7375647244094488
21
1.8451368503937007
0
LINE
8
BLACK
6
CONTINUOUS
10
0.7375647244094488
20
1.8451368503937007
11
0.7376724803149606
21
1.8456321653543306
0
LINE
8
BLACK
6
CONTINUOUS
10
0.7376724803149606
20
1.8456321653543306
11
0.7378215748031496
21
1.8463174015748032
0
LINE
8
BLACK
6
CONTINUOUS
10
0.7378215748031496
20
1.8463174015748032
11
0.7379693700787402
21
1.8465148818897636
0
LINE
8
BLACK
6
CONTINUOUS
10
0.7379693700787402
20
1.8465148818897636
11
0.7379994094488189
21
1.8466170866141731
0
LINE
8
BLACK
6
CONTINUOUS
10
0.7379994094488189
20
1.8466170866141731
11
0.7386542913385826
21
1.8474297637795276
0
LINE
8
BLACK
6
CONTINUOUS
10
0.7386542913385826
20
1.8474297637795276
11
0.7893812598425197
21
1.8981567322834645
0
LINE
8
BLACK
6
CONTINUOUS
10
0.7893812598425197
20
1.8981567322834645
11
0.7917955511811023
21
1.8994750393700788
0
LINE
8
BLACK
6
CONTINUOUS
10
0.7917955511811023
20
1.8994750393700788
11
0.7928332677165354
21
1.8995866141732283
0
LINE
8
BLACK
6
CONTINUOUS
10
0.7928332677165354
20
1.8995866141732283
11
0.8681129527559055
21
1.8995866141732283
0
LINE
8
BLACK
6
CONTINUOUS
10
0.8681129527559055
20
1.8995866141732283
11
0.8707522834645669
21
1.8988116141732283
0
LINE
8
BLACK
6
CONTINUOUS
10
0.8707522834645669
20
1.8988116141732283
11
0.8710849212598425
21
1.8985777559055117
0
LINE
8
BLACK
6
CONTINUOUS
10
0.8710849212598425
20
1.8985777559055117
11
0.8713102755905512
21
1.8984048425196849
0
LINE
8
BLACK
6
CONTINUOUS
10
0.8713102755905512
20
1.8984048425196849
11
0.8713103937007873
21
1.8984047244094489
0
LINE
8
BLACK
6
CONTINUOUS
10
0.8713103937007873
20
1.8984047244094489
11
0.8713105118110236
21
1.8984046850393701
0
LINE
8
BLACK
6
CONTINUOUS
10
0.8713105118110236
20
1.8984046850393701
11
0.8713106299212598
21
1.8984045669291338
0
LINE
8
BLACK
6
CONTINUOUS
10
0.8713106299212598
20
1.8984045669291338
11
0.8767011417322834
21
1.8952924015748032
0
LINE
8
BLACK
6
CONTINUOUS
10
0.8767011417322834
20
1.8952924015748032
11
0.8767014173228346
21
1.8952922440944882
0
LINE
8
BLACK
6
CONTINUOUS
10
0.8767014173228346
20
1.8952922440944882
11
0.8827142913385827
21
1.8936811023622047
0
LINE
8
BLACK
6
CONTINUOUS
10
0.8827142913385827
20
1.8936811023622047
11
0.8827143700787401
21
1.8936811023622047
0
LINE
8
BLACK
6
CONTINUOUS
10
0.8827143700787401
20
1.8936811023622047
11
0.8889391732283465
21
1.8936811023622047
0
LINE
8
BLACK
6
CONTINUOUS
10
0.8889391732283465
20
1.8936811023622047
11
0.8889392519685039
21
1.8936811023622047
0
LINE
8
BLACK
6
CONTINUOUS
10
0.8889392519685039
20
1.8936811023622047
11
0.894952125984252
21
1.8952922440944882
0
LINE
8
BLACK
6
CONTINUOUS
10
0.894952125984252
20
1.8952922440944882
11
0.9003431496062992
21
1.8984047244094489
0
LINE
8
BLACK
6
CONTINUOUS
10
0.9003431496062992
20
1.8984047244094489
11
0.9047448818897638
21
1.9028064566929133
0
LINE
8
BLACK
6
CONTINUOUS
10
0.9047448818897638
20
1.9028064566929133
11
0.9078573622047243
21
1.9081974803149606
0
LINE
8
BLACK
6
CONTINUOUS
10
0.9078573622047243
20
1.9081974803149606
11
0.9094685039370078
21
1.9142103543307085
0
LINE
8
BLACK
6
CONTINUOUS
10
0.9094685039370078
20
1.9142103543307085
11
0.9094685039370078
21
1.9204353149606299
0
LINE
8
BLACK
6
CONTINUOUS
10
0.9094685039370078
20
1.9204353149606299
11
0.9078573622047243
21
1.9264481889763778
0
LINE
8
BLACK
6
CONTINUOUS
10
0.9078573622047243
20
1.9264481889763778
11
0.9078572047244095
21
1.9264484645669291
0
LINE
8
BLACK
6
CONTINUOUS
10
0.9078572047244095
20
1.9264484645669291
11
0.9047450393700788
21
1.9318389763779527
0
LINE
8
BLACK
6
CONTINUOUS
10
0.9047450393700788
20
1.9318389763779527
11
0.9047448031496063
21
1.9318392913385827
0
LINE
8
BLACK
6
CONTINUOUS
10
0.9047448031496063
20
1.9318392913385827
11
0.9003431889763779
21
1.9362409055118111
0
LINE
8
BLACK
6
CONTINUOUS
10
0.9003431889763779
20
1.9362409055118111
11
0.900342874015748
21
1.9362411417322833
0
LINE
8
BLACK
6
CONTINUOUS
10
0.900342874015748
20
1.9362411417322833
11
0.8949523622047244
21
1.939353307086614
0
LINE
8
BLACK
6
CONTINUOUS
10
0.8949523622047244
20
1.939353307086614
11
0.8949522047244094
21
1.9393533858267715
0
LINE
8
BLACK
6
CONTINUOUS
10
0.8949522047244094
20
1.9393533858267715
11
0.894952125984252
21
1.9393534251968503
0
LINE
8
BLACK
6
CONTINUOUS
10
0.894952125984252
20
1.9393534251968503
11
0.8889392519685039
21
1.9409645669291338
0
LINE
8
BLACK
6
CONTINUOUS
10
0.8889392519685039
20
1.9409645669291338
11
0.8827142913385827
21
1.9409645669291338
0
LINE
8
BLACK
6
CONTINUOUS
10
0.8827142913385827
20
1.9409645669291338
11
0.8767014173228346
21
1.9393534251968503
0
LINE
8
BLACK
6
CONTINUOUS
10
0.8767014173228346
20
1.9393534251968503
11
0.8767011417322834
21
1.939353307086614
0
LINE
8
BLACK
6
CONTINUOUS
10
0.8767011417322834
20
1.939353307086614
11
0.8713106299212598
21
1.9362411417322833
0
LINE
8
BLACK
6
CONTINUOUS
10
0.8713106299212598
20
1.9362411417322833
11
0.8710849212598425
21
1.9360679133858267
0
LINE
8
BLACK
6
CONTINUOUS
10
0.8710849212598425
20
1.9360679133858267
11
0.8685192125984251
21
1.9350759842519685
0
LINE
8
BLACK
6
CONTINUOUS
10
0.8685192125984251
20
1.9350759842519685
11
0.8681129527559055
21
1.9350590551181102
0
LINE
8
BLACK
6
CONTINUOUS
10
0.8681129527559055
20
1.9350590551181102
11
0.7811295669291338
21
1.9350590551181102
0
LINE
8
BLACK
6
CONTINUOUS
10
0.7811295669291338
20
1.9350590551181102
11
0.7775718503937008
21
1.9341057874015748
0
LINE
8
BLACK
6
CONTINUOUS
10
0.7775718503937008
20
1.9341057874015748
11
0.7775718110236221
21
1.9341058267716535
0
LINE
8
BLACK
6
CONTINUOUS
10
0.7775718110236221
20
1.9341058267716535
11
0.7766187401574803
21
1.9338504330708661
0
LINE
8
BLACK
6
CONTINUOUS
10
0.7766187401574803
20
1.9338504330708661
11
0.7766186220472441
21
1.9338503937007874
0
LINE
8
BLACK
6
CONTINUOUS
10
0.7766186220472441
20
1.9338503937007874
11
0.7725742519685039
21
1.9315153149606299
0
LINE
8
BLACK
6
CONTINUOUS
10
0.7725742519685039
20
1.9315153149606299
11
0.7725741338582677
21
1.9315152362204724
0
LINE
8
BLACK
6
CONTINUOUS
10
0.7725741338582677
20
1.9315152362204724
11
0.7052957874015748
21
1.8642368897637795
0
LINE
8
BLACK
6
CONTINUOUS
10
0.7052957874015748
20
1.8642368897637795
11
0.7052956299212598
21
1.864236653543307
0
LINE
8
BLACK
6
CONTINUOUS
10
0.7052956299212598
20
1.864236653543307
11
0.7029606692913386
21
1.8601924409448818
0
LINE
8
BLACK
6
CONTINUOUS
10
0.7029606692913386
20
1.8601924409448818
11
0.7029606299212598
21
1.8601922440944882
0
LINE
8
BLACK
6
CONTINUOUS
10
0.7029606299212598
20
1.8601922440944882
11
0.701751968503937
21
1.8556814566929134
0
LINE
8
BLACK
6
CONTINUOUS
10
0.701751968503937
20
1.8556814566929134
11
0.701751968503937
21
1.7978312204724409
0
LINE
8
BLACK
6
CONTINUOUS
10
0.701751968503937
20
1.7978312204724409
11
0.700976968503937
21
1.7951918897637795
0
LINE
8
BLACK
6
CONTINUOUS
10
0.700976968503937
20
1.7951918897637795
11
0.6992490944881889
21
1.7936947244094488
0
LINE
8
BLACK
6
CONTINUOUS
10
0.6992490944881889
20
1.7936947244094488
11
0.6992800393700788
21
1.7936495669291339
0
LINE
8
BLACK
6
CONTINUOUS
10
0.6992800393700788
20
1.7936495669291339
11
0.6989069291338582
21
1.7933940157480315
0
LINE
8
BLACK
6
CONTINUOUS
10
0.6989069291338582
20
1.7933940157480315
11
0.6957792519685039
21
1.7902662992125984
0
LINE
8
BLACK
6
CONTINUOUS
10
0.6957792519685039
20
1.7902662992125984
11
0.693992716535433
21
1.7862202362204724
0
LINE
8
BLACK
6
CONTINUOUS
10
0.693992716535433
20
1.7862202362204724
11
0.693992716535433
21
1.7862201574803149
0
LINE
8
BLACK
6
CONTINUOUS
10
0.693992716535433
20
1.7862201574803149
11
0.6938779527559055
21
1.785231062992126
0
LINE
8
BLACK
6
CONTINUOUS
10
0.6938779527559055
20
1.785231062992126
11
0.6938779527559055
21
1.7403599999999999
0
LINE
8
BLACK
6
CONTINUOUS
10
2.3304376771653543
20
1.6906495275590552
11
2.3294492913385825
21
1.6905349212598424
0
LINE
8
BLACK
6
CONTINUOUS
10
2.3294492913385825
20
1.6905349212598424
11
2.3294491338582675
21
1.6905348425196851
0
LINE
8
BLACK
6
CONTINUOUS
10
2.3294491338582675
20
1.6905348425196851
11
2.3254029527559053
21
1.6887483070866141
0
LINE
8
BLACK
6
CONTINUOUS
10
2.3254029527559053
20
1.6887483070866141
11
2.3222753543307086
21
1.6856207086614172
0
LINE
8
BLACK
6
CONTINUOUS
10
2.3222753543307086
20
1.6856207086614172
11
2.3204887795275591
21
1.6815745669291338
0
LINE
8
BLACK
6
CONTINUOUS
10
2.3204887795275591
20
1.6815745669291338
11
2.3204887795275591
21
1.6815744881889763
0
LINE
8
BLACK
6
CONTINUOUS
10
2.3204887795275591
20
1.6815744881889763
11
2.3203740157480315
21
1.6805853937007873
0
LINE
8
BLACK
6
CONTINUOUS
10
2.3203740157480315
20
1.6805853937007873
11
2.3203740157480315
21
1.6170529133858267
0
LINE
8
BLACK
6
CONTINUOUS
10
2.3203740157480315
20
1.6170529133858267
11
2.320374094488189
21
1.6170518897637796
0
LINE
8
BLACK
6
CONTINUOUS
10
2.320374094488189
20
1.6170518897637796
11
2.3204887007874015
21
1.6160635039370079
0
LINE
8
BLACK
6
CONTINUOUS
10
2.3204887007874015
20
1.6160635039370079
11
2.3204887795275591
21
1.6160633464566929
0
LINE
8
BLACK
6
CONTINUOUS
10
2.3204887795275591
20
1.6160633464566929
11
2.3222753149606299
21
1.6120171653543307
0
LINE
8
BLACK
6
CONTINUOUS
10
2.3222753149606299
20
1.6120171653543307
11
2.3222753543307086
21
1.612017125984252
0
LINE
8
BLACK
6
CONTINUOUS
10
2.3222753543307086
20
1.612017125984252
11
2.3254029527559053
21
1.6088895275590551
0
LINE
8
BLACK
6
CONTINUOUS
10
2.3254029527559053
20
1.6088895275590551
11
2.3294491732283462
21
1.6071029527559055
0
LINE
8
BLACK
6
CONTINUOUS
10
2.3294491732283462
20
1.6071029527559055
11
2.3304383858267714
21
1.606988188976378
0
LINE
8
BLACK
6
CONTINUOUS
10
2.3304383858267714
20
1.606988188976378
11
2.3939710236220471
21
1.6069882283464567
0
LINE
8
BLACK
6
CONTINUOUS
10
2.3939710236220471
20
1.6069882283464567
11
2.3939716141732283
21
1.6069883070866142
0
LINE
8
BLACK
6
CONTINUOUS
10
2.3939716141732283
20
1.6069883070866142
11
2.3939717322834646
21
1.6069883070866142
0
LINE
8
BLACK
6
CONTINUOUS
10
2.3939717322834646
20
1.6069883070866142
11
2.394960118110236
21
1.6071029133858268
0
LINE
8
BLACK
6
CONTINUOUS
10
2.394960118110236
20
1.6071029133858268
11
2.3949601574803148
21
1.6071029527559055
0
LINE
8
BLACK
6
CONTINUOUS
10
2.3949601574803148
20
1.6071029527559055
11
2.394960275590551
21
1.6071029527559055
0
LINE
8
BLACK
6
CONTINUOUS
10
2.394960275590551
20
1.6071029527559055
11
2.399006496062992
21
1.6088895275590551
0
LINE
8
BLACK
6
CONTINUOUS
10
2.399006496062992
20
1.6088895275590551
11
2.402134094488189
21
1.612017125984252
0
LINE
8
BLACK
6
CONTINUOUS
10
2.402134094488189
20
1.612017125984252
11
2.4039206692913386
21
1.6160633464566929
0
LINE
8
BLACK
6
CONTINUOUS
10
2.4039206692913386
20
1.6160633464566929
11
2.4040354330708662
21
1.6170525590551181
0
LINE
8
BLACK
6
CONTINUOUS
10
2.4040354330708662
20
1.6170525590551181
11
2.4040354330708662
21
1.6242322834645668
0
LINE
8
BLACK
6
CONTINUOUS
10
2.4040354330708662
20
1.6242322834645668
11
2.4041358267716535
21
1.6245742519685038
0
LINE
8
BLACK
6
CONTINUOUS
10
2.4041358267716535
20
1.6245742519685038
11
2.4040851181102361
21
1.6249270472440944
0
LINE
8
BLACK
6
CONTINUOUS
10
2.4040851181102361
20
1.6249270472440944
11
2.4045173228346455
21
1.6258735433070866
0
LINE
8
BLACK
6
CONTINUOUS
10
2.4045173228346455
20
1.6258735433070866
11
2.4048104330708662
21
1.6268716141732282
0
LINE
8
BLACK
6
CONTINUOUS
10
2.4048104330708662
20
1.6268716141732282
11
2.4050797244094486
21
1.627105
0
LINE
8
BLACK
6
CONTINUOUS
10
2.4050797244094486
20
1.627105
11
2.405227834645669
21
1.6274292519685039
0
LINE
8
BLACK
6
CONTINUOUS
10
2.405227834645669
20
1.6274292519685039
11
2.406103188976378
21
1.6279918503937008
0
LINE
8
BLACK
6
CONTINUOUS
10
2.406103188976378
20
1.6279918503937008
11
2.4068893307086614
21
1.6286729921259842
0
LINE
8
BLACK
6
CONTINUOUS
10
2.4068893307086614
20
1.6286729921259842
11
2.4073032677165354
21
1.6287630708661418
0
LINE
8
BLACK
6
CONTINUOUS
10
2.4073032677165354
20
1.6287630708661418
11
2.407541929133858
21
1.6289164173228345
0
LINE
8
BLACK
6
CONTINUOUS
10
2.407541929133858
20
1.6289164173228345
11
2.4089173228346454
21
1.6291141732283465
0
LINE
8
BLACK
6
CONTINUOUS
10
2.4089173228346454
20
1.6291141732283465
11
2.4154921653543306
21
1.6291141732283465
0
LINE
8
BLACK
6
CONTINUOUS
10
2.4154921653543306
20
1.6291141732283465
11
2.4181314960629923
21
1.6283391732283463
0
LINE
8
BLACK
6
CONTINUOUS
10
2.4181314960629923
20
1.6283391732283463
11
2.419932874015748
21
1.6262602755905511
0
LINE
8
BLACK
6
CONTINUOUS
10
2.419932874015748
20
1.6262602755905511
11
2.4203740551181103
21
1.6242322834645668
0
LINE
8
BLACK
6
CONTINUOUS
10
2.4203740551181103
20
1.6242322834645668
11
2.4203740551181103
21
1.6170529133858267
0
LINE
8
BLACK
6
CONTINUOUS
10
2.4203740551181103
20
1.6170529133858267
11
2.4203740944881891
21
1.6170518897637796
0
LINE
8
BLACK
6
CONTINUOUS
10
2.4203740944881891
20
1.6170518897637796
11
2.4204887007874016
21
1.6160635039370079
0
LINE
8
BLACK
6
CONTINUOUS
10
2.4204887007874016
20
1.6160635039370079
11
2.4204887795275591
21
1.6160633464566929
0
LINE
8
BLACK
6
CONTINUOUS
10
2.4204887795275591
20
1.6160633464566929
11
2.42227531496063
21
1.6120171653543307
0
LINE
8
BLACK
6
CONTINUOUS
10
2.42227531496063
20
1.6120171653543307
11
2.4222753543307087
21
1.612017125984252
0
LINE
8
BLACK
6
CONTINUOUS
10
2.4222753543307087
20
1.612017125984252
11
2.4254029527559053
21
1.6088895275590551
0
LINE
8
BLACK
6
CONTINUOUS
10
2.4254029527559053
20
1.6088895275590551
11
2.4294491732283463
21
1.6071029527559055
0
LINE
8
BLACK
6
CONTINUOUS
10
2.4294491732283463
20
1.6071029527559055
11
2.4304383858267715
21
1.606988188976378
0
LINE
8
BLACK
6
CONTINUOUS
10
2.4304383858267715
20
1.606988188976378
11
2.4939710236220471
21
1.6069882283464567
0
LINE
8
BLACK
6
CONTINUOUS
10
2.4939710236220471
20
1.6069882283464567
11
2.4939716141732284
21
1.6069883070866142
0
LINE
8
BLACK
6
CONTINUOUS
10
2.4939716141732284
20
1.6069883070866142
11
2.4939717322834647
21
1.6069883070866142
0
LINE
8
BLACK
6
CONTINUOUS
10
2.4939717322834647
20
1.6069883070866142
11
2.4949601181102361
21
1.6071029133858268
0
LINE
8
BLACK
6
CONTINUOUS
10
2.4949601181102361
20
1.6071029133858268
11
2.4949601574803149
21
1.6071029527559055
0
LINE
8
BLACK
6
CONTINUOUS
10
2.4949601574803149
20
1.6071029527559055
11
2.4949602755905511
21
1.6071029527559055
0
LINE
8
BLACK
6
CONTINUOUS
10
2.4949602755905511
20
1.6071029527559055
11
2.4990064960629921
21
1.6088895275590551
0
LINE
8
BLACK
6
CONTINUOUS
10
2.4990064960629921
20
1.6088895275590551
11
2.5021340944881891
21
1.612017125984252
0
LINE
8
BLACK
6
CONTINUOUS
10
2.5021340944881891
20
1.612017125984252
11
2.5039206692913387
21
1.6160633464566929
0
LINE
8
BLACK
6
CONTINUOUS
10
2.5039206692913387
20
1.6160633464566929
11
2.5040354330708663
21
1.6170525590551181
0
LINE
8
BLACK
6
CONTINUOUS
10
2.5040354330708663
20
1.6170525590551181
11
2.5040353937007875
21
1.6805851968503938
0
LINE
8
BLACK
6
CONTINUOUS
10
2.5040353937007875
20
1.6805851968503938
11
2.50403531496063
21
1.6805859448818896
0
LINE
8
BLACK
6
CONTINUOUS
10
2.50403531496063
20
1.6805859448818896
11
2.5039207086614175
21
1.6815743307086615
0
LINE
8
BLACK
6
CONTINUOUS
10
2.5039207086614175
20
1.6815743307086615
11
2.5039206692913387
21
1.6815744094488188
0
LINE
8
BLACK
6
CONTINUOUS
10
2.5039206692913387
20
1.6815744094488188
11
2.5039206692913387
21
1.6815744488188975
0
LINE
8
BLACK
6
CONTINUOUS
10
2.5039206692913387
20
1.6815744488188975
11
2.5021340944881891
21
1.6856206692913385
0
LINE
8
BLACK
6
CONTINUOUS
10
2.5021340944881891
20
1.6856206692913385
11
2.4990064960629921
21
1.6887482677165353
0
LINE
8
BLACK
6
CONTINUOUS
10
2.4990064960629921
20
1.6887482677165353
11
2.4990064173228346
21
1.6887483070866141
0
LINE
8
BLACK
6
CONTINUOUS
10
2.4990064173228346
20
1.6887483070866141
11
2.4949603149606299
21
1.6905348425196851
0
LINE
8
BLACK
6
CONTINUOUS
10
2.4949603149606299
20
1.6905348425196851
11
2.4939710629921259
21
1.6906496062992125
0
LINE
8
BLACK
6
CONTINUOUS
10
2.4939710629921259
20
1.6906496062992125
11
2.4304387007874015
21
1.6906496062992125
0
LINE
8
BLACK
6
CONTINUOUS
10
2.4304387007874015
20
1.6906496062992125
11
2.4304376771653544
21
1.6906495275590552
0
LINE
8
BLACK
6
CONTINUOUS
10
2.4304376771653544
20
1.6906495275590552
11
2.4294492913385826
21
1.6905349212598424
0
LINE
8
BLACK
6
CONTINUOUS
10
2.4294492913385826
20
1.6905349212598424
11
2.4294491338582676
21
1.6905348425196851
0
LINE
8
BLACK
6
CONTINUOUS
10
2.4294491338582676
20
1.6905348425196851
11
2.4254029527559053
21
1.6887483070866141
0
LINE
8
BLACK
6
CONTINUOUS
10
2.4254029527559053
20
1.6887483070866141
11
2.4222753543307087
21
1.6856207086614172
0
LINE
8
BLACK
6
CONTINUOUS
10
2.4222753543307087
20
1.6856207086614172
11
2.4204887795275591
21
1.6815745669291338
0
LINE
8
BLACK
6
CONTINUOUS
10
2.4204887795275591
20
1.6815745669291338
11
2.4204887795275591
21
1.6815744881889763
0
LINE
8
BLACK
6
CONTINUOUS
10
2.4204887795275591
20
1.6815744881889763
11
2.4203740157480316
21
1.6805853937007873
0
LINE
8
BLACK
6
CONTINUOUS
10
2.4203740157480316
20
1.6805853937007873
11
2.4203740157480316
21
1.6734055118110236
0
LINE
8
BLACK
6
CONTINUOUS
10
2.4203740157480316
20
1.6734055118110236
11
2.4202735826771651
21
1.6730635826771654
0
LINE
8
BLACK
6
CONTINUOUS
10
2.4202735826771651
20
1.6730635826771654
11
2.4203243307086613
21
1.672710748031496
0
LINE
8
BLACK
6
CONTINUOUS
10
2.4203243307086613
20
1.672710748031496
11
2.4198920866141731
21
1.6717642913385826
0
LINE
8
BLACK
6
CONTINUOUS
10
2.4198920866141731
20
1.6717642913385826
11
2.4195990157480316
21
1.6707661811023622
0
LINE
8
BLACK
6
CONTINUOUS
10
2.4195990157480316
20
1.6707661811023622
11
2.41932968503937
21
1.6705328346456692
0
LINE
8
BLACK
6
CONTINUOUS
10
2.41932968503937
20
1.6705328346456692
11
2.4191816141732283
21
1.6702085433070866
0
LINE
8
BLACK
6
CONTINUOUS
10
2.4191816141732283
20
1.6702085433070866
11
2.418306220472441
21
1.6696459842519684
0
LINE
8
BLACK
6
CONTINUOUS
10
2.418306220472441
20
1.6696459842519684
11
2.4175201181102364
21
1.6689648031496063
0
LINE
8
BLACK
6
CONTINUOUS
10
2.4175201181102364
20
1.6689648031496063
11
2.4171061417322832
21
1.6688747637795276
0
LINE
8
BLACK
6
CONTINUOUS
10
2.4171061417322832
20
1.6688747637795276
11
2.4168675196850393
21
1.6687213779527559
0
LINE
8
BLACK
6
CONTINUOUS
10
2.4168675196850393
20
1.6687213779527559
11
2.4154921259842519
21
1.6685236220472441
0
LINE
8
BLACK
6
CONTINUOUS
10
2.4154921259842519
20
1.6685236220472441
11
2.4089172834645667
21
1.6685236220472441
0
LINE
8
BLACK
6
CONTINUOUS
10
2.4089172834645667
20
1.6685236220472441
11
2.4062779527559055
21
1.6692986220472441
0
LINE
8
BLACK
6
CONTINUOUS
10
2.4062779527559055
20
1.6692986220472441
11
2.4044765748031494
21
1.6713775196850393
0
LINE
8
BLACK
6
CONTINUOUS
10
2.4044765748031494
20
1.6713775196850393
11
2.4040353937007874
21
1.6734055118110236
0
LINE
8
BLACK
6
CONTINUOUS
10
2.4040353937007874
20
1.6734055118110236
11
2.4040353937007874
21
1.6805849212598425
0
LINE
8
BLACK
6
CONTINUOUS
10
2.4040353937007874
20
1.6805849212598425
11
2.4040353937007874
21
1.6805851968503938
0
LINE
8
BLACK
6
CONTINUOUS
10
2.4040353937007874
20
1.6805851968503938
11
2.4040353149606299
21
1.6805859448818896
0
LINE
8
BLACK
6
CONTINUOUS
10
2.4040353149606299
20
1.6805859448818896
11
2.4039207086614174
21
1.6815743307086615
0
LINE
8
BLACK
6
CONTINUOUS
10
2.4039207086614174
20
1.6815743307086615
11
2.4039206692913386
21
1.6815744094488188
0
LINE
8
BLACK
6
CONTINUOUS
10
2.4039206692913386
20
1.6815744094488188
11
2.4039206692913386
21
1.6815744488188975
0
LINE
8
BLACK
6
CONTINUOUS
10
2.4039206692913386
20
1.6815744488188975
11
2.402134094488189
21
1.6856206692913385
0
LINE
8
BLACK
6
CONTINUOUS
10
2.402134094488189
20
1.6856206692913385
11
2.399006496062992
21
1.6887482677165353
0
LINE
8
BLACK
6
CONTINUOUS
10
2.399006496062992
20
1.6887482677165353
11
2.3990064173228345
21
1.6887483070866141
0
LINE
8
BLACK
6
CONTINUOUS
10
2.3990064173228345
20
1.6887483070866141
11
2.3949603149606298
21
1.6905348425196851
0
LINE
8
BLACK
6
CONTINUOUS
10
2.3949603149606298
20
1.6905348425196851
11
2.3939710629921258
21
1.6906496062992125
0
LINE
8
BLACK
6
CONTINUOUS
10
2.3939710629921258
20
1.6906496062992125
11
2.3304387007874015
21
1.6906496062992125
0
LINE
8
BLACK
6
CONTINUOUS
10
2.3304387007874015
20
1.6906496062992125
11
2.3304376771653543
21
1.6906495275590552
0
LINE
8
BLACK
6
CONTINUOUS
10
0.812992125984252
20
1.6200787401574803
11
0.8159448818897638
21
1.6200787401574803
0
LINE
8
BLACK
6
CONTINUOUS
10
0.8159448818897638
20
1.6200787401574803
11
0.8159448818897638
21
1.609251968503937
0
LINE
8
BLACK
6
CONTINUOUS
10
0.8159448818897638
20
1.609251968503937
11
0.8277558661417322
21
1.609251968503937
0
LINE
8
BLACK
6
CONTINUOUS
10
0.8277558661417322
20
1.609251968503937
11
0.8277558661417322
21
1.6218419685039369
0
LINE
8
BLACK
6
CONTINUOUS
10
0.8277558661417322
20
1.6218419685039369
11
0.8277557874015747
21
1.621842874015748
0
LINE
8
BLACK
6
CONTINUOUS
10
0.8277557874015747
20
1.621842874015748
11
0.8276413779527559
21
1.6228295275590552
0
LINE
8
BLACK
6
CONTINUOUS
10
0.8276413779527559
20
1.6228295275590552
11
0.8276413385826772
21
1.62282968503937
0
LINE
8
BLACK
6
CONTINUOUS
10
0.8276413385826772
20
1.62282968503937
11
0.8258577952755906
21
1.6268690944881889
0
LINE
8
BLACK
6
CONTINUOUS
10
0.8258577952755906
20
1.6268690944881889
11
0.8258576771653543
21
1.6268692913385827
0
LINE
8
BLACK
6
CONTINUOUS
10
0.8258576771653543
20
1.6268692913385827
11
0.8227353937007874
21
1.6299915748031495
0
LINE
8
BLACK
6
CONTINUOUS
10
0.8227353937007874
20
1.6299915748031495
11
0.8227351968503936
21
1.6299916929133857
0
LINE
8
BLACK
6
CONTINUOUS
10
0.8227351968503936
20
1.6299916929133857
11
0.818695905511811
21
1.6317751968503937
0
LINE
8
BLACK
6
CONTINUOUS
10
0.818695905511811
20
1.6317751968503937
11
0.8177084251968504
21
1.6318897637795275
0
LINE
8
BLACK
6
CONTINUOUS
10
0.8177084251968504
20
1.6318897637795275
11
0.812992125984252
21
1.6318897637795275
0
LINE
8
BLACK
6
CONTINUOUS
10
0.812992125984252
20
1.6318897637795275
11
0.812992125984252
21
1.6200787401574803
0
LINE
8
BLACK
6
CONTINUOUS
10
2.0265748031496065
20
1.6200787401574803
11
2.0295275590551181
21
1.6200787401574803
0
LINE
8
BLACK
6
CONTINUOUS
10
2.0295275590551181
20
1.6200787401574803
11
2.0295275590551181
21
1.609251968503937
0
LINE
8
BLACK
6
CONTINUOUS
10
2.0295275590551181
20
1.609251968503937
11
2.0413385433070865
21
1.609251968503937
0
LINE
8
BLACK
6
CONTINUOUS
10
2.0413385433070865
20
1.609251968503937
11
2.0413385433070865
21
1.6218419685039369
0
LINE
8
BLACK
6
CONTINUOUS
10
2.0413385433070865
20
1.6218419685039369
11
2.041338464566929
21
1.621842874015748
0
LINE
8
BLACK
6
CONTINUOUS
10
2.041338464566929
20
1.621842874015748
11
2.0412240551181102
21
1.6228295275590552
0
LINE
8
BLACK
6
CONTINUOUS
10
2.0412240551181102
20
1.6228295275590552
11
2.0412240157480315
21
1.62282968503937
0
LINE
8
BLACK
6
CONTINUOUS
10
2.0412240157480315
20
1.62282968503937
11
2.039440472440945
21
1.6268690944881889
0
LINE
8
BLACK
6
CONTINUOUS
10
2.039440472440945
20
1.6268690944881889
11
2.0394403543307087
21
1.6268692913385827
0
LINE
8
BLACK
6
CONTINUOUS
10
2.0394403543307087
20
1.6268692913385827
11
2.0363180708661415
21
1.6299915748031495
0
LINE
8
BLACK
6
CONTINUOUS
10
2.0363180708661415
20
1.6299915748031495
11
2.0363178740157482
21
1.6299916929133857
0
LINE
8
BLACK
6
CONTINUOUS
10
2.0363178740157482
20
1.6299916929133857
11
2.0322785826771654
21
1.6317751968503937
0
LINE
8
BLACK
6
CONTINUOUS
10
2.0322785826771654
20
1.6317751968503937
11
2.0312911023622049
21
1.6318897637795275
0
LINE
8
BLACK
6
CONTINUOUS
10
2.0312911023622049
20
1.6318897637795275
11
2.0265748031496065
21
1.6318897637795275
0
LINE
8
BLACK
6
CONTINUOUS
10
2.0265748031496065
20
1.6318897637795275
11
2.0265748031496065
21
1.6200787401574803
0
LINE
8
BLACK
6
CONTINUOUS
10
0.2770669291338583
20
1.6217773228346457
11
0.2770670078740157
21
1.6217762992125984
0
LINE
8
BLACK
6
CONTINUOUS
10
0.2770670078740157
20
1.6217762992125984
11
0.2771816141732283
21
1.6207879133858267
0
LINE
8
BLACK
6
CONTINUOUS
10
0.2771816141732283
20
1.6207879133858267
11
0.2771816929133858
21
1.6207877559055117
0
LINE
8
BLACK
6
CONTINUOUS
10
0.2771816929133858
20
1.6207877559055117
11
0.2789682283464567
21
1.6167415748031495
0
LINE
8
BLACK
6
CONTINUOUS
10
0.2789682283464567
20
1.6167415748031495
11
0.2789682677165354
21
1.6167415354330708
0
LINE
8
BLACK
6
CONTINUOUS
10
0.2789682677165354
20
1.6167415354330708
11
0.2820958661417323
21
1.6136139370078739
0
LINE
8
BLACK
6
CONTINUOUS
10
0.2820958661417323
20
1.6136139370078739
11
0.2861420866141732
21
1.6118273622047243
0
LINE
8
BLACK
6
CONTINUOUS
10
0.2861420866141732
20
1.6118273622047243
11
0.2871312992125984
21
1.6117125984251968
0
LINE
8
BLACK
6
CONTINUOUS
10
0.2871312992125984
20
1.6117125984251968
11
0.350663937007874
21
1.6117126377952755
0
LINE
8
BLACK
6
CONTINUOUS
10
0.350663937007874
20
1.6117126377952755
11
0.3506645275590551
21
1.611712716535433
0
LINE
8
BLACK
6
CONTINUOUS
10
0.3506645275590551
20
1.611712716535433
11
0.3506646456692913
21
1.611712716535433
0
LINE
8
BLACK
6
CONTINUOUS
10
0.3506646456692913
20
1.611712716535433
11
0.351653031496063
21
1.6118273228346456
0
LINE
8
BLACK
6
CONTINUOUS
10
0.351653031496063
20
1.6118273228346456
11
0.3516530708661417
21
1.6118273622047243
0
LINE
8
BLACK
6
CONTINUOUS
10
0.3516530708661417
20
1.6118273622047243
11
0.3516531889763779
21
1.6118273622047243
0
LINE
8
BLACK
6
CONTINUOUS
10
0.3516531889763779
20
1.6118273622047243
11
0.3556994094488189
21
1.6136139370078739
0
LINE
8
BLACK
6
CONTINUOUS
10
0.3556994094488189
20
1.6136139370078739
11
0.3588270078740157
21
1.6167415354330708
0
LINE
8
BLACK
6
CONTINUOUS
10
0.3588270078740157
20
1.6167415354330708
11
0.3606135826771654
21
1.6207877559055117
0
LINE
8
BLACK
6
CONTINUOUS
10
0.3606135826771654
20
1.6207877559055117
11
0.3607283464566929
21
1.6217769685039369
0
LINE
8
BLACK
6
CONTINUOUS
10
0.3607283464566929
20
1.6217769685039369
11
0.3607283070866142
21
1.6853096062992126
0
LINE
8
BLACK
6
CONTINUOUS
10
0.3607283070866142
20
1.6853096062992126
11
0.3607283070866142
21
1.6853096456692913
0
LINE
8
BLACK
6
CONTINUOUS
10
0.3607283070866142
20
1.6853096456692913
11
0.3607283070866142
21
1.6853098031496063
0
LINE
8
BLACK
6
CONTINUOUS
10
0.3607283070866142
20
1.6853098031496063
11
0.3607283070866142
21
1.6853098425196851
0
LINE
8
BLACK
6
CONTINUOUS
10
0.3607283070866142
20
1.6853098425196851
11
0.3606136220472441
21
1.6862987401574803
0
LINE
8
BLACK
6
CONTINUOUS
10
0.3606136220472441
20
1.6862987401574803
11
0.3606135826771654
21
1.6862988188976378
0
LINE
8
BLACK
6
CONTINUOUS
10
0.3606135826771654
20
1.6862988188976378
11
0.3606135826771654
21
1.6862988582677165
0
LINE
8
BLACK
6
CONTINUOUS
10
0.3606135826771654
20
1.6862988582677165
11
0.3588270078740157
21
1.6903450787401575
0
LINE
8
BLACK
6
CONTINUOUS
10
0.3588270078740157
20
1.6903450787401575
11
0.3556994094488189
21
1.6934726771653543
0
LINE
8
BLACK
6
CONTINUOUS
10
0.3556994094488189
20
1.6934726771653543
11
0.3556993307086614
21
1.6934727165354331
0
LINE
8
BLACK
6
CONTINUOUS
10
0.3556993307086614
20
1.6934727165354331
11
0.3516532283464567
21
1.6952592519685039
0
LINE
8
BLACK
6
CONTINUOUS
10
0.3516532283464567
20
1.6952592519685039
11
0.3506639763779528
21
1.6953740157480315
0
LINE
8
BLACK
6
CONTINUOUS
10
0.3506639763779528
20
1.6953740157480315
11
0.2871316141732284
21
1.6953740157480315
0
LINE
8
BLACK
6
CONTINUOUS
10
0.2871316141732284
20
1.6953740157480315
11
0.2871305905511811
21
1.695373937007874
0
LINE
8
BLACK
6
CONTINUOUS
10
0.2871305905511811
20
1.695373937007874
11
0.2861422047244094
21
1.6952593307086614
0
LINE
8
BLACK
6
CONTINUOUS
10
0.2861422047244094
20
1.6952593307086614
11
0.2861420472440945
21
1.6952592519685039
0
LINE
8
BLACK
6
CONTINUOUS
10
0.2861420472440945
20
1.6952592519685039
11
0.2820958661417323
21
1.6934727165354331
0
LINE
8
BLACK
6
CONTINUOUS
10
0.2820958661417323
20
1.6934727165354331
11
0.2789682677165354
21
1.6903451181102362
0
LINE
8
BLACK
6
CONTINUOUS
10
0.2789682677165354
20
1.6903451181102362
11
0.2771816929133858
21
1.6862989763779528
0
LINE
8
BLACK
6
CONTINUOUS
10
0.2771816929133858
20
1.6862989763779528
11
0.2771816929133858
21
1.6862988976377953
0
LINE
8
BLACK
6
CONTINUOUS
10
0.2771816929133858
20
1.6862988976377953
11
0.2770669291338583
21
1.6853098031496063
0
LINE
8
BLACK
6
CONTINUOUS
10
0.2770669291338583
20
1.6853098031496063
11
0.2770669291338583
21
1.6217773228346457
0
LINE
8
BLACK
6
CONTINUOUS
10
0.3770669291338583
20
1.6217773228346457
11
0.3770670078740158
21
1.6217762992125984
0
LINE
8
BLACK
6
CONTINUOUS
10
0.3770670078740158
20
1.6217762992125984
11
0.3771816141732283
21
1.6207879133858267
0
LINE
8
BLACK
6
CONTINUOUS
10
0.3771816141732283
20
1.6207879133858267
11
0.3771816929133858
21
1.6207877559055117
0
LINE
8
BLACK
6
CONTINUOUS
10
0.3771816929133858
20
1.6207877559055117
11
0.3789682283464567
21
1.6167415748031495
0
LINE
8
BLACK
6
CONTINUOUS
10
0.3789682283464567
20
1.6167415748031495
11
0.3789682677165354
21
1.6167415354330708
0
LINE
8
BLACK
6
CONTINUOUS
10
0.3789682677165354
20
1.6167415354330708
11
0.3820958661417323
21
1.6136139370078739
0
LINE
8
BLACK
6
CONTINUOUS
10
0.3820958661417323
20
1.6136139370078739
11
0.3861420866141732
21
1.6118273622047243
0
LINE
8
BLACK
6
CONTINUOUS
10
0.3861420866141732
20
1.6118273622047243
11
0.3871312992125984
21
1.6117125984251968
0
LINE
8
BLACK
6
CONTINUOUS
10
0.3871312992125984
20
1.6117125984251968
11
0.450663937007874
21
1.6117126377952755
0
LINE
8
BLACK
6
CONTINUOUS
10
0.450663937007874
20
1.6117126377952755
11
0.4506645275590551
21
1.611712716535433
0
LINE
8
BLACK
6
CONTINUOUS
10
0.4506645275590551
20
1.611712716535433
11
0.4506646456692913
21
1.611712716535433
0
LINE
8
BLACK
6
CONTINUOUS
10
0.4506646456692913
20
1.611712716535433
11
0.451653031496063
21
1.6118273228346456
0
LINE
8
BLACK
6
CONTINUOUS
10
0.451653031496063
20
1.6118273228346456
11
0.4516530708661417
21
1.6118273622047243
0
LINE
8
BLACK
6
CONTINUOUS
10
0.4516530708661417
20
1.6118273622047243
11
0.451653188976378
21
1.6118273622047243
0
LINE
8
BLACK
6
CONTINUOUS
10
0.451653188976378
20
1.6118273622047243
11
0.4556994094488189
21
1.6136139370078739
0
LINE
8
BLACK
6
CONTINUOUS
10
0.4556994094488189
20
1.6136139370078739
11
0.4588270078740158
21
1.6167415354330708
0
LINE
8
BLACK
6
CONTINUOUS
10
0.4588270078740158
20
1.6167415354330708
11
0.4606135826771653
21
1.6207877559055117
0
LINE
8
BLACK
6
CONTINUOUS
10
0.4606135826771653
20
1.6207877559055117
11
0.4607283464566929
21
1.6217769685039369
0
LINE
8
BLACK
6
CONTINUOUS
10
0.4607283464566929
20
1.6217769685039369
11
0.4607283070866142
21
1.6853096062992126
0
LINE
8
BLACK
6
CONTINUOUS
10
0.4607283070866142
20
1.6853096062992126
11
0.4606922440944882
21
1.6856207086614172
0
LINE
8
BLACK
6
CONTINUOUS
10
0.4606922440944882
20
1.6856207086614172
11
0.4606136220472441
21
1.6862987401574803
0
LINE
8
BLACK
6
CONTINUOUS
10
0.4606136220472441
20
1.6862987401574803
11
0.4606135826771653
21
1.6862988188976378
0
LINE
8
BLACK
6
CONTINUOUS
10
0.4606135826771653
20
1.6862988188976378
11
0.4606135826771653
21
1.6862988582677165
0
LINE
8
BLACK
6
CONTINUOUS
10
0.4606135826771653
20
1.6862988582677165
11
0.4588270078740158
21
1.6903450787401575
0
LINE
8
BLACK
6
CONTINUOUS
10
0.4588270078740158
20
1.6903450787401575
11
0.4556994094488189
21
1.6934726771653543
0
LINE
8
BLACK
6
CONTINUOUS
10
0.4556994094488189
20
1.6934726771653543
11
0.4556993307086614
21
1.6934727165354331
0
LINE
8
BLACK
6
CONTINUOUS
10
0.4556993307086614
20
1.6934727165354331
11
0.4516532283464567
21
1.6952592519685039
0
LINE
8
BLACK
6
CONTINUOUS
10
0.4516532283464567
20
1.6952592519685039
11
0.4506639763779527
21
1.6953740157480315
0
LINE
8
BLACK
6
CONTINUOUS
10
0.4506639763779527
20
1.6953740157480315
11
0.3871316141732283
21
1.6953740157480315
0
LINE
8
BLACK
6
CONTINUOUS
10
0.3871316141732283
20
1.6953740157480315
11
0.3871305905511811
21
1.695373937007874
0
LINE
8
BLACK
6
CONTINUOUS
10
0.3871305905511811
20
1.695373937007874
11
0.3861422047244095
21
1.6952593307086614
0
LINE
8
BLACK
6
CONTINUOUS
10
0.3861422047244095
20
1.6952593307086614
11
0.3861420472440945
21
1.6952592519685039
0
LINE
8
BLACK
6
CONTINUOUS
10
0.3861420472440945
20
1.6952592519685039
11
0.3820958661417323
21
1.6934727165354331
0
LINE
8
BLACK
6
CONTINUOUS
10
0.3820958661417323
20
1.6934727165354331
11
0.3789682677165354
21
1.6903451181102362
0
LINE
8
BLACK
6
CONTINUOUS
10
0.3789682677165354
20
1.6903451181102362
11
0.3771816929133858
21
1.6862989763779528
0
LINE
8
BLACK
6
CONTINUOUS
10
0.3771816929133858
20
1.6862989763779528
11
0.3771816929133858
21
1.6862988976377953
0
LINE
8
BLACK
6
CONTINUOUS
10
0.3771816929133858
20
1.6862988976377953
11
0.3770669291338583
21
1.6853098031496063
0
LINE
8
BLACK
6
CONTINUOUS
10
0.3770669291338583
20
1.6853098031496063
11
0.3770669291338583
21
1.6217773228346457
0
LINE
8
BLACK
6
CONTINUOUS
10
2.3203740157480315
20
1.7170529133858268
11
2.320374094488189
21
1.7170518897637794
0
LINE
8
BLACK
6
CONTINUOUS
10
2.320374094488189
20
1.7170518897637794
11
2.3204887007874015
21
1.7160635039370078
0
LINE
8
BLACK
6
CONTINUOUS
10
2.3204887007874015
20
1.7160635039370078
11
2.3204887795275591
21
1.7160633464566928
0
LINE
8
BLACK
6
CONTINUOUS
10
2.3204887795275591
20
1.7160633464566928
11
2.3222753149606299
21
1.7120171653543306
0
LINE
8
BLACK
6
CONTINUOUS
10
2.3222753149606299
20
1.7120171653543306
11
2.3222753543307086
21
1.7120171259842518
0
LINE
8
BLACK
6
CONTINUOUS
10
2.3222753543307086
20
1.7120171259842518
11
2.3254029527559053
21
1.708889527559055
0
LINE
8
BLACK
6
CONTINUOUS
10
2.3254029527559053
20
1.708889527559055
11
2.3294491732283462
21
1.7071029527559054
0
LINE
8
BLACK
6
CONTINUOUS
10
2.3294491732283462
20
1.7071029527559054
11
2.3304383858267714
21
1.7069881889763778
0
LINE
8
BLACK
6
CONTINUOUS
10
2.3304383858267714
20
1.7069881889763778
11
2.3939710236220471
21
1.7069882283464566
0
LINE
8
BLACK
6
CONTINUOUS
10
2.3939710236220471
20
1.7069882283464566
11
2.3939716141732283
21
1.7069883070866141
0
LINE
8
BLACK
6
CONTINUOUS
10
2.3939716141732283
20
1.7069883070866141
11
2.3939717322834646
21
1.7069883070866141
0
LINE
8
BLACK
6
CONTINUOUS
10
2.3939717322834646
20
1.7069883070866141
11
2.394960118110236
21
1.7071029133858266
0
LINE
8
BLACK
6
CONTINUOUS
10
2.394960118110236
20
1.7071029133858266
11
2.3949601574803148
21
1.7071029527559054
0
LINE
8
BLACK
6
CONTINUOUS
10
2.3949601574803148
20
1.7071029527559054
11
2.394960275590551
21
1.7071029527559054
0
LINE
8
BLACK
6
CONTINUOUS
10
2.394960275590551
20
1.7071029527559054
11
2.399006496062992
21
1.708889527559055
0
LINE
8
BLACK
6
CONTINUOUS
10
2.399006496062992
20
1.708889527559055
11
2.402134094488189
21
1.7120171259842518
0
LINE
8
BLACK
6
CONTINUOUS
10
2.402134094488189
20
1.7120171259842518
11
2.4039206692913386
21
1.7160633464566928
0
LINE
8
BLACK
6
CONTINUOUS
10
2.4039206692913386
20
1.7160633464566928
11
2.4040354330708662
21
1.717052559055118
0
LINE
8
BLACK
6
CONTINUOUS
10
2.4040354330708662
20
1.717052559055118
11
2.4040354330708662
21
1.7242322834645669
0
LINE
8
BLACK
6
CONTINUOUS
10
2.4040354330708662
20
1.7242322834645669
11
2.4041358267716535
21
1.7245742519685039
0
LINE
8
BLACK
6
CONTINUOUS
10
2.4041358267716535
20
1.7245742519685039
11
2.4040851181102361
21
1.7249270472440945
0
LINE
8
BLACK
6
CONTINUOUS
10
2.4040851181102361
20
1.7249270472440945
11
2.4045173228346455
21
1.7258735433070866
0
LINE
8
BLACK
6
CONTINUOUS
10
2.4045173228346455
20
1.7258735433070866
11
2.4048104330708662
21
1.7268716141732283
0
LINE
8
BLACK
6
CONTINUOUS
10
2.4048104330708662
20
1.7268716141732283
11
2.4050797244094486
21
1.7271049999999999
0
LINE
8
BLACK
6
CONTINUOUS
10
2.4050797244094486
20
1.7271049999999999
11
2.405227834645669
21
1.7274292519685039
0
LINE
8
BLACK
6
CONTINUOUS
10
2.405227834645669
20
1.7274292519685039
11
2.406103188976378
21
1.7279918503937008
0
LINE
8
BLACK
6
CONTINUOUS
10
2.406103188976378
20
1.7279918503937008
11
2.4068893307086614
21
1.7286729921259842
0
LINE
8
BLACK
6
CONTINUOUS
10
2.4068893307086614
20
1.7286729921259842
11
2.4073032677165354
21
1.7287630708661417
0
LINE
8
BLACK
6
CONTINUOUS
10
2.4073032677165354
20
1.7287630708661417
11
2.407541929133858
21
1.7289164173228346
0
LINE
8
BLACK
6
CONTINUOUS
10
2.407541929133858
20
1.7289164173228346
11
2.4089173228346454
21
1.7291141732283464
0
LINE
8
BLACK
6
CONTINUOUS
10
2.4089173228346454
20
1.7291141732283464
11
2.4154921653543306
21
1.7291141732283464
0
LINE
8
BLACK
6
CONTINUOUS
10
2.4154921653543306
20
1.7291141732283464
11
2.4181314960629923
21
1.7283391732283464
0
LINE
8
BLACK
6
CONTINUOUS
10
2.4181314960629923
20
1.7283391732283464
11
2.419932874015748
21
1.7262602755905512
0
LINE
8
BLACK
6
CONTINUOUS
10
2.419932874015748
20
1.7262602755905512
11
2.4203740551181103
21
1.7242322834645669
0
LINE
8
BLACK
6
CONTINUOUS
10
2.4203740551181103
20
1.7242322834645669
11
2.4203740551181103
21
1.7170529133858268
0
LINE
8
BLACK
6
CONTINUOUS
10
2.4203740551181103
20
1.7170529133858268
11
2.4203740944881891
21
1.7170518897637794
0
LINE
8
BLACK
6
CONTINUOUS
10
2.4203740944881891
20
1.7170518897637794
11
2.4204887007874016
21
1.7160635039370078
0
LINE
8
BLACK
6
CONTINUOUS
10
2.4204887007874016
20
1.7160635039370078
11
2.4204887795275591
21
1.7160633464566928
0
LINE
8
BLACK
6
CONTINUOUS
10
2.4204887795275591
20
1.7160633464566928
11
2.42227531496063
21
1.7120171653543306
0
LINE
8
BLACK
6
CONTINUOUS
10
2.42227531496063
20
1.7120171653543306
11
2.4222753543307087
21
1.7120171259842518
0
LINE
8
BLACK
6
CONTINUOUS
10
2.4222753543307087
20
1.7120171259842518
11
2.4254029527559053
21
1.708889527559055
0
LINE
8
BLACK
6
CONTINUOUS
10
2.4254029527559053
20
1.708889527559055
11
2.4294491732283463
21
1.7071029527559054
0
LINE
8
BLACK
6
CONTINUOUS
10
2.4294491732283463
20
1.7071029527559054
11
2.4304383858267715
21
1.7069881889763778
0
LINE
8
BLACK
6
CONTINUOUS
10
2.4304383858267715
20
1.7069881889763778
11
2.4939710236220471
21
1.7069882283464566
0
LINE
8
BLACK
6
CONTINUOUS
10
2.4939710236220471
20
1.7069882283464566
11
2.4939716141732284
21
1.7069883070866141
0
LINE
8
BLACK
6
CONTINUOUS
10
2.4939716141732284
20
1.7069883070866141
11
2.4939717322834647
21
1.7069883070866141
0
LINE
8
BLACK
6
CONTINUOUS
10
2.4939717322834647
20
1.7069883070866141
11
2.4949601181102361
21
1.7071029133858266
0
LINE
8
BLACK
6
CONTINUOUS
10
2.4949601181102361
20
1.7071029133858266
11
2.4949601574803149
21
1.7071029527559054
0
LINE
8
BLACK
6
CONTINUOUS
10
2.4949601574803149
20
1.7071029527559054
11
2.4949602755905511
21
1.7071029527559054
0
LINE
8
BLACK
6
CONTINUOUS
10
2.4949602755905511
20
1.7071029527559054
11
2.4990064960629921
21
1.708889527559055
0
LINE
8
BLACK
6
CONTINUOUS
10
2.4990064960629921
20
1.708889527559055
11
2.5021340944881891
21
1.7120171259842518
0
LINE
8
BLACK
6
CONTINUOUS
10
2.5021340944881891
20
1.7120171259842518
11
2.5039206692913387
21
1.7160633464566928
0
LINE
8
BLACK
6
CONTINUOUS
10
2.5039206692913387
20
1.7160633464566928
11
2.5040354330708663
21
1.717052559055118
0
LINE
8
BLACK
6
CONTINUOUS
10
2.5040354330708663
20
1.717052559055118
11
2.5040353937007875
21
1.7805851968503936
0
LINE
8
BLACK
6
CONTINUOUS
10
2.5040353937007875
20
1.7805851968503936
11
2.50403531496063
21
1.7805859448818897
0
LINE
8
BLACK
6
CONTINUOUS
10
2.50403531496063
20
1.7805859448818897
11
2.5039207086614175
21
1.7815743307086613
0
LINE
8
BLACK
6
CONTINUOUS
10
2.5039207086614175
20
1.7815743307086613
11
2.5039206692913387
21
1.7815744094488188
0
LINE
8
BLACK
6
CONTINUOUS
10
2.5039206692913387
20
1.7815744094488188
11
2.5039206692913387
21
1.7815744488188976
0
LINE
8
BLACK
6
CONTINUOUS
10
2.5039206692913387
20
1.7815744488188976
11
2.5021340944881891
21
1.7856206692913386
0
LINE
8
BLACK
6
CONTINUOUS
10
2.5021340944881891
20
1.7856206692913386
11
2.4990064960629921
21
1.7887482677165354
0
LINE
8
BLACK
6
CONTINUOUS
10
2.4990064960629921
20
1.7887482677165354
11
2.4975466929133856
21
1.7893928346456693
0
LINE
8
BLACK
6
CONTINUOUS
10
2.4975466929133856
20
1.7893928346456693
11
2.4949603149606299
21
1.790534842519685
0
LINE
8
BLACK
6
CONTINUOUS
10
2.4949603149606299
20
1.790534842519685
11
2.4939710629921259
21
1.7906496062992125
0
LINE
8
BLACK
6
CONTINUOUS
10
2.4939710629921259
20
1.7906496062992125
11
2.4304387007874015
21
1.7906496062992125
0
LINE
8
BLACK
6
CONTINUOUS
10
2.4304387007874015
20
1.7906496062992125
11
2.4304376771653544
21
1.790649527559055
0
LINE
8
BLACK
6
CONTINUOUS
10
2.4304376771653544
20
1.790649527559055
11
2.4294492913385826
21
1.7905349212598425
0
LINE
8
BLACK
6
CONTINUOUS
10
2.4294492913385826
20
1.7905349212598425
11
2.4294491338582676
21
1.790534842519685
0
LINE
8
BLACK
6
CONTINUOUS
10
2.4294491338582676
20
1.790534842519685
11
2.4254029527559053
21
1.7887483070866141
0
LINE
8
BLACK
6
CONTINUOUS
10
2.4254029527559053
20
1.7887483070866141
11
2.4222753543307087
21
1.7856207086614173
0
LINE
8
BLACK
6
CONTINUOUS
10
2.4222753543307087
20
1.7856207086614173
11
2.4204887795275591
21
1.7815745669291339
0
LINE
8
BLACK
6
CONTINUOUS
10
2.4204887795275591
20
1.7815745669291339
11
2.4204887795275591
21
1.7815744881889763
0
LINE
8
BLACK
6
CONTINUOUS
10
2.4204887795275591
20
1.7815744881889763
11
2.4203740157480316
21
1.7805853937007874
0
LINE
8
BLACK
6
CONTINUOUS
10
2.4203740157480316
20
1.7805853937007874
11
2.4203740157480316
21
1.7734055118110237
0
LINE
8
BLACK
6
CONTINUOUS
10
2.4203740157480316
20
1.7734055118110237
11
2.4202735826771651
21
1.7730635826771652
0
LINE
8
BLACK
6
CONTINUOUS
10
2.4202735826771651
20
1.7730635826771652
11
2.4203243307086613
21
1.7727107480314961
0
LINE
8
BLACK
6
CONTINUOUS
10
2.4203243307086613
20
1.7727107480314961
11
2.4198920866141731
21
1.7717642913385827
0
LINE
8
BLACK
6
CONTINUOUS
10
2.4198920866141731
20
1.7717642913385827
11
2.4195990157480316
21
1.7707661811023621
0
LINE
8
BLACK
6
CONTINUOUS
10
2.4195990157480316
20
1.7707661811023621
11
2.41932968503937
21
1.7705328346456692
0
LINE
8
BLACK
6
CONTINUOUS
10
2.41932968503937
20
1.7705328346456692
11
2.4191816141732283
21
1.7702085433070867
0
LINE
8
BLACK
6
CONTINUOUS
10
2.4191816141732283
20
1.7702085433070867
11
2.418306220472441
21
1.7696459842519685
0
LINE
8
BLACK
6
CONTINUOUS
10
2.418306220472441
20
1.7696459842519685
11
2.4175201181102364
21
1.7689648031496064
0
LINE
8
BLACK
6
CONTINUOUS
10
2.4175201181102364
20
1.7689648031496064
11
2.4171061417322832
21
1.7688747637795275
0
LINE
8
BLACK
6
CONTINUOUS
10
2.4171061417322832
20
1.7688747637795275
11
2.4168675196850393
21
1.768721377952756
0
LINE
8
BLACK
6
CONTINUOUS
10
2.4168675196850393
20
1.768721377952756
11
2.4154921259842519
21
1.768523622047244
0
LINE
8
BLACK
6
CONTINUOUS
10
2.4154921259842519
20
1.768523622047244
11
2.4089172834645667
21
1.768523622047244
0
LINE
8
BLACK
6
CONTINUOUS
10
2.4089172834645667
20
1.768523622047244
11
2.4062779527559055
21
1.769298622047244
0
LINE
8
BLACK
6
CONTINUOUS
10
2.4062779527559055
20
1.769298622047244
11
2.4044765748031494
21
1.7713775196850394
0
LINE
8
BLACK
6
CONTINUOUS
10
2.4044765748031494
20
1.7713775196850394
11
2.4040353937007874
21
1.7734055118110237
0
LINE
8
BLACK
6
CONTINUOUS
10
2.4040353937007874
20
1.7734055118110237
11
2.4040353937007874
21
1.7805849212598426
0
LINE
8
BLACK
6
CONTINUOUS
10
2.4040353937007874
20
1.7805849212598426
11
2.4040353937007874
21
1.7805851968503936
0
LINE
8
BLACK
6
CONTINUOUS
10
2.4040353937007874
20
1.7805851968503936
11
2.4040353149606299
21
1.7805859448818897
0
LINE
8
BLACK
6
CONTINUOUS
10
2.4040353149606299
20
1.7805859448818897
11
2.4039207086614174
21
1.7815743307086613
0
LINE
8
BLACK
6
CONTINUOUS
10
2.4039207086614174
20
1.7815743307086613
11
2.4039206692913386
21
1.7815744094488188
0
LINE
8
BLACK
6
CONTINUOUS
10
2.4039206692913386
20
1.7815744094488188
11
2.4039206692913386
21
1.7815744488188976
0
LINE
8
BLACK
6
CONTINUOUS
10
2.4039206692913386
20
1.7815744488188976
11
2.402134094488189
21
1.7856206692913386
0
LINE
8
BLACK
6
CONTINUOUS
10
2.402134094488189
20
1.7856206692913386
11
2.399006496062992
21
1.7887482677165354
0
LINE
8
BLACK
6
CONTINUOUS
10
2.399006496062992
20
1.7887482677165354
11
2.397546692913386
21
1.7893928346456693
0
LINE
8
BLACK
6
CONTINUOUS
10
2.397546692913386
20
1.7893928346456693
11
2.3949603149606298
21
1.790534842519685
0
LINE
8
BLACK
6
CONTINUOUS
10
2.3949603149606298
20
1.790534842519685
11
2.3939710629921258
21
1.7906496062992125
0
LINE
8
BLACK
6
CONTINUOUS
10
2.3939710629921258
20
1.7906496062992125
11
2.3304387007874015
21
1.7906496062992125
0
LINE
8
BLACK
6
CONTINUOUS
10
2.3304387007874015
20
1.7906496062992125
11
2.3304376771653543
21
1.790649527559055
0
LINE
8
BLACK
6
CONTINUOUS
10
2.3304376771653543
20
1.790649527559055
11
2.3294492913385825
21
1.7905349212598425
0
LINE
8
BLACK
6
CONTINUOUS
10
2.3294492913385825
20
1.7905349212598425
11
2.3294491338582675
21
1.790534842519685
0
LINE
8
BLACK
6
CONTINUOUS
10
2.3294491338582675
20
1.790534842519685
11
2.3254029527559053
21
1.7887483070866141
0
LINE
8
BLACK
6
CONTINUOUS
10
2.3254029527559053
20
1.7887483070866141
11
2.3222753543307086
21
1.7856207086614173
0
LINE
8
BLACK
6
CONTINUOUS
10
2.3222753543307086
20
1.7856207086614173
11
2.3204887795275591
21
1.7815745669291339
0
LINE
8
BLACK
6
CONTINUOUS
10
2.3204887795275591
20
1.7815745669291339
11
2.3204887795275591
21
1.7815744881889763
0
LINE
8
BLACK
6
CONTINUOUS
10
2.3204887795275591
20
1.7815744881889763
11
2.3203740157480315
21
1.7805853937007874
0
LINE
8
BLACK
6
CONTINUOUS
10
2.3203740157480315
20
1.7805853937007874
11
2.3203740157480315
21
1.7170529133858268
0
LINE
8
BLACK
6
CONTINUOUS
10
0.2770669291338583
20
1.7217773228346456
11
0.2770670078740157
21
1.7217762992125984
0
LINE
8
BLACK
6
CONTINUOUS
10
0.2770670078740157
20
1.7217762992125984
11
0.2771816141732283
21
1.7207879133858268
0
LINE
8
BLACK
6
CONTINUOUS
10
0.2771816141732283
20
1.7207879133858268
11
0.2771816929133858
21
1.7207877559055118
0
LINE
8
BLACK
6
CONTINUOUS
10
0.2771816929133858
20
1.7207877559055118
11
0.2789682283464567
21
1.7167415748031496
0
LINE
8
BLACK
6
CONTINUOUS
10
0.2789682283464567
20
1.7167415748031496
11
0.2789682677165354
21
1.7167415354330708
0
LINE
8
BLACK
6
CONTINUOUS
10
0.2789682677165354
20
1.7167415354330708
11
0.2820958661417323
21
1.713613937007874
0
LINE
8
BLACK
6
CONTINUOUS
10
0.2820958661417323
20
1.713613937007874
11
0.2861420866141732
21
1.7118273622047244
0
LINE
8
BLACK
6
CONTINUOUS
10
0.2861420866141732
20
1.7118273622047244
11
0.2871312992125984
21
1.7117125984251969
0
LINE
8
BLACK
6
CONTINUOUS
10
0.2871312992125984
20
1.7117125984251969
11
0.350663937007874
21
1.7117126377952756
0
LINE
8
BLACK
6
CONTINUOUS
10
0.350663937007874
20
1.7117126377952756
11
0.3506645275590551
21
1.7117127165354331
0
LINE
8
BLACK
6
CONTINUOUS
10
0.3506645275590551
20
1.7117127165354331
11
0.3506646456692913
21
1.7117127165354331
0
LINE
8
BLACK
6
CONTINUOUS
10
0.3506646456692913
20
1.7117127165354331
11
0.351653031496063
21
1.7118273228346457
0
LINE
8
BLACK
6
CONTINUOUS
10
0.351653031496063
20
1.7118273228346457
11
0.3516530708661417
21
1.7118273622047244
0
LINE
8
BLACK
6
CONTINUOUS
10
0.3516530708661417
20
1.7118273622047244
11
0.3516531889763779
21
1.7118273622047244
0
LINE
8
BLACK
6
CONTINUOUS
10
0.3516531889763779
20
1.7118273622047244
11
0.3556994094488189
21
1.713613937007874
0
LINE
8
BLACK
6
CONTINUOUS
10
0.3556994094488189
20
1.713613937007874
11
0.3588270078740157
21
1.7167415354330708
0
LINE
8
BLACK
6
CONTINUOUS
10
0.3588270078740157
20
1.7167415354330708
11
0.3606135826771654
21
1.7207877559055118
0
LINE
8
BLACK
6
CONTINUOUS
10
0.3606135826771654
20
1.7207877559055118
11
0.3607283464566929
21
1.721776968503937
0
LINE
8
BLACK
6
CONTINUOUS
10
0.3607283464566929
20
1.721776968503937
11
0.3607283070866142
21
1.7853096062992126
0
LINE
8
BLACK
6
CONTINUOUS
10
0.3607283070866142
20
1.7853096062992126
11
0.3607283070866142
21
1.7853096456692914
0
LINE
8
BLACK
6
CONTINUOUS
10
0.3607283070866142
20
1.7853096456692914
11
0.3607283070866142
21
1.7853098031496062
0
LINE
8
BLACK
6
CONTINUOUS
10
0.3607283070866142
20
1.7853098031496062
11
0.3607283070866142
21
1.7853098425196849
0
LINE
8
BLACK
6
CONTINUOUS
10
0.3607283070866142
20
1.7853098425196849
11
0.3606136220472441
21
1.7862987401574804
0
LINE
8
BLACK
6
CONTINUOUS
10
0.3606136220472441
20
1.7862987401574804
11
0.3606135826771654
21
1.7862988188976379
0
LINE
8
BLACK
6
CONTINUOUS
10
0.3606135826771654
20
1.7862988188976379
11
0.3606135826771654
21
1.7862988582677164
0
LINE
8
BLACK
6
CONTINUOUS
10
0.3606135826771654
20
1.7862988582677164
11
0.3588270078740157
21
1.7903450787401574
0
LINE
8
BLACK
6
CONTINUOUS
10
0.3588270078740157
20
1.7903450787401574
11
0.3556994094488189
21
1.7934726771653542
0
LINE
8
BLACK
6
CONTINUOUS
10
0.3556994094488189
20
1.7934726771653542
11
0.3551965354330708
21
1.7936947244094488
0
LINE
8
BLACK
6
CONTINUOUS
10
0.3551965354330708
20
1.7936947244094488
11
0.3516532283464567
21
1.795259251968504
0
LINE
8
BLACK
6
CONTINUOUS
10
0.3516532283464567
20
1.795259251968504
11
0.3506639763779528
21
1.7953740157480313
0
LINE
8
BLACK
6
CONTINUOUS
10
0.3506639763779528
20
1.7953740157480313
11
0.2871316141732284
21
1.7953740157480313
0
LINE
8
BLACK
6
CONTINUOUS
10
0.2871316141732284
20
1.7953740157480313
11
0.2871305905511811
21
1.7953739370078741
0
LINE
8
BLACK
6
CONTINUOUS
10
0.2871305905511811
20
1.7953739370078741
11
0.2861422047244094
21
1.7952593307086613
0
LINE
8
BLACK
6
CONTINUOUS
10
0.2861422047244094
20
1.7952593307086613
11
0.2861420472440945
21
1.795259251968504
0
LINE
8
BLACK
6
CONTINUOUS
10
0.2861420472440945
20
1.795259251968504
11
0.2820958661417323
21
1.7934727165354329
0
LINE
8
BLACK
6
CONTINUOUS
10
0.2820958661417323
20
1.7934727165354329
11
0.2789682677165354
21
1.7903451181102361
0
LINE
8
BLACK
6
CONTINUOUS
10
0.2789682677165354
20
1.7903451181102361
11
0.2771816929133858
21
1.7862989763779527
0
LINE
8
BLACK
6
CONTINUOUS
10
0.2771816929133858
20
1.7862989763779527
11
0.2771816929133858
21
1.7862988976377951
0
LINE
8
BLACK
6
CONTINUOUS
10
0.2771816929133858
20
1.7862988976377951
11
0.2770669291338583
21
1.7853098031496062
0
LINE
8
BLACK
6
CONTINUOUS
10
0.2770669291338583
20
1.7853098031496062
11
0.2770669291338583
21
1.7217773228346456
0
LINE
8
BLACK
6
CONTINUOUS
10
0.3770669291338583
20
1.7217773228346456
11
0.3770670078740158
21
1.7217762992125984
0
LINE
8
BLACK
6
CONTINUOUS
10
0.3770670078740158
20
1.7217762992125984
11
0.3771816141732283
21
1.7207879133858268
0
LINE
8
BLACK
6
CONTINUOUS
10
0.3771816141732283
20
1.7207879133858268
11
0.3771816929133858
21
1.7207877559055118
0
LINE
8
BLACK
6
CONTINUOUS
10
0.3771816929133858
20
1.7207877559055118
11
0.3789682283464567
21
1.7167415748031496
0
LINE
8
BLACK
6
CONTINUOUS
10
0.3789682283464567
20
1.7167415748031496
11
0.3789682677165354
21
1.7167415354330708
0
LINE
8
BLACK
6
CONTINUOUS
10
0.3789682677165354
20
1.7167415354330708
11
0.3820958661417323
21
1.713613937007874
0
LINE
8
BLACK
6
CONTINUOUS
10
0.3820958661417323
20
1.713613937007874
11
0.3861420866141732
21
1.7118273622047244
0
LINE
8
BLACK
6
CONTINUOUS
10
0.3861420866141732
20
1.7118273622047244
11
0.3871312992125984
21
1.7117125984251969
0
LINE
8
BLACK
6
CONTINUOUS
10
0.3871312992125984
20
1.7117125984251969
11
0.450663937007874
21
1.7117126377952756
0
LINE
8
BLACK
6
CONTINUOUS
10
0.450663937007874
20
1.7117126377952756
11
0.4506645275590551
21
1.7117127165354331
0
LINE
8
BLACK
6
CONTINUOUS
10
0.4506645275590551
20
1.7117127165354331
11
0.4506646456692913
21
1.7117127165354331
0
LINE
8
BLACK
6
CONTINUOUS
10
0.4506646456692913
20
1.7117127165354331
11
0.451653031496063
21
1.7118273228346457
0
LINE
8
BLACK
6
CONTINUOUS
10
0.451653031496063
20
1.7118273228346457
11
0.4516530708661417
21
1.7118273622047244
0
LINE
8
BLACK
6
CONTINUOUS
10
0.4516530708661417
20
1.7118273622047244
11
0.451653188976378
21
1.7118273622047244
0
LINE
8
BLACK
6
CONTINUOUS
10
0.451653188976378
20
1.7118273622047244
11
0.4556994094488189
21
1.713613937007874
0
LINE
8
BLACK
6
CONTINUOUS
10
0.4556994094488189
20
1.713613937007874
11
0.4588270078740158
21
1.7167415354330708
0
LINE
8
BLACK
6
CONTINUOUS
10
0.4588270078740158
20
1.7167415354330708
11
0.4606135826771653
21
1.7207877559055118
0
LINE
8
BLACK
6
CONTINUOUS
10
0.4606135826771653
20
1.7207877559055118
11
0.4607283464566929
21
1.721776968503937
0
LINE
8
BLACK
6
CONTINUOUS
10
0.4607283464566929
20
1.721776968503937
11
0.4607283070866142
21
1.785231062992126
0
LINE
8
BLACK
6
CONTINUOUS
10
0.4607283070866142
20
1.785231062992126
11
0.4607283070866142
21
1.7853096062992126
0
LINE
8
BLACK
6
CONTINUOUS
10
0.4607283070866142
20
1.7853096062992126
11
0.4606922440944882
21
1.7856207086614173
0
LINE
8
BLACK
6
CONTINUOUS
10
0.4606922440944882
20
1.7856207086614173
11
0.4606136220472441
21
1.7862987401574804
0
LINE
8
BLACK
6
CONTINUOUS
10
0.4606136220472441
20
1.7862987401574804
11
0.4606135826771653
21
1.7862988188976379
0
LINE
8
BLACK
6
CONTINUOUS
10
0.4606135826771653
20
1.7862988188976379
11
0.4606135826771653
21
1.7862988582677164
0
LINE
8
BLACK
6
CONTINUOUS
10
0.4606135826771653
20
1.7862988582677164
11
0.4588270078740158
21
1.7903450787401574
0
LINE
8
BLACK
6
CONTINUOUS
10
0.4588270078740158
20
1.7903450787401574
11
0.4556994094488189
21
1.7934726771653542
0
LINE
8
BLACK
6
CONTINUOUS
10
0.4556994094488189
20
1.7934726771653542
11
0.4551965354330709
21
1.7936947244094488
0
LINE
8
BLACK
6
CONTINUOUS
10
0.4551965354330709
20
1.7936947244094488
11
0.4516532283464567
21
1.795259251968504
0
LINE
8
BLACK
6
CONTINUOUS
10
0.4516532283464567
20
1.795259251968504
11
0.4506639763779527
21
1.7953740157480313
0
LINE
8
BLACK
6
CONTINUOUS
10
0.4506639763779527
20
1.7953740157480313
11
0.3871316141732283
21
1.7953740157480313
0
LINE
8
BLACK
6
CONTINUOUS
10
0.3871316141732283
20
1.7953740157480313
11
0.3871305905511811
21
1.7953739370078741
0
LINE
8
BLACK
6
CONTINUOUS
10
0.3871305905511811
20
1.7953739370078741
11
0.3861422047244095
21
1.7952593307086613
0
LINE
8
BLACK
6
CONTINUOUS
10
0.3861422047244095
20
1.7952593307086613
11
0.3861420472440945
21
1.795259251968504
0
LINE
8
BLACK
6
CONTINUOUS
10
0.3861420472440945
20
1.795259251968504
11
0.3820958661417323
21
1.7934727165354329
0
LINE
8
BLACK
6
CONTINUOUS
10
0.3820958661417323
20
1.7934727165354329
11
0.3789682677165354
21
1.7903451181102361
0
LINE
8
BLACK
6
CONTINUOUS
10
0.3789682677165354
20
1.7903451181102361
11
0.3771816929133858
21
1.7862989763779527
0
LINE
8
BLACK
6
CONTINUOUS
10
0.3771816929133858
20
1.7862989763779527
11
0.3771816929133858
21
1.7862988976377951
0
LINE
8
BLACK
6
CONTINUOUS
10
0.3771816929133858
20
1.7862988976377951
11
0.3770669291338583
21
1.7853098031496062
0
LINE
8
BLACK
6
CONTINUOUS
10
0.3770669291338583
20
1.7853098031496062
11
0.3770669291338583
21
1.7217773228346456
0
LINE
8
BLACK
6
CONTINUOUS
10
0.8159448818897638
20
1.7421259842519685
11
0.812992125984252
21
1.7421259842519685
0
LINE
8
BLACK
6
CONTINUOUS
10
0.812992125984252
20
1.7421259842519685
11
0.812992125984252
21
1.730315
0
LINE
8
BLACK
6
CONTINUOUS
10
0.812992125984252
20
1.730315
11
0.8177081102362205
21
1.730315
0
LINE
8
BLACK
6
CONTINUOUS
10
0.8177081102362205
20
1.730315
11
0.8177089763779527
21
1.7303150787401573
0
LINE
8
BLACK
6
CONTINUOUS
10
0.8177089763779527
20
1.7303150787401573
11
0.8186956299212598
21
1.7304294881889764
0
LINE
8
BLACK
6
CONTINUOUS
10
0.8186956299212598
20
1.7304294881889764
11
0.8186957874015748
21
1.7304295275590551
0
LINE
8
BLACK
6
CONTINUOUS
10
0.8186957874015748
20
1.7304295275590551
11
0.8227351968503936
21
1.7322130708661416
0
LINE
8
BLACK
6
CONTINUOUS
10
0.8227351968503936
20
1.7322130708661416
11
0.8227353937007874
21
1.7322131889763779
0
LINE
8
BLACK
6
CONTINUOUS
10
0.8227353937007874
20
1.7322131889763779
11
0.8258576771653543
21
1.7353354724409449
0
LINE
8
BLACK
6
CONTINUOUS
10
0.8258576771653543
20
1.7353354724409449
11
0.8258577952755906
21
1.7353356692913386
0
LINE
8
BLACK
6
CONTINUOUS
10
0.8258577952755906
20
1.7353356692913386
11
0.8276412992125984
21
1.7393749212598424
0
LINE
8
BLACK
6
CONTINUOUS
10
0.8276412992125984
20
1.7393749212598424
11
0.8276412992125984
21
1.7393749999999999
0
LINE
8
BLACK
6
CONTINUOUS
10
0.8276412992125984
20
1.7393749999999999
11
0.8277558661417322
21
1.7403624409448819
0
LINE
8
BLACK
6
CONTINUOUS
10
0.8277558661417322
20
1.7403624409448819
11
0.827755905511811
21
1.7403625590551182
0
LINE
8
BLACK
6
CONTINUOUS
10
0.827755905511811
20
1.7403625590551182
11
0.827755905511811
21
1.7529527559055118
0
LINE
8
BLACK
6
CONTINUOUS
10
0.827755905511811
20
1.7529527559055118
11
0.8159448818897638
21
1.7529527559055118
0
LINE
8
BLACK
6
CONTINUOUS
10
0.8159448818897638
20
1.7529527559055118
11
0.8159448818897638
21
1.7421259842519685
0
LINE
8
BLACK
6
CONTINUOUS
10
2.0295275590551181
20
1.7421259842519685
11
2.0265748031496065
21
1.7421259842519685
0
LINE
8
BLACK
6
CONTINUOUS
10
2.0265748031496065
20
1.7421259842519685
11
2.0265748031496065
21
1.730315
0
LINE
8
BLACK
6
CONTINUOUS
10
2.0265748031496065
20
1.730315
11
2.0312907874015749
21
1.730315
0
LINE
8
BLACK
6
CONTINUOUS
10
2.0312907874015749
20
1.730315
11
2.031291653543307
21
1.7303150787401573
0
LINE
8
BLACK
6
CONTINUOUS
10
2.031291653543307
20
1.7303150787401573
11
2.0322783070866142
21
1.7304294881889764
0
LINE
8
BLACK
6
CONTINUOUS
10
2.0322783070866142
20
1.7304294881889764
11
2.0322784645669292
21
1.7304295275590551
0
LINE
8
BLACK
6
CONTINUOUS
10
2.0322784645669292
20
1.7304295275590551
11
2.0363178740157482
21
1.7322130708661416
0
LINE
8
BLACK
6
CONTINUOUS
10
2.0363178740157482
20
1.7322130708661416
11
2.0363180708661415
21
1.7322131889763779
0
LINE
8
BLACK
6
CONTINUOUS
10
2.0363180708661415
20
1.7322131889763779
11
2.0394403543307087
21
1.7353354724409449
0
LINE
8
BLACK
6
CONTINUOUS
10
2.0394403543307087
20
1.7353354724409449
11
2.039440472440945
21
1.7353356692913386
0
LINE
8
BLACK
6
CONTINUOUS
10
2.039440472440945
20
1.7353356692913386
11
2.0412239763779527
21
1.7393749212598424
0
LINE
8
BLACK
6
CONTINUOUS
10
2.0412239763779527
20
1.7393749212598424
11
2.0412239763779527
21
1.7393749999999999
0
LINE
8
BLACK
6
CONTINUOUS
10
2.0412239763779527
20
1.7393749999999999
11
2.0413385433070865
21
1.7403624409448819
0
LINE
8
BLACK
6
CONTINUOUS
10
2.0413385433070865
20
1.7403624409448819
11
2.0413385826771653
21
1.7403625590551182
0
LINE
8
BLACK
6
CONTINUOUS
10
2.0413385826771653
20
1.7403625590551182
11
2.0413385826771653
21
1.7529527559055118
0
LINE
8
BLACK
6
CONTINUOUS
10
2.0413385826771653
20
1.7529527559055118
11
2.0295275590551181
21
1.7529527559055118
0
LINE
8
BLACK
6
CONTINUOUS
10
2.0295275590551181
20
1.7529527559055118
11
2.0295275590551181
21
1.7421259842519685
0
LINE
8
BLACK
6
CONTINUOUS
10
1.8303149212598424
20
0.3374015748031496
11
1.8421259448818896
21
0.3374015748031496
0
LINE
8
BLACK
6
CONTINUOUS
10
1.8421259448818896
20
0.3374015748031496
11
1.8421259448818896
21
0.347244094488189
0
LINE
8
BLACK
6
CONTINUOUS
10
1.8421259448818896
20
0.347244094488189
11
1.8422943700787402
21
0.3498135039370079
0
LINE
8
BLACK
6
CONTINUOUS
10
1.8422943700787402
20
0.3498135039370079
11
1.84362437007874
21
0.3547772440944882
0
LINE
8
BLACK
6
CONTINUOUS
10
1.84362437007874
20
0.3547772440944882
11
1.8461937795275589
21
0.3592275984251969
0
LINE
8
BLACK
6
CONTINUOUS
10
1.8461937795275589
20
0.3592275984251969
11
1.8498274803149606
21
0.3628612992125984
0
LINE
8
BLACK
6
CONTINUOUS
10
1.8498274803149606
20
0.3628612992125984
11
1.851968464566929
21
0.3640974015748031
0
LINE
8
BLACK
6
CONTINUOUS
10
1.851968464566929
20
0.3640974015748031
11
1.851968464566929
21
0.3772583070866142
0
LINE
8
BLACK
6
CONTINUOUS
10
1.851968464566929
20
0.3772583070866142
11
1.8519684251968505
21
0.3772583070866142
0
LINE
8
BLACK
6
CONTINUOUS
10
1.8519684251968505
20
0.3772583070866142
11
1.8468921259842519
21
0.3751556299212598
0
LINE
8
BLACK
6
CONTINUOUS
10
1.8468921259842519
20
0.3751556299212598
11
1.8468917322834646
21
0.3751554330708661
0
LINE
8
BLACK
6
CONTINUOUS
10
1.8468917322834646
20
0.3751554330708661
11
1.8417334251968505
21
0.3717087401574803
0
LINE
8
BLACK
6
CONTINUOUS
10
1.8417334251968505
20
0.3717087401574803
11
1.8417332677165354
21
0.3717086220472441
0
LINE
8
BLACK
6
CONTINUOUS
10
1.8417332677165354
20
0.3717086220472441
11
1.8373464566929134
21
0.367321811023622
0
LINE
8
BLACK
6
CONTINUOUS
10
1.8373464566929134
20
0.367321811023622
11
1.8373463385826772
21
0.3673216535433071
0
LINE
8
BLACK
6
CONTINUOUS
10
1.8373463385826772
20
0.3673216535433071
11
1.8338996456692913
21
0.3621633464566929
0
LINE
8
BLACK
6
CONTINUOUS
10
1.8338996456692913
20
0.3621633464566929
11
1.8338994488188975
21
0.3621629921259842
0
LINE
8
BLACK
6
CONTINUOUS
10
1.8338994488188975
20
0.3621629921259842
11
1.8315252755905511
21
0.3564311811023622
0
LINE
8
BLACK
6
CONTINUOUS
10
1.8315252755905511
20
0.3564311811023622
11
1.8315251968503936
21
0.3564308661417322
0
LINE
8
BLACK
6
CONTINUOUS
10
1.8315251968503936
20
0.3564308661417322
11
1.8303149212598424
21
0.3503463779527559
0
LINE
8
BLACK
6
CONTINUOUS
10
1.8303149212598424
20
0.3503463779527559
11
1.8303149212598424
21
0.3374015748031496
0
LINE
8
BLACK
6
CONTINUOUS
10
2.1704724015748029
20
0.3374015748031496
11
2.1822834251968501
21
0.3374015748031496
0
LINE
8
BLACK
6
CONTINUOUS
10
2.1822834251968501
20
0.3374015748031496
11
2.1822834251968501
21
0.347244094488189
0
LINE
8
BLACK
6
CONTINUOUS
10
2.1822834251968501
20
0.347244094488189
11
2.1824518503937007
21
0.3498135039370079
0
LINE
8
BLACK
6
CONTINUOUS
10
2.1824518503937007
20
0.3498135039370079
11
2.1837818503937005
21
0.3547772440944882
0
LINE
8
BLACK
6
CONTINUOUS
10
2.1837818503937005
20
0.3547772440944882
11
2.1863512598425197
21
0.3592275984251969
0
LINE
8
BLACK
6
CONTINUOUS
10
2.1863512598425197
20
0.3592275984251969
11
2.1899849606299213
21
0.3628612992125984
0
LINE
8
BLACK
6
CONTINUOUS
10
2.1899849606299213
20
0.3628612992125984
11
2.1921259448818895
21
0.3640974015748031
0
LINE
8
BLACK
6
CONTINUOUS
10
2.1921259448818895
20
0.3640974015748031
11
2.1921259448818895
21
0.3772583070866142
0
LINE
8
BLACK
6
CONTINUOUS
10
2.1921259448818895
20
0.3772583070866142
11
2.1921259055118112
21
0.3772583070866142
0
LINE
8
BLACK
6
CONTINUOUS
10
2.1921259055118112
20
0.3772583070866142
11
2.1870496062992126
21
0.3751556299212598
0
LINE
8
BLACK
6
CONTINUOUS
10
2.1870496062992126
20
0.3751556299212598
11
2.1870492125984251
21
0.3751554330708661
0
LINE
8
BLACK
6
CONTINUOUS
10
2.1870492125984251
20
0.3751554330708661
11
2.181890905511811
21
0.3717087401574803
0
LINE
8
BLACK
6
CONTINUOUS
10
2.181890905511811
20
0.3717087401574803
11
2.181890748031496
21
0.3717086220472441
0
LINE
8
BLACK
6
CONTINUOUS
10
2.181890748031496
20
0.3717086220472441
11
2.1775039370078741
21
0.367321811023622
0
LINE
8
BLACK
6
CONTINUOUS
10
2.1775039370078741
20
0.367321811023622
11
2.1775038188976379
21
0.3673216535433071
0
LINE
8
BLACK
6
CONTINUOUS
10
2.1775038188976379
20
0.3673216535433071
11
2.1740571259842518
21
0.3621633464566929
0
LINE
8
BLACK
6
CONTINUOUS
10
2.1740571259842518
20
0.3621633464566929
11
2.1740569291338581
21
0.3621629921259842
0
LINE
8
BLACK
6
CONTINUOUS
10
2.1740569291338581
20
0.3621629921259842
11
2.1716827559055116
21
0.3564311811023622
0
LINE
8
BLACK
6
CONTINUOUS
10
2.1716827559055116
20
0.3564311811023622
11
2.1716826771653541
21
0.3564308661417322
0
LINE
8
BLACK
6
CONTINUOUS
10
2.1716826771653541
20
0.3564308661417322
11
2.1704724015748029
21
0.3503463779527559
0
LINE
8
BLACK
6
CONTINUOUS
10
2.1704724015748029
20
0.3503463779527559
11
2.1704724015748029
21
0.3374015748031496
0
LINE
8
BLACK
6
CONTINUOUS
10
0.7865354330708662
20
0.3417322834645669
11
0.7983464566929134
21
0.3417322834645669
0
LINE
8
BLACK
6
CONTINUOUS
10
0.7983464566929134
20
0.3417322834645669
11
0.7983464566929134
21
0.3618897637795275
0
LINE
8
BLACK
6
CONTINUOUS
10
0.7983464566929134
20
0.3618897637795275
11
0.818503937007874
21
0.3618897637795275
0
LINE
8
BLACK
6
CONTINUOUS
10
0.818503937007874
20
0.3618897637795275
11
0.818503937007874
21
0.3737007874015748
0
LINE
8
BLACK
6
CONTINUOUS
10
0.818503937007874
20
0.3737007874015748
11
0.7965832283464567
21
0.3737007874015748
0
LINE
8
BLACK
6
CONTINUOUS
10
0.7965832283464567
20
0.3737007874015748
11
0.7965823228346457
21
0.3737007086614173
0
LINE
8
BLACK
6
CONTINUOUS
10
0.7965823228346457
20
0.3737007086614173
11
0.7955956692913385
21
0.3735862992125984
0
LINE
8
BLACK
6
CONTINUOUS
10
0.7955956692913385
20
0.3735862992125984
11
0.7955955118110236
21
0.3735862598425197
0
LINE
8
BLACK
6
CONTINUOUS
10
0.7955955118110236
20
0.3735862598425197
11
0.7915561023622047
21
0.3718027165354331
0
LINE
8
BLACK
6
CONTINUOUS
10
0.7915561023622047
20
0.3718027165354331
11
0.791555905511811
21
0.3718025984251969
0
LINE
8
BLACK
6
CONTINUOUS
10
0.791555905511811
20
0.3718025984251969
11
0.7884336220472441
21
0.3686803149606299
0
LINE
8
BLACK
6
CONTINUOUS
10
0.7884336220472441
20
0.3686803149606299
11
0.7884335039370078
21
0.3686801181102362
0
LINE
8
BLACK
6
CONTINUOUS
10
0.7884335039370078
20
0.3686801181102362
11
0.78665
21
0.3646408661417323
0
LINE
8
BLACK
6
CONTINUOUS
10
0.78665
20
0.3646408661417323
11
0.78665
21
0.3646407874015748
0
LINE
8
BLACK
6
CONTINUOUS
10
0.78665
20
0.3646407874015748
11
0.7865354330708662
21
0.3636533464566929
0
LINE
8
BLACK
6
CONTINUOUS
10
0.7865354330708662
20
0.3636533464566929
11
0.7865354330708662
21
0.3417322834645669
0
LINE
8
BLACK
6
CONTINUOUS
10
1.6865354330708662
20
0.3417322834645669
11
1.6983464566929134
21
0.3417322834645669
0
LINE
8
BLACK
6
CONTINUOUS
10
1.6983464566929134
20
0.3417322834645669
11
1.6983464566929134
21
0.3618897637795275
0
LINE
8
BLACK
6
CONTINUOUS
10
1.6983464566929134
20
0.3618897637795275
11
1.7185039370078741
21
0.3618897637795275
0
LINE
8
BLACK
6
CONTINUOUS
10
1.7185039370078741
20
0.3618897637795275
11
1.7185039370078741
21
0.3737007874015748
0
LINE
8
BLACK
6
CONTINUOUS
10
1.7185039370078741
20
0.3737007874015748
11
1.6965832283464566
21
0.3737007874015748
0
LINE
8
BLACK
6
CONTINUOUS
10
1.6965832283464566
20
0.3737007874015748
11
1.6965823228346457
21
0.3737007086614173
0
LINE
8
BLACK
6
CONTINUOUS
10
1.6965823228346457
20
0.3737007086614173
11
1.6955956692913385
21
0.3735862992125984
0
LINE
8
BLACK
6
CONTINUOUS
10
1.6955956692913385
20
0.3735862992125984
11
1.6955955118110235
21
0.3735862598425197
0
LINE
8
BLACK
6
CONTINUOUS
10
1.6955955118110235
20
0.3735862598425197
11
1.6915561023622048
21
0.3718027165354331
0
LINE
8
BLACK
6
CONTINUOUS
10
1.6915561023622048
20
0.3718027165354331
11
1.691555905511811
21
0.3718025984251969
0
LINE
8
BLACK
6
CONTINUOUS
10
1.691555905511811
20
0.3718025984251969
11
1.688433622047244
21
0.3686803149606299
0
LINE
8
BLACK
6
CONTINUOUS
10
1.688433622047244
20
0.3686803149606299
11
1.6884335039370078
21
0.3686801181102362
0
LINE
8
BLACK
6
CONTINUOUS
10
1.6884335039370078
20
0.3686801181102362
11
1.68665
21
0.3646408661417323
0
LINE
8
BLACK
6
CONTINUOUS
10
1.68665
20
0.3646408661417323
11
1.68665
21
0.3646407874015748
0
LINE
8
BLACK
6
CONTINUOUS
10
1.68665
20
0.3646407874015748
11
1.6865354330708662
21
0.3636533464566929
0
LINE
8
BLACK
6
CONTINUOUS
10
1.6865354330708662
20
0.3636533464566929
11
1.6865354330708662
21
0.3417322834645669
0
LINE
8
BLACK
6
CONTINUOUS
10
0.7865354330708662
20
0.4417322834645669
11
0.7983464566929134
21
0.4417322834645669
0
LINE
8
BLACK
6
CONTINUOUS
10
0.7983464566929134
20
0.4417322834645669
11
0.7983464566929134
21
0.4618897637795276
0
LINE
8
BLACK
6
CONTINUOUS
10
0.7983464566929134
20
0.4618897637795276
11
0.818503937007874
21
0.4618897637795276
0
LINE
8
BLACK
6
CONTINUOUS
10
0.818503937007874
20
0.4618897637795276
11
0.818503937007874
21
0.4737007874015748
0
LINE
8
BLACK
6
CONTINUOUS
10
0.818503937007874
20
0.4737007874015748
11
0.7965832283464567
21
0.4737007874015748
0
LINE
8
BLACK
6
CONTINUOUS
10
0.7965832283464567
20
0.4737007874015748
11
0.7965823228346457
21
0.4737007086614173
0
LINE
8
BLACK
6
CONTINUOUS
10
0.7965823228346457
20
0.4737007086614173
11
0.7955956692913385
21
0.4735862992125984
0
LINE
8
BLACK
6
CONTINUOUS
10
0.7955956692913385
20
0.4735862992125984
11
0.7955955118110236
21
0.4735862598425197
0
LINE
8
BLACK
6
CONTINUOUS
10
0.7955955118110236
20
0.4735862598425197
11
0.7915561023622047
21
0.471802716535433
0
LINE
8
BLACK
6
CONTINUOUS
10
0.7915561023622047
20
0.471802716535433
11
0.791555905511811
21
0.4718025984251968
0
LINE
8
BLACK
6
CONTINUOUS
10
0.791555905511811
20
0.4718025984251968
11
0.7884336220472441
21
0.4686803149606299
0
LINE
8
BLACK
6
CONTINUOUS
10
0.7884336220472441
20
0.4686803149606299
11
0.7884335039370078
21
0.4686801181102362
0
LINE
8
BLACK
6
CONTINUOUS
10
0.7884335039370078
20
0.4686801181102362
11
0.78665
21
0.4646408661417323
0
LINE
8
BLACK
6
CONTINUOUS
10
0.78665
20
0.4646408661417323
11
0.78665
21
0.4646407874015748
0
LINE
8
BLACK
6
CONTINUOUS
10
0.78665
20
0.4646407874015748
11
0.7865354330708662
21
0.4636533464566929
0
LINE
8
BLACK
6
CONTINUOUS
10
0.7865354330708662
20
0.4636533464566929
11
0.7865354330708662
21
0.4417322834645669
0
LINE
8
BLACK
6
CONTINUOUS
10
1.6865354330708662
20
0.4417322834645669
11
1.6983464566929134
21
0.4417322834645669
0
LINE
8
BLACK
6
CONTINUOUS
10
1.6983464566929134
20
0.4417322834645669
11
1.6983464566929134
21
0.4618897637795276
0
LINE
8
BLACK
6
CONTINUOUS
10
1.6983464566929134
20
0.4618897637795276
11
1.7185039370078741
21
0.4618897637795276
0
LINE
8
BLACK
6
CONTINUOUS
10
1.7185039370078741
20
0.4618897637795276
11
1.7185039370078741
21
0.4737007874015748
0
LINE
8
BLACK
6
CONTINUOUS
10
1.7185039370078741
20
0.4737007874015748
11
1.6965832283464566
21
0.4737007874015748
0
LINE
8
BLACK
6
CONTINUOUS
10
1.6965832283464566
20
0.4737007874015748
11
1.6965823228346457
21
0.4737007086614173
0
LINE
8
BLACK
6
CONTINUOUS
10
1.6965823228346457
20
0.4737007086614173
11
1.6955956692913385
21
0.4735862992125984
0
LINE
8
BLACK
6
CONTINUOUS
10
1.6955956692913385
20
0.4735862992125984
11
1.6955955118110235
21
0.4735862598425197
0
LINE
8
BLACK
6
CONTINUOUS
10
1.6955955118110235
20
0.4735862598425197
11
1.6915561023622048
21
0.471802716535433
0
LINE
8
BLACK
6
CONTINUOUS
10
1.6915561023622048
20
0.471802716535433
11
1.691555905511811
21
0.4718025984251968
0
LINE
8
BLACK
6
CONTINUOUS
10
1.691555905511811
20
0.4718025984251968
11
1.688433622047244
21
0.4686803149606299
0
LINE
8
BLACK
6
CONTINUOUS
10
1.688433622047244
20
0.4686803149606299
11
1.6884335039370078
21
0.4686801181102362
0
LINE
8
BLACK
6
CONTINUOUS
10
1.6884335039370078
20
0.4686801181102362
11
1.68665
21
0.4646408661417323
0
LINE
8
BLACK
6
CONTINUOUS
10
1.68665
20
0.4646408661417323
11
1.68665
21
0.4646407874015748
0
LINE
8
BLACK
6
CONTINUOUS
10
1.68665
20
0.4646407874015748
11
1.6865354330708662
21
0.4636533464566929
0
LINE
8
BLACK
6
CONTINUOUS
10
1.6865354330708662
20
0.4636533464566929
11
1.6865354330708662
21
0.4417322834645669
0
LINE
8
BLACK
6
CONTINUOUS
10
2.1249803149606299
20
0.4697172047244094
11
2.1263405511811024
21
0.4646407874015748
0
LINE
8
BLACK
6
CONTINUOUS
10
2.1263405511811024
20
0.4646407874015748
11
2.1263902362204723
21
0.4644553149606299
0
LINE
8
BLACK
6
CONTINUOUS
10
2.1263902362204723
20
0.4644553149606299
11
2.126390275590551
21
0.4644551968503937
0
LINE
8
BLACK
6
CONTINUOUS
10
2.126390275590551
20
0.4644551968503937
11
2.1291138582677167
21
0.4597377559055118
0
LINE
8
BLACK
6
CONTINUOUS
10
2.1291138582677167
20
0.4597377559055118
11
2.1291139370078738
21
0.4597376377952756
0
LINE
8
BLACK
6
CONTINUOUS
10
2.1291139370078738
20
0.4597376377952756
11
2.1291139763779525
21
0.4597375984251968
0
LINE
8
BLACK
6
CONTINUOUS
10
2.1291139763779525
20
0.4597375984251968
11
2.1329659448818896
21
0.4558856299212598
0
LINE
8
BLACK
6
CONTINUOUS
10
2.1329659448818896
20
0.4558856299212598
11
2.1376836220472439
21
0.4531618897637795
0
LINE
8
BLACK
6
CONTINUOUS
10
2.1376836220472439
20
0.4531618897637795
11
2.1429455511811022
21
0.451751968503937
0
LINE
8
BLACK
6
CONTINUOUS
10
2.1429455511811022
20
0.451751968503937
11
2.1429456299212597
21
0.451751968503937
0
LINE
8
BLACK
6
CONTINUOUS
10
2.1429456299212597
20
0.451751968503937
11
2.1483929527559056
21
0.451751968503937
0
LINE
8
BLACK
6
CONTINUOUS
10
2.1483929527559056
20
0.451751968503937
11
2.1483930314960631
21
0.451751968503937
0
LINE
8
BLACK
6
CONTINUOUS
10
2.1483930314960631
20
0.451751968503937
11
2.1536549606299213
21
0.4531618897637795
0
LINE
8
BLACK
6
CONTINUOUS
10
2.1536549606299213
20
0.4531618897637795
11
2.1583726377952757
21
0.4558856299212598
0
LINE
8
BLACK
6
CONTINUOUS
10
2.1583726377952757
20
0.4558856299212598
11
2.1622246062992128
21
0.4597375984251968
0
LINE
8
BLACK
6
CONTINUOUS
10
2.1622246062992128
20
0.4597375984251968
11
2.164948346456693
21
0.4644552755905512
0
LINE
8
BLACK
6
CONTINUOUS
10
2.164948346456693
20
0.4644552755905512
11
2.1663582677165354
21
0.4697172047244094
0
LINE
8
BLACK
6
CONTINUOUS
10
2.1663582677165354
20
0.4697172047244094
11
2.1663582677165354
21
0.4731229921259842
0
LINE
8
BLACK
6
CONTINUOUS
10
2.1663582677165354
20
0.4731229921259842
11
2.1671332677165354
21
0.4757623228346456
0
LINE
8
BLACK
6
CONTINUOUS
10
2.1671332677165354
20
0.4757623228346456
11
2.1692121653543306
21
0.4775637007874016
0
LINE
8
BLACK
6
CONTINUOUS
10
2.1692121653543306
20
0.4775637007874016
11
2.1719349212598424
21
0.4779551968503937
0
LINE
8
BLACK
6
CONTINUOUS
10
2.1719349212598424
20
0.4779551968503937
11
2.1731083858267715
21
0.4776332677165354
0
LINE
8
BLACK
6
CONTINUOUS
10
2.1731083858267715
20
0.4776332677165354
11
2.173425157480315
21
0.4775020472440945
0
LINE
8
BLACK
6
CONTINUOUS
10
2.173425157480315
20
0.4775020472440945
11
2.1812991732283464
21
0.485376062992126
0
LINE
8
BLACK
6
CONTINUOUS
10
2.1812991732283464
20
0.485376062992126
11
2.1812991732283464
21
0.4988759448818897
0
LINE
8
BLACK
6
CONTINUOUS
10
2.1812991732283464
20
0.4988759448818897
11
2.173425157480315
21
0.5067499606299213
0
LINE
8
BLACK
6
CONTINUOUS
10
2.173425157480315
20
0.5067499606299213
11
2.173425157480315
21
0.4839638188976378
0
LINE
8
BLACK
6
CONTINUOUS
10
2.173425157480315
20
0.4839638188976378
11
2.172650157480315
21
0.4813244881889764
0
LINE
8
BLACK
6
CONTINUOUS
10
2.172650157480315
20
0.4813244881889764
11
2.1705712598425198
21
0.4795231102362205
0
LINE
8
BLACK
6
CONTINUOUS
10
2.1705712598425198
20
0.4795231102362205
11
2.1678485039370079
21
0.4791316141732284
0
LINE
8
BLACK
6
CONTINUOUS
10
2.1678485039370079
20
0.4791316141732284
11
2.1653462992125982
21
0.4802743307086614
0
LINE
8
BLACK
6
CONTINUOUS
10
2.1653462992125982
20
0.4802743307086614
11
2.164315433070866
21
0.481522874015748
0
LINE
8
BLACK
6
CONTINUOUS
10
2.164315433070866
20
0.481522874015748
11
2.1622246850393698
21
0.4851441732283465
0
LINE
8
BLACK
6
CONTINUOUS
10
2.1622246850393698
20
0.4851441732283465
11
2.1622245275590553
21
0.4851443700787402
0
LINE
8
BLACK
6
CONTINUOUS
10
2.1622245275590553
20
0.4851443700787402
11
2.1583726377952757
21
0.4889962598425197
0
LINE
8
BLACK
6
CONTINUOUS
10
2.1583726377952757
20
0.4889962598425197
11
2.1583724803149607
21
0.4889963779527559
0
LINE
8
BLACK
6
CONTINUOUS
10
2.1583724803149607
20
0.4889963779527559
11
2.1536550393700788
21
0.4917199606299212
0
LINE
8
BLACK
6
CONTINUOUS
10
2.1536550393700788
20
0.4917199606299212
11
2.1536550000000001
21
0.49172
0
LINE
8
BLACK
6
CONTINUOUS
10
2.1536550000000001
20
0.49172
11
2.1536549606299213
21
0.49172
0
LINE
8
BLACK
6
CONTINUOUS
10
2.1536549606299213
20
0.49172
11
2.1483930314960631
21
0.4931299212598425
0
LINE
8
BLACK
6
CONTINUOUS
10
2.1483930314960631
20
0.4931299212598425
11
2.1429455511811022
21
0.4931299212598425
0
LINE
8
BLACK
6
CONTINUOUS
10
2.1429455511811022
20
0.4931299212598425
11
2.1376836220472439
21
0.49172
0
LINE
8
BLACK
6
CONTINUOUS
10
2.1376836220472439
20
0.49172
11
2.1376835039370077
21
0.4917199606299212
0
LINE
8
BLACK
6
CONTINUOUS
10
2.1376835039370077
20
0.4917199606299212
11
2.1329660629921259
21
0.4889963779527559
0
LINE
8
BLACK
6
CONTINUOUS
10
2.1329660629921259
20
0.4889963779527559
11
2.1329659448818896
21
0.4889962598425197
0
LINE
8
BLACK
6
CONTINUOUS
10
2.1329659448818896
20
0.4889962598425197
11
2.1291140157480313
21
0.4851443700787402
0
LINE
8
BLACK
6
CONTINUOUS
10
2.1291140157480313
20
0.4851443700787402
11
2.1291138582677167
21
0.4851441732283465
0
LINE
8
BLACK
6
CONTINUOUS
10
2.1291138582677167
20
0.4851441732283465
11
2.126390275590551
21
0.4804267322834646
0
LINE
8
BLACK
6
CONTINUOUS
10
2.126390275590551
20
0.4804267322834646
11
2.1263902362204723
21
0.4804266141732284
0
LINE
8
BLACK
6
CONTINUOUS
10
2.1263902362204723
20
0.4804266141732284
11
2.1249803149606299
21
0.4751646850393701
0
LINE
8
BLACK
6
CONTINUOUS
10
2.1249803149606299
20
0.4751646850393701
11
2.1249803149606299
21
0.4697172047244094
0
LINE
8
BLACK
6
CONTINUOUS
10
1.8411416929133857
20
0.485376062992126
11
1.8411416929133857
21
0.4988759448818897
0
LINE
8
BLACK
6
CONTINUOUS
10
1.8411416929133857
20
0.4988759448818897
11
1.8332676771653542
21
0.5067499606299213
0
LINE
8
BLACK
6
CONTINUOUS
10
1.8332676771653542
20
0.5067499606299213
11
1.8332676771653542
21
0.4775020472440945
0
LINE
8
BLACK
6
CONTINUOUS
10
1.8332676771653542
20
0.4775020472440945
11
1.8411416929133857
21
0.485376062992126
0
LINE
8
BLACK
6
CONTINUOUS
10
1.8385287007874016
20
0.5293275984251968
11
1.844338779527559
21
0.5235175590551181
0
LINE
8
BLACK
6
CONTINUOUS
10
1.844338779527559
20
0.5235175590551181
11
1.8454129133858268
21
0.5253779527559055
0
LINE
8
BLACK
6
CONTINUOUS
10
1.8454129133858268
20
0.5253779527559055
11
1.8492283070866142
21
0.5291933464566929
0
LINE
8
BLACK
6
CONTINUOUS
10
1.8492283070866142
20
0.5291933464566929
11
1.8539011811023622
21
0.531891220472441
0
LINE
8
BLACK
6
CONTINUOUS
10
1.8539011811023622
20
0.531891220472441
11
1.8591131102362204
21
0.5332877559055118
0
LINE
8
BLACK
6
CONTINUOUS
10
1.8591131102362204
20
0.5332877559055118
11
1.8645088582677165
21
0.5332877559055118
0
LINE
8
BLACK
6
CONTINUOUS
10
1.8645088582677165
20
0.5332877559055118
11
1.8697207874015747
21
0.531891220472441
0
LINE
8
BLACK
6
CONTINUOUS
10
1.8697207874015747
20
0.531891220472441
11
1.8743936614173229
21
0.5291933464566929
0
LINE
8
BLACK
6
CONTINUOUS
10
1.8743936614173229
20
0.5291933464566929
11
1.8782090551181101
21
0.5253779527559055
0
LINE
8
BLACK
6
CONTINUOUS
10
1.8782090551181101
20
0.5253779527559055
11
1.8792831102362204
21
0.5235175984251969
0
LINE
8
BLACK
6
CONTINUOUS
10
1.8792831102362204
20
0.5235175984251969
11
1.8850931496062993
21
0.5293275984251968
0
LINE
8
BLACK
6
CONTINUOUS
10
1.8850931496062993
20
0.5293275984251968
11
1.8850931496062993
21
0.5293276377952756
0
LINE
8
BLACK
6
CONTINUOUS
10
1.8850931496062993
20
0.5293276377952756
11
1.8839820078740157
21
0.5309905905511811
0
LINE
8
BLACK
6
CONTINUOUS
10
1.8839820078740157
20
0.5309905905511811
11
1.8839818897637794
21
0.530990748031496
0
LINE
8
BLACK
6
CONTINUOUS
10
1.8839818897637794
20
0.530990748031496
11
1.8800064173228346
21
0.5349662204724409
0
LINE
8
BLACK
6
CONTINUOUS
10
1.8800064173228346
20
0.5349662204724409
11
1.8800062598425196
21
0.5349663385826772
0
LINE
8
BLACK
6
CONTINUOUS
10
1.8800062598425196
20
0.5349663385826772
11
1.8753315354330709
21
0.5380899212598426
0
LINE
8
BLACK
6
CONTINUOUS
10
1.8753315354330709
20
0.5380899212598426
11
1.8753311811023621
21
0.5380901181102362
0
LINE
8
BLACK
6
CONTINUOUS
10
1.8753311811023621
20
0.5380901181102362
11
1.8701367716535433
21
0.5402416929133859
0
LINE
8
BLACK
6
CONTINUOUS
10
1.8701367716535433
20
0.5402416929133859
11
1.8701364566929133
21
0.5402417716535433
0
LINE
8
BLACK
6
CONTINUOUS
10
1.8701364566929133
20
0.5402417716535433
11
1.8646224015748032
21
0.5413385826771654
0
LINE
8
BLACK
6
CONTINUOUS
10
1.8646224015748032
20
0.5413385826771654
11
1.8589995275590552
21
0.5413385826771654
0
LINE
8
BLACK
6
CONTINUOUS
10
1.8589995275590552
20
0.5413385826771654
11
1.8534854724409449
21
0.5402417716535433
0
LINE
8
BLACK
6
CONTINUOUS
10
1.8534854724409449
20
0.5402417716535433
11
1.8534851574803148
21
0.5402416929133859
0
LINE
8
BLACK
6
CONTINUOUS
10
1.8534851574803148
20
0.5402416929133859
11
1.8482907480314961
21
0.5380901181102362
0
LINE
8
BLACK
6
CONTINUOUS
10
1.8482907480314961
20
0.5380901181102362
11
1.8482903937007873
21
0.5380899212598426
0
LINE
8
BLACK
6
CONTINUOUS
10
1.8482903937007873
20
0.5380899212598426
11
1.8436157086614173
21
0.5349663779527559
0
LINE
8
BLACK
6
CONTINUOUS
10
1.8436157086614173
20
0.5349663779527559
11
1.8396398425196849
21
0.5309904724409449
0
LINE
8
BLACK
6
CONTINUOUS
10
1.8396398425196849
20
0.5309904724409449
11
1.8396398031496062
21
0.5309903937007874
0
LINE
8
BLACK
6
CONTINUOUS
10
1.8396398031496062
20
0.5309903937007874
11
1.8385287007874016
21
0.5293276377952756
0
LINE
8
BLACK
6
CONTINUOUS
10
1.8385287007874016
20
0.5293276377952756
11
1.8385287007874016
21
0.5293275984251968
0
LINE
8
BLACK
6
CONTINUOUS
10
2.1786861811023623
20
0.5293275984251968
11
2.1844962598425197
21
0.5235175590551181
0
LINE
8
BLACK
6
CONTINUOUS
10
2.1844962598425197
20
0.5235175590551181
11
2.1855703937007873
21
0.5253779527559055
0
LINE
8
BLACK
6
CONTINUOUS
10
2.1855703937007873
20
0.5253779527559055
11
2.1893857874015747
21
0.5291933464566929
0
LINE
8
BLACK
6
CONTINUOUS
10
2.1893857874015747
20
0.5291933464566929
11
2.1940586614173228
21
0.531891220472441
0
LINE
8
BLACK
6
CONTINUOUS
10
2.1940586614173228
20
0.531891220472441
11
2.1992705905511811
21
0.5332877559055118
0
LINE
8
BLACK
6
CONTINUOUS
10
2.1992705905511811
20
0.5332877559055118
11
2.204666338582677
21
0.5332877559055118
0
LINE
8
BLACK
6
CONTINUOUS
10
2.204666338582677
20
0.5332877559055118
11
2.2098782677165354
21
0.531891220472441
0
LINE
8
BLACK
6
CONTINUOUS
10
2.2098782677165354
20
0.531891220472441
11
2.2145511417322834
21
0.5291933464566929
0
LINE
8
BLACK
6
CONTINUOUS
10
2.2145511417322834
20
0.5291933464566929
11
2.2183665354330708
21
0.5253779527559055
0
LINE
8
BLACK
6
CONTINUOUS
10
2.2183665354330708
20
0.5253779527559055
11
2.2194405905511809
21
0.5235175984251969
0
LINE
8
BLACK
6
CONTINUOUS
10
2.2194405905511809
20
0.5235175984251969
11
2.22525062992126
21
0.5293275984251968
0
LINE
8
BLACK
6
CONTINUOUS
10
2.22525062992126
20
0.5293275984251968
11
2.22525062992126
21
0.5293276377952756
0
LINE
8
BLACK
6
CONTINUOUS
10
2.22525062992126
20
0.5293276377952756
11
2.2241394881889764
21
0.5309905905511811
0
LINE
8
BLACK
6
CONTINUOUS
10
2.2241394881889764
20
0.5309905905511811
11
2.2241393700787402
21
0.530990748031496
0
LINE
8
BLACK
6
CONTINUOUS
10
2.2241393700787402
20
0.530990748031496
11
2.2201638976377951
21
0.5349662204724409
0
LINE
8
BLACK
6
CONTINUOUS
10
2.2201638976377951
20
0.5349662204724409
11
2.2201637401574801
21
0.5349663385826772
0
LINE
8
BLACK
6
CONTINUOUS
10
2.2201637401574801
20
0.5349663385826772
11
2.2154890157480316
21
0.5380899212598426
0
LINE
8
BLACK
6
CONTINUOUS
10
2.2154890157480316
20
0.5380899212598426
11
2.2154886614173228
21
0.5380901181102362
0
LINE
8
BLACK
6
CONTINUOUS
10
2.2154886614173228
20
0.5380901181102362
11
2.210294251968504
21
0.5402416929133859
0
LINE
8
BLACK
6
CONTINUOUS
10
2.210294251968504
20
0.5402416929133859
11
2.210293937007874
21
0.5402417716535433
0
LINE
8
BLACK
6
CONTINUOUS
10
2.210293937007874
20
0.5402417716535433
11
2.2047798818897637
21
0.5413385826771654
0
LINE
8
BLACK
6
CONTINUOUS
10
2.2047798818897637
20
0.5413385826771654
11
2.1991570078740157
21
0.5413385826771654
0
LINE
8
BLACK
6
CONTINUOUS
10
2.1991570078740157
20
0.5413385826771654
11
2.1936429527559054
21
0.5402417716535433
0
LINE
8
BLACK
6
CONTINUOUS
10
2.1936429527559054
20
0.5402417716535433
11
2.1936426377952754
21
0.5402416929133859
0
LINE
8
BLACK
6
CONTINUOUS
10
2.1936426377952754
20
0.5402416929133859
11
2.1884482283464566
21
0.5380901181102362
0
LINE
8
BLACK
6
CONTINUOUS
10
2.1884482283464566
20
0.5380901181102362
11
2.1884478740157478
21
0.5380899212598426
0
LINE
8
BLACK
6
CONTINUOUS
10
2.1884478740157478
20
0.5380899212598426
11
2.1837731889763781
21
0.5349663779527559
0
LINE
8
BLACK
6
CONTINUOUS
10
2.1837731889763781
20
0.5349663779527559
11
2.1797973228346454
21
0.5309904724409449
0
LINE
8
BLACK
6
CONTINUOUS
10
2.1797973228346454
20
0.5309904724409449
11
2.1797972834645667
21
0.5309903937007874
0
LINE
8
BLACK
6
CONTINUOUS
10
2.1797972834645667
20
0.5309903937007874
11
2.1786861811023623
21
0.5293276377952756
0
LINE
8
BLACK
6
CONTINUOUS
10
2.1786861811023623
20
0.5293276377952756
11
2.1786861811023623
21
0.5293275984251968
0
LINE
8
BLACK
6
CONTINUOUS
10
1.5881101968503937
20
0.6303149606299212
11
1.5999212204724409
21
0.6303149606299212
0
LINE
8
BLACK
6
CONTINUOUS
10
1.5999212204724409
20
0.6303149606299212
11
1.5999212204724409
21
0.6504724409448819
0
LINE
8
BLACK
6
CONTINUOUS
10
1.5999212204724409
20
0.6504724409448819
11
1.6200787007874016
21
0.6504724409448819
0
LINE
8
BLACK
6
CONTINUOUS
10
1.6200787007874016
20
0.6504724409448819
11
1.6200787007874016
21
0.6622834645669291
0
LINE
8
BLACK
6
CONTINUOUS
10
1.6200787007874016
20
0.6622834645669291
11
1.5981579921259843
21
0.6622834645669291
0
LINE
8
BLACK
6
CONTINUOUS
10
1.5981579921259843
20
0.6622834645669291
11
1.5981570866141732
21
0.6622833858267716
0
LINE
8
BLACK
6
CONTINUOUS
10
1.5981570866141732
20
0.6622833858267716
11
1.597170433070866
21
0.6621689763779527
0
LINE
8
BLACK
6
CONTINUOUS
10
1.597170433070866
20
0.6621689763779527
11
1.5971702755905512
21
0.662168937007874
0
LINE
8
BLACK
6
CONTINUOUS
10
1.5971702755905512
20
0.662168937007874
11
1.5931308661417323
21
0.6603853937007874
0
LINE
8
BLACK
6
CONTINUOUS
10
1.5931308661417323
20
0.6603853937007874
11
1.5931306692913385
21
0.6603852755905512
0
LINE
8
BLACK
6
CONTINUOUS
10
1.5931306692913385
20
0.6603852755905512
11
1.5900083858267715
21
0.6572629921259843
0
LINE
8
BLACK
6
CONTINUOUS
10
1.5900083858267715
20
0.6572629921259843
11
1.5900082677165355
21
0.6572627952755905
0
LINE
8
BLACK
6
CONTINUOUS
10
1.5900082677165355
20
0.6572627952755905
11
1.5882247637795275
21
0.6532235433070867
0
LINE
8
BLACK
6
CONTINUOUS
10
1.5882247637795275
20
0.6532235433070867
11
1.5882247637795275
21
0.6532234645669291
0
LINE
8
BLACK
6
CONTINUOUS
10
1.5882247637795275
20
0.6532234645669291
11
1.5881101968503937
21
0.6522360236220472
0
LINE
8
BLACK
6
CONTINUOUS
10
1.5881101968503937
20
0.6522360236220472
11
1.5881101968503937
21
0.6303149606299212
0
LINE
8
BLACK
6
CONTINUOUS
10
0.2770866141732283
20
0.6633858267716535
11
0.2888976377952756
21
0.6633858267716535
0
LINE
8
BLACK
6
CONTINUOUS
10
0.2888976377952756
20
0.6633858267716535
11
0.2888976377952756
21
0.6835433070866141
0
LINE
8
BLACK
6
CONTINUOUS
10
0.2888976377952756
20
0.6835433070866141
11
0.3090551181102362
21
0.6835433070866141
0
LINE
8
BLACK
6
CONTINUOUS
10
0.3090551181102362
20
0.6835433070866141
11
0.3090551181102362
21
0.6953543307086614
0
LINE
8
BLACK
6
CONTINUOUS
10
0.3090551181102362
20
0.6953543307086614
11
0.2871344094488189
21
0.6953543307086614
0
LINE
8
BLACK
6
CONTINUOUS
10
0.2871344094488189
20
0.6953543307086614
11
0.2871335039370079
21
0.6953542519685039
0
LINE
8
BLACK
6
CONTINUOUS
10
0.2871335039370079
20
0.6953542519685039
11
0.2861468503937008
21
0.6952398425196851
0
LINE
8
BLACK
6
CONTINUOUS
10
0.2861468503937008
20
0.6952398425196851
11
0.2861466929133858
21
0.6952398031496063
0
LINE
8
BLACK
6
CONTINUOUS
10
0.2861466929133858
20
0.6952398031496063
11
0.2821072834645669
21
0.6934562598425197
0
LINE
8
BLACK
6
CONTINUOUS
10
0.2821072834645669
20
0.6934562598425197
11
0.2821070866141732
21
0.6934561417322834
0
LINE
8
BLACK
6
CONTINUOUS
10
0.2821070866141732
20
0.6934561417322834
11
0.2789848031496063
21
0.6903338582677165
0
LINE
8
BLACK
6
CONTINUOUS
10
0.2789848031496063
20
0.6903338582677165
11
0.2789846850393701
21
0.6903336614173228
0
LINE
8
BLACK
6
CONTINUOUS
10
0.2789846850393701
20
0.6903336614173228
11
0.2772011811023622
21
0.6862944094488189
0
LINE
8
BLACK
6
CONTINUOUS
10
0.2772011811023622
20
0.6862944094488189
11
0.2772011811023622
21
0.6862943307086614
0
LINE
8
BLACK
6
CONTINUOUS
10
0.2772011811023622
20
0.6862943307086614
11
0.2770866141732283
21
0.6853068897637795
0
LINE
8
BLACK
6
CONTINUOUS
10
0.2770866141732283
20
0.6853068897637795
11
0.2770866141732283
21
0.6633858267716535
0
LINE
8
BLACK
6
CONTINUOUS
10
0.3770866141732284
20
0.6633858267716535
11
0.3888976377952756
21
0.6633858267716535
0
LINE
8
BLACK
6
CONTINUOUS
10
0.3888976377952756
20
0.6633858267716535
11
0.3888976377952756
21
0.6835433070866141
0
LINE
8
BLACK
6
CONTINUOUS
10
0.3888976377952756
20
0.6835433070866141
11
0.4090551181102362
21
0.6835433070866141
0
LINE
8
BLACK
6
CONTINUOUS
10
0.4090551181102362
20
0.6835433070866141
11
0.4090551181102362
21
0.6953543307086614
0
LINE
8
BLACK
6
CONTINUOUS
10
0.4090551181102362
20
0.6953543307086614
11
0.3871344094488189
21
0.6953543307086614
0
LINE
8
BLACK
6
CONTINUOUS
10
0.3871344094488189
20
0.6953543307086614
11
0.3871335039370079
21
0.6953542519685039
0
LINE
8
BLACK
6
CONTINUOUS
10
0.3871335039370079
20
0.6953542519685039
11
0.3861468503937008
21
0.6952398425196851
0
LINE
8
BLACK
6
CONTINUOUS
10
0.3861468503937008
20
0.6952398425196851
11
0.3861466929133858
21
0.6952398031496063
0
LINE
8
BLACK
6
CONTINUOUS
10
0.3861466929133858
20
0.6952398031496063
11
0.3821072834645669
21
0.6934562598425197
0
LINE
8
BLACK
6
CONTINUOUS
10
0.3821072834645669
20
0.6934562598425197
11
0.3821070866141732
21
0.6934561417322834
0
LINE
8
BLACK
6
CONTINUOUS
10
0.3821070866141732
20
0.6934561417322834
11
0.3789848031496063
21
0.6903338582677165
0
LINE
8
BLACK
6
CONTINUOUS
10
0.3789848031496063
20
0.6903338582677165
11
0.3789846850393701
21
0.6903336614173228
0
LINE
8
BLACK
6
CONTINUOUS
10
0.3789846850393701
20
0.6903336614173228
11
0.3772011811023622
21
0.6862944094488189
0
LINE
8
BLACK
6
CONTINUOUS
10
0.3772011811023622
20
0.6862944094488189
11
0.3772011811023622
21
0.6862943307086614
0
LINE
8
BLACK
6
CONTINUOUS
10
0.3772011811023622
20
0.6862943307086614
11
0.3770866141732284
21
0.6853068897637795
0
LINE
8
BLACK
6
CONTINUOUS
10
0.3770866141732284
20
0.6853068897637795
11
0.3770866141732284
21
0.6633858267716535
0
LINE
8
BLACK
6
CONTINUOUS
10
0.7849605905511811
20
0.8303149606299213
11
0.7967716141732283
21
0.8303149606299213
0
LINE
8
BLACK
6
CONTINUOUS
10
0.7967716141732283
20
0.8303149606299213
11
0.7967716141732283
21
0.8504724409448818
0
LINE
8
BLACK
6
CONTINUOUS
10
0.7967716141732283
20
0.8504724409448818
11
0.816929094488189
21
0.8504724409448818
0
LINE
8
BLACK
6
CONTINUOUS
10
0.816929094488189
20
0.8504724409448818
11
0.816929094488189
21
0.8622834645669291
0
LINE
8
BLACK
6
CONTINUOUS
10
0.816929094488189
20
0.8622834645669291
11
0.7950083858267717
21
0.8622834645669291
0
LINE
8
BLACK
6
CONTINUOUS
10
0.7950083858267717
20
0.8622834645669291
11
0.7950074803149606
21
0.8622833858267717
0
LINE
8
BLACK
6
CONTINUOUS
10
0.7950074803149606
20
0.8622833858267717
11
0.7940208267716535
21
0.8621689763779528
0
LINE
8
BLACK
6
CONTINUOUS
10
0.7940208267716535
20
0.8621689763779528
11
0.7940206692913385
21
0.862168937007874
0
LINE
8
BLACK
6
CONTINUOUS
10
0.7940206692913385
20
0.862168937007874
11
0.7899812598425197
21
0.8603853937007874
0
LINE
8
BLACK
6
CONTINUOUS
10
0.7899812598425197
20
0.8603853937007874
11
0.789981062992126
21
0.8603852755905511
0
LINE
8
BLACK
6
CONTINUOUS
10
0.789981062992126
20
0.8603852755905511
11
0.786858779527559
21
0.8572629921259842
0
LINE
8
BLACK
6
CONTINUOUS
10
0.786858779527559
20
0.8572629921259842
11
0.7868586614173229
21
0.8572627952755906
0
LINE
8
BLACK
6
CONTINUOUS
10
0.7868586614173229
20
0.8572627952755906
11
0.785075157480315
21
0.8532235433070866
0
LINE
8
BLACK
6
CONTINUOUS
10
0.785075157480315
20
0.8532235433070866
11
0.785075157480315
21
0.8532234645669291
0
LINE
8
BLACK
6
CONTINUOUS
10
0.785075157480315
20
0.8532234645669291
11
0.7849605905511811
21
0.8522360236220472
0
LINE
8
BLACK
6
CONTINUOUS
10
0.7849605905511811
20
0.8522360236220472
11
0.7849605905511811
21
0.8303149606299213
0
LINE
8
BLACK
6
CONTINUOUS
10
1.5881101968503937
20
0.8303149606299213
11
1.5999212204724409
21
0.8303149606299213
0
LINE
8
BLACK
6
CONTINUOUS
10
1.5999212204724409
20
0.8303149606299213
11
1.5999212204724409
21
0.8504724409448818
0
LINE
8
BLACK
6
CONTINUOUS
10
1.5999212204724409
20
0.8504724409448818
11
1.6200787007874016
21
0.8504724409448818
0
LINE
8
BLACK
6
CONTINUOUS
10
1.6200787007874016
20
0.8504724409448818
11
1.6200787007874016
21
0.8622834645669291
0
LINE
8
BLACK
6
CONTINUOUS
10
1.6200787007874016
20
0.8622834645669291
11
1.5981579921259843
21
0.8622834645669291
0
LINE
8
BLACK
6
CONTINUOUS
10
1.5981579921259843
20
0.8622834645669291
11
1.5981570866141732
21
0.8622833858267717
0
LINE
8
BLACK
6
CONTINUOUS
10
1.5981570866141732
20
0.8622833858267717
11
1.597170433070866
21
0.8621689763779528
0
LINE
8
BLACK
6
CONTINUOUS
10
1.597170433070866
20
0.8621689763779528
11
1.5971702755905512
21
0.862168937007874
0
LINE
8
BLACK
6
CONTINUOUS
10
1.5971702755905512
20
0.862168937007874
11
1.5931308661417323
21
0.8603853937007874
0
LINE
8
BLACK
6
CONTINUOUS
10
1.5931308661417323
20
0.8603853937007874
11
1.5931306692913385
21
0.8603852755905511
0
LINE
8
BLACK
6
CONTINUOUS
10
1.5931306692913385
20
0.8603852755905511
11
1.5900083858267715
21
0.8572629921259842
0
LINE
8
BLACK
6
CONTINUOUS
10
1.5900083858267715
20
0.8572629921259842
11
1.5900082677165355
21
0.8572627952755906
0
LINE
8
BLACK
6
CONTINUOUS
10
1.5900082677165355
20
0.8572627952755906
11
1.5882247637795275
21
0.8532235433070866
0
LINE
8
BLACK
6
CONTINUOUS
10
1.5882247637795275
20
0.8532235433070866
11
1.5882247637795275
21
0.8532234645669291
0
LINE
8
BLACK
6
CONTINUOUS
10
1.5882247637795275
20
0.8532234645669291
11
1.5881101968503937
21
0.8522360236220472
0
LINE
8
BLACK
6
CONTINUOUS
10
1.5881101968503937
20
0.8522360236220472
11
1.5881101968503937
21
0.8303149606299213
0
LINE
8
BLACK
6
CONTINUOUS
10
0.2770866141732283
20
0.8633858267716535
11
0.2888976377952756
21
0.8633858267716535
0
LINE
8
BLACK
6
CONTINUOUS
10
0.2888976377952756
20
0.8633858267716535
11
0.2888976377952756
21
0.8835433070866141
0
LINE
8
BLACK
6
CONTINUOUS
10
0.2888976377952756
20
0.8835433070866141
11
0.3090551181102362
21
0.8835433070866141
0
LINE
8
BLACK
6
CONTINUOUS
10
0.3090551181102362
20
0.8835433070866141
11
0.3090551181102362
21
0.8953543307086614
0
LINE
8
BLACK
6
CONTINUOUS
10
0.3090551181102362
20
0.8953543307086614
11
0.2871344094488189
21
0.8953543307086614
0
LINE
8
BLACK
6
CONTINUOUS
10
0.2871344094488189
20
0.8953543307086614
11
0.2871335039370079
21
0.8953542519685039
0
LINE
8
BLACK
6
CONTINUOUS
10
0.2871335039370079
20
0.8953542519685039
11
0.2861468503937008
21
0.895239842519685
0
LINE
8
BLACK
6
CONTINUOUS
10
0.2861468503937008
20
0.895239842519685
11
0.2861466929133858
21
0.8952398031496063
0
LINE
8
BLACK
6
CONTINUOUS
10
0.2861466929133858
20
0.8952398031496063
11
0.2821072834645669
21
0.8934562598425196
0
LINE
8
BLACK
6
CONTINUOUS
10
0.2821072834645669
20
0.8934562598425196
11
0.2821070866141732
21
0.8934561417322835
0
LINE
8
BLACK
6
CONTINUOUS
10
0.2821070866141732
20
0.8934561417322835
11
0.2789848031496063
21
0.8903338582677165
0
LINE
8
BLACK
6
CONTINUOUS
10
0.2789848031496063
20
0.8903338582677165
11
0.2789846850393701
21
0.8903336614173228
0
LINE
8
BLACK
6
CONTINUOUS
10
0.2789846850393701
20
0.8903336614173228
11
0.2772011811023622
21
0.8862944094488189
0
LINE
8
BLACK
6
CONTINUOUS
10
0.2772011811023622
20
0.8862944094488189
11
0.2772011811023622
21
0.8862943307086614
0
LINE
8
BLACK
6
CONTINUOUS
10
0.2772011811023622
20
0.8862943307086614
11
0.2770866141732283
21
0.8853068897637795
0
LINE
8
BLACK
6
CONTINUOUS
10
0.2770866141732283
20
0.8853068897637795
11
0.2770866141732283
21
0.8633858267716535
0
LINE
8
BLACK
6
CONTINUOUS
10
0.3770866141732284
20
0.8633858267716535
11
0.3888976377952756
21
0.8633858267716535
0
LINE
8
BLACK
6
CONTINUOUS
10
0.3888976377952756
20
0.8633858267716535
11
0.3888976377952756
21
0.8835433070866141
0
LINE
8
BLACK
6
CONTINUOUS
10
0.3888976377952756
20
0.8835433070866141
11
0.4090551181102362
21
0.8835433070866141
0
LINE
8
BLACK
6
CONTINUOUS
10
0.4090551181102362
20
0.8835433070866141
11
0.4090551181102362
21
0.8953543307086614
0
LINE
8
BLACK
6
CONTINUOUS
10
0.4090551181102362
20
0.8953543307086614
11
0.3871344094488189
21
0.8953543307086614
0
LINE
8
BLACK
6
CONTINUOUS
10
0.3871344094488189
20
0.8953543307086614
11
0.3871335039370079
21
0.8953542519685039
0
LINE
8
BLACK
6
CONTINUOUS
10
0.3871335039370079
20
0.8953542519685039
11
0.3861468503937008
21
0.895239842519685
0
LINE
8
BLACK
6
CONTINUOUS
10
0.3861468503937008
20
0.895239842519685
11
0.3861466929133858
21
0.8952398031496063
0
LINE
8
BLACK
6
CONTINUOUS
10
0.3861466929133858
20
0.8952398031496063
11
0.3821072834645669
21
0.8934562598425196
0
LINE
8
BLACK
6
CONTINUOUS
10
0.3821072834645669
20
0.8934562598425196
11
0.3821070866141732
21
0.8934561417322835
0
LINE
8
BLACK
6
CONTINUOUS
10
0.3821070866141732
20
0.8934561417322835
11
0.3789848031496063
21
0.8903338582677165
0
LINE
8
BLACK
6
CONTINUOUS
10
0.3789848031496063
20
0.8903338582677165
11
0.3789846850393701
21
0.8903336614173228
0
LINE
8
BLACK
6
CONTINUOUS
10
0.3789846850393701
20
0.8903336614173228
11
0.3772011811023622
21
0.8862944094488189
0
LINE
8
BLACK
6
CONTINUOUS
10
0.3772011811023622
20
0.8862944094488189
11
0.3772011811023622
21
0.8862943307086614
0
LINE
8
BLACK
6
CONTINUOUS
10
0.3772011811023622
20
0.8862943307086614
11
0.3770866141732284
21
0.8853068897637795
0
LINE
8
BLACK
6
CONTINUOUS
10
0.3770866141732284
20
0.8853068897637795
11
0.3770866141732284
21
0.8633858267716535
0
LINE
8
BLACK
6
CONTINUOUS
10
2.011732244094488
20
0.9043307086614173
11
2.0235432677165353
21
0.9043307086614173
0
LINE
8
BLACK
6
CONTINUOUS
10
2.0235432677165353
20
0.9043307086614173
11
2.0235432677165353
21
0.924488188976378
0
LINE
8
BLACK
6
CONTINUOUS
10
2.0235432677165353
20
0.924488188976378
11
2.0437007480314962
21
0.924488188976378
0
LINE
8
BLACK
6
CONTINUOUS
10
2.0437007480314962
20
0.924488188976378
11
2.0437007480314962
21
0.9362992125984252
0
LINE
8
BLACK
6
CONTINUOUS
10
2.0437007480314962
20
0.9362992125984252
11
2.0217800393700789
21
0.9362992125984252
0
LINE
8
BLACK
6
CONTINUOUS
10
2.0217800393700789
20
0.9362992125984252
11
2.0217791338582676
21
0.9362991338582677
0
LINE
8
BLACK
6
CONTINUOUS
10
2.0217791338582676
20
0.9362991338582677
11
2.0207924803149604
21
0.9361847244094488
0
LINE
8
BLACK
6
CONTINUOUS
10
2.0207924803149604
20
0.9361847244094488
11
2.0207923228346458
21
0.93618468503937
0
LINE
8
BLACK
6
CONTINUOUS
10
2.0207923228346458
20
0.93618468503937
11
2.0167529133858269
21
0.9344011417322834
0
LINE
8
BLACK
6
CONTINUOUS
10
2.0167529133858269
20
0.9344011417322834
11
2.0167527165354331
21
0.9344010236220472
0
LINE
8
BLACK
6
CONTINUOUS
10
2.0167527165354331
20
0.9344010236220472
11
2.0136304330708663
21
0.9312787401574802
0
LINE
8
BLACK
6
CONTINUOUS
10
2.0136304330708663
20
0.9312787401574802
11
2.0136303149606301
21
0.9312785433070866
0
LINE
8
BLACK
6
CONTINUOUS
10
2.0136303149606301
20
0.9312785433070866
11
2.0118468110236218
21
0.9272392913385826
0
LINE
8
BLACK
6
CONTINUOUS
10
2.0118468110236218
20
0.9272392913385826
11
2.0118468110236218
21
0.9272392125984251
0
LINE
8
BLACK
6
CONTINUOUS
10
2.0118468110236218
20
0.9272392125984251
11
2.011732244094488
21
0.9262517716535433
0
LINE
8
BLACK
6
CONTINUOUS
10
2.011732244094488
20
0.9262517716535433
11
2.011732244094488
21
0.9043307086614173
0
LINE
8
BLACK
6
CONTINUOUS
10
2.1117322440944881
20
0.9043307086614173
11
2.1235432677165353
21
0.9043307086614173
0
LINE
8
BLACK
6
CONTINUOUS
10
2.1235432677165353
20
0.9043307086614173
11
2.1235432677165353
21
0.924488188976378
0
LINE
8
BLACK
6
CONTINUOUS
10
2.1235432677165353
20
0.924488188976378
11
2.1437007480314958
21
0.924488188976378
0
LINE
8
BLACK
6
CONTINUOUS
10
2.1437007480314958
20
0.924488188976378
11
2.1437007480314958
21
0.9362992125984252
0
LINE
8
BLACK
6
CONTINUOUS
10
2.1437007480314958
20
0.9362992125984252
11
2.1217800393700785
21
0.9362992125984252
0
LINE
8
BLACK
6
CONTINUOUS
10
2.1217800393700785
20
0.9362992125984252
11
2.1217791338582677
21
0.9362991338582677
0
LINE
8
BLACK
6
CONTINUOUS
10
2.1217791338582677
20
0.9362991338582677
11
2.1207924803149605
21
0.9361847244094488
0
LINE
8
BLACK
6
CONTINUOUS
10
2.1207924803149605
20
0.9361847244094488
11
2.1207923228346455
21
0.93618468503937
0
LINE
8
BLACK
6
CONTINUOUS
10
2.1207923228346455
20
0.93618468503937
11
2.1167529133858269
21
0.9344011417322834
0
LINE
8
BLACK
6
CONTINUOUS
10
2.1167529133858269
20
0.9344011417322834
11
2.1167527165354332
21
0.9344010236220472
0
LINE
8
BLACK
6
CONTINUOUS
10
2.1167527165354332
20
0.9344010236220472
11
2.113630433070866
21
0.9312787401574802
0
LINE
8
BLACK
6
CONTINUOUS
10
2.113630433070866
20
0.9312787401574802
11
2.1136303149606297
21
0.9312785433070866
0
LINE
8
BLACK
6
CONTINUOUS
10
2.1136303149606297
20
0.9312785433070866
11
2.1118468110236219
21
0.9272392913385826
0
LINE
8
BLACK
6
CONTINUOUS
10
2.1118468110236219
20
0.9272392913385826
11
2.1118468110236219
21
0.9272392125984251
0
LINE
8
BLACK
6
CONTINUOUS
10
2.1118468110236219
20
0.9272392125984251
11
2.1117322440944881
21
0.9262517716535433
0
LINE
8
BLACK
6
CONTINUOUS
10
2.1117322440944881
20
0.9262517716535433
11
2.1117322440944881
21
0.9043307086614173
0
LINE
8
BLACK
6
CONTINUOUS
10
2.011732244094488
20
1.3043307086614173
11
2.0235432677165353
21
1.3043307086614173
0
LINE
8
BLACK
6
CONTINUOUS
10
2.0235432677165353
20
1.3043307086614173
11
2.0235432677165353
21
1.324488188976378
0
LINE
8
BLACK
6
CONTINUOUS
10
2.0235432677165353
20
1.324488188976378
11
2.0437007480314962
21
1.324488188976378
0
LINE
8
BLACK
6
CONTINUOUS
10
2.0437007480314962
20
1.324488188976378
11
2.0437007480314962
21
1.3362992125984252
0
LINE
8
BLACK
6
CONTINUOUS
10
2.0437007480314962
20
1.3362992125984252
11
2.0217800393700789
21
1.3362992125984252
0
LINE
8
BLACK
6
CONTINUOUS
10
2.0217800393700789
20
1.3362992125984252
11
2.0217791338582676
21
1.3362991338582677
0
LINE
8
BLACK
6
CONTINUOUS
10
2.0217791338582676
20
1.3362991338582677
11
2.0207924803149604
21
1.3361847244094487
0
LINE
8
BLACK
6
CONTINUOUS
10
2.0207924803149604
20
1.3361847244094487
11
2.0207923228346458
21
1.3361846850393702
0
LINE
8
BLACK
6
CONTINUOUS
10
2.0207923228346458
20
1.3361846850393702
11
2.0167529133858269
21
1.3344011417322834
0
LINE
8
BLACK
6
CONTINUOUS
10
2.0167529133858269
20
1.3344011417322834
11
2.0167527165354331
21
1.3344010236220472
0
LINE
8
BLACK
6
CONTINUOUS
10
2.0167527165354331
20
1.3344010236220472
11
2.0136304330708663
21
1.3312787401574804
0
LINE
8
BLACK
6
CONTINUOUS
10
2.0136304330708663
20
1.3312787401574804
11
2.0136303149606301
21
1.3312785433070866
0
LINE
8
BLACK
6
CONTINUOUS
10
2.0136303149606301
20
1.3312785433070866
11
2.0118468110236218
21
1.3272392913385826
0
LINE
8
BLACK
6
CONTINUOUS
10
2.0118468110236218
20
1.3272392913385826
11
2.0118468110236218
21
1.3272392125984251
0
LINE
8
BLACK
6
CONTINUOUS
10
2.0118468110236218
20
1.3272392125984251
11
2.011732244094488
21
1.3262517716535434
0
LINE
8
BLACK
6
CONTINUOUS
10
2.011732244094488
20
1.3262517716535434
11
2.011732244094488
21
1.3043307086614173
0
LINE
8
BLACK
6
CONTINUOUS
10
2.1117322440944881
20
1.3043307086614173
11
2.1235432677165353
21
1.3043307086614173
0
LINE
8
BLACK
6
CONTINUOUS
10
2.1235432677165353
20
1.3043307086614173
11
2.1235432677165353
21
1.324488188976378
0
LINE
8
BLACK
6
CONTINUOUS
10
2.1235432677165353
20
1.324488188976378
11
2.1437007480314958
21
1.324488188976378
0
LINE
8
BLACK
6
CONTINUOUS
10
2.1437007480314958
20
1.324488188976378
11
2.1437007480314958
21
1.3362992125984252
0
LINE
8
BLACK
6
CONTINUOUS
10
2.1437007480314958
20
1.3362992125984252
11
2.1217800393700785
21
1.3362992125984252
0
LINE
8
BLACK
6
CONTINUOUS
10
2.1217800393700785
20
1.3362992125984252
11
2.1217791338582677
21
1.3362991338582677
0
LINE
8
BLACK
6
CONTINUOUS
10
2.1217791338582677
20
1.3362991338582677
11
2.1207924803149605
21
1.3361847244094487
0
LINE
8
BLACK
6
CONTINUOUS
10
2.1207924803149605
20
1.3361847244094487
11
2.1207923228346455
21
1.3361846850393702
0
LINE
8
BLACK
6
CONTINUOUS
10
2.1207923228346455
20
1.3361846850393702
11
2.1167529133858269
21
1.3344011417322834
0
LINE
8
BLACK
6
CONTINUOUS
10
2.1167529133858269
20
1.3344011417322834
11
2.1167527165354332
21
1.3344010236220472
0
LINE
8
BLACK
6
CONTINUOUS
10
2.1167527165354332
20
1.3344010236220472
11
2.113630433070866
21
1.3312787401574804
0
LINE
8
BLACK
6
CONTINUOUS
10
2.113630433070866
20
1.3312787401574804
11
2.1136303149606297
21
1.3312785433070866
0
LINE
8
BLACK
6
CONTINUOUS
10
2.1136303149606297
20
1.3312785433070866
11
2.1118468110236219
21
1.3272392913385826
0
LINE
8
BLACK
6
CONTINUOUS
10
2.1118468110236219
20
1.3272392913385826
11
2.1118468110236219
21
1.3272392125984251
0
LINE
8
BLACK
6
CONTINUOUS
10
2.1118468110236219
20
1.3272392125984251
11
2.1117322440944881
21
1.3262517716535434
0
LINE
8
BLACK
6
CONTINUOUS
10
2.1117322440944881
20
1.3262517716535434
11
2.1117322440944881
21
1.3043307086614173
0
LINE
8
BLACK
6
CONTINUOUS
10
0.7785433858267716
20
1.5769760629921259
11
0.7786577952755905
21
1.5759894094488189
0
LINE
8
BLACK
6
CONTINUOUS
10
0.7786577952755905
20
1.5759894094488189
11
0.7786578346456693
21
1.5759892519685039
0
LINE
8
BLACK
6
CONTINUOUS
10
0.7786578346456693
20
1.5759892519685039
11
0.7804413779527559
21
1.5719498425196849
0
LINE
8
BLACK
6
CONTINUOUS
10
0.7804413779527559
20
1.5719498425196849
11
0.7804414960629921
21
1.5719496456692914
0
LINE
8
BLACK
6
CONTINUOUS
10
0.7804414960629921
20
1.5719496456692914
11
0.7835637795275591
21
1.5688273622047244
0
LINE
8
BLACK
6
CONTINUOUS
10
0.7835637795275591
20
1.5688273622047244
11
0.7835639763779527
21
1.5688272440944881
0
LINE
8
BLACK
6
CONTINUOUS
10
0.7835639763779527
20
1.5688272440944881
11
0.7876032677165354
21
1.5670437401574804
0
LINE
8
BLACK
6
CONTINUOUS
10
0.7876032677165354
20
1.5670437401574804
11
0.7885907874015747
21
1.5669291732283464
0
LINE
8
BLACK
6
CONTINUOUS
10
0.7885907874015747
20
1.5669291732283464
11
0.7933070472440945
21
1.5669291732283464
0
LINE
8
BLACK
6
CONTINUOUS
10
0.7933070472440945
20
1.5669291732283464
11
0.7933070866141733
21
1.5669292125984251
0
LINE
8
BLACK
6
CONTINUOUS
10
0.7933070866141733
20
1.5669292125984251
11
0.7933070866141733
21
1.5787401574803148
0
LINE
8
BLACK
6
CONTINUOUS
10
0.7933070866141733
20
1.5787401574803148
11
0.7903543307086613
21
1.5787401574803148
0
LINE
8
BLACK
6
CONTINUOUS
10
0.7903543307086613
20
1.5787401574803148
11
0.7903543307086613
21
1.5895669291338583
0
LINE
8
BLACK
6
CONTINUOUS
10
0.7903543307086613
20
1.5895669291338583
11
0.7785433464566929
21
1.5895669291338583
0
LINE
8
BLACK
6
CONTINUOUS
10
0.7785433464566929
20
1.5895669291338583
11
0.7785433464566929
21
1.576976968503937
0
LINE
8
BLACK
6
CONTINUOUS
10
0.7785433464566929
20
1.576976968503937
11
0.7785433858267716
21
1.5769760629921259
0
LINE
8
BLACK
6
CONTINUOUS
10
1.992126062992126
20
1.5769760629921259
11
1.9922404724409448
21
1.5759894094488189
0
LINE
8
BLACK
6
CONTINUOUS
10
1.9922404724409448
20
1.5759894094488189
11
1.9922405118110236
21
1.5759892519685039
0
LINE
8
BLACK
6
CONTINUOUS
10
1.9922405118110236
20
1.5759892519685039
11
1.9940240551181101
21
1.5719498425196849
0
LINE
8
BLACK
6
CONTINUOUS
10
1.9940240551181101
20
1.5719498425196849
11
1.9940241732283464
21
1.5719496456692914
0
LINE
8
BLACK
6
CONTINUOUS
10
1.9940241732283464
20
1.5719496456692914
11
1.9971464566929134
21
1.5688273622047244
0
LINE
8
BLACK
6
CONTINUOUS
10
1.9971464566929134
20
1.5688273622047244
11
1.9971466535433071
21
1.5688272440944881
0
LINE
8
BLACK
6
CONTINUOUS
10
1.9971466535433071
20
1.5688272440944881
11
2.0011859448818896
21
1.5670437401574804
0
LINE
8
BLACK
6
CONTINUOUS
10
2.0011859448818896
20
1.5670437401574804
11
2.0021734645669289
21
1.5669291732283464
0
LINE
8
BLACK
6
CONTINUOUS
10
2.0021734645669289
20
1.5669291732283464
11
2.0068897244094486
21
1.5669291732283464
0
LINE
8
BLACK
6
CONTINUOUS
10
2.0068897244094486
20
1.5669291732283464
11
2.0068897637795273
21
1.5669292125984251
0
LINE
8
BLACK
6
CONTINUOUS
10
2.0068897637795273
20
1.5669292125984251
11
2.0068897637795273
21
1.5787401574803148
0
LINE
8
BLACK
6
CONTINUOUS
10
2.0068897637795273
20
1.5787401574803148
11
2.0039370078740157
21
1.5787401574803148
0
LINE
8
BLACK
6
CONTINUOUS
10
2.0039370078740157
20
1.5787401574803148
11
2.0039370078740157
21
1.5895669291338583
0
LINE
8
BLACK
6
CONTINUOUS
10
2.0039370078740157
20
1.5895669291338583
11
1.9921260236220473
21
1.5895669291338583
0
LINE
8
BLACK
6
CONTINUOUS
10
1.9921260236220473
20
1.5895669291338583
11
1.9921260236220473
21
1.576976968503937
0
LINE
8
BLACK
6
CONTINUOUS
10
1.9921260236220473
20
1.576976968503937
11
1.992126062992126
21
1.5769760629921259
0
LINE
8
BLACK
6
CONTINUOUS
10
0.7785433070866141
20
1.609251968503937
11
0.7903543307086613
21
1.609251968503937
0
LINE
8
BLACK
6
CONTINUOUS
10
0.7903543307086613
20
1.609251968503937
11
0.7903543307086613
21
1.6200787401574803
0
LINE
8
BLACK
6
CONTINUOUS
10
0.7903543307086613
20
1.6200787401574803
11
0.7933070866141733
21
1.6200787401574803
0
LINE
8
BLACK
6
CONTINUOUS
10
0.7933070866141733
20
1.6200787401574803
11
0.7933070866141733
21
1.6318897637795275
0
LINE
8
BLACK
6
CONTINUOUS
10
0.7933070866141733
20
1.6318897637795275
11
0.7885911417322834
21
1.6318897637795275
0
LINE
8
BLACK
6
CONTINUOUS
10
0.7885911417322834
20
1.6318897637795275
11
0.7885901968503937
21
1.63188968503937
0
LINE
8
BLACK
6
CONTINUOUS
10
0.7885901968503937
20
1.63188968503937
11
0.7876035433070866
21
1.6317752755905512
0
LINE
8
BLACK
6
CONTINUOUS
10
0.7876035433070866
20
1.6317752755905512
11
0.7876033858267716
21
1.6317752362204725
0
LINE
8
BLACK
6
CONTINUOUS
10
0.7876033858267716
20
1.6317752362204725
11
0.7835639763779527
21
1.6299916929133857
0
LINE
8
BLACK
6
CONTINUOUS
10
0.7835639763779527
20
1.6299916929133857
11
0.7835637795275591
21
1.6299915748031495
0
LINE
8
BLACK
6
CONTINUOUS
10
0.7835637795275591
20
1.6299915748031495
11
0.7804414960629921
21
1.6268692913385827
0
LINE
8
BLACK
6
CONTINUOUS
10
0.7804414960629921
20
1.6268692913385827
11
0.7804413779527559
21
1.6268690944881889
0
LINE
8
BLACK
6
CONTINUOUS
10
0.7804413779527559
20
1.6268690944881889
11
0.778657874015748
21
1.622829842519685
0
LINE
8
BLACK
6
CONTINUOUS
10
0.778657874015748
20
1.622829842519685
11
0.778657874015748
21
1.6228297637795275
0
LINE
8
BLACK
6
CONTINUOUS
10
0.778657874015748
20
1.6228297637795275
11
0.7785433070866141
21
1.6218423228346457
0
LINE
8
BLACK
6
CONTINUOUS
10
0.7785433070866141
20
1.6218423228346457
11
0.7785433070866141
21
1.609251968503937
0
LINE
8
BLACK
6
CONTINUOUS
10
1.9921259842519685
20
1.609251968503937
11
2.0039370078740157
21
1.609251968503937
0
LINE
8
BLACK
6
CONTINUOUS
10
2.0039370078740157
20
1.609251968503937
11
2.0039370078740157
21
1.6200787401574803
0
LINE
8
BLACK
6
CONTINUOUS
10
2.0039370078740157
20
1.6200787401574803
11
2.0068897637795273
21
1.6200787401574803
0
LINE
8
BLACK
6
CONTINUOUS
10
2.0068897637795273
20
1.6200787401574803
11
2.0068897637795273
21
1.6318897637795275
0
LINE
8
BLACK
6
CONTINUOUS
10
2.0068897637795273
20
1.6318897637795275
11
2.0021738188976377
21
1.6318897637795275
0
LINE
8
BLACK
6
CONTINUOUS
10
2.0021738188976377
20
1.6318897637795275
11
2.0021728740157481
21
1.63188968503937
0
LINE
8
BLACK
6
CONTINUOUS
10
2.0021728740157481
20
1.63188968503937
11
2.0011862204724409
21
1.6317752755905512
0
LINE
8
BLACK
6
CONTINUOUS
10
2.0011862204724409
20
1.6317752755905512
11
2.0011860629921259
21
1.6317752362204725
0
LINE
8
BLACK
6
CONTINUOUS
10
2.0011860629921259
20
1.6317752362204725
11
1.9971466535433071
21
1.6299916929133857
0
LINE
8
BLACK
6
CONTINUOUS
10
1.9971466535433071
20
1.6299916929133857
11
1.9971464566929134
21
1.6299915748031495
0
LINE
8
BLACK
6
CONTINUOUS
10
1.9971464566929134
20
1.6299915748031495
11
1.9940241732283464
21
1.6268692913385827
0
LINE
8
BLACK
6
CONTINUOUS
10
1.9940241732283464
20
1.6268692913385827
11
1.9940240551181101
21
1.6268690944881889
0
LINE
8
BLACK
6
CONTINUOUS
10
1.9940240551181101
20
1.6268690944881889
11
1.9922405511811023
21
1.622829842519685
0
LINE
8
BLACK
6
CONTINUOUS
10
1.9922405511811023
20
1.622829842519685
11
1.9922405511811023
21
1.6228297637795275
0
LINE
8
BLACK
6
CONTINUOUS
10
1.9922405511811023
20
1.6228297637795275
11
1.9921259842519685
21
1.6218423228346457
0
LINE
8
BLACK
6
CONTINUOUS
10
1.9921259842519685
20
1.6218423228346457
11
1.9921259842519685
21
1.609251968503937
0
LINE
8
BLACK
6
CONTINUOUS
10
0.7785433858267716
20
1.7403618897637796
11
0.7786577952755905
21
1.7393752362204724
0
LINE
8
BLACK
6
CONTINUOUS
10
0.7786577952755905
20
1.7393752362204724
11
0.7786578346456693
21
1.7393750787401574
0
LINE
8
BLACK
6
CONTINUOUS
10
0.7786578346456693
20
1.7393750787401574
11
0.7804413779527559
21
1.7353356692913386
0
LINE
8
BLACK
6
CONTINUOUS
10
0.7804413779527559
20
1.7353356692913386
11
0.7804414960629921
21
1.7353354724409449
0
LINE
8
BLACK
6
CONTINUOUS
10
0.7804414960629921
20
1.7353354724409449
11
0.7835637795275591
21
1.7322131889763779
0
LINE
8
BLACK
6
CONTINUOUS
10
0.7835637795275591
20
1.7322131889763779
11
0.7835639763779527
21
1.7322130708661416
0
LINE
8
BLACK
6
CONTINUOUS
10
0.7835639763779527
20
1.7322130708661416
11
0.7876032677165354
21
1.7304295669291339
0
LINE
8
BLACK
6
CONTINUOUS
10
0.7876032677165354
20
1.7304295669291339
11
0.7885907874015747
21
1.730315
0
LINE
8
BLACK
6
CONTINUOUS
10
0.7885907874015747
20
1.730315
11
0.7933070472440945
21
1.730315
0
LINE
8
BLACK
6
CONTINUOUS
10
0.7933070472440945
20
1.730315
11
0.7933070866141733
21
1.7303150393700788
0
LINE
8
BLACK
6
CONTINUOUS
10
0.7933070866141733
20
1.7303150393700788
11
0.7933070866141733
21
1.7421259842519685
0
LINE
8
BLACK
6
CONTINUOUS
10
0.7933070866141733
20
1.7421259842519685
11
0.7903543307086613
21
1.7421259842519685
0
LINE
8
BLACK
6
CONTINUOUS
10
0.7903543307086613
20
1.7421259842519685
11
0.7903543307086613
21
1.7529527559055118
0
LINE
8
BLACK
6
CONTINUOUS
10
0.7903543307086613
20
1.7529527559055118
11
0.7785433464566929
21
1.7529527559055118
0
LINE
8
BLACK
6
CONTINUOUS
10
0.7785433464566929
20
1.7529527559055118
11
0.7785433464566929
21
1.7403627952755905
0
LINE
8
BLACK
6
CONTINUOUS
10
0.7785433464566929
20
1.7403627952755905
11
0.7785433858267716
21
1.7403618897637796
0
LINE
8
BLACK
6
CONTINUOUS
10
1.992126062992126
20
1.7403618897637796
11
1.9922404724409448
21
1.7393752362204724
0
LINE
8
BLACK
6
CONTINUOUS
10
1.9922404724409448
20
1.7393752362204724
11
1.9922405118110236
21
1.7393750787401574
0
LINE
8
BLACK
6
CONTINUOUS
10
1.9922405118110236
20
1.7393750787401574
11
1.9940240551181101
21
1.7353356692913386
0
LINE
8
BLACK
6
CONTINUOUS
10
1.9940240551181101
20
1.7353356692913386
11
1.9940241732283464
21
1.7353354724409449
0
LINE
8
BLACK
6
CONTINUOUS
10
1.9940241732283464
20
1.7353354724409449
11
1.9971464566929134
21
1.7322131889763779
0
LINE
8
BLACK
6
CONTINUOUS
10
1.9971464566929134
20
1.7322131889763779
11
1.9971466535433071
21
1.7322130708661416
0
LINE
8
BLACK
6
CONTINUOUS
10
1.9971466535433071
20
1.7322130708661416
11
2.0011859448818896
21
1.7304295669291339
0
LINE
8
BLACK
6
CONTINUOUS
10
2.0011859448818896
20
1.7304295669291339
11
2.0021734645669289
21
1.730315
0
LINE
8
BLACK
6
CONTINUOUS
10
2.0021734645669289
20
1.730315
11
2.0068897244094486
21
1.730315
0
LINE
8
BLACK
6
CONTINUOUS
10
2.0068897244094486
20
1.730315
11
2.0068897637795273
21
1.7303150393700788
0
LINE
8
BLACK
6
CONTINUOUS
10
2.0068897637795273
20
1.7303150393700788
11
2.0068897637795273
21
1.7421259842519685
0
LINE
8
BLACK
6
CONTINUOUS
10
2.0068897637795273
20
1.7421259842519685
11
2.0039370078740157
21
1.7421259842519685
0
LINE
8
BLACK
6
CONTINUOUS
10
2.0039370078740157
20
1.7421259842519685
11
2.0039370078740157
21
1.7529527559055118
0
LINE
8
BLACK
6
CONTINUOUS
10
2.0039370078740157
20
1.7529527559055118
11
1.9921260236220473
21
1.7529527559055118
0
LINE
8
BLACK
6
CONTINUOUS
10
1.9921260236220473
20
1.7529527559055118
11
1.9921260236220473
21
1.7403627952755905
0
LINE
8
BLACK
6
CONTINUOUS
10
1.9921260236220473
20
1.7403627952755905
11
1.992126062992126
21
1.7403618897637796
0
LINE
8
BLACK
6
CONTINUOUS
10
0.7785433070866141
20
1.7726377952755905
11
0.7903543307086613
21
1.7726377952755905
0
LINE
8
BLACK
6
CONTINUOUS
10
0.7903543307086613
20
1.7726377952755905
11
0.7903543307086613
21
1.7834645669291338
0
LINE
8
BLACK
6
CONTINUOUS
10
0.7903543307086613
20
1.7834645669291338
11
0.7933070866141733
21
1.7834645669291338
0
LINE
8
BLACK
6
CONTINUOUS
10
0.7933070866141733
20
1.7834645669291338
11
0.7933070866141733
21
1.795275590551181
0
LINE
8
BLACK
6
CONTINUOUS
10
0.7933070866141733
20
1.795275590551181
11
0.7885911417322834
21
1.795275590551181
0
LINE
8
BLACK
6
CONTINUOUS
10
0.7885911417322834
20
1.795275590551181
11
0.7885901968503937
21
1.7952755118110235
0
LINE
8
BLACK
6
CONTINUOUS
10
0.7885901968503937
20
1.7952755118110235
11
0.7876035433070866
21
1.7951611023622047
0
LINE
8
BLACK
6
CONTINUOUS
10
0.7876035433070866
20
1.7951611023622047
11
0.7876033858267716
21
1.795161062992126
0
LINE
8
BLACK
6
CONTINUOUS
10
0.7876033858267716
20
1.795161062992126
11
0.7835639763779527
21
1.7933775196850392
0
LINE
8
BLACK
6
CONTINUOUS
10
0.7835639763779527
20
1.7933775196850392
11
0.7835637795275591
21
1.7933774015748032
0
LINE
8
BLACK
6
CONTINUOUS
10
0.7835637795275591
20
1.7933774015748032
11
0.7804414960629921
21
1.7902551181102362
0
LINE
8
BLACK
6
CONTINUOUS
10
0.7804414960629921
20
1.7902551181102362
11
0.7804413779527559
21
1.7902549212598424
0
LINE
8
BLACK
6
CONTINUOUS
10
0.7804413779527559
20
1.7902549212598424
11
0.778657874015748
21
1.7862156692913385
0
LINE
8
BLACK
6
CONTINUOUS
10
0.778657874015748
20
1.7862156692913385
11
0.778657874015748
21
1.786215590551181
0
LINE
8
BLACK
6
CONTINUOUS
10
0.778657874015748
20
1.786215590551181
11
0.7785433070866141
21
1.7852281496062992
0
LINE
8
BLACK
6
CONTINUOUS
10
0.7785433070866141
20
1.7852281496062992
11
0.7785433070866141
21
1.7726377952755905
0
LINE
8
BLACK
6
CONTINUOUS
10
1.9921259842519685
20
1.7726377952755905
11
2.0039370078740157
21
1.7726377952755905
0
LINE
8
BLACK
6
CONTINUOUS
10
2.0039370078740157
20
1.7726377952755905
11
2.0039370078740157
21
1.7834645669291338
0
LINE
8
BLACK
6
CONTINUOUS
10
2.0039370078740157
20
1.7834645669291338
11
2.0068897637795273
21
1.7834645669291338
0
LINE
8
BLACK
6
CONTINUOUS
10
2.0068897637795273
20
1.7834645669291338
11
2.0068897637795273
21
1.795275590551181
0
LINE
8
BLACK
6
CONTINUOUS
10
2.0068897637795273
20
1.795275590551181
11
2.0021738188976377
21
1.795275590551181
0
LINE
8
BLACK
6
CONTINUOUS
10
2.0021738188976377
20
1.795275590551181
11
2.0021728740157481
21
1.7952755118110235
0
LINE
8
BLACK
6
CONTINUOUS
10
2.0021728740157481
20
1.7952755118110235
11
2.0011862204724409
21
1.7951611023622047
0
LINE
8
BLACK
6
CONTINUOUS
10
2.0011862204724409
20
1.7951611023622047
11
2.0011860629921259
21
1.795161062992126
0
LINE
8
BLACK
6
CONTINUOUS
10
2.0011860629921259
20
1.795161062992126
11
1.9971466535433071
21
1.7933775196850392
0
LINE
8
BLACK
6
CONTINUOUS
10
1.9971466535433071
20
1.7933775196850392
11
1.9971464566929134
21
1.7933774015748032
0
LINE
8
BLACK
6
CONTINUOUS
10
1.9971464566929134
20
1.7933774015748032
11
1.9940241732283464
21
1.7902551181102362
0
LINE
8
BLACK
6
CONTINUOUS
10
1.9940241732283464
20
1.7902551181102362
11
1.9940240551181101
21
1.7902549212598424
0
LINE
8
BLACK
6
CONTINUOUS
10
1.9940240551181101
20
1.7902549212598424
11
1.9922405511811023
21
1.7862156692913385
0
LINE
8
BLACK
6
CONTINUOUS
10
1.9922405511811023
20
1.7862156692913385
11
1.9922405511811023
21
1.786215590551181
0
LINE
8
BLACK
6
CONTINUOUS
10
1.9922405511811023
20
1.786215590551181
11
1.9921259842519685
21
1.7852281496062992
0
LINE
8
BLACK
6
CONTINUOUS
10
1.9921259842519685
20
1.7852281496062992
11
1.9921259842519685
21
1.7726377952755905
0
LINE
8
BLACK
6
CONTINUOUS
10
2.0708464566929132
20
1.996435
11
2.0719617716535432
21
1.9893933070866141
0
LINE
8
BLACK
6
CONTINUOUS
10
2.0719617716535432
20
1.9893933070866141
11
2.0741648425196848
21
1.9826127559055118
0
LINE
8
BLACK
6
CONTINUOUS
10
2.0741648425196848
20
1.9826127559055118
11
2.0741648818897636
21
1.9826126377952755
0
LINE
8
BLACK
6
CONTINUOUS
10
2.0741648818897636
20
1.9826126377952755
11
2.0774018110236221
21
1.9762599606299212
0
LINE
8
BLACK
6
CONTINUOUS
10
2.0774018110236221
20
1.9762599606299212
11
2.0815921653543308
21
1.9704923622047243
0
LINE
8
BLACK
6
CONTINUOUS
10
2.0815921653543308
20
1.9704923622047243
11
2.0815923228346458
21
1.9704921653543306
0
LINE
8
BLACK
6
CONTINUOUS
10
2.0815923228346458
20
1.9704921653543306
11
2.0866338582677164
21
1.9654506299212597
0
LINE
8
BLACK
6
CONTINUOUS
10
2.0866338582677164
20
1.9654506299212597
11
2.0866340551181102
21
1.9654504724409447
0
LINE
8
BLACK
6
CONTINUOUS
10
2.0866340551181102
20
1.9654504724409447
11
2.087907992125984
21
1.9645249212598426
0
LINE
8
BLACK
6
CONTINUOUS
10
2.087907992125984
20
1.9645249212598426
11
2.0924018110236222
21
1.96126
0
LINE
8
BLACK
6
CONTINUOUS
10
2.0924018110236222
20
1.96126
11
2.0965544881889762
21
1.9591440944881888
0
LINE
8
BLACK
6
CONTINUOUS
10
2.0965544881889762
20
1.9591440944881888
11
2.0987543307086614
21
1.9580231889763779
0
LINE
8
BLACK
6
CONTINUOUS
10
2.0987543307086614
20
1.9580231889763779
11
2.0987544488188976
21
1.9580231496062992
0
LINE
8
BLACK
6
CONTINUOUS
10
2.0987544488188976
20
1.9580231496062992
11
2.1021447244094489
21
1.9569216141732284
0
LINE
8
BLACK
6
CONTINUOUS
10
2.1021447244094489
20
1.9569216141732284
11
2.1055350787401572
21
1.9558200393700786
0
LINE
8
BLACK
6
CONTINUOUS
10
2.1055350787401572
20
1.9558200393700786
11
2.1087964173228344
21
1.9553035039370079
0
LINE
8
BLACK
6
CONTINUOUS
10
2.1087964173228344
20
1.9553035039370079
11
2.1125767322834643
21
1.9547047244094489
0
LINE
8
BLACK
6
CONTINUOUS
10
2.1125767322834643
20
1.9547047244094489
11
2.1125769291338581
21
1.9547047244094489
0
LINE
8
BLACK
6
CONTINUOUS
10
2.1125769291338581
20
1.9547047244094489
11
2.1393917716535431
21
1.9547047244094489
0
LINE
8
BLACK
6
CONTINUOUS
10
2.1393917716535431
20
1.9547047244094489
11
2.1428054724409447
21
1.9552454724409449
0
LINE
8
BLACK
6
CONTINUOUS
10
2.1428054724409447
20
1.9552454724409449
11
2.1464334251968502
21
1.9558200393700786
0
LINE
8
BLACK
6
CONTINUOUS
10
2.1464334251968502
20
1.9558200393700786
11
2.1532141338582678
21
1.9580231889763779
0
LINE
8
BLACK
6
CONTINUOUS
10
2.1532141338582678
20
1.9580231889763779
11
2.1595666929133857
21
1.96126
0
LINE
8
BLACK
6
CONTINUOUS
10
2.1595666929133857
20
1.96126
11
2.1653346850393702
21
1.9654506692913385
0
LINE
8
BLACK
6
CONTINUOUS
10
2.1653346850393702
20
1.9654506692913385
11
2.1703761023622046
21
1.9704920866141731
0
LINE
8
BLACK
6
CONTINUOUS
10
2.1703761023622046
20
1.9704920866141731
11
2.1745667716535433
21
1.9762600787401574
0
LINE
8
BLACK
6
CONTINUOUS
10
2.1745667716535433
20
1.9762600787401574
11
2.1778035826771651
21
1.9826126377952755
0
LINE
8
BLACK
6
CONTINUOUS
10
2.1778035826771651
20
1.9826126377952755
11
2.1800067322834646
21
1.9893933464566929
0
LINE
8
BLACK
6
CONTINUOUS
10
2.1800067322834646
20
1.9893933464566929
11
2.1805812992125984
21
1.9930212992125984
0
LINE
8
BLACK
6
CONTINUOUS
10
2.1805812992125984
20
1.9930212992125984
11
2.1811220472440946
21
1.996435
0
LINE
8
BLACK
6
CONTINUOUS
10
2.1811220472440946
20
1.996435
11
2.1811220472440946
21
2.0035650393700788
0
LINE
8
BLACK
6
CONTINUOUS
10
2.1811220472440946
20
2.0035650393700788
11
2.1804731889763778
21
2.0076615354330709
0
LINE
8
BLACK
6
CONTINUOUS
10
2.1804731889763778
20
2.0076615354330709
11
2.1800067322834646
21
2.0106066535433071
0
LINE
8
BLACK
6
CONTINUOUS
10
2.1800067322834646
20
2.0106066535433071
11
2.1778035826771651
21
2.0173873622047243
0
LINE
8
BLACK
6
CONTINUOUS
10
2.1778035826771651
20
2.0173873622047243
11
2.1778035826771651
21
2.017387401574803
0
LINE
8
BLACK
6
CONTINUOUS
10
2.1778035826771651
20
2.017387401574803
11
2.1766826771653545
21
2.0195872440944882
0
LINE
8
BLACK
6
CONTINUOUS
10
2.1766826771653545
20
2.0195872440944882
11
2.1745667716535433
21
2.0237399212598426
0
LINE
8
BLACK
6
CONTINUOUS
10
2.1745667716535433
20
2.0237399212598426
11
2.1740313385826773
21
2.0244768897637795
0
LINE
8
BLACK
6
CONTINUOUS
10
2.1740313385826773
20
2.0244768897637795
11
2.1703762992125983
21
2.0295076771653542
0
LINE
8
BLACK
6
CONTINUOUS
10
2.1703762992125983
20
2.0295076771653542
11
2.1703761417322833
21
2.0295078740157479
0
LINE
8
BLACK
6
CONTINUOUS
10
2.1703761417322833
20
2.0295078740157479
11
2.1653346062992127
21
2.034549409448819
0
LINE
8
BLACK
6
CONTINUOUS
10
2.1653346062992127
20
2.034549409448819
11
2.1653344094488189
21
2.034549566929134
0
LINE
8
BLACK
6
CONTINUOUS
10
2.1653344094488189
20
2.034549566929134
11
2.1595668110236219
21
2.0387399212598423
0
LINE
8
BLACK
6
CONTINUOUS
10
2.1595668110236219
20
2.0387399212598423
11
2.1595667716535432
21
2.038739960629921
0
LINE
8
BLACK
6
CONTINUOUS
10
2.1595667716535432
20
2.038739960629921
11
2.1595666929133857
21
2.0387399999999998
0
LINE
8
BLACK
6
CONTINUOUS
10
2.1595666929133857
20
2.0387399999999998
11
2.1575314960629921
21
2.0397770078740156
0
LINE
8
BLACK
6
CONTINUOUS
10
2.1575314960629921
20
2.0397770078740156
11
2.1532141338582678
21
2.0419768503937008
0
LINE
8
BLACK
6
CONTINUOUS
10
2.1532141338582678
20
2.0419768503937008
11
2.1532140157480315
21
2.0419768897637796
0
LINE
8
BLACK
6
CONTINUOUS
10
2.1532140157480315
20
2.0419768897637796
11
2.146433464566929
21
2.0441799606299211
0
LINE
8
BLACK
6
CONTINUOUS
10
2.146433464566929
20
2.0441799606299211
11
2.1393917716535431
21
2.0452952755905511
0
LINE
8
BLACK
6
CONTINUOUS
10
2.1393917716535431
20
2.0452952755905511
11
2.1393915748031493
21
2.0452952755905511
0
LINE
8
BLACK
6
CONTINUOUS
10
2.1393915748031493
20
2.0452952755905511
11
2.1125769291338581
21
2.0452952755905511
0
LINE
8
BLACK
6
CONTINUOUS
10
2.1125769291338581
20
2.0452952755905511
11
2.1125767322834643
21
2.0452952755905511
0
LINE
8
BLACK
6
CONTINUOUS
10
2.1125767322834643
20
2.0452952755905511
11
2.1055350000000002
21
2.0441799606299211
0
LINE
8
BLACK
6
CONTINUOUS
10
2.1055350000000002
20
2.0441799606299211
11
2.0987544488188976
21
2.0419768897637796
0
LINE
8
BLACK
6
CONTINUOUS
10
2.0987544488188976
20
2.0419768897637796
11
2.0987543307086614
21
2.0419768503937008
0
LINE
8
BLACK
6
CONTINUOUS
10
2.0987543307086614
20
2.0419768503937008
11
2.0924016535433072
21
2.0387399212598423
0
LINE
8
BLACK
6
CONTINUOUS
10
2.0924016535433072
20
2.0387399212598423
11
2.0866340551181102
21
2.034549566929134
0
LINE
8
BLACK
6
CONTINUOUS
10
2.0866340551181102
20
2.034549566929134
11
2.0866338582677164
21
2.034549409448819
0
LINE
8
BLACK
6
CONTINUOUS
10
2.0866338582677164
20
2.034549409448819
11
2.0815923228346458
21
2.0295078740157479
0
LINE
8
BLACK
6
CONTINUOUS
10
2.0815923228346458
20
2.0295078740157479
11
2.0815921653543308
21
2.0295076771653542
0
LINE
8
BLACK
6
CONTINUOUS
10
2.0815921653543308
20
2.0295076771653542
11
2.0774018110236221
21
2.0237400787401576
0
LINE
8
BLACK
6
CONTINUOUS
10
2.0774018110236221
20
2.0237400787401576
11
2.0741648818897636
21
2.017387401574803
0
LINE
8
BLACK
6
CONTINUOUS
10
2.0741648818897636
20
2.017387401574803
11
2.0741648425196848
21
2.0173872834645667
0
LINE
8
BLACK
6
CONTINUOUS
10
2.0741648425196848
20
2.0173872834645667
11
2.0719617716535432
21
2.0106067322834646
0
LINE
8
BLACK
6
CONTINUOUS
10
2.0719617716535432
20
2.0106067322834646
11
2.0708464566929132
21
2.0035650393700788
0
LINE
8
BLACK
6
CONTINUOUS
10
2.0708464566929132
20
2.0035650393700788
11
2.0708464566929132
21
1.996435
0
CIRCLE
8
BLACK
10
2.3055118110236221
20
0.4
40
0.0068897637795276
0
CIRCLE
8
BLACK
10
2.3331867716535433
20
0.4668132283464567
40
0.0068897637795276
0
CIRCLE
8
BLACK
10
2.3331867716535433
20
0.3331867716535433
40
0.0068897637795276
0
CIRCLE
8
BLACK
10
2.3999999999999999
20
0.4944881889763779
40
0.0068897637795276
0
CIRCLE
8
BLACK
10
2.3999999999999999
20
0.4
40
0.0068897637795276
0
CIRCLE
8
BLACK
10
2.3999999999999999
20
0.305511811023622
40
0.0068897637795276
0
CIRCLE
8
BLACK
10
2.4668132283464566
20
0.4668132283464567
40
0.0068897637795276
0
CIRCLE
8
BLACK
10
2.4668132283464566
20
0.3331867716535433
40
0.0068897637795276
0
CIRCLE
8
BLACK
10
2.4944881889763777
20
0.4
40
0.0068897637795276
0
CIRCLE
8
BLACK
10
1.6299212204724409
20
0.6204724409448819
40
0.0068897637795276
0
CIRCLE
8
BLACK
10
1.5299212204724408
20
0.6204724409448819
40
0.0068897637795276
0
CIRCLE
8
BLACK
10
1.6299212598425197
20
0.7204724409448818
40
0.0068897637795276
0
CIRCLE
8
BLACK
10
1.5299211811023621
20
0.7204724409448818
40
0.0068897637795276
0
CIRCLE
8
BLACK
10
1.6299212204724409
20
0.8204724409448819
40
0.0068897637795276
0
CIRCLE
8
BLACK
10
1.5299212204724408
20
0.8204724409448819
40
0.0068897637795276
0
CIRCLE
8
BLACK
10
0.8267716141732283
20
0.6204724409448819
40
0.0068897637795276
0
CIRCLE
8
BLACK
10
0.7267716141732283
20
0.6204724409448819
40
0.0068897637795276
0
CIRCLE
8
BLACK
10
0.8267716535433071
20
0.7204724409448818
40
0.0068897637795276
0
CIRCLE
8
BLACK
10
0.7267715748031496
20
0.7204724409448818
40
0.0068897637795276
0
CIRCLE
8
BLACK
10
0.8267716141732283
20
0.8204724409448819
40
0.0068897637795276
0
CIRCLE
8
BLACK
10
0.7267716141732283
20
0.8204724409448819
40
0.0068897637795276
0
CIRCLE
8
BLACK
10
0.305511811023622
20
0.4
40
0.0068897637795276
0
CIRCLE
8
BLACK
10
0.3331867716535433
20
0.4668132283464567
40
0.0068897637795276
0
CIRCLE
8
BLACK
10
0.3331867716535433
20
0.3331867716535433
40
0.0068897637795276
0
CIRCLE
8
BLACK
10
0.4
20
0.4944881889763779
40
0.0068897637795276
0
CIRCLE
8
BLACK
10
0.4
20
0.4
40
0.0068897637795276
0
CIRCLE
8
BLACK
10
0.4
20
0.305511811023622
40
0.0068897637795276
0
CIRCLE
8
BLACK
10
0.4668132283464567
20
0.4668132283464567
40
0.0068897637795276
0
CIRCLE
8
BLACK
10
0.4668132283464567
20
0.3331867716535433
40
0.0068897637795276
0
CIRCLE
8
BLACK
10
0.4944881889763779
20
0.4
40
0.0068897637795276
0
CIRCLE
8
BLACK
10
0.305511811023622
20
2.
40
0.0068897637795276
0
CIRCLE
8
BLACK
10
0.3331867716535433
20
2.0668132283464566
40
0.0068897637795276
0
CIRCLE
8
BLACK
10
0.3331867716535433
20
1.9331867716535434
40
0.0068897637795276
0
CIRCLE
8
BLACK
10
0.4
20
2.0944881889763778
40
0.0068897637795276
0
CIRCLE
8
BLACK
10
0.4
20
2.
40
0.0068897637795276
0
CIRCLE
8
BLACK
10
0.4
20
1.905511811023622
40
0.0068897637795276
0
CIRCLE
8
BLACK
10
0.4668132283464567
20
2.0668132283464566
40
0.0068897637795276
0
CIRCLE
8
BLACK
10
0.4668132283464567
20
1.9331867716535434
40
0.0068897637795276
0
CIRCLE
8
BLACK
10
0.4944881889763779
20
2.
40
0.0068897637795276
0
CIRCLE
8
BLACK
10
1.7283464566929134
20
0.4318897637795275
40
0.0068897637795276
0
CIRCLE
8
BLACK
10
1.7283464566929134
20
0.3318897637795276
40
0.0068897637795276
0
CIRCLE
8
BLACK
10
1.6283464566929133
20
0.4318897637795275
40
0.0068897637795276
0
CIRCLE
8
BLACK
10
1.6283464566929133
20
0.3318897637795276
40
0.0068897637795276
0
CIRCLE
8
BLACK
10
1.5283464566929132
20
0.4318897637795275
40
0.0068897637795276
0
CIRCLE
8
BLACK
10
1.5283464566929132
20
0.3318897637795276
40
0.0068897637795276
0
CIRCLE
8
BLACK
10
1.4283464566929134
20
0.4318898031496063
40
0.0068897637795276
0
CIRCLE
8
BLACK
10
1.4283464566929134
20
0.3318897244094488
40
0.0068897637795276
0
CIRCLE
8
BLACK
10
1.3283464566929133
20
0.4318897637795275
40
0.0068897637795276
0
CIRCLE
8
BLACK
10
1.3283464566929133
20
0.3318897637795276
40
0.0068897637795276
0
CIRCLE
8
BLACK
10
1.2283464566929134
20
0.4318897637795275
40
0.0068897637795276
0
CIRCLE
8
BLACK
10
1.2283464566929134
20
0.3318897637795276
40
0.0068897637795276
0
CIRCLE
8
BLACK
10
1.1283464566929133
20
0.4318897637795275
40
0.0068897637795276
0
CIRCLE
8
BLACK
10
1.1283464566929133
20
0.3318897637795276
40
0.0068897637795276
0
CIRCLE
8
BLACK
10
1.0283464566929135
20
0.4318897637795275
40
0.0068897637795276
0
CIRCLE
8
BLACK
10
1.0283464566929135
20
0.3318897637795276
40
0.0068897637795276
0
CIRCLE
8
BLACK
10
0.9283464566929134
20
0.4318898031496063
40
0.0068897637795276
0
CIRCLE
8
BLACK
10
0.9283464566929134
20
0.3318897244094488
40
0.0068897637795276
0
CIRCLE
8
BLACK
10
0.8283464566929134
20
0.4318897637795275
40
0.0068897637795276
0
CIRCLE
8
BLACK
10
0.8283464566929134
20
0.3318897637795276
40
0.0068897637795276
0
CIRCLE
8
BLACK
10
0.7283464566929134
20
0.4318897637795275
40
0.0068897637795276
0
CIRCLE
8
BLACK
10
0.7283464566929134
20
0.3318897637795276
40
0.0068897637795276
0
CIRCLE
8
BLACK
10
0.6283464566929133
20
0.4318897637795275
40
0.0068897637795276
0
CIRCLE
8
BLACK
10
0.6283464566929133
20
0.3318897637795276
40
0.0068897637795276
0
CIRCLE
8
BLACK
10
0.4188976377952756
20
0.6535433070866141
40
0.0068897637795276
0
CIRCLE
8
BLACK
10
0.3188976377952756
20
0.6535433070866141
40
0.0068897637795276
0
CIRCLE
8
BLACK
10
0.4188976377952756
20
0.7535433070866142
40
0.0068897637795276
0
CIRCLE
8
BLACK
10
0.3188976377952756
20
0.7535433070866142
40
0.0068897637795276
0
CIRCLE
8
BLACK
10
0.4188976377952756
20
0.8535433070866142
40
0.0068897637795276
0
CIRCLE
8
BLACK
10
0.3188976377952756
20
0.8535433070866142
40
0.0068897637795276
0
CIRCLE
8
BLACK
10
0.4188976771653543
20
0.9535433070866142
40
0.0068897637795276
0
CIRCLE
8
BLACK
10
0.3188975984251968
20
0.9535433070866142
40
0.0068897637795276
0
CIRCLE
8
BLACK
10
0.4188976377952756
20
1.0535433070866143
40
0.0068897637795276
0
CIRCLE
8
BLACK
10
0.3188976377952756
20
1.0535433070866143
40
0.0068897637795276
0
CIRCLE
8
BLACK
10
0.4188976377952756
20
1.1535433070866141
40
0.0068897637795276
0
CIRCLE
8
BLACK
10
0.3188976377952756
20
1.1535433070866141
40
0.0068897637795276
0
CIRCLE
8
BLACK
10
0.4188976377952756
20
1.2535433070866142
40
0.0068897637795276
0
CIRCLE
8
BLACK
10
0.3188976377952756
20
1.2535433070866142
40
0.0068897637795276
0
CIRCLE
8
BLACK
10
0.4188976377952756
20
1.3535433070866141
40
0.0068897637795276
0
CIRCLE
8
BLACK
10
0.3188976377952756
20
1.3535433070866141
40
0.0068897637795276
0
CIRCLE
8
BLACK
10
0.4188976771653543
20
1.4535433070866142
40
0.0068897637795276
0
CIRCLE
8
BLACK
10
0.3188975984251968
20
1.4535433070866142
40
0.0068897637795276
0
CIRCLE
8
BLACK
10
0.4188976377952756
20
1.553543307086614
40
0.0068897637795276
0
CIRCLE
8
BLACK
10
0.3188976377952756
20
1.553543307086614
40
0.0068897637795276
0
CIRCLE
8
BLACK
10
0.4188976377952756
20
1.6535433070866141
40
0.0068897637795276
0
CIRCLE
8
BLACK
10
0.3188976377952756
20
1.6535433070866141
40
0.0068897637795276
0
CIRCLE
8
BLACK
10
0.4188976377952756
20
1.7535433070866142
40
0.0068897637795276
0
CIRCLE
8
BLACK
10
0.3188976377952756
20
1.7535433070866142
40
0.0068897637795276
0
CIRCLE
8
BLACK
10
2.3622047244094486
20
1.7488188976377952
40
0.0068897637795276
0
CIRCLE
8
BLACK
10
2.4622047244094487
20
1.7488188976377952
40
0.0068897637795276
0
CIRCLE
8
BLACK
10
2.3622047244094486
20
1.6488188976377953
40
0.0068897637795276
0
CIRCLE
8
BLACK
10
2.4622047244094487
20
1.6488188976377953
40
0.0068897637795276
0
CIRCLE
8
BLACK
10
2.3622047244094486
20
1.5488188976377952
40
0.0068897637795276
0
CIRCLE
8
BLACK
10
2.4622047244094487
20
1.5488188976377952
40
0.0068897637795276
0
CIRCLE
8
BLACK
10
2.3622047244094486
20
1.4488188976377951
40
0.0068897637795276
0
CIRCLE
8
BLACK
10
2.4622047244094487
20
1.4488188976377951
40
0.0068897637795276
0
CIRCLE
8
BLACK
10
2.3622047244094486
20
1.3488188976377953
40
0.0068897637795276
0
CIRCLE
8
BLACK
10
2.4622047244094487
20
1.3488188976377953
40
0.0068897637795276
0
CIRCLE
8
BLACK
10
2.3622047244094486
20
1.2488188976377952
40
0.0068897637795276
0
CIRCLE
8
BLACK
10
2.4622047244094487
20
1.2488188976377952
40
0.0068897637795276
0
CIRCLE
8
BLACK
10
2.3622047244094486
20
1.1488188976377953
40
0.0068897637795276
0
CIRCLE
8
BLACK
10
2.4622047244094487
20
1.1488188976377953
40
0.0068897637795276
0
CIRCLE
8
BLACK
10
2.3622047244094486
20
1.0488188976377952
40
0.0068897637795276
0
CIRCLE
8
BLACK
10
2.4622047244094487
20
1.0488188976377952
40
0.0068897637795276
0
CIRCLE
8
BLACK
10
2.3622047244094486
20
0.9488188976377953
40
0.0068897637795276
0
CIRCLE
8
BLACK
10
2.4622047244094487
20
0.9488188976377953
40
0.0068897637795276
0
CIRCLE
8
BLACK
10
2.3622047244094486
20
0.8488188976377953
40
0.0068897637795276
0
CIRCLE
8
BLACK
10
2.4622047244094487
20
0.8488188976377953
40
0.0068897637795276
0
CIRCLE
8
BLACK
10
2.3622047244094486
20
0.7488188976377953
40
0.0068897637795276
0
CIRCLE
8
BLACK
10
2.4622047244094487
20
0.7488188976377953
40
0.0068897637795276
0
CIRCLE
8
BLACK
10
2.3622047244094486
20
0.6488188976377952
40
0.0068897637795276
0
CIRCLE
8
BLACK
10
2.4622047244094487
20
0.6488188976377952
40
0.0068897637795276
0
CIRCLE
8
BLACK
10
2.1535432677165356
20
0.8944881889763779
40
0.0068897637795276
0
CIRCLE
8
BLACK
10
2.0535432677165355
20
0.8944881889763779
40
0.0068897637795276
0
CIRCLE
8
BLACK
10
2.1535432677165356
20
0.9944881889763779
40
0.0068897637795276
0
CIRCLE
8
BLACK
10
2.0535432677165355
20
0.9944881889763779
40
0.0068897637795276
0
CIRCLE
8
BLACK
10
2.1535433070866143
20
1.094488188976378
40
0.0068897637795276
0
CIRCLE
8
BLACK
10
2.0535432283464568
20
1.094488188976378
40
0.0068897637795276
0
CIRCLE
8
BLACK
10
2.1535432677165356
20
1.1944881889763779
40
0.0068897637795276
0
CIRCLE
8
BLACK
10
2.0535432677165355
20
1.1944881889763779
40
0.0068897637795276
0
CIRCLE
8
BLACK
10
2.1535432677165356
20
1.294488188976378
40
0.0068897637795276
0
CIRCLE
8
BLACK
10
2.0535432677165355
20
1.294488188976378
40
0.0068897637795276
0
CIRCLE
8
BLACK
10
2.3055118110236221
20
2.
40
0.0068897637795276
0
CIRCLE
8
BLACK
10
2.3331867716535433
20
2.0668132283464566
40
0.0068897637795276
0
CIRCLE
8
BLACK
10
2.3331867716535433
20
1.9331867716535434
40
0.0068897637795276
0
CIRCLE
8
BLACK
10
2.3999999999999999
20
2.0944881889763778
40
0.0068897637795276
0
CIRCLE
8
BLACK
10
2.3999999999999999
20
2.
40
0.0068897637795276
0
CIRCLE
8
BLACK
10
2.3999999999999999
20
1.905511811023622
40
0.0068897637795276
0
CIRCLE
8
BLACK
10
2.4668132283464566
20
2.0668132283464566
40
0.0068897637795276
0
CIRCLE
8
BLACK
10
2.4668132283464566
20
1.9331867716535434
40
0.0068897637795276
0
CIRCLE
8
BLACK
10
2.4944881889763777
20
2.
40
0.0068897637795276
0
CIRCLE
8
BLACK
10
2.1456692913385824
20
0.4724409448818898
40
0.0068897637795276
0
CIRCLE
8
BLACK
10
1.918110157480315
20
0.4724409448818898
40
0.0068897637795276
0
LINE
8
BLACK
6
CONTINUOUS
10
2.1902585039370077
20
0.3448487401574803
11
2.1910564960629921
21
0.347826968503937
0
LINE
8
BLACK
6
CONTINUOUS
10
2.1910564960629921
20
0.347826968503937
11
2.1925981496062992
21
0.3504971653543307
0
LINE
8
BLACK
6
CONTINUOUS
10
2.1925981496062992
20
0.3504971653543307
11
2.1947783858267718
21
0.3526774015748032
0
LINE
8
BLACK
6
CONTINUOUS
10
2.1947783858267718
20
0.3526774015748032
11
2.1974485826771653
21
0.3542190551181102
0
LINE
8
BLACK
6
CONTINUOUS
10
2.1974485826771653
20
0.3542190551181102
11
2.2004268110236218
21
0.3550170472440945
0
LINE
8
BLACK
6
CONTINUOUS
10
2.2004268110236218
20
0.3550170472440945
11
2.2035101181102363
21
0.3550170472440945
0
LINE
8
BLACK
6
CONTINUOUS
10
2.2035101181102363
20
0.3550170472440945
11
2.2064883464566929
21
0.3542190551181102
0
LINE
8
BLACK
6
CONTINUOUS
10
2.2064883464566929
20
0.3542190551181102
11
2.2091585433070864
21
0.3526774015748032
0
LINE
8
BLACK
6
CONTINUOUS
10
2.2091585433070864
20
0.3526774015748032
11
2.211338779527559
21
0.3504971653543307
0
LINE
8
BLACK
6
CONTINUOUS
10
2.211338779527559
20
0.3504971653543307
11
2.212880433070866
21
0.347826968503937
0
LINE
8
BLACK
6
CONTINUOUS
10
2.212880433070866
20
0.347826968503937
11
2.2136784251968504
21
0.3448487401574803
0
LINE
8
BLACK
6
CONTINUOUS
10
2.2136784251968504
20
0.3448487401574803
11
2.2137794881889765
21
0.3433070866141732
0
LINE
8
BLACK
6
CONTINUOUS
10
2.2137794881889765
20
0.3433070866141732
11
2.2137794881889765
21
0.3118110236220472
0
LINE
8
BLACK
6
CONTINUOUS
10
2.2137794881889765
20
0.3118110236220472
11
2.2136784251968504
21
0.3102693700787402
0
LINE
8
BLACK
6
CONTINUOUS
10
2.2136784251968504
20
0.3102693700787402
11
2.212880433070866
21
0.3072911417322834
0
LINE
8
BLACK
6
CONTINUOUS
10
2.212880433070866
20
0.3072911417322834
11
2.211338779527559
21
0.3046209448818897
0
LINE
8
BLACK
6
CONTINUOUS
10
2.211338779527559
20
0.3046209448818897
11
2.2091585433070864
21
0.3024407086614173
0
LINE
8
BLACK
6
CONTINUOUS
10
2.2091585433070864
20
0.3024407086614173
11
2.2064883464566929
21
0.3008990551181102
0
LINE
8
BLACK
6
CONTINUOUS
10
2.2064883464566929
20
0.3008990551181102
11
2.2035101181102363
21
0.300101062992126
0
LINE
8
BLACK
6
CONTINUOUS
10
2.2035101181102363
20
0.300101062992126
11
2.2004268110236218
21
0.300101062992126
0
LINE
8
BLACK
6
CONTINUOUS
10
2.2004268110236218
20
0.300101062992126
11
2.1974485826771653
21
0.3008990551181102
0
LINE
8
BLACK
6
CONTINUOUS
10
2.1974485826771653
20
0.3008990551181102
11
2.1947783858267718
21
0.3024407086614173
0
LINE
8
BLACK
6
CONTINUOUS
10
2.1947783858267718
20
0.3024407086614173
11
2.1925981496062992
21
0.3046209448818897
0
LINE
8
BLACK
6
CONTINUOUS
10
2.1925981496062992
20
0.3046209448818897
11
2.1910564960629921
21
0.3072911417322834
0
LINE
8
BLACK
6
CONTINUOUS
10
2.1910564960629921
20
0.3072911417322834
11
2.1902585039370077
21
0.3102693700787402
0
LINE
8
BLACK
6
CONTINUOUS
10
2.1902585039370077
20
0.3102693700787402
11
2.1901574409448816
21
0.3118110236220472
0
LINE
8
BLACK
6
CONTINUOUS
10
2.1901574409448816
20
0.3118110236220472
11
2.1901574409448816
21
0.3433070866141732
0
LINE
8
BLACK
6
CONTINUOUS
10
2.1901574409448816
20
0.3433070866141732
11
2.1902585039370077
21
0.3448487401574803
0
LINE
8
BLACK
6
CONTINUOUS
10
1.8501010236220472
20
0.3448487401574803
11
1.8508990157480314
21
0.347826968503937
0
LINE
8
BLACK
6
CONTINUOUS
10
1.8508990157480314
20
0.347826968503937
11
1.8524406692913384
21
0.3504971653543307
0
LINE
8
BLACK
6
CONTINUOUS
10
1.8524406692913384
20
0.3504971653543307
11
1.854620905511811
21
0.3526774015748032
0
LINE
8
BLACK
6
CONTINUOUS
10
1.854620905511811
20
0.3526774015748032
11
1.8572911023622047
21
0.3542190551181102
0
LINE
8
BLACK
6
CONTINUOUS
10
1.8572911023622047
20
0.3542190551181102
11
1.8602693307086613
21
0.3550170472440945
0
LINE
8
BLACK
6
CONTINUOUS
10
1.8602693307086613
20
0.3550170472440945
11
1.8633526377952756
21
0.3550170472440945
0
LINE
8
BLACK
6
CONTINUOUS
10
1.8633526377952756
20
0.3550170472440945
11
1.8663308661417322
21
0.3542190551181102
0
LINE
8
BLACK
6
CONTINUOUS
10
1.8663308661417322
20
0.3542190551181102
11
1.8690010629921259
21
0.3526774015748032
0
LINE
8
BLACK
6
CONTINUOUS
10
1.8690010629921259
20
0.3526774015748032
11
1.8711812992125985
21
0.3504971653543307
0
LINE
8
BLACK
6
CONTINUOUS
10
1.8711812992125985
20
0.3504971653543307
11
1.8727229527559055
21
0.347826968503937
0
LINE
8
BLACK
6
CONTINUOUS
10
1.8727229527559055
20
0.347826968503937
11
1.8735209448818897
21
0.3448487401574803
0
LINE
8
BLACK
6
CONTINUOUS
10
1.8735209448818897
20
0.3448487401574803
11
1.8736220078740158
21
0.3433070866141732
0
LINE
8
BLACK
6
CONTINUOUS
10
1.8736220078740158
20
0.3433070866141732
11
1.8736220078740158
21
0.3118110236220472
0
LINE
8
BLACK
6
CONTINUOUS
10
1.8736220078740158
20
0.3118110236220472
11
1.8735209448818897
21
0.3102693700787402
0
LINE
8
BLACK
6
CONTINUOUS
10
1.8735209448818897
20
0.3102693700787402
11
1.8727229527559055
21
0.3072911417322834
0
LINE
8
BLACK
6
CONTINUOUS
10
1.8727229527559055
20
0.3072911417322834
11
1.8711812992125985
21
0.3046209448818897
0
LINE
8
BLACK
6
CONTINUOUS
10
1.8711812992125985
20
0.3046209448818897
11
1.8690010629921259
21
0.3024407086614173
0
LINE
8
BLACK
6
CONTINUOUS
10
1.8690010629921259
20
0.3024407086614173
11
1.8663308661417322
21
0.3008990551181102
0
LINE
8
BLACK
6
CONTINUOUS
10
1.8663308661417322
20
0.3008990551181102
11
1.8633526377952756
21
0.300101062992126
0
LINE
8
BLACK
6
CONTINUOUS
10
1.8633526377952756
20
0.300101062992126
11
1.8602693307086613
21
0.300101062992126
0
LINE
8
BLACK
6
CONTINUOUS
10
1.8602693307086613
20
0.300101062992126
11
1.8572911023622047
21
0.3008990551181102
0
LINE
8
BLACK
6
CONTINUOUS
10
1.8572911023622047
20
0.3008990551181102
11
1.854620905511811
21
0.3024407086614173
0
LINE
8
BLACK
6
CONTINUOUS
10
1.854620905511811
20
0.3024407086614173
11
1.8524406692913384
21
0.3046209448818897
0
LINE
8
BLACK
6
CONTINUOUS
10
1.8524406692913384
20
0.3046209448818897
11
1.8508990157480314
21
0.3072911417322834
0
LINE
8
BLACK
6
CONTINUOUS
10
1.8508990157480314
20
0.3072911417322834
11
1.8501010236220472
21
0.3102693700787402
0
LINE
8
BLACK
6
CONTINUOUS
10
1.8501010236220472
20
0.3102693700787402
11
1.8499999606299211
21
0.3118110236220472
0
LINE
8
BLACK
6
CONTINUOUS
10
1.8499999606299211
20
0.3118110236220472
11
1.8499999606299211
21
0.3433070866141732
0
LINE
8
BLACK
6
CONTINUOUS
10
1.8499999606299211
20
0.3433070866141732
11
1.8501010236220472
21
0.3448487401574803
0
LINE
8
BLACK
6
CONTINUOUS
10
2.1902585039370077
20
0.5153211811023622
11
2.1910564960629921
21
0.5182994094488189
0
LINE
8
BLACK
6
CONTINUOUS
10
2.1910564960629921
20
0.5182994094488189
11
2.1925981496062992
21
0.5209696062992126
0
LINE
8
BLACK
6
CONTINUOUS
10
2.1925981496062992
20
0.5209696062992126
11
2.1947783858267718
21
0.523149842519685
0
LINE
8
BLACK
6
CONTINUOUS
10
2.1947783858267718
20
0.523149842519685
11
2.1974485826771653
21
0.5246914960629921
0
LINE
8
BLACK
6
CONTINUOUS
10
2.1974485826771653
20
0.5246914960629921
11
2.2004268110236218
21
0.5254894881889763
0
LINE
8
BLACK
6
CONTINUOUS
10
2.2004268110236218
20
0.5254894881889763
11
2.2035101181102363
21
0.5254894881889763
0
LINE
8
BLACK
6
CONTINUOUS
10
2.2035101181102363
20
0.5254894881889763
11
2.2064883464566929
21
0.5246914960629921
0
LINE
8
BLACK
6
CONTINUOUS
10
2.2064883464566929
20
0.5246914960629921
11
2.2091585433070864
21
0.523149842519685
0
LINE
8
BLACK
6
CONTINUOUS
10
2.2091585433070864
20
0.523149842519685
11
2.211338779527559
21
0.5209696062992126
0
LINE
8
BLACK
6
CONTINUOUS
10
2.211338779527559
20
0.5209696062992126
11
2.212880433070866
21
0.5182994094488189
0
LINE
8
BLACK
6
CONTINUOUS
10
2.212880433070866
20
0.5182994094488189
11
2.2136784251968504
21
0.5153211811023622
0
LINE
8
BLACK
6
CONTINUOUS
10
2.2136784251968504
20
0.5153211811023622
11
2.2137794881889765
21
0.5137795275590551
0
LINE
8
BLACK
6
CONTINUOUS
10
2.2137794881889765
20
0.5137795275590551
11
2.2137794881889765
21
0.4704724409448819
0
LINE
8
BLACK
6
CONTINUOUS
10
2.2137794881889765
20
0.4704724409448819
11
2.2136784251968504
21
0.4689307874015748
0
LINE
8
BLACK
6
CONTINUOUS
10
2.2136784251968504
20
0.4689307874015748
11
2.212880433070866
21
0.4659525590551181
0
LINE
8
BLACK
6
CONTINUOUS
10
2.212880433070866
20
0.4659525590551181
11
2.211338779527559
21
0.4632823622047244
0
LINE
8
BLACK
6
CONTINUOUS
10
2.211338779527559
20
0.4632823622047244
11
2.2091585433070864
21
0.4611021259842519
0
LINE
8
BLACK
6
CONTINUOUS
10
2.2091585433070864
20
0.4611021259842519
11
2.2064883464566929
21
0.4595604724409449
0
LINE
8
BLACK
6
CONTINUOUS
10
2.2064883464566929
20
0.4595604724409449
11
2.2035101181102363
21
0.4587624803149606
0
LINE
8
BLACK
6
CONTINUOUS
10
2.2035101181102363
20
0.4587624803149606
11
2.2004268110236218
21
0.4587624803149606
0
LINE
8
BLACK
6
CONTINUOUS
10
2.2004268110236218
20
0.4587624803149606
11
2.1974485826771653
21
0.4595604724409449
0
LINE
8
BLACK
6
CONTINUOUS
10
2.1974485826771653
20
0.4595604724409449
11
2.1947783858267718
21
0.4611021259842519
0
LINE
8
BLACK
6
CONTINUOUS
10
2.1947783858267718
20
0.4611021259842519
11
2.1925981496062992
21
0.4632823622047244
0
LINE
8
BLACK
6
CONTINUOUS
10
2.1925981496062992
20
0.4632823622047244
11
2.1910564960629921
21
0.4659525590551181
0
LINE
8
BLACK
6
CONTINUOUS
10
2.1910564960629921
20
0.4659525590551181
11
2.1902585039370077
21
0.4689307874015748
0
LINE
8
BLACK
6
CONTINUOUS
10
2.1902585039370077
20
0.4689307874015748
11
2.1901574409448816
21
0.4704724409448819
0
LINE
8
BLACK
6
CONTINUOUS
10
2.1901574409448816
20
0.4704724409448819
11
2.1901574409448816
21
0.5137795275590551
0
LINE
8
BLACK
6
CONTINUOUS
10
2.1901574409448816
20
0.5137795275590551
11
2.1902585039370077
21
0.5153211811023622
0
LINE
8
BLACK
6
CONTINUOUS
10
1.8501010236220472
20
0.5153211811023622
11
1.8508990157480314
21
0.5182994094488189
0
LINE
8
BLACK
6
CONTINUOUS
10
1.8508990157480314
20
0.5182994094488189
11
1.8524406692913384
21
0.5209696062992126
0
LINE
8
BLACK
6
CONTINUOUS
10
1.8524406692913384
20
0.5209696062992126
11
1.854620905511811
21
0.523149842519685
0
LINE
8
BLACK
6
CONTINUOUS
10
1.854620905511811
20
0.523149842519685
11
1.8572911023622047
21
0.5246914960629921
0
LINE
8
BLACK
6
CONTINUOUS
10
1.8572911023622047
20
0.5246914960629921
11
1.8602693307086613
21
0.5254894881889763
0
LINE
8
BLACK
6
CONTINUOUS
10
1.8602693307086613
20
0.5254894881889763
11
1.8633526377952756
21
0.5254894881889763
0
LINE
8
BLACK
6
CONTINUOUS
10
1.8633526377952756
20
0.5254894881889763
11
1.8663308661417322
21
0.5246914960629921
0
LINE
8
BLACK
6
CONTINUOUS
10
1.8663308661417322
20
0.5246914960629921
11
1.8690010629921259
21
0.523149842519685
0
LINE
8
BLACK
6
CONTINUOUS
10
1.8690010629921259
20
0.523149842519685
11
1.8711812992125985
21
0.5209696062992126
0
LINE
8
BLACK
6
CONTINUOUS
10
1.8711812992125985
20
0.5209696062992126
11
1.8727229527559055
21
0.5182994094488189
0
LINE
8
BLACK
6
CONTINUOUS
10
1.8727229527559055
20
0.5182994094488189
11
1.8735209448818897
21
0.5153211811023622
0
LINE
8
BLACK
6
CONTINUOUS
10
1.8735209448818897
20
0.5153211811023622
11
1.8736220078740158
21
0.5137795275590551
0
LINE
8
BLACK
6
CONTINUOUS
10
1.8736220078740158
20
0.5137795275590551
11
1.8736220078740158
21
0.4704724409448819
0
LINE
8
BLACK
6
CONTINUOUS
10
1.8736220078740158
20
0.4704724409448819
11
1.8735209448818897
21
0.4689307874015748
0
LINE
8
BLACK
6
CONTINUOUS
10
1.8735209448818897
20
0.4689307874015748
11
1.8727229527559055
21
0.4659525590551181
0
LINE
8
BLACK
6
CONTINUOUS
10
1.8727229527559055
20
0.4659525590551181
11
1.8711812992125985
21
0.4632823622047244
0
LINE
8
BLACK
6
CONTINUOUS
10
1.8711812992125985
20
0.4632823622047244
11
1.8690010629921259
21
0.4611021259842519
0
LINE
8
BLACK
6
CONTINUOUS
10
1.8690010629921259
20
0.4611021259842519
11
1.8663308661417322
21
0.4595604724409449
0
LINE
8
BLACK
6
CONTINUOUS
10
1.8663308661417322
20
0.4595604724409449
11
1.8633526377952756
21
0.4587624803149606
0
LINE
8
BLACK
6
CONTINUOUS
10
1.8633526377952756
20
0.4587624803149606
11
1.8602693307086613
21
0.4587624803149606
0
LINE
8
BLACK
6
CONTINUOUS
10
1.8602693307086613
20
0.4587624803149606
11
1.8572911023622047
21
0.4595604724409449
0
LINE
8
BLACK
6
CONTINUOUS
10
1.8572911023622047
20
0.4595604724409449
11
1.854620905511811
21
0.4611021259842519
0
LINE
8
BLACK
6
CONTINUOUS
10
1.854620905511811
20
0.4611021259842519
11
1.8524406692913384
21
0.4632823622047244
0
LINE
8
BLACK
6
CONTINUOUS
10
1.8524406692913384
20
0.4632823622047244
11
1.8508990157480314
21
0.4659525590551181
0
LINE
8
BLACK
6
CONTINUOUS
10
1.8508990157480314
20
0.4659525590551181
11
1.8501010236220472
21
0.4689307874015748
0
LINE
8
BLACK
6
CONTINUOUS
10
1.8501010236220472
20
0.4689307874015748
11
1.8499999606299211
21
0.4704724409448819
0
LINE
8
BLACK
6
CONTINUOUS
10
1.8499999606299211
20
0.4704724409448819
11
1.8499999606299211
21
0.5137795275590551
0
LINE
8
BLACK
6
CONTINUOUS
10
1.8499999606299211
20
0.5137795275590551
11
1.8501010236220472
21
0.5153211811023622
0
LINE
8
BLACK
6
CONTINUOUS
10
0.6906738582677165
20
2.0372214566929134
11
0.6978649606299212
21
2.0357910629921259
0
LINE
8
BLACK
6
CONTINUOUS
10
0.6978649606299212
20
2.0357910629921259
11
0.7046388582677166
21
2.0329852362204726
0
LINE
8
BLACK
6
CONTINUOUS
10
0.7046388582677166
20
2.0329852362204726
11
0.7107351968503937
21
2.0289118110236219
0
LINE
8
BLACK
6
CONTINUOUS
10
0.7107351968503937
20
2.0289118110236219
11
0.7159196850393701
21
2.0237273228346457
0
LINE
8
BLACK
6
CONTINUOUS
10
0.7159196850393701
20
2.0237273228346457
11
0.7199931102362205
21
2.0176309842519684
0
LINE
8
BLACK
6
CONTINUOUS
10
0.7199931102362205
20
2.0176309842519684
11
0.722798937007874
21
2.0108570866141733
0
LINE
8
BLACK
6
CONTINUOUS
10
0.722798937007874
20
2.0108570866141733
11
0.7242293307086614
21
2.0036659842519686
0
LINE
8
BLACK
6
CONTINUOUS
10
0.7242293307086614
20
2.0036659842519686
11
0.7242293307086614
21
1.9963340157480314
0
LINE
8
BLACK
6
CONTINUOUS
10
0.7242293307086614
20
1.9963340157480314
11
0.722798937007874
21
1.9891429133858267
0
LINE
8
BLACK
6
CONTINUOUS
10
0.722798937007874
20
1.9891429133858267
11
0.7199931102362205
21
1.9823690157480314
0
LINE
8
BLACK
6
CONTINUOUS
10
0.7199931102362205
20
1.9823690157480314
11
0.7159196850393701
21
1.9762726771653543
0
LINE
8
BLACK
6
CONTINUOUS
10
0.7159196850393701
20
1.9762726771653543
11
0.7107351968503937
21
1.9710881889763778
0
LINE
8
BLACK
6
CONTINUOUS
10
0.7107351968503937
20
1.9710881889763778
11
0.7046388582677166
21
1.9670147637795274
0
LINE
8
BLACK
6
CONTINUOUS
10
0.7046388582677166
20
1.9670147637795274
11
0.6978649606299212
21
1.9642089370078739
0
LINE
8
BLACK
6
CONTINUOUS
10
0.6978649606299212
20
1.9642089370078739
11
0.6906738582677165
21
1.9627785433070866
0
LINE
8
BLACK
6
CONTINUOUS
10
0.6906738582677165
20
1.9627785433070866
11
0.687007874015748
21
1.9625984251968502
0
LINE
8
BLACK
6
CONTINUOUS
10
0.687007874015748
20
1.9625984251968502
11
0.6673228346456693
21
1.9625984251968502
0
LINE
8
BLACK
6
CONTINUOUS
10
0.6673228346456693
20
1.9625984251968502
11
0.6636568503937008
21
1.9627785433070866
0
LINE
8
BLACK
6
CONTINUOUS
10
0.6636568503937008
20
1.9627785433070866
11
0.656465748031496
21
1.9642089370078739
0
LINE
8
BLACK
6
CONTINUOUS
10
0.656465748031496
20
1.9642089370078739
11
0.6496918503937008
21
1.9670147637795274
0
LINE
8
BLACK
6
CONTINUOUS
10
0.6496918503937008
20
1.9670147637795274
11
0.6435955118110236
21
1.9710881889763778
0
LINE
8
BLACK
6
CONTINUOUS
10
0.6435955118110236
20
1.9710881889763778
11
0.6384110236220473
21
1.9762726771653543
0
LINE
8
BLACK
6
CONTINUOUS
10
0.6384110236220473
20
1.9762726771653543
11
0.6343375984251969
21
1.9823690157480314
0
LINE
8
BLACK
6
CONTINUOUS
10
0.6343375984251969
20
1.9823690157480314
11
0.6315317716535432
21
1.9891429133858267
0
LINE
8
BLACK
6
CONTINUOUS
10
0.6315317716535432
20
1.9891429133858267
11
0.6301013779527559
21
1.9963340157480314
0
LINE
8
BLACK
6
CONTINUOUS
10
0.6301013779527559
20
1.9963340157480314
11
0.6301013779527559
21
2.0036659842519686
0
LINE
8
BLACK
6
CONTINUOUS
10
0.6301013779527559
20
2.0036659842519686
11
0.6315317716535432
21
2.0108570866141733
0
LINE
8
BLACK
6
CONTINUOUS
10
0.6315317716535432
20
2.0108570866141733
11
0.6343375984251969
21
2.0176309842519684
0
LINE
8
BLACK
6
CONTINUOUS
10
0.6343375984251969
20
2.0176309842519684
11
0.6384110236220473
21
2.0237273228346457
0
LINE
8
BLACK
6
CONTINUOUS
10
0.6384110236220473
20
2.0237273228346457
11
0.6435955118110236
21
2.0289118110236219
0
LINE
8
BLACK
6
CONTINUOUS
10
0.6435955118110236
20
2.0289118110236219
11
0.6496918503937008
21
2.0329852362204726
0
LINE
8
BLACK
6
CONTINUOUS
10
0.6496918503937008
20
2.0329852362204726
11
0.656465748031496
21
2.0357910629921259
0
LINE
8
BLACK
6
CONTINUOUS
10
0.656465748031496
20
2.0357910629921259
11
0.6636568503937008
21
2.0372214566929134
0
LINE
8
BLACK
6
CONTINUOUS
10
0.6636568503937008
20
2.0372214566929134
11
0.6673228346456693
21
2.0374015748031495
0
LINE
8
BLACK
6
CONTINUOUS
10
0.6673228346456693
20
2.0374015748031495
11
0.687007874015748
21
2.0374015748031495
0
LINE
8
BLACK
6
CONTINUOUS
10
0.687007874015748
20
2.0374015748031495
11
0.6906738582677165
21
2.0372214566929134
0
LINE
8
BLACK
6
CONTINUOUS
10
2.1394927559055117
20
2.0372214566929134
11
2.1466838582677163
21
2.0357910629921259
0
LINE
8
BLACK
6
CONTINUOUS
10
2.1466838582677163
20
2.0357910629921259
11
2.1534577559055119
21
2.0329852362204726
0
LINE
8
BLACK
6
CONTINUOUS
10
2.1534577559055119
20
2.0329852362204726
11
2.1595540944881888
21
2.0289118110236219
0
LINE
8
BLACK
6
CONTINUOUS
10
2.1595540944881888
20
2.0289118110236219
11
2.1647385826771655
21
2.0237273228346457
0
LINE
8
BLACK
6
CONTINUOUS
10
2.1647385826771655
20
2.0237273228346457
11
2.1688120078740156
21
2.0176309842519684
0
LINE
8
BLACK
6
CONTINUOUS
10
2.1688120078740156
20
2.0176309842519684
11
2.1716178346456694
21
2.0108570866141733
0
LINE
8
BLACK
6
CONTINUOUS
10
2.1716178346456694
20
2.0108570866141733
11
2.1730482283464565
21
2.0036659842519686
0
LINE
8
BLACK
6
CONTINUOUS
10
2.1730482283464565
20
2.0036659842519686
11
2.1730482283464565
21
1.9963340157480314
0
LINE
8
BLACK
6
CONTINUOUS
10
2.1730482283464565
20
1.9963340157480314
11
2.1716178346456694
21
1.9891429133858267
0
LINE
8
BLACK
6
CONTINUOUS
10
2.1716178346456694
20
1.9891429133858267
11
2.1688120078740156
21
1.9823690157480314
0
LINE
8
BLACK
6
CONTINUOUS
10
2.1688120078740156
20
1.9823690157480314
11
2.1647385826771655
21
1.9762726771653543
0
LINE
8
BLACK
6
CONTINUOUS
10
2.1647385826771655
20
1.9762726771653543
11
2.1595540944881888
21
1.9710881889763778
0
LINE
8
BLACK
6
CONTINUOUS
10
2.1595540944881888
20
1.9710881889763778
11
2.1534577559055119
21
1.9670147637795274
0
LINE
8
BLACK
6
CONTINUOUS
10
2.1534577559055119
20
1.9670147637795274
11
2.1466838582677163
21
1.9642089370078739
0
LINE
8
BLACK
6
CONTINUOUS
10
2.1466838582677163
20
1.9642089370078739
11
2.1394927559055117
21
1.9627785433070866
0
LINE
8
BLACK
6
CONTINUOUS
10
2.1394927559055117
20
1.9627785433070866
11
2.1358267716535431
21
1.9625984251968502
0
LINE
8
BLACK
6
CONTINUOUS
10
2.1358267716535431
20
1.9625984251968502
11
2.1161417322834644
21
1.9625984251968502
0
LINE
8
BLACK
6
CONTINUOUS
10
2.1161417322834644
20
1.9625984251968502
11
2.1124757480314962
21
1.9627785433070866
0
LINE
8
BLACK
6
CONTINUOUS
10
2.1124757480314962
20
1.9627785433070866
11
2.1052846456692911
21
1.9642089370078739
0
LINE
8
BLACK
6
CONTINUOUS
10
2.1052846456692911
20
1.9642089370078739
11
2.098510748031496
21
1.9670147637795274
0
LINE
8
BLACK
6
CONTINUOUS
10
2.098510748031496
20
1.9670147637795274
11
2.0924144094488191
21
1.9710881889763778
0
LINE
8
BLACK
6
CONTINUOUS
10
2.0924144094488191
20
1.9710881889763778
11
2.0872299212598424
21
1.9762726771653543
0
LINE
8
BLACK
6
CONTINUOUS
10
2.0872299212598424
20
1.9762726771653543
11
2.0831564960629922
21
1.9823690157480314
0
LINE
8
BLACK
6
CONTINUOUS
10
2.0831564960629922
20
1.9823690157480314
11
2.0803506692913385
21
1.9891429133858267
0
LINE
8
BLACK
6
CONTINUOUS
10
2.0803506692913385
20
1.9891429133858267
11
2.0789202755905509
21
1.9963340157480314
0
LINE
8
BLACK
6
CONTINUOUS
10
2.0789202755905509
20
1.9963340157480314
11
2.0789202755905509
21
2.0036659842519686
0
LINE
8
BLACK
6
CONTINUOUS
10
2.0789202755905509
20
2.0036659842519686
11
2.0803506692913385
21
2.0108570866141733
0
LINE
8
BLACK
6
CONTINUOUS
10
2.0803506692913385
20
2.0108570866141733
11
2.0831564960629922
21
2.0176309842519684
0
LINE
8
BLACK
6
CONTINUOUS
10
2.0831564960629922
20
2.0176309842519684
11
2.0872299212598424
21
2.0237273228346457
0
LINE
8
BLACK
6
CONTINUOUS
10
2.0872299212598424
20
2.0237273228346457
11
2.0924144094488191
21
2.0289118110236219
0
LINE
8
BLACK
6
CONTINUOUS
10
2.0924144094488191
20
2.0289118110236219
11
2.098510748031496
21
2.0329852362204726
0
LINE
8
BLACK
6
CONTINUOUS
10
2.098510748031496
20
2.0329852362204726
11
2.1052846456692911
21
2.0357910629921259
0
LINE
8
BLACK
6
CONTINUOUS
10
2.1052846456692911
20
2.0357910629921259
11
2.1124757480314962
21
2.0372214566929134
0
LINE
8
BLACK
6
CONTINUOUS
10
2.1124757480314962
20
2.0372214566929134
11
2.1161417322834644
21
2.0374015748031495
0
LINE
8
BLACK
6
CONTINUOUS
10
2.1161417322834644
20
2.0374015748031495
11
2.1358267716535431
21
2.0374015748031495
0
LINE
8
BLACK
6
CONTINUOUS
10
2.1358267716535431
20
2.0374015748031495
11
2.1394927559055117
21
2.0372214566929134
0
CIRCLE
8
BLACK
10
1.9763779527559056
20
0.7007874015748031
40
0.0059055118110236
0
CIRCLE
8
BLACK
10
1.8336903543307086
20
0.7116431102362205
40
0.0059055118110236
0
CIRCLE
8
BLACK
10
1.9370078740157479
20
0.5669291338582677
40
0.0059055118110236
0
CIRCLE
8
BLACK
10
2.1259842519685037
20
0.5669291338582677
40
0.0059055118110236
0
CIRCLE
8
BLACK
10
1.295275590551181
20
1.3188976377952755
40
0.0059055118110236
0
CIRCLE
8
BLACK
10
0.7125984251968503
20
1.9330708267716534
40
0.0059055118110236
0
CIRCLE
8
BLACK
10
1.5787401574803148
20
1.8307086614173227
40
0.0059055118110236
0
CIRCLE
8
BLACK
10
0.8858267716535433
20
1.9173228346456692
40
0.0059055118110236
0
CIRCLE
8
BLACK
10
2.1023622047244093
20
1.7992126377952755
40
0.0059055118110236
0
CIRCLE
8
BLACK
10
1.6007874015748031
20
1.4133858267716535
40
0.0059055118110236
0
CIRCLE
8
BLACK
10
0.8031496062992126
20
1.8425196850393701
40
0.0059055118110236
0
CIRCLE
8
BLACK
10
1.2283464566929134
20
1.5433070866141732
40
0.0059055118110236
0
CIRCLE
8
BLACK
10
1.5672454724409448
20
1.4246796062992126
40
0.0059055118110236
0
CIRCLE
8
BLACK
10
0.9291338582677166
20
0.9212598425196851
40
0.0059055118110236
0
CIRCLE
8
BLACK
10
1.6338582677165354
20
1.4685039370078741
40
0.0059055118110236
0
CIRCLE
8
BLACK
10
1.4763779527559056
20
1.4251968503937007
40
0.0059055118110236
0
CIRCLE
8
BLACK
10
1.0275590551181102
20
1.1259842519685039
40
0.0059055118110236
0
CIRCLE
8
BLACK
10
1.4114173228346456
20
1.4271653543307086
40
0.0059055118110236
0
CIRCLE
8
BLACK
10
2.106299212598425
20
1.8385826771653544
40
0.0059055118110236
0
CIRCLE
8
BLACK
10
1.1811023622047243
20
1.8031496062992125
40
0.0059055118110236
0
CIRCLE
8
BLACK
10
2.1811023622047245
20
1.6456692913385826
40
0.0059055118110236
0
CIRCLE
8
BLACK
10
1.5314960629921259
20
1.5551181102362204
40
0.0059055118110236
0
CIRCLE
8
BLACK
10
1.015748031496063
20
1.9291338582677164
40
0.0059055118110236
0
CIRCLE
8
BLACK
10
1.4606299212598426
20
1.4763779527559056
40
0.0059055118110236
0
CIRCLE
8
BLACK
10
1.9921259842519685
20
1.3976377952755905
40
0.0059055118110236
0
CIRCLE
8
BLACK
10
1.2244094488188977
20
1.6181102362204725
40
0.0059055118110236
0
CIRCLE
8
BLACK
10
1.0748031496062991
20
1.3228346456692912
40
0.0059055118110236
0
CIRCLE
8
BLACK
10
1.3346456692913387
20
1.3228346456692912
40
0.0059055118110236
0
CIRCLE
8
BLACK
10
1.1732283464566928
20
1.3149606299212597
40
0.0059055118110236
0
CIRCLE
8
BLACK
10
2.0314960629921259
20
1.4803149606299213
40
0.0059055118110236
0
CIRCLE
8
BLACK
10
1.9606299212598424
20
1.0314960629921259
40
0.0059055118110236
0
CIRCLE
8
BLACK
10
0.5354330708661417
20
2.1181102362204722
40
0.0059055118110236
0
CIRCLE
8
BLACK
10
1.6181102362204725
20
1.6692913385826771
40
0.0059055118110236
0
CIRCLE
8
BLACK
10
2.015748031496063
20
0.6614173228346456
40
0.0059055118110236
0
CIRCLE
8
BLACK
10
1.1811023622047243
20
1.7125984251968505
40
0.0059055118110236
0
CIRCLE
8
BLACK
10
1.078740157480315
20
1.2204724409448819
40
0.0059055118110236
0
CIRCLE
8
BLACK
10
1.795275590551181
20
1.0039370078740157
40
0.0059055118110236
0
CIRCLE
8
BLACK
10
0.7559055118110236
20
2.015748031496063
40
0.0059055118110236
0
CIRCLE
8
BLACK
10
0.9645669291338582
20
1.0354330708661417
40
0.0059055118110236
0
CIRCLE
8
BLACK
10
1.3385826771653544
20
1.5748031496062991
40
0.0059055118110236
0
CIRCLE
8
BLACK
10
1.826771653543307
20
0.84251968503937
40
0.0059055118110236
0
CIRCLE
8
BLACK
10
0.4606299212598425
20
1.8385826771653544
40
0.0059055118110236
0
CIRCLE
8
BLACK
10
1.8228346456692912
20
1.9330708661417322
40
0.0059055118110236
0
CIRCLE
8
BLACK
10
1.8464566929133859
20
0.6771653543307087
40
0.0059055118110236
0
CIRCLE
8
BLACK
10
1.594488188976378
20
1.484251968503937
40
0.0059055118110236
0
CIRCLE
8
BLACK
10
1.1732283464566928
20
1.4448818897637794
40
0.0059055118110236
0
CIRCLE
8
BLACK
10
1.1692913385826771
20
1.5826771653543306
40
0.0059055118110236
0
CIRCLE
8
BLACK
10
1.4409448818897637
20
1.2322834645669292
40
0.0059055118110236
0
CIRCLE
8
BLACK
10
2.2007874015748032
20
0.6889763779527559
40
0.0059055118110236
0
CIRCLE
8
BLACK
10
1.9645669291338583
20
2.0314960629921259
40
0.0059055118110236
0
CIRCLE
8
BLACK
10
1.3346456692913387
20
1.7637795275590551
40
0.0059055118110236
0
CIRCLE
8
BLACK
10
1.6181102362204725
20
1.8818897637795275
40
0.0059055118110236
0
CIRCLE
8
BLACK
10
0.5669291338582677
20
0.6023622047244095
40
0.0059055118110236
0
CIRCLE
8
BLACK
10
1.1811023622047243
20
1.8779527559055118
40
0.0059055118110236
0
CIRCLE
8
BLACK
10
1.4173228346456692
20
1.8779527559055118
40
0.0059055118110236
0
CIRCLE
8
BLACK
10
1.4133858267716535
20
0.9488188976377953
40
0.0059055118110236
0
CIRCLE
8
BLACK
10
2.0314960629921259
20
0.6062992125984252
40
0.0059055118110236
0
CIRCLE
8
BLACK
10
1.5472440944881889
20
1.7716535433070866
40
0.0059055118110236
0
CIRCLE
8
BLACK
10
1.0433070866141732
20
1.8031496062992125
40
0.0059055118110236
0
CIRCLE
8
BLACK
10
1.326771653543307
20
1.5
40
0.0059055118110236
0
CIRCLE
8
BLACK
10
0.7992125984251969
20
2.0748031496062991
40
0.0059055118110236
0
CIRCLE
8
BLACK
10
2.2401574803149606
20
1.6889763779527558
40
0.0059055118110236
0
CIRCLE
8
BLACK
10
2.2125984251968505
20
1.9881889763779528
40
0.0059055118110236
0
CIRCLE
8
BLACK
10
1.7716535433070866
20
1.2244094488188977
40
0.0059055118110236
0
CIRCLE
8
BLACK
10
1.4409448818897637
20
1.3385826771653544
40
0.0059055118110236
0
CIRCLE
8
BLACK
10
1.0669291338582676
20
1.4173228346456692
40
0.0059055118110236
0
CIRCLE
8
BLACK
10
0.6338582677165354
20
1.8779527559055118
40
0.0059055118110236
0
CIRCLE
8
BLACK
10
0.8538385826771653
20
1.8661417322834646
40
0.0059055118110236
0
CIRCLE
8
BLACK
10
0.3070866141732284
20
1.8543307086614174
40
0.0059055118110236
0
CIRCLE
8
BLACK
10
2.2322834645669292
20
2.0629921259842519
40
0.0059055118110236
0
CIRCLE
8
WHITE
10
1.9763779527559056
20
0.7007874015748031
40
0.0059055118110236
0
CIRCLE
8
WHITE
10
1.8336903543307086
20
0.7116431102362205
40
0.0059055118110236
0
CIRCLE
8
WHITE
10
1.9370078740157479
20
0.5669291338582677
40
0.0059055118110236
0
CIRCLE
8
WHITE
10
2.1259842519685037
20
0.5669291338582677
40
0.0059055118110236
0
CIRCLE
8
WHITE
10
1.295275590551181
20
1.3188976377952755
40
0.0059055118110236
0
CIRCLE
8
WHITE
10
0.7125984251968503
20
1.9330708267716534
40
0.0059055118110236
0
CIRCLE
8
WHITE
10
1.5787401574803148
20
1.8307086614173227
40
0.0059055118110236
0
CIRCLE
8
WHITE
10
0.8858267716535433
20
1.9173228346456692
40
0.0059055118110236
0
CIRCLE
8
WHITE
10
2.1023622047244093
20
1.7992126377952755
40
0.0059055118110236
0
CIRCLE
8
WHITE
10
1.6007874015748031
20
1.4133858267716535
40
0.0059055118110236
0
CIRCLE
8
WHITE
10
0.8031496062992126
20
1.8425196850393701
40
0.0059055118110236
0
CIRCLE
8
WHITE
10
1.2283464566929134
20
1.5433070866141732
40
0.0059055118110236
0
CIRCLE
8
WHITE
10
1.5672454724409448
20
1.4246796062992126
40
0.0059055118110236
0
CIRCLE
8
WHITE
10
0.9291338582677166
20
0.9212598425196851
40
0.0059055118110236
0
CIRCLE
8
WHITE
10
1.6338582677165354
20
1.4685039370078741
40
0.0059055118110236
0
CIRCLE
8
WHITE
10
1.4763779527559056
20
1.4251968503937007
40
0.0059055118110236
0
CIRCLE
8
WHITE
10
1.0275590551181102
20
1.1259842519685039
40
0.0059055118110236
0
CIRCLE
8
WHITE
10
1.4114173228346456
20
1.4271653543307086
40
0.0059055118110236
0
CIRCLE
8
WHITE
10
2.106299212598425
20
1.8385826771653544
40
0.0059055118110236
0
CIRCLE
8
WHITE
10
1.1811023622047243
20
1.8031496062992125
40
0.0059055118110236
0
CIRCLE
8
WHITE
10
2.1811023622047245
20
1.6456692913385826
40
0.0059055118110236
0
CIRCLE
8
WHITE
10
1.5314960629921259
20
1.5551181102362204
40
0.0059055118110236
0
CIRCLE
8
WHITE
10
1.015748031496063
20
1.9291338582677164
40
0.0059055118110236
0
CIRCLE
8
WHITE
10
1.4606299212598426
20
1.4763779527559056
40
0.0059055118110236
0
CIRCLE
8
WHITE
10
1.9921259842519685
20
1.3976377952755905
40
0.0059055118110236
0
CIRCLE
8
WHITE
10
1.2244094488188977
20
1.6181102362204725
40
0.0059055118110236
0
CIRCLE
8
WHITE
10
1.0748031496062991
20
1.3228346456692912
40
0.0059055118110236
0
CIRCLE
8
WHITE
10
1.3346456692913387
20
1.3228346456692912
40
0.0059055118110236
0
CIRCLE
8
WHITE
10
1.1732283464566928
20
1.3149606299212597
40
0.0059055118110236
0
CIRCLE
8
WHITE
10
2.0314960629921259
20
1.4803149606299213
40
0.0059055118110236
0
CIRCLE
8
WHITE
10
1.9606299212598424
20
1.0314960629921259
40
0.0059055118110236
0
CIRCLE
8
WHITE
10
0.5354330708661417
20
2.1181102362204722
40
0.0059055118110236
0
CIRCLE
8
WHITE
10
1.6181102362204725
20
1.6692913385826771
40
0.0059055118110236
0
CIRCLE
8
WHITE
10
2.015748031496063
20
0.6614173228346456
40
0.0059055118110236
0
CIRCLE
8
WHITE
10
1.1811023622047243
20
1.7125984251968505
40
0.0059055118110236
0
CIRCLE
8
WHITE
10
1.078740157480315
20
1.2204724409448819
40
0.0059055118110236
0
CIRCLE
8
WHITE
10
1.795275590551181
20
1.0039370078740157
40
0.0059055118110236
0
CIRCLE
8
WHITE
10
0.7559055118110236
20
2.015748031496063
40
0.0059055118110236
0
CIRCLE
8
WHITE
10
0.9645669291338582
20
1.0354330708661417
40
0.0059055118110236
0
CIRCLE
8
WHITE
10
1.3385826771653544
20
1.5748031496062991
40
0.0059055118110236
0
CIRCLE
8
WHITE
10
1.826771653543307
20
0.84251968503937
40
0.0059055118110236
0
CIRCLE
8
WHITE
10
0.4606299212598425
20
1.8385826771653544
40
0.0059055118110236
0
CIRCLE
8
WHITE
10
1.8228346456692912
20
1.9330708661417322
40
0.0059055118110236
0
CIRCLE
8
WHITE
10
1.8464566929133859
20
0.6771653543307087
40
0.0059055118110236
0
CIRCLE
8
WHITE
10
1.594488188976378
20
1.484251968503937
40
0.0059055118110236
0
CIRCLE
8
WHITE
10
1.1732283464566928
20
1.4448818897637794
40
0.0059055118110236
0
CIRCLE
8
WHITE
10
1.1692913385826771
20
1.5826771653543306
40
0.0059055118110236
0
CIRCLE
8
WHITE
10
1.4409448818897637
20
1.2322834645669292
40
0.0059055118110236
0
CIRCLE
8
WHITE
10
2.2007874015748032
20
0.6889763779527559
40
0.0059055118110236
0
CIRCLE
8
WHITE
10
1.9645669291338583
20
2.0314960629921259
40
0.0059055118110236
0
CIRCLE
8
WHITE
10
1.3346456692913387
20
1.7637795275590551
40
0.0059055118110236
0
CIRCLE
8
WHITE
10
1.6181102362204725
20
1.8818897637795275
40
0.0059055118110236
0
CIRCLE
8
WHITE
10
0.5669291338582677
20
0.6023622047244095
40
0.0059055118110236
0
CIRCLE
8
WHITE
10
1.1811023622047243
20
1.8779527559055118
40
0.0059055118110236
0
CIRCLE
8
WHITE
10
1.4173228346456692
20
1.8779527559055118
40
0.0059055118110236
0
CIRCLE
8
WHITE
10
1.4133858267716535
20
0.9488188976377953
40
0.0059055118110236
0
CIRCLE
8
WHITE
10
2.0314960629921259
20
0.6062992125984252
40
0.0059055118110236
0
CIRCLE
8
WHITE
10
1.5472440944881889
20
1.7716535433070866
40
0.0059055118110236
0
CIRCLE
8
WHITE
10
1.0433070866141732
20
1.8031496062992125
40
0.0059055118110236
0
CIRCLE
8
WHITE
10
1.326771653543307
20
1.5
40
0.0059055118110236
0
CIRCLE
8
WHITE
10
0.7992125984251969
20
2.0748031496062991
40
0.0059055118110236
0
CIRCLE
8
WHITE
10
2.2401574803149606
20
1.6889763779527558
40
0.0059055118110236
0
CIRCLE
8
WHITE
10
2.2125984251968505
20
1.9881889763779528
40
0.0059055118110236
0
CIRCLE
8
WHITE
10
1.7716535433070866
20
1.2244094488188977
40
0.0059055118110236
0
CIRCLE
8
WHITE
10
1.4409448818897637
20
1.3385826771653544
40
0.0059055118110236
0
CIRCLE
8
WHITE
10
1.0669291338582676
20
1.4173228346456692
40
0.0059055118110236
0
CIRCLE
8
WHITE
10
0.6338582677165354
20
1.8779527559055118
40
0.0059055118110236
0
CIRCLE
8
WHITE
10
0.8538385826771653
20
1.8661417322834646
40
0.0059055118110236
0
CIRCLE
8
WHITE
10
0.3070866141732284
20
1.8543307086614174
40
0.0059055118110236
0
CIRCLE
8
WHITE
10
2.2322834645669292
20
2.0629921259842519
40
0.0059055118110236
0
CIRCLE
8
WHITE
10
2.3055118110236221
20
0.4
40
0.0068897637795276
0
CIRCLE
8
WHITE
10
2.3331867716535433
20
0.4668132283464567
40
0.0068897637795276
0
CIRCLE
8
WHITE
10
2.3331867716535433
20
0.3331867716535433
40
0.0068897637795276
0
CIRCLE
8
WHITE
10
2.3999999999999999
20
0.4944881889763779
40
0.0068897637795276
0
CIRCLE
8
WHITE
10
2.3999999999999999
20
0.4
40
0.0068897637795276
0
CIRCLE
8
WHITE
10
2.3999999999999999
20
0.305511811023622
40
0.0068897637795276
0
CIRCLE
8
WHITE
10
2.4668132283464566
20
0.4668132283464567
40
0.0068897637795276
0
CIRCLE
8
WHITE
10
2.4668132283464566
20
0.3331867716535433
40
0.0068897637795276
0
CIRCLE
8
WHITE
10
2.4944881889763777
20
0.4
40
0.0068897637795276
0
CIRCLE
8
WHITE
10
1.6299212204724409
20
0.6204724409448819
40
0.0068897637795276
0
CIRCLE
8
WHITE
10
1.5299212204724408
20
0.6204724409448819
40
0.0068897637795276
0
CIRCLE
8
WHITE
10
1.6299212598425197
20
0.7204724409448818
40
0.0068897637795276
0
CIRCLE
8
WHITE
10
1.5299211811023621
20
0.7204724409448818
40
0.0068897637795276
0
CIRCLE
8
WHITE
10
1.6299212204724409
20
0.8204724409448819
40
0.0068897637795276
0
CIRCLE
8
WHITE
10
1.5299212204724408
20
0.8204724409448819
40
0.0068897637795276
0
CIRCLE
8
WHITE
10
0.8267716141732283
20
0.6204724409448819
40
0.0068897637795276
0
CIRCLE
8
WHITE
10
0.7267716141732283
20
0.6204724409448819
40
0.0068897637795276
0
CIRCLE
8
WHITE
10
0.8267716535433071
20
0.7204724409448818
40
0.0068897637795276
0
CIRCLE
8
WHITE
10
0.7267715748031496
20
0.7204724409448818
40
0.0068897637795276
0
CIRCLE
8
WHITE
10
0.8267716141732283
20
0.8204724409448819
40
0.0068897637795276
0
CIRCLE
8
WHITE
10
0.7267716141732283
20
0.8204724409448819
40
0.0068897637795276
0
CIRCLE
8
WHITE
10
0.305511811023622
20
0.4
40
0.0068897637795276
0
CIRCLE
8
WHITE
10
0.3331867716535433
20
0.4668132283464567
40
0.0068897637795276
0
CIRCLE
8
WHITE
10
0.3331867716535433
20
0.3331867716535433
40
0.0068897637795276
0
CIRCLE
8
WHITE
10
0.4
20
0.4944881889763779
40
0.0068897637795276
0
CIRCLE
8
WHITE
10
0.4
20
0.4
40
0.0068897637795276
0
CIRCLE
8
WHITE
10
0.4
20
0.305511811023622
40
0.0068897637795276
0
CIRCLE
8
WHITE
10
0.4668132283464567
20
0.4668132283464567
40
0.0068897637795276
0
CIRCLE
8
WHITE
10
0.4668132283464567
20
0.3331867716535433
40
0.0068897637795276
0
CIRCLE
8
WHITE
10
0.4944881889763779
20
0.4
40
0.0068897637795276
0
CIRCLE
8
WHITE
10
0.305511811023622
20
2.
40
0.0068897637795276
0
CIRCLE
8
WHITE
10
0.3331867716535433
20
2.0668132283464566
40
0.0068897637795276
0
CIRCLE
8
WHITE
10
0.3331867716535433
20
1.9331867716535434
40
0.0068897637795276
0
CIRCLE
8
WHITE
10
0.4
20
2.0944881889763778
40
0.0068897637795276
0
CIRCLE
8
WHITE
10
0.4
20
2.
40
0.0068897637795276
0
CIRCLE
8
WHITE
10
0.4
20
1.905511811023622
40
0.0068897637795276
0
CIRCLE
8
WHITE
10
0.4668132283464567
20
2.0668132283464566
40
0.0068897637795276
0
CIRCLE
8
WHITE
10
0.4668132283464567
20
1.9331867716535434
40
0.0068897637795276
0
CIRCLE
8
WHITE
10
0.4944881889763779
20
2.
40
0.0068897637795276
0
CIRCLE
8
WHITE
10
1.7283464566929134
20
0.4318897637795275
40
0.0068897637795276
0
CIRCLE
8
WHITE
10
1.7283464566929134
20
0.3318897637795276
40
0.0068897637795276
0
CIRCLE
8
WHITE
10
1.6283464566929133
20
0.4318897637795275
40
0.0068897637795276
0
CIRCLE
8
WHITE
10
1.6283464566929133
20
0.3318897637795276
40
0.0068897637795276
0
CIRCLE
8
WHITE
10
1.5283464566929132
20
0.4318897637795275
40
0.0068897637795276
0
CIRCLE
8
WHITE
10
1.5283464566929132
20
0.3318897637795276
40
0.0068897637795276
0
CIRCLE
8
WHITE
10
1.4283464566929134
20
0.4318898031496063
40
0.0068897637795276
0
CIRCLE
8
WHITE
10
1.4283464566929134
20
0.3318897244094488
40
0.0068897637795276
0
CIRCLE
8
WHITE
10
1.3283464566929133
20
0.4318897637795275
40
0.0068897637795276
0
CIRCLE
8
WHITE
10
1.3283464566929133
20
0.3318897637795276
40
0.0068897637795276
0
CIRCLE
8
WHITE
10
1.2283464566929134
20
0.4318897637795275
40
0.0068897637795276
0
CIRCLE
8
WHITE
10
1.2283464566929134
20
0.3318897637795276
40
0.0068897637795276
0
CIRCLE
8
WHITE
10
1.1283464566929133
20
0.4318897637795275
40
0.0068897637795276
0
CIRCLE
8
WHITE
10
1.1283464566929133
20
0.3318897637795276
40
0.0068897637795276
0
CIRCLE
8
WHITE
10
1.0283464566929135
20
0.4318897637795275
40
0.0068897637795276
0
CIRCLE
8
WHITE
10
1.0283464566929135
20
0.3318897637795276
40
0.0068897637795276
0
CIRCLE
8
WHITE
10
0.9283464566929134
20
0.4318898031496063
40
0.0068897637795276
0
CIRCLE
8
WHITE
10
0.9283464566929134
20
0.3318897244094488
40
0.0068897637795276
0
CIRCLE
8
WHITE
10
0.8283464566929134
20
0.4318897637795275
40
0.0068897637795276
0
CIRCLE
8
WHITE
10
0.8283464566929134
20
0.3318897637795276
40
0.0068897637795276
0
CIRCLE
8
WHITE
10
0.7283464566929134
20
0.4318897637795275
40
0.0068897637795276
0
CIRCLE
8
WHITE
10
0.7283464566929134
20
0.3318897637795276
40
0.0068897637795276
0
CIRCLE
8
WHITE
10
0.6283464566929133
20
0.4318897637795275
40
0.0068897637795276
0
CIRCLE
8
WHITE
10
0.6283464566929133
20
0.3318897637795276
40
0.0068897637795276
0
CIRCLE
8
WHITE
10
0.4188976377952756
20
0.6535433070866141
40
0.0068897637795276
0
CIRCLE
8
WHITE
10
0.3188976377952756
20
0.6535433070866141
40
0.0068897637795276
0
CIRCLE
8
WHITE
10
0.4188976377952756
20
0.7535433070866142
40
0.0068897637795276
0
CIRCLE
8
WHITE
10
0.3188976377952756
20
0.7535433070866142
40
0.0068897637795276
0
CIRCLE
8
WHITE
10
0.4188976377952756
20
0.8535433070866142
40
0.0068897637795276
0
CIRCLE
8
WHITE
10
0.3188976377952756
20
0.8535433070866142
40
0.0068897637795276
0
CIRCLE
8
WHITE
10
0.4188976771653543
20
0.9535433070866142
40
0.0068897637795276
0
CIRCLE
8
WHITE
10
0.3188975984251968
20
0.9535433070866142
40
0.0068897637795276
0
CIRCLE
8
WHITE
10
0.4188976377952756
20
1.0535433070866143
40
0.0068897637795276
0
CIRCLE
8
WHITE
10
0.3188976377952756
20
1.0535433070866143
40
0.0068897637795276
0
CIRCLE
8
WHITE
10
0.4188976377952756
20
1.1535433070866141
40
0.0068897637795276
0
CIRCLE
8
WHITE
10
0.3188976377952756
20
1.1535433070866141
40
0.0068897637795276
0
CIRCLE
8
WHITE
10
0.4188976377952756
20
1.2535433070866142
40
0.0068897637795276
0
CIRCLE
8
WHITE
10
0.3188976377952756
20
1.2535433070866142
40
0.0068897637795276
0
CIRCLE
8
WHITE
10
0.4188976377952756
20
1.3535433070866141
40
0.0068897637795276
0
CIRCLE
8
WHITE
10
0.3188976377952756
20
1.3535433070866141
40
0.0068897637795276
0
CIRCLE
8
WHITE
10
0.4188976771653543
20
1.4535433070866142
40
0.0068897637795276
0
CIRCLE
8
WHITE
10
0.3188975984251968
20
1.4535433070866142
40
0.0068897637795276
0
CIRCLE
8
WHITE
10
0.4188976377952756
20
1.553543307086614
40
0.0068897637795276
0
CIRCLE
8
WHITE
10
0.3188976377952756
20
1.553543307086614
40
0.0068897637795276
0
CIRCLE
8
WHITE
10
0.4188976377952756
20
1.6535433070866141
40
0.0068897637795276
0
CIRCLE
8
WHITE
10
0.3188976377952756
20
1.6535433070866141
40
0.0068897637795276
0
CIRCLE
8
WHITE
10
0.4188976377952756
20
1.7535433070866142
40
0.0068897637795276
0
CIRCLE
8
WHITE
10
0.3188976377952756
20
1.7535433070866142
40
0.0068897637795276
0
CIRCLE
8
WHITE
10
2.3622047244094486
20
1.7488188976377952
40
0.0068897637795276
0
CIRCLE
8
WHITE
10
2.4622047244094487
20
1.7488188976377952
40
0.0068897637795276
0
CIRCLE
8
WHITE
10
2.3622047244094486
20
1.6488188976377953
40
0.0068897637795276
0
CIRCLE
8
WHITE
10
2.4622047244094487
20
1.6488188976377953
40
0.0068897637795276
0
CIRCLE
8
WHITE
10
2.3622047244094486
20
1.5488188976377952
40
0.0068897637795276
0
CIRCLE
8
WHITE
10
2.4622047244094487
20
1.5488188976377952
40
0.0068897637795276
0
CIRCLE
8
WHITE
10
2.3622047244094486
20
1.4488188976377951
40
0.0068897637795276
0
CIRCLE
8
WHITE
10
2.4622047244094487
20
1.4488188976377951
40
0.0068897637795276
0
CIRCLE
8
WHITE
10
2.3622047244094486
20
1.3488188976377953
40
0.0068897637795276
0
CIRCLE
8
WHITE
10
2.4622047244094487
20
1.3488188976377953
40
0.0068897637795276
0
CIRCLE
8
WHITE
10
2.3622047244094486
20
1.2488188976377952
40
0.0068897637795276
0
CIRCLE
8
WHITE
10
2.4622047244094487
20
1.2488188976377952
40
0.0068897637795276
0
CIRCLE
8
WHITE
10
2.3622047244094486
20
1.1488188976377953
40
0.0068897637795276
0
CIRCLE
8
WHITE
10
2.4622047244094487
20
1.1488188976377953
40
0.0068897637795276
0
CIRCLE
8
WHITE
10
2.3622047244094486
20
1.0488188976377952
40
0.0068897637795276
0
CIRCLE
8
WHITE
10
2.4622047244094487
20
1.0488188976377952
40
0.0068897637795276
0
CIRCLE
8
WHITE
10
2.3622047244094486
20
0.9488188976377953
40
0.0068897637795276
0
CIRCLE
8
WHITE
10
2.4622047244094487
20
0.9488188976377953
40
0.0068897637795276
0
CIRCLE
8
WHITE
10
2.3622047244094486
20
0.8488188976377953
40
0.0068897637795276
0
CIRCLE
8
WHITE
10
2.4622047244094487
20
0.8488188976377953
40
0.0068897637795276
0
CIRCLE
8
WHITE
10
2.3622047244094486
20
0.7488188976377953
40
0.0068897637795276
0
CIRCLE
8
WHITE
10
2.4622047244094487
20
0.7488188976377953
40
0.0068897637795276
0
CIRCLE
8
WHITE
10
2.3622047244094486
20
0.6488188976377952
40
0.0068897637795276
0
CIRCLE
8
WHITE
10
2.4622047244094487
20
0.6488188976377952
40
0.0068897637795276
0
CIRCLE
8
WHITE
10
2.1535432677165356
20
0.8944881889763779
40
0.0068897637795276
0
CIRCLE
8
WHITE
10
2.0535432677165355
20
0.8944881889763779
40
0.0068897637795276
0
CIRCLE
8
WHITE
10
2.1535432677165356
20
0.9944881889763779
40
0.0068897637795276
0
CIRCLE
8
WHITE
10
2.0535432677165355
20
0.9944881889763779
40
0.0068897637795276
0
CIRCLE
8
WHITE
10
2.1535433070866143
20
1.094488188976378
40
0.0068897637795276
0
CIRCLE
8
WHITE
10
2.0535432283464568
20
1.094488188976378
40
0.0068897637795276
0
CIRCLE
8
WHITE
10
2.1535432677165356
20
1.1944881889763779
40
0.0068897637795276
0
CIRCLE
8
WHITE
10
2.0535432677165355
20
1.1944881889763779
40
0.0068897637795276
0
CIRCLE
8
WHITE
10
2.1535432677165356
20
1.294488188976378
40
0.0068897637795276
0
CIRCLE
8
WHITE
10
2.0535432677165355
20
1.294488188976378
40
0.0068897637795276
0
CIRCLE
8
WHITE
10
2.3055118110236221
20
2.
40
0.0068897637795276
0
CIRCLE
8
WHITE
10
2.3331867716535433
20
2.0668132283464566
40
0.0068897637795276
0
CIRCLE
8
WHITE
10
2.3331867716535433
20
1.9331867716535434
40
0.0068897637795276
0
CIRCLE
8
WHITE
10
2.3999999999999999
20
2.0944881889763778
40
0.0068897637795276
0
CIRCLE
8
WHITE
10
2.3999999999999999
20
2.
40
0.0068897637795276
0
CIRCLE
8
WHITE
10
2.3999999999999999
20
1.905511811023622
40
0.0068897637795276
0
CIRCLE
8
WHITE
10
2.4668132283464566
20
2.0668132283464566
40
0.0068897637795276
0
CIRCLE
8
WHITE
10
2.4668132283464566
20
1.9331867716535434
40
0.0068897637795276
0
CIRCLE
8
WHITE
10
2.4944881889763777
20
2.
40
0.0068897637795276
0
CIRCLE
8
WHITE
10
2.1456692913385824
20
0.4724409448818898
40
0.0068897637795276
0
CIRCLE
8
WHITE
10
1.918110157480315
20
0.4724409448818898
40
0.0068897637795276
0
LINE
8
WHITE
6
CONTINUOUS
10
2.2137794881889765
20
0.3118110236220472
11
2.2137794881889765
21
0.3433070866141732
0
ARC
8
WHITE
10
2.2019684645669293
20
0.3433070866141732
40
0.0118110236220472
50
0.00000000
51
180.00000000
0
LINE
8
WHITE
6
CONTINUOUS
10
2.1901574409448816
20
0.3433070866141732
11
2.1901574409448816
21
0.3118110236220472
0
ARC
8
WHITE
10
2.2019684645669293
20
0.3118110236220472
40
0.0118110236220472
50
180.00000000
51
360.00000000
0
LINE
8
WHITE
6
CONTINUOUS
10
1.8736220078740158
20
0.3118110236220472
11
1.8736220078740158
21
0.3433070866141732
0
ARC
8
WHITE
10
1.8618109842519686
20
0.3433070866141732
40
0.0118110236220472
50
0.00000000
51
180.00000000
0
LINE
8
WHITE
6
CONTINUOUS
10
1.8499999606299211
20
0.3433070866141732
11
1.8499999606299211
21
0.3118110236220472
0
ARC
8
WHITE
10
1.8618109842519686
20
0.3118110236220472
40
0.0118110236220472
50
180.00000000
51
360.00000000
0
LINE
8
WHITE
6
CONTINUOUS
10
2.2137794881889765
20
0.4704724409448819
11
2.2137794881889765
21
0.5137795275590551
0
ARC
8
WHITE
10
2.2019684645669293
20
0.5137795275590551
40
0.0118110236220472
50
0.00000000
51
180.00000000
0
LINE
8
WHITE
6
CONTINUOUS
10
2.1901574409448816
20
0.5137795275590551
11
2.1901574409448816
21
0.4704724409448819
0
ARC
8
WHITE
10
2.2019684645669293
20
0.4704724409448819
40
0.0118110236220472
50
180.00000000
51
360.00000000
0
LINE
8
WHITE
6
CONTINUOUS
10
1.8736220078740158
20
0.4704724409448819
11
1.8736220078740158
21
0.5137795275590551
0
ARC
8
WHITE
10
1.8618109842519686
20
0.5137795275590551
40
0.0118110236220472
50
0.00000000
51
180.00000000
0
LINE
8
WHITE
6
CONTINUOUS
10
1.8499999606299211
20
0.5137795275590551
11
1.8499999606299211
21
0.4704724409448819
0
ARC
8
WHITE
10
1.8618109842519686
20
0.4704724409448819
40
0.0118110236220472
50
180.00000000
51
360.00000000
0
LINE
8
WHITE
6
CONTINUOUS
10
0.6673228346456693
20
1.962598464566929
11
0.687007874015748
21
1.962598464566929
0
ARC
8
WHITE
10
0.687007874015748
20
2.
40
0.0374015354330709
50
-90.00000000
51
90.00000000
0
LINE
8
WHITE
6
CONTINUOUS
10
0.687007874015748
20
2.0374015354330708
11
0.6673228346456693
21
2.0374015354330708
0
ARC
8
WHITE
10
0.6673228346456693
20
2.
40
0.0374015354330709
50
90.00000000
51
270.00000000
0
LINE
8
WHITE
6
CONTINUOUS
10
2.1161417322834644
20
1.962598464566929
11
2.1358267716535431
21
1.962598464566929
0
ARC
8
WHITE
10
2.1358267716535431
20
2.
40
0.0374015354330709
50
-90.00000000
51
90.00000000
0
LINE
8
WHITE
6
CONTINUOUS
10
2.1358267716535431
20
2.0374015354330708
11
2.1161417322834644
21
2.0374015354330708
0
ARC
8
WHITE
10
2.1161417322834644
20
2.
40
0.0374015354330709
50
90.00000000
51
270.00000000
  0
ENDSEC
  0
EOF
