  0
SECTION
  2
HEADER
  9
$ANGBASE
  50
0.0
  9
$ANGDIR
  70
1
  9
$MEASUREMENT
  70
0
  0
ENDSEC
  0
SECTION
  2
TABLES
  0
TABLE
  2
LTYPE
  70
4
  0
LTYPE
  5
40F
  2
CONTINUOUS
  70
0
  3
Solid line
  72
65
  73
0
  40
0.0
  0
LTYPE
  5
410
  2
DASHDOT
 70
0
  3
Dash Dot ____ _ ____ _
 72
65
 73
4
 40
2.0
 49
1.25
 49
-0.25
 49
0.25
 49
-0.25
  0
LTYPE
  5
411
  2
DASHED
 70
0
  3
Dashed __ __ __ __ __
 72
65
 73
2
 40
0.75
 49
0.5
 49
-0.25
  0
LTYPE
  5
43B
  2
DOTTED
 70
0
  3
Dotted .  .  .  .
 72
65
 73
2
 40
0.2
 49
0.0
 49
-0.2
  0
ENDTAB
  0
TABLE
  2
STYLE
  70
4
  0
STYLE
  2
KICAD
  70
0
  40
0
  41
1
  42
1
  50
0
  71
0
  3
isocp.shx
  0
STYLE
  2
KICADB
  70
0
  40
0
  41
1
  42
1
  50
0
  71
0
  3
isocp.shx
  0
STYLE
  2
KICADI
  70
0
  40
0
  41
1
  42
1
  50
15
  71
0
  3
isocp.shx
  0
STYLE
  2
KICADBI
  70
0
  40
0
  41
1
  42
1
  50
15
  71
0
  3
isocp.shx
  0
ENDTAB
  0
TABLE
  2
LAYER
  70
1
  0
LAYER
  2
BLACK
  70
0
  62
7
  6
CONTINUOUS
  0
ENDTAB
  0
ENDSEC
  0
SECTION
  2
ENTITIES
0
LINE
8
BLACK
6
CONTINUOUS
10
1.8454943307086613
20
0.278864094488189
11
1.8465805511811024
21
0.277777874015748
0
LINE
8
BLACK
6
CONTINUOUS
10
1.8465805511811024
20
0.277777874015748
11
1.8471684251968503
21
0.2763586614173228
0
LINE
8
BLACK
6
CONTINUOUS
10
1.8471684251968503
20
0.2763586614173228
11
1.8472440551181102
21
0.2755905905511811
0
LINE
8
BLACK
6
CONTINUOUS
10
1.8472440551181102
20
0.2755905905511811
11
1.8472440551181102
21
0.2291338582677165
0
LINE
8
BLACK
6
CONTINUOUS
10
1.8472440551181102
20
0.2291338582677165
11
2.2165353937007874
21
0.2291338582677165
0
LINE
8
BLACK
6
CONTINUOUS
10
2.2165353937007874
20
0.2291338582677165
11
2.2165353937007874
21
0.2755905905511811
0
LINE
8
BLACK
6
CONTINUOUS
10
2.2165353937007874
20
0.2755905905511811
11
2.2166110236220473
21
0.2763586614173228
0
LINE
8
BLACK
6
CONTINUOUS
10
2.2166110236220473
20
0.2763586614173228
11
2.2171988976377954
21
0.277777874015748
0
LINE
8
BLACK
6
CONTINUOUS
10
2.2171988976377954
20
0.277777874015748
11
2.2182851181102361
21
0.278864094488189
0
LINE
8
BLACK
6
CONTINUOUS
10
2.2182851181102361
20
0.278864094488189
11
2.2197043307086615
21
0.279451968503937
0
LINE
8
BLACK
6
CONTINUOUS
10
2.2197043307086615
20
0.279451968503937
11
2.2212404724409449
21
0.279451968503937
0
LINE
8
BLACK
6
CONTINUOUS
10
2.2212404724409449
20
0.279451968503937
11
2.2226596850393698
21
0.278864094488189
0
LINE
8
BLACK
6
CONTINUOUS
10
2.2226596850393698
20
0.278864094488189
11
2.2237459055118109
21
0.277777874015748
0
LINE
8
BLACK
6
CONTINUOUS
10
2.2237459055118109
20
0.277777874015748
11
2.2243337795275591
21
0.2763586614173228
0
LINE
8
BLACK
6
CONTINUOUS
10
2.2243337795275591
20
0.2763586614173228
11
2.2244094094488189
21
0.2755905905511811
0
LINE
8
BLACK
6
CONTINUOUS
10
2.2244094094488189
20
0.2755905905511811
11
2.2244094094488189
21
0.2251968503937008
0
LINE
8
BLACK
6
CONTINUOUS
10
2.2244094094488189
20
0.2251968503937008
11
2.2243337795275591
21
0.224428779527559
0
LINE
8
BLACK
6
CONTINUOUS
10
2.2243337795275591
20
0.224428779527559
11
2.2237459055118109
21
0.2230095669291338
0
LINE
8
BLACK
6
CONTINUOUS
10
2.2237459055118109
20
0.2230095669291338
11
2.2226596850393698
21
0.2219233464566929
0
LINE
8
BLACK
6
CONTINUOUS
10
2.2226596850393698
20
0.2219233464566929
11
2.2212404724409449
21
0.2213354724409449
0
LINE
8
BLACK
6
CONTINUOUS
10
2.2212404724409449
20
0.2213354724409449
11
2.2204724015748032
21
0.221259842519685
0
LINE
8
BLACK
6
CONTINUOUS
10
2.2204724015748032
20
0.221259842519685
11
1.8433070472440944
21
0.221259842519685
0
LINE
8
BLACK
6
CONTINUOUS
10
1.8433070472440944
20
0.221259842519685
11
1.8425389763779527
21
0.2213354724409449
0
LINE
8
BLACK
6
CONTINUOUS
10
1.8425389763779527
20
0.2213354724409449
11
1.8411197637795276
21
0.2219233464566929
0
LINE
8
BLACK
6
CONTINUOUS
10
1.8411197637795276
20
0.2219233464566929
11
1.8400335433070867
21
0.2230095669291338
0
LINE
8
BLACK
6
CONTINUOUS
10
1.8400335433070867
20
0.2230095669291338
11
1.8394456692913386
21
0.224428779527559
0
LINE
8
BLACK
6
CONTINUOUS
10
1.8394456692913386
20
0.224428779527559
11
1.8393700393700787
21
0.2251968503937008
0
LINE
8
BLACK
6
CONTINUOUS
10
1.8393700393700787
20
0.2251968503937008
11
1.8393700393700787
21
0.2755905905511811
0
LINE
8
BLACK
6
CONTINUOUS
10
1.8393700393700787
20
0.2755905905511811
11
1.8394456692913386
21
0.2763586614173228
0
LINE
8
BLACK
6
CONTINUOUS
10
1.8394456692913386
20
0.2763586614173228
11
1.8400335433070867
21
0.277777874015748
0
LINE
8
BLACK
6
CONTINUOUS
10
1.8400335433070867
20
0.277777874015748
11
1.8411197637795276
21
0.278864094488189
0
LINE
8
BLACK
6
CONTINUOUS
10
1.8411197637795276
20
0.278864094488189
11
1.8425389763779527
21
0.279451968503937
0
LINE
8
BLACK
6
CONTINUOUS
10
1.8425389763779527
20
0.279451968503937
11
1.8440751181102362
21
0.279451968503937
0
LINE
8
BLACK
6
CONTINUOUS
10
1.8440751181102362
20
0.279451968503937
11
1.8454943307086613
21
0.278864094488189
0
LINE
8
BLACK
6
CONTINUOUS
10
1.8454943307086613
20
0.4351632283464567
11
1.8465805511811024
21
0.4340770078740158
0
LINE
8
BLACK
6
CONTINUOUS
10
1.8465805511811024
20
0.4340770078740158
11
1.8471684251968503
21
0.4326577952755906
0
LINE
8
BLACK
6
CONTINUOUS
10
1.8471684251968503
20
0.4326577952755906
11
1.8472440551181102
21
0.4318897244094488
0
LINE
8
BLACK
6
CONTINUOUS
10
1.8472440551181102
20
0.4318897244094488
11
1.8472440551181102
21
0.3826771653543307
0
LINE
8
BLACK
6
CONTINUOUS
10
1.8472440551181102
20
0.3826771653543307
11
1.8471684251968503
21
0.381909094488189
0
LINE
8
BLACK
6
CONTINUOUS
10
1.8471684251968503
20
0.381909094488189
11
1.8465805511811024
21
0.3804898818897638
0
LINE
8
BLACK
6
CONTINUOUS
10
1.8465805511811024
20
0.3804898818897638
11
1.8454943307086613
21
0.3794036614173228
0
LINE
8
BLACK
6
CONTINUOUS
10
1.8454943307086613
20
0.3794036614173228
11
1.8440751181102362
21
0.3788157874015748
0
LINE
8
BLACK
6
CONTINUOUS
10
1.8440751181102362
20
0.3788157874015748
11
1.8425389763779527
21
0.3788157874015748
0
LINE
8
BLACK
6
CONTINUOUS
10
1.8425389763779527
20
0.3788157874015748
11
1.8411197637795276
21
0.3794036614173228
0
LINE
8
BLACK
6
CONTINUOUS
10
1.8411197637795276
20
0.3794036614173228
11
1.8400335433070867
21
0.3804898818897638
0
LINE
8
BLACK
6
CONTINUOUS
10
1.8400335433070867
20
0.3804898818897638
11
1.8394456692913386
21
0.381909094488189
0
LINE
8
BLACK
6
CONTINUOUS
10
1.8394456692913386
20
0.381909094488189
11
1.8393700393700787
21
0.3826771653543307
0
LINE
8
BLACK
6
CONTINUOUS
10
1.8393700393700787
20
0.3826771653543307
11
1.8393700393700787
21
0.4318897244094488
0
LINE
8
BLACK
6
CONTINUOUS
10
1.8393700393700787
20
0.4318897244094488
11
1.8394456692913386
21
0.4326577952755906
0
LINE
8
BLACK
6
CONTINUOUS
10
1.8394456692913386
20
0.4326577952755906
11
1.8400335433070867
21
0.4340770078740158
0
LINE
8
BLACK
6
CONTINUOUS
10
1.8400335433070867
20
0.4340770078740158
11
1.8411197637795276
21
0.4351632283464567
0
LINE
8
BLACK
6
CONTINUOUS
10
1.8411197637795276
20
0.4351632283464567
11
1.8425389763779527
21
0.4357511023622047
0
LINE
8
BLACK
6
CONTINUOUS
10
1.8425389763779527
20
0.4357511023622047
11
1.8440751181102362
21
0.4357511023622047
0
LINE
8
BLACK
6
CONTINUOUS
10
1.8440751181102362
20
0.4357511023622047
11
1.8454943307086613
21
0.4351632283464567
0
LINE
8
BLACK
6
CONTINUOUS
10
2.2226596850393698
20
0.4351632283464567
11
2.2237459055118109
21
0.4340770078740158
0
LINE
8
BLACK
6
CONTINUOUS
10
2.2237459055118109
20
0.4340770078740158
11
2.2243337795275591
21
0.4326577952755906
0
LINE
8
BLACK
6
CONTINUOUS
10
2.2243337795275591
20
0.4326577952755906
11
2.2244094094488189
21
0.4318897244094488
0
LINE
8
BLACK
6
CONTINUOUS
10
2.2244094094488189
20
0.4318897244094488
11
2.2244094094488189
21
0.3826771653543307
0
LINE
8
BLACK
6
CONTINUOUS
10
2.2244094094488189
20
0.3826771653543307
11
2.2243337795275591
21
0.381909094488189
0
LINE
8
BLACK
6
CONTINUOUS
10
2.2243337795275591
20
0.381909094488189
11
2.2237459055118109
21
0.3804898818897638
0
LINE
8
BLACK
6
CONTINUOUS
10
2.2237459055118109
20
0.3804898818897638
11
2.2226596850393698
21
0.3794036614173228
0
LINE
8
BLACK
6
CONTINUOUS
10
2.2226596850393698
20
0.3794036614173228
11
2.2212404724409449
21
0.3788157874015748
0
LINE
8
BLACK
6
CONTINUOUS
10
2.2212404724409449
20
0.3788157874015748
11
2.2197043307086615
21
0.3788157874015748
0
LINE
8
BLACK
6
CONTINUOUS
10
2.2197043307086615
20
0.3788157874015748
11
2.2182851181102361
21
0.3794036614173228
0
LINE
8
BLACK
6
CONTINUOUS
10
2.2182851181102361
20
0.3794036614173228
11
2.2171988976377954
21
0.3804898818897638
0
LINE
8
BLACK
6
CONTINUOUS
10
2.2171988976377954
20
0.3804898818897638
11
2.2166110236220473
21
0.381909094488189
0
LINE
8
BLACK
6
CONTINUOUS
10
2.2166110236220473
20
0.381909094488189
11
2.2165353937007874
21
0.3826771653543307
0
LINE
8
BLACK
6
CONTINUOUS
10
2.2165353937007874
20
0.3826771653543307
11
2.2165353937007874
21
0.4318897244094488
0
LINE
8
BLACK
6
CONTINUOUS
10
2.2165353937007874
20
0.4318897244094488
11
2.2166110236220473
21
0.4326577952755906
0
LINE
8
BLACK
6
CONTINUOUS
10
2.2166110236220473
20
0.4326577952755906
11
2.2171988976377954
21
0.4340770078740158
0
LINE
8
BLACK
6
CONTINUOUS
10
2.2171988976377954
20
0.4340770078740158
11
2.2182851181102361
21
0.4351632283464567
0
LINE
8
BLACK
6
CONTINUOUS
10
2.2182851181102361
20
0.4351632283464567
11
2.2197043307086615
21
0.4357511023622047
0
LINE
8
BLACK
6
CONTINUOUS
10
2.2197043307086615
20
0.4357511023622047
11
2.2212404724409449
21
0.4357511023622047
0
LINE
8
BLACK
6
CONTINUOUS
10
2.2212404724409449
20
0.4357511023622047
11
2.2226596850393698
21
0.4351632283464567
0
LINE
8
BLACK
6
CONTINUOUS
10
1.3939875196850393
20
0.5834149606299213
11
1.3942768110236221
21
0.5834149606299213
0
LINE
8
BLACK
6
CONTINUOUS
10
1.3942768110236221
20
0.5834149606299213
11
1.3945468897637794
21
0.5833031102362205
0
LINE
8
BLACK
6
CONTINUOUS
10
1.3945468897637794
20
0.5833031102362205
11
1.3948335433070866
21
0.5832457480314961
0
LINE
8
BLACK
6
CONTINUOUS
10
1.3948335433070866
20
0.5832457480314961
11
1.3950738976377952
21
0.5830848031496063
0
LINE
8
BLACK
6
CONTINUOUS
10
1.3950738976377952
20
0.5830848031496063
11
1.3953412204724409
21
0.5829740551181102
0
LINE
8
BLACK
6
CONTINUOUS
10
1.3953412204724409
20
0.5829740551181102
11
1.3955479133858268
21
0.5827673622047244
0
LINE
8
BLACK
6
CONTINUOUS
10
1.3955479133858268
20
0.5827673622047244
11
1.3957908267716534
21
0.58260468503937
0
LINE
8
BLACK
6
CONTINUOUS
10
1.3957908267716534
20
0.58260468503937
11
1.3961538188976377
21
0.5821614566929134
0
LINE
8
BLACK
6
CONTINUOUS
10
1.3961538188976377
20
0.5821614566929134
11
1.3961558661417321
21
0.5821594094488188
0
LINE
8
BLACK
6
CONTINUOUS
10
1.3961558661417321
20
0.5821594094488188
11
1.3961562204724409
21
0.5821585433070866
0
LINE
8
BLACK
6
CONTINUOUS
10
1.3961562204724409
20
0.5821585433070866
11
1.3961575984251968
21
0.5821568503937008
0
LINE
8
BLACK
6
CONTINUOUS
10
1.3961575984251968
20
0.5821568503937008
11
1.3997449212598425
21
0.5767758267716535
0
LINE
8
BLACK
6
CONTINUOUS
10
1.3997449212598425
20
0.5767758267716535
11
1.4029488976377953
21
0.5735718503937007
0
LINE
8
BLACK
6
CONTINUOUS
10
1.4029488976377953
20
0.5735718503937007
11
1.4062698425196849
21
0.5719113779527559
0
LINE
8
BLACK
6
CONTINUOUS
10
1.4062698425196849
20
0.5719113779527559
11
1.4067597244094487
21
0.571603031496063
0
LINE
8
BLACK
6
CONTINUOUS
10
1.4067597244094487
20
0.571603031496063
11
1.4075145669291338
21
0.5707326377952756
0
LINE
8
BLACK
6
CONTINUOUS
10
1.4075145669291338
20
0.5707326377952756
11
1.4078788976377952
21
0.56963968503937
0
LINE
8
BLACK
6
CONTINUOUS
10
1.4078788976377952
20
0.56963968503937
11
1.4077972440944881
21
0.5684904724409449
0
LINE
8
BLACK
6
CONTINUOUS
10
1.4077972440944881
20
0.5684904724409449
11
1.4072819685039371
21
0.5674599606299212
0
LINE
8
BLACK
6
CONTINUOUS
10
1.4072819685039371
20
0.5674599606299212
11
1.4064116141732284
21
0.5667051181102362
0
LINE
8
BLACK
6
CONTINUOUS
10
1.4064116141732284
20
0.5667051181102362
11
1.405318622047244
21
0.5663407874015748
0
LINE
8
BLACK
6
CONTINUOUS
10
1.405318622047244
20
0.5663407874015748
11
1.4041694094488189
21
0.5664224409448819
0
LINE
8
BLACK
6
CONTINUOUS
10
1.4041694094488189
20
0.5664224409448819
11
1.4036288188976378
21
0.5666293307086614
0
LINE
8
BLACK
6
CONTINUOUS
10
1.4036288188976378
20
0.5666293307086614
11
1.3998792913385827
21
0.5685040944881889
0
LINE
8
BLACK
6
CONTINUOUS
10
1.3998792913385827
20
0.5685040944881889
11
1.3996314566929133
21
0.5686601181102362
0
LINE
8
BLACK
6
CONTINUOUS
10
1.3996314566929133
20
0.5686601181102362
11
1.3995593307086613
21
0.5686899606299213
0
LINE
8
BLACK
6
CONTINUOUS
10
1.3995593307086613
20
0.5686899606299213
11
1.3994781496062991
21
0.5687565748031496
0
LINE
8
BLACK
6
CONTINUOUS
10
1.3994781496062991
20
0.5687565748031496
11
1.3993894094488188
21
0.5688124409448819
0
LINE
8
BLACK
6
CONTINUOUS
10
1.3993894094488188
20
0.5688124409448819
11
1.3993382677165354
21
0.5688713779527559
0
LINE
8
BLACK
6
CONTINUOUS
10
1.3993382677165354
20
0.5688713779527559
11
1.3991118897637795
21
0.5690572047244095
0
LINE
8
BLACK
6
CONTINUOUS
10
1.3991118897637795
20
0.5690572047244095
11
1.3966535039370078
21
0.5715155905511811
0
LINE
8
BLACK
6
CONTINUOUS
10
1.3966535039370078
20
0.5715155905511811
11
1.3966535039370078
21
0.5441016141732283
0
LINE
8
BLACK
6
CONTINUOUS
10
1.3966535039370078
20
0.5441016141732283
11
1.4049493307086613
21
0.5441016141732283
0
LINE
8
BLACK
6
CONTINUOUS
10
1.4049493307086613
20
0.5441016141732283
11
1.4055253937007874
21
0.5440448818897637
0
LINE
8
BLACK
6
CONTINUOUS
10
1.4055253937007874
20
0.5440448818897637
11
1.4065898031496062
21
0.5436039763779528
0
LINE
8
BLACK
6
CONTINUOUS
10
1.4065898031496062
20
0.5436039763779528
11
1.4074044488188977
21
0.5427893307086614
0
LINE
8
BLACK
6
CONTINUOUS
10
1.4074044488188977
20
0.5427893307086614
11
1.4078453543307086
21
0.5417249212598425
0
LINE
8
BLACK
6
CONTINUOUS
10
1.4078453543307086
20
0.5417249212598425
11
1.4078453543307086
21
0.5405727952755905
0
LINE
8
BLACK
6
CONTINUOUS
10
1.4078453543307086
20
0.5405727952755905
11
1.4074044488188977
21
0.5395083858267716
0
LINE
8
BLACK
6
CONTINUOUS
10
1.4074044488188977
20
0.5395083858267716
11
1.4065898031496062
21
0.5386937401574803
0
LINE
8
BLACK
6
CONTINUOUS
10
1.4065898031496062
20
0.5386937401574803
11
1.4055253937007874
21
0.5382528346456693
0
LINE
8
BLACK
6
CONTINUOUS
10
1.4055253937007874
20
0.5382528346456693
11
1.4049493307086613
21
0.5381961023622047
0
LINE
8
BLACK
6
CONTINUOUS
10
1.4049493307086613
20
0.5381961023622047
11
1.3824521653543307
21
0.5381961023622047
0
LINE
8
BLACK
6
CONTINUOUS
10
1.3824521653543307
20
0.5381961023622047
11
1.3818761023622046
21
0.5382528346456693
0
LINE
8
BLACK
6
CONTINUOUS
10
1.3818761023622046
20
0.5382528346456693
11
1.3808116929133858
21
0.5386937401574803
0
LINE
8
BLACK
6
CONTINUOUS
10
1.3808116929133858
20
0.5386937401574803
11
1.3799970472440946
21
0.5395083858267716
0
LINE
8
BLACK
6
CONTINUOUS
10
1.3799970472440946
20
0.5395083858267716
11
1.3795561417322835
21
0.5405727952755905
0
LINE
8
BLACK
6
CONTINUOUS
10
1.3795561417322835
20
0.5405727952755905
11
1.3795561417322835
21
0.5417249212598425
0
LINE
8
BLACK
6
CONTINUOUS
10
1.3795561417322835
20
0.5417249212598425
11
1.3799970472440946
21
0.5427893307086614
0
LINE
8
BLACK
6
CONTINUOUS
10
1.3799970472440946
20
0.5427893307086614
11
1.3808116929133858
21
0.5436039763779528
0
LINE
8
BLACK
6
CONTINUOUS
10
1.3808116929133858
20
0.5436039763779528
11
1.3818761023622046
21
0.5440448818897637
0
LINE
8
BLACK
6
CONTINUOUS
10
1.3818761023622046
20
0.5440448818897637
11
1.3824521653543307
21
0.5441016141732283
0
LINE
8
BLACK
6
CONTINUOUS
10
1.3824521653543307
20
0.5441016141732283
11
1.3907479921259842
21
0.5441016141732283
0
LINE
8
BLACK
6
CONTINUOUS
10
1.3907479921259842
20
0.5441016141732283
11
1.3907479921259842
21
0.580518937007874
0
LINE
8
BLACK
6
CONTINUOUS
10
1.3907479921259842
20
0.580518937007874
11
1.390748188976378
21
0.5805210236220473
0
LINE
8
BLACK
6
CONTINUOUS
10
1.390748188976378
20
0.5805210236220473
11
1.3907479921259842
21
0.5805220472440945
0
LINE
8
BLACK
6
CONTINUOUS
10
1.3907479921259842
20
0.5805220472440945
11
1.3907485826771653
21
0.5805250787401575
0
LINE
8
BLACK
6
CONTINUOUS
10
1.3907485826771653
20
0.5805250787401575
11
1.3908047244094488
21
0.581095
0
LINE
8
BLACK
6
CONTINUOUS
10
1.3908047244094488
20
0.581095
11
1.3909165748031496
21
0.5813651181102362
0
LINE
8
BLACK
6
CONTINUOUS
10
1.3909165748031496
20
0.5813651181102362
11
1.390973937007874
21
0.5816517322834646
0
LINE
8
BLACK
6
CONTINUOUS
10
1.390973937007874
20
0.5816517322834646
11
1.3911348818897638
21
0.581892125984252
0
LINE
8
BLACK
6
CONTINUOUS
10
1.3911348818897638
20
0.581892125984252
11
1.3912456299212599
21
0.5821594094488188
0
LINE
8
BLACK
6
CONTINUOUS
10
1.3912456299212599
20
0.5821594094488188
11
1.3914523228346456
21
0.5823661417322834
0
LINE
8
BLACK
6
CONTINUOUS
10
1.3914523228346456
20
0.5823661417322834
11
1.391615
21
0.5826090157480315
0
LINE
8
BLACK
6
CONTINUOUS
10
1.391615
20
0.5826090157480315
11
1.3918557086614174
21
0.5827695275590551
0
LINE
8
BLACK
6
CONTINUOUS
10
1.3918557086614174
20
0.5827695275590551
11
1.3920602755905511
21
0.5829740551181102
0
LINE
8
BLACK
6
CONTINUOUS
10
1.3920602755905511
20
0.5829740551181102
11
1.3923303543307086
21
0.5830859448818897
0
LINE
8
BLACK
6
CONTINUOUS
10
1.3923303543307086
20
0.5830859448818897
11
1.392573622047244
21
0.5832481102362205
0
LINE
8
BLACK
6
CONTINUOUS
10
1.392573622047244
20
0.5832481102362205
11
1.3928574015748032
21
0.5833042519685039
0
LINE
8
BLACK
6
CONTINUOUS
10
1.3928574015748032
20
0.5833042519685039
11
1.3931246850393701
21
0.5834149606299213
0
LINE
8
BLACK
6
CONTINUOUS
10
1.3931246850393701
20
0.5834149606299213
11
1.3934170866141733
21
0.5834149606299213
0
LINE
8
BLACK
6
CONTINUOUS
10
1.3934170866141733
20
0.5834149606299213
11
1.3937038582677166
21
0.5834716929133859
0
LINE
8
BLACK
6
CONTINUOUS
10
1.3937038582677166
20
0.5834716929133859
11
1.3939875196850393
21
0.5834149606299213
0
LINE
8
BLACK
6
CONTINUOUS
10
1.4314875984251969
20
0.5834429921259843
11
1.4315653543307085
21
0.5834485039370079
0
LINE
8
BLACK
6
CONTINUOUS
10
1.4315653543307085
20
0.5834485039370079
11
1.4316675984251968
21
0.5834252755905511
0
LINE
8
BLACK
6
CONTINUOUS
10
1.4316675984251968
20
0.5834252755905511
11
1.431772125984252
21
0.5834149606299213
0
LINE
8
BLACK
6
CONTINUOUS
10
1.431772125984252
20
0.5834149606299213
11
1.4318442125984252
21
0.5833851181102362
0
LINE
8
BLACK
6
CONTINUOUS
10
1.4318442125984252
20
0.5833851181102362
11
1.4321298031496064
21
0.583320157480315
0
LINE
8
BLACK
6
CONTINUOUS
10
1.4321298031496064
20
0.583320157480315
11
1.437754094488189
21
0.5814453937007874
0
LINE
8
BLACK
6
CONTINUOUS
10
1.437754094488189
20
0.5814453937007874
11
1.4382826377952755
21
0.5812094094488189
0
LINE
8
BLACK
6
CONTINUOUS
10
1.4382826377952755
20
0.5812094094488189
11
1.4383627559055119
21
0.5811399212598425
0
LINE
8
BLACK
6
CONTINUOUS
10
1.4383627559055119
20
0.5811399212598425
11
1.4384608267716534
21
0.5810992913385826
0
LINE
8
BLACK
6
CONTINUOUS
10
1.4384608267716534
20
0.5810992913385826
11
1.4389082677165355
21
0.5807320866141732
0
LINE
8
BLACK
6
CONTINUOUS
10
1.4389082677165355
20
0.5807320866141732
11
1.4426577952755906
21
0.5769825590551181
0
LINE
8
BLACK
6
CONTINUOUS
10
1.4426577952755906
20
0.5769825590551181
11
1.442843622047244
21
0.5767561811023622
0
LINE
8
BLACK
6
CONTINUOUS
10
1.442843622047244
20
0.5767561811023622
11
1.4429025590551181
21
0.5767050393700788
0
LINE
8
BLACK
6
CONTINUOUS
10
1.4429025590551181
20
0.5767050393700788
11
1.4429584251968504
21
0.5766162992125984
0
LINE
8
BLACK
6
CONTINUOUS
10
1.4429584251968504
20
0.5766162992125984
11
1.4430250393700788
21
0.5765351181102362
0
LINE
8
BLACK
6
CONTINUOUS
10
1.4430250393700788
20
0.5765351181102362
11
1.4430548818897637
21
0.5764629921259843
0
LINE
8
BLACK
6
CONTINUOUS
10
1.4430548818897637
20
0.5764629921259843
11
1.443210905511811
21
0.5762151574803149
0
LINE
8
BLACK
6
CONTINUOUS
10
1.443210905511811
20
0.5762151574803149
11
1.4450856692913385
21
0.5724656299212598
0
LINE
8
BLACK
6
CONTINUOUS
10
1.4450856692913385
20
0.5724656299212598
11
1.4451017716535433
21
0.5724235433070866
0
LINE
8
BLACK
6
CONTINUOUS
10
1.4451017716535433
20
0.5724235433070866
11
1.4451144881889764
21
0.5724063779527558
0
LINE
8
BLACK
6
CONTINUOUS
10
1.4451144881889764
20
0.5724063779527558
11
1.4452005511811024
21
0.5721654724409448
0
LINE
8
BLACK
6
CONTINUOUS
10
1.4452005511811024
20
0.5721654724409448
11
1.445292559055118
21
0.5719250393700788
0
LINE
8
BLACK
6
CONTINUOUS
10
1.445292559055118
20
0.5719250393700788
11
1.4452940551181102
21
0.571903779527559
0
LINE
8
BLACK
6
CONTINUOUS
10
1.4452940551181102
20
0.571903779527559
11
1.4453092519685038
21
0.5718612598425197
0
LINE
8
BLACK
6
CONTINUOUS
10
1.4453092519685038
20
0.5718612598425197
11
1.4471840157480316
21
0.5643622047244095
0
LINE
8
BLACK
6
CONTINUOUS
10
1.4471840157480316
20
0.5643622047244095
11
1.4471987795275589
21
0.5642623622047244
0
LINE
8
BLACK
6
CONTINUOUS
10
1.4471987795275589
20
0.5642623622047244
11
1.4472154330708662
21
0.5642221259842519
0
LINE
8
BLACK
6
CONTINUOUS
10
1.4472154330708662
20
0.5642221259842519
11
1.4472367716535433
21
0.5640051181102362
0
LINE
8
BLACK
6
CONTINUOUS
10
1.4472367716535433
20
0.5640051181102362
11
1.4472686614173229
21
0.5637896062992126
0
LINE
8
BLACK
6
CONTINUOUS
10
1.4472686614173229
20
0.5637896062992126
11
1.4472622440944882
21
0.5637466141732284
0
LINE
8
BLACK
6
CONTINUOUS
10
1.4472622440944882
20
0.5637466141732284
11
1.4472721653543308
21
0.5636460629921259
0
LINE
8
BLACK
6
CONTINUOUS
10
1.4472721653543308
20
0.5636460629921259
11
1.4472721653543308
21
0.5580217716535433
0
LINE
8
BLACK
6
CONTINUOUS
10
1.4472721653543308
20
0.5580217716535433
11
1.4472622440944882
21
0.5579212598425197
0
LINE
8
BLACK
6
CONTINUOUS
10
1.4472622440944882
20
0.5579212598425197
11
1.4472686614173229
21
0.5578782283464567
0
LINE
8
BLACK
6
CONTINUOUS
10
1.4472686614173229
20
0.5578782283464567
11
1.4472367716535433
21
0.5576627559055118
0
LINE
8
BLACK
6
CONTINUOUS
10
1.4472367716535433
20
0.5576627559055118
11
1.4472154330708662
21
0.5574457086614173
0
LINE
8
BLACK
6
CONTINUOUS
10
1.4472154330708662
20
0.5574457086614173
11
1.4471987795275589
21
0.5574055118110236
0
LINE
8
BLACK
6
CONTINUOUS
10
1.4471987795275589
20
0.5574055118110236
11
1.4471840157480316
21
0.5573056299212599
0
LINE
8
BLACK
6
CONTINUOUS
10
1.4471840157480316
20
0.5573056299212599
11
1.4453092519685038
21
0.5498065748031495
0
LINE
8
BLACK
6
CONTINUOUS
10
1.4453092519685038
20
0.5498065748031495
11
1.4452940551181102
21
0.549764094488189
0
LINE
8
BLACK
6
CONTINUOUS
10
1.4452940551181102
20
0.549764094488189
11
1.445292559055118
21
0.5497427952755906
0
LINE
8
BLACK
6
CONTINUOUS
10
1.445292559055118
20
0.5497427952755906
11
1.4452007874015749
21
0.5495030708661417
0
LINE
8
BLACK
6
CONTINUOUS
10
1.4452007874015749
20
0.5495030708661417
11
1.4451144881889764
21
0.5492614566929134
0
LINE
8
BLACK
6
CONTINUOUS
10
1.4451144881889764
20
0.5492614566929134
11
1.4451017716535433
21
0.5492443307086614
0
LINE
8
BLACK
6
CONTINUOUS
10
1.4451017716535433
20
0.5492443307086614
11
1.4450856692913385
21
0.5492022047244094
0
LINE
8
BLACK
6
CONTINUOUS
10
1.4450856692913385
20
0.5492022047244094
11
1.443210905511811
21
0.5454526771653543
0
LINE
8
BLACK
6
CONTINUOUS
10
1.443210905511811
20
0.5454526771653543
11
1.443054842519685
21
0.5452048031496063
0
LINE
8
BLACK
6
CONTINUOUS
10
1.443054842519685
20
0.5452048031496063
11
1.4430250393700788
21
0.5451327559055118
0
LINE
8
BLACK
6
CONTINUOUS
10
1.4430250393700788
20
0.5451327559055118
11
1.4429585039370079
21
0.5450517322834646
0
LINE
8
BLACK
6
CONTINUOUS
10
1.4429585039370079
20
0.5450517322834646
11
1.4429025590551181
21
0.5449627952755906
0
LINE
8
BLACK
6
CONTINUOUS
10
1.4429025590551181
20
0.5449627952755906
11
1.4428435433070865
21
0.5449116535433071
0
LINE
8
BLACK
6
CONTINUOUS
10
1.4428435433070865
20
0.5449116535433071
11
1.4426578346456693
21
0.5446853149606299
0
LINE
8
BLACK
6
CONTINUOUS
10
1.4426578346456693
20
0.5446853149606299
11
1.4389082677165355
21
0.5409357086614173
0
LINE
8
BLACK
6
CONTINUOUS
10
1.4389082677165355
20
0.5409357086614173
11
1.4384608267716534
21
0.5405685039370078
0
LINE
8
BLACK
6
CONTINUOUS
10
1.4384608267716534
20
0.5405685039370078
11
1.4383627559055119
21
0.5405279133858267
0
LINE
8
BLACK
6
CONTINUOUS
10
1.4383627559055119
20
0.5405279133858267
11
1.4382826377952755
21
0.5404583858267716
0
LINE
8
BLACK
6
CONTINUOUS
10
1.4382826377952755
20
0.5404583858267716
11
1.437754094488189
21
0.5402224015748032
0
LINE
8
BLACK
6
CONTINUOUS
10
1.437754094488189
20
0.5402224015748032
11
1.4321298031496064
21
0.5383476377952756
0
LINE
8
BLACK
6
CONTINUOUS
10
1.4321298031496064
20
0.5383476377952756
11
1.4318442125984252
21
0.538282716535433
0
LINE
8
BLACK
6
CONTINUOUS
10
1.4318442125984252
20
0.538282716535433
11
1.431772125984252
21
0.5382528346456693
0
LINE
8
BLACK
6
CONTINUOUS
10
1.431772125984252
20
0.5382528346456693
11
1.4316675984251968
21
0.5382425590551181
0
LINE
8
BLACK
6
CONTINUOUS
10
1.4316675984251968
20
0.5382425590551181
11
1.4315653543307085
21
0.5382192913385827
0
LINE
8
BLACK
6
CONTINUOUS
10
1.4315653543307085
20
0.5382192913385827
11
1.4314875984251969
21
0.5382248425196851
0
LINE
8
BLACK
6
CONTINUOUS
10
1.4314875984251969
20
0.5382248425196851
11
1.4311960629921259
21
0.5381961023622047
0
LINE
8
BLACK
6
CONTINUOUS
10
1.4311960629921259
20
0.5381961023622047
11
1.4274465354330708
21
0.5381961023622047
0
LINE
8
BLACK
6
CONTINUOUS
10
1.4274465354330708
20
0.5381961023622047
11
1.4271549212598424
21
0.5382248425196851
0
LINE
8
BLACK
6
CONTINUOUS
10
1.4271549212598424
20
0.5382248425196851
11
1.4270772047244094
21
0.5382192913385827
0
LINE
8
BLACK
6
CONTINUOUS
10
1.4270772047244094
20
0.5382192913385827
11
1.4269749212598424
21
0.5382425590551181
0
LINE
8
BLACK
6
CONTINUOUS
10
1.4269749212598424
20
0.5382425590551181
11
1.4268704724409449
21
0.5382528346456693
0
LINE
8
BLACK
6
CONTINUOUS
10
1.4268704724409449
20
0.5382528346456693
11
1.4267983858267717
21
0.538282716535433
0
LINE
8
BLACK
6
CONTINUOUS
10
1.4267983858267717
20
0.538282716535433
11
1.4265127559055117
21
0.5383476377952756
0
LINE
8
BLACK
6
CONTINUOUS
10
1.4265127559055117
20
0.5383476377952756
11
1.4208885039370078
21
0.5402224015748032
0
LINE
8
BLACK
6
CONTINUOUS
10
1.4208885039370078
20
0.5402224015748032
11
1.4203599212598426
21
0.5404583858267716
0
LINE
8
BLACK
6
CONTINUOUS
10
1.4203599212598426
20
0.5404583858267716
11
1.4202797244094487
21
0.5405279527559055
0
LINE
8
BLACK
6
CONTINUOUS
10
1.4202797244094487
20
0.5405279527559055
11
1.4201817716535432
21
0.5405685039370078
0
LINE
8
BLACK
6
CONTINUOUS
10
1.4201817716535432
20
0.5405685039370078
11
1.4197342913385826
21
0.540935748031496
0
LINE
8
BLACK
6
CONTINUOUS
10
1.4197342913385826
20
0.540935748031496
11
1.4178595275590551
21
0.5428105511811023
0
LINE
8
BLACK
6
CONTINUOUS
10
1.4178595275590551
20
0.5428105511811023
11
1.4174923228346457
21
0.5432579921259842
0
LINE
8
BLACK
6
CONTINUOUS
10
1.4174923228346457
20
0.5432579921259842
11
1.4170514566929133
21
0.5443224015748032
0
LINE
8
BLACK
6
CONTINUOUS
10
1.4170514566929133
20
0.5443224015748032
11
1.4170514566929133
21
0.5454744881889764
0
LINE
8
BLACK
6
CONTINUOUS
10
1.4170514566929133
20
0.5454744881889764
11
1.4174923622047244
21
0.5465388976377953
0
LINE
8
BLACK
6
CONTINUOUS
10
1.4174923622047244
20
0.5465388976377953
11
1.4183070472440944
21
0.5473535826771654
0
LINE
8
BLACK
6
CONTINUOUS
10
1.4183070472440944
20
0.5473535826771654
11
1.4193714566929134
21
0.5477944488188976
0
LINE
8
BLACK
6
CONTINUOUS
10
1.4193714566929134
20
0.5477944488188976
11
1.4205235433070866
21
0.5477944488188976
0
LINE
8
BLACK
6
CONTINUOUS
10
1.4205235433070866
20
0.5477944488188976
11
1.4215879527559054
21
0.5473535433070866
0
LINE
8
BLACK
6
CONTINUOUS
10
1.4215879527559054
20
0.5473535433070866
11
1.4220354330708662
21
0.5469862992125984
0
LINE
8
BLACK
6
CONTINUOUS
10
1.4220354330708662
20
0.5469862992125984
11
1.4234172834645669
21
0.5456044094488189
0
LINE
8
BLACK
6
CONTINUOUS
10
1.4234172834645669
20
0.5456044094488189
11
1.4279256692913385
21
0.5441016141732283
0
LINE
8
BLACK
6
CONTINUOUS
10
1.4279256692913385
20
0.5441016141732283
11
1.4307169291338582
21
0.5441016141732283
0
LINE
8
BLACK
6
CONTINUOUS
10
1.4307169291338582
20
0.5441016141732283
11
1.43522531496063
21
0.5456044488188976
0
LINE
8
BLACK
6
CONTINUOUS
10
1.43522531496063
20
0.5456044488188976
11
1.4381431102362205
21
0.5485222834645669
0
LINE
8
BLACK
6
CONTINUOUS
10
1.4381431102362205
20
0.5485222834645669
11
1.439658622047244
21
0.5515532677165355
0
LINE
8
BLACK
6
CONTINUOUS
10
1.439658622047244
20
0.5515532677165355
11
1.441366653543307
21
0.5583853149606299
0
LINE
8
BLACK
6
CONTINUOUS
10
1.441366653543307
20
0.5583853149606299
11
1.441366653543307
21
0.5632825196850394
0
LINE
8
BLACK
6
CONTINUOUS
10
1.441366653543307
20
0.5632825196850394
11
1.439658622047244
21
0.5701145669291339
0
LINE
8
BLACK
6
CONTINUOUS
10
1.439658622047244
20
0.5701145669291339
11
1.4381431496062991
21
0.5731455511811023
0
LINE
8
BLACK
6
CONTINUOUS
10
1.4381431496062991
20
0.5731455511811023
11
1.43522531496063
21
0.5760633858267716
0
LINE
8
BLACK
6
CONTINUOUS
10
1.43522531496063
20
0.5760633858267716
11
1.4307169291338582
21
0.5775661811023622
0
LINE
8
BLACK
6
CONTINUOUS
10
1.4307169291338582
20
0.5775661811023622
11
1.4279256692913385
21
0.5775661811023622
0
LINE
8
BLACK
6
CONTINUOUS
10
1.4279256692913385
20
0.5775661811023622
11
1.4234172834645669
21
0.5760633858267716
0
LINE
8
BLACK
6
CONTINUOUS
10
1.4234172834645669
20
0.5760633858267716
11
1.4220353937007875
21
0.5746814960629921
0
LINE
8
BLACK
6
CONTINUOUS
10
1.4220353937007875
20
0.5746814960629921
11
1.4215879527559054
21
0.5743142913385827
0
LINE
8
BLACK
6
CONTINUOUS
10
1.4215879527559054
20
0.5743142913385827
11
1.4205235039370079
21
0.5738733858267716
0
LINE
8
BLACK
6
CONTINUOUS
10
1.4205235039370079
20
0.5738733858267716
11
1.4193714566929134
21
0.5738733858267716
0
LINE
8
BLACK
6
CONTINUOUS
10
1.4193714566929134
20
0.5738733858267716
11
1.4183070078740156
21
0.5743142913385827
0
LINE
8
BLACK
6
CONTINUOUS
10
1.4183070078740156
20
0.5743142913385827
11
1.4174923622047244
21
0.575128937007874
0
LINE
8
BLACK
6
CONTINUOUS
10
1.4174923622047244
20
0.575128937007874
11
1.4170514566929133
21
0.5761933858267716
0
LINE
8
BLACK
6
CONTINUOUS
10
1.4170514566929133
20
0.5761933858267716
11
1.4170514566929133
21
0.5773454330708662
0
LINE
8
BLACK
6
CONTINUOUS
10
1.4170514566929133
20
0.5773454330708662
11
1.4174923622047244
21
0.5784098818897637
0
LINE
8
BLACK
6
CONTINUOUS
10
1.4174923622047244
20
0.5784098818897637
11
1.4178595669291338
21
0.5788573228346456
0
LINE
8
BLACK
6
CONTINUOUS
10
1.4178595669291338
20
0.5788573228346456
11
1.4197343307086614
21
0.5807320866141732
0
LINE
8
BLACK
6
CONTINUOUS
10
1.4197343307086614
20
0.5807320866141732
11
1.4201817716535432
21
0.5810992913385826
0
LINE
8
BLACK
6
CONTINUOUS
10
1.4201817716535432
20
0.5810992913385826
11
1.4202797244094487
21
0.5811398818897637
0
LINE
8
BLACK
6
CONTINUOUS
10
1.4202797244094487
20
0.5811398818897637
11
1.4203599212598426
21
0.5812094094488189
0
LINE
8
BLACK
6
CONTINUOUS
10
1.4203599212598426
20
0.5812094094488189
11
1.4208885039370078
21
0.5814453937007874
0
LINE
8
BLACK
6
CONTINUOUS
10
1.4208885039370078
20
0.5814453937007874
11
1.4265127559055117
21
0.583320157480315
0
LINE
8
BLACK
6
CONTINUOUS
10
1.4265127559055117
20
0.583320157480315
11
1.4267983858267717
21
0.5833851181102362
0
LINE
8
BLACK
6
CONTINUOUS
10
1.4267983858267717
20
0.5833851181102362
11
1.4268704724409449
21
0.5834149606299213
0
LINE
8
BLACK
6
CONTINUOUS
10
1.4268704724409449
20
0.5834149606299213
11
1.4269749212598424
21
0.5834252755905511
0
LINE
8
BLACK
6
CONTINUOUS
10
1.4269749212598424
20
0.5834252755905511
11
1.4270772047244094
21
0.5834485039370079
0
LINE
8
BLACK
6
CONTINUOUS
10
1.4270772047244094
20
0.5834485039370079
11
1.4271549212598424
21
0.5834429921259843
0
LINE
8
BLACK
6
CONTINUOUS
10
1.4271549212598424
20
0.5834429921259843
11
1.4274465354330708
21
0.5834716929133859
0
LINE
8
BLACK
6
CONTINUOUS
10
1.4274465354330708
20
0.5834716929133859
11
1.4311960629921259
21
0.5834716929133859
0
LINE
8
BLACK
6
CONTINUOUS
10
1.4311960629921259
20
0.5834716929133859
11
1.4314875984251969
21
0.5834429921259843
0
LINE
8
BLACK
6
CONTINUOUS
10
1.1139934251968504
20
0.6406677165354331
11
1.1141732283464567
21
0.6397637401574803
0
LINE
8
BLACK
6
CONTINUOUS
10
1.1141732283464567
20
0.6397637401574803
11
1.1141732283464567
21
0.59251968503937
0
LINE
8
BLACK
6
CONTINUOUS
10
1.1141732283464567
20
0.59251968503937
11
1.2598425196850394
21
0.5925196456692913
0
LINE
8
BLACK
6
CONTINUOUS
10
1.2598425196850394
20
0.5925196456692913
11
1.2607464960629922
21
0.5923398425196851
0
LINE
8
BLACK
6
CONTINUOUS
10
1.2607464960629922
20
0.5923398425196851
11
1.2620249212598424
21
0.5910614173228347
0
LINE
8
BLACK
6
CONTINUOUS
10
1.2620249212598424
20
0.5910614173228347
11
1.2620249212598424
21
0.5892534645669292
0
LINE
8
BLACK
6
CONTINUOUS
10
1.2620249212598424
20
0.5892534645669292
11
1.2607464960629922
21
0.5879750393700788
0
LINE
8
BLACK
6
CONTINUOUS
10
1.2607464960629922
20
0.5879750393700788
11
1.2598425196850394
21
0.5877952362204725
0
LINE
8
BLACK
6
CONTINUOUS
10
1.2598425196850394
20
0.5877952362204725
11
1.1118110236220473
21
0.5877952755905511
0
LINE
8
BLACK
6
CONTINUOUS
10
1.1118110236220473
20
0.5877952755905511
11
1.1109070472440945
21
0.5879750787401574
0
LINE
8
BLACK
6
CONTINUOUS
10
1.1109070472440945
20
0.5879750787401574
11
1.109628622047244
21
0.5892535039370078
0
LINE
8
BLACK
6
CONTINUOUS
10
1.109628622047244
20
0.5892535039370078
11
1.1094488188976377
21
0.5901574803149606
0
LINE
8
BLACK
6
CONTINUOUS
10
1.1094488188976377
20
0.5901574803149606
11
1.1094488188976377
21
0.6397637401574803
0
LINE
8
BLACK
6
CONTINUOUS
10
1.1094488188976377
20
0.6397637401574803
11
1.109628622047244
21
0.6406677165354331
0
LINE
8
BLACK
6
CONTINUOUS
10
1.109628622047244
20
0.6406677165354331
11
1.1109070472440945
21
0.6419461417322835
0
LINE
8
BLACK
6
CONTINUOUS
10
1.1109070472440945
20
0.6419461417322835
11
1.1127149999999999
21
0.6419461417322835
0
LINE
8
BLACK
6
CONTINUOUS
10
1.1127149999999999
20
0.6419461417322835
11
1.1139934251968504
21
0.6406677165354331
0
LINE
8
BLACK
6
CONTINUOUS
10
1.8636820866141732
20
0.5952926377952755
11
1.8649605118110235
21
0.5940142125984251
0
LINE
8
BLACK
6
CONTINUOUS
10
1.8649605118110235
20
0.5940142125984251
11
1.8649605118110235
21
0.5922062598425196
0
LINE
8
BLACK
6
CONTINUOUS
10
1.8649605118110235
20
0.5922062598425196
11
1.8636820866141732
21
0.5909278346456692
0
LINE
8
BLACK
6
CONTINUOUS
10
1.8636820866141732
20
0.5909278346456692
11
1.8627781102362204
21
0.590748031496063
0
LINE
8
BLACK
6
CONTINUOUS
10
1.8627781102362204
20
0.590748031496063
11
1.8448990551181101
21
0.590748031496063
0
LINE
8
BLACK
6
CONTINUOUS
10
1.8448990551181101
20
0.590748031496063
11
1.8439950787401573
21
0.5909278346456692
0
LINE
8
BLACK
6
CONTINUOUS
10
1.8439950787401573
20
0.5909278346456692
11
1.842716653543307
21
0.5922062598425196
0
LINE
8
BLACK
6
CONTINUOUS
10
1.842716653543307
20
0.5922062598425196
11
1.842716653543307
21
0.5940142125984251
0
LINE
8
BLACK
6
CONTINUOUS
10
1.842716653543307
20
0.5940142125984251
11
1.8439950787401573
21
0.5952926377952755
0
LINE
8
BLACK
6
CONTINUOUS
10
1.8439950787401573
20
0.5952926377952755
11
1.8448990551181101
21
0.5954724409448818
0
LINE
8
BLACK
6
CONTINUOUS
10
1.8448990551181101
20
0.5954724409448818
11
1.8627781102362204
21
0.5954724409448818
0
LINE
8
BLACK
6
CONTINUOUS
10
1.8627781102362204
20
0.5954724409448818
11
1.8636820866141732
21
0.5952926377952755
0
LINE
8
BLACK
6
CONTINUOUS
10
2.2140757874015748
20
0.5992296456692914
11
2.2153542125984251
21
0.597951220472441
0
LINE
8
BLACK
6
CONTINUOUS
10
2.2153542125984251
20
0.597951220472441
11
2.2153542125984251
21
0.5961432677165355
0
LINE
8
BLACK
6
CONTINUOUS
10
2.2153542125984251
20
0.5961432677165355
11
2.2140757874015748
21
0.5948648425196851
0
LINE
8
BLACK
6
CONTINUOUS
10
2.2140757874015748
20
0.5948648425196851
11
2.213171811023622
21
0.5946850393700788
0
LINE
8
BLACK
6
CONTINUOUS
10
2.213171811023622
20
0.5946850393700788
11
2.1952927559055118
21
0.5946850393700788
0
LINE
8
BLACK
6
CONTINUOUS
10
2.1952927559055118
20
0.5946850393700788
11
2.194388779527559
21
0.5948648425196851
0
LINE
8
BLACK
6
CONTINUOUS
10
2.194388779527559
20
0.5948648425196851
11
2.1931103543307087
21
0.5961432677165355
0
LINE
8
BLACK
6
CONTINUOUS
10
2.1931103543307087
20
0.5961432677165355
11
2.1931103543307087
21
0.597951220472441
0
LINE
8
BLACK
6
CONTINUOUS
10
2.1931103543307087
20
0.597951220472441
11
2.194388779527559
21
0.5992296456692914
0
LINE
8
BLACK
6
CONTINUOUS
10
2.194388779527559
20
0.5992296456692914
11
2.1952927559055118
21
0.5994094488188976
0
LINE
8
BLACK
6
CONTINUOUS
10
2.1952927559055118
20
0.5994094488188976
11
2.213171811023622
21
0.5994094488188976
0
LINE
8
BLACK
6
CONTINUOUS
10
2.213171811023622
20
0.5994094488188976
11
2.2140757874015748
21
0.5992296456692914
0
LINE
8
BLACK
6
CONTINUOUS
10
1.7424207874015747
20
0.6464070866141732
11
1.742518779527559
21
0.6463664960629921
0
LINE
8
BLACK
6
CONTINUOUS
10
1.742518779527559
20
0.6463664960629921
11
1.7426246062992126
21
0.6463589763779527
0
LINE
8
BLACK
6
CONTINUOUS
10
1.7426246062992126
20
0.6463589763779527
11
1.7431652362204724
21
0.6461520866141732
0
LINE
8
BLACK
6
CONTINUOUS
10
1.7431652362204724
20
0.6461520866141732
11
1.7469147637795275
21
0.6442773228346457
0
LINE
8
BLACK
6
CONTINUOUS
10
1.7469147637795275
20
0.6442773228346457
11
1.7471627559055118
21
0.6441212598425197
0
LINE
8
BLACK
6
CONTINUOUS
10
1.7471627559055118
20
0.6441212598425197
11
1.7472347244094488
21
0.6440914173228346
0
LINE
8
BLACK
6
CONTINUOUS
10
1.7472347244094488
20
0.6440914173228346
11
1.7473156692913385
21
0.6440249606299212
0
LINE
8
BLACK
6
CONTINUOUS
10
1.7473156692913385
20
0.6440249606299212
11
1.7474046456692913
21
0.6439689763779527
0
LINE
8
BLACK
6
CONTINUOUS
10
1.7474046456692913
20
0.6439689763779527
11
1.7474557874015748
21
0.64391
0
LINE
8
BLACK
6
CONTINUOUS
10
1.7474557874015748
20
0.64391
11
1.7476821653543306
21
0.6437242125984252
0
LINE
8
BLACK
6
CONTINUOUS
10
1.7476821653543306
20
0.6437242125984252
11
1.7495569291338582
21
0.6418494488188976
0
LINE
8
BLACK
6
CONTINUOUS
10
1.7495569291338582
20
0.6418494488188976
11
1.7499241338582676
21
0.6414020078740157
0
LINE
8
BLACK
6
CONTINUOUS
10
1.7499241338582676
20
0.6414020078740157
11
1.7503650393700787
21
0.6403375984251969
0
LINE
8
BLACK
6
CONTINUOUS
10
1.7503650393700787
20
0.6403375984251969
11
1.7503650393700787
21
0.6391855118110236
0
LINE
8
BLACK
6
CONTINUOUS
10
1.7503650393700787
20
0.6391855118110236
11
1.7499241338582676
21
0.6381211023622048
0
LINE
8
BLACK
6
CONTINUOUS
10
1.7499241338582676
20
0.6381211023622048
11
1.7491094488188976
21
0.6373064173228347
0
LINE
8
BLACK
6
CONTINUOUS
10
1.7491094488188976
20
0.6373064173228347
11
1.7480450393700786
21
0.6368655118110236
0
LINE
8
BLACK
6
CONTINUOUS
10
1.7480450393700786
20
0.6368655118110236
11
1.7468929527559054
21
0.6368655118110236
0
LINE
8
BLACK
6
CONTINUOUS
10
1.7468929527559054
20
0.6368655118110236
11
1.7458285433070866
21
0.6373064173228347
0
LINE
8
BLACK
6
CONTINUOUS
10
1.7458285433070866
20
0.6373064173228347
11
1.7453811023622048
21
0.6376736220472441
0
LINE
8
BLACK
6
CONTINUOUS
10
1.7453811023622048
20
0.6376736220472441
11
1.7438451574803149
21
0.6392095669291339
0
LINE
8
BLACK
6
CONTINUOUS
10
1.7438451574803149
20
0.6392095669291339
11
1.7411476771653542
21
0.6405583070866142
0
LINE
8
BLACK
6
CONTINUOUS
10
1.7411476771653542
20
0.6405583070866142
11
1.7331679527559054
21
0.6405583070866142
0
LINE
8
BLACK
6
CONTINUOUS
10
1.7331679527559054
20
0.6405583070866142
11
1.7304704724409448
21
0.6392095669291339
0
LINE
8
BLACK
6
CONTINUOUS
10
1.7304704724409448
20
0.6392095669291339
11
1.729273346456693
21
0.6380124409448819
0
LINE
8
BLACK
6
CONTINUOUS
10
1.729273346456693
20
0.6380124409448819
11
1.7279246062992126
21
0.6353149606299212
0
LINE
8
BLACK
6
CONTINUOUS
10
1.7279246062992126
20
0.6353149606299212
11
1.7279246062992126
21
0.632741653543307
0
LINE
8
BLACK
6
CONTINUOUS
10
1.7279246062992126
20
0.632741653543307
11
1.729427401574803
21
0.6282332283464567
0
LINE
8
BLACK
6
CONTINUOUS
10
1.729427401574803
20
0.6282332283464567
11
1.7514316929133857
21
0.6062288976377953
0
LINE
8
BLACK
6
CONTINUOUS
10
1.7514316929133857
20
0.6062288976377953
11
1.7517989370078739
21
0.6057814566929134
0
LINE
8
BLACK
6
CONTINUOUS
10
1.7517989370078739
20
0.6057814566929134
11
1.7522398031496063
21
0.6047170078740157
0
LINE
8
BLACK
6
CONTINUOUS
10
1.7522398031496063
20
0.6047170078740157
11
1.7522398031496063
21
0.6035649212598425
0
LINE
8
BLACK
6
CONTINUOUS
10
1.7522398031496063
20
0.6035649212598425
11
1.7517988976377952
21
0.6025005118110236
0
LINE
8
BLACK
6
CONTINUOUS
10
1.7517988976377952
20
0.6025005118110236
11
1.7509842519685039
21
0.6016858267716535
0
LINE
8
BLACK
6
CONTINUOUS
10
1.7509842519685039
20
0.6016858267716535
11
1.7503861417322835
21
0.6014381102362205
0
LINE
8
BLACK
6
CONTINUOUS
10
1.7503861417322835
20
0.6014381102362205
11
1.7499198425196849
21
0.6012449606299213
0
LINE
8
BLACK
6
CONTINUOUS
10
1.7499198425196849
20
0.6012449606299213
11
1.749343779527559
21
0.6011882283464567
0
LINE
8
BLACK
6
CONTINUOUS
10
1.749343779527559
20
0.6011882283464567
11
1.7249718503937008
21
0.6011882283464567
0
LINE
8
BLACK
6
CONTINUOUS
10
1.7249718503937008
20
0.6011882283464567
11
1.7243957874015747
21
0.6012449606299213
0
LINE
8
BLACK
6
CONTINUOUS
10
1.7243957874015747
20
0.6012449606299213
11
1.7233313779527559
21
0.6016858661417323
0
LINE
8
BLACK
6
CONTINUOUS
10
1.7233313779527559
20
0.6016858661417323
11
1.7225167322834645
21
0.6025005118110236
0
LINE
8
BLACK
6
CONTINUOUS
10
1.7225167322834645
20
0.6025005118110236
11
1.7220758267716536
21
0.6035649212598425
0
LINE
8
BLACK
6
CONTINUOUS
10
1.7220758267716536
20
0.6035649212598425
11
1.7220758267716536
21
0.6047170472440945
0
LINE
8
BLACK
6
CONTINUOUS
10
1.7220758267716536
20
0.6047170472440945
11
1.7225167322834645
21
0.6057814566929134
0
LINE
8
BLACK
6
CONTINUOUS
10
1.7225167322834645
20
0.6057814566929134
11
1.7233313779527559
21
0.6065961023622047
0
LINE
8
BLACK
6
CONTINUOUS
10
1.7233313779527559
20
0.6065961023622047
11
1.7243957874015747
21
0.6070370078740157
0
LINE
8
BLACK
6
CONTINUOUS
10
1.7243957874015747
20
0.6070370078740157
11
1.7249718503937008
21
0.6070937401574803
0
LINE
8
BLACK
6
CONTINUOUS
10
1.7249718503937008
20
0.6070937401574803
11
1.7422151968503936
21
0.6070937401574803
0
LINE
8
BLACK
6
CONTINUOUS
10
1.7422151968503936
20
0.6070937401574803
11
1.7247587007874015
21
0.6245502755905512
0
LINE
8
BLACK
6
CONTINUOUS
10
1.7247587007874015
20
0.6245502755905512
11
1.724391496062992
21
0.624997716535433
0
LINE
8
BLACK
6
CONTINUOUS
10
1.724391496062992
20
0.624997716535433
11
1.7243508661417322
21
0.6250957874015748
0
LINE
8
BLACK
6
CONTINUOUS
10
1.7243508661417322
20
0.6250957874015748
11
1.7242813779527559
21
0.625175905511811
0
LINE
8
BLACK
6
CONTINUOUS
10
1.7242813779527559
20
0.625175905511811
11
1.7240453937007874
21
0.6257044488188976
0
LINE
8
BLACK
6
CONTINUOUS
10
1.7240453937007874
20
0.6257044488188976
11
1.7221706299212598
21
0.6313287401574803
0
LINE
8
BLACK
6
CONTINUOUS
10
1.7221706299212598
20
0.6313287401574803
11
1.7221056692913386
21
0.6316143307086614
0
LINE
8
BLACK
6
CONTINUOUS
10
1.7221056692913386
20
0.6316143307086614
11
1.7220758267716536
21
0.6316864173228346
0
LINE
8
BLACK
6
CONTINUOUS
10
1.7220758267716536
20
0.6316864173228346
11
1.7220655118110235
21
0.6317909448818898
0
LINE
8
BLACK
6
CONTINUOUS
10
1.7220655118110235
20
0.6317909448818898
11
1.7220422834645668
21
0.6318931889763779
0
LINE
8
BLACK
6
CONTINUOUS
10
1.7220422834645668
20
0.6318931889763779
11
1.7220477952755906
21
0.6319709448818898
0
LINE
8
BLACK
6
CONTINUOUS
10
1.7220477952755906
20
0.6319709448818898
11
1.722019094488189
21
0.6322624803149606
0
LINE
8
BLACK
6
CONTINUOUS
10
1.722019094488189
20
0.6322624803149606
11
1.722019094488189
21
0.6360120078740157
0
LINE
8
BLACK
6
CONTINUOUS
10
1.722019094488189
20
0.6360120078740157
11
1.7220758267716536
21
0.6365880708661417
0
LINE
8
BLACK
6
CONTINUOUS
10
1.7220758267716536
20
0.6365880708661417
11
1.7221164173228347
21
0.6366861023622047
0
LINE
8
BLACK
6
CONTINUOUS
10
1.7221164173228347
20
0.6366861023622047
11
1.722123937007874
21
0.6367918897637795
0
LINE
8
BLACK
6
CONTINUOUS
10
1.722123937007874
20
0.6367918897637795
11
1.7223308267716535
21
0.6373325196850393
0
LINE
8
BLACK
6
CONTINUOUS
10
1.7223308267716535
20
0.6373325196850393
11
1.7242055905511811
21
0.6410820472440945
0
LINE
8
BLACK
6
CONTINUOUS
10
1.7242055905511811
20
0.6410820472440945
11
1.7243616535433071
21
0.6413300787401575
0
LINE
8
BLACK
6
CONTINUOUS
10
1.7243616535433071
20
0.6413300787401575
11
1.724391496062992
21
0.6414020078740157
0
LINE
8
BLACK
6
CONTINUOUS
10
1.724391496062992
20
0.6414020078740157
11
1.7244579527559054
21
0.6414829921259843
0
LINE
8
BLACK
6
CONTINUOUS
10
1.7244579527559054
20
0.6414829921259843
11
1.7245139370078739
21
0.6415719291338583
0
LINE
8
BLACK
6
CONTINUOUS
10
1.7245139370078739
20
0.6415719291338583
11
1.7245729133858267
21
0.6416231102362204
0
LINE
8
BLACK
6
CONTINUOUS
10
1.7245729133858267
20
0.6416231102362204
11
1.7247587007874015
21
0.6418494488188976
0
LINE
8
BLACK
6
CONTINUOUS
10
1.7247587007874015
20
0.6418494488188976
11
1.726633464566929
21
0.6437242125984252
0
LINE
8
BLACK
6
CONTINUOUS
10
1.726633464566929
20
0.6437242125984252
11
1.7268598031496063
21
0.64391
0
LINE
8
BLACK
6
CONTINUOUS
10
1.7268598031496063
20
0.64391
11
1.7269109842519685
21
0.6439689763779527
0
LINE
8
BLACK
6
CONTINUOUS
10
1.7269109842519685
20
0.6439689763779527
11
1.7269999212598426
21
0.6440249606299212
0
LINE
8
BLACK
6
CONTINUOUS
10
1.7269999212598426
20
0.6440249606299212
11
1.727080905511811
21
0.6440914173228346
0
LINE
8
BLACK
6
CONTINUOUS
10
1.727080905511811
20
0.6440914173228346
11
1.7271528346456693
21
0.6441212598425197
0
LINE
8
BLACK
6
CONTINUOUS
10
1.7271528346456693
20
0.6441212598425197
11
1.7274008661417322
21
0.6442773228346457
0
LINE
8
BLACK
6
CONTINUOUS
10
1.7274008661417322
20
0.6442773228346457
11
1.7311503937007873
21
0.6461520866141732
0
LINE
8
BLACK
6
CONTINUOUS
10
1.7311503937007873
20
0.6461520866141732
11
1.7316909842519685
21
0.6463589763779527
0
LINE
8
BLACK
6
CONTINUOUS
10
1.7316909842519685
20
0.6463589763779527
11
1.7317968503937007
21
0.6463665354330709
0
LINE
8
BLACK
6
CONTINUOUS
10
1.7317968503937007
20
0.6463665354330709
11
1.731894842519685
21
0.6464070866141732
0
LINE
8
BLACK
6
CONTINUOUS
10
1.731894842519685
20
0.6464070866141732
11
1.732470905511811
21
0.6464638188976378
0
LINE
8
BLACK
6
CONTINUOUS
10
1.732470905511811
20
0.6464638188976378
11
1.7418447244094488
21
0.6464638188976378
0
LINE
8
BLACK
6
CONTINUOUS
10
1.7418447244094488
20
0.6464638188976378
11
1.7424207874015747
21
0.6464070866141732
0
LINE
8
BLACK
6
CONTINUOUS
10
1.7855403937007874
20
0.6464070866141732
11
1.7866048031496062
21
0.6459661811023621
0
LINE
8
BLACK
6
CONTINUOUS
10
1.7866048031496062
20
0.6459661811023621
11
1.7874194488188977
21
0.6451515354330708
0
LINE
8
BLACK
6
CONTINUOUS
10
1.7874194488188977
20
0.6451515354330708
11
1.7878603543307086
21
0.644087125984252
0
LINE
8
BLACK
6
CONTINUOUS
10
1.7878603543307086
20
0.644087125984252
11
1.7879170866141731
21
0.643511062992126
0
LINE
8
BLACK
6
CONTINUOUS
10
1.7879170866141731
20
0.643511062992126
11
1.7879170866141731
21
0.6041409842519685
0
LINE
8
BLACK
6
CONTINUOUS
10
1.7879170866141731
20
0.6041409842519685
11
1.7878603543307086
21
0.6035649212598425
0
LINE
8
BLACK
6
CONTINUOUS
10
1.7878603543307086
20
0.6035649212598425
11
1.7874194488188977
21
0.6025005118110236
0
LINE
8
BLACK
6
CONTINUOUS
10
1.7874194488188977
20
0.6025005118110236
11
1.7866048031496062
21
0.6016858661417323
0
LINE
8
BLACK
6
CONTINUOUS
10
1.7866048031496062
20
0.6016858661417323
11
1.7855403937007874
21
0.6012449606299213
0
LINE
8
BLACK
6
CONTINUOUS
10
1.7855403937007874
20
0.6012449606299213
11
1.7843882677165355
21
0.6012449606299213
0
LINE
8
BLACK
6
CONTINUOUS
10
1.7843882677165355
20
0.6012449606299213
11
1.7833238582677164
21
0.6016858661417323
0
LINE
8
BLACK
6
CONTINUOUS
10
1.7833238582677164
20
0.6016858661417323
11
1.7825092125984252
21
0.6025005118110236
0
LINE
8
BLACK
6
CONTINUOUS
10
1.7825092125984252
20
0.6025005118110236
11
1.7820683070866141
21
0.6035649212598425
0
LINE
8
BLACK
6
CONTINUOUS
10
1.7820683070866141
20
0.6035649212598425
11
1.7820115748031495
21
0.6041409842519685
0
LINE
8
BLACK
6
CONTINUOUS
10
1.7820115748031495
20
0.6041409842519685
11
1.7820115748031495
21
0.619935905511811
0
LINE
8
BLACK
6
CONTINUOUS
10
1.7820115748031495
20
0.619935905511811
11
1.7771278740157479
21
0.619935905511811
0
LINE
8
BLACK
6
CONTINUOUS
10
1.7771278740157479
20
0.619935905511811
11
1.7648861417322834
21
0.6024476771653543
0
LINE
8
BLACK
6
CONTINUOUS
10
1.7648861417322834
20
0.6024476771653543
11
1.7645093307086614
21
0.6020083070866141
0
LINE
8
BLACK
6
CONTINUOUS
10
1.7645093307086614
20
0.6020083070866141
11
1.7635377165354331
21
0.6013891338582678
0
LINE
8
BLACK
6
CONTINUOUS
10
1.7635377165354331
20
0.6013891338582678
11
1.7624031889763778
21
0.601188937007874
0
LINE
8
BLACK
6
CONTINUOUS
10
1.7624031889763778
20
0.601188937007874
11
1.7612783464566928
21
0.6014381102362205
0
LINE
8
BLACK
6
CONTINUOUS
10
1.7612783464566928
20
0.6014381102362205
11
1.7603344881889764
21
0.6020988188976378
0
LINE
8
BLACK
6
CONTINUOUS
10
1.7603344881889764
20
0.6020988188976378
11
1.7597153149606299
21
0.6030704330708662
0
LINE
8
BLACK
6
CONTINUOUS
10
1.7597153149606299
20
0.6030704330708662
11
1.7595151181102362
21
0.6042049606299212
0
LINE
8
BLACK
6
CONTINUOUS
10
1.7595151181102362
20
0.6042049606299212
11
1.7597642913385827
21
0.6053298031496063
0
LINE
8
BLACK
6
CONTINUOUS
10
1.7597642913385827
20
0.6053298031496063
11
1.7600481889763779
21
0.6058342913385827
0
LINE
8
BLACK
6
CONTINUOUS
10
1.7600481889763779
20
0.6058342913385827
11
1.7699223228346457
21
0.6199402362204725
0
LINE
8
BLACK
6
CONTINUOUS
10
1.7699223228346457
20
0.6199402362204725
11
1.769390157480315
21
0.6199926377952756
0
LINE
8
BLACK
6
CONTINUOUS
10
1.769390157480315
20
0.6199926377952756
11
1.7692921653543308
21
0.6200332283464567
0
LINE
8
BLACK
6
CONTINUOUS
10
1.7692921653543308
20
0.6200332283464567
11
1.7691862992125984
21
0.620040748031496
0
LINE
8
BLACK
6
CONTINUOUS
10
1.7691862992125984
20
0.620040748031496
11
1.7686457086614173
21
0.6202476377952756
0
LINE
8
BLACK
6
CONTINUOUS
10
1.7686457086614173
20
0.6202476377952756
11
1.7648961811023622
21
0.6221224015748031
0
LINE
8
BLACK
6
CONTINUOUS
10
1.7648961811023622
20
0.6221224015748031
11
1.7646481496062991
21
0.6222785039370079
0
LINE
8
BLACK
6
CONTINUOUS
10
1.7646481496062991
20
0.6222785039370079
11
1.7645762204724409
21
0.6223083070866141
0
LINE
8
BLACK
6
CONTINUOUS
10
1.7645762204724409
20
0.6223083070866141
11
1.7644952362204724
21
0.6223748031496062
0
LINE
8
BLACK
6
CONTINUOUS
10
1.7644952362204724
20
0.6223748031496062
11
1.7644062992125984
21
0.622430748031496
0
LINE
8
BLACK
6
CONTINUOUS
10
1.7644062992125984
20
0.622430748031496
11
1.7643551181102362
21
0.6224897637795276
0
LINE
8
BLACK
6
CONTINUOUS
10
1.7643551181102362
20
0.6224897637795276
11
1.7641287795275591
21
0.6226755118110237
0
LINE
8
BLACK
6
CONTINUOUS
10
1.7641287795275591
20
0.6226755118110237
11
1.7622540157480315
21
0.6245502755905512
0
LINE
8
BLACK
6
CONTINUOUS
10
1.7622540157480315
20
0.6245502755905512
11
1.7620682283464566
21
0.624776653543307
0
LINE
8
BLACK
6
CONTINUOUS
10
1.7620682283464566
20
0.624776653543307
11
1.762009251968504
21
0.6248277952755905
0
LINE
8
BLACK
6
CONTINUOUS
10
1.762009251968504
20
0.6248277952755905
11
1.7619532677165355
21
0.6249167716535433
0
LINE
8
BLACK
6
CONTINUOUS
10
1.7619532677165355
20
0.6249167716535433
11
1.7618868110236221
21
0.624997716535433
0
LINE
8
BLACK
6
CONTINUOUS
10
1.7618868110236221
20
0.624997716535433
11
1.7618569685039369
21
0.6250696850393701
0
LINE
8
BLACK
6
CONTINUOUS
10
1.7618569685039369
20
0.6250696850393701
11
1.7617009055118109
21
0.6253176771653544
0
LINE
8
BLACK
6
CONTINUOUS
10
1.7617009055118109
20
0.6253176771653544
11
1.7598261417322834
21
0.6290672047244095
0
LINE
8
BLACK
6
CONTINUOUS
10
1.7598261417322834
20
0.6290672047244095
11
1.7596192519685039
21
0.6296078346456693
0
LINE
8
BLACK
6
CONTINUOUS
10
1.7596192519685039
20
0.6296078346456693
11
1.7596117322834646
21
0.6297136614173228
0
LINE
8
BLACK
6
CONTINUOUS
10
1.7596117322834646
20
0.6297136614173228
11
1.7595711417322835
21
0.629811653543307
0
LINE
8
BLACK
6
CONTINUOUS
10
1.7595711417322835
20
0.629811653543307
11
1.7595144094488189
21
0.630387716535433
0
LINE
8
BLACK
6
CONTINUOUS
10
1.7595144094488189
20
0.630387716535433
11
1.7595144094488189
21
0.6360120078740157
0
LINE
8
BLACK
6
CONTINUOUS
10
1.7595144094488189
20
0.6360120078740157
11
1.7595711417322835
21
0.6365880708661417
0
LINE
8
BLACK
6
CONTINUOUS
10
1.7595711417322835
20
0.6365880708661417
11
1.7596117322834646
21
0.6366861023622047
0
LINE
8
BLACK
6
CONTINUOUS
10
1.7596117322834646
20
0.6366861023622047
11
1.7596192519685039
21
0.6367918897637795
0
LINE
8
BLACK
6
CONTINUOUS
10
1.7596192519685039
20
0.6367918897637795
11
1.7598261417322834
21
0.6373325196850393
0
LINE
8
BLACK
6
CONTINUOUS
10
1.7598261417322834
20
0.6373325196850393
11
1.7617009055118109
21
0.6410820472440945
0
LINE
8
BLACK
6
CONTINUOUS
10
1.7617009055118109
20
0.6410820472440945
11
1.7618569685039369
21
0.6413300787401575
0
LINE
8
BLACK
6
CONTINUOUS
10
1.7618569685039369
20
0.6413300787401575
11
1.7618868110236221
21
0.6414020078740157
0
LINE
8
BLACK
6
CONTINUOUS
10
1.7618868110236221
20
0.6414020078740157
11
1.7619532677165355
21
0.6414829921259843
0
LINE
8
BLACK
6
CONTINUOUS
10
1.7619532677165355
20
0.6414829921259843
11
1.762009251968504
21
0.6415719291338583
0
LINE
8
BLACK
6
CONTINUOUS
10
1.762009251968504
20
0.6415719291338583
11
1.7620682283464566
21
0.6416231102362204
0
LINE
8
BLACK
6
CONTINUOUS
10
1.7620682283464566
20
0.6416231102362204
11
1.7622540157480315
21
0.6418494488188976
0
LINE
8
BLACK
6
CONTINUOUS
10
1.7622540157480315
20
0.6418494488188976
11
1.7641287795275591
21
0.6437242125984252
0
LINE
8
BLACK
6
CONTINUOUS
10
1.7641287795275591
20
0.6437242125984252
11
1.7643551181102362
21
0.64391
0
LINE
8
BLACK
6
CONTINUOUS
10
1.7643551181102362
20
0.64391
11
1.7644062992125984
21
0.6439689763779527
0
LINE
8
BLACK
6
CONTINUOUS
10
1.7644062992125984
20
0.6439689763779527
11
1.7644952362204724
21
0.6440249606299212
0
LINE
8
BLACK
6
CONTINUOUS
10
1.7644952362204724
20
0.6440249606299212
11
1.7645762204724409
21
0.6440914173228346
0
LINE
8
BLACK
6
CONTINUOUS
10
1.7645762204724409
20
0.6440914173228346
11
1.7646481496062991
21
0.6441212598425197
0
LINE
8
BLACK
6
CONTINUOUS
10
1.7646481496062991
20
0.6441212598425197
11
1.7648961811023622
21
0.6442773228346457
0
LINE
8
BLACK
6
CONTINUOUS
10
1.7648961811023622
20
0.6442773228346457
11
1.7686457086614173
21
0.6461520866141732
0
LINE
8
BLACK
6
CONTINUOUS
10
1.7686457086614173
20
0.6461520866141732
11
1.7691862992125984
21
0.6463589763779527
0
LINE
8
BLACK
6
CONTINUOUS
10
1.7691862992125984
20
0.6463589763779527
11
1.7692921653543308
21
0.6463665354330709
0
LINE
8
BLACK
6
CONTINUOUS
10
1.7692921653543308
20
0.6463665354330709
11
1.769390157480315
21
0.6464070866141732
0
LINE
8
BLACK
6
CONTINUOUS
10
1.769390157480315
20
0.6464070866141732
11
1.7699662204724409
21
0.6464638188976378
0
LINE
8
BLACK
6
CONTINUOUS
10
1.7699662204724409
20
0.6464638188976378
11
1.7849643307086613
21
0.6464638188976378
0
LINE
8
BLACK
6
CONTINUOUS
10
1.7849643307086613
20
0.6464638188976378
11
1.7855403937007874
21
0.6464070866141732
0
LINE
8
BLACK
6
CONTINUOUS
10
1.7679657874015748
20
0.6392095669291339
11
1.7667686614173228
21
0.6380124409448819
0
LINE
8
BLACK
6
CONTINUOUS
10
1.7667686614173228
20
0.6380124409448819
11
1.7654199212598425
21
0.6353149606299212
0
LINE
8
BLACK
6
CONTINUOUS
10
1.7654199212598425
20
0.6353149606299212
11
1.7654199212598425
21
0.6310847637795275
0
LINE
8
BLACK
6
CONTINUOUS
10
1.7654199212598425
20
0.6310847637795275
11
1.7667686614173228
21
0.628387283464567
0
LINE
8
BLACK
6
CONTINUOUS
10
1.7667686614173228
20
0.628387283464567
11
1.7679657874015748
21
0.6271901574803149
0
LINE
8
BLACK
6
CONTINUOUS
10
1.7679657874015748
20
0.6271901574803149
11
1.7706632677165355
21
0.6258414173228346
0
LINE
8
BLACK
6
CONTINUOUS
10
1.7706632677165355
20
0.6258414173228346
11
1.7820115748031495
21
0.6258414173228346
0
LINE
8
BLACK
6
CONTINUOUS
10
1.7820115748031495
20
0.6258414173228346
11
1.7820115748031495
21
0.6405583070866142
0
LINE
8
BLACK
6
CONTINUOUS
10
1.7820115748031495
20
0.6405583070866142
11
1.7706632677165355
21
0.6405583070866142
0
LINE
8
BLACK
6
CONTINUOUS
10
1.7706632677165355
20
0.6405583070866142
11
1.7679657874015748
21
0.6392095669291339
0
LINE
8
BLACK
6
CONTINUOUS
10
1.3866312204724409
20
0.6588273622047244
11
1.3868110236220472
21
0.6579233858267717
0
LINE
8
BLACK
6
CONTINUOUS
10
1.3868110236220472
20
0.6579233858267717
11
1.3868110236220472
21
0.637352283464567
0
LINE
8
BLACK
6
CONTINUOUS
10
1.3868110236220472
20
0.637352283464567
11
1.3866312204724409
21
0.6364483070866142
0
LINE
8
BLACK
6
CONTINUOUS
10
1.3866312204724409
20
0.6364483070866142
11
1.3853527952755904
21
0.6351698818897638
0
LINE
8
BLACK
6
CONTINUOUS
10
1.3853527952755904
20
0.6351698818897638
11
1.383544842519685
21
0.6351698818897638
0
LINE
8
BLACK
6
CONTINUOUS
10
1.383544842519685
20
0.6351698818897638
11
1.3822664173228345
21
0.6364483070866142
0
LINE
8
BLACK
6
CONTINUOUS
10
1.3822664173228345
20
0.6364483070866142
11
1.3820866141732284
21
0.637352283464567
0
LINE
8
BLACK
6
CONTINUOUS
10
1.3820866141732284
20
0.637352283464567
11
1.3820866141732284
21
0.6579233858267717
0
LINE
8
BLACK
6
CONTINUOUS
10
1.3820866141732284
20
0.6579233858267717
11
1.3822664173228345
21
0.6588273622047244
0
LINE
8
BLACK
6
CONTINUOUS
10
1.3822664173228345
20
0.6588273622047244
11
1.383544842519685
21
0.6601057874015748
0
LINE
8
BLACK
6
CONTINUOUS
10
1.383544842519685
20
0.6601057874015748
11
1.3853527952755904
21
0.6601057874015748
0
LINE
8
BLACK
6
CONTINUOUS
10
1.3853527952755904
20
0.6601057874015748
11
1.3866312204724409
21
0.6588273622047244
0
LINE
8
BLACK
6
CONTINUOUS
10
1.4445052362204724
20
0.6588273622047244
11
1.4446850393700787
21
0.6579233858267717
0
LINE
8
BLACK
6
CONTINUOUS
10
1.4446850393700787
20
0.6579233858267717
11
1.4446850393700787
21
0.637352283464567
0
LINE
8
BLACK
6
CONTINUOUS
10
1.4446850393700787
20
0.637352283464567
11
1.4445052362204724
21
0.6364483070866142
0
LINE
8
BLACK
6
CONTINUOUS
10
1.4445052362204724
20
0.6364483070866142
11
1.4432268110236219
21
0.6351698818897638
0
LINE
8
BLACK
6
CONTINUOUS
10
1.4432268110236219
20
0.6351698818897638
11
1.4414188582677165
21
0.6351698818897638
0
LINE
8
BLACK
6
CONTINUOUS
10
1.4414188582677165
20
0.6351698818897638
11
1.440140433070866
21
0.6364483070866142
0
LINE
8
BLACK
6
CONTINUOUS
10
1.440140433070866
20
0.6364483070866142
11
1.4399606299212597
21
0.637352283464567
0
LINE
8
BLACK
6
CONTINUOUS
10
1.4399606299212597
20
0.637352283464567
11
1.4399606299212597
21
0.6579233858267717
0
LINE
8
BLACK
6
CONTINUOUS
10
1.4399606299212597
20
0.6579233858267717
11
1.440140433070866
21
0.6588273622047244
0
LINE
8
BLACK
6
CONTINUOUS
10
1.440140433070866
20
0.6588273622047244
11
1.4414188582677165
21
0.6601057874015748
0
LINE
8
BLACK
6
CONTINUOUS
10
1.4414188582677165
20
0.6601057874015748
11
1.4432268110236219
21
0.6601057874015748
0
LINE
8
BLACK
6
CONTINUOUS
10
1.4432268110236219
20
0.6601057874015748
11
1.4445052362204724
21
0.6588273622047244
0
LINE
8
BLACK
6
CONTINUOUS
10
1.8636820866141732
20
0.6531666535433071
11
1.8649605118110235
21
0.6518882283464567
0
LINE
8
BLACK
6
CONTINUOUS
10
1.8649605118110235
20
0.6518882283464567
11
1.8649605118110235
21
0.6500802755905511
0
LINE
8
BLACK
6
CONTINUOUS
10
1.8649605118110235
20
0.6500802755905511
11
1.8636820866141732
21
0.6488018503937008
0
LINE
8
BLACK
6
CONTINUOUS
10
1.8636820866141732
20
0.6488018503937008
11
1.8627781102362204
21
0.6486220472440944
0
LINE
8
BLACK
6
CONTINUOUS
10
1.8627781102362204
20
0.6486220472440944
11
1.8448990551181101
21
0.6486220472440944
0
LINE
8
BLACK
6
CONTINUOUS
10
1.8448990551181101
20
0.6486220472440944
11
1.8439950787401573
21
0.6488018503937008
0
LINE
8
BLACK
6
CONTINUOUS
10
1.8439950787401573
20
0.6488018503937008
11
1.842716653543307
21
0.6500802755905511
0
LINE
8
BLACK
6
CONTINUOUS
10
1.842716653543307
20
0.6500802755905511
11
1.842716653543307
21
0.6518882283464567
0
LINE
8
BLACK
6
CONTINUOUS
10
1.842716653543307
20
0.6518882283464567
11
1.8439950787401573
21
0.6531666535433071
0
LINE
8
BLACK
6
CONTINUOUS
10
1.8439950787401573
20
0.6531666535433071
11
1.8448990551181101
21
0.6533464566929134
0
LINE
8
BLACK
6
CONTINUOUS
10
1.8448990551181101
20
0.6533464566929134
11
1.8627781102362204
21
0.6533464566929134
0
LINE
8
BLACK
6
CONTINUOUS
10
1.8627781102362204
20
0.6533464566929134
11
1.8636820866141732
21
0.6531666535433071
0
LINE
8
BLACK
6
CONTINUOUS
10
2.2140757874015748
20
0.6571036614173228
11
2.2153542125984251
21
0.6558252362204724
0
LINE
8
BLACK
6
CONTINUOUS
10
2.2153542125984251
20
0.6558252362204724
11
2.2153542125984251
21
0.6540172834645669
0
LINE
8
BLACK
6
CONTINUOUS
10
2.2153542125984251
20
0.6540172834645669
11
2.2140757874015748
21
0.6527388582677165
0
LINE
8
BLACK
6
CONTINUOUS
10
2.2140757874015748
20
0.6527388582677165
11
2.213171811023622
21
0.6525590551181102
0
LINE
8
BLACK
6
CONTINUOUS
10
2.213171811023622
20
0.6525590551181102
11
2.1952927559055118
21
0.6525590551181102
0
LINE
8
BLACK
6
CONTINUOUS
10
2.1952927559055118
20
0.6525590551181102
11
2.194388779527559
21
0.6527388582677165
0
LINE
8
BLACK
6
CONTINUOUS
10
2.194388779527559
20
0.6527388582677165
11
2.1931103543307087
21
0.6540172834645669
0
LINE
8
BLACK
6
CONTINUOUS
10
2.1931103543307087
20
0.6540172834645669
11
2.1931103543307087
21
0.6558252362204724
0
LINE
8
BLACK
6
CONTINUOUS
10
2.1931103543307087
20
0.6558252362204724
11
2.194388779527559
21
0.6571036614173228
0
LINE
8
BLACK
6
CONTINUOUS
10
2.194388779527559
20
0.6571036614173228
11
2.1952927559055118
21
0.6572834645669291
0
LINE
8
BLACK
6
CONTINUOUS
10
2.1952927559055118
20
0.6572834645669291
11
2.213171811023622
21
0.6572834645669291
0
LINE
8
BLACK
6
CONTINUOUS
10
2.213171811023622
20
0.6572834645669291
11
2.2140757874015748
21
0.6571036614173228
0
LINE
8
BLACK
6
CONTINUOUS
10
2.1848339763779525
20
0.7093992125984252
11
2.1851232677165355
21
0.7093992125984252
0
LINE
8
BLACK
6
CONTINUOUS
10
2.1851232677165355
20
0.7093992125984252
11
2.185393346456693
21
0.7092873622047244
0
LINE
8
BLACK
6
CONTINUOUS
10
2.185393346456693
20
0.7092873622047244
11
2.1856800000000001
21
0.70923
0
LINE
8
BLACK
6
CONTINUOUS
10
2.1856800000000001
20
0.70923
11
2.1859203543307086
21
0.7090690551181102
0
LINE
8
BLACK
6
CONTINUOUS
10
2.1859203543307086
20
0.7090690551181102
11
2.1861876771653543
21
0.7089583070866141
0
LINE
8
BLACK
6
CONTINUOUS
10
2.1861876771653543
20
0.7089583070866141
11
2.18639437007874
21
0.7087516141732283
0
LINE
8
BLACK
6
CONTINUOUS
10
2.18639437007874
20
0.7087516141732283
11
2.1866372834645671
21
0.708588937007874
0
LINE
8
BLACK
6
CONTINUOUS
10
2.1866372834645671
20
0.708588937007874
11
2.1870002755905511
21
0.7081457086614174
0
LINE
8
BLACK
6
CONTINUOUS
10
2.1870002755905511
20
0.7081457086614174
11
2.1870023228346458
21
0.7081436614173228
0
LINE
8
BLACK
6
CONTINUOUS
10
2.1870023228346458
20
0.7081436614173228
11
2.1870026771653541
21
0.7081427952755905
0
LINE
8
BLACK
6
CONTINUOUS
10
2.1870026771653541
20
0.7081427952755905
11
2.18700405511811
21
0.7081411023622047
0
LINE
8
BLACK
6
CONTINUOUS
10
2.18700405511811
20
0.7081411023622047
11
2.1905913779527557
21
0.7027600787401574
0
LINE
8
BLACK
6
CONTINUOUS
10
2.1905913779527557
20
0.7027600787401574
11
2.1937953543307085
21
0.6995561023622047
0
LINE
8
BLACK
6
CONTINUOUS
10
2.1937953543307085
20
0.6995561023622047
11
2.1971162992125985
21
0.6978956299212599
0
LINE
8
BLACK
6
CONTINUOUS
10
2.1971162992125985
20
0.6978956299212599
11
2.1976061811023619
21
0.6975872834645669
0
LINE
8
BLACK
6
CONTINUOUS
10
2.1976061811023619
20
0.6975872834645669
11
2.1983610236220472
21
0.6967168897637795
0
LINE
8
BLACK
6
CONTINUOUS
10
2.1983610236220472
20
0.6967168897637795
11
2.1987253543307088
21
0.6956239370078739
0
LINE
8
BLACK
6
CONTINUOUS
10
2.1987253543307088
20
0.6956239370078739
11
2.1986437007874016
21
0.6944747244094488
0
LINE
8
BLACK
6
CONTINUOUS
10
2.1986437007874016
20
0.6944747244094488
11
2.1981284251968503
21
0.6934442125984251
0
LINE
8
BLACK
6
CONTINUOUS
10
2.1981284251968503
20
0.6934442125984251
11
2.1972580708661416
21
0.6926893700787401
0
LINE
8
BLACK
6
CONTINUOUS
10
2.1972580708661416
20
0.6926893700787401
11
2.1961650787401577
21
0.6923250393700787
0
LINE
8
BLACK
6
CONTINUOUS
10
2.1961650787401577
20
0.6923250393700787
11
2.1950158661417323
21
0.6924066929133859
0
LINE
8
BLACK
6
CONTINUOUS
10
2.1950158661417323
20
0.6924066929133859
11
2.194475275590551
21
0.6926135826771653
0
LINE
8
BLACK
6
CONTINUOUS
10
2.194475275590551
20
0.6926135826771653
11
2.1907257480314959
21
0.6944883464566929
0
LINE
8
BLACK
6
CONTINUOUS
10
2.1907257480314959
20
0.6944883464566929
11
2.1904779133858265
21
0.6946443700787401
0
LINE
8
BLACK
6
CONTINUOUS
10
2.1904779133858265
20
0.6946443700787401
11
2.1904057874015748
21
0.6946742125984252
0
LINE
8
BLACK
6
CONTINUOUS
10
2.1904057874015748
20
0.6946742125984252
11
2.1903246062992126
21
0.6947408267716535
0
LINE
8
BLACK
6
CONTINUOUS
10
2.1903246062992126
20
0.6947408267716535
11
2.190235866141732
21
0.6947966929133859
0
LINE
8
BLACK
6
CONTINUOUS
10
2.190235866141732
20
0.6947966929133859
11
2.1901847244094488
21
0.6948556299212598
0
LINE
8
BLACK
6
CONTINUOUS
10
2.1901847244094488
20
0.6948556299212598
11
2.189958346456693
21
0.6950414566929134
0
LINE
8
BLACK
6
CONTINUOUS
10
2.189958346456693
20
0.6950414566929134
11
2.1874999606299212
21
0.697499842519685
0
LINE
8
BLACK
6
CONTINUOUS
10
2.1874999606299212
20
0.697499842519685
11
2.1874999606299212
21
0.6700858661417323
0
LINE
8
BLACK
6
CONTINUOUS
10
2.1874999606299212
20
0.6700858661417323
11
2.1957957874015746
21
0.6700858661417323
0
LINE
8
BLACK
6
CONTINUOUS
10
2.1957957874015746
20
0.6700858661417323
11
2.1963718503937009
21
0.6700291338582677
0
LINE
8
BLACK
6
CONTINUOUS
10
2.1963718503937009
20
0.6700291338582677
11
2.1974362598425197
21
0.6695882283464567
0
LINE
8
BLACK
6
CONTINUOUS
10
2.1974362598425197
20
0.6695882283464567
11
2.1982509055118111
21
0.6687735826771654
0
LINE
8
BLACK
6
CONTINUOUS
10
2.1982509055118111
20
0.6687735826771654
11
2.1986918110236222
21
0.6677091732283464
0
LINE
8
BLACK
6
CONTINUOUS
10
2.1986918110236222
20
0.6677091732283464
11
2.1986918110236222
21
0.6665570472440945
0
LINE
8
BLACK
6
CONTINUOUS
10
2.1986918110236222
20
0.6665570472440945
11
2.1982509055118111
21
0.6654926377952756
0
LINE
8
BLACK
6
CONTINUOUS
10
2.1982509055118111
20
0.6654926377952756
11
2.1974362598425197
21
0.6646779921259842
0
LINE
8
BLACK
6
CONTINUOUS
10
2.1974362598425197
20
0.6646779921259842
11
2.1963718503937009
21
0.6642370866141732
0
LINE
8
BLACK
6
CONTINUOUS
10
2.1963718503937009
20
0.6642370866141732
11
2.1957957874015746
21
0.6641803543307087
0
LINE
8
BLACK
6
CONTINUOUS
10
2.1957957874015746
20
0.6641803543307087
11
2.1732986220472439
21
0.6641803543307087
0
LINE
8
BLACK
6
CONTINUOUS
10
2.1732986220472439
20
0.6641803543307087
11
2.172722559055118
21
0.6642370866141732
0
LINE
8
BLACK
6
CONTINUOUS
10
2.172722559055118
20
0.6642370866141732
11
2.1716581496062992
21
0.6646779921259842
0
LINE
8
BLACK
6
CONTINUOUS
10
2.1716581496062992
20
0.6646779921259842
11
2.1708435039370078
21
0.6654926377952756
0
LINE
8
BLACK
6
CONTINUOUS
10
2.1708435039370078
20
0.6654926377952756
11
2.1704025984251967
21
0.6665570472440945
0
LINE
8
BLACK
6
CONTINUOUS
10
2.1704025984251967
20
0.6665570472440945
11
2.1704025984251967
21
0.6677091732283464
0
LINE
8
BLACK
6
CONTINUOUS
10
2.1704025984251967
20
0.6677091732283464
11
2.1708435039370078
21
0.6687735826771654
0
LINE
8
BLACK
6
CONTINUOUS
10
2.1708435039370078
20
0.6687735826771654
11
2.1716581496062992
21
0.6695882283464567
0
LINE
8
BLACK
6
CONTINUOUS
10
2.1716581496062992
20
0.6695882283464567
11
2.172722559055118
21
0.6700291338582677
0
LINE
8
BLACK
6
CONTINUOUS
10
2.172722559055118
20
0.6700291338582677
11
2.1732986220472439
21
0.6700858661417323
0
LINE
8
BLACK
6
CONTINUOUS
10
2.1732986220472439
20
0.6700858661417323
11
2.1815944488188976
21
0.6700858661417323
0
LINE
8
BLACK
6
CONTINUOUS
10
2.1815944488188976
20
0.6700858661417323
11
2.1815944488188976
21
0.706503188976378
0
LINE
8
BLACK
6
CONTINUOUS
10
2.1815944488188976
20
0.706503188976378
11
2.1815946456692914
21
0.7065052755905512
0
LINE
8
BLACK
6
CONTINUOUS
10
2.1815946456692914
20
0.7065052755905512
11
2.1815944488188976
21
0.7065062992125984
0
LINE
8
BLACK
6
CONTINUOUS
10
2.1815944488188976
20
0.7065062992125984
11
2.1815950393700785
21
0.7065093307086614
0
LINE
8
BLACK
6
CONTINUOUS
10
2.1815950393700785
20
0.7065093307086614
11
2.181651181102362
21
0.707079251968504
0
LINE
8
BLACK
6
CONTINUOUS
10
2.181651181102362
20
0.707079251968504
11
2.1817630314960628
21
0.7073493700787401
0
LINE
8
BLACK
6
CONTINUOUS
10
2.1817630314960628
20
0.7073493700787401
11
2.1818203937007872
21
0.7076359842519685
0
LINE
8
BLACK
6
CONTINUOUS
10
2.1818203937007872
20
0.7076359842519685
11
2.181981338582677
21
0.7078763779527559
0
LINE
8
BLACK
6
CONTINUOUS
10
2.181981338582677
20
0.7078763779527559
11
2.1820920866141731
21
0.7081436614173228
0
LINE
8
BLACK
6
CONTINUOUS
10
2.1820920866141731
20
0.7081436614173228
11
2.1822987795275588
21
0.7083503937007873
0
LINE
8
BLACK
6
CONTINUOUS
10
2.1822987795275588
20
0.7083503937007873
11
2.1824614566929132
21
0.7085932677165354
0
LINE
8
BLACK
6
CONTINUOUS
10
2.1824614566929132
20
0.7085932677165354
11
2.1827021653543306
21
0.708753779527559
0
LINE
8
BLACK
6
CONTINUOUS
10
2.1827021653543306
20
0.708753779527559
11
2.1829067322834645
21
0.7089583070866141
0
LINE
8
BLACK
6
CONTINUOUS
10
2.1829067322834645
20
0.7089583070866141
11
2.183176811023622
21
0.7090701968503936
0
LINE
8
BLACK
6
CONTINUOUS
10
2.183176811023622
20
0.7090701968503936
11
2.1834200787401574
21
0.7092323622047244
0
LINE
8
BLACK
6
CONTINUOUS
10
2.1834200787401574
20
0.7092323622047244
11
2.1837038582677164
21
0.7092885039370078
0
LINE
8
BLACK
6
CONTINUOUS
10
2.1837038582677164
20
0.7092885039370078
11
2.1839711417322833
21
0.7093992125984252
0
LINE
8
BLACK
6
CONTINUOUS
10
2.1839711417322833
20
0.7093992125984252
11
2.1842635433070865
21
0.7093992125984252
0
LINE
8
BLACK
6
CONTINUOUS
10
2.1842635433070865
20
0.7093992125984252
11
2.1845503149606298
21
0.7094559448818898
0
LINE
8
BLACK
6
CONTINUOUS
10
2.1845503149606298
20
0.7094559448818898
11
2.1848339763779525
21
0.7093992125984252
0
LINE
8
BLACK
6
CONTINUOUS
10
2.2338671653543307
20
0.7093992125984252
11
2.2349315748031495
21
0.7089583070866141
0
LINE
8
BLACK
6
CONTINUOUS
10
2.2349315748031495
20
0.7089583070866141
11
2.235746220472441
21
0.7081436614173228
0
LINE
8
BLACK
6
CONTINUOUS
10
2.235746220472441
20
0.7081436614173228
11
2.2361871259842521
21
0.707079251968504
0
LINE
8
BLACK
6
CONTINUOUS
10
2.2361871259842521
20
0.707079251968504
11
2.2362438582677164
21
0.706503188976378
0
LINE
8
BLACK
6
CONTINUOUS
10
2.2362438582677164
20
0.706503188976378
11
2.2362438582677164
21
0.6671331102362205
0
LINE
8
BLACK
6
CONTINUOUS
10
2.2362438582677164
20
0.6671331102362205
11
2.2361871259842521
21
0.6665570472440945
0
LINE
8
BLACK
6
CONTINUOUS
10
2.2361871259842521
20
0.6665570472440945
11
2.235746220472441
21
0.6654926377952756
0
LINE
8
BLACK
6
CONTINUOUS
10
2.235746220472441
20
0.6654926377952756
11
2.2349315748031495
21
0.6646779921259842
0
LINE
8
BLACK
6
CONTINUOUS
10
2.2349315748031495
20
0.6646779921259842
11
2.2338671653543307
21
0.6642370866141732
0
LINE
8
BLACK
6
CONTINUOUS
10
2.2338671653543307
20
0.6642370866141732
11
2.2327150393700785
21
0.6642370866141732
0
LINE
8
BLACK
6
CONTINUOUS
10
2.2327150393700785
20
0.6642370866141732
11
2.2316506299212597
21
0.6646779921259842
0
LINE
8
BLACK
6
CONTINUOUS
10
2.2316506299212597
20
0.6646779921259842
11
2.2308359842519683
21
0.6654926377952756
0
LINE
8
BLACK
6
CONTINUOUS
10
2.2308359842519683
20
0.6654926377952756
11
2.2303950787401576
21
0.6665570472440945
0
LINE
8
BLACK
6
CONTINUOUS
10
2.2303950787401576
20
0.6665570472440945
11
2.2303383464566928
21
0.6671331102362205
0
LINE
8
BLACK
6
CONTINUOUS
10
2.2303383464566928
20
0.6671331102362205
11
2.2303383464566928
21
0.682928031496063
0
LINE
8
BLACK
6
CONTINUOUS
10
2.2303383464566928
20
0.682928031496063
11
2.2254546456692914
21
0.682928031496063
0
LINE
8
BLACK
6
CONTINUOUS
10
2.2254546456692914
20
0.682928031496063
11
2.2132129133858269
21
0.6654398031496063
0
LINE
8
BLACK
6
CONTINUOUS
10
2.2132129133858269
20
0.6654398031496063
11
2.2128361023622047
21
0.6650004330708661
0
LINE
8
BLACK
6
CONTINUOUS
10
2.2128361023622047
20
0.6650004330708661
11
2.2118644881889762
21
0.6643812598425197
0
LINE
8
BLACK
6
CONTINUOUS
10
2.2118644881889762
20
0.6643812598425197
11
2.2107299606299211
21
0.664181062992126
0
LINE
8
BLACK
6
CONTINUOUS
10
2.2107299606299211
20
0.664181062992126
11
2.2096051181102361
21
0.6644302362204725
0
LINE
8
BLACK
6
CONTINUOUS
10
2.2096051181102361
20
0.6644302362204725
11
2.2086612598425197
21
0.6650909448818898
0
LINE
8
BLACK
6
CONTINUOUS
10
2.2086612598425197
20
0.6650909448818898
11
2.208042086614173
21
0.6660625590551181
0
LINE
8
BLACK
6
CONTINUOUS
10
2.208042086614173
20
0.6660625590551181
11
2.2078418897637793
21
0.6671970866141732
0
LINE
8
BLACK
6
CONTINUOUS
10
2.2078418897637793
20
0.6671970866141732
11
2.2080910629921258
21
0.6683219291338582
0
LINE
8
BLACK
6
CONTINUOUS
10
2.2080910629921258
20
0.6683219291338582
11
2.208374960629921
21
0.6688264173228347
0
LINE
8
BLACK
6
CONTINUOUS
10
2.208374960629921
20
0.6688264173228347
11
2.218249094488189
21
0.6829323622047244
0
LINE
8
BLACK
6
CONTINUOUS
10
2.218249094488189
20
0.6829323622047244
11
2.2177169291338581
21
0.6829847637795275
0
LINE
8
BLACK
6
CONTINUOUS
10
2.2177169291338581
20
0.6829847637795275
11
2.2176189370078738
21
0.6830253543307087
0
LINE
8
BLACK
6
CONTINUOUS
10
2.2176189370078738
20
0.6830253543307087
11
2.2175130708661417
21
0.683032874015748
0
LINE
8
BLACK
6
CONTINUOUS
10
2.2175130708661417
20
0.683032874015748
11
2.2169724803149604
21
0.6832397637795276
0
LINE
8
BLACK
6
CONTINUOUS
10
2.2169724803149604
20
0.6832397637795276
11
2.2132229527559053
21
0.6851145275590551
0
LINE
8
BLACK
6
CONTINUOUS
10
2.2132229527559053
20
0.6851145275590551
11
2.2129749212598426
21
0.6852706299212599
0
LINE
8
BLACK
6
CONTINUOUS
10
2.2129749212598426
20
0.6852706299212599
11
2.2129029921259842
21
0.6853004330708661
0
LINE
8
BLACK
6
CONTINUOUS
10
2.2129029921259842
20
0.6853004330708661
11
2.2128220078740157
21
0.6853669291338582
0
LINE
8
BLACK
6
CONTINUOUS
10
2.2128220078740157
20
0.6853669291338582
11
2.2127330708661415
21
0.685422874015748
0
LINE
8
BLACK
6
CONTINUOUS
10
2.2127330708661415
20
0.685422874015748
11
2.2126818897637794
21
0.6854818897637796
0
LINE
8
BLACK
6
CONTINUOUS
10
2.2126818897637794
20
0.6854818897637796
11
2.2124555511811024
21
0.6856676377952756
0
LINE
8
BLACK
6
CONTINUOUS
10
2.2124555511811024
20
0.6856676377952756
11
2.2105807874015748
21
0.6875424015748032
0
LINE
8
BLACK
6
CONTINUOUS
10
2.2105807874015748
20
0.6875424015748032
11
2.2103950000000001
21
0.687768779527559
0
LINE
8
BLACK
6
CONTINUOUS
10
2.2103950000000001
20
0.687768779527559
11
2.2103360236220473
21
0.6878199212598425
0
LINE
8
BLACK
6
CONTINUOUS
10
2.2103360236220473
20
0.6878199212598425
11
2.2102800393700788
21
0.6879088976377953
0
LINE
8
BLACK
6
CONTINUOUS
10
2.2102800393700788
20
0.6879088976377953
11
2.2102135826771652
21
0.687989842519685
0
LINE
8
BLACK
6
CONTINUOUS
10
2.2102135826771652
20
0.687989842519685
11
2.2101837401574804
21
0.6880618110236221
0
LINE
8
BLACK
6
CONTINUOUS
10
2.2101837401574804
20
0.6880618110236221
11
2.2100276771653542
21
0.6883098031496063
0
LINE
8
BLACK
6
CONTINUOUS
10
2.2100276771653542
20
0.6883098031496063
11
2.2081529133858266
21
0.6920593307086614
0
LINE
8
BLACK
6
CONTINUOUS
10
2.2081529133858266
20
0.6920593307086614
11
2.2079460236220472
21
0.6925999606299212
0
LINE
8
BLACK
6
CONTINUOUS
10
2.2079460236220472
20
0.6925999606299212
11
2.2079385039370076
21
0.6927057874015747
0
LINE
8
BLACK
6
CONTINUOUS
10
2.2079385039370076
20
0.6927057874015747
11
2.2078979133858265
21
0.692803779527559
0
LINE
8
BLACK
6
CONTINUOUS
10
2.2078979133858265
20
0.692803779527559
11
2.2078411811023622
21
0.693379842519685
0
LINE
8
BLACK
6
CONTINUOUS
10
2.2078411811023622
20
0.693379842519685
11
2.2078411811023622
21
0.6990041338582677
0
LINE
8
BLACK
6
CONTINUOUS
10
2.2078411811023622
20
0.6990041338582677
11
2.2078979133858265
21
0.6995801968503936
0
LINE
8
BLACK
6
CONTINUOUS
10
2.2078979133858265
20
0.6995801968503936
11
2.2079385039370076
21
0.6996782283464567
0
LINE
8
BLACK
6
CONTINUOUS
10
2.2079385039370076
20
0.6996782283464567
11
2.2079460236220472
21
0.6997840157480315
0
LINE
8
BLACK
6
CONTINUOUS
10
2.2079460236220472
20
0.6997840157480315
11
2.2081529133858266
21
0.7003246456692913
0
LINE
8
BLACK
6
CONTINUOUS
10
2.2081529133858266
20
0.7003246456692913
11
2.2100276771653542
21
0.7040741732283464
0
LINE
8
BLACK
6
CONTINUOUS
10
2.2100276771653542
20
0.7040741732283464
11
2.2101837401574804
21
0.7043222047244094
0
LINE
8
BLACK
6
CONTINUOUS
10
2.2101837401574804
20
0.7043222047244094
11
2.2102135826771652
21
0.7043941338582677
0
LINE
8
BLACK
6
CONTINUOUS
10
2.2102135826771652
20
0.7043941338582677
11
2.2102800393700788
21
0.7044751181102362
0
LINE
8
BLACK
6
CONTINUOUS
10
2.2102800393700788
20
0.7044751181102362
11
2.2103360236220473
21
0.7045640551181103
0
LINE
8
BLACK
6
CONTINUOUS
10
2.2103360236220473
20
0.7045640551181103
11
2.2103950000000001
21
0.7046152362204724
0
LINE
8
BLACK
6
CONTINUOUS
10
2.2103950000000001
20
0.7046152362204724
11
2.2105807874015748
21
0.7048415748031496
0
LINE
8
BLACK
6
CONTINUOUS
10
2.2105807874015748
20
0.7048415748031496
11
2.2124555511811024
21
0.7067163385826771
0
LINE
8
BLACK
6
CONTINUOUS
10
2.2124555511811024
20
0.7067163385826771
11
2.2126818897637794
21
0.706902125984252
0
LINE
8
BLACK
6
CONTINUOUS
10
2.2126818897637794
20
0.706902125984252
11
2.2127330708661415
21
0.7069611023622047
0
LINE
8
BLACK
6
CONTINUOUS
10
2.2127330708661415
20
0.7069611023622047
11
2.2128220078740157
21
0.7070170866141732
0
LINE
8
BLACK
6
CONTINUOUS
10
2.2128220078740157
20
0.7070170866141732
11
2.2129029921259842
21
0.7070835433070866
0
LINE
8
BLACK
6
CONTINUOUS
10
2.2129029921259842
20
0.7070835433070866
11
2.2129749212598426
21
0.7071133858267716
0
LINE
8
BLACK
6
CONTINUOUS
10
2.2129749212598426
20
0.7071133858267716
11
2.2132229527559053
21
0.7072694488188976
0
LINE
8
BLACK
6
CONTINUOUS
10
2.2132229527559053
20
0.7072694488188976
11
2.2169724803149604
21
0.7091442125984252
0
LINE
8
BLACK
6
CONTINUOUS
10
2.2169724803149604
20
0.7091442125984252
11
2.2175130708661417
21
0.7093511023622047
0
LINE
8
BLACK
6
CONTINUOUS
10
2.2175130708661417
20
0.7093511023622047
11
2.2176189370078738
21
0.7093586614173228
0
LINE
8
BLACK
6
CONTINUOUS
10
2.2176189370078738
20
0.7093586614173228
11
2.2177169291338581
21
0.7093992125984252
0
LINE
8
BLACK
6
CONTINUOUS
10
2.2177169291338581
20
0.7093992125984252
11
2.2182929921259844
21
0.7094559448818898
0
LINE
8
BLACK
6
CONTINUOUS
10
2.2182929921259844
20
0.7094559448818898
11
2.2332911023622048
21
0.7094559448818898
0
LINE
8
BLACK
6
CONTINUOUS
10
2.2332911023622048
20
0.7094559448818898
11
2.2338671653543307
21
0.7093992125984252
0
LINE
8
BLACK
6
CONTINUOUS
10
2.2162925590551179
20
0.7022016929133859
11
2.2150954330708661
21
0.7010045669291338
0
LINE
8
BLACK
6
CONTINUOUS
10
2.2150954330708661
20
0.7010045669291338
11
2.2137466929133858
21
0.6983070866141732
0
LINE
8
BLACK
6
CONTINUOUS
10
2.2137466929133858
20
0.6983070866141732
11
2.2137466929133858
21
0.6940768897637795
0
LINE
8
BLACK
6
CONTINUOUS
10
2.2137466929133858
20
0.6940768897637795
11
2.2150954330708661
21
0.6913794094488189
0
LINE
8
BLACK
6
CONTINUOUS
10
2.2150954330708661
20
0.6913794094488189
11
2.2162925590551179
21
0.6901822834645669
0
LINE
8
BLACK
6
CONTINUOUS
10
2.2162925590551179
20
0.6901822834645669
11
2.2189900393700785
21
0.6888335433070866
0
LINE
8
BLACK
6
CONTINUOUS
10
2.2189900393700785
20
0.6888335433070866
11
2.2303383464566928
21
0.6888335433070866
0
LINE
8
BLACK
6
CONTINUOUS
10
2.2303383464566928
20
0.6888335433070866
11
2.2303383464566928
21
0.7035504330708662
0
LINE
8
BLACK
6
CONTINUOUS
10
2.2303383464566928
20
0.7035504330708662
11
2.2189900393700785
21
0.7035504330708662
0
LINE
8
BLACK
6
CONTINUOUS
10
2.2189900393700785
20
0.7035504330708662
11
2.2162925590551179
21
0.7022016929133859
0
LINE
8
BLACK
6
CONTINUOUS
10
0.9378123228346457
20
0.6883548818897638
11
0.937992125984252
21
0.687450905511811
0
LINE
8
BLACK
6
CONTINUOUS
10
0.937992125984252
20
0.687450905511811
11
0.937992125984252
21
0.6668798031496063
0
LINE
8
BLACK
6
CONTINUOUS
10
0.937992125984252
20
0.6668798031496063
11
0.9378123228346457
21
0.6659758267716536
0
LINE
8
BLACK
6
CONTINUOUS
10
0.9378123228346457
20
0.6659758267716536
11
0.9365338976377953
21
0.6646974015748032
0
LINE
8
BLACK
6
CONTINUOUS
10
0.9365338976377953
20
0.6646974015748032
11
0.9347259448818898
21
0.6646974015748032
0
LINE
8
BLACK
6
CONTINUOUS
10
0.9347259448818898
20
0.6646974015748032
11
0.9334475196850394
21
0.6659758267716536
0
LINE
8
BLACK
6
CONTINUOUS
10
0.9334475196850394
20
0.6659758267716536
11
0.9332677165354331
21
0.6668798031496063
0
LINE
8
BLACK
6
CONTINUOUS
10
0.9332677165354331
20
0.6668798031496063
11
0.9332677165354331
21
0.687450905511811
0
LINE
8
BLACK
6
CONTINUOUS
10
0.9332677165354331
20
0.687450905511811
11
0.9334475196850394
21
0.6883548818897638
0
LINE
8
BLACK
6
CONTINUOUS
10
0.9334475196850394
20
0.6883548818897638
11
0.9347259448818898
21
0.6896333070866142
0
LINE
8
BLACK
6
CONTINUOUS
10
0.9347259448818898
20
0.6896333070866142
11
0.9365338976377953
21
0.6896333070866142
0
LINE
8
BLACK
6
CONTINUOUS
10
0.9365338976377953
20
0.6896333070866142
11
0.9378123228346457
21
0.6883548818897638
0
LINE
8
BLACK
6
CONTINUOUS
10
0.9956863385826772
20
0.6883548818897638
11
0.9958661417322835
21
0.687450905511811
0
LINE
8
BLACK
6
CONTINUOUS
10
0.9958661417322835
20
0.687450905511811
11
0.9958661417322835
21
0.6668798031496063
0
LINE
8
BLACK
6
CONTINUOUS
10
0.9958661417322835
20
0.6668798031496063
11
0.9956863385826772
21
0.6659758267716536
0
LINE
8
BLACK
6
CONTINUOUS
10
0.9956863385826772
20
0.6659758267716536
11
0.9944079133858268
21
0.6646974015748032
0
LINE
8
BLACK
6
CONTINUOUS
10
0.9944079133858268
20
0.6646974015748032
11
0.9925999606299213
21
0.6646974015748032
0
LINE
8
BLACK
6
CONTINUOUS
10
0.9925999606299213
20
0.6646974015748032
11
0.9913215354330709
21
0.6659758267716536
0
LINE
8
BLACK
6
CONTINUOUS
10
0.9913215354330709
20
0.6659758267716536
11
0.9911417322834646
21
0.6668798031496063
0
LINE
8
BLACK
6
CONTINUOUS
10
0.9911417322834646
20
0.6668798031496063
11
0.9911417322834646
21
0.687450905511811
0
LINE
8
BLACK
6
CONTINUOUS
10
0.9911417322834646
20
0.687450905511811
11
0.9913215354330709
21
0.6883548818897638
0
LINE
8
BLACK
6
CONTINUOUS
10
0.9913215354330709
20
0.6883548818897638
11
0.9925999606299213
21
0.6896333070866142
0
LINE
8
BLACK
6
CONTINUOUS
10
0.9925999606299213
20
0.6896333070866142
11
0.9944079133858268
21
0.6896333070866142
0
LINE
8
BLACK
6
CONTINUOUS
10
0.9944079133858268
20
0.6896333070866142
11
0.9956863385826772
21
0.6883548818897638
0
LINE
8
BLACK
6
CONTINUOUS
10
1.8529448818897638
20
0.7211070472440945
11
1.853759527559055
21
0.7202924015748031
0
LINE
8
BLACK
6
CONTINUOUS
10
1.853759527559055
20
0.7202924015748031
11
1.8542004330708661
21
0.7192279527559055
0
LINE
8
BLACK
6
CONTINUOUS
10
1.8542004330708661
20
0.7192279527559055
11
1.8542004330708661
21
0.7180758661417322
0
LINE
8
BLACK
6
CONTINUOUS
10
1.8542004330708661
20
0.7180758661417322
11
1.853759527559055
21
0.7170114566929133
0
LINE
8
BLACK
6
CONTINUOUS
10
1.853759527559055
20
0.7170114566929133
11
1.8533923228346456
21
0.7165640157480315
0
LINE
8
BLACK
6
CONTINUOUS
10
1.8533923228346456
20
0.7165640157480315
11
1.8313489763779527
21
0.6945207086614174
0
LINE
8
BLACK
6
CONTINUOUS
10
1.8313489763779527
20
0.6945207086614174
11
1.830395275590551
21
0.6916596062992126
0
LINE
8
BLACK
6
CONTINUOUS
10
1.830395275590551
20
0.6916596062992126
11
1.830395275590551
21
0.6899665748031496
0
LINE
8
BLACK
6
CONTINUOUS
10
1.830395275590551
20
0.6899665748031496
11
1.8313489763779527
21
0.6871054724409449
0
LINE
8
BLACK
6
CONTINUOUS
10
1.8313489763779527
20
0.6871054724409449
11
1.8356658661417322
21
0.6827885826771654
0
LINE
8
BLACK
6
CONTINUOUS
10
1.8356658661417322
20
0.6827885826771654
11
1.8385269291338582
21
0.6818348818897637
0
LINE
8
BLACK
6
CONTINUOUS
10
1.8385269291338582
20
0.6818348818897637
11
1.84022
21
0.6818348818897637
0
LINE
8
BLACK
6
CONTINUOUS
10
1.84022
20
0.6818348818897637
11
1.8430810629921259
21
0.6827886220472441
0
LINE
8
BLACK
6
CONTINUOUS
10
1.8430810629921259
20
0.6827886220472441
11
1.8651244094488189
21
0.7048319291338583
0
LINE
8
BLACK
6
CONTINUOUS
10
1.8651244094488189
20
0.7048319291338583
11
1.8655718503937007
21
0.7051991338582677
0
LINE
8
BLACK
6
CONTINUOUS
10
1.8655718503937007
20
0.7051991338582677
11
1.8666362598425197
21
0.7056400393700787
0
LINE
8
BLACK
6
CONTINUOUS
10
1.8666362598425197
20
0.7056400393700787
11
1.8677883464566929
21
0.7056400393700787
0
LINE
8
BLACK
6
CONTINUOUS
10
1.8677883464566929
20
0.7056400393700787
11
1.8688527952755905
21
0.7051991338582677
0
LINE
8
BLACK
6
CONTINUOUS
10
1.8688527952755905
20
0.7051991338582677
11
1.8696674409448819
21
0.7043844881889764
0
LINE
8
BLACK
6
CONTINUOUS
10
1.8696674409448819
20
0.7043844881889764
11
1.8701083464566928
21
0.7033200393700787
0
LINE
8
BLACK
6
CONTINUOUS
10
1.8701083464566928
20
0.7033200393700787
11
1.8701083464566928
21
0.7021679527559055
0
LINE
8
BLACK
6
CONTINUOUS
10
1.8701083464566928
20
0.7021679527559055
11
1.8696674409448819
21
0.7011035433070866
0
LINE
8
BLACK
6
CONTINUOUS
10
1.8696674409448819
20
0.7011035433070866
11
1.8693002362204725
21
0.7006561023622047
0
LINE
8
BLACK
6
CONTINUOUS
10
1.8693002362204725
20
0.7006561023622047
11
1.8467640157480314
21
0.6781198818897638
0
LINE
8
BLACK
6
CONTINUOUS
10
1.8467640157480314
20
0.6781198818897638
11
1.8463165748031496
21
0.6777526771653544
0
LINE
8
BLACK
6
CONTINUOUS
10
1.8463165748031496
20
0.6777526771653544
11
1.8462185039370078
21
0.6777120866141733
0
LINE
8
BLACK
6
CONTINUOUS
10
1.8462185039370078
20
0.6777120866141733
11
1.8461383858267717
21
0.6776425590551181
0
LINE
8
BLACK
6
CONTINUOUS
10
1.8461383858267717
20
0.6776425590551181
11
1.845609842519685
21
0.6774065748031496
0
LINE
8
BLACK
6
CONTINUOUS
10
1.845609842519685
20
0.6774065748031496
11
1.8416328740157479
21
0.676080905511811
0
LINE
8
BLACK
6
CONTINUOUS
10
1.8416328740157479
20
0.676080905511811
11
1.841347283464567
21
0.6760159842519685
0
LINE
8
BLACK
6
CONTINUOUS
10
1.841347283464567
20
0.6760159842519685
11
1.8412751968503938
21
0.6759861023622047
0
LINE
8
BLACK
6
CONTINUOUS
10
1.8412751968503938
20
0.6759861023622047
11
1.8411706692913385
21
0.6759758267716536
0
LINE
8
BLACK
6
CONTINUOUS
10
1.8411706692913385
20
0.6759758267716536
11
1.8410684251968503
21
0.6759525590551181
0
LINE
8
BLACK
6
CONTINUOUS
10
1.8410684251968503
20
0.6759525590551181
11
1.8409906692913385
21
0.6759581102362204
0
LINE
8
BLACK
6
CONTINUOUS
10
1.8409906692913385
20
0.6759581102362204
11
1.8406991338582677
21
0.6759293700787401
0
LINE
8
BLACK
6
CONTINUOUS
10
1.8406991338582677
20
0.6759293700787401
11
1.8380477952755905
21
0.6759293700787401
0
LINE
8
BLACK
6
CONTINUOUS
10
1.8380477952755905
20
0.6759293700787401
11
1.8377561811023622
21
0.6759581102362204
0
LINE
8
BLACK
6
CONTINUOUS
10
1.8377561811023622
20
0.6759581102362204
11
1.8376784645669291
21
0.6759525590551181
0
LINE
8
BLACK
6
CONTINUOUS
10
1.8376784645669291
20
0.6759525590551181
11
1.8375761811023621
21
0.6759758267716536
0
LINE
8
BLACK
6
CONTINUOUS
10
1.8375761811023621
20
0.6759758267716536
11
1.8374717322834646
21
0.6759861023622047
0
LINE
8
BLACK
6
CONTINUOUS
10
1.8374717322834646
20
0.6759861023622047
11
1.8373996456692914
21
0.6760159842519685
0
LINE
8
BLACK
6
CONTINUOUS
10
1.8373996456692914
20
0.6760159842519685
11
1.8371140157480315
21
0.676080905511811
0
LINE
8
BLACK
6
CONTINUOUS
10
1.8371140157480315
20
0.676080905511811
11
1.8331370866141732
21
0.6774065748031496
0
LINE
8
BLACK
6
CONTINUOUS
10
1.8331370866141732
20
0.6774065748031496
11
1.8326085039370079
21
0.6776425590551181
0
LINE
8
BLACK
6
CONTINUOUS
10
1.8326085039370079
20
0.6776425590551181
11
1.8325283070866141
21
0.6777121259842519
0
LINE
8
BLACK
6
CONTINUOUS
10
1.8325283070866141
20
0.6777121259842519
11
1.8324303543307086
21
0.6777526771653544
0
LINE
8
BLACK
6
CONTINUOUS
10
1.8324303543307086
20
0.6777526771653544
11
1.8319829133858268
21
0.6781198818897638
0
LINE
8
BLACK
6
CONTINUOUS
10
1.8319829133858268
20
0.6781198818897638
11
1.8266802755905511
21
0.6834225196850393
0
LINE
8
BLACK
6
CONTINUOUS
10
1.8266802755905511
20
0.6834225196850393
11
1.8263130708661417
21
0.6838699606299212
0
LINE
8
BLACK
6
CONTINUOUS
10
1.8263130708661417
20
0.6838699606299212
11
1.8262724409448818
21
0.683968031496063
0
LINE
8
BLACK
6
CONTINUOUS
10
1.8262724409448818
20
0.683968031496063
11
1.8262029527559054
21
0.6840481496062992
0
LINE
8
BLACK
6
CONTINUOUS
10
1.8262029527559054
20
0.6840481496062992
11
1.825966968503937
21
0.6845766929133859
0
LINE
8
BLACK
6
CONTINUOUS
10
1.825966968503937
20
0.6845766929133859
11
1.8246412992125984
21
0.6885536614173228
0
LINE
8
BLACK
6
CONTINUOUS
10
1.8246412992125984
20
0.6885536614173228
11
1.8245763385826772
21
0.6888392519685039
0
LINE
8
BLACK
6
CONTINUOUS
10
1.8245763385826772
20
0.6888392519685039
11
1.824546496062992
21
0.6889113385826772
0
LINE
8
BLACK
6
CONTINUOUS
10
1.824546496062992
20
0.6889113385826772
11
1.8245361811023622
21
0.6890158661417323
0
LINE
8
BLACK
6
CONTINUOUS
10
1.8245361811023622
20
0.6890158661417323
11
1.8245129527559054
21
0.6891181102362205
0
LINE
8
BLACK
6
CONTINUOUS
10
1.8245129527559054
20
0.6891181102362205
11
1.824518464566929
21
0.6891958661417322
0
LINE
8
BLACK
6
CONTINUOUS
10
1.824518464566929
20
0.6891958661417322
11
1.8244897637795274
21
0.6894874015748031
0
LINE
8
BLACK
6
CONTINUOUS
10
1.8244897637795274
20
0.6894874015748031
11
1.8244897637795274
21
0.6921387401574803
0
LINE
8
BLACK
6
CONTINUOUS
10
1.8244897637795274
20
0.6921387401574803
11
1.824518464566929
21
0.6924303149606299
0
LINE
8
BLACK
6
CONTINUOUS
10
1.824518464566929
20
0.6924303149606299
11
1.8245129527559054
21
0.692508031496063
0
LINE
8
BLACK
6
CONTINUOUS
10
1.8245129527559054
20
0.692508031496063
11
1.8245361811023622
21
0.6926103149606299
0
LINE
8
BLACK
6
CONTINUOUS
10
1.8245361811023622
20
0.6926103149606299
11
1.824546496062992
21
0.6927148031496063
0
LINE
8
BLACK
6
CONTINUOUS
10
1.824546496062992
20
0.6927148031496063
11
1.8245763385826772
21
0.6927869291338582
0
LINE
8
BLACK
6
CONTINUOUS
10
1.8245763385826772
20
0.6927869291338582
11
1.8246412992125984
21
0.6930724803149606
0
LINE
8
BLACK
6
CONTINUOUS
10
1.8246412992125984
20
0.6930724803149606
11
1.825966968503937
21
0.6970494488188976
0
LINE
8
BLACK
6
CONTINUOUS
10
1.825966968503937
20
0.6970494488188976
11
1.8262029527559054
21
0.6975779921259843
0
LINE
8
BLACK
6
CONTINUOUS
10
1.8262029527559054
20
0.6975779921259843
11
1.8262724409448818
21
0.6976581496062992
0
LINE
8
BLACK
6
CONTINUOUS
10
1.8262724409448818
20
0.6976581496062992
11
1.8263130708661417
21
0.6977561811023621
0
LINE
8
BLACK
6
CONTINUOUS
10
1.8263130708661417
20
0.6977561811023621
11
1.8266802755905511
21
0.6982036220472441
0
LINE
8
BLACK
6
CONTINUOUS
10
1.8266802755905511
20
0.6982036220472441
11
1.849216496062992
21
0.720739842519685
0
LINE
8
BLACK
6
CONTINUOUS
10
1.849216496062992
20
0.720739842519685
11
1.849663937007874
21
0.7211070472440945
0
LINE
8
BLACK
6
CONTINUOUS
10
1.849663937007874
20
0.7211070472440945
11
1.8507283464566928
21
0.7215479527559054
0
LINE
8
BLACK
6
CONTINUOUS
10
1.8507283464566928
20
0.7215479527559054
11
1.851880433070866
21
0.7215479527559054
0
LINE
8
BLACK
6
CONTINUOUS
10
1.851880433070866
20
0.7215479527559054
11
1.8529448818897638
21
0.7211070472440945
0
LINE
8
BLACK
6
CONTINUOUS
10
1.8250827559055118
20
0.7454378346456693
11
1.8251605118110237
21
0.7454433464566929
0
LINE
8
BLACK
6
CONTINUOUS
10
1.8251605118110237
20
0.7454433464566929
11
1.8252627559055117
21
0.7454201181102362
0
LINE
8
BLACK
6
CONTINUOUS
10
1.8252627559055117
20
0.7454201181102362
11
1.8253672834645669
21
0.7454098031496063
0
LINE
8
BLACK
6
CONTINUOUS
10
1.8253672834645669
20
0.7454098031496063
11
1.8254393700787401
21
0.7453799606299213
0
LINE
8
BLACK
6
CONTINUOUS
10
1.8254393700787401
20
0.7453799606299213
11
1.8257249606299213
21
0.7453149999999999
0
LINE
8
BLACK
6
CONTINUOUS
10
1.8257249606299213
20
0.7453149999999999
11
1.8297019291338583
21
0.7439893307086614
0
LINE
8
BLACK
6
CONTINUOUS
10
1.8297019291338583
20
0.7439893307086614
11
1.8302304724409448
21
0.7437533464566929
0
LINE
8
BLACK
6
CONTINUOUS
10
1.8302304724409448
20
0.7437533464566929
11
1.8303105511811024
21
0.7436838976377953
0
LINE
8
BLACK
6
CONTINUOUS
10
1.8303105511811024
20
0.7436838976377953
11
1.830408622047244
21
0.7436432677165354
0
LINE
8
BLACK
6
CONTINUOUS
10
1.830408622047244
20
0.7436432677165354
11
1.8308561023622048
21
0.7432760236220473
0
LINE
8
BLACK
6
CONTINUOUS
10
1.8308561023622048
20
0.7432760236220473
11
1.8374844094488187
21
0.7366477559055118
0
LINE
8
BLACK
6
CONTINUOUS
10
1.8374844094488187
20
0.7366477559055118
11
1.8378516141732284
21
0.7362003149606299
0
LINE
8
BLACK
6
CONTINUOUS
10
1.8378516141732284
20
0.7362003149606299
11
1.8378922047244095
21
0.736102283464567
0
LINE
8
BLACK
6
CONTINUOUS
10
1.8378922047244095
20
0.736102283464567
11
1.8379617322834645
21
0.736022125984252
0
LINE
8
BLACK
6
CONTINUOUS
10
1.8379617322834645
20
0.736022125984252
11
1.8381977165354331
21
0.7354935433070866
0
LINE
8
BLACK
6
CONTINUOUS
10
1.8381977165354331
20
0.7354935433070866
11
1.8395233464566929
21
0.7315165354330708
0
LINE
8
BLACK
6
CONTINUOUS
10
1.8395233464566929
20
0.7315165354330708
11
1.8395882677165354
21
0.7312310629921259
0
LINE
8
BLACK
6
CONTINUOUS
10
1.8395882677165354
20
0.7312310629921259
11
1.8396181496062991
21
0.7311588976377953
0
LINE
8
BLACK
6
CONTINUOUS
10
1.8396181496062991
20
0.7311588976377953
11
1.8396284251968504
21
0.7310543700787402
0
LINE
8
BLACK
6
CONTINUOUS
10
1.8396284251968504
20
0.7310543700787402
11
1.8396516929133857
21
0.730952125984252
0
LINE
8
BLACK
6
CONTINUOUS
10
1.8396516929133857
20
0.730952125984252
11
1.8396461417322834
21
0.7308744094488189
0
LINE
8
BLACK
6
CONTINUOUS
10
1.8396461417322834
20
0.7308744094488189
11
1.8396748818897637
21
0.7305828346456693
0
LINE
8
BLACK
6
CONTINUOUS
10
1.8396748818897637
20
0.7305828346456693
11
1.8396748818897637
21
0.7279315354330709
0
LINE
8
BLACK
6
CONTINUOUS
10
1.8396748818897637
20
0.7279315354330709
11
1.8396181496062991
21
0.7273554724409449
0
LINE
8
BLACK
6
CONTINUOUS
10
1.8396181496062991
20
0.7273554724409449
11
1.8391772440944882
21
0.726291062992126
0
LINE
8
BLACK
6
CONTINUOUS
10
1.8391772440944882
20
0.726291062992126
11
1.8383625984251968
21
0.7254764173228346
0
LINE
8
BLACK
6
CONTINUOUS
10
1.8383625984251968
20
0.7254764173228346
11
1.837298188976378
21
0.7250355118110237
0
LINE
8
BLACK
6
CONTINUOUS
10
1.837298188976378
20
0.7250355118110237
11
1.836146062992126
21
0.7250355118110237
0
LINE
8
BLACK
6
CONTINUOUS
10
1.836146062992126
20
0.7250355118110237
11
1.835081653543307
21
0.7254764173228346
0
LINE
8
BLACK
6
CONTINUOUS
10
1.835081653543307
20
0.7254764173228346
11
1.8342670078740158
21
0.726291062992126
0
LINE
8
BLACK
6
CONTINUOUS
10
1.8342670078740158
20
0.726291062992126
11
1.8338261023622047
21
0.7273554724409449
0
LINE
8
BLACK
6
CONTINUOUS
10
1.8338261023622047
20
0.7273554724409449
11
1.8337693700787401
21
0.7279315354330709
0
LINE
8
BLACK
6
CONTINUOUS
10
1.8337693700787401
20
0.7279315354330709
11
1.8337693700787401
21
0.7301037401574803
0
LINE
8
BLACK
6
CONTINUOUS
10
1.8337693700787401
20
0.7301037401574803
11
1.8328157086614172
21
0.7329648031496063
0
LINE
8
BLACK
6
CONTINUOUS
10
1.8328157086614172
20
0.7329648031496063
11
1.8271731496062991
21
0.7386073228346457
0
LINE
8
BLACK
6
CONTINUOUS
10
1.8271731496062991
20
0.7386073228346457
11
1.8243120866141731
21
0.7395610236220472
0
LINE
8
BLACK
6
CONTINUOUS
10
1.8243120866141731
20
0.7395610236220472
11
1.8226190157480315
21
0.7395610236220472
0
LINE
8
BLACK
6
CONTINUOUS
10
1.8226190157480315
20
0.7395610236220472
11
1.8197579133858268
21
0.7386073228346457
0
LINE
8
BLACK
6
CONTINUOUS
10
1.8197579133858268
20
0.7386073228346457
11
1.8179382677165354
21
0.7367877165354331
0
LINE
8
BLACK
6
CONTINUOUS
10
1.8179382677165354
20
0.7367877165354331
11
1.815813031496063
21
0.7325371653543307
0
LINE
8
BLACK
6
CONTINUOUS
10
1.815813031496063
20
0.7325371653543307
11
1.815813031496063
21
0.7014183464566929
0
LINE
8
BLACK
6
CONTINUOUS
10
1.815813031496063
20
0.7014183464566929
11
1.8157562992125984
21
0.7008422834645669
0
LINE
8
BLACK
6
CONTINUOUS
10
1.8157562992125984
20
0.7008422834645669
11
1.8153153937007873
21
0.699777874015748
0
LINE
8
BLACK
6
CONTINUOUS
10
1.8153153937007873
20
0.699777874015748
11
1.8145007480314961
21
0.6989632283464566
0
LINE
8
BLACK
6
CONTINUOUS
10
1.8145007480314961
20
0.6989632283464566
11
1.8134363385826771
21
0.6985223228346457
0
LINE
8
BLACK
6
CONTINUOUS
10
1.8134363385826771
20
0.6985223228346457
11
1.8134362992125983
21
0.6985223228346457
0
LINE
8
BLACK
6
CONTINUOUS
10
1.8134362992125983
20
0.6985223228346457
11
1.8122842519685038
21
0.6985223228346457
0
LINE
8
BLACK
6
CONTINUOUS
10
1.8122842519685038
20
0.6985223228346457
11
1.8122842125984251
21
0.6985223228346457
0
LINE
8
BLACK
6
CONTINUOUS
10
1.8122842125984251
20
0.6985223228346457
11
1.8112198031496063
21
0.6989632283464566
0
LINE
8
BLACK
6
CONTINUOUS
10
1.8112198031496063
20
0.6989632283464566
11
1.8107723622047243
21
0.6993304330708662
0
LINE
8
BLACK
6
CONTINUOUS
10
1.8107723622047243
20
0.6993304330708662
11
1.793538779527559
21
0.7165640157480315
0
LINE
8
BLACK
6
CONTINUOUS
10
1.793538779527559
20
0.7165640157480315
11
1.7931715748031496
21
0.7170114566929133
0
LINE
8
BLACK
6
CONTINUOUS
10
1.7931715748031496
20
0.7170114566929133
11
1.7927306692913385
21
0.718075905511811
0
LINE
8
BLACK
6
CONTINUOUS
10
1.7927306692913385
20
0.718075905511811
11
1.7927306692913385
21
0.7192279527559055
0
LINE
8
BLACK
6
CONTINUOUS
10
1.7927306692913385
20
0.7192279527559055
11
1.7931715748031496
21
0.7202924015748031
0
LINE
8
BLACK
6
CONTINUOUS
10
1.7931715748031496
20
0.7202924015748031
11
1.7939862204724408
21
0.7211070472440945
0
LINE
8
BLACK
6
CONTINUOUS
10
1.7939862204724408
20
0.7211070472440945
11
1.7950506692913386
21
0.7215479527559054
0
LINE
8
BLACK
6
CONTINUOUS
10
1.7950506692913386
20
0.7215479527559054
11
1.7962027165354331
21
0.7215479527559054
0
LINE
8
BLACK
6
CONTINUOUS
10
1.7962027165354331
20
0.7215479527559054
11
1.7972671653543306
21
0.7211070472440945
0
LINE
8
BLACK
6
CONTINUOUS
10
1.7972671653543306
20
0.7211070472440945
11
1.7977146062992126
21
0.720739842519685
0
LINE
8
BLACK
6
CONTINUOUS
10
1.7977146062992126
20
0.720739842519685
11
1.8099075196850394
21
0.7085469291338583
0
LINE
8
BLACK
6
CONTINUOUS
10
1.8099075196850394
20
0.7085469291338583
11
1.8099075196850394
21
0.7332341732283464
0
LINE
8
BLACK
6
CONTINUOUS
10
1.8099075196850394
20
0.7332341732283464
11
1.809964251968504
21
0.7338102362204725
0
LINE
8
BLACK
6
CONTINUOUS
10
1.809964251968504
20
0.7338102362204725
11
1.8100048425196851
21
0.7339082677165354
0
LINE
8
BLACK
6
CONTINUOUS
10
1.8100048425196851
20
0.7339082677165354
11
1.8100123622047244
21
0.7340140551181102
0
LINE
8
BLACK
6
CONTINUOUS
10
1.8100123622047244
20
0.7340140551181102
11
1.8102192519685039
21
0.73455468503937
0
LINE
8
BLACK
6
CONTINUOUS
10
1.8102192519685039
20
0.73455468503937
11
1.8128705511811023
21
0.7398572834645669
0
LINE
8
BLACK
6
CONTINUOUS
10
1.8128705511811023
20
0.7398572834645669
11
1.8130265748031495
21
0.7401052362204724
0
LINE
8
BLACK
6
CONTINUOUS
10
1.8130265748031495
20
0.7401052362204724
11
1.8130564566929133
21
0.7401772834645669
0
LINE
8
BLACK
6
CONTINUOUS
10
1.8130564566929133
20
0.7401772834645669
11
1.8131229921259842
21
0.7402584251968504
0
LINE
8
BLACK
6
CONTINUOUS
10
1.8131229921259842
20
0.7402584251968504
11
1.8131788976377952
21
0.7403471653543306
0
LINE
8
BLACK
6
CONTINUOUS
10
1.8131788976377952
20
0.7403471653543306
11
1.8132377952755905
21
0.7403982677165354
0
LINE
8
BLACK
6
CONTINUOUS
10
1.8132377952755905
20
0.7403982677165354
11
1.8134236614173227
21
0.7406247244094488
0
LINE
8
BLACK
6
CONTINUOUS
10
1.8134236614173227
20
0.7406247244094488
11
1.8160749999999999
21
0.7432760236220473
0
LINE
8
BLACK
6
CONTINUOUS
10
1.8160749999999999
20
0.7432760236220473
11
1.8165224803149607
21
0.7436432677165354
0
LINE
8
BLACK
6
CONTINUOUS
10
1.8165224803149607
20
0.7436432677165354
11
1.8166204330708662
21
0.7436838582677165
0
LINE
8
BLACK
6
CONTINUOUS
10
1.8166204330708662
20
0.7436838582677165
11
1.816700590551181
21
0.7437533464566929
0
LINE
8
BLACK
6
CONTINUOUS
10
1.816700590551181
20
0.7437533464566929
11
1.8172291732283463
21
0.7439893307086614
0
LINE
8
BLACK
6
CONTINUOUS
10
1.8172291732283463
20
0.7439893307086614
11
1.8212061023622046
21
0.7453149999999999
0
LINE
8
BLACK
6
CONTINUOUS
10
1.8212061023622046
20
0.7453149999999999
11
1.8214917322834645
21
0.7453799606299213
0
LINE
8
BLACK
6
CONTINUOUS
10
1.8214917322834645
20
0.7453799606299213
11
1.8215638188976377
21
0.7454098031496063
0
LINE
8
BLACK
6
CONTINUOUS
10
1.8215638188976377
20
0.7454098031496063
11
1.8216682677165354
21
0.7454201181102362
0
LINE
8
BLACK
6
CONTINUOUS
10
1.8216682677165354
20
0.7454201181102362
11
1.8217705511811024
21
0.7454433464566929
0
LINE
8
BLACK
6
CONTINUOUS
10
1.8217705511811024
20
0.7454433464566929
11
1.8218482677165353
21
0.7454378346456693
0
LINE
8
BLACK
6
CONTINUOUS
10
1.8218482677165353
20
0.7454378346456693
11
1.8221398818897638
21
0.7454665354330708
0
LINE
8
BLACK
6
CONTINUOUS
10
1.8221398818897638
20
0.7454665354330708
11
1.8247912204724408
21
0.7454665354330708
0
LINE
8
BLACK
6
CONTINUOUS
10
1.8247912204724408
20
0.7454665354330708
11
1.8250827559055118
21
0.7454378346456693
0
LINE
8
BLACK
6
CONTINUOUS
10
1.8311718110236219
20
0.7610696062992126
11
1.8324501968503937
21
0.7597911811023622
0
LINE
8
BLACK
6
CONTINUOUS
10
1.8324501968503937
20
0.7597911811023622
11
1.8324501574803149
21
0.7579832283464567
0
LINE
8
BLACK
6
CONTINUOUS
10
1.8324501574803149
20
0.7579832283464567
11
1.8321611023622046
21
0.7575506692913385
0
LINE
8
BLACK
6
CONTINUOUS
10
1.8321611023622046
20
0.7575506692913385
11
1.879597874015748
21
0.7101138976377953
0
LINE
8
BLACK
6
CONTINUOUS
10
1.879597874015748
20
0.7101138976377953
11
1.8800304724409449
21
0.7104029133858267
0
LINE
8
BLACK
6
CONTINUOUS
10
1.8800304724409449
20
0.7104029133858267
11
1.8818384251968503
21
0.7104029527559055
0
LINE
8
BLACK
6
CONTINUOUS
10
1.8818384251968503
20
0.7104029527559055
11
1.8831168503937008
21
0.7091245669291338
0
LINE
8
BLACK
6
CONTINUOUS
10
1.8831168503937008
20
0.7091245669291338
11
1.8831168897637796
21
0.7073165748031496
0
LINE
8
BLACK
6
CONTINUOUS
10
1.8831168897637796
20
0.7073165748031496
11
1.8826048425196851
21
0.7065502362204724
0
LINE
8
BLACK
6
CONTINUOUS
10
1.8826048425196851
20
0.7065502362204724
11
1.8812129133858266
21
0.7051582677165354
0
LINE
8
BLACK
6
CONTINUOUS
10
1.8812129133858266
20
0.7051582677165354
11
1.8804465748031496
21
0.7046461811023622
0
LINE
8
BLACK
6
CONTINUOUS
10
1.8804465748031496
20
0.7046461811023622
11
1.878638622047244
21
0.7046461811023622
0
LINE
8
BLACK
6
CONTINUOUS
10
1.878638622047244
20
0.7046461811023622
11
1.8786385826771652
21
0.7046461811023622
0
LINE
8
BLACK
6
CONTINUOUS
10
1.8786385826771652
20
0.7046461811023622
11
1.8778722440944882
21
0.7051582677165354
0
LINE
8
BLACK
6
CONTINUOUS
10
1.8778722440944882
20
0.7051582677165354
11
1.8272055118110235
21
0.755825
0
LINE
8
BLACK
6
CONTINUOUS
10
1.8272055118110235
20
0.755825
11
1.8266934251968503
21
0.7565913385826771
0
LINE
8
BLACK
6
CONTINUOUS
10
1.8266934251968503
20
0.7565913385826771
11
1.8266934251968503
21
0.7583992913385826
0
LINE
8
BLACK
6
CONTINUOUS
10
1.8266934251968503
20
0.7583992913385826
11
1.8266934251968503
21
0.7583993307086614
0
LINE
8
BLACK
6
CONTINUOUS
10
1.8266934251968503
20
0.7583993307086614
11
1.8272055118110235
21
0.7591656692913386
0
LINE
8
BLACK
6
CONTINUOUS
10
1.8272055118110235
20
0.7591656692913386
11
1.8285974803149605
21
0.7605575984251969
0
LINE
8
BLACK
6
CONTINUOUS
10
1.8285974803149605
20
0.7605575984251969
11
1.8293638188976378
21
0.7610696456692914
0
LINE
8
BLACK
6
CONTINUOUS
10
1.8293638188976378
20
0.7610696456692914
11
1.8311718110236219
21
0.7610696062992126
0
LINE
8
BLACK
6
CONTINUOUS
10
0.9447435826771653
20
0.7793579921259842
11
0.9455582283464566
21
0.7785433464566929
0
LINE
8
BLACK
6
CONTINUOUS
10
0.9455582283464566
20
0.7785433464566929
11
0.9459991338582677
21
0.777478937007874
0
LINE
8
BLACK
6
CONTINUOUS
10
0.9459991338582677
20
0.777478937007874
11
0.9460558661417323
21
0.776902874015748
0
LINE
8
BLACK
6
CONTINUOUS
10
0.9460558661417323
20
0.776902874015748
11
0.9460558661417323
21
0.7590381496062992
0
LINE
8
BLACK
6
CONTINUOUS
10
0.9460558661417323
20
0.7590381496062992
11
0.956156811023622
21
0.7678764566929134
0
LINE
8
BLACK
6
CONTINUOUS
10
0.956156811023622
20
0.7678764566929134
11
0.9564057874015748
21
0.7680544881889764
0
LINE
8
BLACK
6
CONTINUOUS
10
0.9564057874015748
20
0.7680544881889764
11
0.9564607480314961
21
0.7681094094488189
0
LINE
8
BLACK
6
CONTINUOUS
10
0.9564607480314961
20
0.7681094094488189
11
0.9565128346456693
21
0.7681310236220472
0
LINE
8
BLACK
6
CONTINUOUS
10
0.9565128346456693
20
0.7681310236220472
11
0.9566277165354331
21
0.7682131102362204
0
LINE
8
BLACK
6
CONTINUOUS
10
0.9566277165354331
20
0.7682131102362204
11
0.9570819291338583
21
0.7683667322834645
0
LINE
8
BLACK
6
CONTINUOUS
10
0.9570819291338583
20
0.7683667322834645
11
0.957525157480315
21
0.7685503149606299
0
LINE
8
BLACK
6
CONTINUOUS
10
0.957525157480315
20
0.7685503149606299
11
0.9576248031496063
21
0.7685503149606299
0
LINE
8
BLACK
6
CONTINUOUS
10
0.9576248031496063
20
0.7685503149606299
11
0.9577190944881889
21
0.7685822047244094
0
LINE
8
BLACK
6
CONTINUOUS
10
0.9577190944881889
20
0.7685822047244094
11
0.9581975590551181
21
0.7685503149606299
0
LINE
8
BLACK
6
CONTINUOUS
10
0.9581975590551181
20
0.7685503149606299
11
0.9586772834645669
21
0.7685503149606299
0
LINE
8
BLACK
6
CONTINUOUS
10
0.9586772834645669
20
0.7685503149606299
11
0.9587692519685039
21
0.7685122440944882
0
LINE
8
BLACK
6
CONTINUOUS
10
0.9587692519685039
20
0.7685122440944882
11
0.9588686220472441
21
0.7685055905511811
0
LINE
8
BLACK
6
CONTINUOUS
10
0.9588686220472441
20
0.7685055905511811
11
0.9592987401574803
21
0.7682929133858267
0
LINE
8
BLACK
6
CONTINUOUS
10
0.9592987401574803
20
0.7682929133858267
11
0.9597416929133858
21
0.7681094094488189
0
LINE
8
BLACK
6
CONTINUOUS
10
0.9597416929133858
20
0.7681094094488189
11
0.9598120078740158
21
0.768039094488189
0
LINE
8
BLACK
6
CONTINUOUS
10
0.9598120078740158
20
0.768039094488189
11
0.9599013779527559
21
0.7679948818897637
0
LINE
8
BLACK
6
CONTINUOUS
10
0.9599013779527559
20
0.7679948818897637
11
0.9602173228346457
21
0.7676337795275591
0
LINE
8
BLACK
6
CONTINUOUS
10
0.9602173228346457
20
0.7676337795275591
11
0.9605563385826772
21
0.7672947637795275
0
LINE
8
BLACK
6
CONTINUOUS
10
0.9605563385826772
20
0.7672947637795275
11
0.9605944488188977
21
0.7672027952755905
0
LINE
8
BLACK
6
CONTINUOUS
10
0.9605944488188977
20
0.7672027952755905
11
0.9606600393700787
21
0.7671277952755905
0
LINE
8
BLACK
6
CONTINUOUS
10
0.9606600393700787
20
0.7671277952755905
11
0.9608136220472441
21
0.7666735826771653
0
LINE
8
BLACK
6
CONTINUOUS
10
0.9608136220472441
20
0.7666735826771653
11
0.9609972440944882
21
0.7662303543307086
0
LINE
8
BLACK
6
CONTINUOUS
10
0.9609972440944882
20
0.7662303543307086
11
0.9610110629921259
21
0.7660898031496063
0
LINE
8
BLACK
6
CONTINUOUS
10
0.9610110629921259
20
0.7660898031496063
11
0.9610291338582677
21
0.7660364173228347
0
LINE
8
BLACK
6
CONTINUOUS
10
0.9610291338582677
20
0.7660364173228347
11
0.961023937007874
21
0.7659589763779527
0
LINE
8
BLACK
6
CONTINUOUS
10
0.961023937007874
20
0.7659589763779527
11
0.9610539763779528
21
0.7656542913385826
0
LINE
8
BLACK
6
CONTINUOUS
10
0.9610539763779528
20
0.7656542913385826
11
0.9610539763779528
21
0.7607270472440945
0
LINE
8
BLACK
6
CONTINUOUS
10
0.9610539763779528
20
0.7607270472440945
11
0.9624027165354331
21
0.7580295669291338
0
LINE
8
BLACK
6
CONTINUOUS
10
0.9624027165354331
20
0.7580295669291338
11
0.963599842519685
21
0.7568324409448819
0
LINE
8
BLACK
6
CONTINUOUS
10
0.963599842519685
20
0.7568324409448819
11
0.9662973228346456
21
0.7554837007874016
0
LINE
8
BLACK
6
CONTINUOUS
10
0.9662973228346456
20
0.7554837007874016
11
0.9742770472440945
21
0.7554837007874016
0
LINE
8
BLACK
6
CONTINUOUS
10
0.9742770472440945
20
0.7554837007874016
11
0.9769745275590551
21
0.7568324803149606
0
LINE
8
BLACK
6
CONTINUOUS
10
0.9769745275590551
20
0.7568324803149606
11
0.9781716929133858
21
0.7580296062992126
0
LINE
8
BLACK
6
CONTINUOUS
10
0.9781716929133858
20
0.7580296062992126
11
0.9795204330708661
21
0.7607270472440945
0
LINE
8
BLACK
6
CONTINUOUS
10
0.9795204330708661
20
0.7607270472440945
11
0.9795204330708661
21
0.7705815354330708
0
LINE
8
BLACK
6
CONTINUOUS
10
0.9795204330708661
20
0.7705815354330708
11
0.9781716929133858
21
0.7732790157480315
0
LINE
8
BLACK
6
CONTINUOUS
10
0.9781716929133858
20
0.7732790157480315
11
0.976635748031496
21
0.7748149212598425
0
LINE
8
BLACK
6
CONTINUOUS
10
0.976635748031496
20
0.7748149212598425
11
0.9762685039370078
21
0.7752624015748031
0
LINE
8
BLACK
6
CONTINUOUS
10
0.9762685039370078
20
0.7752624015748031
11
0.9758275984251968
21
0.776326811023622
0
LINE
8
BLACK
6
CONTINUOUS
10
0.9758275984251968
20
0.776326811023622
11
0.9758275984251968
21
0.7774788976377952
0
LINE
8
BLACK
6
CONTINUOUS
10
0.9758275984251968
20
0.7774788976377952
11
0.9762684645669291
21
0.7785433070866141
0
LINE
8
BLACK
6
CONTINUOUS
10
0.9762684645669291
20
0.7785433070866141
11
0.9770831496062992
21
0.7793579921259842
0
LINE
8
BLACK
6
CONTINUOUS
10
0.9770831496062992
20
0.7793579921259842
11
0.9781475590551181
21
0.7797988976377953
0
LINE
8
BLACK
6
CONTINUOUS
10
0.9781475590551181
20
0.7797988976377953
11
0.9792996456692913
21
0.7797988976377953
0
LINE
8
BLACK
6
CONTINUOUS
10
0.9792996456692913
20
0.7797988976377953
11
0.9803640551181102
21
0.779358031496063
0
LINE
8
BLACK
6
CONTINUOUS
10
0.9803640551181102
20
0.779358031496063
11
0.9808114960629921
21
0.7789908267716535
0
LINE
8
BLACK
6
CONTINUOUS
10
0.9808114960629921
20
0.7789908267716535
11
0.9826862992125984
21
0.777116062992126
0
LINE
8
BLACK
6
CONTINUOUS
10
0.9826862992125984
20
0.777116062992126
11
0.9828720472440945
21
0.7768897244094488
0
LINE
8
BLACK
6
CONTINUOUS
10
0.9828720472440945
20
0.7768897244094488
11
0.9829311023622047
21
0.7768385039370078
0
LINE
8
BLACK
6
CONTINUOUS
10
0.9829311023622047
20
0.7768385039370078
11
0.9829870866141732
21
0.7767495669291339
0
LINE
8
BLACK
6
CONTINUOUS
10
0.9829870866141732
20
0.7767495669291339
11
0.9830535433070866
21
0.7766685826771653
0
LINE
8
BLACK
6
CONTINUOUS
10
0.9830535433070866
20
0.7766685826771653
11
0.9830833464566929
21
0.7765966535433071
0
LINE
8
BLACK
6
CONTINUOUS
10
0.9830833464566929
20
0.7765966535433071
11
0.9832394488188976
21
0.7763486220472441
0
LINE
8
BLACK
6
CONTINUOUS
10
0.9832394488188976
20
0.7763486220472441
11
0.9851142125984251
21
0.772599094488189
0
LINE
8
BLACK
6
CONTINUOUS
10
0.9851142125984251
20
0.772599094488189
11
0.9853211023622047
21
0.7720585039370078
0
LINE
8
BLACK
6
CONTINUOUS
10
0.9853211023622047
20
0.7720585039370078
11
0.985328622047244
21
0.7719526377952756
0
LINE
8
BLACK
6
CONTINUOUS
10
0.985328622047244
20
0.7719526377952756
11
0.9853692125984251
21
0.7718546456692913
0
LINE
8
BLACK
6
CONTINUOUS
10
0.9853692125984251
20
0.7718546456692913
11
0.9854259448818897
21
0.7712785826771653
0
LINE
8
BLACK
6
CONTINUOUS
10
0.9854259448818897
20
0.7712785826771653
11
0.9854259448818897
21
0.76003
0
LINE
8
BLACK
6
CONTINUOUS
10
0.9854259448818897
20
0.76003
11
0.9853692125984251
21
0.759453937007874
0
LINE
8
BLACK
6
CONTINUOUS
10
0.9853692125984251
20
0.759453937007874
11
0.985328622047244
21
0.7593559842519685
0
LINE
8
BLACK
6
CONTINUOUS
10
0.985328622047244
20
0.7593559842519685
11
0.9853211023622047
21
0.7592500787401575
0
LINE
8
BLACK
6
CONTINUOUS
10
0.9853211023622047
20
0.7592500787401575
11
0.9851142125984251
21
0.7587094881889763
0
LINE
8
BLACK
6
CONTINUOUS
10
0.9851142125984251
20
0.7587094881889763
11
0.9832394488188976
21
0.7549599606299212
0
LINE
8
BLACK
6
CONTINUOUS
10
0.9832394488188976
20
0.7549599606299212
11
0.9830833464566929
21
0.754711968503937
0
LINE
8
BLACK
6
CONTINUOUS
10
0.9830833464566929
20
0.754711968503937
11
0.9830535433070866
21
0.75464
0
LINE
8
BLACK
6
CONTINUOUS
10
0.9830535433070866
20
0.75464
11
0.9829870866141732
21
0.7545590551181102
0
LINE
8
BLACK
6
CONTINUOUS
10
0.9829870866141732
20
0.7545590551181102
11
0.9829311023622047
21
0.7544700787401575
0
LINE
8
BLACK
6
CONTINUOUS
10
0.9829311023622047
20
0.7544700787401575
11
0.9828720472440945
21
0.7544188976377952
0
LINE
8
BLACK
6
CONTINUOUS
10
0.9828720472440945
20
0.7544188976377952
11
0.9826862992125984
21
0.7541925196850393
0
LINE
8
BLACK
6
CONTINUOUS
10
0.9826862992125984
20
0.7541925196850393
11
0.9808114960629921
21
0.7523177559055118
0
LINE
8
BLACK
6
CONTINUOUS
10
0.9808114960629921
20
0.7523177559055118
11
0.9805851574803149
21
0.7521320472440944
0
LINE
8
BLACK
6
CONTINUOUS
10
0.9805851574803149
20
0.7521320472440944
11
0.9805340157480315
21
0.752073031496063
0
LINE
8
BLACK
6
CONTINUOUS
10
0.9805340157480315
20
0.752073031496063
11
0.9804450787401574
21
0.7520170866141732
0
LINE
8
BLACK
6
CONTINUOUS
10
0.9804450787401574
20
0.7520170866141732
11
0.9803640551181102
21
0.7519505511811023
0
LINE
8
BLACK
6
CONTINUOUS
10
0.9803640551181102
20
0.7519505511811023
11
0.9802920078740157
21
0.751920748031496
0
LINE
8
BLACK
6
CONTINUOUS
10
0.9802920078740157
20
0.751920748031496
11
0.9800441338582677
21
0.7517646850393701
0
LINE
8
BLACK
6
CONTINUOUS
10
0.9800441338582677
20
0.7517646850393701
11
0.9762946062992126
21
0.7498899212598426
0
LINE
8
BLACK
6
CONTINUOUS
10
0.9762946062992126
20
0.7498899212598426
11
0.9757539763779527
21
0.749683031496063
0
LINE
8
BLACK
6
CONTINUOUS
10
0.9757539763779527
20
0.749683031496063
11
0.9756481496062992
21
0.7496755511811023
0
LINE
8
BLACK
6
CONTINUOUS
10
0.9756481496062992
20
0.7496755511811023
11
0.9755501574803149
21
0.7496349212598425
0
LINE
8
BLACK
6
CONTINUOUS
10
0.9755501574803149
20
0.7496349212598425
11
0.9749740944881889
21
0.749578188976378
0
LINE
8
BLACK
6
CONTINUOUS
10
0.9749740944881889
20
0.749578188976378
11
0.9656002755905512
21
0.749578188976378
0
LINE
8
BLACK
6
CONTINUOUS
10
0.9656002755905512
20
0.749578188976378
11
0.9650242125984252
21
0.7496349212598425
0
LINE
8
BLACK
6
CONTINUOUS
10
0.9650242125984252
20
0.7496349212598425
11
0.9649262204724409
21
0.7496755118110237
0
LINE
8
BLACK
6
CONTINUOUS
10
0.9649262204724409
20
0.7496755118110237
11
0.9648203543307087
21
0.749683031496063
0
LINE
8
BLACK
6
CONTINUOUS
10
0.9648203543307087
20
0.749683031496063
11
0.9642797637795275
21
0.7498899212598426
0
LINE
8
BLACK
6
CONTINUOUS
10
0.9642797637795275
20
0.7498899212598426
11
0.9605302362204724
21
0.7517646850393701
0
LINE
8
BLACK
6
CONTINUOUS
10
0.9605302362204724
20
0.7517646850393701
11
0.9602822047244094
21
0.7519207874015748
0
LINE
8
BLACK
6
CONTINUOUS
10
0.9602822047244094
20
0.7519207874015748
11
0.9602102755905512
21
0.7519505905511811
0
LINE
8
BLACK
6
CONTINUOUS
10
0.9602102755905512
20
0.7519505905511811
11
0.9601292913385826
21
0.7520170866141732
0
LINE
8
BLACK
6
CONTINUOUS
10
0.9601292913385826
20
0.7520170866141732
11
0.9600403543307087
21
0.752073031496063
0
LINE
8
BLACK
6
CONTINUOUS
10
0.9600403543307087
20
0.752073031496063
11
0.9599891732283464
21
0.7521320472440944
0
LINE
8
BLACK
6
CONTINUOUS
10
0.9599891732283464
20
0.7521320472440944
11
0.9597628346456692
21
0.7523177952755905
0
LINE
8
BLACK
6
CONTINUOUS
10
0.9597628346456692
20
0.7523177952755905
11
0.9578880708661417
21
0.7541925590551181
0
LINE
8
BLACK
6
CONTINUOUS
10
0.9578880708661417
20
0.7541925590551181
11
0.9577022834645669
21
0.754418937007874
0
LINE
8
BLACK
6
CONTINUOUS
10
0.9577022834645669
20
0.754418937007874
11
0.9576433070866142
21
0.7544700787401575
0
LINE
8
BLACK
6
CONTINUOUS
10
0.9576433070866142
20
0.7544700787401575
11
0.9575873228346456
21
0.7545590551181102
0
LINE
8
BLACK
6
CONTINUOUS
10
0.9575873228346456
20
0.7545590551181102
11
0.9575208661417323
21
0.75464
0
LINE
8
BLACK
6
CONTINUOUS
10
0.9575208661417323
20
0.75464
11
0.9574910236220472
21
0.754711968503937
0
LINE
8
BLACK
6
CONTINUOUS
10
0.9574910236220472
20
0.754711968503937
11
0.9573349606299212
21
0.7549599606299212
0
LINE
8
BLACK
6
CONTINUOUS
10
0.9573349606299212
20
0.7549599606299212
11
0.9554601968503936
21
0.7587094881889763
0
LINE
8
BLACK
6
CONTINUOUS
10
0.9554601968503936
20
0.7587094881889763
11
0.9552565354330709
21
0.7592416929133858
0
LINE
8
BLACK
6
CONTINUOUS
10
0.9552565354330709
20
0.7592416929133858
11
0.9450475196850393
21
0.750308779527559
0
LINE
8
BLACK
6
CONTINUOUS
10
0.9450475196850393
20
0.750308779527559
11
0.9447985039370078
21
0.7501307874015748
0
LINE
8
BLACK
6
CONTINUOUS
10
0.9447985039370078
20
0.7501307874015748
11
0.9447435826771653
21
0.7500758267716535
0
LINE
8
BLACK
6
CONTINUOUS
10
0.9447435826771653
20
0.7500758267716535
11
0.9446914566929133
21
0.7500542519685039
0
LINE
8
BLACK
6
CONTINUOUS
10
0.9446914566929133
20
0.7500542519685039
11
0.9445766141732284
21
0.749972125984252
0
LINE
8
BLACK
6
CONTINUOUS
10
0.9445766141732284
20
0.749972125984252
11
0.9441223622047243
21
0.7498185433070866
0
LINE
8
BLACK
6
CONTINUOUS
10
0.9441223622047243
20
0.7498185433070866
11
0.9436791732283465
21
0.7496349212598425
0
LINE
8
BLACK
6
CONTINUOUS
10
0.9436791732283465
20
0.7496349212598425
11
0.9435795275590551
21
0.7496349212598425
0
LINE
8
BLACK
6
CONTINUOUS
10
0.9435795275590551
20
0.7496349212598425
11
0.9434852362204724
21
0.749603031496063
0
LINE
8
BLACK
6
CONTINUOUS
10
0.9434852362204724
20
0.749603031496063
11
0.9430067716535433
21
0.7496349212598425
0
LINE
8
BLACK
6
CONTINUOUS
10
0.9430067716535433
20
0.7496349212598425
11
0.9425270472440944
21
0.7496349212598425
0
LINE
8
BLACK
6
CONTINUOUS
10
0.9425270472440944
20
0.7496349212598425
11
0.9424350393700787
21
0.749673031496063
0
LINE
8
BLACK
6
CONTINUOUS
10
0.9424350393700787
20
0.749673031496063
11
0.9423357086614172
21
0.7496796456692914
0
LINE
8
BLACK
6
CONTINUOUS
10
0.9423357086614172
20
0.7496796456692914
11
0.9419055511811023
21
0.7498923622047244
0
LINE
8
BLACK
6
CONTINUOUS
10
0.9419055511811023
20
0.7498923622047244
11
0.9414626377952756
21
0.7500758267716535
0
LINE
8
BLACK
6
CONTINUOUS
10
0.9414626377952756
20
0.7500758267716535
11
0.9413922834645669
21
0.7501461811023622
0
LINE
8
BLACK
6
CONTINUOUS
10
0.9413922834645669
20
0.7501461811023622
11
0.9413029527559055
21
0.7501903543307087
0
LINE
8
BLACK
6
CONTINUOUS
10
0.9413029527559055
20
0.7501903543307087
11
0.940986968503937
21
0.7505514960629921
0
LINE
8
BLACK
6
CONTINUOUS
10
0.940986968503937
20
0.7505514960629921
11
0.9406479921259843
21
0.7508904724409449
0
LINE
8
BLACK
6
CONTINUOUS
10
0.9406479921259843
20
0.7508904724409449
11
0.940609842519685
21
0.7509824803149606
0
LINE
8
BLACK
6
CONTINUOUS
10
0.940609842519685
20
0.7509824803149606
11
0.9405442913385826
21
0.7510574409448819
0
LINE
8
BLACK
6
CONTINUOUS
10
0.9405442913385826
20
0.7510574409448819
11
0.9403906692913385
21
0.7515116929133858
0
LINE
8
BLACK
6
CONTINUOUS
10
0.9403906692913385
20
0.7515116929133858
11
0.9402070866141732
21
0.7519548818897638
0
LINE
8
BLACK
6
CONTINUOUS
10
0.9402070866141732
20
0.7519548818897638
11
0.9401932283464567
21
0.7520954724409449
0
LINE
8
BLACK
6
CONTINUOUS
10
0.9401932283464567
20
0.7520954724409449
11
0.9401751968503936
21
0.7521488188976377
0
LINE
8
BLACK
6
CONTINUOUS
10
0.9401751968503936
20
0.7521488188976377
11
0.9401803543307087
21
0.7522262992125984
0
LINE
8
BLACK
6
CONTINUOUS
10
0.9401803543307087
20
0.7522262992125984
11
0.9401503543307086
21
0.7525309448818898
0
LINE
8
BLACK
6
CONTINUOUS
10
0.9401503543307086
20
0.7525309448818898
11
0.9401503543307086
21
0.776902874015748
0
LINE
8
BLACK
6
CONTINUOUS
10
0.9401503543307086
20
0.776902874015748
11
0.9402070866141732
21
0.777478937007874
0
LINE
8
BLACK
6
CONTINUOUS
10
0.9402070866141732
20
0.777478937007874
11
0.9406479921259843
21
0.7785433464566929
0
LINE
8
BLACK
6
CONTINUOUS
10
0.9406479921259843
20
0.7785433464566929
11
0.9414626377952756
21
0.7793579921259842
0
LINE
8
BLACK
6
CONTINUOUS
10
0.9414626377952756
20
0.7793579921259842
11
0.9425270472440944
21
0.7797988976377953
0
LINE
8
BLACK
6
CONTINUOUS
10
0.9425270472440944
20
0.7797988976377953
11
0.9436791732283465
21
0.7797988976377953
0
LINE
8
BLACK
6
CONTINUOUS
10
0.9436791732283465
20
0.7797988976377953
11
0.9447435826771653
21
0.7793579921259842
0
LINE
8
BLACK
6
CONTINUOUS
10
1.8166241732283464
20
0.7758306299212598
11
1.8175681102362204
21
0.7742886614173228
0
LINE
8
BLACK
6
CONTINUOUS
10
1.8175681102362204
20
0.7742886614173228
11
1.8175681102362204
21
0.773551811023622
0
LINE
8
BLACK
6
CONTINUOUS
10
1.8175681102362204
20
0.773551811023622
11
1.8150625984251969
21
0.7576836614173228
0
LINE
8
BLACK
6
CONTINUOUS
10
1.8150625984251969
20
0.7576836614173228
11
1.8141186614173228
21
0.7561416929133858
0
LINE
8
BLACK
6
CONTINUOUS
10
1.8141186614173228
20
0.7561416929133858
11
1.8123608661417323
21
0.7557187795275591
0
LINE
8
BLACK
6
CONTINUOUS
10
1.8123608661417323
20
0.7557187795275591
11
1.8110589763779528
21
0.7563817716535433
0
LINE
8
BLACK
6
CONTINUOUS
10
1.8110589763779528
20
0.7563817716535433
11
1.7976963385826772
21
0.7697444094488188
0
LINE
8
BLACK
6
CONTINUOUS
10
1.7976963385826772
20
0.7697444094488188
11
1.7970044488188976
21
0.7714147244094488
0
LINE
8
BLACK
6
CONTINUOUS
10
1.7970044488188976
20
0.7714147244094488
11
1.7976963385826772
21
0.7730850393700788
0
LINE
8
BLACK
6
CONTINUOUS
10
1.7976963385826772
20
0.7730850393700788
11
1.7989982283464567
21
0.773748031496063
0
LINE
8
BLACK
6
CONTINUOUS
10
1.7989982283464567
20
0.773748031496063
11
1.8148663779527558
21
0.7762535433070866
0
LINE
8
BLACK
6
CONTINUOUS
10
1.8148663779527558
20
0.7762535433070866
11
1.8166241732283464
21
0.7758306299212598
0
LINE
8
BLACK
6
CONTINUOUS
10
1.3866312204724409
20
0.7966225590551181
11
1.3868110236220472
21
0.7957185826771653
0
LINE
8
BLACK
6
CONTINUOUS
10
1.3868110236220472
20
0.7957185826771653
11
1.3868110236220472
21
0.7751474803149606
0
LINE
8
BLACK
6
CONTINUOUS
10
1.3868110236220472
20
0.7751474803149606
11
1.3866312204724409
21
0.7742435039370078
0
LINE
8
BLACK
6
CONTINUOUS
10
1.3866312204724409
20
0.7742435039370078
11
1.3853527952755904
21
0.7729650787401574
0
LINE
8
BLACK
6
CONTINUOUS
10
1.3853527952755904
20
0.7729650787401574
11
1.383544842519685
21
0.7729650787401574
0
LINE
8
BLACK
6
CONTINUOUS
10
1.383544842519685
20
0.7729650787401574
11
1.3822664173228345
21
0.7742435039370078
0
LINE
8
BLACK
6
CONTINUOUS
10
1.3822664173228345
20
0.7742435039370078
11
1.3820866141732284
21
0.7751474803149606
0
LINE
8
BLACK
6
CONTINUOUS
10
1.3820866141732284
20
0.7751474803149606
11
1.3820866141732284
21
0.7957185826771653
0
LINE
8
BLACK
6
CONTINUOUS
10
1.3820866141732284
20
0.7957185826771653
11
1.3822664173228345
21
0.7966225590551181
0
LINE
8
BLACK
6
CONTINUOUS
10
1.3822664173228345
20
0.7966225590551181
11
1.383544842519685
21
0.7979009842519685
0
LINE
8
BLACK
6
CONTINUOUS
10
1.383544842519685
20
0.7979009842519685
11
1.3853527952755904
21
0.7979009842519685
0
LINE
8
BLACK
6
CONTINUOUS
10
1.3853527952755904
20
0.7979009842519685
11
1.3866312204724409
21
0.7966225590551181
0
LINE
8
BLACK
6
CONTINUOUS
10
1.4445052362204724
20
0.7966225590551181
11
1.4446850393700787
21
0.7957185826771653
0
LINE
8
BLACK
6
CONTINUOUS
10
1.4446850393700787
20
0.7957185826771653
11
1.4446850393700787
21
0.7751474803149606
0
LINE
8
BLACK
6
CONTINUOUS
10
1.4446850393700787
20
0.7751474803149606
11
1.4445052362204724
21
0.7742435039370078
0
LINE
8
BLACK
6
CONTINUOUS
10
1.4445052362204724
20
0.7742435039370078
11
1.4432268110236219
21
0.7729650787401574
0
LINE
8
BLACK
6
CONTINUOUS
10
1.4432268110236219
20
0.7729650787401574
11
1.4414188582677165
21
0.7729650787401574
0
LINE
8
BLACK
6
CONTINUOUS
10
1.4414188582677165
20
0.7729650787401574
11
1.440140433070866
21
0.7742435039370078
0
LINE
8
BLACK
6
CONTINUOUS
10
1.440140433070866
20
0.7742435039370078
11
1.4399606299212597
21
0.7751474803149606
0
LINE
8
BLACK
6
CONTINUOUS
10
1.4399606299212597
20
0.7751474803149606
11
1.4399606299212597
21
0.7957185826771653
0
LINE
8
BLACK
6
CONTINUOUS
10
1.4399606299212597
20
0.7957185826771653
11
1.440140433070866
21
0.7966225590551181
0
LINE
8
BLACK
6
CONTINUOUS
10
1.440140433070866
20
0.7966225590551181
11
1.4414188582677165
21
0.7979009842519685
0
LINE
8
BLACK
6
CONTINUOUS
10
1.4414188582677165
20
0.7979009842519685
11
1.4432268110236219
21
0.7979009842519685
0
LINE
8
BLACK
6
CONTINUOUS
10
1.4432268110236219
20
0.7979009842519685
11
1.4445052362204724
21
0.7966225590551181
0
LINE
8
BLACK
6
CONTINUOUS
10
0.9657007874015748
20
0.8173410629921259
11
0.9657438188976377
21
0.8173474409448819
0
LINE
8
BLACK
6
CONTINUOUS
10
0.9657438188976377
20
0.8173474409448819
11
0.9659592913385826
21
0.8173155905511811
0
LINE
8
BLACK
6
CONTINUOUS
10
0.9659592913385826
20
0.8173155905511811
11
0.9661763385826772
21
0.8172942125984252
0
LINE
8
BLACK
6
CONTINUOUS
10
0.9661763385826772
20
0.8172942125984252
11
0.9662165354330708
21
0.8172775984251969
0
LINE
8
BLACK
6
CONTINUOUS
10
0.9662165354330708
20
0.8172775984251969
11
0.9663164173228346
21
0.8172627952755905
0
LINE
8
BLACK
6
CONTINUOUS
10
0.9663164173228346
20
0.8172627952755905
11
0.9738154724409449
21
0.815388031496063
0
LINE
8
BLACK
6
CONTINUOUS
10
0.9738154724409449
20
0.815388031496063
11
0.9738579527559055
21
0.815372874015748
0
LINE
8
BLACK
6
CONTINUOUS
10
0.9738579527559055
20
0.815372874015748
11
0.9738792125984251
21
0.8153713385826772
0
LINE
8
BLACK
6
CONTINUOUS
10
0.9738792125984251
20
0.8153713385826772
11
0.9741186220472441
21
0.8152797244094488
0
LINE
8
BLACK
6
CONTINUOUS
10
0.9741186220472441
20
0.8152797244094488
11
0.9743605905511811
21
0.8151932677165354
0
LINE
8
BLACK
6
CONTINUOUS
10
0.9743605905511811
20
0.8151932677165354
11
0.974377716535433
21
0.8151805905511811
0
LINE
8
BLACK
6
CONTINUOUS
10
0.974377716535433
20
0.8151805905511811
11
0.9744198425196851
21
0.8151644488188976
0
LINE
8
BLACK
6
CONTINUOUS
10
0.9744198425196851
20
0.8151644488188976
11
0.9781693700787402
21
0.81328968503937
0
LINE
8
BLACK
6
CONTINUOUS
10
0.9781693700787402
20
0.81328968503937
11
0.9784172440944882
21
0.8131336614173228
0
LINE
8
BLACK
6
CONTINUOUS
10
0.9784172440944882
20
0.8131336614173228
11
0.9784892913385826
21
0.8131038188976378
0
LINE
8
BLACK
6
CONTINUOUS
10
0.9784892913385826
20
0.8131038188976378
11
0.9785703149606299
21
0.8130373228346457
0
LINE
8
BLACK
6
CONTINUOUS
10
0.9785703149606299
20
0.8130373228346457
11
0.9786592519685039
21
0.8129813385826772
0
LINE
8
BLACK
6
CONTINUOUS
10
0.9786592519685039
20
0.8129813385826772
11
0.9787103937007874
21
0.8129223622047244
0
LINE
8
BLACK
6
CONTINUOUS
10
0.9787103937007874
20
0.8129223622047244
11
0.9789367716535433
21
0.8127365748031495
0
LINE
8
BLACK
6
CONTINUOUS
10
0.9789367716535433
20
0.8127365748031495
11
0.9826863385826772
21
0.8089870472440944
0
LINE
8
BLACK
6
CONTINUOUS
10
0.9826863385826772
20
0.8089870472440944
11
0.9830535826771654
21
0.8085396062992126
0
LINE
8
BLACK
6
CONTINUOUS
10
0.9830535826771654
20
0.8085396062992126
11
0.9830941732283465
21
0.8084415748031496
0
LINE
8
BLACK
6
CONTINUOUS
10
0.9830941732283465
20
0.8084415748031496
11
0.9831636614173228
21
0.8083614566929134
0
LINE
8
BLACK
6
CONTINUOUS
10
0.9831636614173228
20
0.8083614566929134
11
0.9833996456692913
21
0.807832874015748
0
LINE
8
BLACK
6
CONTINUOUS
10
0.9833996456692913
20
0.807832874015748
11
0.9852744094488188
21
0.8022086220472441
0
LINE
8
BLACK
6
CONTINUOUS
10
0.9852744094488188
20
0.8022086220472441
11
0.9853393307086614
21
0.8019229921259843
0
LINE
8
BLACK
6
CONTINUOUS
10
0.9853393307086614
20
0.8019229921259843
11
0.9853692125984251
21
0.801850905511811
0
LINE
8
BLACK
6
CONTINUOUS
10
0.9853692125984251
20
0.801850905511811
11
0.9853794881889764
21
0.8017464566929133
0
LINE
8
BLACK
6
CONTINUOUS
10
0.9853794881889764
20
0.8017464566929133
11
0.9854027559055117
21
0.8016441732283465
0
LINE
8
BLACK
6
CONTINUOUS
10
0.9854027559055117
20
0.8016441732283465
11
0.9853972047244094
21
0.8015664566929134
0
LINE
8
BLACK
6
CONTINUOUS
10
0.9853972047244094
20
0.8015664566929134
11
0.9854259448818897
21
0.8012748425196851
0
LINE
8
BLACK
6
CONTINUOUS
10
0.9854259448818897
20
0.8012748425196851
11
0.9854259448818897
21
0.7975253149606299
0
LINE
8
BLACK
6
CONTINUOUS
10
0.9854259448818897
20
0.7975253149606299
11
0.9853972047244094
21
0.7972337401574803
0
LINE
8
BLACK
6
CONTINUOUS
10
0.9853972047244094
20
0.7972337401574803
11
0.9854027559055117
21
0.7971559842519685
0
LINE
8
BLACK
6
CONTINUOUS
10
0.9854027559055117
20
0.7971559842519685
11
0.9853794881889764
21
0.7970537401574803
0
LINE
8
BLACK
6
CONTINUOUS
10
0.9853794881889764
20
0.7970537401574803
11
0.9853692125984251
21
0.796949251968504
0
LINE
8
BLACK
6
CONTINUOUS
10
0.9853692125984251
20
0.796949251968504
11
0.9853393307086614
21
0.7968772047244095
0
LINE
8
BLACK
6
CONTINUOUS
10
0.9853393307086614
20
0.7968772047244095
11
0.9852744094488188
21
0.7965915354330708
0
LINE
8
BLACK
6
CONTINUOUS
10
0.9852744094488188
20
0.7965915354330708
11
0.9833996456692913
21
0.7909672834645669
0
LINE
8
BLACK
6
CONTINUOUS
10
0.9833996456692913
20
0.7909672834645669
11
0.9831636614173228
21
0.7904387007874015
0
LINE
8
BLACK
6
CONTINUOUS
10
0.9831636614173228
20
0.7904387007874015
11
0.983094094488189
21
0.7903585433070865
0
LINE
8
BLACK
6
CONTINUOUS
10
0.983094094488189
20
0.7903585433070865
11
0.9830535433070866
21
0.7902605511811024
0
LINE
8
BLACK
6
CONTINUOUS
10
0.9830535433070866
20
0.7902605511811024
11
0.9826862992125984
21
0.7898130708661417
0
LINE
8
BLACK
6
CONTINUOUS
10
0.9826862992125984
20
0.7898130708661417
11
0.9808114960629921
21
0.7879383070866142
0
LINE
8
BLACK
6
CONTINUOUS
10
0.9808114960629921
20
0.7879383070866142
11
0.9803640551181102
21
0.7875711023622047
0
LINE
8
BLACK
6
CONTINUOUS
10
0.9803640551181102
20
0.7875711023622047
11
0.9792996456692913
21
0.7871302362204724
0
LINE
8
BLACK
6
CONTINUOUS
10
0.9792996456692913
20
0.7871302362204724
11
0.9781475590551181
21
0.7871302362204724
0
LINE
8
BLACK
6
CONTINUOUS
10
0.9781475590551181
20
0.7871302362204724
11
0.9770831496062992
21
0.7875711417322835
0
LINE
8
BLACK
6
CONTINUOUS
10
0.9770831496062992
20
0.7875711417322835
11
0.9762684645669291
21
0.7883858267716535
0
LINE
8
BLACK
6
CONTINUOUS
10
0.9762684645669291
20
0.7883858267716535
11
0.9758275984251968
21
0.7894502362204724
0
LINE
8
BLACK
6
CONTINUOUS
10
0.9758275984251968
20
0.7894502362204724
11
0.9758275984251968
21
0.7906023228346456
0
LINE
8
BLACK
6
CONTINUOUS
10
0.9758275984251968
20
0.7906023228346456
11
0.9762685039370078
21
0.7916667322834645
0
LINE
8
BLACK
6
CONTINUOUS
10
0.9762685039370078
20
0.7916667322834645
11
0.976635748031496
21
0.7921142125984252
0
LINE
8
BLACK
6
CONTINUOUS
10
0.976635748031496
20
0.7921142125984252
11
0.9780176377952756
21
0.7934961023622047
0
LINE
8
BLACK
6
CONTINUOUS
10
0.9780176377952756
20
0.7934961023622047
11
0.9795204330708661
21
0.7980044488188976
0
LINE
8
BLACK
6
CONTINUOUS
10
0.9795204330708661
20
0.7980044488188976
11
0.9795204330708661
21
0.8007957086614172
0
LINE
8
BLACK
6
CONTINUOUS
10
0.9795204330708661
20
0.8007957086614172
11
0.9780176377952756
21
0.805304094488189
0
LINE
8
BLACK
6
CONTINUOUS
10
0.9780176377952756
20
0.805304094488189
11
0.9750997637795276
21
0.8082219291338583
0
LINE
8
BLACK
6
CONTINUOUS
10
0.9750997637795276
20
0.8082219291338583
11
0.972068779527559
21
0.8097374409448819
0
LINE
8
BLACK
6
CONTINUOUS
10
0.972068779527559
20
0.8097374409448819
11
0.9652367322834645
21
0.8114454330708661
0
LINE
8
BLACK
6
CONTINUOUS
10
0.9652367322834645
20
0.8114454330708661
11
0.9603395275590551
21
0.8114454330708661
0
LINE
8
BLACK
6
CONTINUOUS
10
0.9603395275590551
20
0.8114454330708661
11
0.9535074803149606
21
0.8097374409448819
0
LINE
8
BLACK
6
CONTINUOUS
10
0.9535074803149606
20
0.8097374409448819
11
0.9504764960629921
21
0.8082219291338583
0
LINE
8
BLACK
6
CONTINUOUS
10
0.9504764960629921
20
0.8082219291338583
11
0.9475586614173228
21
0.8053041338582677
0
LINE
8
BLACK
6
CONTINUOUS
10
0.9475586614173228
20
0.8053041338582677
11
0.9460558661417323
21
0.8007957086614172
0
LINE
8
BLACK
6
CONTINUOUS
10
0.9460558661417323
20
0.8007957086614172
11
0.9460558661417323
21
0.7980044881889764
0
LINE
8
BLACK
6
CONTINUOUS
10
0.9460558661417323
20
0.7980044881889764
11
0.9475586614173228
21
0.7934960629921259
0
LINE
8
BLACK
6
CONTINUOUS
10
0.9475586614173228
20
0.7934960629921259
11
0.9489405511811023
21
0.7921141732283464
0
LINE
8
BLACK
6
CONTINUOUS
10
0.9489405511811023
20
0.7921141732283464
11
0.9493077559055118
21
0.7916667322834645
0
LINE
8
BLACK
6
CONTINUOUS
10
0.9493077559055118
20
0.7916667322834645
11
0.9497486614173228
21
0.7906023228346456
0
LINE
8
BLACK
6
CONTINUOUS
10
0.9497486614173228
20
0.7906023228346456
11
0.9497486614173228
21
0.7894502362204724
0
LINE
8
BLACK
6
CONTINUOUS
10
0.9497486614173228
20
0.7894502362204724
11
0.9493077559055118
21
0.7883858267716535
0
LINE
8
BLACK
6
CONTINUOUS
10
0.9493077559055118
20
0.7883858267716535
11
0.9484930708661418
21
0.7875711417322835
0
LINE
8
BLACK
6
CONTINUOUS
10
0.9484930708661418
20
0.7875711417322835
11
0.9474286614173228
21
0.7871302362204724
0
LINE
8
BLACK
6
CONTINUOUS
10
0.9474286614173228
20
0.7871302362204724
11
0.9462765748031496
21
0.7871302362204724
0
LINE
8
BLACK
6
CONTINUOUS
10
0.9462765748031496
20
0.7871302362204724
11
0.9452121653543307
21
0.7875711417322835
0
LINE
8
BLACK
6
CONTINUOUS
10
0.9452121653543307
20
0.7875711417322835
11
0.9447647244094488
21
0.7879383464566929
0
LINE
8
BLACK
6
CONTINUOUS
10
0.9447647244094488
20
0.7879383464566929
11
0.9428899606299213
21
0.7898131102362205
0
LINE
8
BLACK
6
CONTINUOUS
10
0.9428899606299213
20
0.7898131102362205
11
0.9425227559055118
21
0.7902605511811024
0
LINE
8
BLACK
6
CONTINUOUS
10
0.9425227559055118
20
0.7902605511811024
11
0.942482125984252
21
0.7903586220472441
0
LINE
8
BLACK
6
CONTINUOUS
10
0.942482125984252
20
0.7903586220472441
11
0.9424126377952756
21
0.7904387401574803
0
LINE
8
BLACK
6
CONTINUOUS
10
0.9424126377952756
20
0.7904387401574803
11
0.942176653543307
21
0.7909672834645669
0
LINE
8
BLACK
6
CONTINUOUS
10
0.942176653543307
20
0.7909672834645669
11
0.9403018897637795
21
0.7965915748031496
0
LINE
8
BLACK
6
CONTINUOUS
10
0.9403018897637795
20
0.7965915748031496
11
0.9402369291338583
21
0.7968771653543307
0
LINE
8
BLACK
6
CONTINUOUS
10
0.9402369291338583
20
0.7968771653543307
11
0.9402070866141732
21
0.796949251968504
0
LINE
8
BLACK
6
CONTINUOUS
10
0.9402070866141732
20
0.796949251968504
11
0.9401967716535433
21
0.7970537795275591
0
LINE
8
BLACK
6
CONTINUOUS
10
0.9401967716535433
20
0.7970537795275591
11
0.9401735433070866
21
0.7971560236220472
0
LINE
8
BLACK
6
CONTINUOUS
10
0.9401735433070866
20
0.7971560236220472
11
0.9401790551181102
21
0.797233779527559
0
LINE
8
BLACK
6
CONTINUOUS
10
0.9401790551181102
20
0.797233779527559
11
0.9401503543307086
21
0.7975253149606299
0
LINE
8
BLACK
6
CONTINUOUS
10
0.9401503543307086
20
0.7975253149606299
11
0.9401503543307086
21
0.8012748425196851
0
LINE
8
BLACK
6
CONTINUOUS
10
0.9401503543307086
20
0.8012748425196851
11
0.9401790551181102
21
0.8015664173228346
0
LINE
8
BLACK
6
CONTINUOUS
10
0.9401790551181102
20
0.8015664173228346
11
0.9401735433070866
21
0.8016441338582677
0
LINE
8
BLACK
6
CONTINUOUS
10
0.9401735433070866
20
0.8016441338582677
11
0.9401967716535433
21
0.8017464173228346
0
LINE
8
BLACK
6
CONTINUOUS
10
0.9401967716535433
20
0.8017464173228346
11
0.9402070866141732
21
0.801850905511811
0
LINE
8
BLACK
6
CONTINUOUS
10
0.9402070866141732
20
0.801850905511811
11
0.9402369291338583
21
0.8019230314960629
0
LINE
8
BLACK
6
CONTINUOUS
10
0.9402369291338583
20
0.8019230314960629
11
0.9403018897637795
21
0.8022085826771653
0
LINE
8
BLACK
6
CONTINUOUS
10
0.9403018897637795
20
0.8022085826771653
11
0.942176653543307
21
0.807832874015748
0
LINE
8
BLACK
6
CONTINUOUS
10
0.942176653543307
20
0.807832874015748
11
0.9424126377952756
21
0.8083614173228346
0
LINE
8
BLACK
6
CONTINUOUS
10
0.9424126377952756
20
0.8083614173228346
11
0.942482125984252
21
0.8084415748031496
0
LINE
8
BLACK
6
CONTINUOUS
10
0.942482125984252
20
0.8084415748031496
11
0.9425227559055118
21
0.8085396062992126
0
LINE
8
BLACK
6
CONTINUOUS
10
0.9425227559055118
20
0.8085396062992126
11
0.9428899606299213
21
0.8089870472440944
0
LINE
8
BLACK
6
CONTINUOUS
10
0.9428899606299213
20
0.8089870472440944
11
0.9466394881889764
21
0.8127365748031495
0
LINE
8
BLACK
6
CONTINUOUS
10
0.9466394881889764
20
0.8127365748031495
11
0.9468658661417323
21
0.8129224409448819
0
LINE
8
BLACK
6
CONTINUOUS
10
0.9468658661417323
20
0.8129224409448819
11
0.9469170078740158
21
0.8129813385826772
0
LINE
8
BLACK
6
CONTINUOUS
10
0.9469170078740158
20
0.8129813385826772
11
0.9470057480314961
21
0.8130372440944882
0
LINE
8
BLACK
6
CONTINUOUS
10
0.9470057480314961
20
0.8130372440944882
11
0.9470869291338583
21
0.8131038188976378
0
LINE
8
BLACK
6
CONTINUOUS
10
0.9470869291338583
20
0.8131038188976378
11
0.9471590551181102
21
0.8131337007874015
0
LINE
8
BLACK
6
CONTINUOUS
10
0.9471590551181102
20
0.8131337007874015
11
0.9474068897637795
21
0.81328968503937
0
LINE
8
BLACK
6
CONTINUOUS
10
0.9474068897637795
20
0.81328968503937
11
0.9511564173228346
21
0.8151644488188976
0
LINE
8
BLACK
6
CONTINUOUS
10
0.9511564173228346
20
0.8151644488188976
11
0.9511985039370079
21
0.8151805905511811
0
LINE
8
BLACK
6
CONTINUOUS
10
0.9511985039370079
20
0.8151805905511811
11
0.9512156692913386
21
0.8151932677165354
0
LINE
8
BLACK
6
CONTINUOUS
10
0.9512156692913386
20
0.8151932677165354
11
0.9514572440944882
21
0.8152796062992126
0
LINE
8
BLACK
6
CONTINUOUS
10
0.9514572440944882
20
0.8152796062992126
11
0.9516970078740157
21
0.8153713385826772
0
LINE
8
BLACK
6
CONTINUOUS
10
0.9516970078740157
20
0.8153713385826772
11
0.9517182677165354
21
0.815372874015748
0
LINE
8
BLACK
6
CONTINUOUS
10
0.9517182677165354
20
0.815372874015748
11
0.9517607874015748
21
0.815388031496063
0
LINE
8
BLACK
6
CONTINUOUS
10
0.9517607874015748
20
0.815388031496063
11
0.959259842519685
21
0.8172627952755905
0
LINE
8
BLACK
6
CONTINUOUS
10
0.959259842519685
20
0.8172627952755905
11
0.9593596850393701
21
0.8172775984251969
0
LINE
8
BLACK
6
CONTINUOUS
10
0.9593596850393701
20
0.8172775984251969
11
0.9593999212598425
21
0.8172942125984252
0
LINE
8
BLACK
6
CONTINUOUS
10
0.9593999212598425
20
0.8172942125984252
11
0.9596169291338582
21
0.8173155905511811
0
LINE
8
BLACK
6
CONTINUOUS
10
0.9596169291338582
20
0.8173155905511811
11
0.9598324409448818
21
0.8173474409448819
0
LINE
8
BLACK
6
CONTINUOUS
10
0.9598324409448818
20
0.8173474409448819
11
0.9598754330708661
21
0.8173410629921259
0
LINE
8
BLACK
6
CONTINUOUS
10
0.9598754330708661
20
0.8173410629921259
11
0.9599759842519685
21
0.8173509448818898
0
LINE
8
BLACK
6
CONTINUOUS
10
0.9599759842519685
20
0.8173509448818898
11
0.9656002755905512
21
0.8173509448818898
0
LINE
8
BLACK
6
CONTINUOUS
10
0.9656002755905512
20
0.8173509448818898
11
0.9657007874015748
21
0.8173410629921259
0
LINE
8
BLACK
6
CONTINUOUS
10
1.9174033464566929
20
0.8460228346456693
11
1.9680700787401575
21
0.7953561023622047
0
LINE
8
BLACK
6
CONTINUOUS
10
1.9680700787401575
20
0.7953561023622047
11
1.9685821653543307
21
0.7945897637795275
0
LINE
8
BLACK
6
CONTINUOUS
10
1.9685821653543307
20
0.7945897637795275
11
1.9685821653543307
21
0.792781811023622
0
LINE
8
BLACK
6
CONTINUOUS
10
1.9685821653543307
20
0.792781811023622
11
1.968582125984252
21
0.7927817716535432
0
LINE
8
BLACK
6
CONTINUOUS
10
1.968582125984252
20
0.7927817716535432
11
1.9680700787401575
21
0.7920154330708661
0
LINE
8
BLACK
6
CONTINUOUS
10
1.9680700787401575
20
0.7920154330708661
11
1.9666781102362205
21
0.7906235039370079
0
LINE
8
BLACK
6
CONTINUOUS
10
1.9666781102362205
20
0.7906235039370079
11
1.9659117322834645
21
0.7901114566929134
0
LINE
8
BLACK
6
CONTINUOUS
10
1.9659117322834645
20
0.7901114566929134
11
1.9641037795275591
21
0.7901114566929134
0
LINE
8
BLACK
6
CONTINUOUS
10
1.9641037795275591
20
0.7901114566929134
11
1.9628253937007873
21
0.7913899212598425
0
LINE
8
BLACK
6
CONTINUOUS
10
1.9628253937007873
20
0.7913899212598425
11
1.9628253937007873
21
0.793197874015748
0
LINE
8
BLACK
6
CONTINUOUS
10
1.9628253937007873
20
0.793197874015748
11
1.9631144488188976
21
0.7936304724409449
0
LINE
8
BLACK
6
CONTINUOUS
10
1.9631144488188976
20
0.7936304724409449
11
1.9156776771653543
21
0.8410672440944882
0
LINE
8
BLACK
6
CONTINUOUS
10
1.9156776771653543
20
0.8410672440944882
11
1.9152451181102361
21
0.8407781496062992
0
LINE
8
BLACK
6
CONTINUOUS
10
1.9152451181102361
20
0.8407781496062992
11
1.9134371653543307
21
0.8407781496062992
0
LINE
8
BLACK
6
CONTINUOUS
10
1.9134371653543307
20
0.8407781496062992
11
1.9121587007874015
21
0.8420565354330708
0
LINE
8
BLACK
6
CONTINUOUS
10
1.9121587007874015
20
0.8420565354330708
11
1.9121587007874015
21
0.8438644881889764
0
LINE
8
BLACK
6
CONTINUOUS
10
1.9121587007874015
20
0.8438644881889764
11
1.9126707480314959
21
0.8446308661417322
0
LINE
8
BLACK
6
CONTINUOUS
10
1.9126707480314959
20
0.8446308661417322
11
1.9140626771653544
21
0.8460228346456693
0
LINE
8
BLACK
6
CONTINUOUS
10
1.9140626771653544
20
0.8460228346456693
11
1.9148290157480314
21
0.8465348818897638
0
LINE
8
BLACK
6
CONTINUOUS
10
1.9148290157480314
20
0.8465348818897638
11
1.9148290551181102
21
0.8465349212598425
0
LINE
8
BLACK
6
CONTINUOUS
10
1.9148290551181102
20
0.8465349212598425
11
1.9166370078740158
21
0.8465349212598425
0
LINE
8
BLACK
6
CONTINUOUS
10
1.9166370078740158
20
0.8465349212598425
11
1.9174033464566929
21
0.8460228346456693
0
LINE
8
BLACK
6
CONTINUOUS
10
1.2607464960629922
20
0.8608438582677165
11
1.2620249212598424
21
0.8595654330708661
0
LINE
8
BLACK
6
CONTINUOUS
10
1.2620249212598424
20
0.8595654330708661
11
1.2620249212598424
21
0.8577574803149606
0
LINE
8
BLACK
6
CONTINUOUS
10
1.2620249212598424
20
0.8577574803149606
11
1.2607464960629922
21
0.8564790551181102
0
LINE
8
BLACK
6
CONTINUOUS
10
1.2607464960629922
20
0.8564790551181102
11
1.2598425196850394
21
0.8562992519685039
0
LINE
8
BLACK
6
CONTINUOUS
10
1.2598425196850394
20
0.8562992519685039
11
1.1141732283464567
21
0.8562992519685039
0
LINE
8
BLACK
6
CONTINUOUS
10
1.1141732283464567
20
0.8562992519685039
11
1.1141732283464567
21
0.809055157480315
0
LINE
8
BLACK
6
CONTINUOUS
10
1.1141732283464567
20
0.809055157480315
11
1.1139934251968504
21
0.8081511811023622
0
LINE
8
BLACK
6
CONTINUOUS
10
1.1139934251968504
20
0.8081511811023622
11
1.1127149999999999
21
0.8068727559055118
0
LINE
8
BLACK
6
CONTINUOUS
10
1.1127149999999999
20
0.8068727559055118
11
1.1109070472440945
21
0.8068727559055118
0
LINE
8
BLACK
6
CONTINUOUS
10
1.1109070472440945
20
0.8068727559055118
11
1.109628622047244
21
0.8081511811023622
0
LINE
8
BLACK
6
CONTINUOUS
10
1.109628622047244
20
0.8081511811023622
11
1.1094488188976377
21
0.809055157480315
0
LINE
8
BLACK
6
CONTINUOUS
10
1.1094488188976377
20
0.809055157480315
11
1.1094488188976377
21
0.8586614173228346
0
LINE
8
BLACK
6
CONTINUOUS
10
1.1094488188976377
20
0.8586614173228346
11
1.109628622047244
21
0.8595653937007873
0
LINE
8
BLACK
6
CONTINUOUS
10
1.109628622047244
20
0.8595653937007873
11
1.1109070472440945
21
0.8608438188976377
0
LINE
8
BLACK
6
CONTINUOUS
10
1.1109070472440945
20
0.8608438188976377
11
1.1118110236220473
21
0.861023622047244
0
LINE
8
BLACK
6
CONTINUOUS
10
1.1118110236220473
20
0.861023622047244
11
1.2598425196850394
21
0.8610236614173228
0
LINE
8
BLACK
6
CONTINUOUS
10
1.2598425196850394
20
0.8610236614173228
11
1.2607464960629922
21
0.8608438582677165
0
LINE
8
BLACK
6
CONTINUOUS
10
1.3213553543307086
20
0.8693868503937008
11
1.3220472440944881
21
0.8677165354330708
0
LINE
8
BLACK
6
CONTINUOUS
10
1.3220472440944881
20
0.8677165354330708
11
1.3215954330708661
21
0.8663271653543307
0
LINE
8
BLACK
6
CONTINUOUS
10
1.3215954330708661
20
0.8663271653543307
11
1.3121466141732283
21
0.8533350393700787
0
LINE
8
BLACK
6
CONTINUOUS
10
1.3121466141732283
20
0.8533350393700787
11
1.3106046456692912
21
0.8523911023622047
0
LINE
8
BLACK
6
CONTINUOUS
10
1.3106046456692912
20
0.8523911023622047
11
1.3088468503937007
21
0.8528140157480315
0
LINE
8
BLACK
6
CONTINUOUS
10
1.3088468503937007
20
0.8528140157480315
11
1.3083258267716535
21
0.8533350393700787
0
LINE
8
BLACK
6
CONTINUOUS
10
1.3083258267716535
20
0.8533350393700787
11
1.2988770078740157
21
0.8663271653543307
0
LINE
8
BLACK
6
CONTINUOUS
10
1.2988770078740157
20
0.8663271653543307
11
1.298454094488189
21
0.8680849606299212
0
LINE
8
BLACK
6
CONTINUOUS
10
1.298454094488189
20
0.8680849606299212
11
1.2993980314960629
21
0.8696269291338582
0
LINE
8
BLACK
6
CONTINUOUS
10
1.2993980314960629
20
0.8696269291338582
11
1.3007874015748031
21
0.8700787401574803
0
LINE
8
BLACK
6
CONTINUOUS
10
1.3007874015748031
20
0.8700787401574803
11
1.3196850393700787
21
0.8700787401574803
0
LINE
8
BLACK
6
CONTINUOUS
10
1.3196850393700787
20
0.8700787401574803
11
1.3213553543307086
21
0.8693868503937008
0
LINE
8
BLACK
6
CONTINUOUS
10
1.3999011023622048
20
0.8983755905511811
11
1.399999094488189
21
0.898335
0
LINE
8
BLACK
6
CONTINUOUS
10
1.399999094488189
20
0.898335
11
1.4001049212598424
21
0.8983274803149606
0
LINE
8
BLACK
6
CONTINUOUS
10
1.4001049212598424
20
0.8983274803149606
11
1.4006455511811022
21
0.8981205905511811
0
LINE
8
BLACK
6
CONTINUOUS
10
1.4006455511811022
20
0.8981205905511811
11
1.4043950787401573
21
0.8962458267716535
0
LINE
8
BLACK
6
CONTINUOUS
10
1.4043950787401573
20
0.8962458267716535
11
1.4046430708661417
21
0.8960897637795275
0
LINE
8
BLACK
6
CONTINUOUS
10
1.4046430708661417
20
0.8960897637795275
11
1.4047150393700787
21
0.8960599212598425
0
LINE
8
BLACK
6
CONTINUOUS
10
1.4047150393700787
20
0.8960599212598425
11
1.4047959842519684
21
0.8959934645669291
0
LINE
8
BLACK
6
CONTINUOUS
10
1.4047959842519684
20
0.8959934645669291
11
1.4048849606299212
21
0.8959374803149606
0
LINE
8
BLACK
6
CONTINUOUS
10
1.4048849606299212
20
0.8959374803149606
11
1.4049361023622047
21
0.8958785039370079
0
LINE
8
BLACK
6
CONTINUOUS
10
1.4049361023622047
20
0.8958785039370079
11
1.4051624803149605
21
0.895692716535433
0
LINE
8
BLACK
6
CONTINUOUS
10
1.4051624803149605
20
0.895692716535433
11
1.407037244094488
21
0.8938179527559055
0
LINE
8
BLACK
6
CONTINUOUS
10
1.407037244094488
20
0.8938179527559055
11
1.4074044488188977
21
0.8933705118110236
0
LINE
8
BLACK
6
CONTINUOUS
10
1.4074044488188977
20
0.8933705118110236
11
1.4078453543307086
21
0.8923061023622048
0
LINE
8
BLACK
6
CONTINUOUS
10
1.4078453543307086
20
0.8923061023622048
11
1.4078453543307086
21
0.8911540157480314
0
LINE
8
BLACK
6
CONTINUOUS
10
1.4078453543307086
20
0.8911540157480314
11
1.4074044488188977
21
0.8900896062992126
0
LINE
8
BLACK
6
CONTINUOUS
10
1.4074044488188977
20
0.8900896062992126
11
1.4065897637795275
21
0.8892749212598425
0
LINE
8
BLACK
6
CONTINUOUS
10
1.4065897637795275
20
0.8892749212598425
11
1.4055253543307087
21
0.8888340157480314
0
LINE
8
BLACK
6
CONTINUOUS
10
1.4055253543307087
20
0.8888340157480314
11
1.4043732677165355
21
0.8888340157480314
0
LINE
8
BLACK
6
CONTINUOUS
10
1.4043732677165355
20
0.8888340157480314
11
1.4033088582677165
21
0.8892749212598425
0
LINE
8
BLACK
6
CONTINUOUS
10
1.4033088582677165
20
0.8892749212598425
11
1.4028614173228346
21
0.889642125984252
0
LINE
8
BLACK
6
CONTINUOUS
10
1.4028614173228346
20
0.889642125984252
11
1.4013254724409447
21
0.8911780708661418
0
LINE
8
BLACK
6
CONTINUOUS
10
1.4013254724409447
20
0.8911780708661418
11
1.3986279921259843
21
0.8925268110236221
0
LINE
8
BLACK
6
CONTINUOUS
10
1.3986279921259843
20
0.8925268110236221
11
1.3906482677165355
21
0.8925268110236221
0
LINE
8
BLACK
6
CONTINUOUS
10
1.3906482677165355
20
0.8925268110236221
11
1.3879507874015748
21
0.8911780708661418
0
LINE
8
BLACK
6
CONTINUOUS
10
1.3879507874015748
20
0.8911780708661418
11
1.3867536614173228
21
0.8899809448818897
0
LINE
8
BLACK
6
CONTINUOUS
10
1.3867536614173228
20
0.8899809448818897
11
1.3854049212598425
21
0.8872834645669291
0
LINE
8
BLACK
6
CONTINUOUS
10
1.3854049212598425
20
0.8872834645669291
11
1.3854049212598425
21
0.8847101574803149
0
LINE
8
BLACK
6
CONTINUOUS
10
1.3854049212598425
20
0.8847101574803149
11
1.3869077165354331
21
0.8802017322834645
0
LINE
8
BLACK
6
CONTINUOUS
10
1.3869077165354331
20
0.8802017322834645
11
1.4089120078740158
21
0.8581974015748032
0
LINE
8
BLACK
6
CONTINUOUS
10
1.4089120078740158
20
0.8581974015748032
11
1.409279251968504
21
0.8577499606299213
0
LINE
8
BLACK
6
CONTINUOUS
10
1.409279251968504
20
0.8577499606299213
11
1.4097201181102361
21
0.8566855118110236
0
LINE
8
BLACK
6
CONTINUOUS
10
1.4097201181102361
20
0.8566855118110236
11
1.4097201181102361
21
0.8555334251968504
0
LINE
8
BLACK
6
CONTINUOUS
10
1.4097201181102361
20
0.8555334251968504
11
1.4092792125984253
21
0.8544690157480315
0
LINE
8
BLACK
6
CONTINUOUS
10
1.4092792125984253
20
0.8544690157480315
11
1.4084645669291338
21
0.8536543307086614
0
LINE
8
BLACK
6
CONTINUOUS
10
1.4084645669291338
20
0.8536543307086614
11
1.4077118897637795
21
0.8533425984251969
0
LINE
8
BLACK
6
CONTINUOUS
10
1.4077118897637795
20
0.8533425984251969
11
1.407400157480315
21
0.8532134645669291
0
LINE
8
BLACK
6
CONTINUOUS
10
1.407400157480315
20
0.8532134645669291
11
1.4068240944881889
21
0.8531567322834646
0
LINE
8
BLACK
6
CONTINUOUS
10
1.4068240944881889
20
0.8531567322834646
11
1.3824521653543307
21
0.8531567322834646
0
LINE
8
BLACK
6
CONTINUOUS
10
1.3824521653543307
20
0.8531567322834646
11
1.3818761023622046
21
0.8532134645669291
0
LINE
8
BLACK
6
CONTINUOUS
10
1.3818761023622046
20
0.8532134645669291
11
1.3808116929133858
21
0.8536543700787401
0
LINE
8
BLACK
6
CONTINUOUS
10
1.3808116929133858
20
0.8536543700787401
11
1.3799970472440946
21
0.8544690157480315
0
LINE
8
BLACK
6
CONTINUOUS
10
1.3799970472440946
20
0.8544690157480315
11
1.3795561417322835
21
0.8555334251968504
0
LINE
8
BLACK
6
CONTINUOUS
10
1.3795561417322835
20
0.8555334251968504
11
1.3795561417322835
21
0.8566855511811023
0
LINE
8
BLACK
6
CONTINUOUS
10
1.3795561417322835
20
0.8566855511811023
11
1.3799970472440946
21
0.8577499606299213
0
LINE
8
BLACK
6
CONTINUOUS
10
1.3799970472440946
20
0.8577499606299213
11
1.3808116929133858
21
0.8585646062992126
0
LINE
8
BLACK
6
CONTINUOUS
10
1.3808116929133858
20
0.8585646062992126
11
1.3818761023622046
21
0.8590055118110236
0
LINE
8
BLACK
6
CONTINUOUS
10
1.3818761023622046
20
0.8590055118110236
11
1.3824521653543307
21
0.8590622440944882
0
LINE
8
BLACK
6
CONTINUOUS
10
1.3824521653543307
20
0.8590622440944882
11
1.3996955118110237
21
0.8590622440944882
0
LINE
8
BLACK
6
CONTINUOUS
10
1.3996955118110237
20
0.8590622440944882
11
1.3822390157480315
21
0.8765187795275591
0
LINE
8
BLACK
6
CONTINUOUS
10
1.3822390157480315
20
0.8765187795275591
11
1.3818718110236221
21
0.8769662204724409
0
LINE
8
BLACK
6
CONTINUOUS
10
1.3818718110236221
20
0.8769662204724409
11
1.3818311811023622
21
0.8770642913385827
0
LINE
8
BLACK
6
CONTINUOUS
10
1.3818311811023622
20
0.8770642913385827
11
1.3817616929133858
21
0.8771444094488189
0
LINE
8
BLACK
6
CONTINUOUS
10
1.3817616929133858
20
0.8771444094488189
11
1.3815257086614172
21
0.8776729527559055
0
LINE
8
BLACK
6
CONTINUOUS
10
1.3815257086614172
20
0.8776729527559055
11
1.3796509448818897
21
0.8832972440944882
0
LINE
8
BLACK
6
CONTINUOUS
10
1.3796509448818897
20
0.8832972440944882
11
1.3795859842519684
21
0.8835828346456692
0
LINE
8
BLACK
6
CONTINUOUS
10
1.3795859842519684
20
0.8835828346456692
11
1.3795561417322835
21
0.8836549212598425
0
LINE
8
BLACK
6
CONTINUOUS
10
1.3795561417322835
20
0.8836549212598425
11
1.3795458267716536
21
0.8837594488188976
0
LINE
8
BLACK
6
CONTINUOUS
10
1.3795458267716536
20
0.8837594488188976
11
1.3795225984251969
21
0.8838616929133858
0
LINE
8
BLACK
6
CONTINUOUS
10
1.3795225984251969
20
0.8838616929133858
11
1.3795281102362205
21
0.8839394488188976
0
LINE
8
BLACK
6
CONTINUOUS
10
1.3795281102362205
20
0.8839394488188976
11
1.3794994094488189
21
0.8842309842519684
0
LINE
8
BLACK
6
CONTINUOUS
10
1.3794994094488189
20
0.8842309842519684
11
1.3794994094488189
21
0.8879805118110236
0
LINE
8
BLACK
6
CONTINUOUS
10
1.3794994094488189
20
0.8879805118110236
11
1.3795561417322835
21
0.8885565748031495
0
LINE
8
BLACK
6
CONTINUOUS
10
1.3795561417322835
20
0.8885565748031495
11
1.3795967322834646
21
0.8886546062992126
0
LINE
8
BLACK
6
CONTINUOUS
10
1.3795967322834646
20
0.8886546062992126
11
1.3796042519685039
21
0.8887603937007874
0
LINE
8
BLACK
6
CONTINUOUS
10
1.3796042519685039
20
0.8887603937007874
11
1.3798111417322834
21
0.8893010236220472
0
LINE
8
BLACK
6
CONTINUOUS
10
1.3798111417322834
20
0.8893010236220472
11
1.3816859055118109
21
0.8930505511811023
0
LINE
8
BLACK
6
CONTINUOUS
10
1.3816859055118109
20
0.8930505511811023
11
1.3818419685039369
21
0.8932985826771653
0
LINE
8
BLACK
6
CONTINUOUS
10
1.3818419685039369
20
0.8932985826771653
11
1.3818718110236221
21
0.8933705118110236
0
LINE
8
BLACK
6
CONTINUOUS
10
1.3818718110236221
20
0.8933705118110236
11
1.3819382677165355
21
0.8934514960629921
0
LINE
8
BLACK
6
CONTINUOUS
10
1.3819382677165355
20
0.8934514960629921
11
1.381994251968504
21
0.8935404330708662
0
LINE
8
BLACK
6
CONTINUOUS
10
1.381994251968504
20
0.8935404330708662
11
1.3820532283464566
21
0.8935916141732283
0
LINE
8
BLACK
6
CONTINUOUS
10
1.3820532283464566
20
0.8935916141732283
11
1.3822390157480315
21
0.8938179527559055
0
LINE
8
BLACK
6
CONTINUOUS
10
1.3822390157480315
20
0.8938179527559055
11
1.3841137795275591
21
0.895692716535433
0
LINE
8
BLACK
6
CONTINUOUS
10
1.3841137795275591
20
0.895692716535433
11
1.3843401181102362
21
0.8958785039370079
0
LINE
8
BLACK
6
CONTINUOUS
10
1.3843401181102362
20
0.8958785039370079
11
1.3843912992125984
21
0.8959374803149606
0
LINE
8
BLACK
6
CONTINUOUS
10
1.3843912992125984
20
0.8959374803149606
11
1.3844802362204724
21
0.8959934645669291
0
LINE
8
BLACK
6
CONTINUOUS
10
1.3844802362204724
20
0.8959934645669291
11
1.3845612204724409
21
0.8960599212598425
0
LINE
8
BLACK
6
CONTINUOUS
10
1.3845612204724409
20
0.8960599212598425
11
1.3846331496062991
21
0.8960897637795275
0
LINE
8
BLACK
6
CONTINUOUS
10
1.3846331496062991
20
0.8960897637795275
11
1.3848811811023622
21
0.8962458267716535
0
LINE
8
BLACK
6
CONTINUOUS
10
1.3848811811023622
20
0.8962458267716535
11
1.3886307086614174
21
0.8981205905511811
0
LINE
8
BLACK
6
CONTINUOUS
10
1.3886307086614174
20
0.8981205905511811
11
1.3891712992125984
21
0.8983274803149606
0
LINE
8
BLACK
6
CONTINUOUS
10
1.3891712992125984
20
0.8983274803149606
11
1.3892771653543308
21
0.8983350393700787
0
LINE
8
BLACK
6
CONTINUOUS
10
1.3892771653543308
20
0.8983350393700787
11
1.389375157480315
21
0.8983755905511811
0
LINE
8
BLACK
6
CONTINUOUS
10
1.389375157480315
20
0.8983755905511811
11
1.3899512204724409
21
0.8984323228346457
0
LINE
8
BLACK
6
CONTINUOUS
10
1.3899512204724409
20
0.8984323228346457
11
1.3993250393700787
21
0.8984323228346457
0
LINE
8
BLACK
6
CONTINUOUS
10
1.3993250393700787
20
0.8984323228346457
11
1.3999011023622048
21
0.8983755905511811
0
LINE
8
BLACK
6
CONTINUOUS
10
1.4314875984251969
20
0.8984036220472441
11
1.4315653543307085
21
0.8984091338582677
0
LINE
8
BLACK
6
CONTINUOUS
10
1.4315653543307085
20
0.8984091338582677
11
1.4316675984251968
21
0.898385905511811
0
LINE
8
BLACK
6
CONTINUOUS
10
1.4316675984251968
20
0.898385905511811
11
1.431772125984252
21
0.8983755905511811
0
LINE
8
BLACK
6
CONTINUOUS
10
1.431772125984252
20
0.8983755905511811
11
1.4318442125984252
21
0.898345748031496
0
LINE
8
BLACK
6
CONTINUOUS
10
1.4318442125984252
20
0.898345748031496
11
1.4321298031496064
21
0.8982807874015748
0
LINE
8
BLACK
6
CONTINUOUS
10
1.4321298031496064
20
0.8982807874015748
11
1.437754094488189
21
0.8964060236220472
0
LINE
8
BLACK
6
CONTINUOUS
10
1.437754094488189
20
0.8964060236220472
11
1.4382826377952755
21
0.8961700393700788
0
LINE
8
BLACK
6
CONTINUOUS
10
1.4382826377952755
20
0.8961700393700788
11
1.4383627559055119
21
0.8961005511811023
0
LINE
8
BLACK
6
CONTINUOUS
10
1.4383627559055119
20
0.8961005511811023
11
1.4384608267716534
21
0.8960599212598425
0
LINE
8
BLACK
6
CONTINUOUS
10
1.4384608267716534
20
0.8960599212598425
11
1.4389082677165355
21
0.895692716535433
0
LINE
8
BLACK
6
CONTINUOUS
10
1.4389082677165355
20
0.895692716535433
11
1.4426577952755906
21
0.8919431889763779
0
LINE
8
BLACK
6
CONTINUOUS
10
1.4426577952755906
20
0.8919431889763779
11
1.442843622047244
21
0.891716811023622
0
LINE
8
BLACK
6
CONTINUOUS
10
1.442843622047244
20
0.891716811023622
11
1.4429025590551181
21
0.8916656692913386
0
LINE
8
BLACK
6
CONTINUOUS
10
1.4429025590551181
20
0.8916656692913386
11
1.4429584251968504
21
0.8915769291338582
0
LINE
8
BLACK
6
CONTINUOUS
10
1.4429584251968504
20
0.8915769291338582
11
1.4430250393700788
21
0.891495748031496
0
LINE
8
BLACK
6
CONTINUOUS
10
1.4430250393700788
20
0.891495748031496
11
1.4430548818897637
21
0.8914236220472441
0
LINE
8
BLACK
6
CONTINUOUS
10
1.4430548818897637
20
0.8914236220472441
11
1.443210905511811
21
0.8911757874015748
0
LINE
8
BLACK
6
CONTINUOUS
10
1.443210905511811
20
0.8911757874015748
11
1.4450856692913385
21
0.8874262598425197
0
LINE
8
BLACK
6
CONTINUOUS
10
1.4450856692913385
20
0.8874262598425197
11
1.4451017716535433
21
0.8873841732283464
0
LINE
8
BLACK
6
CONTINUOUS
10
1.4451017716535433
20
0.8873841732283464
11
1.4451144881889764
21
0.8873670078740157
0
LINE
8
BLACK
6
CONTINUOUS
10
1.4451144881889764
20
0.8873670078740157
11
1.4452007874015749
21
0.8871254330708661
0
LINE
8
BLACK
6
CONTINUOUS
10
1.4452007874015749
20
0.8871254330708661
11
1.445292559055118
21
0.8868856692913386
0
LINE
8
BLACK
6
CONTINUOUS
10
1.445292559055118
20
0.8868856692913386
11
1.4452940551181102
21
0.8868644094488188
0
LINE
8
BLACK
6
CONTINUOUS
10
1.4452940551181102
20
0.8868644094488188
11
1.4453092519685038
21
0.8868218897637795
0
LINE
8
BLACK
6
CONTINUOUS
10
1.4453092519685038
20
0.8868218897637795
11
1.4471840157480316
21
0.8793228346456693
0
LINE
8
BLACK
6
CONTINUOUS
10
1.4471840157480316
20
0.8793228346456693
11
1.4471987795275589
21
0.8792229921259842
0
LINE
8
BLACK
6
CONTINUOUS
10
1.4471987795275589
20
0.8792229921259842
11
1.4472154330708662
21
0.8791827559055118
0
LINE
8
BLACK
6
CONTINUOUS
10
1.4472154330708662
20
0.8791827559055118
11
1.4472367716535433
21
0.8789657480314961
0
LINE
8
BLACK
6
CONTINUOUS
10
1.4472367716535433
20
0.8789657480314961
11
1.4472686614173229
21
0.8787502362204724
0
LINE
8
BLACK
6
CONTINUOUS
10
1.4472686614173229
20
0.8787502362204724
11
1.4472622440944882
21
0.8787072440944882
0
LINE
8
BLACK
6
CONTINUOUS
10
1.4472622440944882
20
0.8787072440944882
11
1.4472721653543308
21
0.8786066929133858
0
LINE
8
BLACK
6
CONTINUOUS
10
1.4472721653543308
20
0.8786066929133858
11
1.4472721653543308
21
0.8729824015748031
0
LINE
8
BLACK
6
CONTINUOUS
10
1.4472721653543308
20
0.8729824015748031
11
1.4472622440944882
21
0.8728818897637796
0
LINE
8
BLACK
6
CONTINUOUS
10
1.4472622440944882
20
0.8728818897637796
11
1.4472686614173229
21
0.8728388582677166
0
LINE
8
BLACK
6
CONTINUOUS
10
1.4472686614173229
20
0.8728388582677166
11
1.4472367716535433
21
0.8726233858267717
0
LINE
8
BLACK
6
CONTINUOUS
10
1.4472367716535433
20
0.8726233858267717
11
1.4472154330708662
21
0.8724063385826771
0
LINE
8
BLACK
6
CONTINUOUS
10
1.4472154330708662
20
0.8724063385826771
11
1.4471987795275589
21
0.8723661417322834
0
LINE
8
BLACK
6
CONTINUOUS
10
1.4471987795275589
20
0.8723661417322834
11
1.4471840157480316
21
0.8722662598425197
0
LINE
8
BLACK
6
CONTINUOUS
10
1.4471840157480316
20
0.8722662598425197
11
1.4453092519685038
21
0.8647672047244094
0
LINE
8
BLACK
6
CONTINUOUS
10
1.4453092519685038
20
0.8647672047244094
11
1.4452940551181102
21
0.8647247244094488
0
LINE
8
BLACK
6
CONTINUOUS
10
1.4452940551181102
20
0.8647247244094488
11
1.445292559055118
21
0.8647034251968504
0
LINE
8
BLACK
6
CONTINUOUS
10
1.445292559055118
20
0.8647034251968504
11
1.4452007874015749
21
0.8644637007874015
0
LINE
8
BLACK
6
CONTINUOUS
10
1.4452007874015749
20
0.8644637007874015
11
1.4451144881889764
21
0.8642220866141732
0
LINE
8
BLACK
6
CONTINUOUS
10
1.4451144881889764
20
0.8642220866141732
11
1.4451017716535433
21
0.8642049606299212
0
LINE
8
BLACK
6
CONTINUOUS
10
1.4451017716535433
20
0.8642049606299212
11
1.4450856692913385
21
0.8641628346456692
0
LINE
8
BLACK
6
CONTINUOUS
10
1.4450856692913385
20
0.8641628346456692
11
1.443210905511811
21
0.8604133070866141
0
LINE
8
BLACK
6
CONTINUOUS
10
1.443210905511811
20
0.8604133070866141
11
1.443054842519685
21
0.8601654330708661
0
LINE
8
BLACK
6
CONTINUOUS
10
1.443054842519685
20
0.8601654330708661
11
1.4430250393700788
21
0.8600933858267716
0
LINE
8
BLACK
6
CONTINUOUS
10
1.4430250393700788
20
0.8600933858267716
11
1.4429585039370079
21
0.8600123622047244
0
LINE
8
BLACK
6
CONTINUOUS
10
1.4429585039370079
20
0.8600123622047244
11
1.4429025590551181
21
0.8599234251968504
0
LINE
8
BLACK
6
CONTINUOUS
10
1.4429025590551181
20
0.8599234251968504
11
1.4428435433070865
21
0.8598722834645669
0
LINE
8
BLACK
6
CONTINUOUS
10
1.4428435433070865
20
0.8598722834645669
11
1.4426578346456693
21
0.8596459448818897
0
LINE
8
BLACK
6
CONTINUOUS
10
1.4426578346456693
20
0.8596459448818897
11
1.4389082677165355
21
0.8558963385826771
0
LINE
8
BLACK
6
CONTINUOUS
10
1.4389082677165355
20
0.8558963385826771
11
1.4384608267716534
21
0.8555291338582677
0
LINE
8
BLACK
6
CONTINUOUS
10
1.4384608267716534
20
0.8555291338582677
11
1.4383627559055119
21
0.8554885433070866
0
LINE
8
BLACK
6
CONTINUOUS
10
1.4383627559055119
20
0.8554885433070866
11
1.4382826377952755
21
0.8554190157480315
0
LINE
8
BLACK
6
CONTINUOUS
10
1.4382826377952755
20
0.8554190157480315
11
1.437754094488189
21
0.855183031496063
0
LINE
8
BLACK
6
CONTINUOUS
10
1.437754094488189
20
0.855183031496063
11
1.4321298031496064
21
0.8533082677165355
0
LINE
8
BLACK
6
CONTINUOUS
10
1.4321298031496064
20
0.8533082677165355
11
1.4318442125984252
21
0.8532433464566929
0
LINE
8
BLACK
6
CONTINUOUS
10
1.4318442125984252
20
0.8532433464566929
11
1.431772125984252
21
0.8532134645669291
0
LINE
8
BLACK
6
CONTINUOUS
10
1.431772125984252
20
0.8532134645669291
11
1.4316675984251968
21
0.8532031889763779
0
LINE
8
BLACK
6
CONTINUOUS
10
1.4316675984251968
20
0.8532031889763779
11
1.4315653543307085
21
0.8531799212598425
0
LINE
8
BLACK
6
CONTINUOUS
10
1.4315653543307085
20
0.8531799212598425
11
1.4314875984251969
21
0.8531854724409449
0
LINE
8
BLACK
6
CONTINUOUS
10
1.4314875984251969
20
0.8531854724409449
11
1.4311960629921259
21
0.8531567322834646
0
LINE
8
BLACK
6
CONTINUOUS
10
1.4311960629921259
20
0.8531567322834646
11
1.4274465354330708
21
0.8531567322834646
0
LINE
8
BLACK
6
CONTINUOUS
10
1.4274465354330708
20
0.8531567322834646
11
1.4271549212598424
21
0.8531854724409449
0
LINE
8
BLACK
6
CONTINUOUS
10
1.4271549212598424
20
0.8531854724409449
11
1.4270772047244094
21
0.8531799212598425
0
LINE
8
BLACK
6
CONTINUOUS
10
1.4270772047244094
20
0.8531799212598425
11
1.4269749212598424
21
0.8532031889763779
0
LINE
8
BLACK
6
CONTINUOUS
10
1.4269749212598424
20
0.8532031889763779
11
1.4268704724409449
21
0.8532134645669291
0
LINE
8
BLACK
6
CONTINUOUS
10
1.4268704724409449
20
0.8532134645669291
11
1.4267983858267717
21
0.8532433464566929
0
LINE
8
BLACK
6
CONTINUOUS
10
1.4267983858267717
20
0.8532433464566929
11
1.4265127559055117
21
0.8533082677165355
0
LINE
8
BLACK
6
CONTINUOUS
10
1.4265127559055117
20
0.8533082677165355
11
1.4208885039370078
21
0.855183031496063
0
LINE
8
BLACK
6
CONTINUOUS
10
1.4208885039370078
20
0.855183031496063
11
1.4203599212598426
21
0.8554190157480315
0
LINE
8
BLACK
6
CONTINUOUS
10
1.4203599212598426
20
0.8554190157480315
11
1.4202797244094487
21
0.8554885826771653
0
LINE
8
BLACK
6
CONTINUOUS
10
1.4202797244094487
20
0.8554885826771653
11
1.4201817716535432
21
0.8555291338582677
0
LINE
8
BLACK
6
CONTINUOUS
10
1.4201817716535432
20
0.8555291338582677
11
1.4197342913385826
21
0.8558963779527559
0
LINE
8
BLACK
6
CONTINUOUS
10
1.4197342913385826
20
0.8558963779527559
11
1.4178595275590551
21
0.8577711811023622
0
LINE
8
BLACK
6
CONTINUOUS
10
1.4178595275590551
20
0.8577711811023622
11
1.4174923228346457
21
0.8582186220472441
0
LINE
8
BLACK
6
CONTINUOUS
10
1.4174923228346457
20
0.8582186220472441
11
1.4170514566929133
21
0.859283031496063
0
LINE
8
BLACK
6
CONTINUOUS
10
1.4170514566929133
20
0.859283031496063
11
1.4170514566929133
21
0.8604351181102362
0
LINE
8
BLACK
6
CONTINUOUS
10
1.4170514566929133
20
0.8604351181102362
11
1.4174923622047244
21
0.8614995275590551
0
LINE
8
BLACK
6
CONTINUOUS
10
1.4174923622047244
20
0.8614995275590551
11
1.4183070472440944
21
0.8623142125984252
0
LINE
8
BLACK
6
CONTINUOUS
10
1.4183070472440944
20
0.8623142125984252
11
1.4193714566929134
21
0.8627550787401574
0
LINE
8
BLACK
6
CONTINUOUS
10
1.4193714566929134
20
0.8627550787401574
11
1.4205235433070866
21
0.8627550787401574
0
LINE
8
BLACK
6
CONTINUOUS
10
1.4205235433070866
20
0.8627550787401574
11
1.4215879527559054
21
0.8623141732283465
0
LINE
8
BLACK
6
CONTINUOUS
10
1.4215879527559054
20
0.8623141732283465
11
1.4220354330708662
21
0.8619469291338583
0
LINE
8
BLACK
6
CONTINUOUS
10
1.4220354330708662
20
0.8619469291338583
11
1.4234172834645669
21
0.8605650393700787
0
LINE
8
BLACK
6
CONTINUOUS
10
1.4234172834645669
20
0.8605650393700787
11
1.4279256692913385
21
0.8590622440944882
0
LINE
8
BLACK
6
CONTINUOUS
10
1.4279256692913385
20
0.8590622440944882
11
1.4307169291338582
21
0.8590622440944882
0
LINE
8
BLACK
6
CONTINUOUS
10
1.4307169291338582
20
0.8590622440944882
11
1.43522531496063
21
0.8605650787401574
0
LINE
8
BLACK
6
CONTINUOUS
10
1.43522531496063
20
0.8605650787401574
11
1.4381431102362205
21
0.8634829133858267
0
LINE
8
BLACK
6
CONTINUOUS
10
1.4381431102362205
20
0.8634829133858267
11
1.439658622047244
21
0.8665138976377953
0
LINE
8
BLACK
6
CONTINUOUS
10
1.439658622047244
20
0.8665138976377953
11
1.441366653543307
21
0.8733459448818898
0
LINE
8
BLACK
6
CONTINUOUS
10
1.441366653543307
20
0.8733459448818898
11
1.441366653543307
21
0.8782431496062992
0
LINE
8
BLACK
6
CONTINUOUS
10
1.441366653543307
20
0.8782431496062992
11
1.439658622047244
21
0.8850751968503937
0
LINE
8
BLACK
6
CONTINUOUS
10
1.439658622047244
20
0.8850751968503937
11
1.4381431496062991
21
0.8881061811023622
0
LINE
8
BLACK
6
CONTINUOUS
10
1.4381431496062991
20
0.8881061811023622
11
1.43522531496063
21
0.8910240157480315
0
LINE
8
BLACK
6
CONTINUOUS
10
1.43522531496063
20
0.8910240157480315
11
1.4307169291338582
21
0.8925268110236221
0
LINE
8
BLACK
6
CONTINUOUS
10
1.4307169291338582
20
0.8925268110236221
11
1.4279256692913385
21
0.8925268110236221
0
LINE
8
BLACK
6
CONTINUOUS
10
1.4279256692913385
20
0.8925268110236221
11
1.4234172834645669
21
0.8910240157480315
0
LINE
8
BLACK
6
CONTINUOUS
10
1.4234172834645669
20
0.8910240157480315
11
1.4220353937007875
21
0.889642125984252
0
LINE
8
BLACK
6
CONTINUOUS
10
1.4220353937007875
20
0.889642125984252
11
1.4215879527559054
21
0.8892749212598425
0
LINE
8
BLACK
6
CONTINUOUS
10
1.4215879527559054
20
0.8892749212598425
11
1.4205235039370079
21
0.8888340157480314
0
LINE
8
BLACK
6
CONTINUOUS
10
1.4205235039370079
20
0.8888340157480314
11
1.4193714566929134
21
0.8888340157480314
0
LINE
8
BLACK
6
CONTINUOUS
10
1.4193714566929134
20
0.8888340157480314
11
1.4183070078740156
21
0.8892749212598425
0
LINE
8
BLACK
6
CONTINUOUS
10
1.4183070078740156
20
0.8892749212598425
11
1.4174923622047244
21
0.8900895669291339
0
LINE
8
BLACK
6
CONTINUOUS
10
1.4174923622047244
20
0.8900895669291339
11
1.4170514566929133
21
0.8911540157480314
0
LINE
8
BLACK
6
CONTINUOUS
10
1.4170514566929133
20
0.8911540157480314
11
1.4170514566929133
21
0.892306062992126
0
LINE
8
BLACK
6
CONTINUOUS
10
1.4170514566929133
20
0.892306062992126
11
1.4174923622047244
21
0.8933705118110236
0
LINE
8
BLACK
6
CONTINUOUS
10
1.4174923622047244
20
0.8933705118110236
11
1.4178595669291338
21
0.8938179527559055
0
LINE
8
BLACK
6
CONTINUOUS
10
1.4178595669291338
20
0.8938179527559055
11
1.4197343307086614
21
0.895692716535433
0
LINE
8
BLACK
6
CONTINUOUS
10
1.4197343307086614
20
0.895692716535433
11
1.4201817716535432
21
0.8960599212598425
0
LINE
8
BLACK
6
CONTINUOUS
10
1.4201817716535432
20
0.8960599212598425
11
1.4202797244094487
21
0.8961005118110236
0
LINE
8
BLACK
6
CONTINUOUS
10
1.4202797244094487
20
0.8961005118110236
11
1.4203599212598426
21
0.8961700393700788
0
LINE
8
BLACK
6
CONTINUOUS
10
1.4203599212598426
20
0.8961700393700788
11
1.4208885039370078
21
0.8964060236220472
0
LINE
8
BLACK
6
CONTINUOUS
10
1.4208885039370078
20
0.8964060236220472
11
1.4265127559055117
21
0.8982807874015748
0
LINE
8
BLACK
6
CONTINUOUS
10
1.4265127559055117
20
0.8982807874015748
11
1.4267983858267717
21
0.898345748031496
0
LINE
8
BLACK
6
CONTINUOUS
10
1.4267983858267717
20
0.898345748031496
11
1.4268704724409449
21
0.8983755905511811
0
LINE
8
BLACK
6
CONTINUOUS
10
1.4268704724409449
20
0.8983755905511811
11
1.4269749212598424
21
0.898385905511811
0
LINE
8
BLACK
6
CONTINUOUS
10
1.4269749212598424
20
0.898385905511811
11
1.4270772047244094
21
0.8984091338582677
0
LINE
8
BLACK
6
CONTINUOUS
10
1.4270772047244094
20
0.8984091338582677
11
1.4271549212598424
21
0.8984036220472441
0
LINE
8
BLACK
6
CONTINUOUS
10
1.4271549212598424
20
0.8984036220472441
11
1.4274465354330708
21
0.8984323228346457
0
LINE
8
BLACK
6
CONTINUOUS
10
1.4274465354330708
20
0.8984323228346457
11
1.4311960629921259
21
0.8984323228346457
0
LINE
8
BLACK
6
CONTINUOUS
10
1.4311960629921259
20
0.8984323228346457
11
1.4314875984251969
21
0.8984036220472441
0
LINE
8
BLACK
6
CONTINUOUS
10
1.1666722047244094
20
0.92593468503937
11
1.1669614960629922
21
0.92593468503937
0
LINE
8
BLACK
6
CONTINUOUS
10
1.1669614960629922
20
0.92593468503937
11
1.1672315748031497
21
0.9258228346456693
0
LINE
8
BLACK
6
CONTINUOUS
10
1.1672315748031497
20
0.9258228346456693
11
1.1675182283464567
21
0.9257654724409449
0
LINE
8
BLACK
6
CONTINUOUS
10
1.1675182283464567
20
0.9257654724409449
11
1.1677585826771653
21
0.9256045275590551
0
LINE
8
BLACK
6
CONTINUOUS
10
1.1677585826771653
20
0.9256045275590551
11
1.168025905511811
21
0.9254937795275591
0
LINE
8
BLACK
6
CONTINUOUS
10
1.168025905511811
20
0.9254937795275591
11
1.1682325984251969
21
0.9252870866141732
0
LINE
8
BLACK
6
CONTINUOUS
10
1.1682325984251969
20
0.9252870866141732
11
1.1684755118110235
21
0.9251244094488189
0
LINE
8
BLACK
6
CONTINUOUS
10
1.1684755118110235
20
0.9251244094488189
11
1.1688385039370079
21
0.9246811811023622
0
LINE
8
BLACK
6
CONTINUOUS
10
1.1688385039370079
20
0.9246811811023622
11
1.1688405511811024
21
0.9246791338582677
0
LINE
8
BLACK
6
CONTINUOUS
10
1.1688405511811024
20
0.9246791338582677
11
1.168840905511811
21
0.9246782677165354
0
LINE
8
BLACK
6
CONTINUOUS
10
1.168840905511811
20
0.9246782677165354
11
1.1688422834645669
21
0.9246765748031496
0
LINE
8
BLACK
6
CONTINUOUS
10
1.1688422834645669
20
0.9246765748031496
11
1.1724296062992126
21
0.9192955511811023
0
LINE
8
BLACK
6
CONTINUOUS
10
1.1724296062992126
20
0.9192955511811023
11
1.1756335826771653
21
0.9160915748031496
0
LINE
8
BLACK
6
CONTINUOUS
10
1.1756335826771653
20
0.9160915748031496
11
1.1789545275590552
21
0.9144311023622047
0
LINE
8
BLACK
6
CONTINUOUS
10
1.1789545275590552
20
0.9144311023622047
11
1.1794444094488188
21
0.9141227559055118
0
LINE
8
BLACK
6
CONTINUOUS
10
1.1794444094488188
20
0.9141227559055118
11
1.1801992519685038
21
0.9132523622047244
0
LINE
8
BLACK
6
CONTINUOUS
10
1.1801992519685038
20
0.9132523622047244
11
1.1805635826771654
21
0.9121594094488189
0
LINE
8
BLACK
6
CONTINUOUS
10
1.1805635826771654
20
0.9121594094488189
11
1.1804819291338582
21
0.9110101968503936
0
LINE
8
BLACK
6
CONTINUOUS
10
1.1804819291338582
20
0.9110101968503936
11
1.1799666535433071
21
0.9099796850393701
0
LINE
8
BLACK
6
CONTINUOUS
10
1.1799666535433071
20
0.9099796850393701
11
1.1790962992125984
21
0.9092248425196851
0
LINE
8
BLACK
6
CONTINUOUS
10
1.1790962992125984
20
0.9092248425196851
11
1.178003307086614
21
0.9088605118110236
0
LINE
8
BLACK
6
CONTINUOUS
10
1.178003307086614
20
0.9088605118110236
11
1.1768540944881889
21
0.9089421653543307
0
LINE
8
BLACK
6
CONTINUOUS
10
1.1768540944881889
20
0.9089421653543307
11
1.1763135039370078
21
0.9091490551181102
0
LINE
8
BLACK
6
CONTINUOUS
10
1.1763135039370078
20
0.9091490551181102
11
1.1725639763779527
21
0.9110238188976377
0
LINE
8
BLACK
6
CONTINUOUS
10
1.1725639763779527
20
0.9110238188976377
11
1.1723161417322834
21
0.911179842519685
0
LINE
8
BLACK
6
CONTINUOUS
10
1.1723161417322834
20
0.911179842519685
11
1.1722440157480314
21
0.9112096850393701
0
LINE
8
BLACK
6
CONTINUOUS
10
1.1722440157480314
20
0.9112096850393701
11
1.1721628346456692
21
0.9112762992125985
0
LINE
8
BLACK
6
CONTINUOUS
10
1.1721628346456692
20
0.9112762992125985
11
1.1720740944881889
21
0.9113321653543307
0
LINE
8
BLACK
6
CONTINUOUS
10
1.1720740944881889
20
0.9113321653543307
11
1.1720229527559054
21
0.9113911023622047
0
LINE
8
BLACK
6
CONTINUOUS
10
1.1720229527559054
20
0.9113911023622047
11
1.1717965748031496
21
0.9115769291338582
0
LINE
8
BLACK
6
CONTINUOUS
10
1.1717965748031496
20
0.9115769291338582
11
1.1693381889763779
21
0.91403531496063
0
LINE
8
BLACK
6
CONTINUOUS
10
1.1693381889763779
20
0.91403531496063
11
1.1693381889763779
21
0.8866213385826771
0
LINE
8
BLACK
6
CONTINUOUS
10
1.1693381889763779
20
0.8866213385826771
11
1.1776340157480314
21
0.8866213385826771
0
LINE
8
BLACK
6
CONTINUOUS
10
1.1776340157480314
20
0.8866213385826771
11
1.1782100787401575
21
0.8865646062992126
0
LINE
8
BLACK
6
CONTINUOUS
10
1.1782100787401575
20
0.8865646062992126
11
1.1792744881889763
21
0.8861237007874015
0
LINE
8
BLACK
6
CONTINUOUS
10
1.1792744881889763
20
0.8861237007874015
11
1.1800891338582677
21
0.8853090551181102
0
LINE
8
BLACK
6
CONTINUOUS
10
1.1800891338582677
20
0.8853090551181102
11
1.1805300393700786
21
0.8842446456692913
0
LINE
8
BLACK
6
CONTINUOUS
10
1.1805300393700786
20
0.8842446456692913
11
1.1805300393700786
21
0.8830925196850393
0
LINE
8
BLACK
6
CONTINUOUS
10
1.1805300393700786
20
0.8830925196850393
11
1.1800891338582677
21
0.8820281102362204
0
LINE
8
BLACK
6
CONTINUOUS
10
1.1800891338582677
20
0.8820281102362204
11
1.1792744881889763
21
0.8812134645669291
0
LINE
8
BLACK
6
CONTINUOUS
10
1.1792744881889763
20
0.8812134645669291
11
1.1782100787401575
21
0.8807725590551181
0
LINE
8
BLACK
6
CONTINUOUS
10
1.1782100787401575
20
0.8807725590551181
11
1.1776340157480314
21
0.8807158267716535
0
LINE
8
BLACK
6
CONTINUOUS
10
1.1776340157480314
20
0.8807158267716535
11
1.1551368503937007
21
0.8807158267716535
0
LINE
8
BLACK
6
CONTINUOUS
10
1.1551368503937007
20
0.8807158267716535
11
1.1545607874015749
21
0.8807725590551181
0
LINE
8
BLACK
6
CONTINUOUS
10
1.1545607874015749
20
0.8807725590551181
11
1.1534963779527558
21
0.8812134645669291
0
LINE
8
BLACK
6
CONTINUOUS
10
1.1534963779527558
20
0.8812134645669291
11
1.1526817322834646
21
0.8820281102362204
0
LINE
8
BLACK
6
CONTINUOUS
10
1.1526817322834646
20
0.8820281102362204
11
1.1522408267716535
21
0.8830925196850393
0
LINE
8
BLACK
6
CONTINUOUS
10
1.1522408267716535
20
0.8830925196850393
11
1.1522408267716535
21
0.8842446456692913
0
LINE
8
BLACK
6
CONTINUOUS
10
1.1522408267716535
20
0.8842446456692913
11
1.1526817322834646
21
0.8853090551181102
0
LINE
8
BLACK
6
CONTINUOUS
10
1.1526817322834646
20
0.8853090551181102
11
1.1534963779527558
21
0.8861237007874015
0
LINE
8
BLACK
6
CONTINUOUS
10
1.1534963779527558
20
0.8861237007874015
11
1.1545607874015749
21
0.8865646062992126
0
LINE
8
BLACK
6
CONTINUOUS
10
1.1545607874015749
20
0.8865646062992126
11
1.1551368503937007
21
0.8866213385826771
0
LINE
8
BLACK
6
CONTINUOUS
10
1.1551368503937007
20
0.8866213385826771
11
1.1634326771653543
21
0.8866213385826771
0
LINE
8
BLACK
6
CONTINUOUS
10
1.1634326771653543
20
0.8866213385826771
11
1.1634326771653543
21
0.9230386614173228
0
LINE
8
BLACK
6
CONTINUOUS
10
1.1634326771653543
20
0.9230386614173228
11
1.163432874015748
21
0.923040748031496
0
LINE
8
BLACK
6
CONTINUOUS
10
1.163432874015748
20
0.923040748031496
11
1.1634326771653543
21
0.9230417716535433
0
LINE
8
BLACK
6
CONTINUOUS
10
1.1634326771653543
20
0.9230417716535433
11
1.1634332677165353
21
0.9230448031496062
0
LINE
8
BLACK
6
CONTINUOUS
10
1.1634332677165353
20
0.9230448031496062
11
1.1634894094488188
21
0.9236147244094488
0
LINE
8
BLACK
6
CONTINUOUS
10
1.1634894094488188
20
0.9236147244094488
11
1.1636012598425196
21
0.9238848425196851
0
LINE
8
BLACK
6
CONTINUOUS
10
1.1636012598425196
20
0.9238848425196851
11
1.163658622047244
21
0.9241714566929133
0
LINE
8
BLACK
6
CONTINUOUS
10
1.163658622047244
20
0.9241714566929133
11
1.1638195669291338
21
0.9244118503937008
0
LINE
8
BLACK
6
CONTINUOUS
10
1.1638195669291338
20
0.9244118503937008
11
1.1639303149606299
21
0.9246791338582677
0
LINE
8
BLACK
6
CONTINUOUS
10
1.1639303149606299
20
0.9246791338582677
11
1.1641370078740156
21
0.9248858661417323
0
LINE
8
BLACK
6
CONTINUOUS
10
1.1641370078740156
20
0.9248858661417323
11
1.1642996850393701
21
0.9251287401574803
0
LINE
8
BLACK
6
CONTINUOUS
10
1.1642996850393701
20
0.9251287401574803
11
1.1645403937007874
21
0.9252892519685039
0
LINE
8
BLACK
6
CONTINUOUS
10
1.1645403937007874
20
0.9252892519685039
11
1.1647449606299212
21
0.9254937795275591
0
LINE
8
BLACK
6
CONTINUOUS
10
1.1647449606299212
20
0.9254937795275591
11
1.1650150393700787
21
0.9256056692913386
0
LINE
8
BLACK
6
CONTINUOUS
10
1.1650150393700787
20
0.9256056692913386
11
1.165258307086614
21
0.9257678346456693
0
LINE
8
BLACK
6
CONTINUOUS
10
1.165258307086614
20
0.9257678346456693
11
1.1655420866141732
21
0.9258239763779528
0
LINE
8
BLACK
6
CONTINUOUS
10
1.1655420866141732
20
0.9258239763779528
11
1.1658093700787402
21
0.92593468503937
0
LINE
8
BLACK
6
CONTINUOUS
10
1.1658093700787402
20
0.92593468503937
11
1.1661017716535433
21
0.92593468503937
0
LINE
8
BLACK
6
CONTINUOUS
10
1.1661017716535433
20
0.92593468503937
11
1.1663885433070866
21
0.9259914173228346
0
LINE
8
BLACK
6
CONTINUOUS
10
1.1663885433070866
20
0.9259914173228346
11
1.1666722047244094
21
0.92593468503937
0
LINE
8
BLACK
6
CONTINUOUS
10
1.196147401574803
20
0.9254937795275591
11
1.1969620472440945
21
0.9246791338582677
0
LINE
8
BLACK
6
CONTINUOUS
10
1.1969620472440945
20
0.9246791338582677
11
1.1974029527559056
21
0.9236147244094488
0
LINE
8
BLACK
6
CONTINUOUS
10
1.1974029527559056
20
0.9236147244094488
11
1.1974596850393699
21
0.9230386614173228
0
LINE
8
BLACK
6
CONTINUOUS
10
1.1974596850393699
20
0.9230386614173228
11
1.1974596850393699
21
0.8918647244094488
0
LINE
8
BLACK
6
CONTINUOUS
10
1.1974596850393699
20
0.8918647244094488
11
1.1988084251968503
21
0.8891672440944882
0
LINE
8
BLACK
6
CONTINUOUS
10
1.1988084251968503
20
0.8891672440944882
11
1.2000055511811023
21
0.8879700787401574
0
LINE
8
BLACK
6
CONTINUOUS
10
1.2000055511811023
20
0.8879700787401574
11
1.2027030314960629
21
0.8866213385826771
0
LINE
8
BLACK
6
CONTINUOUS
10
1.2027030314960629
20
0.8866213385826771
11
1.2088079921259842
21
0.8866213385826771
0
LINE
8
BLACK
6
CONTINUOUS
10
1.2088079921259842
20
0.8866213385826771
11
1.2115054330708661
21
0.8879700787401574
0
LINE
8
BLACK
6
CONTINUOUS
10
1.2115054330708661
20
0.8879700787401574
11
1.2127025590551181
21
0.8891672440944882
0
LINE
8
BLACK
6
CONTINUOUS
10
1.2127025590551181
20
0.8891672440944882
11
1.2140513385826772
21
0.8918647244094488
0
LINE
8
BLACK
6
CONTINUOUS
10
1.2140513385826772
20
0.8918647244094488
11
1.2140513385826772
21
0.9230386614173228
0
LINE
8
BLACK
6
CONTINUOUS
10
1.2140513385826772
20
0.9230386614173228
11
1.2141080708661418
21
0.9236147244094488
0
LINE
8
BLACK
6
CONTINUOUS
10
1.2141080708661418
20
0.9236147244094488
11
1.2145489763779527
21
0.9246791338582677
0
LINE
8
BLACK
6
CONTINUOUS
10
1.2145489763779527
20
0.9246791338582677
11
1.2153636220472441
21
0.9254937795275591
0
LINE
8
BLACK
6
CONTINUOUS
10
1.2153636220472441
20
0.9254937795275591
11
1.2164280314960629
21
0.92593468503937
0
LINE
8
BLACK
6
CONTINUOUS
10
1.2164280314960629
20
0.92593468503937
11
1.2175801574803149
21
0.92593468503937
0
LINE
8
BLACK
6
CONTINUOUS
10
1.2175801574803149
20
0.92593468503937
11
1.2186445669291339
21
0.9254937795275591
0
LINE
8
BLACK
6
CONTINUOUS
10
1.2186445669291339
20
0.9254937795275591
11
1.2194592125984252
21
0.9246791338582677
0
LINE
8
BLACK
6
CONTINUOUS
10
1.2194592125984252
20
0.9246791338582677
11
1.2199001181102362
21
0.9236147244094488
0
LINE
8
BLACK
6
CONTINUOUS
10
1.2199001181102362
20
0.9236147244094488
11
1.2199568503937008
21
0.9230386614173228
0
LINE
8
BLACK
6
CONTINUOUS
10
1.2199568503937008
20
0.9230386614173228
11
1.2199568503937008
21
0.8911676771653543
0
LINE
8
BLACK
6
CONTINUOUS
10
1.2199568503937008
20
0.8911676771653543
11
1.2199001181102362
21
0.8905916141732283
0
LINE
8
BLACK
6
CONTINUOUS
10
1.2199001181102362
20
0.8905916141732283
11
1.2198595275590551
21
0.8904936614173228
0
LINE
8
BLACK
6
CONTINUOUS
10
1.2198595275590551
20
0.8904936614173228
11
1.2198520078740158
21
0.8903877559055118
0
LINE
8
BLACK
6
CONTINUOUS
10
1.2198520078740158
20
0.8903877559055118
11
1.2196451181102361
21
0.8898471653543307
0
LINE
8
BLACK
6
CONTINUOUS
10
1.2196451181102361
20
0.8898471653543307
11
1.2177703543307086
21
0.8860976377952756
0
LINE
8
BLACK
6
CONTINUOUS
10
1.2177703543307086
20
0.8860976377952756
11
1.2176142913385826
21
0.8858497637795275
0
LINE
8
BLACK
6
CONTINUOUS
10
1.2176142913385826
20
0.8858497637795275
11
1.2175844881889764
21
0.885777716535433
0
LINE
8
BLACK
6
CONTINUOUS
10
1.2175844881889764
20
0.885777716535433
11
1.2175179527559055
21
0.8856966929133858
0
LINE
8
BLACK
6
CONTINUOUS
10
1.2175179527559055
20
0.8856966929133858
11
1.2174620078740157
21
0.8856077559055118
0
LINE
8
BLACK
6
CONTINUOUS
10
1.2174620078740157
20
0.8856077559055118
11
1.2174029921259841
21
0.8855566141732283
0
LINE
8
BLACK
6
CONTINUOUS
10
1.2174029921259841
20
0.8855566141732283
11
1.2172172440944882
21
0.8853302362204725
0
LINE
8
BLACK
6
CONTINUOUS
10
1.2172172440944882
20
0.8853302362204725
11
1.2153425196850394
21
0.8834554724409449
0
LINE
8
BLACK
6
CONTINUOUS
10
1.2153425196850394
20
0.8834554724409449
11
1.2151161417322833
21
0.8832697244094488
0
LINE
8
BLACK
6
CONTINUOUS
10
1.2151161417322833
20
0.8832697244094488
11
1.2150649606299213
21
0.8832106692913385
0
LINE
8
BLACK
6
CONTINUOUS
10
1.2150649606299213
20
0.8832106692913385
11
1.2149759842519685
21
0.8831546850393701
0
LINE
8
BLACK
6
CONTINUOUS
10
1.2149759842519685
20
0.8831546850393701
11
1.2148950393700788
21
0.8830882283464567
0
LINE
8
BLACK
6
CONTINUOUS
10
1.2148950393700788
20
0.8830882283464567
11
1.2148230708661416
21
0.8830584251968504
0
LINE
8
BLACK
6
CONTINUOUS
10
1.2148230708661416
20
0.8830584251968504
11
1.2145750787401575
21
0.8829023228346456
0
LINE
8
BLACK
6
CONTINUOUS
10
1.2145750787401575
20
0.8829023228346456
11
1.2108255511811024
21
0.8810275590551181
0
LINE
8
BLACK
6
CONTINUOUS
10
1.2108255511811024
20
0.8810275590551181
11
1.2102849212598425
21
0.8808206692913385
0
LINE
8
BLACK
6
CONTINUOUS
10
1.2102849212598425
20
0.8808206692913385
11
1.2101790944881889
21
0.8808131889763779
0
LINE
8
BLACK
6
CONTINUOUS
10
1.2101790944881889
20
0.8808131889763779
11
1.2100811023622047
21
0.8807725590551181
0
LINE
8
BLACK
6
CONTINUOUS
10
1.2100811023622047
20
0.8807725590551181
11
1.2095050393700788
21
0.8807158267716535
0
LINE
8
BLACK
6
CONTINUOUS
10
1.2095050393700788
20
0.8807158267716535
11
1.2020059842519686
21
0.8807158267716535
0
LINE
8
BLACK
6
CONTINUOUS
10
1.2020059842519686
20
0.8807158267716535
11
1.2014299212598425
21
0.8807725590551181
0
LINE
8
BLACK
6
CONTINUOUS
10
1.2014299212598425
20
0.8807725590551181
11
1.2013319291338582
21
0.8808131496062992
0
LINE
8
BLACK
6
CONTINUOUS
10
1.2013319291338582
20
0.8808131496062992
11
1.2012260629921259
21
0.8808206692913385
0
LINE
8
BLACK
6
CONTINUOUS
10
1.2012260629921259
20
0.8808206692913385
11
1.2006854724409448
21
0.8810275590551181
0
LINE
8
BLACK
6
CONTINUOUS
10
1.2006854724409448
20
0.8810275590551181
11
1.1969359448818897
21
0.8829023228346456
0
LINE
8
BLACK
6
CONTINUOUS
10
1.1969359448818897
20
0.8829023228346456
11
1.1966879133858268
21
0.8830584251968504
0
LINE
8
BLACK
6
CONTINUOUS
10
1.1966879133858268
20
0.8830584251968504
11
1.1966159842519686
21
0.8830882283464567
0
LINE
8
BLACK
6
CONTINUOUS
10
1.1966159842519686
20
0.8830882283464567
11
1.1965349999999999
21
0.8831546850393701
0
LINE
8
BLACK
6
CONTINUOUS
10
1.1965349999999999
20
0.8831546850393701
11
1.1964460629921259
21
0.8832106692913385
0
LINE
8
BLACK
6
CONTINUOUS
10
1.1964460629921259
20
0.8832106692913385
11
1.1963948425196851
21
0.8832697244094488
0
LINE
8
BLACK
6
CONTINUOUS
10
1.1963948425196851
20
0.8832697244094488
11
1.1961685039370078
21
0.8834554724409449
0
LINE
8
BLACK
6
CONTINUOUS
10
1.1961685039370078
20
0.8834554724409449
11
1.1942937401574802
21
0.8853302755905511
0
LINE
8
BLACK
6
CONTINUOUS
10
1.1942937401574802
20
0.8853302755905511
11
1.1941079921259843
21
0.8855566141732283
0
LINE
8
BLACK
6
CONTINUOUS
10
1.1941079921259843
20
0.8855566141732283
11
1.1940490157480315
21
0.8856077559055118
0
LINE
8
BLACK
6
CONTINUOUS
10
1.1940490157480315
20
0.8856077559055118
11
1.193993031496063
21
0.8856966929133858
0
LINE
8
BLACK
6
CONTINUOUS
10
1.193993031496063
20
0.8856966929133858
11
1.1939265354330708
21
0.885777716535433
0
LINE
8
BLACK
6
CONTINUOUS
10
1.1939265354330708
20
0.885777716535433
11
1.1938966929133858
21
0.8858497637795275
0
LINE
8
BLACK
6
CONTINUOUS
10
1.1938966929133858
20
0.8858497637795275
11
1.1937406692913386
21
0.8860976377952756
0
LINE
8
BLACK
6
CONTINUOUS
10
1.1937406692913386
20
0.8860976377952756
11
1.191865905511811
21
0.8898471653543307
0
LINE
8
BLACK
6
CONTINUOUS
10
1.191865905511811
20
0.8898471653543307
11
1.1916590157480316
21
0.8903877952755905
0
LINE
8
BLACK
6
CONTINUOUS
10
1.1916590157480316
20
0.8903877952755905
11
1.191651496062992
21
0.890493622047244
0
LINE
8
BLACK
6
CONTINUOUS
10
1.191651496062992
20
0.890493622047244
11
1.1916109055118109
21
0.8905916141732283
0
LINE
8
BLACK
6
CONTINUOUS
10
1.1916109055118109
20
0.8905916141732283
11
1.1915541732283463
21
0.8911676771653543
0
LINE
8
BLACK
6
CONTINUOUS
10
1.1915541732283463
20
0.8911676771653543
11
1.1915541732283463
21
0.9230386614173228
0
LINE
8
BLACK
6
CONTINUOUS
10
1.1915541732283463
20
0.9230386614173228
11
1.1916109055118109
21
0.9236147244094488
0
LINE
8
BLACK
6
CONTINUOUS
10
1.1916109055118109
20
0.9236147244094488
11
1.192051811023622
21
0.9246791338582677
0
LINE
8
BLACK
6
CONTINUOUS
10
1.192051811023622
20
0.9246791338582677
11
1.1928664566929135
21
0.9254937795275591
0
LINE
8
BLACK
6
CONTINUOUS
10
1.1928664566929135
20
0.9254937795275591
11
1.1939308661417323
21
0.92593468503937
0
LINE
8
BLACK
6
CONTINUOUS
10
1.1939308661417323
20
0.92593468503937
11
1.1950829921259842
21
0.92593468503937
0
LINE
8
BLACK
6
CONTINUOUS
10
1.1950829921259842
20
0.92593468503937
11
1.196147401574803
21
0.9254937795275591
0
LINE
8
BLACK
6
CONTINUOUS
10
1.6362120078740157
20
1.2527343307086614
11
1.6362897637795275
21
1.252739842519685
0
LINE
8
BLACK
6
CONTINUOUS
10
1.6362897637795275
20
1.252739842519685
11
1.6363920078740157
21
1.2527166141732282
0
LINE
8
BLACK
6
CONTINUOUS
10
1.6363920078740157
20
1.2527166141732282
11
1.6364965354330707
21
1.2527062992125984
0
LINE
8
BLACK
6
CONTINUOUS
10
1.6364965354330707
20
1.2527062992125984
11
1.636568622047244
21
1.2526764566929134
0
LINE
8
BLACK
6
CONTINUOUS
10
1.636568622047244
20
1.2526764566929134
11
1.6368542125984251
21
1.2526114960629922
0
LINE
8
BLACK
6
CONTINUOUS
10
1.6368542125984251
20
1.2526114960629922
11
1.6424785039370078
21
1.2507367322834646
0
LINE
8
BLACK
6
CONTINUOUS
10
1.6424785039370078
20
1.2507367322834646
11
1.6430070472440945
21
1.250500748031496
0
LINE
8
BLACK
6
CONTINUOUS
10
1.6430070472440945
20
1.250500748031496
11
1.6430871653543306
21
1.2504312598425196
0
LINE
8
BLACK
6
CONTINUOUS
10
1.6430871653543306
20
1.2504312598425196
11
1.6431852362204724
21
1.2503906299212597
0
LINE
8
BLACK
6
CONTINUOUS
10
1.6431852362204724
20
1.2503906299212597
11
1.6436326771653542
21
1.2500234251968503
0
LINE
8
BLACK
6
CONTINUOUS
10
1.6436326771653542
20
1.2500234251968503
11
1.6473822047244093
21
1.2462738976377952
0
LINE
8
BLACK
6
CONTINUOUS
10
1.6473822047244093
20
1.2462738976377952
11
1.647568031496063
21
1.2460475196850394
0
LINE
8
BLACK
6
CONTINUOUS
10
1.647568031496063
20
1.2460475196850394
11
1.6476269685039369
21
1.2459963779527559
0
LINE
8
BLACK
6
CONTINUOUS
10
1.6476269685039369
20
1.2459963779527559
11
1.6476828346456693
21
1.2459076377952756
0
LINE
8
BLACK
6
CONTINUOUS
10
1.6476828346456693
20
1.2459076377952756
11
1.6477494488188975
21
1.2458264566929134
0
LINE
8
BLACK
6
CONTINUOUS
10
1.6477494488188975
20
1.2458264566929134
11
1.6477792913385827
21
1.2457543307086614
0
LINE
8
BLACK
6
CONTINUOUS
10
1.6477792913385827
20
1.2457543307086614
11
1.6479353149606299
21
1.245506496062992
0
LINE
8
BLACK
6
CONTINUOUS
10
1.6479353149606299
20
1.245506496062992
11
1.6498100787401575
21
1.2417569685039369
0
LINE
8
BLACK
6
CONTINUOUS
10
1.6498100787401575
20
1.2417569685039369
11
1.6498261811023622
21
1.2417148818897636
0
LINE
8
BLACK
6
CONTINUOUS
10
1.6498261811023622
20
1.2417148818897636
11
1.6498388976377953
21
1.241697716535433
0
LINE
8
BLACK
6
CONTINUOUS
10
1.6498388976377953
20
1.241697716535433
11
1.6499251968503936
21
1.2414561417322834
0
LINE
8
BLACK
6
CONTINUOUS
10
1.6499251968503936
20
1.2414561417322834
11
1.650016968503937
21
1.2412163779527559
0
LINE
8
BLACK
6
CONTINUOUS
10
1.650016968503937
20
1.2412163779527559
11
1.6500184645669291
21
1.2411951181102361
0
LINE
8
BLACK
6
CONTINUOUS
10
1.6500184645669291
20
1.2411951181102361
11
1.6500336614173228
21
1.2411525984251968
0
LINE
8
BLACK
6
CONTINUOUS
10
1.6500336614173228
20
1.2411525984251968
11
1.6519084251968503
21
1.2336535433070865
0
LINE
8
BLACK
6
CONTINUOUS
10
1.6519084251968503
20
1.2336535433070865
11
1.6519231889763779
21
1.2335537007874016
0
LINE
8
BLACK
6
CONTINUOUS
10
1.6519231889763779
20
1.2335537007874016
11
1.651939842519685
21
1.233513464566929
0
LINE
8
BLACK
6
CONTINUOUS
10
1.651939842519685
20
1.233513464566929
11
1.6519611811023622
21
1.2332964566929134
0
LINE
8
BLACK
6
CONTINUOUS
10
1.6519611811023622
20
1.2332964566929134
11
1.6519930708661417
21
1.2330809448818898
0
LINE
8
BLACK
6
CONTINUOUS
10
1.6519930708661417
20
1.2330809448818898
11
1.651986653543307
21
1.2330379527559054
0
LINE
8
BLACK
6
CONTINUOUS
10
1.651986653543307
20
1.2330379527559054
11
1.6519965748031495
21
1.2329374015748031
0
LINE
8
BLACK
6
CONTINUOUS
10
1.6519965748031495
20
1.2329374015748031
11
1.6519965748031495
21
1.2273131102362205
0
LINE
8
BLACK
6
CONTINUOUS
10
1.6519965748031495
20
1.2273131102362205
11
1.651986653543307
21
1.2272125984251969
0
LINE
8
BLACK
6
CONTINUOUS
10
1.651986653543307
20
1.2272125984251969
11
1.6519930708661417
21
1.2271695669291338
0
LINE
8
BLACK
6
CONTINUOUS
10
1.6519930708661417
20
1.2271695669291338
11
1.6519611811023622
21
1.2269540944881889
0
LINE
8
BLACK
6
CONTINUOUS
10
1.6519611811023622
20
1.2269540944881889
11
1.651939842519685
21
1.2267370472440944
0
LINE
8
BLACK
6
CONTINUOUS
10
1.651939842519685
20
1.2267370472440944
11
1.6519231889763779
21
1.2266968503937008
0
LINE
8
BLACK
6
CONTINUOUS
10
1.6519231889763779
20
1.2266968503937008
11
1.6519084251968503
21
1.2265969685039371
0
LINE
8
BLACK
6
CONTINUOUS
10
1.6519084251968503
20
1.2265969685039371
11
1.6500336614173228
21
1.2190979133858268
0
LINE
8
BLACK
6
CONTINUOUS
10
1.6500336614173228
20
1.2190979133858268
11
1.6500184645669291
21
1.2190554330708661
0
LINE
8
BLACK
6
CONTINUOUS
10
1.6500184645669291
20
1.2190554330708661
11
1.650016968503937
21
1.2190341338582678
0
LINE
8
BLACK
6
CONTINUOUS
10
1.650016968503937
20
1.2190341338582678
11
1.6499251968503936
21
1.2187944094488188
0
LINE
8
BLACK
6
CONTINUOUS
10
1.6499251968503936
20
1.2187944094488188
11
1.6498388976377953
21
1.2185527952755906
0
LINE
8
BLACK
6
CONTINUOUS
10
1.6498388976377953
20
1.2185527952755906
11
1.6498261811023622
21
1.2185356692913385
0
LINE
8
BLACK
6
CONTINUOUS
10
1.6498261811023622
20
1.2185356692913385
11
1.6498100787401575
21
1.2184935433070865
0
LINE
8
BLACK
6
CONTINUOUS
10
1.6498100787401575
20
1.2184935433070865
11
1.6479353149606299
21
1.2147440157480314
0
LINE
8
BLACK
6
CONTINUOUS
10
1.6479353149606299
20
1.2147440157480314
11
1.6477792519685039
21
1.2144961417322835
0
LINE
8
BLACK
6
CONTINUOUS
10
1.6477792519685039
20
1.2144961417322835
11
1.6477494488188975
21
1.214424094488189
0
LINE
8
BLACK
6
CONTINUOUS
10
1.6477494488188975
20
1.214424094488189
11
1.6476829133858268
21
1.2143430708661418
0
LINE
8
BLACK
6
CONTINUOUS
10
1.6476829133858268
20
1.2143430708661418
11
1.6476269685039369
21
1.2142541338582677
0
LINE
8
BLACK
6
CONTINUOUS
10
1.6476269685039369
20
1.2142541338582677
11
1.6475679527559055
21
1.2142029921259843
0
LINE
8
BLACK
6
CONTINUOUS
10
1.6475679527559055
20
1.2142029921259843
11
1.6473822440944881
21
1.213976653543307
0
LINE
8
BLACK
6
CONTINUOUS
10
1.6473822440944881
20
1.213976653543307
11
1.6436326771653542
21
1.2102270472440944
0
LINE
8
BLACK
6
CONTINUOUS
10
1.6436326771653542
20
1.2102270472440944
11
1.6431852362204724
21
1.2098598425196849
0
LINE
8
BLACK
6
CONTINUOUS
10
1.6431852362204724
20
1.2098598425196849
11
1.6430871653543306
21
1.2098192519685038
0
LINE
8
BLACK
6
CONTINUOUS
10
1.6430871653543306
20
1.2098192519685038
11
1.6430070472440945
21
1.2097497244094488
0
LINE
8
BLACK
6
CONTINUOUS
10
1.6430070472440945
20
1.2097497244094488
11
1.6424785039370078
21
1.2095137401574803
0
LINE
8
BLACK
6
CONTINUOUS
10
1.6424785039370078
20
1.2095137401574803
11
1.6368542125984251
21
1.2076389763779527
0
LINE
8
BLACK
6
CONTINUOUS
10
1.6368542125984251
20
1.2076389763779527
11
1.636568622047244
21
1.2075740551181102
0
LINE
8
BLACK
6
CONTINUOUS
10
1.636568622047244
20
1.2075740551181102
11
1.6364965354330707
21
1.2075441732283465
0
LINE
8
BLACK
6
CONTINUOUS
10
1.6364965354330707
20
1.2075441732283465
11
1.6363920078740157
21
1.2075338976377952
0
LINE
8
BLACK
6
CONTINUOUS
10
1.6363920078740157
20
1.2075338976377952
11
1.6362897637795275
21
1.2075106299212599
0
LINE
8
BLACK
6
CONTINUOUS
10
1.6362897637795275
20
1.2075106299212599
11
1.6362120078740157
21
1.2075161811023623
0
LINE
8
BLACK
6
CONTINUOUS
10
1.6362120078740157
20
1.2075161811023623
11
1.6359204724409449
21
1.2074874409448819
0
LINE
8
BLACK
6
CONTINUOUS
10
1.6359204724409449
20
1.2074874409448819
11
1.6321709448818897
21
1.2074874409448819
0
LINE
8
BLACK
6
CONTINUOUS
10
1.6321709448818897
20
1.2074874409448819
11
1.6318793307086614
21
1.2075161811023623
0
LINE
8
BLACK
6
CONTINUOUS
10
1.6318793307086614
20
1.2075161811023623
11
1.6318016141732283
21
1.2075106299212599
0
LINE
8
BLACK
6
CONTINUOUS
10
1.6318016141732283
20
1.2075106299212599
11
1.6316993307086614
21
1.2075338976377952
0
LINE
8
BLACK
6
CONTINUOUS
10
1.6316993307086614
20
1.2075338976377952
11
1.6315948818897636
21
1.2075441732283465
0
LINE
8
BLACK
6
CONTINUOUS
10
1.6315948818897636
20
1.2075441732283465
11
1.6315227952755904
21
1.2075740551181102
0
LINE
8
BLACK
6
CONTINUOUS
10
1.6315227952755904
20
1.2075740551181102
11
1.6312371653543307
21
1.2076389763779527
0
LINE
8
BLACK
6
CONTINUOUS
10
1.6312371653543307
20
1.2076389763779527
11
1.6256129133858268
21
1.2095137401574803
0
LINE
8
BLACK
6
CONTINUOUS
10
1.6256129133858268
20
1.2095137401574803
11
1.6250843307086613
21
1.2097497244094488
0
LINE
8
BLACK
6
CONTINUOUS
10
1.6250843307086613
20
1.2097497244094488
11
1.6250041338582677
21
1.2098192913385826
0
LINE
8
BLACK
6
CONTINUOUS
10
1.6250041338582677
20
1.2098192913385826
11
1.6249061811023622
21
1.2098598425196849
0
LINE
8
BLACK
6
CONTINUOUS
10
1.6249061811023622
20
1.2098598425196849
11
1.6244587007874016
21
1.2102270866141731
0
LINE
8
BLACK
6
CONTINUOUS
10
1.6244587007874016
20
1.2102270866141731
11
1.6225839370078741
21
1.2121018897637794
0
LINE
8
BLACK
6
CONTINUOUS
10
1.6225839370078741
20
1.2121018897637794
11
1.6222167322834646
21
1.2125493307086614
0
LINE
8
BLACK
6
CONTINUOUS
10
1.6222167322834646
20
1.2125493307086614
11
1.6217758661417323
21
1.2136137401574802
0
LINE
8
BLACK
6
CONTINUOUS
10
1.6217758661417323
20
1.2136137401574802
11
1.6217758661417323
21
1.2147658267716535
0
LINE
8
BLACK
6
CONTINUOUS
10
1.6217758661417323
20
1.2147658267716535
11
1.6222167716535432
21
1.2158302362204725
0
LINE
8
BLACK
6
CONTINUOUS
10
1.6222167716535432
20
1.2158302362204725
11
1.6230314566929134
21
1.2166449212598425
0
LINE
8
BLACK
6
CONTINUOUS
10
1.6230314566929134
20
1.2166449212598425
11
1.6240958661417322
21
1.2170857874015748
0
LINE
8
BLACK
6
CONTINUOUS
10
1.6240958661417322
20
1.2170857874015748
11
1.6252479527559054
21
1.2170857874015748
0
LINE
8
BLACK
6
CONTINUOUS
10
1.6252479527559054
20
1.2170857874015748
11
1.6263123622047244
21
1.2166448818897637
0
LINE
8
BLACK
6
CONTINUOUS
10
1.6263123622047244
20
1.2166448818897637
11
1.626759842519685
21
1.2162776377952755
0
LINE
8
BLACK
6
CONTINUOUS
10
1.626759842519685
20
1.2162776377952755
11
1.6281416929133858
21
1.2148957480314961
0
LINE
8
BLACK
6
CONTINUOUS
10
1.6281416929133858
20
1.2148957480314961
11
1.6326500787401574
21
1.2133929527559055
0
LINE
8
BLACK
6
CONTINUOUS
10
1.6326500787401574
20
1.2133929527559055
11
1.6354413385826772
21
1.2133929527559055
0
LINE
8
BLACK
6
CONTINUOUS
10
1.6354413385826772
20
1.2133929527559055
11
1.6399497244094488
21
1.2148957874015747
0
LINE
8
BLACK
6
CONTINUOUS
10
1.6399497244094488
20
1.2148957874015747
11
1.6428675196850393
21
1.217813622047244
0
LINE
8
BLACK
6
CONTINUOUS
10
1.6428675196850393
20
1.217813622047244
11
1.644383031496063
21
1.2208446062992127
0
LINE
8
BLACK
6
CONTINUOUS
10
1.644383031496063
20
1.2208446062992127
11
1.6460910629921259
21
1.227676653543307
0
LINE
8
BLACK
6
CONTINUOUS
10
1.6460910629921259
20
1.227676653543307
11
1.6460910629921259
21
1.2325738582677166
0
LINE
8
BLACK
6
CONTINUOUS
10
1.6460910629921259
20
1.2325738582677166
11
1.644383031496063
21
1.239405905511811
0
LINE
8
BLACK
6
CONTINUOUS
10
1.644383031496063
20
1.239405905511811
11
1.6428675590551181
21
1.2424368897637794
0
LINE
8
BLACK
6
CONTINUOUS
10
1.6428675590551181
20
1.2424368897637794
11
1.6399497244094488
21
1.2453547244094487
0
LINE
8
BLACK
6
CONTINUOUS
10
1.6399497244094488
20
1.2453547244094487
11
1.6354413385826772
21
1.2468575196850393
0
LINE
8
BLACK
6
CONTINUOUS
10
1.6354413385826772
20
1.2468575196850393
11
1.6326500787401574
21
1.2468575196850393
0
LINE
8
BLACK
6
CONTINUOUS
10
1.6326500787401574
20
1.2468575196850393
11
1.6281416929133858
21
1.2453547244094487
0
LINE
8
BLACK
6
CONTINUOUS
10
1.6281416929133858
20
1.2453547244094487
11
1.6267598031496062
21
1.2439728346456693
0
LINE
8
BLACK
6
CONTINUOUS
10
1.6267598031496062
20
1.2439728346456693
11
1.6263123622047244
21
1.2436056299212599
0
LINE
8
BLACK
6
CONTINUOUS
10
1.6263123622047244
20
1.2436056299212599
11
1.6252479133858266
21
1.2431647244094488
0
LINE
8
BLACK
6
CONTINUOUS
10
1.6252479133858266
20
1.2431647244094488
11
1.6240958661417322
21
1.2431647244094488
0
LINE
8
BLACK
6
CONTINUOUS
10
1.6240958661417322
20
1.2431647244094488
11
1.6230314173228346
21
1.2436056299212599
0
LINE
8
BLACK
6
CONTINUOUS
10
1.6230314173228346
20
1.2436056299212599
11
1.6222167716535432
21
1.2444202755905511
0
LINE
8
BLACK
6
CONTINUOUS
10
1.6222167716535432
20
1.2444202755905511
11
1.6217758661417323
21
1.2454847244094487
0
LINE
8
BLACK
6
CONTINUOUS
10
1.6217758661417323
20
1.2454847244094487
11
1.6217758661417323
21
1.2466367716535434
0
LINE
8
BLACK
6
CONTINUOUS
10
1.6217758661417323
20
1.2466367716535434
11
1.6222167716535432
21
1.2477012204724409
0
LINE
8
BLACK
6
CONTINUOUS
10
1.6222167716535432
20
1.2477012204724409
11
1.6225839763779528
21
1.2481486614173227
0
LINE
8
BLACK
6
CONTINUOUS
10
1.6225839763779528
20
1.2481486614173227
11
1.6244587401574804
21
1.2500234251968503
0
LINE
8
BLACK
6
CONTINUOUS
10
1.6244587401574804
20
1.2500234251968503
11
1.6249061811023622
21
1.2503906299212597
0
LINE
8
BLACK
6
CONTINUOUS
10
1.6249061811023622
20
1.2503906299212597
11
1.6250041338582677
21
1.2504312204724408
0
LINE
8
BLACK
6
CONTINUOUS
10
1.6250041338582677
20
1.2504312204724408
11
1.6250843307086613
21
1.250500748031496
0
LINE
8
BLACK
6
CONTINUOUS
10
1.6250843307086613
20
1.250500748031496
11
1.6256129133858268
21
1.2507367322834646
0
LINE
8
BLACK
6
CONTINUOUS
10
1.6256129133858268
20
1.2507367322834646
11
1.6312371653543307
21
1.2526114960629922
0
LINE
8
BLACK
6
CONTINUOUS
10
1.6312371653543307
20
1.2526114960629922
11
1.6315227952755904
21
1.2526764566929134
0
LINE
8
BLACK
6
CONTINUOUS
10
1.6315227952755904
20
1.2526764566929134
11
1.6315948818897636
21
1.2527062992125984
0
LINE
8
BLACK
6
CONTINUOUS
10
1.6315948818897636
20
1.2527062992125984
11
1.6316993307086614
21
1.2527166141732282
0
LINE
8
BLACK
6
CONTINUOUS
10
1.6316993307086614
20
1.2527166141732282
11
1.6318016141732283
21
1.252739842519685
0
LINE
8
BLACK
6
CONTINUOUS
10
1.6318016141732283
20
1.252739842519685
11
1.6318793307086614
21
1.2527343307086614
0
LINE
8
BLACK
6
CONTINUOUS
10
1.6318793307086614
20
1.2527343307086614
11
1.6321709448818897
21
1.2527630314960629
0
LINE
8
BLACK
6
CONTINUOUS
10
1.6321709448818897
20
1.2527630314960629
11
1.6359204724409449
21
1.2527630314960629
0
LINE
8
BLACK
6
CONTINUOUS
10
1.6359204724409449
20
1.2527630314960629
11
1.6362120078740157
21
1.2527343307086614
0
LINE
8
BLACK
6
CONTINUOUS
10
1.601079842519685
20
1.2545329133858267
11
1.6021102755905512
21
1.2540177165354331
0
LINE
8
BLACK
6
CONTINUOUS
10
1.6021102755905512
20
1.2540177165354331
11
1.602865157480315
21
1.2531473622047244
0
LINE
8
BLACK
6
CONTINUOUS
10
1.602865157480315
20
1.2531473622047244
11
1.6031011417322834
21
1.252618779527559
0
LINE
8
BLACK
6
CONTINUOUS
10
1.6031011417322834
20
1.252618779527559
11
1.6124749606299211
21
1.2244973622047244
0
LINE
8
BLACK
6
CONTINUOUS
10
1.6124749606299211
20
1.2244973622047244
11
1.6125398818897638
21
1.2242117322834645
0
LINE
8
BLACK
6
CONTINUOUS
10
1.6125398818897638
20
1.2242117322834645
11
1.6125697637795275
21
1.2241396456692912
0
LINE
8
BLACK
6
CONTINUOUS
10
1.6125697637795275
20
1.2241396456692912
11
1.6125697637795275
21
1.2240804330708661
0
LINE
8
BLACK
6
CONTINUOUS
10
1.6125697637795275
20
1.2240804330708661
11
1.6126033070866141
21
1.2239329133858268
0
LINE
8
BLACK
6
CONTINUOUS
10
1.6126033070866141
20
1.2239329133858268
11
1.6125697637795275
21
1.2234610629921259
0
LINE
8
BLACK
6
CONTINUOUS
10
1.6125697637795275
20
1.2234610629921259
11
1.6125697637795275
21
1.2229875196850393
0
LINE
8
BLACK
6
CONTINUOUS
10
1.6125697637795275
20
1.2229875196850393
11
1.6125290944881889
21
1.2228894488188977
0
LINE
8
BLACK
6
CONTINUOUS
10
1.6125290944881889
20
1.2228894488188977
11
1.6125216141732284
21
1.2227837007874016
0
LINE
8
BLACK
6
CONTINUOUS
10
1.6125216141732284
20
1.2227837007874016
11
1.6123100393700787
21
1.2223605905511812
0
LINE
8
BLACK
6
CONTINUOUS
10
1.6123100393700787
20
1.2223605905511812
11
1.6121288582677165
21
1.2219231102362205
0
LINE
8
BLACK
6
CONTINUOUS
10
1.6121288582677165
20
1.2219231102362205
11
1.6120538188976377
21
1.2218481102362204
0
LINE
8
BLACK
6
CONTINUOUS
10
1.6120538188976377
20
1.2218481102362204
11
1.6120064173228346
21
1.2217532283464567
0
LINE
8
BLACK
6
CONTINUOUS
10
1.6120064173228346
20
1.2217532283464567
11
1.6116489370078739
21
1.2214432283464567
0
LINE
8
BLACK
6
CONTINUOUS
10
1.6116489370078739
20
1.2214432283464567
11
1.6113142125984252
21
1.221108464566929
0
LINE
8
BLACK
6
CONTINUOUS
10
1.6113142125984252
20
1.221108464566929
11
1.6112161417322834
21
1.2210678740157479
0
LINE
8
BLACK
6
CONTINUOUS
10
1.6112161417322834
20
1.2210678740157479
11
1.6111360236220471
21
1.2209983464566929
0
LINE
8
BLACK
6
CONTINUOUS
10
1.6111360236220471
20
1.2209983464566929
11
1.6106871653543307
21
1.2208487401574803
0
LINE
8
BLACK
6
CONTINUOUS
10
1.6106871653543307
20
1.2208487401574803
11
1.6102498031496062
21
1.2206675590551181
0
LINE
8
BLACK
6
CONTINUOUS
10
1.6102498031496062
20
1.2206675590551181
11
1.6100991338582678
21
1.2206527559055118
0
LINE
8
BLACK
6
CONTINUOUS
10
1.6100991338582678
20
1.2206527559055118
11
1.610043031496063
21
1.2206340157480315
0
LINE
8
BLACK
6
CONTINUOUS
10
1.610043031496063
20
1.2206340157480315
11
1.6099652755905511
21
1.2206395669291339
0
LINE
8
BLACK
6
CONTINUOUS
10
1.6099652755905511
20
1.2206395669291339
11
1.6096737401574803
21
1.2206108267716536
0
LINE
8
BLACK
6
CONTINUOUS
10
1.6096737401574803
20
1.2206108267716536
11
1.5938788582677166
21
1.2206108267716536
0
LINE
8
BLACK
6
CONTINUOUS
10
1.5938788582677166
20
1.2206108267716536
11
1.5938788582677166
21
1.2104401968503937
0
LINE
8
BLACK
6
CONTINUOUS
10
1.5938788582677166
20
1.2104401968503937
11
1.593822125984252
21
1.2098641338582676
0
LINE
8
BLACK
6
CONTINUOUS
10
1.593822125984252
20
1.2098641338582676
11
1.5933812204724409
21
1.2087997244094488
0
LINE
8
BLACK
6
CONTINUOUS
10
1.5933812204724409
20
1.2087997244094488
11
1.5925665748031497
21
1.2079850787401574
0
LINE
8
BLACK
6
CONTINUOUS
10
1.5925665748031497
20
1.2079850787401574
11
1.5915021653543306
21
1.2075441732283465
0
LINE
8
BLACK
6
CONTINUOUS
10
1.5915021653543306
20
1.2075441732283465
11
1.5903500393700787
21
1.2075441732283465
0
LINE
8
BLACK
6
CONTINUOUS
10
1.5903500393700787
20
1.2075441732283465
11
1.5892856299212599
21
1.2079850787401574
0
LINE
8
BLACK
6
CONTINUOUS
10
1.5892856299212599
20
1.2079850787401574
11
1.5884709842519684
21
1.2087997244094488
0
LINE
8
BLACK
6
CONTINUOUS
10
1.5884709842519684
20
1.2087997244094488
11
1.5880300787401573
21
1.2098641338582676
0
LINE
8
BLACK
6
CONTINUOUS
10
1.5880300787401573
20
1.2098641338582676
11
1.587973346456693
21
1.2104401968503937
0
LINE
8
BLACK
6
CONTINUOUS
10
1.587973346456693
20
1.2104401968503937
11
1.587973346456693
21
1.2206108267716536
0
LINE
8
BLACK
6
CONTINUOUS
10
1.587973346456693
20
1.2206108267716536
11
1.5853018110236221
21
1.2206108267716536
0
LINE
8
BLACK
6
CONTINUOUS
10
1.5853018110236221
20
1.2206108267716536
11
1.584725748031496
21
1.2206675590551181
0
LINE
8
BLACK
6
CONTINUOUS
10
1.584725748031496
20
1.2206675590551181
11
1.5836613385826772
21
1.221108464566929
0
LINE
8
BLACK
6
CONTINUOUS
10
1.5836613385826772
20
1.221108464566929
11
1.5828466929133858
21
1.2219231102362205
0
LINE
8
BLACK
6
CONTINUOUS
10
1.5828466929133858
20
1.2219231102362205
11
1.5824057874015747
21
1.2229875196850393
0
LINE
8
BLACK
6
CONTINUOUS
10
1.5824057874015747
20
1.2229875196850393
11
1.5824057874015747
21
1.2241396456692912
0
LINE
8
BLACK
6
CONTINUOUS
10
1.5824057874015747
20
1.2241396456692912
11
1.5828466929133858
21
1.2252040551181103
0
LINE
8
BLACK
6
CONTINUOUS
10
1.5828466929133858
20
1.2252040551181103
11
1.5836613385826772
21
1.2260187007874015
0
LINE
8
BLACK
6
CONTINUOUS
10
1.5836613385826772
20
1.2260187007874015
11
1.584725748031496
21
1.2264596062992126
0
LINE
8
BLACK
6
CONTINUOUS
10
1.584725748031496
20
1.2264596062992126
11
1.5853018110236221
21
1.2265163385826772
0
LINE
8
BLACK
6
CONTINUOUS
10
1.5853018110236221
20
1.2265163385826772
11
1.587973346456693
21
1.2265163385826772
0
LINE
8
BLACK
6
CONTINUOUS
10
1.587973346456693
20
1.2265163385826772
11
1.587973346456693
21
1.2366869291338582
0
LINE
8
BLACK
6
CONTINUOUS
10
1.587973346456693
20
1.2366869291338582
11
1.5880300787401573
21
1.2372629921259841
0
LINE
8
BLACK
6
CONTINUOUS
10
1.5880300787401573
20
1.2372629921259841
11
1.5884709842519684
21
1.2383274015748031
0
LINE
8
BLACK
6
CONTINUOUS
10
1.5884709842519684
20
1.2383274015748031
11
1.5892856299212599
21
1.2391420472440944
0
LINE
8
BLACK
6
CONTINUOUS
10
1.5892856299212599
20
1.2391420472440944
11
1.5903500393700787
21
1.2395829527559055
0
LINE
8
BLACK
6
CONTINUOUS
10
1.5903500393700787
20
1.2395829527559055
11
1.5915021653543306
21
1.2395829527559055
0
LINE
8
BLACK
6
CONTINUOUS
10
1.5915021653543306
20
1.2395829527559055
11
1.5925665748031497
21
1.2391420472440944
0
LINE
8
BLACK
6
CONTINUOUS
10
1.5925665748031497
20
1.2391420472440944
11
1.5933812204724409
21
1.2383274015748031
0
LINE
8
BLACK
6
CONTINUOUS
10
1.5933812204724409
20
1.2383274015748031
11
1.593822125984252
21
1.2372629921259841
0
LINE
8
BLACK
6
CONTINUOUS
10
1.593822125984252
20
1.2372629921259841
11
1.5938788582677166
21
1.2366869291338582
0
LINE
8
BLACK
6
CONTINUOUS
10
1.5938788582677166
20
1.2366869291338582
11
1.5938788582677166
21
1.2265163385826772
0
LINE
8
BLACK
6
CONTINUOUS
10
1.5938788582677166
20
1.2265163385826772
11
1.6055770078740157
21
1.2265163385826772
0
LINE
8
BLACK
6
CONTINUOUS
10
1.6055770078740157
20
1.2265163385826772
11
1.5974987007874015
21
1.2507512992125984
0
LINE
8
BLACK
6
CONTINUOUS
10
1.5974987007874015
20
1.2507512992125984
11
1.5973703543307087
21
1.251315748031496
0
LINE
8
BLACK
6
CONTINUOUS
10
1.5973703543307087
20
1.251315748031496
11
1.5974520472440945
21
1.2524649606299212
0
LINE
8
BLACK
6
CONTINUOUS
10
1.5974520472440945
20
1.2524649606299212
11
1.5979672440944881
21
1.2534953937007873
0
LINE
8
BLACK
6
CONTINUOUS
10
1.5979672440944881
20
1.2534953937007873
11
1.5988375984251968
21
1.2542502755905511
0
LINE
8
BLACK
6
CONTINUOUS
10
1.5988375984251968
20
1.2542502755905511
11
1.5999306299212599
21
1.2546146062992125
0
LINE
8
BLACK
6
CONTINUOUS
10
1.5999306299212599
20
1.2546146062992125
11
1.601079842519685
21
1.2545329133858267
0
LINE
8
BLACK
6
CONTINUOUS
10
1.4682482677165354
20
1.253529527559055
11
1.4683202755905511
21
1.2535366929133858
0
LINE
8
BLACK
6
CONTINUOUS
10
1.4683202755905511
20
1.2535366929133858
11
1.4683905905511812
21
1.2535155118110235
0
LINE
8
BLACK
6
CONTINUOUS
10
1.4683905905511812
20
1.2535155118110235
11
1.4686112992125984
21
1.2534937401574804
0
LINE
8
BLACK
6
CONTINUOUS
10
1.4686112992125984
20
1.2534937401574804
11
1.4690099606299212
21
1.2533286220472442
0
LINE
8
BLACK
6
CONTINUOUS
10
1.4690099606299212
20
1.2533286220472442
11
1.4694232677165353
21
1.2532038976377953
0
LINE
8
BLACK
6
CONTINUOUS
10
1.4694232677165353
20
1.2532038976377953
11
1.4695383464566929
21
1.2531097637795274
0
LINE
8
BLACK
6
CONTINUOUS
10
1.4695383464566929
20
1.2531097637795274
11
1.4696757086614174
21
1.2530528346456693
0
LINE
8
BLACK
6
CONTINUOUS
10
1.4696757086614174
20
1.2530528346456693
11
1.4699809448818897
21
1.2527475984251968
0
LINE
8
BLACK
6
CONTINUOUS
10
1.4699809448818897
20
1.2527475984251968
11
1.4703149212598425
21
1.2524743307086614
0
LINE
8
BLACK
6
CONTINUOUS
10
1.4703149212598425
20
1.2524743307086614
11
1.4703851574803148
21
1.2523433858267716
0
LINE
8
BLACK
6
CONTINUOUS
10
1.4703851574803148
20
1.2523433858267716
11
1.4704903543307086
21
1.2522381889763778
0
LINE
8
BLACK
6
CONTINUOUS
10
1.4704903543307086
20
1.2522381889763778
11
1.4706555118110236
21
1.2518394094488188
0
LINE
8
BLACK
6
CONTINUOUS
10
1.4706555118110236
20
1.2518394094488188
11
1.4708595669291338
21
1.2514590944881889
0
LINE
8
BLACK
6
CONTINUOUS
10
1.4708595669291338
20
1.2514590944881889
11
1.4709031496062992
21
1.2512416141732283
0
LINE
8
BLACK
6
CONTINUOUS
10
1.4709031496062992
20
1.2512416141732283
11
1.4709312598425197
21
1.251173779527559
0
LINE
8
BLACK
6
CONTINUOUS
10
1.4709312598425197
20
1.251173779527559
11
1.4709312598425197
21
1.251101496062992
0
LINE
8
BLACK
6
CONTINUOUS
10
1.4709312598425197
20
1.251101496062992
11
1.470973346456693
21
1.2508915354330707
0
LINE
8
BLACK
6
CONTINUOUS
10
1.470973346456693
20
1.2508915354330707
11
1.4728481102362205
21
1.2321438976377952
0
LINE
8
BLACK
6
CONTINUOUS
10
1.4728481102362205
20
1.2321438976377952
11
1.4728489763779526
21
1.2315650393700788
0
LINE
8
BLACK
6
CONTINUOUS
10
1.4728489763779526
20
1.2315650393700788
11
1.4728060236220473
21
1.231422716535433
0
LINE
8
BLACK
6
CONTINUOUS
10
1.4728060236220473
20
1.231422716535433
11
1.4728060236220473
21
1.2312740551181103
0
LINE
8
BLACK
6
CONTINUOUS
10
1.4728060236220473
20
1.2312740551181103
11
1.472640905511811
21
1.2308754724409448
0
LINE
8
BLACK
6
CONTINUOUS
10
1.472640905511811
20
1.2308754724409448
11
1.4725161811023622
21
1.2304620472440944
0
LINE
8
BLACK
6
CONTINUOUS
10
1.4725161811023622
20
1.2304620472440944
11
1.472421968503937
21
1.2303469291338582
0
LINE
8
BLACK
6
CONTINUOUS
10
1.472421968503937
20
1.2303469291338582
11
1.4723651181102362
21
1.2302096456692913
0
LINE
8
BLACK
6
CONTINUOUS
10
1.4723651181102362
20
1.2302096456692913
11
1.4720600393700787
21
1.2299046062992125
0
LINE
8
BLACK
6
CONTINUOUS
10
1.4720600393700787
20
1.2299046062992125
11
1.4717866141732283
21
1.2295703937007874
0
LINE
8
BLACK
6
CONTINUOUS
10
1.4717866141732283
20
1.2295703937007874
11
1.4716555511811023
21
1.2295001181102363
0
LINE
8
BLACK
6
CONTINUOUS
10
1.4716555511811023
20
1.2295001181102363
11
1.4715504330708662
21
1.2293949606299213
0
LINE
8
BLACK
6
CONTINUOUS
10
1.4715504330708662
20
1.2293949606299213
11
1.4711518110236219
21
1.2292298818897638
0
LINE
8
BLACK
6
CONTINUOUS
10
1.4711518110236219
20
1.2292298818897638
11
1.4707713779527558
21
1.2290257480314961
0
LINE
8
BLACK
6
CONTINUOUS
10
1.4707713779527558
20
1.2290257480314961
11
1.4706233464566929
21
1.2290109842519685
0
LINE
8
BLACK
6
CONTINUOUS
10
1.4706233464566929
20
1.2290109842519685
11
1.4704860236220472
21
1.2289540551181102
0
LINE
8
BLACK
6
CONTINUOUS
10
1.4704860236220472
20
1.2289540551181102
11
1.4700544881889763
21
1.2289540551181102
0
LINE
8
BLACK
6
CONTINUOUS
10
1.4700544881889763
20
1.2289540551181102
11
1.4696249606299212
21
1.2289111023622048
0
LINE
8
BLACK
6
CONTINUOUS
10
1.4696249606299212
20
1.2289111023622048
11
1.4694825984251969
21
1.2289540551181102
0
LINE
8
BLACK
6
CONTINUOUS
10
1.4694825984251969
20
1.2289540551181102
11
1.469333937007874
21
1.2289540551181102
0
LINE
8
BLACK
6
CONTINUOUS
10
1.469333937007874
20
1.2289540551181102
11
1.4689352362204724
21
1.2291192125984252
0
LINE
8
BLACK
6
CONTINUOUS
10
1.4689352362204724
20
1.2291192125984252
11
1.468521968503937
21
1.2292438976377953
0
LINE
8
BLACK
6
CONTINUOUS
10
1.468521968503937
20
1.2292438976377953
11
1.4684068503937007
21
1.2293380708661417
0
LINE
8
BLACK
6
CONTINUOUS
10
1.4684068503937007
20
1.2293380708661417
11
1.4682695275590552
21
1.2293949606299213
0
LINE
8
BLACK
6
CONTINUOUS
10
1.4682695275590552
20
1.2293949606299213
11
1.4678220866141731
21
1.2297621653543307
0
LINE
8
BLACK
6
CONTINUOUS
10
1.4678220866141731
20
1.2297621653543307
11
1.4662861417322834
21
1.2312981102362204
0
LINE
8
BLACK
6
CONTINUOUS
10
1.4662861417322834
20
1.2312981102362204
11
1.4635886614173228
21
1.2326468503937007
0
LINE
8
BLACK
6
CONTINUOUS
10
1.4635886614173228
20
1.2326468503937007
11
1.455608937007874
21
1.2326468503937007
0
LINE
8
BLACK
6
CONTINUOUS
10
1.455608937007874
20
1.2326468503937007
11
1.4529114566929133
21
1.2312981102362204
0
LINE
8
BLACK
6
CONTINUOUS
10
1.4529114566929133
20
1.2312981102362204
11
1.4517143307086613
21
1.2301009842519686
0
LINE
8
BLACK
6
CONTINUOUS
10
1.4517143307086613
20
1.2301009842519686
11
1.450365590551181
21
1.2274035039370079
0
LINE
8
BLACK
6
CONTINUOUS
10
1.450365590551181
20
1.2274035039370079
11
1.450365590551181
21
1.2194237795275591
0
LINE
8
BLACK
6
CONTINUOUS
10
1.450365590551181
20
1.2194237795275591
11
1.4517143307086613
21
1.2167262992125984
0
LINE
8
BLACK
6
CONTINUOUS
10
1.4517143307086613
20
1.2167262992125984
11
1.4529114566929133
21
1.2155291338582677
0
LINE
8
BLACK
6
CONTINUOUS
10
1.4529114566929133
20
1.2155291338582677
11
1.455608937007874
21
1.2141803937007873
0
LINE
8
BLACK
6
CONTINUOUS
10
1.455608937007874
20
1.2141803937007873
11
1.4635886614173228
21
1.2141803937007873
0
LINE
8
BLACK
6
CONTINUOUS
10
1.4635886614173228
20
1.2141803937007873
11
1.4662861023622047
21
1.2155291338582677
0
LINE
8
BLACK
6
CONTINUOUS
10
1.4662861023622047
20
1.2155291338582677
11
1.4678220472440944
21
1.2170650787401573
0
LINE
8
BLACK
6
CONTINUOUS
10
1.4678220472440944
20
1.2170650787401573
11
1.4682695275590552
21
1.2174323228346458
0
LINE
8
BLACK
6
CONTINUOUS
10
1.4682695275590552
20
1.2174323228346458
11
1.469333937007874
21
1.2178732283464566
0
LINE
8
BLACK
6
CONTINUOUS
10
1.469333937007874
20
1.2178732283464566
11
1.4704860236220472
21
1.2178732283464566
0
LINE
8
BLACK
6
CONTINUOUS
10
1.4704860236220472
20
1.2178732283464566
11
1.4715504330708662
21
1.2174323622047243
0
LINE
8
BLACK
6
CONTINUOUS
10
1.4715504330708662
20
1.2174323622047243
11
1.4723651181102362
21
1.2166176771653543
0
LINE
8
BLACK
6
CONTINUOUS
10
1.4723651181102362
20
1.2166176771653543
11
1.4728060236220473
21
1.2155532677165355
0
LINE
8
BLACK
6
CONTINUOUS
10
1.4728060236220473
20
1.2155532677165355
11
1.4728060236220473
21
1.2144011811023623
0
LINE
8
BLACK
6
CONTINUOUS
10
1.4728060236220473
20
1.2144011811023623
11
1.4723651574803149
21
1.2133367716535433
0
LINE
8
BLACK
6
CONTINUOUS
10
1.4723651574803149
20
1.2133367716535433
11
1.4719979133858268
21
1.2128892913385827
0
LINE
8
BLACK
6
CONTINUOUS
10
1.4719979133858268
20
1.2128892913385827
11
1.4701231889763779
21
1.2110145275590551
0
LINE
8
BLACK
6
CONTINUOUS
10
1.4701231889763779
20
1.2110145275590551
11
1.4698968110236219
21
1.210828779527559
0
LINE
8
BLACK
6
CONTINUOUS
10
1.4698968110236219
20
1.210828779527559
11
1.4698456299212599
21
1.2107697244094489
0
LINE
8
BLACK
6
CONTINUOUS
10
1.4698456299212599
20
1.2107697244094489
11
1.4697566535433071
21
1.2107137401574803
0
LINE
8
BLACK
6
CONTINUOUS
10
1.4697566535433071
20
1.2107137401574803
11
1.4696757086614174
21
1.210647283464567
0
LINE
8
BLACK
6
CONTINUOUS
10
1.4696757086614174
20
1.210647283464567
11
1.4696037401574802
21
1.2106174803149605
0
LINE
8
BLACK
6
CONTINUOUS
10
1.4696037401574802
20
1.2106174803149605
11
1.469355748031496
21
1.2104613779527558
0
LINE
8
BLACK
6
CONTINUOUS
10
1.469355748031496
20
1.2104613779527558
11
1.4656062204724409
21
1.2085866141732282
0
LINE
8
BLACK
6
CONTINUOUS
10
1.4656062204724409
20
1.2085866141732282
11
1.4650655905511811
21
1.2083797244094487
0
LINE
8
BLACK
6
CONTINUOUS
10
1.4650655905511811
20
1.2083797244094487
11
1.4649597637795275
21
1.2083722440944882
0
LINE
8
BLACK
6
CONTINUOUS
10
1.4649597637795275
20
1.2083722440944882
11
1.4648617716535433
21
1.2083316141732283
0
LINE
8
BLACK
6
CONTINUOUS
10
1.4648617716535433
20
1.2083316141732283
11
1.4642857086614174
21
1.2082748818897637
0
LINE
8
BLACK
6
CONTINUOUS
10
1.4642857086614174
20
1.2082748818897637
11
1.4549118897637794
21
1.2082748818897637
0
LINE
8
BLACK
6
CONTINUOUS
10
1.4549118897637794
20
1.2082748818897637
11
1.4543358267716535
21
1.2083316141732283
0
LINE
8
BLACK
6
CONTINUOUS
10
1.4543358267716535
20
1.2083316141732283
11
1.4542378346456692
21
1.2083722047244094
0
LINE
8
BLACK
6
CONTINUOUS
10
1.4542378346456692
20
1.2083722047244094
11
1.4541319685039369
21
1.2083797244094487
0
LINE
8
BLACK
6
CONTINUOUS
10
1.4541319685039369
20
1.2083797244094487
11
1.4535913779527558
21
1.2085866141732282
0
LINE
8
BLACK
6
CONTINUOUS
10
1.4535913779527558
20
1.2085866141732282
11
1.4498418503937007
21
1.2104613779527558
0
LINE
8
BLACK
6
CONTINUOUS
10
1.4498418503937007
20
1.2104613779527558
11
1.4495938188976378
21
1.2106174803149605
0
LINE
8
BLACK
6
CONTINUOUS
10
1.4495938188976378
20
1.2106174803149605
11
1.4495218897637796
21
1.210647283464567
0
LINE
8
BLACK
6
CONTINUOUS
10
1.4495218897637796
20
1.210647283464567
11
1.4494409055118109
21
1.2107137401574803
0
LINE
8
BLACK
6
CONTINUOUS
10
1.4494409055118109
20
1.2107137401574803
11
1.4493519685039369
21
1.2107697244094489
0
LINE
8
BLACK
6
CONTINUOUS
10
1.4493519685039369
20
1.2107697244094489
11
1.4493007480314961
21
1.210828779527559
0
LINE
8
BLACK
6
CONTINUOUS
10
1.4493007480314961
20
1.210828779527559
11
1.4490744094488188
21
1.2110145275590551
0
LINE
8
BLACK
6
CONTINUOUS
10
1.4490744094488188
20
1.2110145275590551
11
1.4471996456692913
21
1.2128893307086615
0
LINE
8
BLACK
6
CONTINUOUS
10
1.4471996456692913
20
1.2128893307086615
11
1.4470138976377953
21
1.2131156692913385
0
LINE
8
BLACK
6
CONTINUOUS
10
1.4470138976377953
20
1.2131156692913385
11
1.4469549212598425
21
1.213166811023622
0
LINE
8
BLACK
6
CONTINUOUS
10
1.4469549212598425
20
1.213166811023622
11
1.446898937007874
21
1.2132557480314961
0
LINE
8
BLACK
6
CONTINUOUS
10
1.446898937007874
20
1.2132557480314961
11
1.4468324409448818
21
1.2133367716535433
0
LINE
8
BLACK
6
CONTINUOUS
10
1.4468324409448818
20
1.2133367716535433
11
1.4468025984251969
21
1.2134088188976377
0
LINE
8
BLACK
6
CONTINUOUS
10
1.4468025984251969
20
1.2134088188976377
11
1.4466465748031496
21
1.2136566929133858
0
LINE
8
BLACK
6
CONTINUOUS
10
1.4466465748031496
20
1.2136566929133858
11
1.4447718110236221
21
1.217406220472441
0
LINE
8
BLACK
6
CONTINUOUS
10
1.4447718110236221
20
1.217406220472441
11
1.4445649212598426
21
1.2179468503937008
0
LINE
8
BLACK
6
CONTINUOUS
10
1.4445649212598426
20
1.2179468503937008
11
1.4445574015748031
21
1.2180526771653544
0
LINE
8
BLACK
6
CONTINUOUS
10
1.4445574015748031
20
1.2180526771653544
11
1.4445168110236219
21
1.2181506692913386
0
LINE
8
BLACK
6
CONTINUOUS
10
1.4445168110236219
20
1.2181506692913386
11
1.4444600787401574
21
1.2187267322834645
0
LINE
8
BLACK
6
CONTINUOUS
10
1.4444600787401574
20
1.2187267322834645
11
1.4444600787401574
21
1.2281005511811023
0
LINE
8
BLACK
6
CONTINUOUS
10
1.4444600787401574
20
1.2281005511811023
11
1.4445168110236219
21
1.2286766141732284
0
LINE
8
BLACK
6
CONTINUOUS
10
1.4445168110236219
20
1.2286766141732284
11
1.4445574015748031
21
1.2287746456692914
0
LINE
8
BLACK
6
CONTINUOUS
10
1.4445574015748031
20
1.2287746456692914
11
1.4445649212598426
21
1.228880433070866
0
LINE
8
BLACK
6
CONTINUOUS
10
1.4445649212598426
20
1.228880433070866
11
1.4447718110236221
21
1.2294210629921261
0
LINE
8
BLACK
6
CONTINUOUS
10
1.4447718110236221
20
1.2294210629921261
11
1.4466465748031496
21
1.2331705905511812
0
LINE
8
BLACK
6
CONTINUOUS
10
1.4466465748031496
20
1.2331705905511812
11
1.4468026377952756
21
1.2334186220472441
0
LINE
8
BLACK
6
CONTINUOUS
10
1.4468026377952756
20
1.2334186220472441
11
1.4468324803149606
21
1.2334905511811023
0
LINE
8
BLACK
6
CONTINUOUS
10
1.4468324803149606
20
1.2334905511811023
11
1.446898937007874
21
1.2335715354330707
0
LINE
8
BLACK
6
CONTINUOUS
10
1.446898937007874
20
1.2335715354330707
11
1.4469549212598425
21
1.2336604724409448
0
LINE
8
BLACK
6
CONTINUOUS
10
1.4469549212598425
20
1.2336604724409448
11
1.4470138976377953
21
1.233711653543307
0
LINE
8
BLACK
6
CONTINUOUS
10
1.4470138976377953
20
1.233711653543307
11
1.44719968503937
21
1.2339379921259843
0
LINE
8
BLACK
6
CONTINUOUS
10
1.44719968503937
20
1.2339379921259843
11
1.4490744488188976
21
1.2358127559055119
0
LINE
8
BLACK
6
CONTINUOUS
10
1.4490744488188976
20
1.2358127559055119
11
1.4493007874015749
21
1.2359985433070866
0
LINE
8
BLACK
6
CONTINUOUS
10
1.4493007874015749
20
1.2359985433070866
11
1.4493519685039369
21
1.2360575196850394
0
LINE
8
BLACK
6
CONTINUOUS
10
1.4493519685039369
20
1.2360575196850394
11
1.4494409055118109
21
1.2361135039370079
0
LINE
8
BLACK
6
CONTINUOUS
10
1.4494409055118109
20
1.2361135039370079
11
1.4495218897637796
21
1.2361799606299213
0
LINE
8
BLACK
6
CONTINUOUS
10
1.4495218897637796
20
1.2361799606299213
11
1.4495938188976378
21
1.2362098031496063
0
LINE
8
BLACK
6
CONTINUOUS
10
1.4495938188976378
20
1.2362098031496063
11
1.4498418503937007
21
1.2363658661417323
0
LINE
8
BLACK
6
CONTINUOUS
10
1.4498418503937007
20
1.2363658661417323
11
1.4535913779527558
21
1.2382406299212598
0
LINE
8
BLACK
6
CONTINUOUS
10
1.4535913779527558
20
1.2382406299212598
11
1.4541319685039369
21
1.2384475196850393
0
LINE
8
BLACK
6
CONTINUOUS
10
1.4541319685039369
20
1.2384475196850393
11
1.4542378346456692
21
1.2384550787401574
0
LINE
8
BLACK
6
CONTINUOUS
10
1.4542378346456692
20
1.2384550787401574
11
1.4543358267716535
21
1.2384956299212597
0
LINE
8
BLACK
6
CONTINUOUS
10
1.4543358267716535
20
1.2384956299212597
11
1.4549118897637794
21
1.2385523622047243
0
LINE
8
BLACK
6
CONTINUOUS
10
1.4549118897637794
20
1.2385523622047243
11
1.4642857086614174
21
1.2385523622047243
0
LINE
8
BLACK
6
CONTINUOUS
10
1.4642857086614174
20
1.2385523622047243
11
1.4648617716535433
21
1.2384956299212597
0
LINE
8
BLACK
6
CONTINUOUS
10
1.4648617716535433
20
1.2384956299212597
11
1.4649597637795275
21
1.2384550393700786
0
LINE
8
BLACK
6
CONTINUOUS
10
1.4649597637795275
20
1.2384550393700786
11
1.4650655905511811
21
1.2384475196850393
0
LINE
8
BLACK
6
CONTINUOUS
10
1.4650655905511811
20
1.2384475196850393
11
1.4656062204724409
21
1.2382406299212598
0
LINE
8
BLACK
6
CONTINUOUS
10
1.4656062204724409
20
1.2382406299212598
11
1.4663401181102362
21
1.2378737007874014
0
LINE
8
BLACK
6
CONTINUOUS
10
1.4663401181102362
20
1.2378737007874014
11
1.4653630314960631
21
1.2476449606299211
0
LINE
8
BLACK
6
CONTINUOUS
10
1.4653630314960631
20
1.2476449606299211
11
1.4492875984251967
21
1.2476449606299211
0
LINE
8
BLACK
6
CONTINUOUS
10
1.4492875984251967
20
1.2476449606299211
11
1.4487115354330709
21
1.2477016929133857
0
LINE
8
BLACK
6
CONTINUOUS
10
1.4487115354330709
20
1.2477016929133857
11
1.4476471259842518
21
1.2481425984251968
0
LINE
8
BLACK
6
CONTINUOUS
10
1.4476471259842518
20
1.2481425984251968
11
1.4468324803149606
21
1.2489572440944881
0
LINE
8
BLACK
6
CONTINUOUS
10
1.4468324803149606
20
1.2489572440944881
11
1.4463915748031495
21
1.2500216535433071
0
LINE
8
BLACK
6
CONTINUOUS
10
1.4463915748031495
20
1.2500216535433071
11
1.4463915748031495
21
1.251173779527559
0
LINE
8
BLACK
6
CONTINUOUS
10
1.4463915748031495
20
1.251173779527559
11
1.4468324803149606
21
1.2522381889763778
0
LINE
8
BLACK
6
CONTINUOUS
10
1.4468324803149606
20
1.2522381889763778
11
1.4476471259842518
21
1.2530528346456693
0
LINE
8
BLACK
6
CONTINUOUS
10
1.4476471259842518
20
1.2530528346456693
11
1.4487115354330709
21
1.2534937401574804
0
LINE
8
BLACK
6
CONTINUOUS
10
1.4487115354330709
20
1.2534937401574804
11
1.4492875984251967
21
1.2535504724409448
0
LINE
8
BLACK
6
CONTINUOUS
10
1.4492875984251967
20
1.2535504724409448
11
1.4680352362204725
21
1.2535504724409448
0
LINE
8
BLACK
6
CONTINUOUS
10
1.4680352362204725
20
1.2535504724409448
11
1.4682482677165354
21
1.253529527559055
0
LINE
8
BLACK
6
CONTINUOUS
10
1.4964482677165354
20
1.2535217716535432
11
1.4965260236220472
21
1.253527283464567
0
LINE
8
BLACK
6
CONTINUOUS
10
1.4965260236220472
20
1.253527283464567
11
1.4966282677165355
21
1.2535040551181102
0
LINE
8
BLACK
6
CONTINUOUS
10
1.4966282677165355
20
1.2535040551181102
11
1.4967327952755904
21
1.2534937401574804
0
LINE
8
BLACK
6
CONTINUOUS
10
1.4967327952755904
20
1.2534937401574804
11
1.4968048818897637
21
1.2534638976377952
0
LINE
8
BLACK
6
CONTINUOUS
10
1.4968048818897637
20
1.2534638976377952
11
1.4970904724409448
21
1.253398937007874
0
LINE
8
BLACK
6
CONTINUOUS
10
1.4970904724409448
20
1.253398937007874
11
1.5027147637795275
21
1.2515241732283464
0
LINE
8
BLACK
6
CONTINUOUS
10
1.5027147637795275
20
1.2515241732283464
11
1.5032433070866142
21
1.2512881889763778
0
LINE
8
BLACK
6
CONTINUOUS
10
1.5032433070866142
20
1.2512881889763778
11
1.5033234251968504
21
1.2512187007874016
0
LINE
8
BLACK
6
CONTINUOUS
10
1.5033234251968504
20
1.2512187007874016
11
1.5034214960629921
21
1.2511780708661417
0
LINE
8
BLACK
6
CONTINUOUS
10
1.5034214960629921
20
1.2511780708661417
11
1.5038689370078739
21
1.2508108661417323
0
LINE
8
BLACK
6
CONTINUOUS
10
1.5038689370078739
20
1.2508108661417323
11
1.5076184645669291
21
1.2470613385826772
0
LINE
8
BLACK
6
CONTINUOUS
10
1.5076184645669291
20
1.2470613385826772
11
1.5078042913385827
21
1.2468349606299212
0
LINE
8
BLACK
6
CONTINUOUS
10
1.5078042913385827
20
1.2468349606299212
11
1.5078632283464566
21
1.2467838188976377
0
LINE
8
BLACK
6
CONTINUOUS
10
1.5078632283464566
20
1.2467838188976377
11
1.5079190944881888
21
1.2466950787401574
0
LINE
8
BLACK
6
CONTINUOUS
10
1.5079190944881888
20
1.2466950787401574
11
1.5079857086614172
21
1.2466138976377952
0
LINE
8
BLACK
6
CONTINUOUS
10
1.5079857086614172
20
1.2466138976377952
11
1.5080155511811024
21
1.2465417716535432
0
LINE
8
BLACK
6
CONTINUOUS
10
1.5080155511811024
20
1.2465417716535432
11
1.5081715748031497
21
1.2462939370078741
0
LINE
8
BLACK
6
CONTINUOUS
10
1.5081715748031497
20
1.2462939370078741
11
1.5100463385826772
21
1.2425444094488189
0
LINE
8
BLACK
6
CONTINUOUS
10
1.5100463385826772
20
1.2425444094488189
11
1.510062440944882
21
1.2425023228346457
0
LINE
8
BLACK
6
CONTINUOUS
10
1.510062440944882
20
1.2425023228346457
11
1.5100751574803148
21
1.2424851574803149
0
LINE
8
BLACK
6
CONTINUOUS
10
1.5100751574803148
20
1.2424851574803149
11
1.5101614566929134
21
1.2422435826771654
0
LINE
8
BLACK
6
CONTINUOUS
10
1.5101614566929134
20
1.2422435826771654
11
1.5102532283464567
21
1.2420038188976377
0
LINE
8
BLACK
6
CONTINUOUS
10
1.5102532283464567
20
1.2420038188976377
11
1.5102547244094489
21
1.2419825590551181
0
LINE
8
BLACK
6
CONTINUOUS
10
1.5102547244094489
20
1.2419825590551181
11
1.5102699212598425
21
1.2419400393700788
0
LINE
8
BLACK
6
CONTINUOUS
10
1.5102699212598425
20
1.2419400393700788
11
1.5121446850393701
21
1.2344409842519686
0
LINE
8
BLACK
6
CONTINUOUS
10
1.5121446850393701
20
1.2344409842519686
11
1.5121594488188976
21
1.2343411417322834
0
LINE
8
BLACK
6
CONTINUOUS
10
1.5121594488188976
20
1.2343411417322834
11
1.5121761023622047
21
1.234300905511811
0
LINE
8
BLACK
6
CONTINUOUS
10
1.5121761023622047
20
1.234300905511811
11
1.512197440944882
21
1.2340838976377952
0
LINE
8
BLACK
6
CONTINUOUS
10
1.512197440944882
20
1.2340838976377952
11
1.5122293307086614
21
1.2338683858267716
0
LINE
8
BLACK
6
CONTINUOUS
10
1.5122293307086614
20
1.2338683858267716
11
1.5122229133858267
21
1.2338253937007875
0
LINE
8
BLACK
6
CONTINUOUS
10
1.5122229133858267
20
1.2338253937007875
11
1.5122328346456693
21
1.2337248425196849
0
LINE
8
BLACK
6
CONTINUOUS
10
1.5122328346456693
20
1.2337248425196849
11
1.5122328346456693
21
1.2281005511811023
0
LINE
8
BLACK
6
CONTINUOUS
10
1.5122328346456693
20
1.2281005511811023
11
1.5122229133858267
21
1.2280000393700787
0
LINE
8
BLACK
6
CONTINUOUS
10
1.5122229133858267
20
1.2280000393700787
11
1.5122293307086614
21
1.2279570078740156
0
LINE
8
BLACK
6
CONTINUOUS
10
1.5122293307086614
20
1.2279570078740156
11
1.512197440944882
21
1.2277415354330707
0
LINE
8
BLACK
6
CONTINUOUS
10
1.512197440944882
20
1.2277415354330707
11
1.5121761023622047
21
1.2275244881889764
0
LINE
8
BLACK
6
CONTINUOUS
10
1.5121761023622047
20
1.2275244881889764
11
1.5121594488188976
21
1.2274842913385826
0
LINE
8
BLACK
6
CONTINUOUS
10
1.5121594488188976
20
1.2274842913385826
11
1.5121446850393701
21
1.2273844094488189
0
LINE
8
BLACK
6
CONTINUOUS
10
1.5121446850393701
20
1.2273844094488189
11
1.5102699212598425
21
1.2198853543307087
0
LINE
8
BLACK
6
CONTINUOUS
10
1.5102699212598425
20
1.2198853543307087
11
1.5102547244094489
21
1.2198428740157481
0
LINE
8
BLACK
6
CONTINUOUS
10
1.5102547244094489
20
1.2198428740157481
11
1.5102532283464567
21
1.2198215748031496
0
LINE
8
BLACK
6
CONTINUOUS
10
1.5102532283464567
20
1.2198215748031496
11
1.5101614566929134
21
1.2195818503937008
0
LINE
8
BLACK
6
CONTINUOUS
10
1.5101614566929134
20
1.2195818503937008
11
1.5100751574803148
21
1.2193402362204724
0
LINE
8
BLACK
6
CONTINUOUS
10
1.5100751574803148
20
1.2193402362204724
11
1.510062440944882
21
1.2193231102362205
0
LINE
8
BLACK
6
CONTINUOUS
10
1.510062440944882
20
1.2193231102362205
11
1.5100463385826772
21
1.2192809842519685
0
LINE
8
BLACK
6
CONTINUOUS
10
1.5100463385826772
20
1.2192809842519685
11
1.5081715748031497
21
1.2155314566929134
0
LINE
8
BLACK
6
CONTINUOUS
10
1.5081715748031497
20
1.2155314566929134
11
1.5080155118110237
21
1.2152835826771653
0
LINE
8
BLACK
6
CONTINUOUS
10
1.5080155118110237
20
1.2152835826771653
11
1.5079857086614172
21
1.2152115354330708
0
LINE
8
BLACK
6
CONTINUOUS
10
1.5079857086614172
20
1.2152115354330708
11
1.5079191732283463
21
1.2151305118110236
0
LINE
8
BLACK
6
CONTINUOUS
10
1.5079191732283463
20
1.2151305118110236
11
1.5078632283464566
21
1.2150415748031496
0
LINE
8
BLACK
6
CONTINUOUS
10
1.5078632283464566
20
1.2150415748031496
11
1.5078042125984252
21
1.2149904330708661
0
LINE
8
BLACK
6
CONTINUOUS
10
1.5078042125984252
20
1.2149904330708661
11
1.5076185039370078
21
1.214764094488189
0
LINE
8
BLACK
6
CONTINUOUS
10
1.5076185039370078
20
1.214764094488189
11
1.5038689370078739
21
1.2110144881889764
0
LINE
8
BLACK
6
CONTINUOUS
10
1.5038689370078739
20
1.2110144881889764
11
1.5034214960629921
21
1.210647283464567
0
LINE
8
BLACK
6
CONTINUOUS
10
1.5034214960629921
20
1.210647283464567
11
1.5033234251968504
21
1.2106066929133859
0
LINE
8
BLACK
6
CONTINUOUS
10
1.5033234251968504
20
1.2106066929133859
11
1.5032433070866142
21
1.2105371653543306
0
LINE
8
BLACK
6
CONTINUOUS
10
1.5032433070866142
20
1.2105371653543306
11
1.5027147637795275
21
1.2103011811023621
0
LINE
8
BLACK
6
CONTINUOUS
10
1.5027147637795275
20
1.2103011811023621
11
1.4970904724409448
21
1.2084264173228345
0
LINE
8
BLACK
6
CONTINUOUS
10
1.4970904724409448
20
1.2084264173228345
11
1.4968048818897637
21
1.208361496062992
0
LINE
8
BLACK
6
CONTINUOUS
10
1.4968048818897637
20
1.208361496062992
11
1.4967327952755904
21
1.2083316141732283
0
LINE
8
BLACK
6
CONTINUOUS
10
1.4967327952755904
20
1.2083316141732283
11
1.4966282677165355
21
1.2083213385826772
0
LINE
8
BLACK
6
CONTINUOUS
10
1.4966282677165355
20
1.2083213385826772
11
1.4965260236220472
21
1.2082980708661417
0
LINE
8
BLACK
6
CONTINUOUS
10
1.4965260236220472
20
1.2082980708661417
11
1.4964482677165354
21
1.2083036220472441
0
LINE
8
BLACK
6
CONTINUOUS
10
1.4964482677165354
20
1.2083036220472441
11
1.4961567322834646
21
1.2082748818897637
0
LINE
8
BLACK
6
CONTINUOUS
10
1.4961567322834646
20
1.2082748818897637
11
1.4924072047244095
21
1.2082748818897637
0
LINE
8
BLACK
6
CONTINUOUS
10
1.4924072047244095
20
1.2082748818897637
11
1.4921155905511811
21
1.2083036220472441
0
LINE
8
BLACK
6
CONTINUOUS
10
1.4921155905511811
20
1.2083036220472441
11
1.4920378740157481
21
1.2082980708661417
0
LINE
8
BLACK
6
CONTINUOUS
10
1.4920378740157481
20
1.2082980708661417
11
1.4919355905511811
21
1.2083213385826772
0
LINE
8
BLACK
6
CONTINUOUS
10
1.4919355905511811
20
1.2083213385826772
11
1.4918311417322834
21
1.2083316141732283
0
LINE
8
BLACK
6
CONTINUOUS
10
1.4918311417322834
20
1.2083316141732283
11
1.4917590551181101
21
1.208361496062992
0
LINE
8
BLACK
6
CONTINUOUS
10
1.4917590551181101
20
1.208361496062992
11
1.4914734251968504
21
1.2084264173228345
0
LINE
8
BLACK
6
CONTINUOUS
10
1.4914734251968504
20
1.2084264173228345
11
1.4858491732283465
21
1.2103011811023621
0
LINE
8
BLACK
6
CONTINUOUS
10
1.4858491732283465
20
1.2103011811023621
11
1.485320590551181
21
1.2105371653543306
0
LINE
8
BLACK
6
CONTINUOUS
10
1.485320590551181
20
1.2105371653543306
11
1.4852403937007874
21
1.2106067322834646
0
LINE
8
BLACK
6
CONTINUOUS
10
1.4852403937007874
20
1.2106067322834646
11
1.4851424409448819
21
1.210647283464567
0
LINE
8
BLACK
6
CONTINUOUS
10
1.4851424409448819
20
1.210647283464567
11
1.4846949606299211
21
1.2110145275590551
0
LINE
8
BLACK
6
CONTINUOUS
10
1.4846949606299211
20
1.2110145275590551
11
1.4828201968503936
21
1.2128893307086615
0
LINE
8
BLACK
6
CONTINUOUS
10
1.4828201968503936
20
1.2128893307086615
11
1.4824529921259841
21
1.2133367716535433
0
LINE
8
BLACK
6
CONTINUOUS
10
1.4824529921259841
20
1.2133367716535433
11
1.482012125984252
21
1.2144011811023623
0
LINE
8
BLACK
6
CONTINUOUS
10
1.482012125984252
20
1.2144011811023623
11
1.482012125984252
21
1.2155532677165355
0
LINE
8
BLACK
6
CONTINUOUS
10
1.482012125984252
20
1.2155532677165355
11
1.4824530314960629
21
1.2166176771653543
0
LINE
8
BLACK
6
CONTINUOUS
10
1.4824530314960629
20
1.2166176771653543
11
1.4832677165354331
21
1.2174323622047243
0
LINE
8
BLACK
6
CONTINUOUS
10
1.4832677165354331
20
1.2174323622047243
11
1.4843321259842519
21
1.2178732283464566
0
LINE
8
BLACK
6
CONTINUOUS
10
1.4843321259842519
20
1.2178732283464566
11
1.4854842125984251
21
1.2178732283464566
0
LINE
8
BLACK
6
CONTINUOUS
10
1.4854842125984251
20
1.2178732283464566
11
1.4865486220472441
21
1.2174323228346458
0
LINE
8
BLACK
6
CONTINUOUS
10
1.4865486220472441
20
1.2174323228346458
11
1.4869961023622047
21
1.2170650787401573
0
LINE
8
BLACK
6
CONTINUOUS
10
1.4869961023622047
20
1.2170650787401573
11
1.4883779527559056
21
1.2156831889763779
0
LINE
8
BLACK
6
CONTINUOUS
10
1.4883779527559056
20
1.2156831889763779
11
1.4928863385826772
21
1.2141803937007873
0
LINE
8
BLACK
6
CONTINUOUS
10
1.4928863385826772
20
1.2141803937007873
11
1.4956775984251969
21
1.2141803937007873
0
LINE
8
BLACK
6
CONTINUOUS
10
1.4956775984251969
20
1.2141803937007873
11
1.5001859842519685
21
1.2156832283464567
0
LINE
8
BLACK
6
CONTINUOUS
10
1.5001859842519685
20
1.2156832283464567
11
1.503103779527559
21
1.218601062992126
0
LINE
8
BLACK
6
CONTINUOUS
10
1.503103779527559
20
1.218601062992126
11
1.5046192913385827
21
1.2216320472440945
0
LINE
8
BLACK
6
CONTINUOUS
10
1.5046192913385827
20
1.2216320472440945
11
1.5063273228346457
21
1.2284640944881891
0
LINE
8
BLACK
6
CONTINUOUS
10
1.5063273228346457
20
1.2284640944881891
11
1.5063273228346457
21
1.2333612992125984
0
LINE
8
BLACK
6
CONTINUOUS
10
1.5063273228346457
20
1.2333612992125984
11
1.5046192913385827
21
1.240193346456693
0
LINE
8
BLACK
6
CONTINUOUS
10
1.5046192913385827
20
1.240193346456693
11
1.5031038188976378
21
1.2432243307086615
0
LINE
8
BLACK
6
CONTINUOUS
10
1.5031038188976378
20
1.2432243307086615
11
1.5001859842519685
21
1.2461421653543308
0
LINE
8
BLACK
6
CONTINUOUS
10
1.5001859842519685
20
1.2461421653543308
11
1.4956775984251969
21
1.2476449606299211
0
LINE
8
BLACK
6
CONTINUOUS
10
1.4956775984251969
20
1.2476449606299211
11
1.4928863385826772
21
1.2476449606299211
0
LINE
8
BLACK
6
CONTINUOUS
10
1.4928863385826772
20
1.2476449606299211
11
1.4883779527559056
21
1.2461421653543308
0
LINE
8
BLACK
6
CONTINUOUS
10
1.4883779527559056
20
1.2461421653543308
11
1.4869960629921259
21
1.2447602755905511
0
LINE
8
BLACK
6
CONTINUOUS
10
1.4869960629921259
20
1.2447602755905511
11
1.4865486220472441
21
1.2443930708661417
0
LINE
8
BLACK
6
CONTINUOUS
10
1.4865486220472441
20
1.2443930708661417
11
1.4854841732283464
21
1.2439521653543306
0
LINE
8
BLACK
6
CONTINUOUS
10
1.4854841732283464
20
1.2439521653543306
11
1.4843321259842519
21
1.2439521653543306
0
LINE
8
BLACK
6
CONTINUOUS
10
1.4843321259842519
20
1.2439521653543306
11
1.4832676771653543
21
1.2443930708661417
0
LINE
8
BLACK
6
CONTINUOUS
10
1.4832676771653543
20
1.2443930708661417
11
1.4824530314960629
21
1.2452077165354329
0
LINE
8
BLACK
6
CONTINUOUS
10
1.4824530314960629
20
1.2452077165354329
11
1.482012125984252
21
1.2462721653543307
0
LINE
8
BLACK
6
CONTINUOUS
10
1.482012125984252
20
1.2462721653543307
11
1.482012125984252
21
1.2474242125984252
0
LINE
8
BLACK
6
CONTINUOUS
10
1.482012125984252
20
1.2474242125984252
11
1.4824530314960629
21
1.2484886614173227
0
LINE
8
BLACK
6
CONTINUOUS
10
1.4824530314960629
20
1.2484886614173227
11
1.4828202362204723
21
1.2489361023622048
0
LINE
8
BLACK
6
CONTINUOUS
10
1.4828202362204723
20
1.2489361023622048
11
1.4846949999999999
21
1.2508108661417323
0
LINE
8
BLACK
6
CONTINUOUS
10
1.4846949999999999
20
1.2508108661417323
11
1.4851424409448819
21
1.2511780708661417
0
LINE
8
BLACK
6
CONTINUOUS
10
1.4851424409448819
20
1.2511780708661417
11
1.4852403937007874
21
1.2512186614173229
0
LINE
8
BLACK
6
CONTINUOUS
10
1.4852403937007874
20
1.2512186614173229
11
1.485320590551181
21
1.2512881889763778
0
LINE
8
BLACK
6
CONTINUOUS
10
1.485320590551181
20
1.2512881889763778
11
1.4858491732283465
21
1.2515241732283464
0
LINE
8
BLACK
6
CONTINUOUS
10
1.4858491732283465
20
1.2515241732283464
11
1.4914734251968504
21
1.253398937007874
0
LINE
8
BLACK
6
CONTINUOUS
10
1.4914734251968504
20
1.253398937007874
11
1.4917590551181101
21
1.2534638976377952
0
LINE
8
BLACK
6
CONTINUOUS
10
1.4917590551181101
20
1.2534638976377952
11
1.4918311417322834
21
1.2534937401574804
0
LINE
8
BLACK
6
CONTINUOUS
10
1.4918311417322834
20
1.2534937401574804
11
1.4919355905511811
21
1.2535040551181102
0
LINE
8
BLACK
6
CONTINUOUS
10
1.4919355905511811
20
1.2535040551181102
11
1.4920378740157481
21
1.253527283464567
0
LINE
8
BLACK
6
CONTINUOUS
10
1.4920378740157481
20
1.253527283464567
11
1.4921155905511811
21
1.2535217716535432
0
LINE
8
BLACK
6
CONTINUOUS
10
1.4921155905511811
20
1.2535217716535432
11
1.4924072047244095
21
1.2535504724409448
0
LINE
8
BLACK
6
CONTINUOUS
10
1.4924072047244095
20
1.2535504724409448
11
1.4961567322834646
21
1.2535504724409448
0
LINE
8
BLACK
6
CONTINUOUS
10
1.4961567322834646
20
1.2535504724409448
11
1.4964482677165354
21
1.2535217716535432
0
LINE
8
BLACK
6
CONTINUOUS
10
1.4895360236220472
20
1.2685209842519685
11
1.4908144488188977
21
1.2672425590551182
0
LINE
8
BLACK
6
CONTINUOUS
10
1.4908144488188977
20
1.2672425590551182
11
1.4908144488188977
21
1.2654346062992126
0
LINE
8
BLACK
6
CONTINUOUS
10
1.4908144488188977
20
1.2654346062992126
11
1.4895360236220472
21
1.2641561811023623
0
LINE
8
BLACK
6
CONTINUOUS
10
1.4895360236220472
20
1.2641561811023623
11
1.4886320472440944
21
1.263976377952756
0
LINE
8
BLACK
6
CONTINUOUS
10
1.4886320472440944
20
1.263976377952756
11
1.4680609448818898
21
1.263976377952756
0
LINE
8
BLACK
6
CONTINUOUS
10
1.4680609448818898
20
1.263976377952756
11
1.467156968503937
21
1.2641561811023623
0
LINE
8
BLACK
6
CONTINUOUS
10
1.467156968503937
20
1.2641561811023623
11
1.4658785433070867
21
1.2654346062992126
0
LINE
8
BLACK
6
CONTINUOUS
10
1.4658785433070867
20
1.2654346062992126
11
1.4658785433070867
21
1.2672425590551182
0
LINE
8
BLACK
6
CONTINUOUS
10
1.4658785433070867
20
1.2672425590551182
11
1.467156968503937
21
1.2685209842519685
0
LINE
8
BLACK
6
CONTINUOUS
10
1.467156968503937
20
1.2685209842519685
11
1.4680609448818898
21
1.2687007874015748
0
LINE
8
BLACK
6
CONTINUOUS
10
1.4680609448818898
20
1.2687007874015748
11
1.4886320472440944
21
1.2687007874015748
0
LINE
8
BLACK
6
CONTINUOUS
10
1.4886320472440944
20
1.2687007874015748
11
1.4895360236220472
21
1.2685209842519685
0
LINE
8
BLACK
6
CONTINUOUS
10
1.6273312204724408
20
1.2685209842519685
11
1.6286096456692913
21
1.2672425590551182
0
LINE
8
BLACK
6
CONTINUOUS
10
1.6286096456692913
20
1.2672425590551182
11
1.6286096456692913
21
1.2654346062992126
0
LINE
8
BLACK
6
CONTINUOUS
10
1.6286096456692913
20
1.2654346062992126
11
1.6273312204724408
21
1.2641561811023623
0
LINE
8
BLACK
6
CONTINUOUS
10
1.6273312204724408
20
1.2641561811023623
11
1.6264272440944882
21
1.263976377952756
0
LINE
8
BLACK
6
CONTINUOUS
10
1.6264272440944882
20
1.263976377952756
11
1.6058561417322834
21
1.263976377952756
0
LINE
8
BLACK
6
CONTINUOUS
10
1.6058561417322834
20
1.263976377952756
11
1.6049521653543306
21
1.2641561811023623
0
LINE
8
BLACK
6
CONTINUOUS
10
1.6049521653543306
20
1.2641561811023623
11
1.6036737401574803
21
1.2654346062992126
0
LINE
8
BLACK
6
CONTINUOUS
10
1.6036737401574803
20
1.2654346062992126
11
1.6036737401574803
21
1.2672425590551182
0
LINE
8
BLACK
6
CONTINUOUS
10
1.6036737401574803
20
1.2672425590551182
11
1.6049521653543306
21
1.2685209842519685
0
LINE
8
BLACK
6
CONTINUOUS
10
1.6049521653543306
20
1.2685209842519685
11
1.6058561417322834
21
1.2687007874015748
0
LINE
8
BLACK
6
CONTINUOUS
10
1.6058561417322834
20
1.2687007874015748
11
1.6264272440944882
21
1.2687007874015748
0
LINE
8
BLACK
6
CONTINUOUS
10
1.6264272440944882
20
1.2687007874015748
11
1.6273312204724408
21
1.2685209842519685
0
LINE
8
BLACK
6
CONTINUOUS
10
1.4895360236220472
20
1.326395
11
1.4908144488188977
21
1.3251165748031495
0
LINE
8
BLACK
6
CONTINUOUS
10
1.4908144488188977
20
1.3251165748031495
11
1.4908144488188977
21
1.3233086220472441
0
LINE
8
BLACK
6
CONTINUOUS
10
1.4908144488188977
20
1.3233086220472441
11
1.4895360236220472
21
1.3220301968503936
0
LINE
8
BLACK
6
CONTINUOUS
10
1.4895360236220472
20
1.3220301968503936
11
1.4886320472440944
21
1.3218503937007873
0
LINE
8
BLACK
6
CONTINUOUS
10
1.4886320472440944
20
1.3218503937007873
11
1.4680609448818898
21
1.3218503937007873
0
LINE
8
BLACK
6
CONTINUOUS
10
1.4680609448818898
20
1.3218503937007873
11
1.467156968503937
21
1.3220301968503936
0
LINE
8
BLACK
6
CONTINUOUS
10
1.467156968503937
20
1.3220301968503936
11
1.4658785433070867
21
1.3233086220472441
0
LINE
8
BLACK
6
CONTINUOUS
10
1.4658785433070867
20
1.3233086220472441
11
1.4658785433070867
21
1.3251165748031495
0
LINE
8
BLACK
6
CONTINUOUS
10
1.4658785433070867
20
1.3251165748031495
11
1.467156968503937
21
1.326395
0
LINE
8
BLACK
6
CONTINUOUS
10
1.467156968503937
20
1.326395
11
1.4680609448818898
21
1.3265748031496063
0
LINE
8
BLACK
6
CONTINUOUS
10
1.4680609448818898
20
1.3265748031496063
11
1.4886320472440944
21
1.3265748031496063
0
LINE
8
BLACK
6
CONTINUOUS
10
1.4886320472440944
20
1.3265748031496063
11
1.4895360236220472
21
1.326395
0
LINE
8
BLACK
6
CONTINUOUS
10
1.6273312204724408
20
1.326395
11
1.6286096456692913
21
1.3251165748031495
0
LINE
8
BLACK
6
CONTINUOUS
10
1.6286096456692913
20
1.3251165748031495
11
1.6286096456692913
21
1.3233086220472441
0
LINE
8
BLACK
6
CONTINUOUS
10
1.6286096456692913
20
1.3233086220472441
11
1.6273312204724408
21
1.3220301968503936
0
LINE
8
BLACK
6
CONTINUOUS
10
1.6273312204724408
20
1.3220301968503936
11
1.6264272440944882
21
1.3218503937007873
0
LINE
8
BLACK
6
CONTINUOUS
10
1.6264272440944882
20
1.3218503937007873
11
1.6058561417322834
21
1.3218503937007873
0
LINE
8
BLACK
6
CONTINUOUS
10
1.6058561417322834
20
1.3218503937007873
11
1.6049521653543306
21
1.3220301968503936
0
LINE
8
BLACK
6
CONTINUOUS
10
1.6049521653543306
20
1.3220301968503936
11
1.6036737401574803
21
1.3233086220472441
0
LINE
8
BLACK
6
CONTINUOUS
10
1.6036737401574803
20
1.3233086220472441
11
1.6036737401574803
21
1.3251165748031495
0
LINE
8
BLACK
6
CONTINUOUS
10
1.6036737401574803
20
1.3251165748031495
11
1.6049521653543306
21
1.326395
0
LINE
8
BLACK
6
CONTINUOUS
10
1.6049521653543306
20
1.326395
11
1.6058561417322834
21
1.3265748031496063
0
LINE
8
BLACK
6
CONTINUOUS
10
1.6058561417322834
20
1.3265748031496063
11
1.6264272440944882
21
1.3265748031496063
0
LINE
8
BLACK
6
CONTINUOUS
10
1.6264272440944882
20
1.3265748031496063
11
1.6273312204724408
21
1.326395
0
LINE
8
BLACK
6
CONTINUOUS
10
1.0931272834645669
20
1.3985417716535433
11
1.0933070866141732
21
1.3976377952755905
0
LINE
8
BLACK
6
CONTINUOUS
10
1.0933070866141732
20
1.3976377952755905
11
1.0933070866141732
21
1.3586614173228346
0
LINE
8
BLACK
6
CONTINUOUS
10
1.0933070866141732
20
1.3586614173228346
11
1.1322834645669291
21
1.3586614173228346
0
LINE
8
BLACK
6
CONTINUOUS
10
1.1322834645669291
20
1.3586614173228346
11
1.1331874409448819
21
1.3584816141732283
0
LINE
8
BLACK
6
CONTINUOUS
10
1.1331874409448819
20
1.3584816141732283
11
1.1344658661417322
21
1.3572031889763778
0
LINE
8
BLACK
6
CONTINUOUS
10
1.1344658661417322
20
1.3572031889763778
11
1.1344658661417322
21
1.3553952362204724
0
LINE
8
BLACK
6
CONTINUOUS
10
1.1344658661417322
20
1.3553952362204724
11
1.1331874409448819
21
1.3541168110236219
0
LINE
8
BLACK
6
CONTINUOUS
10
1.1331874409448819
20
1.3541168110236219
11
1.1322834645669291
21
1.3539370078740156
0
LINE
8
BLACK
6
CONTINUOUS
10
1.1322834645669291
20
1.3539370078740156
11
1.0909448818897638
21
1.3539370078740156
0
LINE
8
BLACK
6
CONTINUOUS
10
1.0909448818897638
20
1.3539370078740156
11
1.090040905511811
21
1.3541168110236219
0
LINE
8
BLACK
6
CONTINUOUS
10
1.090040905511811
20
1.3541168110236219
11
1.0887624803149607
21
1.3553952362204724
0
LINE
8
BLACK
6
CONTINUOUS
10
1.0887624803149607
20
1.3553952362204724
11
1.0885826771653544
21
1.3562992125984252
0
LINE
8
BLACK
6
CONTINUOUS
10
1.0885826771653544
20
1.3562992125984252
11
1.0885826771653544
21
1.3976377952755905
0
LINE
8
BLACK
6
CONTINUOUS
10
1.0885826771653544
20
1.3976377952755905
11
1.0887624803149607
21
1.3985417716535433
0
LINE
8
BLACK
6
CONTINUOUS
10
1.0887624803149607
20
1.3985417716535433
11
1.090040905511811
21
1.3998201968503936
0
LINE
8
BLACK
6
CONTINUOUS
10
1.090040905511811
20
1.3998201968503936
11
1.0918488582677166
21
1.3998201968503936
0
LINE
8
BLACK
6
CONTINUOUS
10
1.0918488582677166
20
1.3998201968503936
11
1.0931272834645669
21
1.3985417716535433
0
LINE
8
BLACK
6
CONTINUOUS
10
1.7112375196850393
20
1.3985417716535433
11
1.7114173228346456
21
1.3976377952755905
0
LINE
8
BLACK
6
CONTINUOUS
10
1.7114173228346456
20
1.3976377952755905
11
1.7114173228346456
21
1.3562992125984252
0
LINE
8
BLACK
6
CONTINUOUS
10
1.7114173228346456
20
1.3562992125984252
11
1.7112375196850393
21
1.3553952362204724
0
LINE
8
BLACK
6
CONTINUOUS
10
1.7112375196850393
20
1.3553952362204724
11
1.7099590944881888
21
1.3541168110236219
0
LINE
8
BLACK
6
CONTINUOUS
10
1.7099590944881888
20
1.3541168110236219
11
1.7090551181102362
21
1.3539370078740156
0
LINE
8
BLACK
6
CONTINUOUS
10
1.7090551181102362
20
1.3539370078740156
11
1.6677165354330707
21
1.3539370078740156
0
LINE
8
BLACK
6
CONTINUOUS
10
1.6677165354330707
20
1.3539370078740156
11
1.6668125590551182
21
1.3541168110236219
0
LINE
8
BLACK
6
CONTINUOUS
10
1.6668125590551182
20
1.3541168110236219
11
1.6655341338582677
21
1.3553952362204724
0
LINE
8
BLACK
6
CONTINUOUS
10
1.6655341338582677
20
1.3553952362204724
11
1.6655341338582677
21
1.3572031889763778
0
LINE
8
BLACK
6
CONTINUOUS
10
1.6655341338582677
20
1.3572031889763778
11
1.6668125590551182
21
1.3584816141732283
0
LINE
8
BLACK
6
CONTINUOUS
10
1.6668125590551182
20
1.3584816141732283
11
1.6677165354330707
21
1.3586614173228346
0
LINE
8
BLACK
6
CONTINUOUS
10
1.6677165354330707
20
1.3586614173228346
11
1.7066929133858266
21
1.3586614173228346
0
LINE
8
BLACK
6
CONTINUOUS
10
1.7066929133858266
20
1.3586614173228346
11
1.7066929133858266
21
1.3976377952755905
0
LINE
8
BLACK
6
CONTINUOUS
10
1.7066929133858266
20
1.3976377952755905
11
1.7068727165354329
21
1.3985417716535433
0
LINE
8
BLACK
6
CONTINUOUS
10
1.7068727165354329
20
1.3985417716535433
11
1.7081511417322834
21
1.3998201968503936
0
LINE
8
BLACK
6
CONTINUOUS
10
1.7081511417322834
20
1.3998201968503936
11
1.7099590944881888
21
1.3998201968503936
0
LINE
8
BLACK
6
CONTINUOUS
10
1.7099590944881888
20
1.3998201968503936
11
1.7112375196850393
21
1.3985417716535433
0
LINE
8
BLACK
6
CONTINUOUS
10
1.2280975590551182
20
2.0880081496062992
11
1.2281955511811022
21
2.0879675590551181
0
LINE
8
BLACK
6
CONTINUOUS
10
1.2281955511811022
20
2.0879675590551181
11
1.2283013779527558
21
2.0879600393700786
0
LINE
8
BLACK
6
CONTINUOUS
10
1.2283013779527558
20
2.0879600393700786
11
1.2288420078740157
21
2.0877531496062991
0
LINE
8
BLACK
6
CONTINUOUS
10
1.2288420078740157
20
2.0877531496062991
11
1.2325915354330708
21
2.0858783858267715
0
LINE
8
BLACK
6
CONTINUOUS
10
1.2325915354330708
20
2.0858783858267715
11
1.2330814173228346
21
2.0855700393700789
0
LINE
8
BLACK
6
CONTINUOUS
10
1.2330814173228346
20
2.0855700393700789
11
1.2338362598425197
21
2.0846996456692914
0
LINE
8
BLACK
6
CONTINUOUS
10
1.2338362598425197
20
2.0846996456692914
11
1.234200590551181
21
2.0836066929133858
0
LINE
8
BLACK
6
CONTINUOUS
10
1.234200590551181
20
2.0836066929133858
11
1.234118937007874
21
2.0824574803149605
0
LINE
8
BLACK
6
CONTINUOUS
10
1.234118937007874
20
2.0824574803149605
11
1.2336036614173229
21
2.081426968503937
0
LINE
8
BLACK
6
CONTINUOUS
10
1.2336036614173229
20
2.081426968503937
11
1.2327333070866142
21
2.0806721259842518
0
LINE
8
BLACK
6
CONTINUOUS
10
1.2327333070866142
20
2.0806721259842518
11
1.2316403149606299
21
2.0803077952755906
0
LINE
8
BLACK
6
CONTINUOUS
10
1.2316403149606299
20
2.0803077952755906
11
1.2304911023622047
21
2.0803894488188974
0
LINE
8
BLACK
6
CONTINUOUS
10
1.2304911023622047
20
2.0803894488188974
11
1.2299505118110237
21
2.0805963385826769
0
LINE
8
BLACK
6
CONTINUOUS
10
1.2299505118110237
20
2.0805963385826769
11
1.2268244488188975
21
2.08215937007874
0
LINE
8
BLACK
6
CONTINUOUS
10
1.2268244488188975
20
2.08215937007874
11
1.2207194881889762
21
2.08215937007874
0
LINE
8
BLACK
6
CONTINUOUS
10
1.2207194881889762
20
2.08215937007874
11
1.2184737401574803
21
2.0810365354330709
0
LINE
8
BLACK
6
CONTINUOUS
10
1.2184737401574803
20
2.0810365354330709
11
1.217350905511811
21
2.0787907874015747
0
LINE
8
BLACK
6
CONTINUOUS
10
1.217350905511811
20
2.0787907874015747
11
1.217350905511811
21
2.0775632283464565
0
LINE
8
BLACK
6
CONTINUOUS
10
1.217350905511811
20
2.0775632283464565
11
1.2188447244094487
21
2.0768162992125982
0
LINE
8
BLACK
6
CONTINUOUS
10
1.2188447244094487
20
2.0768162992125982
11
1.2275214960629921
21
2.0768162992125982
0
LINE
8
BLACK
6
CONTINUOUS
10
1.2275214960629921
20
2.0768162992125982
11
1.2280975590551182
21
2.0767595669291339
0
LINE
8
BLACK
6
CONTINUOUS
10
1.2280975590551182
20
2.0767595669291339
11
1.2281955511811022
21
2.0767189763779528
0
LINE
8
BLACK
6
CONTINUOUS
10
1.2281955511811022
20
2.0767189763779528
11
1.2283013779527558
21
2.0767114566929132
0
LINE
8
BLACK
6
CONTINUOUS
10
1.2283013779527558
20
2.0767114566929132
11
1.2288420078740157
21
2.0765045669291338
0
LINE
8
BLACK
6
CONTINUOUS
10
1.2288420078740157
20
2.0765045669291338
11
1.2325915354330708
21
2.0746298031496062
0
LINE
8
BLACK
6
CONTINUOUS
10
1.2325915354330708
20
2.0746298031496062
11
1.2326878740157481
21
2.0745691732283462
0
LINE
8
BLACK
6
CONTINUOUS
10
1.2326878740157481
20
2.0745691732283462
11
1.2327333070866142
21
2.0745540157480313
0
LINE
8
BLACK
6
CONTINUOUS
10
1.2327333070866142
20
2.0745540157480313
11
1.232789842519685
21
2.0745049999999998
0
LINE
8
BLACK
6
CONTINUOUS
10
1.232789842519685
20
2.0745049999999998
11
1.2330814173228346
21
2.0743214566929131
0
LINE
8
BLACK
6
CONTINUOUS
10
1.2330814173228346
20
2.0743214566929131
11
1.2333239763779527
21
2.0740417716535431
0
LINE
8
BLACK
6
CONTINUOUS
10
1.2333239763779527
20
2.0740417716535431
11
1.2336037007874014
21
2.0737991732283465
0
LINE
8
BLACK
6
CONTINUOUS
10
1.2336037007874014
20
2.0737991732283465
11
1.2337872047244094
21
2.0735076377952755
0
LINE
8
BLACK
6
CONTINUOUS
10
1.2337872047244094
20
2.0735076377952755
11
1.2338362598425197
21
2.0734510629921261
0
LINE
8
BLACK
6
CONTINUOUS
10
1.2338362598425197
20
2.0734510629921261
11
1.2338513779527558
21
2.0734056692913385
0
LINE
8
BLACK
6
CONTINUOUS
10
1.2338513779527558
20
2.0734056692913385
11
1.2339120472440945
21
2.0733092913385827
0
LINE
8
BLACK
6
CONTINUOUS
10
1.2339120472440945
20
2.0733092913385827
11
1.2357868110236221
21
2.0695597637795276
0
LINE
8
BLACK
6
CONTINUOUS
10
1.2357868110236221
20
2.0695597637795276
11
1.2359937007874016
21
2.0690191732283463
0
LINE
8
BLACK
6
CONTINUOUS
10
1.2359937007874016
20
2.0690191732283463
11
1.2360012204724409
21
2.0689133070866141
0
LINE
8
BLACK
6
CONTINUOUS
10
1.2360012204724409
20
2.0689133070866141
11
1.236041811023622
21
2.0688153149606299
0
LINE
8
BLACK
6
CONTINUOUS
10
1.236041811023622
20
2.0688153149606299
11
1.2360985433070866
21
2.068239251968504
0
LINE
8
BLACK
6
CONTINUOUS
10
1.2360985433070866
20
2.068239251968504
11
1.2360985433070866
21
2.0644897244094489
0
LINE
8
BLACK
6
CONTINUOUS
10
1.2360985433070866
20
2.0644897244094489
11
1.236041811023622
21
2.0639136614173226
0
LINE
8
BLACK
6
CONTINUOUS
10
1.236041811023622
20
2.0639136614173226
11
1.2360011811023621
21
2.0638156692913388
0
LINE
8
BLACK
6
CONTINUOUS
10
1.2360011811023621
20
2.0638156692913388
11
1.2359937007874016
21
2.0637098425196849
0
LINE
8
BLACK
6
CONTINUOUS
10
1.2359937007874016
20
2.0637098425196849
11
1.2357868110236221
21
2.0631692125984253
0
LINE
8
BLACK
6
CONTINUOUS
10
1.2357868110236221
20
2.0631692125984253
11
1.2339120472440945
21
2.0594196456692915
0
LINE
8
BLACK
6
CONTINUOUS
10
1.2339120472440945
20
2.0594196456692915
11
1.2338513779527558
21
2.0593233070866139
0
LINE
8
BLACK
6
CONTINUOUS
10
1.2338513779527558
20
2.0593233070866139
11
1.2338362598425197
21
2.059277874015748
0
LINE
8
BLACK
6
CONTINUOUS
10
1.2338362598425197
20
2.059277874015748
11
1.2337872047244094
21
2.059221338582677
0
LINE
8
BLACK
6
CONTINUOUS
10
1.2337872047244094
20
2.059221338582677
11
1.2336037007874014
21
2.0589297637795276
0
LINE
8
BLACK
6
CONTINUOUS
10
1.2336037007874014
20
2.0589297637795276
11
1.2333239763779527
21
2.0586872047244094
0
LINE
8
BLACK
6
CONTINUOUS
10
1.2333239763779527
20
2.0586872047244094
11
1.2330814173228346
21
2.0584074803149606
0
LINE
8
BLACK
6
CONTINUOUS
10
1.2330814173228346
20
2.0584074803149606
11
1.232789842519685
21
2.0582239763779526
0
LINE
8
BLACK
6
CONTINUOUS
10
1.232789842519685
20
2.0582239763779526
11
1.2327333070866142
21
2.0581749212598424
0
LINE
8
BLACK
6
CONTINUOUS
10
1.2327333070866142
20
2.0581749212598424
11
1.2326878740157481
21
2.0581598031496062
0
LINE
8
BLACK
6
CONTINUOUS
10
1.2326878740157481
20
2.0581598031496062
11
1.2325915354330708
21
2.0580991338582675
0
LINE
8
BLACK
6
CONTINUOUS
10
1.2325915354330708
20
2.0580991338582675
11
1.2288420078740157
21
2.0562243700787399
0
LINE
8
BLACK
6
CONTINUOUS
10
1.2288420078740157
20
2.0562243700787399
11
1.2283013779527558
21
2.0560174803149605
0
LINE
8
BLACK
6
CONTINUOUS
10
1.2283013779527558
20
2.0560174803149605
11
1.2281955511811022
21
2.0560100000000001
0
LINE
8
BLACK
6
CONTINUOUS
10
1.2281955511811022
20
2.0560100000000001
11
1.2280975590551182
21
2.0559693700787403
0
LINE
8
BLACK
6
CONTINUOUS
10
1.2280975590551182
20
2.0559693700787403
11
1.2275214960629921
21
2.0559126377952754
0
LINE
8
BLACK
6
CONTINUOUS
10
1.2275214960629921
20
2.0559126377952754
11
1.2181476771653543
21
2.0559126377952754
0
LINE
8
BLACK
6
CONTINUOUS
10
1.2181476771653543
20
2.0559126377952754
11
1.2175716141732282
21
2.0559693700787403
0
LINE
8
BLACK
6
CONTINUOUS
10
1.2175716141732282
20
2.0559693700787403
11
1.217473622047244
21
2.0560099606299214
0
LINE
8
BLACK
6
CONTINUOUS
10
1.217473622047244
20
2.0560099606299214
11
1.2173677559055118
21
2.0560174803149605
0
LINE
8
BLACK
6
CONTINUOUS
10
1.2173677559055118
20
2.0560174803149605
11
1.2168271653543308
21
2.0562243700787399
0
LINE
8
BLACK
6
CONTINUOUS
10
1.2168271653543308
20
2.0562243700787399
11
1.2161775196850393
21
2.056549212598425
0
LINE
8
BLACK
6
CONTINUOUS
10
1.2161775196850393
20
2.056549212598425
11
1.2160386220472441
21
2.0564102755905513
0
LINE
8
BLACK
6
CONTINUOUS
10
1.2160386220472441
20
2.0564102755905513
11
1.2149742125984251
21
2.0559693700787403
0
LINE
8
BLACK
6
CONTINUOUS
10
1.2149742125984251
20
2.0559693700787403
11
1.2138220866141731
21
2.0559693700787403
0
LINE
8
BLACK
6
CONTINUOUS
10
1.2138220866141731
20
2.0559693700787403
11
1.2127576771653543
21
2.0564102755905513
0
LINE
8
BLACK
6
CONTINUOUS
10
1.2127576771653543
20
2.0564102755905513
11
1.2119430314960629
21
2.0572249212598424
0
LINE
8
BLACK
6
CONTINUOUS
10
1.2119430314960629
20
2.0572249212598424
11
1.211502125984252
21
2.0582893307086612
0
LINE
8
BLACK
6
CONTINUOUS
10
1.211502125984252
20
2.0582893307086612
11
1.2114453937007874
21
2.0588653937007875
0
LINE
8
BLACK
6
CONTINUOUS
10
1.2114453937007874
20
2.0588653937007875
11
1.2114453937007874
21
2.0794878346456693
0
LINE
8
BLACK
6
CONTINUOUS
10
1.2114453937007874
20
2.0794878346456693
11
1.211502125984252
21
2.0800638976377952
0
LINE
8
BLACK
6
CONTINUOUS
10
1.211502125984252
20
2.0800638976377952
11
1.2115427165354331
21
2.0801619291338582
0
LINE
8
BLACK
6
CONTINUOUS
10
1.2115427165354331
20
2.0801619291338582
11
1.2115502362204724
21
2.0802677165354329
0
LINE
8
BLACK
6
CONTINUOUS
10
1.2115502362204724
20
2.0802677165354329
11
1.2117571259842519
21
2.0808083464566929
0
LINE
8
BLACK
6
CONTINUOUS
10
1.2117571259842519
20
2.0808083464566929
11
1.2136318897637794
21
2.084557874015748
0
LINE
8
BLACK
6
CONTINUOUS
10
1.2136318897637794
20
2.084557874015748
11
1.2136925196850394
21
2.0846542519685038
0
LINE
8
BLACK
6
CONTINUOUS
10
1.2136925196850394
20
2.0846542519685038
11
1.2137076771653543
21
2.0846996456692914
0
LINE
8
BLACK
6
CONTINUOUS
10
1.2137076771653543
20
2.0846996456692914
11
1.2137566929133858
21
2.0847562204724408
0
LINE
8
BLACK
6
CONTINUOUS
10
1.2137566929133858
20
2.0847562204724408
11
1.2139402362204723
21
2.0850477559055118
0
LINE
8
BLACK
6
CONTINUOUS
10
1.2139402362204723
20
2.0850477559055118
11
1.2142199212598426
21
2.0852903543307084
0
LINE
8
BLACK
6
CONTINUOUS
10
1.2142199212598426
20
2.0852903543307084
11
1.2144625196850394
21
2.0855700393700789
0
LINE
8
BLACK
6
CONTINUOUS
10
1.2144625196850394
20
2.0855700393700789
11
1.2147540551181102
21
2.0857535826771652
0
LINE
8
BLACK
6
CONTINUOUS
10
1.2147540551181102
20
2.0857535826771652
11
1.2148106299212598
21
2.0858025984251967
0
LINE
8
BLACK
6
CONTINUOUS
10
1.2148106299212598
20
2.0858025984251967
11
1.2148560236220471
21
2.0858177559055116
0
LINE
8
BLACK
6
CONTINUOUS
10
1.2148560236220471
20
2.0858177559055116
11
1.2149524015748032
21
2.0858783858267715
0
LINE
8
BLACK
6
CONTINUOUS
10
1.2149524015748032
20
2.0858783858267715
11
1.2187019291338583
21
2.0877531496062991
0
LINE
8
BLACK
6
CONTINUOUS
10
1.2187019291338583
20
2.0877531496062991
11
1.2192425196850394
21
2.0879600393700786
0
LINE
8
BLACK
6
CONTINUOUS
10
1.2192425196850394
20
2.0879600393700786
11
1.2193483858267715
21
2.0879675984251969
0
LINE
8
BLACK
6
CONTINUOUS
10
1.2193483858267715
20
2.0879675984251969
11
1.2194463779527558
21
2.0880081496062992
0
LINE
8
BLACK
6
CONTINUOUS
10
1.2194463779527558
20
2.0880081496062992
11
1.2200224409448819
21
2.0880648818897636
0
LINE
8
BLACK
6
CONTINUOUS
10
1.2200224409448819
20
2.0880648818897636
11
1.2275214960629921
21
2.0880648818897636
0
LINE
8
BLACK
6
CONTINUOUS
10
1.2275214960629921
20
2.0880648818897636
11
1.2280975590551182
21
2.0880081496062992
0
LINE
8
BLACK
6
CONTINUOUS
10
1.217350905511811
20
2.0625650787401573
11
1.2188447244094487
21
2.0618181496062991
0
LINE
8
BLACK
6
CONTINUOUS
10
1.2188447244094487
20
2.0618181496062991
11
1.2268244488188975
21
2.0618181496062991
0
LINE
8
BLACK
6
CONTINUOUS
10
1.2268244488188975
20
2.0618181496062991
11
1.2290701574803149
21
2.0629410236220473
0
LINE
8
BLACK
6
CONTINUOUS
10
1.2290701574803149
20
2.0629410236220473
11
1.230193031496063
21
2.0651867716535435
0
LINE
8
BLACK
6
CONTINUOUS
10
1.230193031496063
20
2.0651867716535435
11
1.230193031496063
21
2.0675422047244094
0
LINE
8
BLACK
6
CONTINUOUS
10
1.230193031496063
20
2.0675422047244094
11
1.2290701574803149
21
2.0697879527559055
0
LINE
8
BLACK
6
CONTINUOUS
10
1.2290701574803149
20
2.0697879527559055
11
1.2268244488188975
21
2.0709107874015746
0
LINE
8
BLACK
6
CONTINUOUS
10
1.2268244488188975
20
2.0709107874015746
11
1.2181476771653543
21
2.0709107874015746
0
LINE
8
BLACK
6
CONTINUOUS
10
1.2181476771653543
20
2.0709107874015746
11
1.2175716141732282
21
2.0709675196850394
0
LINE
8
BLACK
6
CONTINUOUS
10
1.2175716141732282
20
2.0709675196850394
11
1.217473622047244
21
2.0710081102362206
0
LINE
8
BLACK
6
CONTINUOUS
10
1.217473622047244
20
2.0710081102362206
11
1.2173677559055118
21
2.0710156299212596
0
LINE
8
BLACK
6
CONTINUOUS
10
1.2173677559055118
20
2.0710156299212596
11
1.217350905511811
21
2.0710220866141733
0
LINE
8
BLACK
6
CONTINUOUS
10
1.217350905511811
20
2.0710220866141733
11
1.217350905511811
21
2.0625650787401573
0
LINE
8
BLACK
6
CONTINUOUS
10
1.2618433464566929
20
2.0880081496062992
11
1.2619413385826772
21
2.0879675590551181
0
LINE
8
BLACK
6
CONTINUOUS
10
1.2619413385826772
20
2.0879675590551181
11
1.2620471653543306
21
2.0879600393700786
0
LINE
8
BLACK
6
CONTINUOUS
10
1.2620471653543306
20
2.0879600393700786
11
1.2625877952755906
21
2.0877531496062991
0
LINE
8
BLACK
6
CONTINUOUS
10
1.2625877952755906
20
2.0877531496062991
11
1.2663373228346457
21
2.0858783858267715
0
LINE
8
BLACK
6
CONTINUOUS
10
1.2663373228346457
20
2.0858783858267715
11
1.2664336614173228
21
2.0858177559055116
0
LINE
8
BLACK
6
CONTINUOUS
10
1.2664336614173228
20
2.0858177559055116
11
1.266479094488189
21
2.0858025984251967
0
LINE
8
BLACK
6
CONTINUOUS
10
1.266479094488189
20
2.0858025984251967
11
1.2665356299212598
21
2.0857535826771652
0
LINE
8
BLACK
6
CONTINUOUS
10
1.2665356299212598
20
2.0857535826771652
11
1.2668272047244094
21
2.0855700393700789
0
LINE
8
BLACK
6
CONTINUOUS
10
1.2668272047244094
20
2.0855700393700789
11
1.2670697637795276
21
2.0852903543307084
0
LINE
8
BLACK
6
CONTINUOUS
10
1.2670697637795276
20
2.0852903543307084
11
1.2673494881889764
21
2.0850477559055118
0
LINE
8
BLACK
6
CONTINUOUS
10
1.2673494881889764
20
2.0850477559055118
11
1.2675329921259841
21
2.0847562204724408
0
LINE
8
BLACK
6
CONTINUOUS
10
1.2675329921259841
20
2.0847562204724408
11
1.2675820472440944
21
2.0846996456692914
0
LINE
8
BLACK
6
CONTINUOUS
10
1.2675820472440944
20
2.0846996456692914
11
1.2675971653543308
21
2.0846542519685038
0
LINE
8
BLACK
6
CONTINUOUS
10
1.2675971653543308
20
2.0846542519685038
11
1.2676578346456693
21
2.084557874015748
0
LINE
8
BLACK
6
CONTINUOUS
10
1.2676578346456693
20
2.084557874015748
11
1.2695325984251968
21
2.0808083464566929
0
LINE
8
BLACK
6
CONTINUOUS
10
1.2695325984251968
20
2.0808083464566929
11
1.2697394881889763
21
2.0802677559055116
0
LINE
8
BLACK
6
CONTINUOUS
10
1.2697394881889763
20
2.0802677559055116
11
1.2697470078740156
21
2.0801618897637795
0
LINE
8
BLACK
6
CONTINUOUS
10
1.2697470078740156
20
2.0801618897637795
11
1.2697875984251967
21
2.0800638976377952
0
LINE
8
BLACK
6
CONTINUOUS
10
1.2697875984251967
20
2.0800638976377952
11
1.2698443307086613
21
2.0794878346456693
0
LINE
8
BLACK
6
CONTINUOUS
10
1.2698443307086613
20
2.0794878346456693
11
1.2698443307086613
21
2.0644897244094489
0
LINE
8
BLACK
6
CONTINUOUS
10
1.2698443307086613
20
2.0644897244094489
11
1.2697875984251967
21
2.0639136614173226
0
LINE
8
BLACK
6
CONTINUOUS
10
1.2697875984251967
20
2.0639136614173226
11
1.2697469685039369
21
2.0638156692913388
0
LINE
8
BLACK
6
CONTINUOUS
10
1.2697469685039369
20
2.0638156692913388
11
1.2697394881889763
21
2.0637098425196849
0
LINE
8
BLACK
6
CONTINUOUS
10
1.2697394881889763
20
2.0637098425196849
11
1.2695325984251968
21
2.0631692125984253
0
LINE
8
BLACK
6
CONTINUOUS
10
1.2695325984251968
20
2.0631692125984253
11
1.2676578346456693
21
2.0594196456692915
0
LINE
8
BLACK
6
CONTINUOUS
10
1.2676578346456693
20
2.0594196456692915
11
1.2675971653543308
21
2.0593233070866139
0
LINE
8
BLACK
6
CONTINUOUS
10
1.2675971653543308
20
2.0593233070866139
11
1.2675820472440944
21
2.059277874015748
0
LINE
8
BLACK
6
CONTINUOUS
10
1.2675820472440944
20
2.059277874015748
11
1.2675329921259841
21
2.059221338582677
0
LINE
8
BLACK
6
CONTINUOUS
10
1.2675329921259841
20
2.059221338582677
11
1.2673494881889764
21
2.0589297637795276
0
LINE
8
BLACK
6
CONTINUOUS
10
1.2673494881889764
20
2.0589297637795276
11
1.2670697637795276
21
2.0586872047244094
0
LINE
8
BLACK
6
CONTINUOUS
10
1.2670697637795276
20
2.0586872047244094
11
1.2668272047244094
21
2.0584074803149606
0
LINE
8
BLACK
6
CONTINUOUS
10
1.2668272047244094
20
2.0584074803149606
11
1.2665356299212598
21
2.0582239763779526
0
LINE
8
BLACK
6
CONTINUOUS
10
1.2665356299212598
20
2.0582239763779526
11
1.266479094488189
21
2.0581749212598424
0
LINE
8
BLACK
6
CONTINUOUS
10
1.266479094488189
20
2.0581749212598424
11
1.2664336614173228
21
2.0581598031496062
0
LINE
8
BLACK
6
CONTINUOUS
10
1.2664336614173228
20
2.0581598031496062
11
1.2663373228346457
21
2.0580991338582675
0
LINE
8
BLACK
6
CONTINUOUS
10
1.2663373228346457
20
2.0580991338582675
11
1.2625877952755906
21
2.0562243700787399
0
LINE
8
BLACK
6
CONTINUOUS
10
1.2625877952755906
20
2.0562243700787399
11
1.2620471653543306
21
2.0560174803149605
0
LINE
8
BLACK
6
CONTINUOUS
10
1.2620471653543306
20
2.0560174803149605
11
1.2619413385826772
21
2.0560100000000001
0
LINE
8
BLACK
6
CONTINUOUS
10
1.2619413385826772
20
2.0560100000000001
11
1.2618433464566929
21
2.0559693700787403
0
LINE
8
BLACK
6
CONTINUOUS
10
1.2618433464566929
20
2.0559693700787403
11
1.2612672834645668
21
2.0559126377952754
0
LINE
8
BLACK
6
CONTINUOUS
10
1.2612672834645668
20
2.0559126377952754
11
1.2537682283464566
21
2.0559126377952754
0
LINE
8
BLACK
6
CONTINUOUS
10
1.2537682283464566
20
2.0559126377952754
11
1.2531921653543308
21
2.0559693700787403
0
LINE
8
BLACK
6
CONTINUOUS
10
1.2531921653543308
20
2.0559693700787403
11
1.2530941732283465
21
2.0560099606299214
0
LINE
8
BLACK
6
CONTINUOUS
10
1.2530941732283465
20
2.0560099606299214
11
1.2529883070866141
21
2.0560174803149605
0
LINE
8
BLACK
6
CONTINUOUS
10
1.2529883070866141
20
2.0560174803149605
11
1.2524477165354331
21
2.0562243700787399
0
LINE
8
BLACK
6
CONTINUOUS
10
1.2524477165354331
20
2.0562243700787399
11
1.248698188976378
21
2.0580991338582675
0
LINE
8
BLACK
6
CONTINUOUS
10
1.248698188976378
20
2.0580991338582675
11
1.2482083070866141
21
2.0584074803149606
0
LINE
8
BLACK
6
CONTINUOUS
10
1.2482083070866141
20
2.0584074803149606
11
1.2474534645669291
21
2.059277874015748
0
LINE
8
BLACK
6
CONTINUOUS
10
1.2474534645669291
20
2.059277874015748
11
1.2470891338582677
21
2.0603708267716536
0
LINE
8
BLACK
6
CONTINUOUS
10
1.2470891338582677
20
2.0603708267716536
11
1.2471707874015747
21
2.0615200393700785
0
LINE
8
BLACK
6
CONTINUOUS
10
1.2471707874015747
20
2.0615200393700785
11
1.2476860236220473
21
2.0625505511811024
0
LINE
8
BLACK
6
CONTINUOUS
10
1.2476860236220473
20
2.0625505511811024
11
1.2485564173228345
21
2.0633053937007872
0
LINE
8
BLACK
6
CONTINUOUS
10
1.2485564173228345
20
2.0633053937007872
11
1.2496493700787401
21
2.0636697244094488
0
LINE
8
BLACK
6
CONTINUOUS
10
1.2496493700787401
20
2.0636697244094488
11
1.2507985826771653
21
2.0635880708661416
0
LINE
8
BLACK
6
CONTINUOUS
10
1.2507985826771653
20
2.0635880708661416
11
1.2513392125984251
21
2.0633811811023621
0
LINE
8
BLACK
6
CONTINUOUS
10
1.2513392125984251
20
2.0633811811023621
11
1.2544652755905512
21
2.0618181496062991
0
LINE
8
BLACK
6
CONTINUOUS
10
1.2544652755905512
20
2.0618181496062991
11
1.2605702362204725
21
2.0618181496062991
0
LINE
8
BLACK
6
CONTINUOUS
10
1.2605702362204725
20
2.0618181496062991
11
1.2628159448818896
21
2.0629410236220473
0
LINE
8
BLACK
6
CONTINUOUS
10
1.2628159448818896
20
2.0629410236220473
11
1.2639388188976377
21
2.0651867716535435
0
LINE
8
BLACK
6
CONTINUOUS
10
1.2639388188976377
20
2.0651867716535435
11
1.2639388188976377
21
2.0695681496062992
0
LINE
8
BLACK
6
CONTINUOUS
10
1.2639388188976377
20
2.0695681496062992
11
1.247564842519685
21
2.0728428740157478
0
LINE
8
BLACK
6
CONTINUOUS
10
1.247564842519685
20
2.0728428740157478
11
1.2470111023622048
21
2.0730114960629922
0
LINE
8
BLACK
6
CONTINUOUS
10
1.2470111023622048
20
2.0730114960629922
11
1.2467707086614173
21
2.0731725196850395
0
LINE
8
BLACK
6
CONTINUOUS
10
1.2467707086614173
20
2.0731725196850395
11
1.2465034645669291
21
2.0732831889763781
0
LINE
8
BLACK
6
CONTINUOUS
10
1.2465034645669291
20
2.0732831889763781
11
1.2462967322834646
21
2.0734899212598425
0
LINE
8
BLACK
6
CONTINUOUS
10
1.2462967322834646
20
2.0734899212598425
11
1.2460538188976378
21
2.073652598425197
0
LINE
8
BLACK
6
CONTINUOUS
10
1.2460538188976378
20
2.073652598425197
11
1.2458933464566928
21
2.0738933070866143
0
LINE
8
BLACK
6
CONTINUOUS
10
1.2458933464566928
20
2.0738933070866143
11
1.2456888188976378
21
2.0740978346456691
0
LINE
8
BLACK
6
CONTINUOUS
10
1.2456888188976378
20
2.0740978346456691
11
1.2455769291338583
21
2.0743679133858266
0
LINE
8
BLACK
6
CONTINUOUS
10
1.2455769291338583
20
2.0743679133858266
11
1.2454147637795274
21
2.074611181102362
0
LINE
8
BLACK
6
CONTINUOUS
10
1.2454147637795274
20
2.074611181102362
11
1.2453585826771654
21
2.0748950000000002
0
LINE
8
BLACK
6
CONTINUOUS
10
1.2453585826771654
20
2.0748950000000002
11
1.2452479133858267
21
2.0751622440944884
0
LINE
8
BLACK
6
CONTINUOUS
10
1.2452479133858267
20
2.0751622440944884
11
1.2451911811023622
21
2.0757383070866142
0
LINE
8
BLACK
6
CONTINUOUS
10
1.2451911811023622
20
2.0757383070866142
11
1.2451911811023622
21
2.0794878346456693
0
LINE
8
BLACK
6
CONTINUOUS
10
1.2451911811023622
20
2.0794878346456693
11
1.2452479133858267
21
2.0800638976377952
0
LINE
8
BLACK
6
CONTINUOUS
10
1.2452479133858267
20
2.0800638976377952
11
1.2452885039370079
21
2.0801619291338582
0
LINE
8
BLACK
6
CONTINUOUS
10
1.2452885039370079
20
2.0801619291338582
11
1.2452960236220472
21
2.0802677165354329
0
LINE
8
BLACK
6
CONTINUOUS
10
1.2452960236220472
20
2.0802677165354329
11
1.2455029133858266
21
2.0808083464566929
0
LINE
8
BLACK
6
CONTINUOUS
10
1.2455029133858266
20
2.0808083464566929
11
1.2473776771653542
21
2.084557874015748
0
LINE
8
BLACK
6
CONTINUOUS
10
1.2473776771653542
20
2.084557874015748
11
1.2474383070866142
21
2.0846542519685038
0
LINE
8
BLACK
6
CONTINUOUS
10
1.2474383070866142
20
2.0846542519685038
11
1.2474534645669291
21
2.0846996456692914
0
LINE
8
BLACK
6
CONTINUOUS
10
1.2474534645669291
20
2.0846996456692914
11
1.2475024803149606
21
2.0847562204724408
0
LINE
8
BLACK
6
CONTINUOUS
10
1.2475024803149606
20
2.0847562204724408
11
1.2476860236220473
21
2.0850477559055118
0
LINE
8
BLACK
6
CONTINUOUS
10
1.2476860236220473
20
2.0850477559055118
11
1.2479657086614173
21
2.0852903543307084
0
LINE
8
BLACK
6
CONTINUOUS
10
1.2479657086614173
20
2.0852903543307084
11
1.2482083070866141
21
2.0855700393700789
0
LINE
8
BLACK
6
CONTINUOUS
10
1.2482083070866141
20
2.0855700393700789
11
1.2484998425196849
21
2.0857535826771652
0
LINE
8
BLACK
6
CONTINUOUS
10
1.2484998425196849
20
2.0857535826771652
11
1.2485564173228345
21
2.0858025984251967
0
LINE
8
BLACK
6
CONTINUOUS
10
1.2485564173228345
20
2.0858025984251967
11
1.2486018110236221
21
2.0858177559055116
0
LINE
8
BLACK
6
CONTINUOUS
10
1.2486018110236221
20
2.0858177559055116
11
1.248698188976378
21
2.0858783858267715
0
LINE
8
BLACK
6
CONTINUOUS
10
1.248698188976378
20
2.0858783858267715
11
1.2524477165354331
21
2.0877531496062991
0
LINE
8
BLACK
6
CONTINUOUS
10
1.2524477165354331
20
2.0877531496062991
11
1.2529883070866141
21
2.0879600393700786
0
LINE
8
BLACK
6
CONTINUOUS
10
1.2529883070866141
20
2.0879600393700786
11
1.2530941732283465
21
2.0879675984251969
0
LINE
8
BLACK
6
CONTINUOUS
10
1.2530941732283465
20
2.0879675984251969
11
1.2531921653543308
21
2.0880081496062992
0
LINE
8
BLACK
6
CONTINUOUS
10
1.2531921653543308
20
2.0880081496062992
11
1.2537682283464566
21
2.0880648818897636
0
LINE
8
BLACK
6
CONTINUOUS
10
1.2537682283464566
20
2.0880648818897636
11
1.2612672834645668
21
2.0880648818897636
0
LINE
8
BLACK
6
CONTINUOUS
10
1.2612672834645668
20
2.0880648818897636
11
1.2618433464566929
21
2.0880081496062992
0
LINE
8
BLACK
6
CONTINUOUS
10
1.2522195275590551
20
2.0810365354330709
11
1.2510966929133858
21
2.0787907874015747
0
LINE
8
BLACK
6
CONTINUOUS
10
1.2510966929133858
20
2.0787907874015747
11
1.2510966929133858
21
2.0781590157480316
0
LINE
8
BLACK
6
CONTINUOUS
10
1.2510966929133858
20
2.0781590157480316
11
1.2639388188976377
21
2.0755905905511809
0
LINE
8
BLACK
6
CONTINUOUS
10
1.2639388188976377
20
2.0755905905511809
11
1.2639388188976377
21
2.0787907874015747
0
LINE
8
BLACK
6
CONTINUOUS
10
1.2639388188976377
20
2.0787907874015747
11
1.2628159448818896
21
2.0810365354330709
0
LINE
8
BLACK
6
CONTINUOUS
10
1.2628159448818896
20
2.0810365354330709
11
1.2605702362204725
21
2.08215937007874
0
LINE
8
BLACK
6
CONTINUOUS
10
1.2605702362204725
20
2.08215937007874
11
1.2544652755905512
21
2.08215937007874
0
LINE
8
BLACK
6
CONTINUOUS
10
1.2544652755905512
20
2.08215937007874
11
1.2522195275590551
21
2.0810365354330709
0
LINE
8
BLACK
6
CONTINUOUS
10
1.3855779133858268
20
2.0880081496062992
11
1.3856759055118111
21
2.0879675590551181
0
LINE
8
BLACK
6
CONTINUOUS
10
1.3856759055118111
20
2.0879675590551181
11
1.3857817322834645
21
2.0879600393700786
0
LINE
8
BLACK
6
CONTINUOUS
10
1.3857817322834645
20
2.0879600393700786
11
1.3863223622047243
21
2.0877531496062991
0
LINE
8
BLACK
6
CONTINUOUS
10
1.3863223622047243
20
2.0877531496062991
11
1.3900718897637796
21
2.0858783858267715
0
LINE
8
BLACK
6
CONTINUOUS
10
1.3900718897637796
20
2.0858783858267715
11
1.3905617716535432
21
2.0855700393700789
0
LINE
8
BLACK
6
CONTINUOUS
10
1.3905617716535432
20
2.0855700393700789
11
1.3913166141732283
21
2.0846996456692914
0
LINE
8
BLACK
6
CONTINUOUS
10
1.3913166141732283
20
2.0846996456692914
11
1.3916809448818896
21
2.0836066929133858
0
LINE
8
BLACK
6
CONTINUOUS
10
1.3916809448818896
20
2.0836066929133858
11
1.3915992913385826
21
2.0824574803149605
0
LINE
8
BLACK
6
CONTINUOUS
10
1.3915992913385826
20
2.0824574803149605
11
1.3910840157480315
21
2.081426968503937
0
LINE
8
BLACK
6
CONTINUOUS
10
1.3910840157480315
20
2.081426968503937
11
1.3902136614173228
21
2.0806721259842518
0
LINE
8
BLACK
6
CONTINUOUS
10
1.3902136614173228
20
2.0806721259842518
11
1.3891206692913385
21
2.0803077952755906
0
LINE
8
BLACK
6
CONTINUOUS
10
1.3891206692913385
20
2.0803077952755906
11
1.3879714566929133
21
2.0803894488188974
0
LINE
8
BLACK
6
CONTINUOUS
10
1.3879714566929133
20
2.0803894488188974
11
1.3874308661417323
21
2.0805963385826769
0
LINE
8
BLACK
6
CONTINUOUS
10
1.3874308661417323
20
2.0805963385826769
11
1.3843048031496064
21
2.08215937007874
0
LINE
8
BLACK
6
CONTINUOUS
10
1.3843048031496064
20
2.08215937007874
11
1.3781998425196851
21
2.08215937007874
0
LINE
8
BLACK
6
CONTINUOUS
10
1.3781998425196851
20
2.08215937007874
11
1.375954094488189
21
2.0810365354330709
0
LINE
8
BLACK
6
CONTINUOUS
10
1.375954094488189
20
2.0810365354330709
11
1.3748312598425196
21
2.0787907874015747
0
LINE
8
BLACK
6
CONTINUOUS
10
1.3748312598425196
20
2.0787907874015747
11
1.3748312598425196
21
2.0775632283464565
0
LINE
8
BLACK
6
CONTINUOUS
10
1.3748312598425196
20
2.0775632283464565
11
1.3763250787401575
21
2.0768162992125982
0
LINE
8
BLACK
6
CONTINUOUS
10
1.3763250787401575
20
2.0768162992125982
11
1.3850018503937007
21
2.0768162992125982
0
LINE
8
BLACK
6
CONTINUOUS
10
1.3850018503937007
20
2.0768162992125982
11
1.3855779133858268
21
2.0767595669291339
0
LINE
8
BLACK
6
CONTINUOUS
10
1.3855779133858268
20
2.0767595669291339
11
1.3856759055118111
21
2.0767189763779528
0
LINE
8
BLACK
6
CONTINUOUS
10
1.3856759055118111
20
2.0767189763779528
11
1.3857817322834645
21
2.0767114566929132
0
LINE
8
BLACK
6
CONTINUOUS
10
1.3857817322834645
20
2.0767114566929132
11
1.3863223622047243
21
2.0765045669291338
0
LINE
8
BLACK
6
CONTINUOUS
10
1.3863223622047243
20
2.0765045669291338
11
1.3900718897637796
21
2.0746298031496062
0
LINE
8
BLACK
6
CONTINUOUS
10
1.3900718897637796
20
2.0746298031496062
11
1.3901682283464567
21
2.0745691732283462
0
LINE
8
BLACK
6
CONTINUOUS
10
1.3901682283464567
20
2.0745691732283462
11
1.3902136614173228
21
2.0745540157480313
0
LINE
8
BLACK
6
CONTINUOUS
10
1.3902136614173228
20
2.0745540157480313
11
1.3902701968503937
21
2.0745049999999998
0
LINE
8
BLACK
6
CONTINUOUS
10
1.3902701968503937
20
2.0745049999999998
11
1.3905617716535432
21
2.0743214566929131
0
LINE
8
BLACK
6
CONTINUOUS
10
1.3905617716535432
20
2.0743214566929131
11
1.3908043307086615
21
2.0740417716535431
0
LINE
8
BLACK
6
CONTINUOUS
10
1.3908043307086615
20
2.0740417716535431
11
1.3910840551181103
21
2.0737991732283465
0
LINE
8
BLACK
6
CONTINUOUS
10
1.3910840551181103
20
2.0737991732283465
11
1.391267559055118
21
2.0735076377952755
0
LINE
8
BLACK
6
CONTINUOUS
10
1.391267559055118
20
2.0735076377952755
11
1.3913166141732283
21
2.0734510629921261
0
LINE
8
BLACK
6
CONTINUOUS
10
1.3913166141732283
20
2.0734510629921261
11
1.3913317322834646
21
2.0734056692913385
0
LINE
8
BLACK
6
CONTINUOUS
10
1.3913317322834646
20
2.0734056692913385
11
1.3913924015748032
21
2.0733092913385827
0
LINE
8
BLACK
6
CONTINUOUS
10
1.3913924015748032
20
2.0733092913385827
11
1.3932671653543307
21
2.0695597637795276
0
LINE
8
BLACK
6
CONTINUOUS
10
1.3932671653543307
20
2.0695597637795276
11
1.3934740551181102
21
2.0690191732283463
0
LINE
8
BLACK
6
CONTINUOUS
10
1.3934740551181102
20
2.0690191732283463
11
1.3934815748031495
21
2.0689133070866141
0
LINE
8
BLACK
6
CONTINUOUS
10
1.3934815748031495
20
2.0689133070866141
11
1.3935221653543306
21
2.0688153149606299
0
LINE
8
BLACK
6
CONTINUOUS
10
1.3935221653543306
20
2.0688153149606299
11
1.3935788976377952
21
2.068239251968504
0
LINE
8
BLACK
6
CONTINUOUS
10
1.3935788976377952
20
2.068239251968504
11
1.3935788976377952
21
2.0644897244094489
0
LINE
8
BLACK
6
CONTINUOUS
10
1.3935788976377952
20
2.0644897244094489
11
1.3935221653543306
21
2.0639136614173226
0
LINE
8
BLACK
6
CONTINUOUS
10
1.3935221653543306
20
2.0639136614173226
11
1.3934815354330707
21
2.0638156692913388
0
LINE
8
BLACK
6
CONTINUOUS
10
1.3934815354330707
20
2.0638156692913388
11
1.3934740551181102
21
2.0637098425196849
0
LINE
8
BLACK
6
CONTINUOUS
10
1.3934740551181102
20
2.0637098425196849
11
1.3932671653543307
21
2.0631692125984253
0
LINE
8
BLACK
6
CONTINUOUS
10
1.3932671653543307
20
2.0631692125984253
11
1.3913924015748032
21
2.0594196456692915
0
LINE
8
BLACK
6
CONTINUOUS
10
1.3913924015748032
20
2.0594196456692915
11
1.3913317322834646
21
2.0593233070866139
0
LINE
8
BLACK
6
CONTINUOUS
10
1.3913317322834646
20
2.0593233070866139
11
1.3913166141732283
21
2.059277874015748
0
LINE
8
BLACK
6
CONTINUOUS
10
1.3913166141732283
20
2.059277874015748
11
1.391267559055118
21
2.059221338582677
0
LINE
8
BLACK
6
CONTINUOUS
10
1.391267559055118
20
2.059221338582677
11
1.3910840551181103
21
2.0589297637795276
0
LINE
8
BLACK
6
CONTINUOUS
10
1.3910840551181103
20
2.0589297637795276
11
1.3908043307086615
21
2.0586872047244094
0
LINE
8
BLACK
6
CONTINUOUS
10
1.3908043307086615
20
2.0586872047244094
11
1.3905617716535432
21
2.0584074803149606
0
LINE
8
BLACK
6
CONTINUOUS
10
1.3905617716535432
20
2.0584074803149606
11
1.3902701968503937
21
2.0582239763779526
0
LINE
8
BLACK
6
CONTINUOUS
10
1.3902701968503937
20
2.0582239763779526
11
1.3902136614173228
21
2.0581749212598424
0
LINE
8
BLACK
6
CONTINUOUS
10
1.3902136614173228
20
2.0581749212598424
11
1.3901682283464567
21
2.0581598031496062
0
LINE
8
BLACK
6
CONTINUOUS
10
1.3901682283464567
20
2.0581598031496062
11
1.3900718897637796
21
2.0580991338582675
0
LINE
8
BLACK
6
CONTINUOUS
10
1.3900718897637796
20
2.0580991338582675
11
1.3863223622047243
21
2.0562243700787399
0
LINE
8
BLACK
6
CONTINUOUS
10
1.3863223622047243
20
2.0562243700787399
11
1.3857817322834645
21
2.0560174803149605
0
LINE
8
BLACK
6
CONTINUOUS
10
1.3857817322834645
20
2.0560174803149605
11
1.3856759055118111
21
2.0560100000000001
0
LINE
8
BLACK
6
CONTINUOUS
10
1.3856759055118111
20
2.0560100000000001
11
1.3855779133858268
21
2.0559693700787403
0
LINE
8
BLACK
6
CONTINUOUS
10
1.3855779133858268
20
2.0559693700787403
11
1.3850018503937007
21
2.0559126377952754
0
LINE
8
BLACK
6
CONTINUOUS
10
1.3850018503937007
20
2.0559126377952754
11
1.3756280314960629
21
2.0559126377952754
0
LINE
8
BLACK
6
CONTINUOUS
10
1.3756280314960629
20
2.0559126377952754
11
1.3750519685039371
21
2.0559693700787403
0
LINE
8
BLACK
6
CONTINUOUS
10
1.3750519685039371
20
2.0559693700787403
11
1.3749539763779528
21
2.0560099606299214
0
LINE
8
BLACK
6
CONTINUOUS
10
1.3749539763779528
20
2.0560099606299214
11
1.3748481102362204
21
2.0560174803149605
0
LINE
8
BLACK
6
CONTINUOUS
10
1.3748481102362204
20
2.0560174803149605
11
1.3743075196850394
21
2.0562243700787399
0
LINE
8
BLACK
6
CONTINUOUS
10
1.3743075196850394
20
2.0562243700787399
11
1.3736578740157479
21
2.056549212598425
0
LINE
8
BLACK
6
CONTINUOUS
10
1.3736578740157479
20
2.056549212598425
11
1.3735189763779527
21
2.0564102755905513
0
LINE
8
BLACK
6
CONTINUOUS
10
1.3735189763779527
20
2.0564102755905513
11
1.3724545669291339
21
2.0559693700787403
0
LINE
8
BLACK
6
CONTINUOUS
10
1.3724545669291339
20
2.0559693700787403
11
1.371302440944882
21
2.0559693700787403
0
LINE
8
BLACK
6
CONTINUOUS
10
1.371302440944882
20
2.0559693700787403
11
1.3702380314960629
21
2.0564102755905513
0
LINE
8
BLACK
6
CONTINUOUS
10
1.3702380314960629
20
2.0564102755905513
11
1.3694233858267717
21
2.0572249212598424
0
LINE
8
BLACK
6
CONTINUOUS
10
1.3694233858267717
20
2.0572249212598424
11
1.3689824803149606
21
2.0582893307086612
0
LINE
8
BLACK
6
CONTINUOUS
10
1.3689824803149606
20
2.0582893307086612
11
1.368925748031496
21
2.0588653937007875
0
LINE
8
BLACK
6
CONTINUOUS
10
1.368925748031496
20
2.0588653937007875
11
1.368925748031496
21
2.0794878346456693
0
LINE
8
BLACK
6
CONTINUOUS
10
1.368925748031496
20
2.0794878346456693
11
1.3689824803149606
21
2.0800638976377952
0
LINE
8
BLACK
6
CONTINUOUS
10
1.3689824803149606
20
2.0800638976377952
11
1.3690230708661417
21
2.0801619291338582
0
LINE
8
BLACK
6
CONTINUOUS
10
1.3690230708661417
20
2.0801619291338582
11
1.369030590551181
21
2.0802677165354329
0
LINE
8
BLACK
6
CONTINUOUS
10
1.369030590551181
20
2.0802677165354329
11
1.3692374803149605
21
2.0808083464566929
0
LINE
8
BLACK
6
CONTINUOUS
10
1.3692374803149605
20
2.0808083464566929
11
1.3711122440944881
21
2.084557874015748
0
LINE
8
BLACK
6
CONTINUOUS
10
1.3711122440944881
20
2.084557874015748
11
1.3711728740157481
21
2.0846542519685038
0
LINE
8
BLACK
6
CONTINUOUS
10
1.3711728740157481
20
2.0846542519685038
11
1.3711880314960629
21
2.0846996456692914
0
LINE
8
BLACK
6
CONTINUOUS
10
1.3711880314960629
20
2.0846996456692914
11
1.3712370472440945
21
2.0847562204724408
0
LINE
8
BLACK
6
CONTINUOUS
10
1.3712370472440945
20
2.0847562204724408
11
1.3714205905511812
21
2.0850477559055118
0
LINE
8
BLACK
6
CONTINUOUS
10
1.3714205905511812
20
2.0850477559055118
11
1.3717002755905512
21
2.0852903543307084
0
LINE
8
BLACK
6
CONTINUOUS
10
1.3717002755905512
20
2.0852903543307084
11
1.371942874015748
21
2.0855700393700789
0
LINE
8
BLACK
6
CONTINUOUS
10
1.371942874015748
20
2.0855700393700789
11
1.3722344094488188
21
2.0857535826771652
0
LINE
8
BLACK
6
CONTINUOUS
10
1.3722344094488188
20
2.0857535826771652
11
1.3722909842519684
21
2.0858025984251967
0
LINE
8
BLACK
6
CONTINUOUS
10
1.3722909842519684
20
2.0858025984251967
11
1.372336377952756
21
2.0858177559055116
0
LINE
8
BLACK
6
CONTINUOUS
10
1.372336377952756
20
2.0858177559055116
11
1.3724327559055118
21
2.0858783858267715
0
LINE
8
BLACK
6
CONTINUOUS
10
1.3724327559055118
20
2.0858783858267715
11
1.3761822834645669
21
2.0877531496062991
0
LINE
8
BLACK
6
CONTINUOUS
10
1.3761822834645669
20
2.0877531496062991
11
1.376722874015748
21
2.0879600393700786
0
LINE
8
BLACK
6
CONTINUOUS
10
1.376722874015748
20
2.0879600393700786
11
1.3768287401574804
21
2.0879675984251969
0
LINE
8
BLACK
6
CONTINUOUS
10
1.3768287401574804
20
2.0879675984251969
11
1.3769267322834646
21
2.0880081496062992
0
LINE
8
BLACK
6
CONTINUOUS
10
1.3769267322834646
20
2.0880081496062992
11
1.3775027952755905
21
2.0880648818897636
0
LINE
8
BLACK
6
CONTINUOUS
10
1.3775027952755905
20
2.0880648818897636
11
1.3850018503937007
21
2.0880648818897636
0
LINE
8
BLACK
6
CONTINUOUS
10
1.3850018503937007
20
2.0880648818897636
11
1.3855779133858268
21
2.0880081496062992
0
LINE
8
BLACK
6
CONTINUOUS
10
1.3748312598425196
20
2.0625650787401573
11
1.3763250787401575
21
2.0618181496062991
0
LINE
8
BLACK
6
CONTINUOUS
10
1.3763250787401575
20
2.0618181496062991
11
1.3843048031496064
21
2.0618181496062991
0
LINE
8
BLACK
6
CONTINUOUS
10
1.3843048031496064
20
2.0618181496062991
11
1.3865505118110235
21
2.0629410236220473
0
LINE
8
BLACK
6
CONTINUOUS
10
1.3865505118110235
20
2.0629410236220473
11
1.3876733858267716
21
2.0651867716535435
0
LINE
8
BLACK
6
CONTINUOUS
10
1.3876733858267716
20
2.0651867716535435
11
1.3876733858267716
21
2.0675422047244094
0
LINE
8
BLACK
6
CONTINUOUS
10
1.3876733858267716
20
2.0675422047244094
11
1.3865505118110235
21
2.0697879527559055
0
LINE
8
BLACK
6
CONTINUOUS
10
1.3865505118110235
20
2.0697879527559055
11
1.3843048031496064
21
2.0709107874015746
0
LINE
8
BLACK
6
CONTINUOUS
10
1.3843048031496064
20
2.0709107874015746
11
1.3756280314960629
21
2.0709107874015746
0
LINE
8
BLACK
6
CONTINUOUS
10
1.3756280314960629
20
2.0709107874015746
11
1.3750519685039371
21
2.0709675196850394
0
LINE
8
BLACK
6
CONTINUOUS
10
1.3750519685039371
20
2.0709675196850394
11
1.3749539763779528
21
2.0710081102362206
0
LINE
8
BLACK
6
CONTINUOUS
10
1.3749539763779528
20
2.0710081102362206
11
1.3748481102362204
21
2.0710156299212596
0
LINE
8
BLACK
6
CONTINUOUS
10
1.3748481102362204
20
2.0710156299212596
11
1.3748312598425196
21
2.0710220866141733
0
LINE
8
BLACK
6
CONTINUOUS
10
1.3748312598425196
20
2.0710220866141733
11
1.3748312598425196
21
2.0625650787401573
0
LINE
8
BLACK
6
CONTINUOUS
10
1.4905648031496062
20
2.0880081496062992
11
1.4906627952755904
21
2.0879675590551181
0
LINE
8
BLACK
6
CONTINUOUS
10
1.4906627952755904
20
2.0879675590551181
11
1.490768622047244
21
2.0879600393700786
0
LINE
8
BLACK
6
CONTINUOUS
10
1.490768622047244
20
2.0879600393700786
11
1.4913092519685038
21
2.0877531496062991
0
LINE
8
BLACK
6
CONTINUOUS
10
1.4913092519685038
20
2.0877531496062991
11
1.4950587795275589
21
2.0858783858267715
0
LINE
8
BLACK
6
CONTINUOUS
10
1.4950587795275589
20
2.0858783858267715
11
1.4951551181102363
21
2.0858177559055116
0
LINE
8
BLACK
6
CONTINUOUS
10
1.4951551181102363
20
2.0858177559055116
11
1.4952005511811024
21
2.0858025984251967
0
LINE
8
BLACK
6
CONTINUOUS
10
1.4952005511811024
20
2.0858025984251967
11
1.4952570866141732
21
2.0857535826771652
0
LINE
8
BLACK
6
CONTINUOUS
10
1.4952570866141732
20
2.0857535826771652
11
1.4955486614173228
21
2.0855700393700789
0
LINE
8
BLACK
6
CONTINUOUS
10
1.4955486614173228
20
2.0855700393700789
11
1.4957912204724408
21
2.0852903543307084
0
LINE
8
BLACK
6
CONTINUOUS
10
1.4957912204724408
20
2.0852903543307084
11
1.4960709448818896
21
2.0850477559055118
0
LINE
8
BLACK
6
CONTINUOUS
10
1.4960709448818896
20
2.0850477559055118
11
1.4962544488188976
21
2.0847562204724408
0
LINE
8
BLACK
6
CONTINUOUS
10
1.4962544488188976
20
2.0847562204724408
11
1.4963035039370078
21
2.0846996456692914
0
LINE
8
BLACK
6
CONTINUOUS
10
1.4963035039370078
20
2.0846996456692914
11
1.496318622047244
21
2.0846542519685038
0
LINE
8
BLACK
6
CONTINUOUS
10
1.496318622047244
20
2.0846542519685038
11
1.4963792913385827
21
2.084557874015748
0
LINE
8
BLACK
6
CONTINUOUS
10
1.4963792913385827
20
2.084557874015748
11
1.4982540551181103
21
2.0808083464566929
0
LINE
8
BLACK
6
CONTINUOUS
10
1.4982540551181103
20
2.0808083464566929
11
1.4984609448818897
21
2.0802677559055116
0
LINE
8
BLACK
6
CONTINUOUS
10
1.4984609448818897
20
2.0802677559055116
11
1.4984684645669291
21
2.0801618897637795
0
LINE
8
BLACK
6
CONTINUOUS
10
1.4984684645669291
20
2.0801618897637795
11
1.4985090551181102
21
2.0800638976377952
0
LINE
8
BLACK
6
CONTINUOUS
10
1.4985090551181102
20
2.0800638976377952
11
1.4985657874015748
21
2.0794878346456693
0
LINE
8
BLACK
6
CONTINUOUS
10
1.4985657874015748
20
2.0794878346456693
11
1.4985657874015748
21
2.0644897244094489
0
LINE
8
BLACK
6
CONTINUOUS
10
1.4985657874015748
20
2.0644897244094489
11
1.4985090551181102
21
2.0639136614173226
0
LINE
8
BLACK
6
CONTINUOUS
10
1.4985090551181102
20
2.0639136614173226
11
1.4984684251968503
21
2.0638156692913388
0
LINE
8
BLACK
6
CONTINUOUS
10
1.4984684251968503
20
2.0638156692913388
11
1.4984609448818897
21
2.0637098425196849
0
LINE
8
BLACK
6
CONTINUOUS
10
1.4984609448818897
20
2.0637098425196849
11
1.4982540551181103
21
2.0631692125984253
0
LINE
8
BLACK
6
CONTINUOUS
10
1.4982540551181103
20
2.0631692125984253
11
1.4963792913385827
21
2.0594196456692915
0
LINE
8
BLACK
6
CONTINUOUS
10
1.4963792913385827
20
2.0594196456692915
11
1.496318622047244
21
2.0593233070866139
0
LINE
8
BLACK
6
CONTINUOUS
10
1.496318622047244
20
2.0593233070866139
11
1.4963035039370078
21
2.059277874015748
0
LINE
8
BLACK
6
CONTINUOUS
10
1.4963035039370078
20
2.059277874015748
11
1.4962544488188976
21
2.059221338582677
0
LINE
8
BLACK
6
CONTINUOUS
10
1.4962544488188976
20
2.059221338582677
11
1.4960709448818896
21
2.0589297637795276
0
LINE
8
BLACK
6
CONTINUOUS
10
1.4960709448818896
20
2.0589297637795276
11
1.4957912204724408
21
2.0586872047244094
0
LINE
8
BLACK
6
CONTINUOUS
10
1.4957912204724408
20
2.0586872047244094
11
1.4955486614173228
21
2.0584074803149606
0
LINE
8
BLACK
6
CONTINUOUS
10
1.4955486614173228
20
2.0584074803149606
11
1.4952570866141732
21
2.0582239763779526
0
LINE
8
BLACK
6
CONTINUOUS
10
1.4952570866141732
20
2.0582239763779526
11
1.4952005511811024
21
2.0581749212598424
0
LINE
8
BLACK
6
CONTINUOUS
10
1.4952005511811024
20
2.0581749212598424
11
1.4951551181102363
21
2.0581598031496062
0
LINE
8
BLACK
6
CONTINUOUS
10
1.4951551181102363
20
2.0581598031496062
11
1.4950587795275589
21
2.0580991338582675
0
LINE
8
BLACK
6
CONTINUOUS
10
1.4950587795275589
20
2.0580991338582675
11
1.4913092519685038
21
2.0562243700787399
0
LINE
8
BLACK
6
CONTINUOUS
10
1.4913092519685038
20
2.0562243700787399
11
1.490768622047244
21
2.0560174803149605
0
LINE
8
BLACK
6
CONTINUOUS
10
1.490768622047244
20
2.0560174803149605
11
1.4906627952755904
21
2.0560100000000001
0
LINE
8
BLACK
6
CONTINUOUS
10
1.4906627952755904
20
2.0560100000000001
11
1.4905648031496062
21
2.0559693700787403
0
LINE
8
BLACK
6
CONTINUOUS
10
1.4905648031496062
20
2.0559693700787403
11
1.4899887401574803
21
2.0559126377952754
0
LINE
8
BLACK
6
CONTINUOUS
10
1.4899887401574803
20
2.0559126377952754
11
1.4824896850393701
21
2.0559126377952754
0
LINE
8
BLACK
6
CONTINUOUS
10
1.4824896850393701
20
2.0559126377952754
11
1.481913622047244
21
2.0559693700787403
0
LINE
8
BLACK
6
CONTINUOUS
10
1.481913622047244
20
2.0559693700787403
11
1.4818156299212597
21
2.0560099606299214
0
LINE
8
BLACK
6
CONTINUOUS
10
1.4818156299212597
20
2.0560099606299214
11
1.4817097637795276
21
2.0560174803149605
0
LINE
8
BLACK
6
CONTINUOUS
10
1.4817097637795276
20
2.0560174803149605
11
1.4811691732283465
21
2.0562243700787399
0
LINE
8
BLACK
6
CONTINUOUS
10
1.4811691732283465
20
2.0562243700787399
11
1.4774196456692914
21
2.0580991338582675
0
LINE
8
BLACK
6
CONTINUOUS
10
1.4774196456692914
20
2.0580991338582675
11
1.4769297637795276
21
2.0584074803149606
0
LINE
8
BLACK
6
CONTINUOUS
10
1.4769297637795276
20
2.0584074803149606
11
1.4761749212598425
21
2.059277874015748
0
LINE
8
BLACK
6
CONTINUOUS
10
1.4761749212598425
20
2.059277874015748
11
1.4758105905511811
21
2.0603708267716536
0
LINE
8
BLACK
6
CONTINUOUS
10
1.4758105905511811
20
2.0603708267716536
11
1.4758922440944882
21
2.0615200393700785
0
LINE
8
BLACK
6
CONTINUOUS
10
1.4758922440944882
20
2.0615200393700785
11
1.4764074803149605
21
2.0625505511811024
0
LINE
8
BLACK
6
CONTINUOUS
10
1.4764074803149605
20
2.0625505511811024
11
1.4772778740157479
21
2.0633053937007872
0
LINE
8
BLACK
6
CONTINUOUS
10
1.4772778740157479
20
2.0633053937007872
11
1.4783708267716535
21
2.0636697244094488
0
LINE
8
BLACK
6
CONTINUOUS
10
1.4783708267716535
20
2.0636697244094488
11
1.4795200393700787
21
2.0635880708661416
0
LINE
8
BLACK
6
CONTINUOUS
10
1.4795200393700787
20
2.0635880708661416
11
1.4800606692913385
21
2.0633811811023621
0
LINE
8
BLACK
6
CONTINUOUS
10
1.4800606692913385
20
2.0633811811023621
11
1.4831867322834644
21
2.0618181496062991
0
LINE
8
BLACK
6
CONTINUOUS
10
1.4831867322834644
20
2.0618181496062991
11
1.4892916929133857
21
2.0618181496062991
0
LINE
8
BLACK
6
CONTINUOUS
10
1.4892916929133857
20
2.0618181496062991
11
1.4915374015748031
21
2.0629410236220473
0
LINE
8
BLACK
6
CONTINUOUS
10
1.4915374015748031
20
2.0629410236220473
11
1.4926602755905511
21
2.0651867716535435
0
LINE
8
BLACK
6
CONTINUOUS
10
1.4926602755905511
20
2.0651867716535435
11
1.4926602755905511
21
2.0695681496062992
0
LINE
8
BLACK
6
CONTINUOUS
10
1.4926602755905511
20
2.0695681496062992
11
1.4762862992125985
21
2.0728428740157478
0
LINE
8
BLACK
6
CONTINUOUS
10
1.4762862992125985
20
2.0728428740157478
11
1.475732559055118
21
2.0730114960629922
0
LINE
8
BLACK
6
CONTINUOUS
10
1.475732559055118
20
2.0730114960629922
11
1.4754921653543307
21
2.0731725196850395
0
LINE
8
BLACK
6
CONTINUOUS
10
1.4754921653543307
20
2.0731725196850395
11
1.4752249212598425
21
2.0732831889763781
0
LINE
8
BLACK
6
CONTINUOUS
10
1.4752249212598425
20
2.0732831889763781
11
1.4750181889763778
21
2.0734899212598425
0
LINE
8
BLACK
6
CONTINUOUS
10
1.4750181889763778
20
2.0734899212598425
11
1.4747752755905512
21
2.073652598425197
0
LINE
8
BLACK
6
CONTINUOUS
10
1.4747752755905512
20
2.073652598425197
11
1.4746148031496062
21
2.0738933070866143
0
LINE
8
BLACK
6
CONTINUOUS
10
1.4746148031496062
20
2.0738933070866143
11
1.474410275590551
21
2.0740978346456691
0
LINE
8
BLACK
6
CONTINUOUS
10
1.474410275590551
20
2.0740978346456691
11
1.4742983858267715
21
2.0743679133858266
0
LINE
8
BLACK
6
CONTINUOUS
10
1.4742983858267715
20
2.0743679133858266
11
1.4741362204724409
21
2.074611181102362
0
LINE
8
BLACK
6
CONTINUOUS
10
1.4741362204724409
20
2.074611181102362
11
1.4740800393700788
21
2.0748950000000002
0
LINE
8
BLACK
6
CONTINUOUS
10
1.4740800393700788
20
2.0748950000000002
11
1.4739693700787402
21
2.0751622440944884
0
LINE
8
BLACK
6
CONTINUOUS
10
1.4739693700787402
20
2.0751622440944884
11
1.4739126377952756
21
2.0757383070866142
0
LINE
8
BLACK
6
CONTINUOUS
10
1.4739126377952756
20
2.0757383070866142
11
1.4739126377952756
21
2.0794878346456693
0
LINE
8
BLACK
6
CONTINUOUS
10
1.4739126377952756
20
2.0794878346456693
11
1.4739693700787402
21
2.0800638976377952
0
LINE
8
BLACK
6
CONTINUOUS
10
1.4739693700787402
20
2.0800638976377952
11
1.4740099606299213
21
2.0801619291338582
0
LINE
8
BLACK
6
CONTINUOUS
10
1.4740099606299213
20
2.0801619291338582
11
1.4740174803149606
21
2.0802677165354329
0
LINE
8
BLACK
6
CONTINUOUS
10
1.4740174803149606
20
2.0802677165354329
11
1.4742243700787401
21
2.0808083464566929
0
LINE
8
BLACK
6
CONTINUOUS
10
1.4742243700787401
20
2.0808083464566929
11
1.4760991338582676
21
2.084557874015748
0
LINE
8
BLACK
6
CONTINUOUS
10
1.4760991338582676
20
2.084557874015748
11
1.4761597637795276
21
2.0846542519685038
0
LINE
8
BLACK
6
CONTINUOUS
10
1.4761597637795276
20
2.0846542519685038
11
1.4761749212598425
21
2.0846996456692914
0
LINE
8
BLACK
6
CONTINUOUS
10
1.4761749212598425
20
2.0846996456692914
11
1.476223937007874
21
2.0847562204724408
0
LINE
8
BLACK
6
CONTINUOUS
10
1.476223937007874
20
2.0847562204724408
11
1.4764074803149605
21
2.0850477559055118
0
LINE
8
BLACK
6
CONTINUOUS
10
1.4764074803149605
20
2.0850477559055118
11
1.4766871653543308
21
2.0852903543307084
0
LINE
8
BLACK
6
CONTINUOUS
10
1.4766871653543308
20
2.0852903543307084
11
1.4769297637795276
21
2.0855700393700789
0
LINE
8
BLACK
6
CONTINUOUS
10
1.4769297637795276
20
2.0855700393700789
11
1.4772212992125984
21
2.0857535826771652
0
LINE
8
BLACK
6
CONTINUOUS
10
1.4772212992125984
20
2.0857535826771652
11
1.4772778740157479
21
2.0858025984251967
0
LINE
8
BLACK
6
CONTINUOUS
10
1.4772778740157479
20
2.0858025984251967
11
1.4773232677165353
21
2.0858177559055116
0
LINE
8
BLACK
6
CONTINUOUS
10
1.4773232677165353
20
2.0858177559055116
11
1.4774196456692914
21
2.0858783858267715
0
LINE
8
BLACK
6
CONTINUOUS
10
1.4774196456692914
20
2.0858783858267715
11
1.4811691732283465
21
2.0877531496062991
0
LINE
8
BLACK
6
CONTINUOUS
10
1.4811691732283465
20
2.0877531496062991
11
1.4817097637795276
21
2.0879600393700786
0
LINE
8
BLACK
6
CONTINUOUS
10
1.4817097637795276
20
2.0879600393700786
11
1.4818156299212597
21
2.0879675984251969
0
LINE
8
BLACK
6
CONTINUOUS
10
1.4818156299212597
20
2.0879675984251969
11
1.481913622047244
21
2.0880081496062992
0
LINE
8
BLACK
6
CONTINUOUS
10
1.481913622047244
20
2.0880081496062992
11
1.4824896850393701
21
2.0880648818897636
0
LINE
8
BLACK
6
CONTINUOUS
10
1.4824896850393701
20
2.0880648818897636
11
1.4899887401574803
21
2.0880648818897636
0
LINE
8
BLACK
6
CONTINUOUS
10
1.4899887401574803
20
2.0880648818897636
11
1.4905648031496062
21
2.0880081496062992
0
LINE
8
BLACK
6
CONTINUOUS
10
1.4809409842519685
20
2.0810365354330709
11
1.4798181496062992
21
2.0787907874015747
0
LINE
8
BLACK
6
CONTINUOUS
10
1.4798181496062992
20
2.0787907874015747
11
1.4798181496062992
21
2.0781590157480316
0
LINE
8
BLACK
6
CONTINUOUS
10
1.4798181496062992
20
2.0781590157480316
11
1.4926602755905511
21
2.0755905905511809
0
LINE
8
BLACK
6
CONTINUOUS
10
1.4926602755905511
20
2.0755905905511809
11
1.4926602755905511
21
2.0787907874015747
0
LINE
8
BLACK
6
CONTINUOUS
10
1.4926602755905511
20
2.0787907874015747
11
1.4915374015748031
21
2.0810365354330709
0
LINE
8
BLACK
6
CONTINUOUS
10
1.4915374015748031
20
2.0810365354330709
11
1.4892916929133857
21
2.08215937007874
0
LINE
8
BLACK
6
CONTINUOUS
10
1.4892916929133857
20
2.08215937007874
11
1.4831867322834644
21
2.08215937007874
0
LINE
8
BLACK
6
CONTINUOUS
10
1.4831867322834644
20
2.08215937007874
11
1.4809409842519685
21
2.0810365354330709
0
LINE
8
BLACK
6
CONTINUOUS
10
1.5178759448818897
20
2.100690590551181
11
1.5186905905511812
21
2.0998759448818896
0
LINE
8
BLACK
6
CONTINUOUS
10
1.5186905905511812
20
2.0998759448818896
11
1.519131496062992
21
2.0988115354330708
0
LINE
8
BLACK
6
CONTINUOUS
10
1.519131496062992
20
2.0988115354330708
11
1.5191882283464566
21
2.0982354724409449
0
LINE
8
BLACK
6
CONTINUOUS
10
1.5191882283464566
20
2.0982354724409449
11
1.5191882283464566
21
2.0880648818897636
0
LINE
8
BLACK
6
CONTINUOUS
10
1.5191882283464566
20
2.0880648818897636
11
1.5218597637795275
21
2.0880648818897636
0
LINE
8
BLACK
6
CONTINUOUS
10
1.5218597637795275
20
2.0880648818897636
11
1.5224358267716536
21
2.0880081496062992
0
LINE
8
BLACK
6
CONTINUOUS
10
1.5224358267716536
20
2.0880081496062992
11
1.5235002362204724
21
2.0875672440944881
0
LINE
8
BLACK
6
CONTINUOUS
10
1.5235002362204724
20
2.0875672440944881
11
1.5243148818897638
21
2.0867525984251967
0
LINE
8
BLACK
6
CONTINUOUS
10
1.5243148818897638
20
2.0867525984251967
11
1.5247557874015747
21
2.0856881889763779
0
LINE
8
BLACK
6
CONTINUOUS
10
1.5247557874015747
20
2.0856881889763779
11
1.5247557874015747
21
2.0845360629921261
0
LINE
8
BLACK
6
CONTINUOUS
10
1.5247557874015747
20
2.0845360629921261
11
1.5243148818897638
21
2.0834716535433069
0
LINE
8
BLACK
6
CONTINUOUS
10
1.5243148818897638
20
2.0834716535433069
11
1.5235002362204724
21
2.0826570078740159
0
LINE
8
BLACK
6
CONTINUOUS
10
1.5235002362204724
20
2.0826570078740159
11
1.5224358267716536
21
2.0822161023622048
0
LINE
8
BLACK
6
CONTINUOUS
10
1.5224358267716536
20
2.0822161023622048
11
1.5218597637795275
21
2.08215937007874
0
LINE
8
BLACK
6
CONTINUOUS
10
1.5218597637795275
20
2.08215937007874
11
1.5191882283464566
21
2.08215937007874
0
LINE
8
BLACK
6
CONTINUOUS
10
1.5191882283464566
20
2.08215937007874
11
1.5191882283464566
21
2.0644897244094489
0
LINE
8
BLACK
6
CONTINUOUS
10
1.5191882283464566
20
2.0644897244094489
11
1.519131496062992
21
2.0639136614173226
0
LINE
8
BLACK
6
CONTINUOUS
10
1.519131496062992
20
2.0639136614173226
11
1.5190908661417322
21
2.0638156692913388
0
LINE
8
BLACK
6
CONTINUOUS
10
1.5190908661417322
20
2.0638156692913388
11
1.5190833858267716
21
2.0637098425196849
0
LINE
8
BLACK
6
CONTINUOUS
10
1.5190833858267716
20
2.0637098425196849
11
1.5188764960629921
21
2.0631692125984253
0
LINE
8
BLACK
6
CONTINUOUS
10
1.5188764960629921
20
2.0631692125984253
11
1.5170017322834646
21
2.0594196456692915
0
LINE
8
BLACK
6
CONTINUOUS
10
1.5170017322834646
20
2.0594196456692915
11
1.5169410629921261
21
2.0593233070866139
0
LINE
8
BLACK
6
CONTINUOUS
10
1.5169410629921261
20
2.0593233070866139
11
1.5169259448818897
21
2.059277874015748
0
LINE
8
BLACK
6
CONTINUOUS
10
1.5169259448818897
20
2.059277874015748
11
1.5168768897637794
21
2.059221338582677
0
LINE
8
BLACK
6
CONTINUOUS
10
1.5168768897637794
20
2.059221338582677
11
1.5166933858267717
21
2.0589297637795276
0
LINE
8
BLACK
6
CONTINUOUS
10
1.5166933858267717
20
2.0589297637795276
11
1.5164136614173227
21
2.0586872047244094
0
LINE
8
BLACK
6
CONTINUOUS
10
1.5164136614173227
20
2.0586872047244094
11
1.5161711023622046
21
2.0584074803149606
0
LINE
8
BLACK
6
CONTINUOUS
10
1.5161711023622046
20
2.0584074803149606
11
1.5158795275590551
21
2.0582239763779526
0
LINE
8
BLACK
6
CONTINUOUS
10
1.5158795275590551
20
2.0582239763779526
11
1.5158229921259843
21
2.0581749212598424
0
LINE
8
BLACK
6
CONTINUOUS
10
1.5158229921259843
20
2.0581749212598424
11
1.5157775590551181
21
2.0581598031496062
0
LINE
8
BLACK
6
CONTINUOUS
10
1.5157775590551181
20
2.0581598031496062
11
1.5156812204724408
21
2.0580991338582675
0
LINE
8
BLACK
6
CONTINUOUS
10
1.5156812204724408
20
2.0580991338582675
11
1.5119316929133857
21
2.0562243700787399
0
LINE
8
BLACK
6
CONTINUOUS
10
1.5119316929133857
20
2.0562243700787399
11
1.5113910629921259
21
2.0560174803149605
0
LINE
8
BLACK
6
CONTINUOUS
10
1.5113910629921259
20
2.0560174803149605
11
1.5112852362204725
21
2.0560100000000001
0
LINE
8
BLACK
6
CONTINUOUS
10
1.5112852362204725
20
2.0560100000000001
11
1.5111872440944882
21
2.0559693700787403
0
LINE
8
BLACK
6
CONTINUOUS
10
1.5111872440944882
20
2.0559693700787403
11
1.5106111811023621
21
2.0559126377952754
0
LINE
8
BLACK
6
CONTINUOUS
10
1.5106111811023621
20
2.0559126377952754
11
1.506861653543307
21
2.0559126377952754
0
LINE
8
BLACK
6
CONTINUOUS
10
1.506861653543307
20
2.0559126377952754
11
1.5062855905511812
21
2.0559693700787403
0
LINE
8
BLACK
6
CONTINUOUS
10
1.5062855905511812
20
2.0559693700787403
11
1.5052211811023621
21
2.0564102755905513
0
LINE
8
BLACK
6
CONTINUOUS
10
1.5052211811023621
20
2.0564102755905513
11
1.5044065354330709
21
2.0572249212598424
0
LINE
8
BLACK
6
CONTINUOUS
10
1.5044065354330709
20
2.0572249212598424
11
1.5039656299212598
21
2.0582893307086612
0
LINE
8
BLACK
6
CONTINUOUS
10
1.5039656299212598
20
2.0582893307086612
11
1.5039656299212598
21
2.0594414566929133
0
LINE
8
BLACK
6
CONTINUOUS
10
1.5039656299212598
20
2.0594414566929133
11
1.5044065354330709
21
2.0605058661417321
0
LINE
8
BLACK
6
CONTINUOUS
10
1.5044065354330709
20
2.0605058661417321
11
1.5052211811023621
21
2.0613205118110236
0
LINE
8
BLACK
6
CONTINUOUS
10
1.5052211811023621
20
2.0613205118110236
11
1.5062855905511812
21
2.0617614173228347
0
LINE
8
BLACK
6
CONTINUOUS
10
1.5062855905511812
20
2.0617614173228347
11
1.506861653543307
21
2.0618181496062991
0
LINE
8
BLACK
6
CONTINUOUS
10
1.506861653543307
20
2.0618181496062991
11
1.5099141338582678
21
2.0618181496062991
0
LINE
8
BLACK
6
CONTINUOUS
10
1.5099141338582678
20
2.0618181496062991
11
1.5121598425196849
21
2.0629410236220473
0
LINE
8
BLACK
6
CONTINUOUS
10
1.5121598425196849
20
2.0629410236220473
11
1.513282716535433
21
2.0651867716535435
0
LINE
8
BLACK
6
CONTINUOUS
10
1.513282716535433
20
2.0651867716535435
11
1.513282716535433
21
2.08215937007874
0
LINE
8
BLACK
6
CONTINUOUS
10
1.513282716535433
20
2.08215937007874
11
1.506861653543307
21
2.08215937007874
0
LINE
8
BLACK
6
CONTINUOUS
10
1.506861653543307
20
2.08215937007874
11
1.5062855905511812
21
2.0822161023622048
0
LINE
8
BLACK
6
CONTINUOUS
10
1.5062855905511812
20
2.0822161023622048
11
1.5052211811023621
21
2.0826570078740159
0
LINE
8
BLACK
6
CONTINUOUS
10
1.5052211811023621
20
2.0826570078740159
11
1.5044065354330709
21
2.0834716535433069
0
LINE
8
BLACK
6
CONTINUOUS
10
1.5044065354330709
20
2.0834716535433069
11
1.5039656299212598
21
2.0845360629921261
0
LINE
8
BLACK
6
CONTINUOUS
10
1.5039656299212598
20
2.0845360629921261
11
1.5039656299212598
21
2.0856881889763779
0
LINE
8
BLACK
6
CONTINUOUS
10
1.5039656299212598
20
2.0856881889763779
11
1.5044065354330709
21
2.0867525984251967
0
LINE
8
BLACK
6
CONTINUOUS
10
1.5044065354330709
20
2.0867525984251967
11
1.5052211811023621
21
2.0875672440944881
0
LINE
8
BLACK
6
CONTINUOUS
10
1.5052211811023621
20
2.0875672440944881
11
1.5062855905511812
21
2.0880081496062992
0
LINE
8
BLACK
6
CONTINUOUS
10
1.5062855905511812
20
2.0880081496062992
11
1.506861653543307
21
2.0880648818897636
0
LINE
8
BLACK
6
CONTINUOUS
10
1.506861653543307
20
2.0880648818897636
11
1.513282716535433
21
2.0880648818897636
0
LINE
8
BLACK
6
CONTINUOUS
10
1.513282716535433
20
2.0880648818897636
11
1.513282716535433
21
2.0982354724409449
0
LINE
8
BLACK
6
CONTINUOUS
10
1.513282716535433
20
2.0982354724409449
11
1.5133394488188976
21
2.0988115354330708
0
LINE
8
BLACK
6
CONTINUOUS
10
1.5133394488188976
20
2.0988115354330708
11
1.5137803543307087
21
2.0998759448818896
0
LINE
8
BLACK
6
CONTINUOUS
10
1.5137803543307087
20
2.0998759448818896
11
1.5145949999999999
21
2.100690590551181
0
LINE
8
BLACK
6
CONTINUOUS
10
1.5145949999999999
20
2.100690590551181
11
1.5156594094488189
21
2.1011314960629921
0
LINE
8
BLACK
6
CONTINUOUS
10
1.5156594094488189
20
2.1011314960629921
11
1.5168115354330709
21
2.1011314960629921
0
LINE
8
BLACK
6
CONTINUOUS
10
1.5168115354330709
20
2.1011314960629921
11
1.5178759448818897
21
2.100690590551181
0
LINE
8
BLACK
6
CONTINUOUS
10
1.3162050000000001
20
2.1010983070866143
11
1.3164154330708662
21
2.1010833464566927
0
LINE
8
BLACK
6
CONTINUOUS
10
1.3164154330708662
20
2.1010833464566927
11
1.3167465354330707
21
2.1009177952755906
0
LINE
8
BLACK
6
CONTINUOUS
10
1.3167465354330707
20
2.1009177952755906
11
1.3170977952755905
21
2.1008007086614171
0
LINE
8
BLACK
6
CONTINUOUS
10
1.3170977952755905
20
2.1008007086614171
11
1.317257125984252
21
2.1006625196850393
0
LINE
8
BLACK
6
CONTINUOUS
10
1.317257125984252
20
2.1006625196850393
11
1.3174458661417323
21
2.1005681496062993
0
LINE
8
BLACK
6
CONTINUOUS
10
1.3174458661417323
20
2.1005681496062993
11
1.3176885039370079
21
2.1002884251968506
0
LINE
8
BLACK
6
CONTINUOUS
10
1.3176885039370079
20
2.1002884251968506
11
1.3179681889763779
21
2.1000458267716535
0
LINE
8
BLACK
6
CONTINUOUS
10
1.3179681889763779
20
2.1000458267716535
11
1.3180624803149605
21
2.0998572047244095
0
LINE
8
BLACK
6
CONTINUOUS
10
1.3180624803149605
20
2.0998572047244095
11
1.3182007480314961
21
2.0996977952755906
0
LINE
8
BLACK
6
CONTINUOUS
10
1.3182007480314961
20
2.0996977952755906
11
1.3184367322834645
21
2.0991692125984249
0
LINE
8
BLACK
6
CONTINUOUS
10
1.3184367322834645
20
2.0991692125984249
11
1.3315600787401574
21
2.0597991338582675
0
LINE
8
BLACK
6
CONTINUOUS
10
1.3315600787401574
20
2.0597991338582675
11
1.3316884251968504
21
2.0592347244094489
0
LINE
8
BLACK
6
CONTINUOUS
10
1.3316884251968504
20
2.0592347244094489
11
1.3316067322834646
21
2.0580855118110235
0
LINE
8
BLACK
6
CONTINUOUS
10
1.3316067322834646
20
2.0580855118110235
11
1.3310915354330708
21
2.0570550393700788
0
LINE
8
BLACK
6
CONTINUOUS
10
1.3310915354330708
20
2.0570550393700788
11
1.3302211417322833
21
2.0563001574803148
0
LINE
8
BLACK
6
CONTINUOUS
10
1.3302211417322833
20
2.0563001574803148
11
1.3291281496062992
21
2.0559358267716537
0
LINE
8
BLACK
6
CONTINUOUS
10
1.3291281496062992
20
2.0559358267716537
11
1.3279789370078741
21
2.0560175196850392
0
LINE
8
BLACK
6
CONTINUOUS
10
1.3279789370078741
20
2.0560175196850392
11
1.3269485039370079
21
2.0565327559055118
0
LINE
8
BLACK
6
CONTINUOUS
10
1.3269485039370079
20
2.0565327559055118
11
1.3261936220472441
21
2.0574031102362205
0
LINE
8
BLACK
6
CONTINUOUS
10
1.3261936220472441
20
2.0574031102362205
11
1.3259576377952755
21
2.057931653543307
0
LINE
8
BLACK
6
CONTINUOUS
10
1.3259576377952755
20
2.057931653543307
11
1.3228811023622047
21
2.0671612598425195
0
LINE
8
BLACK
6
CONTINUOUS
10
1.3228811023622047
20
2.0671612598425195
11
1.3083899212598424
21
2.0671612598425195
0
LINE
8
BLACK
6
CONTINUOUS
10
1.3083899212598424
20
2.0671612598425195
11
1.3053133858267716
21
2.057931653543307
0
LINE
8
BLACK
6
CONTINUOUS
10
1.3053133858267716
20
2.057931653543307
11
1.3050774015748032
21
2.0574030708661417
0
LINE
8
BLACK
6
CONTINUOUS
10
1.3050774015748032
20
2.0574030708661417
11
1.3043225196850394
21
2.056532716535433
0
LINE
8
BLACK
6
CONTINUOUS
10
1.3043225196850394
20
2.056532716535433
11
1.3032920866141733
21
2.0560175196850392
0
LINE
8
BLACK
6
CONTINUOUS
10
1.3032920866141733
20
2.0560175196850392
11
1.3021428740157479
21
2.0559358267716537
0
LINE
8
BLACK
6
CONTINUOUS
10
1.3021428740157479
20
2.0559358267716537
11
1.301049842519685
21
2.0563001574803148
0
LINE
8
BLACK
6
CONTINUOUS
10
1.301049842519685
20
2.0563001574803148
11
1.3001794881889763
21
2.0570550393700788
0
LINE
8
BLACK
6
CONTINUOUS
10
1.3001794881889763
20
2.0570550393700788
11
1.2996642913385827
21
2.0580854724409448
0
LINE
8
BLACK
6
CONTINUOUS
10
1.2996642913385827
20
2.0580854724409448
11
1.2995825984251967
21
2.0592346850393701
0
LINE
8
BLACK
6
CONTINUOUS
10
1.2995825984251967
20
2.0592346850393701
11
1.2997109448818898
21
2.0597991338582675
0
LINE
8
BLACK
6
CONTINUOUS
10
1.2997109448818898
20
2.0597991338582675
11
1.3128342913385826
21
2.0991692125984249
0
LINE
8
BLACK
6
CONTINUOUS
10
1.3128342913385826
20
2.0991692125984249
11
1.3130702755905512
21
2.0996977559055119
0
LINE
8
BLACK
6
CONTINUOUS
10
1.3130702755905512
20
2.0996977559055119
11
1.3132084645669291
21
2.099857125984252
0
LINE
8
BLACK
6
CONTINUOUS
10
1.3132084645669291
20
2.099857125984252
11
1.3133028346456692
21
2.1000458267716535
0
LINE
8
BLACK
6
CONTINUOUS
10
1.3133028346456692
20
2.1000458267716535
11
1.3135826771653543
21
2.1002885826771651
0
LINE
8
BLACK
6
CONTINUOUS
10
1.3135826771653543
20
2.1002885826771651
11
1.313825157480315
21
2.1005681102362206
0
LINE
8
BLACK
6
CONTINUOUS
10
1.313825157480315
20
2.1005681102362206
11
1.3140137007874015
21
2.100662401574803
0
LINE
8
BLACK
6
CONTINUOUS
10
1.3140137007874015
20
2.100662401574803
11
1.3141731889763779
21
2.1008007086614171
0
LINE
8
BLACK
6
CONTINUOUS
10
1.3141731889763779
20
2.1008007086614171
11
1.3145245669291339
21
2.1009178346456694
0
LINE
8
BLACK
6
CONTINUOUS
10
1.3145245669291339
20
2.1009178346456694
11
1.3148555905511812
21
2.1010833464566927
0
LINE
8
BLACK
6
CONTINUOUS
10
1.3148555905511812
20
2.1010833464566927
11
1.3150659842519685
21
2.1010983070866143
0
LINE
8
BLACK
6
CONTINUOUS
10
1.3150659842519685
20
2.1010983070866143
11
1.315266220472441
21
2.1011650393700787
0
LINE
8
BLACK
6
CONTINUOUS
10
1.315266220472441
20
2.1011650393700787
11
1.3156355118110237
21
2.1011388188976379
0
LINE
8
BLACK
6
CONTINUOUS
10
1.3156355118110237
20
2.1011388188976379
11
1.3160048031496063
21
2.1011650393700787
0
LINE
8
BLACK
6
CONTINUOUS
10
1.3160048031496063
20
2.1011650393700787
11
1.3162050000000001
21
2.1010983070866143
0
LINE
8
BLACK
6
CONTINUOUS
10
1.3103584251968503
20
2.0730667716535431
11
1.3209125984251968
21
2.0730667716535431
0
LINE
8
BLACK
6
CONTINUOUS
10
1.3209125984251968
20
2.0730667716535431
11
1.3156355118110237
21
2.0888980708661418
0
LINE
8
BLACK
6
CONTINUOUS
10
1.3156355118110237
20
2.0888980708661418
11
1.3103584251968503
21
2.0730667716535431
0
LINE
8
BLACK
6
CONTINUOUS
10
1.5786722440944883
20
2.1010983070866143
11
1.5788826771653544
21
2.1010833464566927
0
LINE
8
BLACK
6
CONTINUOUS
10
1.5788826771653544
20
2.1010833464566927
11
1.5792137795275589
21
2.1009177952755906
0
LINE
8
BLACK
6
CONTINUOUS
10
1.5792137795275589
20
2.1009177952755906
11
1.5795650393700786
21
2.1008007086614171
0
LINE
8
BLACK
6
CONTINUOUS
10
1.5795650393700786
20
2.1008007086614171
11
1.5797243700787402
21
2.1006625196850393
0
LINE
8
BLACK
6
CONTINUOUS
10
1.5797243700787402
20
2.1006625196850393
11
1.5799131102362205
21
2.1005681496062993
0
LINE
8
BLACK
6
CONTINUOUS
10
1.5799131102362205
20
2.1005681496062993
11
1.5801557480314961
21
2.1002884251968506
0
LINE
8
BLACK
6
CONTINUOUS
10
1.5801557480314961
20
2.1002884251968506
11
1.5804354330708661
21
2.1000458267716535
0
LINE
8
BLACK
6
CONTINUOUS
10
1.5804354330708661
20
2.1000458267716535
11
1.5805297244094487
21
2.0998572047244095
0
LINE
8
BLACK
6
CONTINUOUS
10
1.5805297244094487
20
2.0998572047244095
11
1.5806679921259843
21
2.0996977952755906
0
LINE
8
BLACK
6
CONTINUOUS
10
1.5806679921259843
20
2.0996977952755906
11
1.5809039763779527
21
2.0991692125984249
0
LINE
8
BLACK
6
CONTINUOUS
10
1.5809039763779527
20
2.0991692125984249
11
1.5940273228346455
21
2.0597991338582675
0
LINE
8
BLACK
6
CONTINUOUS
10
1.5940273228346455
20
2.0597991338582675
11
1.5941556692913386
21
2.0592347244094489
0
LINE
8
BLACK
6
CONTINUOUS
10
1.5941556692913386
20
2.0592347244094489
11
1.5940739763779528
21
2.0580855118110235
0
LINE
8
BLACK
6
CONTINUOUS
10
1.5940739763779528
20
2.0580855118110235
11
1.593558779527559
21
2.0570550393700788
0
LINE
8
BLACK
6
CONTINUOUS
10
1.593558779527559
20
2.0570550393700788
11
1.5926883858267715
21
2.0563001574803148
0
LINE
8
BLACK
6
CONTINUOUS
10
1.5926883858267715
20
2.0563001574803148
11
1.5915953937007874
21
2.0559358267716537
0
LINE
8
BLACK
6
CONTINUOUS
10
1.5915953937007874
20
2.0559358267716537
11
1.5904461811023622
21
2.0560175196850392
0
LINE
8
BLACK
6
CONTINUOUS
10
1.5904461811023622
20
2.0560175196850392
11
1.5894157480314961
21
2.0565327559055118
0
LINE
8
BLACK
6
CONTINUOUS
10
1.5894157480314961
20
2.0565327559055118
11
1.5886608661417323
21
2.0574031102362205
0
LINE
8
BLACK
6
CONTINUOUS
10
1.5886608661417323
20
2.0574031102362205
11
1.5884248818897637
21
2.057931653543307
0
LINE
8
BLACK
6
CONTINUOUS
10
1.5884248818897637
20
2.057931653543307
11
1.5853483464566929
21
2.0671612598425195
0
LINE
8
BLACK
6
CONTINUOUS
10
1.5853483464566929
20
2.0671612598425195
11
1.5708571653543306
21
2.0671612598425195
0
LINE
8
BLACK
6
CONTINUOUS
10
1.5708571653543306
20
2.0671612598425195
11
1.5677806299212598
21
2.057931653543307
0
LINE
8
BLACK
6
CONTINUOUS
10
1.5677806299212598
20
2.057931653543307
11
1.5675446456692912
21
2.0574030708661417
0
LINE
8
BLACK
6
CONTINUOUS
10
1.5675446456692912
20
2.0574030708661417
11
1.5667897637795276
21
2.056532716535433
0
LINE
8
BLACK
6
CONTINUOUS
10
1.5667897637795276
20
2.056532716535433
11
1.5657593307086615
21
2.0560175196850392
0
LINE
8
BLACK
6
CONTINUOUS
10
1.5657593307086615
20
2.0560175196850392
11
1.5646101181102361
21
2.0559358267716537
0
LINE
8
BLACK
6
CONTINUOUS
10
1.5646101181102361
20
2.0559358267716537
11
1.5635170866141732
21
2.0563001574803148
0
LINE
8
BLACK
6
CONTINUOUS
10
1.5635170866141732
20
2.0563001574803148
11
1.5626467322834645
21
2.0570550393700788
0
LINE
8
BLACK
6
CONTINUOUS
10
1.5626467322834645
20
2.0570550393700788
11
1.5621315354330709
21
2.0580854724409448
0
LINE
8
BLACK
6
CONTINUOUS
10
1.5621315354330709
20
2.0580854724409448
11
1.5620498425196849
21
2.0592346850393701
0
LINE
8
BLACK
6
CONTINUOUS
10
1.5620498425196849
20
2.0592346850393701
11
1.5621781889763779
21
2.0597991338582675
0
LINE
8
BLACK
6
CONTINUOUS
10
1.5621781889763779
20
2.0597991338582675
11
1.5753015354330708
21
2.0991692125984249
0
LINE
8
BLACK
6
CONTINUOUS
10
1.5753015354330708
20
2.0991692125984249
11
1.5755375196850394
21
2.0996977559055119
0
LINE
8
BLACK
6
CONTINUOUS
10
1.5755375196850394
20
2.0996977559055119
11
1.5756757086614173
21
2.099857125984252
0
LINE
8
BLACK
6
CONTINUOUS
10
1.5756757086614173
20
2.099857125984252
11
1.5757700787401574
21
2.1000458267716535
0
LINE
8
BLACK
6
CONTINUOUS
10
1.5757700787401574
20
2.1000458267716535
11
1.5760499212598424
21
2.1002885826771651
0
LINE
8
BLACK
6
CONTINUOUS
10
1.5760499212598424
20
2.1002885826771651
11
1.5762924015748032
21
2.1005681102362206
0
LINE
8
BLACK
6
CONTINUOUS
10
1.5762924015748032
20
2.1005681102362206
11
1.5764809448818897
21
2.100662401574803
0
LINE
8
BLACK
6
CONTINUOUS
10
1.5764809448818897
20
2.100662401574803
11
1.5766404330708661
21
2.1008007086614171
0
LINE
8
BLACK
6
CONTINUOUS
10
1.5766404330708661
20
2.1008007086614171
11
1.5769918110236221
21
2.1009178346456694
0
LINE
8
BLACK
6
CONTINUOUS
10
1.5769918110236221
20
2.1009178346456694
11
1.5773228346456694
21
2.1010833464566927
0
LINE
8
BLACK
6
CONTINUOUS
10
1.5773228346456694
20
2.1010833464566927
11
1.5775332283464567
21
2.1010983070866143
0
LINE
8
BLACK
6
CONTINUOUS
10
1.5775332283464567
20
2.1010983070866143
11
1.5777334645669292
21
2.1011650393700787
0
LINE
8
BLACK
6
CONTINUOUS
10
1.5777334645669292
20
2.1011650393700787
11
1.5781027559055119
21
2.1011388188976379
0
LINE
8
BLACK
6
CONTINUOUS
10
1.5781027559055119
20
2.1011388188976379
11
1.5784720472440945
21
2.1011650393700787
0
LINE
8
BLACK
6
CONTINUOUS
10
1.5784720472440945
20
2.1011650393700787
11
1.5786722440944883
21
2.1010983070866143
0
LINE
8
BLACK
6
CONTINUOUS
10
1.5728256692913385
20
2.0730667716535431
11
1.583379842519685
21
2.0730667716535431
0
LINE
8
BLACK
6
CONTINUOUS
10
1.583379842519685
20
2.0730667716535431
11
1.5781027559055119
21
2.0888980708661418
0
LINE
8
BLACK
6
CONTINUOUS
10
1.5781027559055119
20
2.0888980708661418
11
1.5728256692913385
21
2.0730667716535431
0
LINE
8
BLACK
6
CONTINUOUS
10
1.2824657874015748
20
2.0880081496062992
11
1.2825637795275591
21
2.0879675590551181
0
LINE
8
BLACK
6
CONTINUOUS
10
1.2825637795275591
20
2.0879675590551181
11
1.2826696062992127
21
2.0879600393700786
0
LINE
8
BLACK
6
CONTINUOUS
10
1.2826696062992127
20
2.0879600393700786
11
1.2832102362204725
21
2.0877531496062991
0
LINE
8
BLACK
6
CONTINUOUS
10
1.2832102362204725
20
2.0877531496062991
11
1.2866381496062991
21
2.0860392125984251
0
LINE
8
BLACK
6
CONTINUOUS
10
1.2866381496062991
20
2.0860392125984251
11
1.2869336614173228
21
2.0867525984251967
0
LINE
8
BLACK
6
CONTINUOUS
10
1.2869336614173228
20
2.0867525984251967
11
1.2877483070866143
21
2.0875672440944881
0
LINE
8
BLACK
6
CONTINUOUS
10
1.2877483070866143
20
2.0875672440944881
11
1.2888127165354331
21
2.0880081496062992
0
LINE
8
BLACK
6
CONTINUOUS
10
1.2888127165354331
20
2.0880081496062992
11
1.289964842519685
21
2.0880081496062992
0
LINE
8
BLACK
6
CONTINUOUS
10
1.289964842519685
20
2.0880081496062992
11
1.2910292519685038
21
2.0875672440944881
0
LINE
8
BLACK
6
CONTINUOUS
10
1.2910292519685038
20
2.0875672440944881
11
1.2918438976377953
21
2.0867525984251967
0
LINE
8
BLACK
6
CONTINUOUS
10
1.2918438976377953
20
2.0867525984251967
11
1.2922848031496064
21
2.0856881889763779
0
LINE
8
BLACK
6
CONTINUOUS
10
1.2922848031496064
20
2.0856881889763779
11
1.2923415354330707
21
2.085112125984252
0
LINE
8
BLACK
6
CONTINUOUS
10
1.2923415354330707
20
2.085112125984252
11
1.2923415354330707
21
2.0588653937007875
0
LINE
8
BLACK
6
CONTINUOUS
10
1.2923415354330707
20
2.0588653937007875
11
1.2922848031496064
21
2.0582893307086612
0
LINE
8
BLACK
6
CONTINUOUS
10
1.2922848031496064
20
2.0582893307086612
11
1.2918438976377953
21
2.0572249212598424
0
LINE
8
BLACK
6
CONTINUOUS
10
1.2918438976377953
20
2.0572249212598424
11
1.2910292519685038
21
2.0564102755905513
0
LINE
8
BLACK
6
CONTINUOUS
10
1.2910292519685038
20
2.0564102755905513
11
1.289964842519685
21
2.0559693700787403
0
LINE
8
BLACK
6
CONTINUOUS
10
1.289964842519685
20
2.0559693700787403
11
1.2888127165354331
21
2.0559693700787403
0
LINE
8
BLACK
6
CONTINUOUS
10
1.2888127165354331
20
2.0559693700787403
11
1.2877483070866143
21
2.0564102755905513
0
LINE
8
BLACK
6
CONTINUOUS
10
1.2877483070866143
20
2.0564102755905513
11
1.2869336614173228
21
2.0572249212598424
0
LINE
8
BLACK
6
CONTINUOUS
10
1.2869336614173228
20
2.0572249212598424
11
1.2864927559055117
21
2.0582893307086612
0
LINE
8
BLACK
6
CONTINUOUS
10
1.2864927559055117
20
2.0582893307086612
11
1.2864360236220471
21
2.0588653937007875
0
LINE
8
BLACK
6
CONTINUOUS
10
1.2864360236220471
20
2.0588653937007875
11
1.2864360236220471
21
2.0769160236220472
0
LINE
8
BLACK
6
CONTINUOUS
10
1.2864360236220471
20
2.0769160236220472
11
1.2850872834645668
21
2.0796135039370078
0
LINE
8
BLACK
6
CONTINUOUS
10
1.2850872834645668
20
2.0796135039370078
11
1.283890157480315
21
2.0808106299212596
0
LINE
8
BLACK
6
CONTINUOUS
10
1.283890157480315
20
2.0808106299212596
11
1.2811926771653543
21
2.08215937007874
0
LINE
8
BLACK
6
CONTINUOUS
10
1.2811926771653543
20
2.08215937007874
11
1.2781401968503936
21
2.08215937007874
0
LINE
8
BLACK
6
CONTINUOUS
10
1.2781401968503936
20
2.08215937007874
11
1.2775641338582677
21
2.0822161023622048
0
LINE
8
BLACK
6
CONTINUOUS
10
1.2775641338582677
20
2.0822161023622048
11
1.2764997244094487
21
2.0826570078740159
0
LINE
8
BLACK
6
CONTINUOUS
10
1.2764997244094487
20
2.0826570078740159
11
1.2756850787401575
21
2.0834716535433069
0
LINE
8
BLACK
6
CONTINUOUS
10
1.2756850787401575
20
2.0834716535433069
11
1.2752441732283464
21
2.0845360629921261
0
LINE
8
BLACK
6
CONTINUOUS
10
1.2752441732283464
20
2.0845360629921261
11
1.2752441732283464
21
2.0856881889763779
0
LINE
8
BLACK
6
CONTINUOUS
10
1.2752441732283464
20
2.0856881889763779
11
1.2756850787401575
21
2.0867525984251967
0
LINE
8
BLACK
6
CONTINUOUS
10
1.2756850787401575
20
2.0867525984251967
11
1.2764997244094487
21
2.0875672440944881
0
LINE
8
BLACK
6
CONTINUOUS
10
1.2764997244094487
20
2.0875672440944881
11
1.2775641338582677
21
2.0880081496062992
0
LINE
8
BLACK
6
CONTINUOUS
10
1.2775641338582677
20
2.0880081496062992
11
1.2781401968503936
21
2.0880648818897636
0
LINE
8
BLACK
6
CONTINUOUS
10
1.2781401968503936
20
2.0880648818897636
11
1.2818897244094487
21
2.0880648818897636
0
LINE
8
BLACK
6
CONTINUOUS
10
1.2818897244094487
20
2.0880648818897636
11
1.2824657874015748
21
2.0880081496062992
0
LINE
8
BLACK
6
CONTINUOUS
10
1.4193237007874016
20
2.0880081496062992
11
1.4194216929133858
21
2.0879675590551181
0
LINE
8
BLACK
6
CONTINUOUS
10
1.4194216929133858
20
2.0879675590551181
11
1.4195275196850394
21
2.0879600393700786
0
LINE
8
BLACK
6
CONTINUOUS
10
1.4195275196850394
20
2.0879600393700786
11
1.4200681496062992
21
2.0877531496062991
0
LINE
8
BLACK
6
CONTINUOUS
10
1.4200681496062992
20
2.0877531496062991
11
1.4219675984251967
21
2.0868034251968504
0
LINE
8
BLACK
6
CONTINUOUS
10
1.4219675984251967
20
2.0868034251968504
11
1.4227314566929135
21
2.0875672440944881
0
LINE
8
BLACK
6
CONTINUOUS
10
1.4227314566929135
20
2.0875672440944881
11
1.4237958661417323
21
2.0880081496062992
0
LINE
8
BLACK
6
CONTINUOUS
10
1.4237958661417323
20
2.0880081496062992
11
1.4249479921259842
21
2.0880081496062992
0
LINE
8
BLACK
6
CONTINUOUS
10
1.4249479921259842
20
2.0880081496062992
11
1.426012401574803
21
2.0875672440944881
0
LINE
8
BLACK
6
CONTINUOUS
10
1.426012401574803
20
2.0875672440944881
11
1.4268270472440945
21
2.0867525984251967
0
LINE
8
BLACK
6
CONTINUOUS
10
1.4268270472440945
20
2.0867525984251967
11
1.4272679527559056
21
2.0856881889763779
0
LINE
8
BLACK
6
CONTINUOUS
10
1.4272679527559056
20
2.0856881889763779
11
1.4273246850393702
21
2.085112125984252
0
LINE
8
BLACK
6
CONTINUOUS
10
1.4273246850393702
20
2.085112125984252
11
1.4273246850393702
21
2.0588653937007875
0
LINE
8
BLACK
6
CONTINUOUS
10
1.4273246850393702
20
2.0588653937007875
11
1.4272679527559056
21
2.0582893307086612
0
LINE
8
BLACK
6
CONTINUOUS
10
1.4272679527559056
20
2.0582893307086612
11
1.4268270472440945
21
2.0572249212598424
0
LINE
8
BLACK
6
CONTINUOUS
10
1.4268270472440945
20
2.0572249212598424
11
1.426012401574803
21
2.0564102755905513
0
LINE
8
BLACK
6
CONTINUOUS
10
1.426012401574803
20
2.0564102755905513
11
1.4249479921259842
21
2.0559693700787403
0
LINE
8
BLACK
6
CONTINUOUS
10
1.4249479921259842
20
2.0559693700787403
11
1.4237958661417323
21
2.0559693700787403
0
LINE
8
BLACK
6
CONTINUOUS
10
1.4237958661417323
20
2.0559693700787403
11
1.4227314566929135
21
2.0564102755905513
0
LINE
8
BLACK
6
CONTINUOUS
10
1.4227314566929135
20
2.0564102755905513
11
1.421916811023622
21
2.0572249212598424
0
LINE
8
BLACK
6
CONTINUOUS
10
1.421916811023622
20
2.0572249212598424
11
1.4214759055118109
21
2.0582893307086612
0
LINE
8
BLACK
6
CONTINUOUS
10
1.4214759055118109
20
2.0582893307086612
11
1.4214191732283463
21
2.0588653937007875
0
LINE
8
BLACK
6
CONTINUOUS
10
1.4214191732283463
20
2.0588653937007875
11
1.4214191732283463
21
2.0801395275590551
0
LINE
8
BLACK
6
CONTINUOUS
10
1.4214191732283463
20
2.0801395275590551
11
1.4207480708661417
21
2.0808106299212596
0
LINE
8
BLACK
6
CONTINUOUS
10
1.4207480708661417
20
2.0808106299212596
11
1.4180505905511811
21
2.08215937007874
0
LINE
8
BLACK
6
CONTINUOUS
10
1.4180505905511811
20
2.08215937007874
11
1.4138203937007874
21
2.08215937007874
0
LINE
8
BLACK
6
CONTINUOUS
10
1.4138203937007874
20
2.08215937007874
11
1.4115746456692913
21
2.0810365354330709
0
LINE
8
BLACK
6
CONTINUOUS
10
1.4115746456692913
20
2.0810365354330709
11
1.4104518110236219
21
2.0787907874015747
0
LINE
8
BLACK
6
CONTINUOUS
10
1.4104518110236219
20
2.0787907874015747
11
1.4104518110236219
21
2.0588653937007875
0
LINE
8
BLACK
6
CONTINUOUS
10
1.4104518110236219
20
2.0588653937007875
11
1.4103950787401573
21
2.0582893307086612
0
LINE
8
BLACK
6
CONTINUOUS
10
1.4103950787401573
20
2.0582893307086612
11
1.4099541732283465
21
2.0572249212598424
0
LINE
8
BLACK
6
CONTINUOUS
10
1.4099541732283465
20
2.0572249212598424
11
1.409139527559055
21
2.0564102755905513
0
LINE
8
BLACK
6
CONTINUOUS
10
1.409139527559055
20
2.0564102755905513
11
1.4080751181102362
21
2.0559693700787403
0
LINE
8
BLACK
6
CONTINUOUS
10
1.4080751181102362
20
2.0559693700787403
11
1.4069229921259843
21
2.0559693700787403
0
LINE
8
BLACK
6
CONTINUOUS
10
1.4069229921259843
20
2.0559693700787403
11
1.4058585826771652
21
2.0564102755905513
0
LINE
8
BLACK
6
CONTINUOUS
10
1.4058585826771652
20
2.0564102755905513
11
1.405043937007874
21
2.0572249212598424
0
LINE
8
BLACK
6
CONTINUOUS
10
1.405043937007874
20
2.0572249212598424
11
1.4046030314960629
21
2.0582893307086612
0
LINE
8
BLACK
6
CONTINUOUS
10
1.4046030314960629
20
2.0582893307086612
11
1.4045462992125983
21
2.0588653937007875
0
LINE
8
BLACK
6
CONTINUOUS
10
1.4045462992125983
20
2.0588653937007875
11
1.4045462992125983
21
2.0794878346456693
0
LINE
8
BLACK
6
CONTINUOUS
10
1.4045462992125983
20
2.0794878346456693
11
1.4046030314960629
21
2.0800638976377952
0
LINE
8
BLACK
6
CONTINUOUS
10
1.4046030314960629
20
2.0800638976377952
11
1.404643622047244
21
2.0801619291338582
0
LINE
8
BLACK
6
CONTINUOUS
10
1.404643622047244
20
2.0801619291338582
11
1.4046511417322833
21
2.0802677165354329
0
LINE
8
BLACK
6
CONTINUOUS
10
1.4046511417322833
20
2.0802677165354329
11
1.404858031496063
21
2.0808083464566929
0
LINE
8
BLACK
6
CONTINUOUS
10
1.404858031496063
20
2.0808083464566929
11
1.4067327952755906
21
2.084557874015748
0
LINE
8
BLACK
6
CONTINUOUS
10
1.4067327952755906
20
2.084557874015748
11
1.4067934251968504
21
2.0846542519685038
0
LINE
8
BLACK
6
CONTINUOUS
10
1.4067934251968504
20
2.0846542519685038
11
1.4068085826771652
21
2.0846996456692914
0
LINE
8
BLACK
6
CONTINUOUS
10
1.4068085826771652
20
2.0846996456692914
11
1.4068575984251968
21
2.0847562204724408
0
LINE
8
BLACK
6
CONTINUOUS
10
1.4068575984251968
20
2.0847562204724408
11
1.4070411417322835
21
2.0850477559055118
0
LINE
8
BLACK
6
CONTINUOUS
10
1.4070411417322835
20
2.0850477559055118
11
1.4073208267716535
21
2.0852903543307084
0
LINE
8
BLACK
6
CONTINUOUS
10
1.4073208267716535
20
2.0852903543307084
11
1.4075634251968503
21
2.0855700393700789
0
LINE
8
BLACK
6
CONTINUOUS
10
1.4075634251968503
20
2.0855700393700789
11
1.4078549606299213
21
2.0857535826771652
0
LINE
8
BLACK
6
CONTINUOUS
10
1.4078549606299213
20
2.0857535826771652
11
1.4079115354330709
21
2.0858025984251967
0
LINE
8
BLACK
6
CONTINUOUS
10
1.4079115354330709
20
2.0858025984251967
11
1.4079569291338583
21
2.0858177559055116
0
LINE
8
BLACK
6
CONTINUOUS
10
1.4079569291338583
20
2.0858177559055116
11
1.4080533070866141
21
2.0858783858267715
0
LINE
8
BLACK
6
CONTINUOUS
10
1.4080533070866141
20
2.0858783858267715
11
1.4118028346456692
21
2.0877531496062991
0
LINE
8
BLACK
6
CONTINUOUS
10
1.4118028346456692
20
2.0877531496062991
11
1.4123434251968503
21
2.0879600393700786
0
LINE
8
BLACK
6
CONTINUOUS
10
1.4123434251968503
20
2.0879600393700786
11
1.4124492913385827
21
2.0879675984251969
0
LINE
8
BLACK
6
CONTINUOUS
10
1.4124492913385827
20
2.0879675984251969
11
1.4125472834645669
21
2.0880081496062992
0
LINE
8
BLACK
6
CONTINUOUS
10
1.4125472834645669
20
2.0880081496062992
11
1.4131233464566928
21
2.0880648818897636
0
LINE
8
BLACK
6
CONTINUOUS
10
1.4131233464566928
20
2.0880648818897636
11
1.4187476377952755
21
2.0880648818897636
0
LINE
8
BLACK
6
CONTINUOUS
10
1.4187476377952755
20
2.0880648818897636
11
1.4193237007874016
21
2.0880081496062992
0
LINE
8
BLACK
6
CONTINUOUS
10
1.4549442519685039
20
2.0880081496062992
11
1.4550422440944881
21
2.0879675590551181
0
LINE
8
BLACK
6
CONTINUOUS
10
1.4550422440944881
20
2.0879675590551181
11
1.4551480708661417
21
2.0879600393700786
0
LINE
8
BLACK
6
CONTINUOUS
10
1.4551480708661417
20
2.0879600393700786
11
1.4556887007874015
21
2.0877531496062991
0
LINE
8
BLACK
6
CONTINUOUS
10
1.4556887007874015
20
2.0877531496062991
11
1.4575881496062992
21
2.0868034251968504
0
LINE
8
BLACK
6
CONTINUOUS
10
1.4575881496062992
20
2.0868034251968504
11
1.4583520078740158
21
2.0875672440944881
0
LINE
8
BLACK
6
CONTINUOUS
10
1.4583520078740158
20
2.0875672440944881
11
1.4594164173228346
21
2.0880081496062992
0
LINE
8
BLACK
6
CONTINUOUS
10
1.4594164173228346
20
2.0880081496062992
11
1.4605685433070865
21
2.0880081496062992
0
LINE
8
BLACK
6
CONTINUOUS
10
1.4605685433070865
20
2.0880081496062992
11
1.4616329527559055
21
2.0875672440944881
0
LINE
8
BLACK
6
CONTINUOUS
10
1.4616329527559055
20
2.0875672440944881
11
1.4624475984251968
21
2.0867525984251967
0
LINE
8
BLACK
6
CONTINUOUS
10
1.4624475984251968
20
2.0867525984251967
11
1.4628885039370079
21
2.0856881889763779
0
LINE
8
BLACK
6
CONTINUOUS
10
1.4628885039370079
20
2.0856881889763779
11
1.4629452362204725
21
2.085112125984252
0
LINE
8
BLACK
6
CONTINUOUS
10
1.4629452362204725
20
2.085112125984252
11
1.4629452362204725
21
2.0588653937007875
0
LINE
8
BLACK
6
CONTINUOUS
10
1.4629452362204725
20
2.0588653937007875
11
1.4628885039370079
21
2.0582893307086612
0
LINE
8
BLACK
6
CONTINUOUS
10
1.4628885039370079
20
2.0582893307086612
11
1.4624475984251968
21
2.0572249212598424
0
LINE
8
BLACK
6
CONTINUOUS
10
1.4624475984251968
20
2.0572249212598424
11
1.4616329527559055
21
2.0564102755905513
0
LINE
8
BLACK
6
CONTINUOUS
10
1.4616329527559055
20
2.0564102755905513
11
1.4605685433070865
21
2.0559693700787403
0
LINE
8
BLACK
6
CONTINUOUS
10
1.4605685433070865
20
2.0559693700787403
11
1.4594164173228346
21
2.0559693700787403
0
LINE
8
BLACK
6
CONTINUOUS
10
1.4594164173228346
20
2.0559693700787403
11
1.4583520078740158
21
2.0564102755905513
0
LINE
8
BLACK
6
CONTINUOUS
10
1.4583520078740158
20
2.0564102755905513
11
1.4575373622047243
21
2.0572249212598424
0
LINE
8
BLACK
6
CONTINUOUS
10
1.4575373622047243
20
2.0572249212598424
11
1.4570964566929134
21
2.0582893307086612
0
LINE
8
BLACK
6
CONTINUOUS
10
1.4570964566929134
20
2.0582893307086612
11
1.4570397244094488
21
2.0588653937007875
0
LINE
8
BLACK
6
CONTINUOUS
10
1.4570397244094488
20
2.0588653937007875
11
1.4570397244094488
21
2.0801395275590551
0
LINE
8
BLACK
6
CONTINUOUS
10
1.4570397244094488
20
2.0801395275590551
11
1.456368622047244
21
2.0808106299212596
0
LINE
8
BLACK
6
CONTINUOUS
10
1.456368622047244
20
2.0808106299212596
11
1.4536711417322834
21
2.08215937007874
0
LINE
8
BLACK
6
CONTINUOUS
10
1.4536711417322834
20
2.08215937007874
11
1.4494409448818897
21
2.08215937007874
0
LINE
8
BLACK
6
CONTINUOUS
10
1.4494409448818897
20
2.08215937007874
11
1.4471951968503938
21
2.0810365354330709
0
LINE
8
BLACK
6
CONTINUOUS
10
1.4471951968503938
20
2.0810365354330709
11
1.4460723622047245
21
2.0787907874015747
0
LINE
8
BLACK
6
CONTINUOUS
10
1.4460723622047245
20
2.0787907874015747
11
1.4460723622047245
21
2.0588653937007875
0
LINE
8
BLACK
6
CONTINUOUS
10
1.4460723622047245
20
2.0588653937007875
11
1.4460156299212599
21
2.0582893307086612
0
LINE
8
BLACK
6
CONTINUOUS
10
1.4460156299212599
20
2.0582893307086612
11
1.4455747244094488
21
2.0572249212598424
0
LINE
8
BLACK
6
CONTINUOUS
10
1.4455747244094488
20
2.0572249212598424
11
1.4447600787401575
21
2.0564102755905513
0
LINE
8
BLACK
6
CONTINUOUS
10
1.4447600787401575
20
2.0564102755905513
11
1.4436956692913385
21
2.0559693700787403
0
LINE
8
BLACK
6
CONTINUOUS
10
1.4436956692913385
20
2.0559693700787403
11
1.4425435433070866
21
2.0559693700787403
0
LINE
8
BLACK
6
CONTINUOUS
10
1.4425435433070866
20
2.0559693700787403
11
1.4414791338582678
21
2.0564102755905513
0
LINE
8
BLACK
6
CONTINUOUS
10
1.4414791338582678
20
2.0564102755905513
11
1.4406644881889763
21
2.0572249212598424
0
LINE
8
BLACK
6
CONTINUOUS
10
1.4406644881889763
20
2.0572249212598424
11
1.4402235826771652
21
2.0582893307086612
0
LINE
8
BLACK
6
CONTINUOUS
10
1.4402235826771652
20
2.0582893307086612
11
1.4401668503937008
21
2.0588653937007875
0
LINE
8
BLACK
6
CONTINUOUS
10
1.4401668503937008
20
2.0588653937007875
11
1.4401668503937008
21
2.0794878346456693
0
LINE
8
BLACK
6
CONTINUOUS
10
1.4401668503937008
20
2.0794878346456693
11
1.4402235826771652
21
2.0800638976377952
0
LINE
8
BLACK
6
CONTINUOUS
10
1.4402235826771652
20
2.0800638976377952
11
1.4402641732283463
21
2.0801619291338582
0
LINE
8
BLACK
6
CONTINUOUS
10
1.4402641732283463
20
2.0801619291338582
11
1.4402716929133859
21
2.0802677165354329
0
LINE
8
BLACK
6
CONTINUOUS
10
1.4402716929133859
20
2.0802677165354329
11
1.4404785826771653
21
2.0808083464566929
0
LINE
8
BLACK
6
CONTINUOUS
10
1.4404785826771653
20
2.0808083464566929
11
1.4423533464566929
21
2.084557874015748
0
LINE
8
BLACK
6
CONTINUOUS
10
1.4423533464566929
20
2.084557874015748
11
1.4424139763779527
21
2.0846542519685038
0
LINE
8
BLACK
6
CONTINUOUS
10
1.4424139763779527
20
2.0846542519685038
11
1.4424291338582678
21
2.0846996456692914
0
LINE
8
BLACK
6
CONTINUOUS
10
1.4424291338582678
20
2.0846996456692914
11
1.4424781496062993
21
2.0847562204724408
0
LINE
8
BLACK
6
CONTINUOUS
10
1.4424781496062993
20
2.0847562204724408
11
1.4426616929133858
21
2.0850477559055118
0
LINE
8
BLACK
6
CONTINUOUS
10
1.4426616929133858
20
2.0850477559055118
11
1.4429413779527558
21
2.0852903543307084
0
LINE
8
BLACK
6
CONTINUOUS
10
1.4429413779527558
20
2.0852903543307084
11
1.4431839763779528
21
2.0855700393700789
0
LINE
8
BLACK
6
CONTINUOUS
10
1.4431839763779528
20
2.0855700393700789
11
1.4434755118110236
21
2.0857535826771652
0
LINE
8
BLACK
6
CONTINUOUS
10
1.4434755118110236
20
2.0857535826771652
11
1.4435320866141732
21
2.0858025984251967
0
LINE
8
BLACK
6
CONTINUOUS
10
1.4435320866141732
20
2.0858025984251967
11
1.4435774803149606
21
2.0858177559055116
0
LINE
8
BLACK
6
CONTINUOUS
10
1.4435774803149606
20
2.0858177559055116
11
1.4436738582677164
21
2.0858783858267715
0
LINE
8
BLACK
6
CONTINUOUS
10
1.4436738582677164
20
2.0858783858267715
11
1.4474233858267715
21
2.0877531496062991
0
LINE
8
BLACK
6
CONTINUOUS
10
1.4474233858267715
20
2.0877531496062991
11
1.4479639763779528
21
2.0879600393700786
0
LINE
8
BLACK
6
CONTINUOUS
10
1.4479639763779528
20
2.0879600393700786
11
1.448069842519685
21
2.0879675984251969
0
LINE
8
BLACK
6
CONTINUOUS
10
1.448069842519685
20
2.0879675984251969
11
1.4481678346456692
21
2.0880081496062992
0
LINE
8
BLACK
6
CONTINUOUS
10
1.4481678346456692
20
2.0880081496062992
11
1.4487438976377953
21
2.0880648818897636
0
LINE
8
BLACK
6
CONTINUOUS
10
1.4487438976377953
20
2.0880648818897636
11
1.454368188976378
21
2.0880648818897636
0
LINE
8
BLACK
6
CONTINUOUS
10
1.454368188976378
20
2.0880648818897636
11
1.4549442519685039
21
2.0880081496062992
0
LINE
8
BLACK
6
CONTINUOUS
10
1.5468077952755905
20
2.0880081496062992
11
1.5469057874015748
21
2.0879675590551181
0
LINE
8
BLACK
6
CONTINUOUS
10
1.5469057874015748
20
2.0879675590551181
11
1.5470116141732284
21
2.0879600393700786
0
LINE
8
BLACK
6
CONTINUOUS
10
1.5470116141732284
20
2.0879600393700786
11
1.5475522440944882
21
2.0877531496062991
0
LINE
8
BLACK
6
CONTINUOUS
10
1.5475522440944882
20
2.0877531496062991
11
1.5494516929133857
21
2.0868034251968504
0
LINE
8
BLACK
6
CONTINUOUS
10
1.5494516929133857
20
2.0868034251968504
11
1.5502155511811024
21
2.0875672440944881
0
LINE
8
BLACK
6
CONTINUOUS
10
1.5502155511811024
20
2.0875672440944881
11
1.5512799606299212
21
2.0880081496062992
0
LINE
8
BLACK
6
CONTINUOUS
10
1.5512799606299212
20
2.0880081496062992
11
1.5524320866141732
21
2.0880081496062992
0
LINE
8
BLACK
6
CONTINUOUS
10
1.5524320866141732
20
2.0880081496062992
11
1.553496496062992
21
2.0875672440944881
0
LINE
8
BLACK
6
CONTINUOUS
10
1.553496496062992
20
2.0875672440944881
11
1.5543111417322835
21
2.0867525984251967
0
LINE
8
BLACK
6
CONTINUOUS
10
1.5543111417322835
20
2.0867525984251967
11
1.5547520472440945
21
2.0856881889763779
0
LINE
8
BLACK
6
CONTINUOUS
10
1.5547520472440945
20
2.0856881889763779
11
1.5548087795275589
21
2.085112125984252
0
LINE
8
BLACK
6
CONTINUOUS
10
1.5548087795275589
20
2.085112125984252
11
1.5548087795275589
21
2.0588653937007875
0
LINE
8
BLACK
6
CONTINUOUS
10
1.5548087795275589
20
2.0588653937007875
11
1.5547520472440945
21
2.0582893307086612
0
LINE
8
BLACK
6
CONTINUOUS
10
1.5547520472440945
20
2.0582893307086612
11
1.5543111417322835
21
2.0572249212598424
0
LINE
8
BLACK
6
CONTINUOUS
10
1.5543111417322835
20
2.0572249212598424
11
1.553496496062992
21
2.0564102755905513
0
LINE
8
BLACK
6
CONTINUOUS
10
1.553496496062992
20
2.0564102755905513
11
1.5524320866141732
21
2.0559693700787403
0
LINE
8
BLACK
6
CONTINUOUS
10
1.5524320866141732
20
2.0559693700787403
11
1.5512799606299212
21
2.0559693700787403
0
LINE
8
BLACK
6
CONTINUOUS
10
1.5512799606299212
20
2.0559693700787403
11
1.5502155511811024
21
2.0564102755905513
0
LINE
8
BLACK
6
CONTINUOUS
10
1.5502155511811024
20
2.0564102755905513
11
1.549400905511811
21
2.0572249212598424
0
LINE
8
BLACK
6
CONTINUOUS
10
1.549400905511811
20
2.0572249212598424
11
1.5489599999999999
21
2.0582893307086612
0
LINE
8
BLACK
6
CONTINUOUS
10
1.5489599999999999
20
2.0582893307086612
11
1.5489032677165353
21
2.0588653937007875
0
LINE
8
BLACK
6
CONTINUOUS
10
1.5489032677165353
20
2.0588653937007875
11
1.5489032677165353
21
2.0801395275590551
0
LINE
8
BLACK
6
CONTINUOUS
10
1.5489032677165353
20
2.0801395275590551
11
1.5482321653543307
21
2.0808106299212596
0
LINE
8
BLACK
6
CONTINUOUS
10
1.5482321653543307
20
2.0808106299212596
11
1.5455346850393701
21
2.08215937007874
0
LINE
8
BLACK
6
CONTINUOUS
10
1.5455346850393701
20
2.08215937007874
11
1.5413044881889764
21
2.08215937007874
0
LINE
8
BLACK
6
CONTINUOUS
10
1.5413044881889764
20
2.08215937007874
11
1.5390587401574802
21
2.0810365354330709
0
LINE
8
BLACK
6
CONTINUOUS
10
1.5390587401574802
20
2.0810365354330709
11
1.5379359055118109
21
2.0787907874015747
0
LINE
8
BLACK
6
CONTINUOUS
10
1.5379359055118109
20
2.0787907874015747
11
1.5379359055118109
21
2.0588653937007875
0
LINE
8
BLACK
6
CONTINUOUS
10
1.5379359055118109
20
2.0588653937007875
11
1.5378791732283463
21
2.0582893307086612
0
LINE
8
BLACK
6
CONTINUOUS
10
1.5378791732283463
20
2.0582893307086612
11
1.5374382677165355
21
2.0572249212598424
0
LINE
8
BLACK
6
CONTINUOUS
10
1.5374382677165355
20
2.0572249212598424
11
1.536623622047244
21
2.0564102755905513
0
LINE
8
BLACK
6
CONTINUOUS
10
1.536623622047244
20
2.0564102755905513
11
1.5355592125984252
21
2.0559693700787403
0
LINE
8
BLACK
6
CONTINUOUS
10
1.5355592125984252
20
2.0559693700787403
11
1.5344070866141732
21
2.0559693700787403
0
LINE
8
BLACK
6
CONTINUOUS
10
1.5344070866141732
20
2.0559693700787403
11
1.5333426771653542
21
2.0564102755905513
0
LINE
8
BLACK
6
CONTINUOUS
10
1.5333426771653542
20
2.0564102755905513
11
1.532528031496063
21
2.0572249212598424
0
LINE
8
BLACK
6
CONTINUOUS
10
1.532528031496063
20
2.0572249212598424
11
1.5320871259842519
21
2.0582893307086612
0
LINE
8
BLACK
6
CONTINUOUS
10
1.5320871259842519
20
2.0582893307086612
11
1.5320303937007873
21
2.0588653937007875
0
LINE
8
BLACK
6
CONTINUOUS
10
1.5320303937007873
20
2.0588653937007875
11
1.5320303937007873
21
2.0794878346456693
0
LINE
8
BLACK
6
CONTINUOUS
10
1.5320303937007873
20
2.0794878346456693
11
1.5320871259842519
21
2.0800638976377952
0
LINE
8
BLACK
6
CONTINUOUS
10
1.5320871259842519
20
2.0800638976377952
11
1.532127716535433
21
2.0801619291338582
0
LINE
8
BLACK
6
CONTINUOUS
10
1.532127716535433
20
2.0801619291338582
11
1.5321352362204723
21
2.0802677165354329
0
LINE
8
BLACK
6
CONTINUOUS
10
1.5321352362204723
20
2.0802677165354329
11
1.532342125984252
21
2.0808083464566929
0
LINE
8
BLACK
6
CONTINUOUS
10
1.532342125984252
20
2.0808083464566929
11
1.5342168897637796
21
2.084557874015748
0
LINE
8
BLACK
6
CONTINUOUS
10
1.5342168897637796
20
2.084557874015748
11
1.5342775196850393
21
2.0846542519685038
0
LINE
8
BLACK
6
CONTINUOUS
10
1.5342775196850393
20
2.0846542519685038
11
1.5342926771653542
21
2.0846996456692914
0
LINE
8
BLACK
6
CONTINUOUS
10
1.5342926771653542
20
2.0846996456692914
11
1.5343416929133857
21
2.0847562204724408
0
LINE
8
BLACK
6
CONTINUOUS
10
1.5343416929133857
20
2.0847562204724408
11
1.5345252362204724
21
2.0850477559055118
0
LINE
8
BLACK
6
CONTINUOUS
10
1.5345252362204724
20
2.0850477559055118
11
1.5348049212598425
21
2.0852903543307084
0
LINE
8
BLACK
6
CONTINUOUS
10
1.5348049212598425
20
2.0852903543307084
11
1.5350475196850393
21
2.0855700393700789
0
LINE
8
BLACK
6
CONTINUOUS
10
1.5350475196850393
20
2.0855700393700789
11
1.5353390551181103
21
2.0857535826771652
0
LINE
8
BLACK
6
CONTINUOUS
10
1.5353390551181103
20
2.0857535826771652
11
1.5353956299212599
21
2.0858025984251967
0
LINE
8
BLACK
6
CONTINUOUS
10
1.5353956299212599
20
2.0858025984251967
11
1.5354410236220473
21
2.0858177559055116
0
LINE
8
BLACK
6
CONTINUOUS
10
1.5354410236220473
20
2.0858177559055116
11
1.5355374015748031
21
2.0858783858267715
0
LINE
8
BLACK
6
CONTINUOUS
10
1.5355374015748031
20
2.0858783858267715
11
1.5392869291338582
21
2.0877531496062991
0
LINE
8
BLACK
6
CONTINUOUS
10
1.5392869291338582
20
2.0877531496062991
11
1.5398275196850393
21
2.0879600393700786
0
LINE
8
BLACK
6
CONTINUOUS
10
1.5398275196850393
20
2.0879600393700786
11
1.5399333858267716
21
2.0879675984251969
0
LINE
8
BLACK
6
CONTINUOUS
10
1.5399333858267716
20
2.0879675984251969
11
1.5400313779527559
21
2.0880081496062992
0
LINE
8
BLACK
6
CONTINUOUS
10
1.5400313779527559
20
2.0880081496062992
11
1.5406074409448818
21
2.0880648818897636
0
LINE
8
BLACK
6
CONTINUOUS
10
1.5406074409448818
20
2.0880648818897636
11
1.5462317322834644
21
2.0880648818897636
0
LINE
8
BLACK
6
CONTINUOUS
10
1.5462317322834644
20
2.0880648818897636
11
1.5468077952755905
21
2.0880081496062992
0
LINE
8
BLACK
6
CONTINUOUS
10
1.7040535826771652
20
2.1714737401574804
11
1.7053320078740157
21
2.1701953149606297
0
LINE
8
BLACK
6
CONTINUOUS
10
1.7053320078740157
20
2.1701953149606297
11
1.705511811023622
21
2.1692913385826773
0
LINE
8
BLACK
6
CONTINUOUS
10
1.705511811023622
20
2.1692913385826773
11
1.705511811023622
21
1.9685039370078741
0
LINE
8
BLACK
6
CONTINUOUS
10
1.705511811023622
20
1.9685039370078741
11
1.705511811023622
21
1.3622047244094488
0
LINE
8
BLACK
6
CONTINUOUS
10
1.705511811023622
20
1.3622047244094488
11
1.7053320078740157
21
1.361300748031496
0
LINE
8
BLACK
6
CONTINUOUS
10
1.7053320078740157
20
1.361300748031496
11
1.7040535826771652
21
1.3600223228346457
0
LINE
8
BLACK
6
CONTINUOUS
10
1.7040535826771652
20
1.3600223228346457
11
1.7031496062992126
21
1.3598425196850394
0
LINE
8
BLACK
6
CONTINUOUS
10
1.7031496062992126
20
1.3598425196850394
11
1.0968503937007874
21
1.3598425196850394
0
LINE
8
BLACK
6
CONTINUOUS
10
1.0968503937007874
20
1.3598425196850394
11
1.0959464173228346
21
1.3600223228346457
0
LINE
8
BLACK
6
CONTINUOUS
10
1.0959464173228346
20
1.3600223228346457
11
1.0946679921259843
21
1.361300748031496
0
LINE
8
BLACK
6
CONTINUOUS
10
1.0946679921259843
20
1.361300748031496
11
1.094488188976378
21
1.3622047244094488
0
LINE
8
BLACK
6
CONTINUOUS
10
1.094488188976378
20
1.3622047244094488
11
1.094488188976378
21
1.9685039370078741
0
LINE
8
BLACK
6
CONTINUOUS
10
1.094488188976378
20
1.9685039370078741
11
1.094488188976378
21
2.1692913385826773
0
LINE
8
BLACK
6
CONTINUOUS
10
1.094488188976378
20
2.1692913385826773
11
1.0946679921259843
21
2.1701953149606297
0
LINE
8
BLACK
6
CONTINUOUS
10
1.0946679921259843
20
2.1701953149606297
11
1.0959464173228346
21
2.1714737401574804
0
LINE
8
BLACK
6
CONTINUOUS
10
1.0959464173228346
20
2.1714737401574804
11
1.0968503937007874
21
2.1716535433070865
0
LINE
8
BLACK
6
CONTINUOUS
10
1.0968503937007874
20
2.1716535433070865
11
1.7031496062992126
21
2.1716535433070865
0
LINE
8
BLACK
6
CONTINUOUS
10
1.7031496062992126
20
2.1716535433070865
11
1.7040535826771652
21
2.1714737401574804
0
LINE
8
BLACK
6
CONTINUOUS
10
1.0992125984251968
20
2.1669291338582677
11
1.0992125984251968
21
1.9685039370078741
0
LINE
8
BLACK
6
CONTINUOUS
10
1.0992125984251968
20
1.9685039370078741
11
1.0992125984251968
21
1.3645669291338582
0
LINE
8
BLACK
6
CONTINUOUS
10
1.0992125984251968
20
1.3645669291338582
11
1.700787401574803
21
1.3645669291338582
0
LINE
8
BLACK
6
CONTINUOUS
10
1.700787401574803
20
1.3645669291338582
11
1.700787401574803
21
1.9685039370078741
0
LINE
8
BLACK
6
CONTINUOUS
10
1.700787401574803
20
1.9685039370078741
11
1.700787401574803
21
2.1669291338582677
0
LINE
8
BLACK
6
CONTINUOUS
10
1.700787401574803
20
2.1669291338582677
11
1.0992125984251968
21
2.1669291338582677
0
LINE
8
BLACK
6
CONTINUOUS
10
0.730059251968504
20
1.8236082283464567
11
0.7301312598425197
21
1.8236153937007873
0
LINE
8
BLACK
6
CONTINUOUS
10
0.7301312598425197
20
1.8236153937007873
11
0.7302015748031496
21
1.8235942125984252
0
LINE
8
BLACK
6
CONTINUOUS
10
0.7302015748031496
20
1.8235942125984252
11
0.7304222834645669
21
1.8235724409448819
0
LINE
8
BLACK
6
CONTINUOUS
10
0.7304222834645669
20
1.8235724409448819
11
0.7308209448818898
21
1.8234073228346457
0
LINE
8
BLACK
6
CONTINUOUS
10
0.7308209448818898
20
1.8234073228346457
11
0.7312342519685039
21
1.8232825984251968
0
LINE
8
BLACK
6
CONTINUOUS
10
0.7312342519685039
20
1.8232825984251968
11
0.7313493307086614
21
1.8231884645669292
0
LINE
8
BLACK
6
CONTINUOUS
10
0.7313493307086614
20
1.8231884645669292
11
0.7314866929133859
21
1.8231315354330708
0
LINE
8
BLACK
6
CONTINUOUS
10
0.7314866929133859
20
1.8231315354330708
11
0.7317919291338583
21
1.8228262992125983
0
LINE
8
BLACK
6
CONTINUOUS
10
0.7317919291338583
20
1.8228262992125983
11
0.732125905511811
21
1.822553031496063
0
LINE
8
BLACK
6
CONTINUOUS
10
0.732125905511811
20
1.822553031496063
11
0.7321961417322834
21
1.8224220866141732
0
LINE
8
BLACK
6
CONTINUOUS
10
0.7321961417322834
20
1.8224220866141732
11
0.7323013385826771
21
1.8223168897637796
0
LINE
8
BLACK
6
CONTINUOUS
10
0.7323013385826771
20
1.8223168897637796
11
0.7324664960629921
21
1.8219181102362205
0
LINE
8
BLACK
6
CONTINUOUS
10
0.7324664960629921
20
1.8219181102362205
11
0.7326705511811024
21
1.8215377952755905
0
LINE
8
BLACK
6
CONTINUOUS
10
0.7326705511811024
20
1.8215377952755905
11
0.7327141338582677
21
1.8213203149606298
0
LINE
8
BLACK
6
CONTINUOUS
10
0.7327141338582677
20
1.8213203149606298
11
0.7327422440944882
21
1.8212524803149606
0
LINE
8
BLACK
6
CONTINUOUS
10
0.7327422440944882
20
1.8212524803149606
11
0.7327422440944882
21
1.8211801968503936
0
LINE
8
BLACK
6
CONTINUOUS
10
0.7327422440944882
20
1.8211801968503936
11
0.7327843307086614
21
1.8209702362204725
0
LINE
8
BLACK
6
CONTINUOUS
10
0.7327843307086614
20
1.8209702362204725
11
0.734659094488189
21
1.8022225984251967
0
LINE
8
BLACK
6
CONTINUOUS
10
0.734659094488189
20
1.8022225984251967
11
0.7346599606299212
21
1.8016437401574803
0
LINE
8
BLACK
6
CONTINUOUS
10
0.7346599606299212
20
1.8016437401574803
11
0.7346170078740157
21
1.8015014173228345
0
LINE
8
BLACK
6
CONTINUOUS
10
0.7346170078740157
20
1.8015014173228345
11
0.7346170078740157
21
1.8013527559055118
0
LINE
8
BLACK
6
CONTINUOUS
10
0.7346170078740157
20
1.8013527559055118
11
0.7344518897637795
21
1.8009541732283465
0
LINE
8
BLACK
6
CONTINUOUS
10
0.7344518897637795
20
1.8009541732283465
11
0.7343271653543307
21
1.8005407480314961
0
LINE
8
BLACK
6
CONTINUOUS
10
0.7343271653543307
20
1.8005407480314961
11
0.7342329527559055
21
1.8004256299212598
0
LINE
8
BLACK
6
CONTINUOUS
10
0.7342329527559055
20
1.8004256299212598
11
0.7341761023622047
21
1.8002883464566928
0
LINE
8
BLACK
6
CONTINUOUS
10
0.7341761023622047
20
1.8002883464566928
11
0.7338710236220473
21
1.799983307086614
0
LINE
8
BLACK
6
CONTINUOUS
10
0.7338710236220473
20
1.799983307086614
11
0.7335975984251968
21
1.7996490944881889
0
LINE
8
BLACK
6
CONTINUOUS
10
0.7335975984251968
20
1.7996490944881889
11
0.7334665354330708
21
1.7995788188976378
0
LINE
8
BLACK
6
CONTINUOUS
10
0.7334665354330708
20
1.7995788188976378
11
0.7333614173228347
21
1.7994736614173228
0
LINE
8
BLACK
6
CONTINUOUS
10
0.7333614173228347
20
1.7994736614173228
11
0.7329627952755905
21
1.7993085826771653
0
LINE
8
BLACK
6
CONTINUOUS
10
0.7329627952755905
20
1.7993085826771653
11
0.7325823622047244
21
1.7991044488188976
0
LINE
8
BLACK
6
CONTINUOUS
10
0.7325823622047244
20
1.7991044488188976
11
0.7324343307086614
21
1.7990896850393701
0
LINE
8
BLACK
6
CONTINUOUS
10
0.7324343307086614
20
1.7990896850393701
11
0.7322970078740157
21
1.7990327559055117
0
LINE
8
BLACK
6
CONTINUOUS
10
0.7322970078740157
20
1.7990327559055117
11
0.7318654724409449
21
1.7990327559055117
0
LINE
8
BLACK
6
CONTINUOUS
10
0.7318654724409449
20
1.7990327559055117
11
0.7314359448818898
21
1.7989898031496063
0
LINE
8
BLACK
6
CONTINUOUS
10
0.7314359448818898
20
1.7989898031496063
11
0.7312935826771654
21
1.7990327559055117
0
LINE
8
BLACK
6
CONTINUOUS
10
0.7312935826771654
20
1.7990327559055117
11
0.7311449212598425
21
1.7990327559055117
0
LINE
8
BLACK
6
CONTINUOUS
10
0.7311449212598425
20
1.7990327559055117
11
0.730746220472441
21
1.7991979133858267
0
LINE
8
BLACK
6
CONTINUOUS
10
0.730746220472441
20
1.7991979133858267
11
0.7303329527559055
21
1.7993225984251968
0
LINE
8
BLACK
6
CONTINUOUS
10
0.7303329527559055
20
1.7993225984251968
11
0.7302178346456693
21
1.7994167716535432
0
LINE
8
BLACK
6
CONTINUOUS
10
0.7302178346456693
20
1.7994167716535432
11
0.7300805118110236
21
1.7994736614173228
0
LINE
8
BLACK
6
CONTINUOUS
10
0.7300805118110236
20
1.7994736614173228
11
0.7296330708661417
21
1.7998408661417322
0
LINE
8
BLACK
6
CONTINUOUS
10
0.7296330708661417
20
1.7998408661417322
11
0.7280971259842519
21
1.8013768110236219
0
LINE
8
BLACK
6
CONTINUOUS
10
0.7280971259842519
20
1.8013768110236219
11
0.7253996456692913
21
1.8027255511811022
0
LINE
8
BLACK
6
CONTINUOUS
10
0.7253996456692913
20
1.8027255511811022
11
0.7174199212598426
21
1.8027255511811022
0
LINE
8
BLACK
6
CONTINUOUS
10
0.7174199212598426
20
1.8027255511811022
11
0.7147224409448819
21
1.8013768110236219
0
LINE
8
BLACK
6
CONTINUOUS
10
0.7147224409448819
20
1.8013768110236219
11
0.7135253149606299
21
1.8001796850393701
0
LINE
8
BLACK
6
CONTINUOUS
10
0.7135253149606299
20
1.8001796850393701
11
0.7121765748031496
21
1.7974822047244094
0
LINE
8
BLACK
6
CONTINUOUS
10
0.7121765748031496
20
1.7974822047244094
11
0.7121765748031496
21
1.7895024803149606
0
LINE
8
BLACK
6
CONTINUOUS
10
0.7121765748031496
20
1.7895024803149606
11
0.7135253149606299
21
1.786805
0
LINE
8
BLACK
6
CONTINUOUS
10
0.7135253149606299
20
1.786805
11
0.7147224409448819
21
1.7856078346456692
0
LINE
8
BLACK
6
CONTINUOUS
10
0.7147224409448819
20
1.7856078346456692
11
0.7174199212598426
21
1.7842590944881889
0
LINE
8
BLACK
6
CONTINUOUS
10
0.7174199212598426
20
1.7842590944881889
11
0.7253996456692913
21
1.7842590944881889
0
LINE
8
BLACK
6
CONTINUOUS
10
0.7253996456692913
20
1.7842590944881889
11
0.7280970866141732
21
1.7856078346456692
0
LINE
8
BLACK
6
CONTINUOUS
10
0.7280970866141732
20
1.7856078346456692
11
0.729633031496063
21
1.7871437795275591
0
LINE
8
BLACK
6
CONTINUOUS
10
0.729633031496063
20
1.7871437795275591
11
0.7300805118110236
21
1.7875110236220473
0
LINE
8
BLACK
6
CONTINUOUS
10
0.7300805118110236
20
1.7875110236220473
11
0.7311449212598425
21
1.7879519291338581
0
LINE
8
BLACK
6
CONTINUOUS
10
0.7311449212598425
20
1.7879519291338581
11
0.7322970078740157
21
1.7879519291338581
0
LINE
8
BLACK
6
CONTINUOUS
10
0.7322970078740157
20
1.7879519291338581
11
0.7333614173228347
21
1.787511062992126
0
LINE
8
BLACK
6
CONTINUOUS
10
0.7333614173228347
20
1.787511062992126
11
0.7341761023622047
21
1.7866963779527558
0
LINE
8
BLACK
6
CONTINUOUS
10
0.7341761023622047
20
1.7866963779527558
11
0.7346170078740157
21
1.785631968503937
0
LINE
8
BLACK
6
CONTINUOUS
10
0.7346170078740157
20
1.785631968503937
11
0.7346170078740157
21
1.7844798818897638
0
LINE
8
BLACK
6
CONTINUOUS
10
0.7346170078740157
20
1.7844798818897638
11
0.7341761417322834
21
1.7834154724409448
0
LINE
8
BLACK
6
CONTINUOUS
10
0.7341761417322834
20
1.7834154724409448
11
0.7338088976377952
21
1.7829679921259842
0
LINE
8
BLACK
6
CONTINUOUS
10
0.7338088976377952
20
1.7829679921259842
11
0.7319341732283464
21
1.7810932283464567
0
LINE
8
BLACK
6
CONTINUOUS
10
0.7319341732283464
20
1.7810932283464567
11
0.7317077952755905
21
1.7809074803149605
0
LINE
8
BLACK
6
CONTINUOUS
10
0.7317077952755905
20
1.7809074803149605
11
0.7316566141732284
21
1.7808484251968504
0
LINE
8
BLACK
6
CONTINUOUS
10
0.7316566141732284
20
1.7808484251968504
11
0.7315676377952756
21
1.7807924409448819
0
LINE
8
BLACK
6
CONTINUOUS
10
0.7315676377952756
20
1.7807924409448819
11
0.7314866929133859
21
1.7807259842519685
0
LINE
8
BLACK
6
CONTINUOUS
10
0.7314866929133859
20
1.7807259842519685
11
0.7314147244094488
21
1.7806961811023623
0
LINE
8
BLACK
6
CONTINUOUS
10
0.7314147244094488
20
1.7806961811023623
11
0.7311667322834645
21
1.7805400787401575
0
LINE
8
BLACK
6
CONTINUOUS
10
0.7311667322834645
20
1.7805400787401575
11
0.7274172047244094
21
1.77866531496063
0
LINE
8
BLACK
6
CONTINUOUS
10
0.7274172047244094
20
1.77866531496063
11
0.7268765748031496
21
1.7784584251968503
0
LINE
8
BLACK
6
CONTINUOUS
10
0.7268765748031496
20
1.7784584251968503
11
0.726770748031496
21
1.7784509448818897
0
LINE
8
BLACK
6
CONTINUOUS
10
0.726770748031496
20
1.7784509448818897
11
0.7266727559055118
21
1.7784103149606298
0
LINE
8
BLACK
6
CONTINUOUS
10
0.7266727559055118
20
1.7784103149606298
11
0.7260966929133859
21
1.7783535826771653
0
LINE
8
BLACK
6
CONTINUOUS
10
0.7260966929133859
20
1.7783535826771653
11
0.716722874015748
21
1.7783535826771653
0
LINE
8
BLACK
6
CONTINUOUS
10
0.716722874015748
20
1.7783535826771653
11
0.716146811023622
21
1.7784103149606298
0
LINE
8
BLACK
6
CONTINUOUS
10
0.716146811023622
20
1.7784103149606298
11
0.7160488188976378
21
1.778450905511811
0
LINE
8
BLACK
6
CONTINUOUS
10
0.7160488188976378
20
1.778450905511811
11
0.7159429527559055
21
1.7784584251968503
0
LINE
8
BLACK
6
CONTINUOUS
10
0.7159429527559055
20
1.7784584251968503
11
0.7154023622047244
21
1.77866531496063
0
LINE
8
BLACK
6
CONTINUOUS
10
0.7154023622047244
20
1.77866531496063
11
0.7116528346456693
21
1.7805400787401575
0
LINE
8
BLACK
6
CONTINUOUS
10
0.7116528346456693
20
1.7805400787401575
11
0.7114048031496063
21
1.7806961811023623
0
LINE
8
BLACK
6
CONTINUOUS
10
0.7114048031496063
20
1.7806961811023623
11
0.711332874015748
21
1.7807259842519685
0
LINE
8
BLACK
6
CONTINUOUS
10
0.711332874015748
20
1.7807259842519685
11
0.7112518897637795
21
1.7807924409448819
0
LINE
8
BLACK
6
CONTINUOUS
10
0.7112518897637795
20
1.7807924409448819
11
0.7111629527559055
21
1.7808484251968504
0
LINE
8
BLACK
6
CONTINUOUS
10
0.7111629527559055
20
1.7808484251968504
11
0.7111117322834646
21
1.7809074803149605
0
LINE
8
BLACK
6
CONTINUOUS
10
0.7111117322834646
20
1.7809074803149605
11
0.7108853937007874
21
1.7810932283464567
0
LINE
8
BLACK
6
CONTINUOUS
10
0.7108853937007874
20
1.7810932283464567
11
0.7090106299212598
21
1.782968031496063
0
LINE
8
BLACK
6
CONTINUOUS
10
0.7090106299212598
20
1.782968031496063
11
0.7088248818897638
21
1.78319437007874
0
LINE
8
BLACK
6
CONTINUOUS
10
0.7088248818897638
20
1.78319437007874
11
0.708765905511811
21
1.7832455118110235
0
LINE
8
BLACK
6
CONTINUOUS
10
0.708765905511811
20
1.7832455118110235
11
0.7087099212598426
21
1.7833344488188976
0
LINE
8
BLACK
6
CONTINUOUS
10
0.7087099212598426
20
1.7833344488188976
11
0.7086434251968504
21
1.7834154724409448
0
LINE
8
BLACK
6
CONTINUOUS
10
0.7086434251968504
20
1.7834154724409448
11
0.7086135826771653
21
1.7834875196850393
0
LINE
8
BLACK
6
CONTINUOUS
10
0.7086135826771653
20
1.7834875196850393
11
0.7084575590551181
21
1.7837353937007874
0
LINE
8
BLACK
6
CONTINUOUS
10
0.7084575590551181
20
1.7837353937007874
11
0.7065827952755905
21
1.7874849212598425
0
LINE
8
BLACK
6
CONTINUOUS
10
0.7065827952755905
20
1.7874849212598425
11
0.706375905511811
21
1.7880255511811023
0
LINE
8
BLACK
6
CONTINUOUS
10
0.706375905511811
20
1.7880255511811023
11
0.7063683858267716
21
1.7881313779527559
0
LINE
8
BLACK
6
CONTINUOUS
10
0.7063683858267716
20
1.7881313779527559
11
0.7063277952755905
21
1.7882293700787402
0
LINE
8
BLACK
6
CONTINUOUS
10
0.7063277952755905
20
1.7882293700787402
11
0.7062710629921259
21
1.788805433070866
0
LINE
8
BLACK
6
CONTINUOUS
10
0.7062710629921259
20
1.788805433070866
11
0.7062710629921259
21
1.7981792519685038
0
LINE
8
BLACK
6
CONTINUOUS
10
0.7062710629921259
20
1.7981792519685038
11
0.7063277952755905
21
1.7987553149606299
0
LINE
8
BLACK
6
CONTINUOUS
10
0.7063277952755905
20
1.7987553149606299
11
0.7063683858267716
21
1.7988533464566929
0
LINE
8
BLACK
6
CONTINUOUS
10
0.7063683858267716
20
1.7988533464566929
11
0.706375905511811
21
1.7989591338582678
0
LINE
8
BLACK
6
CONTINUOUS
10
0.706375905511811
20
1.7989591338582678
11
0.7065827952755905
21
1.7994997637795276
0
LINE
8
BLACK
6
CONTINUOUS
10
0.7065827952755905
20
1.7994997637795276
11
0.7084575590551181
21
1.8032492913385827
0
LINE
8
BLACK
6
CONTINUOUS
10
0.7084575590551181
20
1.8032492913385827
11
0.7086136220472441
21
1.8034973228346456
0
LINE
8
BLACK
6
CONTINUOUS
10
0.7086136220472441
20
1.8034973228346456
11
0.7086434645669292
21
1.8035692519685038
0
LINE
8
BLACK
6
CONTINUOUS
10
0.7086434645669292
20
1.8035692519685038
11
0.7087099212598426
21
1.8036502362204725
0
LINE
8
BLACK
6
CONTINUOUS
10
0.7087099212598426
20
1.8036502362204725
11
0.708765905511811
21
1.8037391732283463
0
LINE
8
BLACK
6
CONTINUOUS
10
0.708765905511811
20
1.8037391732283463
11
0.7088248818897638
21
1.8037903543307086
0
LINE
8
BLACK
6
CONTINUOUS
10
0.7088248818897638
20
1.8037903543307086
11
0.7090106692913386
21
1.8040166929133858
0
LINE
8
BLACK
6
CONTINUOUS
10
0.7090106692913386
20
1.8040166929133858
11
0.7108854330708662
21
1.8058914566929134
0
LINE
8
BLACK
6
CONTINUOUS
10
0.7108854330708662
20
1.8058914566929134
11
0.7111117716535433
21
1.8060772440944881
0
LINE
8
BLACK
6
CONTINUOUS
10
0.7111117716535433
20
1.8060772440944881
11
0.7111629527559055
21
1.8061362204724409
0
LINE
8
BLACK
6
CONTINUOUS
10
0.7111629527559055
20
1.8061362204724409
11
0.7112518897637795
21
1.8061922047244094
0
LINE
8
BLACK
6
CONTINUOUS
10
0.7112518897637795
20
1.8061922047244094
11
0.711332874015748
21
1.8062586614173228
0
LINE
8
BLACK
6
CONTINUOUS
10
0.711332874015748
20
1.8062586614173228
11
0.7114048031496063
21
1.8062885039370078
0
LINE
8
BLACK
6
CONTINUOUS
10
0.7114048031496063
20
1.8062885039370078
11
0.7116528346456693
21
1.8064445669291338
0
LINE
8
BLACK
6
CONTINUOUS
10
0.7116528346456693
20
1.8064445669291338
11
0.7154023622047244
21
1.8083193307086614
0
LINE
8
BLACK
6
CONTINUOUS
10
0.7154023622047244
20
1.8083193307086614
11
0.7159429527559055
21
1.8085262204724408
0
LINE
8
BLACK
6
CONTINUOUS
10
0.7159429527559055
20
1.8085262204724408
11
0.7160488188976378
21
1.8085337795275591
0
LINE
8
BLACK
6
CONTINUOUS
10
0.7160488188976378
20
1.8085337795275591
11
0.716146811023622
21
1.8085743307086615
0
LINE
8
BLACK
6
CONTINUOUS
10
0.716146811023622
20
1.8085743307086615
11
0.716722874015748
21
1.8086310629921258
0
LINE
8
BLACK
6
CONTINUOUS
10
0.716722874015748
20
1.8086310629921258
11
0.7260966929133859
21
1.8086310629921258
0
LINE
8
BLACK
6
CONTINUOUS
10
0.7260966929133859
20
1.8086310629921258
11
0.7266727559055118
21
1.8085743307086615
0
LINE
8
BLACK
6
CONTINUOUS
10
0.7266727559055118
20
1.8085743307086615
11
0.726770748031496
21
1.8085337401574804
0
LINE
8
BLACK
6
CONTINUOUS
10
0.726770748031496
20
1.8085337401574804
11
0.7268765748031496
21
1.8085262204724408
0
LINE
8
BLACK
6
CONTINUOUS
10
0.7268765748031496
20
1.8085262204724408
11
0.7274172047244094
21
1.8083193307086614
0
LINE
8
BLACK
6
CONTINUOUS
10
0.7274172047244094
20
1.8083193307086614
11
0.7281511023622047
21
1.8079524015748032
0
LINE
8
BLACK
6
CONTINUOUS
10
0.7281511023622047
20
1.8079524015748032
11
0.7271740157480315
21
1.8177236614173229
0
LINE
8
BLACK
6
CONTINUOUS
10
0.7271740157480315
20
1.8177236614173229
11
0.7110985826771653
21
1.8177236614173229
0
LINE
8
BLACK
6
CONTINUOUS
10
0.7110985826771653
20
1.8177236614173229
11
0.7105225196850393
21
1.8177803937007873
0
LINE
8
BLACK
6
CONTINUOUS
10
0.7105225196850393
20
1.8177803937007873
11
0.7094581102362204
21
1.8182212992125983
0
LINE
8
BLACK
6
CONTINUOUS
10
0.7094581102362204
20
1.8182212992125983
11
0.7086434645669292
21
1.8190359448818898
0
LINE
8
BLACK
6
CONTINUOUS
10
0.7086434645669292
20
1.8190359448818898
11
0.7082025590551181
21
1.8201003543307086
0
LINE
8
BLACK
6
CONTINUOUS
10
0.7082025590551181
20
1.8201003543307086
11
0.7082025590551181
21
1.8212524803149606
0
LINE
8
BLACK
6
CONTINUOUS
10
0.7082025590551181
20
1.8212524803149606
11
0.7086434645669292
21
1.8223168897637796
0
LINE
8
BLACK
6
CONTINUOUS
10
0.7086434645669292
20
1.8223168897637796
11
0.7094581102362204
21
1.8231315354330708
0
LINE
8
BLACK
6
CONTINUOUS
10
0.7094581102362204
20
1.8231315354330708
11
0.7105225196850393
21
1.8235724409448819
0
LINE
8
BLACK
6
CONTINUOUS
10
0.7105225196850393
20
1.8235724409448819
11
0.7110985826771653
21
1.8236291732283465
0
LINE
8
BLACK
6
CONTINUOUS
10
0.7110985826771653
20
1.8236291732283465
11
0.729846220472441
21
1.8236291732283465
0
LINE
8
BLACK
6
CONTINUOUS
10
0.729846220472441
20
1.8236291732283465
11
0.730059251968504
21
1.8236082283464567
0
LINE
8
BLACK
6
CONTINUOUS
10
0.7697923622047244
20
1.8235724409448819
11
0.7708567716535433
21
1.8231315354330708
0
LINE
8
BLACK
6
CONTINUOUS
10
0.7708567716535433
20
1.8231315354330708
11
0.7716714173228346
21
1.8223168897637796
0
LINE
8
BLACK
6
CONTINUOUS
10
0.7716714173228346
20
1.8223168897637796
11
0.7721123228346457
21
1.8212524803149606
0
LINE
8
BLACK
6
CONTINUOUS
10
0.7721123228346457
20
1.8212524803149606
11
0.7721690551181102
21
1.8206764173228347
0
LINE
8
BLACK
6
CONTINUOUS
10
0.7721690551181102
20
1.8206764173228347
11
0.7721690551181102
21
1.7813063385826771
0
LINE
8
BLACK
6
CONTINUOUS
10
0.7721690551181102
20
1.7813063385826771
11
0.7721123228346457
21
1.7807302755905512
0
LINE
8
BLACK
6
CONTINUOUS
10
0.7721123228346457
20
1.7807302755905512
11
0.7716714173228346
21
1.7796658661417322
0
LINE
8
BLACK
6
CONTINUOUS
10
0.7716714173228346
20
1.7796658661417322
11
0.7708567716535433
21
1.7788512204724409
0
LINE
8
BLACK
6
CONTINUOUS
10
0.7708567716535433
20
1.7788512204724409
11
0.7697923622047244
21
1.7784103149606298
0
LINE
8
BLACK
6
CONTINUOUS
10
0.7697923622047244
20
1.7784103149606298
11
0.7686402362204724
21
1.7784103149606298
0
LINE
8
BLACK
6
CONTINUOUS
10
0.7686402362204724
20
1.7784103149606298
11
0.7675758267716535
21
1.7788512204724409
0
LINE
8
BLACK
6
CONTINUOUS
10
0.7675758267716535
20
1.7788512204724409
11
0.7667611811023621
21
1.7796658661417322
0
LINE
8
BLACK
6
CONTINUOUS
10
0.7667611811023621
20
1.7796658661417322
11
0.7663202755905512
21
1.7807302755905512
0
LINE
8
BLACK
6
CONTINUOUS
10
0.7663202755905512
20
1.7807302755905512
11
0.7662635433070866
21
1.7813063385826771
0
LINE
8
BLACK
6
CONTINUOUS
10
0.7662635433070866
20
1.7813063385826771
11
0.7662635433070866
21
1.7971012598425196
0
LINE
8
BLACK
6
CONTINUOUS
10
0.7662635433070866
20
1.7971012598425196
11
0.761379842519685
21
1.7971012598425196
0
LINE
8
BLACK
6
CONTINUOUS
10
0.761379842519685
20
1.7971012598425196
11
0.7491381102362205
21
1.779613031496063
0
LINE
8
BLACK
6
CONTINUOUS
10
0.7491381102362205
20
1.779613031496063
11
0.7487612992125984
21
1.7791736614173228
0
LINE
8
BLACK
6
CONTINUOUS
10
0.7487612992125984
20
1.7791736614173228
11
0.74778968503937
21
1.7785544881889763
0
LINE
8
BLACK
6
CONTINUOUS
10
0.74778968503937
20
1.7785544881889763
11
0.746655157480315
21
1.7783542913385826
0
LINE
8
BLACK
6
CONTINUOUS
10
0.746655157480315
20
1.7783542913385826
11
0.7455303149606299
21
1.7786034645669291
0
LINE
8
BLACK
6
CONTINUOUS
10
0.7455303149606299
20
1.7786034645669291
11
0.7445864566929133
21
1.7792641732283465
0
LINE
8
BLACK
6
CONTINUOUS
10
0.7445864566929133
20
1.7792641732283465
11
0.7439672834645669
21
1.7802357874015748
0
LINE
8
BLACK
6
CONTINUOUS
10
0.7439672834645669
20
1.7802357874015748
11
0.7437670866141732
21
1.7813703149606299
0
LINE
8
BLACK
6
CONTINUOUS
10
0.7437670866141732
20
1.7813703149606299
11
0.7440162598425196
21
1.782495157480315
0
LINE
8
BLACK
6
CONTINUOUS
10
0.7440162598425196
20
1.782495157480315
11
0.744300157480315
21
1.7829996456692914
0
LINE
8
BLACK
6
CONTINUOUS
10
0.744300157480315
20
1.7829996456692914
11
0.7541742913385827
21
1.797105590551181
0
LINE
8
BLACK
6
CONTINUOUS
10
0.7541742913385827
20
1.797105590551181
11
0.753642125984252
21
1.7971579921259841
0
LINE
8
BLACK
6
CONTINUOUS
10
0.753642125984252
20
1.7971579921259841
11
0.7535441338582677
21
1.7971985826771653
0
LINE
8
BLACK
6
CONTINUOUS
10
0.7535441338582677
20
1.7971985826771653
11
0.7534382677165354
21
1.7972061023622048
0
LINE
8
BLACK
6
CONTINUOUS
10
0.7534382677165354
20
1.7972061023622048
11
0.7528976771653543
21
1.7974129921259843
0
LINE
8
BLACK
6
CONTINUOUS
10
0.7528976771653543
20
1.7974129921259843
11
0.7491481496062992
21
1.7992877559055118
0
LINE
8
BLACK
6
CONTINUOUS
10
0.7491481496062992
20
1.7992877559055118
11
0.7489001181102362
21
1.7994438582677166
0
LINE
8
BLACK
6
CONTINUOUS
10
0.7489001181102362
20
1.7994438582677166
11
0.7488281889763779
21
1.7994736614173228
0
LINE
8
BLACK
6
CONTINUOUS
10
0.7488281889763779
20
1.7994736614173228
11
0.7487472047244095
21
1.7995401574803149
0
LINE
8
BLACK
6
CONTINUOUS
10
0.7487472047244095
20
1.7995401574803149
11
0.7486582677165354
21
1.7995961023622047
0
LINE
8
BLACK
6
CONTINUOUS
10
0.7486582677165354
20
1.7995961023622047
11
0.7486070866141732
21
1.7996551181102363
0
LINE
8
BLACK
6
CONTINUOUS
10
0.7486070866141732
20
1.7996551181102363
11
0.748380748031496
21
1.7998408661417322
0
LINE
8
BLACK
6
CONTINUOUS
10
0.748380748031496
20
1.7998408661417322
11
0.7465059842519685
21
1.8017156299212598
0
LINE
8
BLACK
6
CONTINUOUS
10
0.7465059842519685
20
1.8017156299212598
11
0.7463201968503936
21
1.8019420078740158
0
LINE
8
BLACK
6
CONTINUOUS
10
0.7463201968503936
20
1.8019420078740158
11
0.7462612204724409
21
1.8019931496062991
0
LINE
8
BLACK
6
CONTINUOUS
10
0.7462612204724409
20
1.8019931496062991
11
0.7462052362204724
21
1.8020821259842519
0
LINE
8
BLACK
6
CONTINUOUS
10
0.7462052362204724
20
1.8020821259842519
11
0.746138779527559
21
1.8021630708661416
0
LINE
8
BLACK
6
CONTINUOUS
10
0.746138779527559
20
1.8021630708661416
11
0.746108937007874
21
1.8022350393700788
0
LINE
8
BLACK
6
CONTINUOUS
10
0.746108937007874
20
1.8022350393700788
11
0.7459528740157481
21
1.8024830314960629
0
LINE
8
BLACK
6
CONTINUOUS
10
0.7459528740157481
20
1.8024830314960629
11
0.7440781102362205
21
1.806232559055118
0
LINE
8
BLACK
6
CONTINUOUS
10
0.7440781102362205
20
1.806232559055118
11
0.7438712204724409
21
1.8067731889763778
0
LINE
8
BLACK
6
CONTINUOUS
10
0.7438712204724409
20
1.8067731889763778
11
0.7438637007874016
21
1.8068790157480314
0
LINE
8
BLACK
6
CONTINUOUS
10
0.7438637007874016
20
1.8068790157480314
11
0.7438231102362205
21
1.8069770078740157
0
LINE
8
BLACK
6
CONTINUOUS
10
0.7438231102362205
20
1.8069770078740157
11
0.7437663779527559
21
1.8075530708661416
0
LINE
8
BLACK
6
CONTINUOUS
10
0.7437663779527559
20
1.8075530708661416
11
0.7437663779527559
21
1.8131773622047245
0
LINE
8
BLACK
6
CONTINUOUS
10
0.7437663779527559
20
1.8131773622047245
11
0.7438231102362205
21
1.8137534251968503
0
LINE
8
BLACK
6
CONTINUOUS
10
0.7438231102362205
20
1.8137534251968503
11
0.7438637007874016
21
1.8138514566929134
0
LINE
8
BLACK
6
CONTINUOUS
10
0.7438637007874016
20
1.8138514566929134
11
0.7438712204724409
21
1.8139572440944882
0
LINE
8
BLACK
6
CONTINUOUS
10
0.7438712204724409
20
1.8139572440944882
11
0.7440781102362205
21
1.814497874015748
0
LINE
8
BLACK
6
CONTINUOUS
10
0.7440781102362205
20
1.814497874015748
11
0.7459528740157481
21
1.8182474015748031
0
LINE
8
BLACK
6
CONTINUOUS
10
0.7459528740157481
20
1.8182474015748031
11
0.746108937007874
21
1.818495433070866
0
LINE
8
BLACK
6
CONTINUOUS
10
0.746108937007874
20
1.818495433070866
11
0.746138779527559
21
1.8185673622047243
0
LINE
8
BLACK
6
CONTINUOUS
10
0.746138779527559
20
1.8185673622047243
11
0.7462052362204724
21
1.8186483464566929
0
LINE
8
BLACK
6
CONTINUOUS
10
0.7462052362204724
20
1.8186483464566929
11
0.7462612204724409
21
1.818737283464567
0
LINE
8
BLACK
6
CONTINUOUS
10
0.7462612204724409
20
1.818737283464567
11
0.7463201968503936
21
1.818788464566929
0
LINE
8
BLACK
6
CONTINUOUS
10
0.7463201968503936
20
1.818788464566929
11
0.7465059842519685
21
1.8190148031496063
0
LINE
8
BLACK
6
CONTINUOUS
10
0.7465059842519685
20
1.8190148031496063
11
0.748380748031496
21
1.8208895669291338
0
LINE
8
BLACK
6
CONTINUOUS
10
0.748380748031496
20
1.8208895669291338
11
0.7486070866141732
21
1.8210753543307086
0
LINE
8
BLACK
6
CONTINUOUS
10
0.7486070866141732
20
1.8210753543307086
11
0.7486582677165354
21
1.8211343307086614
0
LINE
8
BLACK
6
CONTINUOUS
10
0.7486582677165354
20
1.8211343307086614
11
0.7487472047244095
21
1.8211903149606299
0
LINE
8
BLACK
6
CONTINUOUS
10
0.7487472047244095
20
1.8211903149606299
11
0.7488281889763779
21
1.8212567716535433
0
LINE
8
BLACK
6
CONTINUOUS
10
0.7488281889763779
20
1.8212567716535433
11
0.7489001181102362
21
1.8212866141732282
0
LINE
8
BLACK
6
CONTINUOUS
10
0.7489001181102362
20
1.8212866141732282
11
0.7491481496062992
21
1.8214426771653542
0
LINE
8
BLACK
6
CONTINUOUS
10
0.7491481496062992
20
1.8214426771653542
11
0.7528976771653543
21
1.8233174409448818
0
LINE
8
BLACK
6
CONTINUOUS
10
0.7528976771653543
20
1.8233174409448818
11
0.7534382677165354
21
1.8235243307086613
0
LINE
8
BLACK
6
CONTINUOUS
10
0.7534382677165354
20
1.8235243307086613
11
0.7535441338582677
21
1.8235318897637796
0
LINE
8
BLACK
6
CONTINUOUS
10
0.7535441338582677
20
1.8235318897637796
11
0.753642125984252
21
1.8235724409448819
0
LINE
8
BLACK
6
CONTINUOUS
10
0.753642125984252
20
1.8235724409448819
11
0.7542181889763779
21
1.8236291732283465
0
LINE
8
BLACK
6
CONTINUOUS
10
0.7542181889763779
20
1.8236291732283465
11
0.7692162992125984
21
1.8236291732283465
0
LINE
8
BLACK
6
CONTINUOUS
10
0.7692162992125984
20
1.8236291732283465
11
0.7697923622047244
21
1.8235724409448819
0
LINE
8
BLACK
6
CONTINUOUS
10
0.7522177559055118
20
1.8163749212598426
11
0.7510206299212598
21
1.8151777952755905
0
LINE
8
BLACK
6
CONTINUOUS
10
0.7510206299212598
20
1.8151777952755905
11
0.7496718897637795
21
1.8124803149606299
0
LINE
8
BLACK
6
CONTINUOUS
10
0.7496718897637795
20
1.8124803149606299
11
0.7496718897637795
21
1.8082501181102362
0
LINE
8
BLACK
6
CONTINUOUS
10
0.7496718897637795
20
1.8082501181102362
11
0.7510206299212598
21
1.8055526377952755
0
LINE
8
BLACK
6
CONTINUOUS
10
0.7510206299212598
20
1.8055526377952755
11
0.7522177559055118
21
1.8043555118110235
0
LINE
8
BLACK
6
CONTINUOUS
10
0.7522177559055118
20
1.8043555118110235
11
0.7549152362204724
21
1.8030067716535432
0
LINE
8
BLACK
6
CONTINUOUS
10
0.7549152362204724
20
1.8030067716535432
11
0.7662635433070866
21
1.8030067716535432
0
LINE
8
BLACK
6
CONTINUOUS
10
0.7662635433070866
20
1.8030067716535432
11
0.7662635433070866
21
1.8177236614173229
0
LINE
8
BLACK
6
CONTINUOUS
10
0.7662635433070866
20
1.8177236614173229
11
0.7549152362204724
21
1.8177236614173229
0
LINE
8
BLACK
6
CONTINUOUS
10
0.7549152362204724
20
1.8177236614173229
11
0.7522177559055118
21
1.8163749212598426
0
LINE
8
BLACK
6
CONTINUOUS
10
0.5073251968503937
20
1.8629425196850393
11
0.5074231889763779
21
1.8629019291338582
0
LINE
8
BLACK
6
CONTINUOUS
10
0.5074231889763779
20
1.8629019291338582
11
0.5075290157480314
21
1.8628944094488189
0
LINE
8
BLACK
6
CONTINUOUS
10
0.5075290157480314
20
1.8628944094488189
11
0.5080696456692914
21
1.8626875196850394
0
LINE
8
BLACK
6
CONTINUOUS
10
0.5080696456692914
20
1.8626875196850394
11
0.5118191732283465
21
1.8608127559055119
0
LINE
8
BLACK
6
CONTINUOUS
10
0.5118191732283465
20
1.8608127559055119
11
0.5120671653543307
21
1.8606566929133859
0
LINE
8
BLACK
6
CONTINUOUS
10
0.5120671653543307
20
1.8606566929133859
11
0.5121391338582677
21
1.8606268503937007
0
LINE
8
BLACK
6
CONTINUOUS
10
0.5121391338582677
20
1.8606268503937007
11
0.5122200787401575
21
1.8605603937007873
0
LINE
8
BLACK
6
CONTINUOUS
10
0.5122200787401575
20
1.8605603937007873
11
0.5123090551181102
21
1.8605044094488188
0
LINE
8
BLACK
6
CONTINUOUS
10
0.5123090551181102
20
1.8605044094488188
11
0.5123601968503937
21
1.8604454330708662
0
LINE
8
BLACK
6
CONTINUOUS
10
0.5123601968503937
20
1.8604454330708662
11
0.5125865748031496
21
1.8602596456692913
0
LINE
8
BLACK
6
CONTINUOUS
10
0.5125865748031496
20
1.8602596456692913
11
0.5163361023622047
21
1.8565101181102361
0
LINE
8
BLACK
6
CONTINUOUS
10
0.5163361023622047
20
1.8565101181102361
11
0.5167033464566929
21
1.8560626771653543
0
LINE
8
BLACK
6
CONTINUOUS
10
0.5167033464566929
20
1.8560626771653543
11
0.5167873622047244
21
1.8558598031496063
0
LINE
8
BLACK
6
CONTINUOUS
10
0.5167873622047244
20
1.8558598031496063
11
0.516918031496063
21
1.8556834645669291
0
LINE
8
BLACK
6
CONTINUOUS
10
0.516918031496063
20
1.8556834645669291
11
0.5171127952755905
21
1.8551383464566928
0
LINE
8
BLACK
6
CONTINUOUS
10
0.5171127952755905
20
1.8551383464566928
11
0.5189875590551181
21
1.8476392913385826
0
LINE
8
BLACK
6
CONTINUOUS
10
0.5189875590551181
20
1.8476392913385826
11
0.5190023228346456
21
1.8475394488188976
0
LINE
8
BLACK
6
CONTINUOUS
10
0.5190023228346456
20
1.8475394488188976
11
0.5190189763779527
21
1.8474992125984251
0
LINE
8
BLACK
6
CONTINUOUS
10
0.5190189763779527
20
1.8474992125984251
11
0.5190403149606299
21
1.8472822047244095
0
LINE
8
BLACK
6
CONTINUOUS
10
0.5190403149606299
20
1.8472822047244095
11
0.5190722047244094
21
1.8470666929133859
0
LINE
8
BLACK
6
CONTINUOUS
10
0.5190722047244094
20
1.8470666929133859
11
0.5190657874015748
21
1.8470237007874015
0
LINE
8
BLACK
6
CONTINUOUS
10
0.5190657874015748
20
1.8470237007874015
11
0.5190757086614173
21
1.8469231496062992
0
LINE
8
BLACK
6
CONTINUOUS
10
0.5190757086614173
20
1.8469231496062992
11
0.5190757086614173
21
1.8337998031496063
0
LINE
8
BLACK
6
CONTINUOUS
10
0.5190757086614173
20
1.8337998031496063
11
0.5190657874015748
21
1.8336992913385826
0
LINE
8
BLACK
6
CONTINUOUS
10
0.5190657874015748
20
1.8336992913385826
11
0.5190722047244094
21
1.8336562598425197
0
LINE
8
BLACK
6
CONTINUOUS
10
0.5190722047244094
20
1.8336562598425197
11
0.5190403149606299
21
1.8334407874015748
0
LINE
8
BLACK
6
CONTINUOUS
10
0.5190403149606299
20
1.8334407874015748
11
0.5190189763779527
21
1.8332237401574802
0
LINE
8
BLACK
6
CONTINUOUS
10
0.5190189763779527
20
1.8332237401574802
11
0.5190023228346456
21
1.8331835433070867
0
LINE
8
BLACK
6
CONTINUOUS
10
0.5190023228346456
20
1.8331835433070867
11
0.5189875590551181
21
1.8330836614173227
0
LINE
8
BLACK
6
CONTINUOUS
10
0.5189875590551181
20
1.8330836614173227
11
0.5171127952755905
21
1.8255846062992125
0
LINE
8
BLACK
6
CONTINUOUS
10
0.5171127952755905
20
1.8255846062992125
11
0.516918031496063
21
1.8250394881889764
0
LINE
8
BLACK
6
CONTINUOUS
10
0.516918031496063
20
1.8250394881889764
11
0.5167873228346457
21
1.8248631496062993
0
LINE
8
BLACK
6
CONTINUOUS
10
0.5167873228346457
20
1.8248631496062993
11
0.5167033464566929
21
1.82466031496063
0
LINE
8
BLACK
6
CONTINUOUS
10
0.5167033464566929
20
1.82466031496063
11
0.5163361417322835
21
1.8242128740157479
0
LINE
8
BLACK
6
CONTINUOUS
10
0.5163361417322835
20
1.8242128740157479
11
0.5125865748031496
21
1.8204632677165353
0
LINE
8
BLACK
6
CONTINUOUS
10
0.5125865748031496
20
1.8204632677165353
11
0.5123601968503937
21
1.8202775196850394
0
LINE
8
BLACK
6
CONTINUOUS
10
0.5123601968503937
20
1.8202775196850394
11
0.5123090551181102
21
1.8202185039370078
0
LINE
8
BLACK
6
CONTINUOUS
10
0.5123090551181102
20
1.8202185039370078
11
0.5122200787401575
21
1.820162559055118
0
LINE
8
BLACK
6
CONTINUOUS
10
0.5122200787401575
20
1.820162559055118
11
0.5121391338582677
21
1.8200960629921259
0
LINE
8
BLACK
6
CONTINUOUS
10
0.5121391338582677
20
1.8200960629921259
11
0.5120671653543307
21
1.8200662598425197
0
LINE
8
BLACK
6
CONTINUOUS
10
0.5120671653543307
20
1.8200662598425197
11
0.5118191732283465
21
1.8199101574803149
0
LINE
8
BLACK
6
CONTINUOUS
10
0.5118191732283465
20
1.8199101574803149
11
0.5080696456692914
21
1.8180353937007874
0
LINE
8
BLACK
6
CONTINUOUS
10
0.5080696456692914
20
1.8180353937007874
11
0.5075290157480314
21
1.8178285039370079
0
LINE
8
BLACK
6
CONTINUOUS
10
0.5075290157480314
20
1.8178285039370079
11
0.5074231889763779
21
1.8178210236220471
0
LINE
8
BLACK
6
CONTINUOUS
10
0.5074231889763779
20
1.8178210236220471
11
0.5073251968503937
21
1.8177803937007873
0
LINE
8
BLACK
6
CONTINUOUS
10
0.5073251968503937
20
1.8177803937007873
11
0.5067491338582677
21
1.8177236614173229
0
LINE
8
BLACK
6
CONTINUOUS
10
0.5067491338582677
20
1.8177236614173229
11
0.4992500787401575
21
1.8177236614173229
0
LINE
8
BLACK
6
CONTINUOUS
10
0.4992500787401575
20
1.8177236614173229
11
0.4986740157480315
21
1.8177803937007873
0
LINE
8
BLACK
6
CONTINUOUS
10
0.4986740157480315
20
1.8177803937007873
11
0.4985760236220472
21
1.8178209842519684
0
LINE
8
BLACK
6
CONTINUOUS
10
0.4985760236220472
20
1.8178209842519684
11
0.4984701574803149
21
1.8178285039370079
0
LINE
8
BLACK
6
CONTINUOUS
10
0.4984701574803149
20
1.8178285039370079
11
0.4979295669291339
21
1.8180353937007874
0
LINE
8
BLACK
6
CONTINUOUS
10
0.4979295669291339
20
1.8180353937007874
11
0.4960835826771653
21
1.8189583858267717
0
LINE
8
BLACK
6
CONTINUOUS
10
0.4960835826771653
20
1.8189583858267717
11
0.493838937007874
21
1.8167137401574802
0
LINE
8
BLACK
6
CONTINUOUS
10
0.493838937007874
20
1.8167137401574802
11
0.4936125590551181
21
1.8165279921259843
0
LINE
8
BLACK
6
CONTINUOUS
10
0.4936125590551181
20
1.8165279921259843
11
0.4935614173228347
21
1.8164689763779527
0
LINE
8
BLACK
6
CONTINUOUS
10
0.4935614173228347
20
1.8164689763779527
11
0.4934724409448819
21
1.8164130314960629
0
LINE
8
BLACK
6
CONTINUOUS
10
0.4934724409448819
20
1.8164130314960629
11
0.4933914960629921
21
1.8163465354330708
0
LINE
8
BLACK
6
CONTINUOUS
10
0.4933914960629921
20
1.8163465354330708
11
0.4933195275590551
21
1.8163167322834646
0
LINE
8
BLACK
6
CONTINUOUS
10
0.4933195275590551
20
1.8163167322834646
11
0.4930715354330709
21
1.8161606299212598
0
LINE
8
BLACK
6
CONTINUOUS
10
0.4930715354330709
20
1.8161606299212598
11
0.4893220078740158
21
1.8142858661417323
0
LINE
8
BLACK
6
CONTINUOUS
10
0.4893220078740158
20
1.8142858661417323
11
0.4887813779527559
21
1.8140789763779528
0
LINE
8
BLACK
6
CONTINUOUS
10
0.4887813779527559
20
1.8140789763779528
11
0.4876321653543307
21
1.8139973228346455
0
LINE
8
BLACK
6
CONTINUOUS
10
0.4876321653543307
20
1.8139973228346455
11
0.4865392125984252
21
1.8143616535433071
0
LINE
8
BLACK
6
CONTINUOUS
10
0.4865392125984252
20
1.8143616535433071
11
0.4856688188976378
21
1.8151164960629922
0
LINE
8
BLACK
6
CONTINUOUS
10
0.4856688188976378
20
1.8151164960629922
11
0.4851535826771654
21
1.8161470078740156
0
LINE
8
BLACK
6
CONTINUOUS
10
0.4851535826771654
20
1.8161470078740156
11
0.4850719291338583
21
1.817296220472441
0
LINE
8
BLACK
6
CONTINUOUS
10
0.4850719291338583
20
1.817296220472441
11
0.4854362598425197
21
1.8183891732283464
0
LINE
8
BLACK
6
CONTINUOUS
10
0.4854362598425197
20
1.8183891732283464
11
0.4861911023622047
21
1.8192595669291338
0
LINE
8
BLACK
6
CONTINUOUS
10
0.4861911023622047
20
1.8192595669291338
11
0.4866809842519685
21
1.8195679133858267
0
LINE
8
BLACK
6
CONTINUOUS
10
0.4866809842519685
20
1.8195679133858267
11
0.4900019291338583
21
1.8212283858267717
0
LINE
8
BLACK
6
CONTINUOUS
10
0.4900019291338583
20
1.8212283858267717
11
0.4913247244094488
21
1.822551220472441
0
LINE
8
BLACK
6
CONTINUOUS
10
0.4913247244094488
20
1.822551220472441
11
0.4896631102362204
21
1.8242128346456692
0
LINE
8
BLACK
6
CONTINUOUS
10
0.4896631102362204
20
1.8242128346456692
11
0.4892958661417323
21
1.82466031496063
0
LINE
8
BLACK
6
CONTINUOUS
10
0.4892958661417323
20
1.82466031496063
11
0.4892118503937008
21
1.8248631496062993
0
LINE
8
BLACK
6
CONTINUOUS
10
0.4892118503937008
20
1.8248631496062993
11
0.4890811811023622
21
1.8250394881889764
0
LINE
8
BLACK
6
CONTINUOUS
10
0.4890811811023622
20
1.8250394881889764
11
0.4888864173228346
21
1.8255846062992125
0
LINE
8
BLACK
6
CONTINUOUS
10
0.4888864173228346
20
1.8255846062992125
11
0.4870116535433071
21
1.8330836614173227
0
LINE
8
BLACK
6
CONTINUOUS
10
0.4870116535433071
20
1.8330836614173227
11
0.4869968503937008
21
1.8331835433070867
0
LINE
8
BLACK
6
CONTINUOUS
10
0.4869968503937008
20
1.8331835433070867
11
0.4869802362204724
21
1.8332237401574802
0
LINE
8
BLACK
6
CONTINUOUS
10
0.4869802362204724
20
1.8332237401574802
11
0.4869588582677165
21
1.8334407874015748
0
LINE
8
BLACK
6
CONTINUOUS
10
0.4869588582677165
20
1.8334407874015748
11
0.4869270078740157
21
1.8336562598425197
0
LINE
8
BLACK
6
CONTINUOUS
10
0.4869270078740157
20
1.8336562598425197
11
0.4869333858267716
21
1.8336992913385826
0
LINE
8
BLACK
6
CONTINUOUS
10
0.4869333858267716
20
1.8336992913385826
11
0.4869235039370078
21
1.8337998031496063
0
LINE
8
BLACK
6
CONTINUOUS
10
0.4869235039370078
20
1.8337998031496063
11
0.4869235039370078
21
1.8469231496062992
0
LINE
8
BLACK
6
CONTINUOUS
10
0.4869235039370078
20
1.8469231496062992
11
0.4869333858267716
21
1.8470237007874015
0
LINE
8
BLACK
6
CONTINUOUS
10
0.4869333858267716
20
1.8470237007874015
11
0.4869270078740157
21
1.8470666929133859
0
LINE
8
BLACK
6
CONTINUOUS
10
0.4869270078740157
20
1.8470666929133859
11
0.4869588582677165
21
1.8472822047244095
0
LINE
8
BLACK
6
CONTINUOUS
10
0.4869588582677165
20
1.8472822047244095
11
0.4869802362204724
21
1.8474992125984251
0
LINE
8
BLACK
6
CONTINUOUS
10
0.4869802362204724
20
1.8474992125984251
11
0.4869968503937008
21
1.8475394488188976
0
LINE
8
BLACK
6
CONTINUOUS
10
0.4869968503937008
20
1.8475394488188976
11
0.4870116535433071
21
1.8476392913385826
0
LINE
8
BLACK
6
CONTINUOUS
10
0.4870116535433071
20
1.8476392913385826
11
0.4888864173228346
21
1.8551383464566928
0
LINE
8
BLACK
6
CONTINUOUS
10
0.4888864173228346
20
1.8551383464566928
11
0.4890811811023622
21
1.8556834645669291
0
LINE
8
BLACK
6
CONTINUOUS
10
0.4890811811023622
20
1.8556834645669291
11
0.4892118897637795
21
1.8558599212598426
0
LINE
8
BLACK
6
CONTINUOUS
10
0.4892118897637795
20
1.8558599212598426
11
0.489295905511811
21
1.8560626771653543
0
LINE
8
BLACK
6
CONTINUOUS
10
0.489295905511811
20
1.8560626771653543
11
0.4896631102362204
21
1.8565101181102361
0
LINE
8
BLACK
6
CONTINUOUS
10
0.4896631102362204
20
1.8565101181102361
11
0.4934126377952756
21
1.8602596456692913
0
LINE
8
BLACK
6
CONTINUOUS
10
0.4934126377952756
20
1.8602596456692913
11
0.4936390157480315
21
1.8604455118110237
0
LINE
8
BLACK
6
CONTINUOUS
10
0.4936390157480315
20
1.8604455118110237
11
0.493690157480315
21
1.8605044094488188
0
LINE
8
BLACK
6
CONTINUOUS
10
0.493690157480315
20
1.8605044094488188
11
0.4937788976377953
21
1.8605603149606298
0
LINE
8
BLACK
6
CONTINUOUS
10
0.4937788976377953
20
1.8605603149606298
11
0.4938600787401575
21
1.8606268897637794
0
LINE
8
BLACK
6
CONTINUOUS
10
0.4938600787401575
20
1.8606268897637794
11
0.4939322047244095
21
1.8606567716535434
0
LINE
8
BLACK
6
CONTINUOUS
10
0.4939322047244095
20
1.8606567716535434
11
0.4941800393700787
21
1.8608127559055119
0
LINE
8
BLACK
6
CONTINUOUS
10
0.4941800393700787
20
1.8608127559055119
11
0.4979295669291339
21
1.8626875196850394
0
LINE
8
BLACK
6
CONTINUOUS
10
0.4979295669291339
20
1.8626875196850394
11
0.4984701574803149
21
1.8628944094488189
0
LINE
8
BLACK
6
CONTINUOUS
10
0.4984701574803149
20
1.8628944094488189
11
0.4985760236220472
21
1.862901968503937
0
LINE
8
BLACK
6
CONTINUOUS
10
0.4985760236220472
20
1.862901968503937
11
0.4986740157480315
21
1.8629425196850393
0
LINE
8
BLACK
6
CONTINUOUS
10
0.4986740157480315
20
1.8629425196850393
11
0.4992500787401575
21
1.8629992519685039
0
LINE
8
BLACK
6
CONTINUOUS
10
0.4992500787401575
20
1.8629992519685039
11
0.5067491338582677
21
1.8629992519685039
0
LINE
8
BLACK
6
CONTINUOUS
10
0.5067491338582677
20
1.8629992519685039
11
0.5073251968503937
21
1.8629425196850393
0
LINE
8
BLACK
6
CONTINUOUS
10
0.4972496456692913
20
1.855745
11
0.4944172440944882
21
1.8529126377952756
0
LINE
8
BLACK
6
CONTINUOUS
10
0.4944172440944882
20
1.8529126377952756
11
0.4928290157480315
21
1.8465596062992125
0
LINE
8
BLACK
6
CONTINUOUS
10
0.4928290157480315
20
1.8465596062992125
11
0.4928290157480315
21
1.8341633464566929
0
LINE
8
BLACK
6
CONTINUOUS
10
0.4928290157480315
20
1.8341633464566929
11
0.4944172440944882
21
1.8278103543307087
0
LINE
8
BLACK
6
CONTINUOUS
10
0.4944172440944882
20
1.8278103543307087
11
0.4955005511811024
21
1.8267270472440944
0
LINE
8
BLACK
6
CONTINUOUS
10
0.4955005511811024
20
1.8267270472440944
11
0.4990369291338583
21
1.8302634251968504
0
LINE
8
BLACK
6
CONTINUOUS
10
0.4990369291338583
20
1.8302634251968504
11
0.4992632677165354
21
1.8304492125984251
0
LINE
8
BLACK
6
CONTINUOUS
10
0.4992632677165354
20
1.8304492125984251
11
0.4993144488188976
21
1.8305081889763779
0
LINE
8
BLACK
6
CONTINUOUS
10
0.4993144488188976
20
1.8305081889763779
11
0.4994033858267716
21
1.8305641732283464
0
LINE
8
BLACK
6
CONTINUOUS
10
0.4994033858267716
20
1.8305641732283464
11
0.4994843700787401
21
1.8306306299212598
0
LINE
8
BLACK
6
CONTINUOUS
10
0.4994843700787401
20
1.8306306299212598
11
0.4995562992125984
21
1.8306604724409448
0
LINE
8
BLACK
6
CONTINUOUS
10
0.4995562992125984
20
1.8306604724409448
11
0.4998043307086614
21
1.8308165354330708
0
LINE
8
BLACK
6
CONTINUOUS
10
0.4998043307086614
20
1.8308165354330708
11
0.5035538582677165
21
1.8326912992125983
0
LINE
8
BLACK
6
CONTINUOUS
10
0.5035538582677165
20
1.8326912992125983
11
0.5040944488188976
21
1.832898188976378
0
LINE
8
BLACK
6
CONTINUOUS
10
0.5040944488188976
20
1.832898188976378
11
0.5042003149606299
21
1.8329057480314961
0
LINE
8
BLACK
6
CONTINUOUS
10
0.5042003149606299
20
1.8329057480314961
11
0.5042983070866142
21
1.8329462992125984
0
LINE
8
BLACK
6
CONTINUOUS
10
0.5042983070866142
20
1.8329462992125984
11
0.5048743700787401
21
1.833003031496063
0
LINE
8
BLACK
6
CONTINUOUS
10
0.5048743700787401
20
1.833003031496063
11
0.5086238976377953
21
1.833003031496063
0
LINE
8
BLACK
6
CONTINUOUS
10
0.5086238976377953
20
1.833003031496063
11
0.5091999606299212
21
1.8329462992125984
0
LINE
8
BLACK
6
CONTINUOUS
10
0.5091999606299212
20
1.8329462992125984
11
0.5102643700787401
21
1.8325053937007874
0
LINE
8
BLACK
6
CONTINUOUS
10
0.5102643700787401
20
1.8325053937007874
11
0.5110790157480315
21
1.8316907480314961
0
LINE
8
BLACK
6
CONTINUOUS
10
0.5110790157480315
20
1.8316907480314961
11
0.5115199212598425
21
1.8306263385826771
0
LINE
8
BLACK
6
CONTINUOUS
10
0.5115199212598425
20
1.8306263385826771
11
0.5115199212598425
21
1.8294742125984251
0
LINE
8
BLACK
6
CONTINUOUS
10
0.5115199212598425
20
1.8294742125984251
11
0.5110790157480315
21
1.8284098031496063
0
LINE
8
BLACK
6
CONTINUOUS
10
0.5110790157480315
20
1.8284098031496063
11
0.5102643700787401
21
1.8275951574803149
0
LINE
8
BLACK
6
CONTINUOUS
10
0.5102643700787401
20
1.8275951574803149
11
0.5091999606299212
21
1.827154251968504
0
LINE
8
BLACK
6
CONTINUOUS
10
0.5091999606299212
20
1.827154251968504
11
0.5086238976377953
21
1.8270975196850394
0
LINE
8
BLACK
6
CONTINUOUS
10
0.5086238976377953
20
1.8270975196850394
11
0.5055714173228346
21
1.8270975196850394
0
LINE
8
BLACK
6
CONTINUOUS
10
0.5055714173228346
20
1.8270975196850394
11
0.502873937007874
21
1.8257488188976378
0
LINE
8
BLACK
6
CONTINUOUS
10
0.502873937007874
20
1.8257488188976378
11
0.5007543307086614
21
1.8236291732283465
0
LINE
8
BLACK
6
CONTINUOUS
10
0.5007543307086614
20
1.8236291732283465
11
0.5060520866141732
21
1.8236291732283465
0
LINE
8
BLACK
6
CONTINUOUS
10
0.5060520866141732
20
1.8236291732283465
11
0.5087495275590551
21
1.8249779133858268
0
LINE
8
BLACK
6
CONTINUOUS
10
0.5087495275590551
20
1.8249779133858268
11
0.5115819291338582
21
1.8278103543307087
0
LINE
8
BLACK
6
CONTINUOUS
10
0.5115819291338582
20
1.8278103543307087
11
0.5131701968503937
21
1.8341633464566929
0
LINE
8
BLACK
6
CONTINUOUS
10
0.5131701968503937
20
1.8341633464566929
11
0.5131701968503937
21
1.8465596062992125
0
LINE
8
BLACK
6
CONTINUOUS
10
0.5131701968503937
20
1.8465596062992125
11
0.5115819291338582
21
1.8529126377952756
0
LINE
8
BLACK
6
CONTINUOUS
10
0.5115819291338582
20
1.8529126377952756
11
0.5087495669291339
21
1.855745
0
LINE
8
BLACK
6
CONTINUOUS
10
0.5087495669291339
20
1.855745
11
0.5060520866141732
21
1.8570937401574803
0
LINE
8
BLACK
6
CONTINUOUS
10
0.5060520866141732
20
1.8570937401574803
11
0.4999471259842519
21
1.8570937401574803
0
LINE
8
BLACK
6
CONTINUOUS
10
0.4999471259842519
20
1.8570937401574803
11
0.4972496456692913
21
1.855745
0
LINE
8
BLACK
6
CONTINUOUS
10
0.6290524409448819
20
1.8568094881889763
11
0.6292322440944882
21
1.8559055118110235
0
LINE
8
BLACK
6
CONTINUOUS
10
0.6292322440944882
20
1.8559055118110235
11
0.6292322440944882
21
1.8165354330708661
0
LINE
8
BLACK
6
CONTINUOUS
10
0.6292322440944882
20
1.8165354330708661
11
0.6290524409448819
21
1.8156314566929133
0
LINE
8
BLACK
6
CONTINUOUS
10
0.6290524409448819
20
1.8156314566929133
11
0.6277740157480315
21
1.814353031496063
0
LINE
8
BLACK
6
CONTINUOUS
10
0.6277740157480315
20
1.814353031496063
11
0.6268700393700787
21
1.8141732283464567
0
LINE
8
BLACK
6
CONTINUOUS
10
0.6268700393700787
20
1.8141732283464567
11
0.5670275196850394
21
1.8141732283464567
0
LINE
8
BLACK
6
CONTINUOUS
10
0.5670275196850394
20
1.8141732283464567
11
0.5661235433070866
21
1.814353031496063
0
LINE
8
BLACK
6
CONTINUOUS
10
0.5661235433070866
20
1.814353031496063
11
0.5648451181102362
21
1.8156314566929133
0
LINE
8
BLACK
6
CONTINUOUS
10
0.5648451181102362
20
1.8156314566929133
11
0.5646653149606299
21
1.8165354330708661
0
LINE
8
BLACK
6
CONTINUOUS
10
0.5646653149606299
20
1.8165354330708661
11
0.5646653149606299
21
1.8185039370078739
0
LINE
8
BLACK
6
CONTINUOUS
10
0.5646653149606299
20
1.8185039370078739
11
0.5648451181102362
21
1.8194079133858267
0
LINE
8
BLACK
6
CONTINUOUS
10
0.5648451181102362
20
1.8194079133858267
11
0.5661235433070866
21
1.820686338582677
0
LINE
8
BLACK
6
CONTINUOUS
10
0.5661235433070866
20
1.820686338582677
11
0.5679314960629921
21
1.820686338582677
0
LINE
8
BLACK
6
CONTINUOUS
10
0.5679314960629921
20
1.820686338582677
11
0.5692099212598425
21
1.8194079133858267
0
LINE
8
BLACK
6
CONTINUOUS
10
0.5692099212598425
20
1.8194079133858267
11
0.5693114173228346
21
1.8188976377952755
0
LINE
8
BLACK
6
CONTINUOUS
10
0.5693114173228346
20
1.8188976377952755
11
0.6245078346456693
21
1.8188976377952755
0
LINE
8
BLACK
6
CONTINUOUS
10
0.6245078346456693
20
1.8188976377952755
11
0.6245078346456693
21
1.8559055118110235
0
LINE
8
BLACK
6
CONTINUOUS
10
0.6245078346456693
20
1.8559055118110235
11
0.6246876377952756
21
1.8568094881889763
0
LINE
8
BLACK
6
CONTINUOUS
10
0.6246876377952756
20
1.8568094881889763
11
0.625966062992126
21
1.8580879133858268
0
LINE
8
BLACK
6
CONTINUOUS
10
0.625966062992126
20
1.8580879133858268
11
0.6277740157480315
21
1.8580879133858268
0
LINE
8
BLACK
6
CONTINUOUS
10
0.6277740157480315
20
1.8580879133858268
11
0.6290524409448819
21
1.8568094881889763
0
LINE
8
BLACK
6
CONTINUOUS
10
0.4639162992125984
20
1.8629425196850393
11
0.4642055905511811
21
1.8629425196850393
0
LINE
8
BLACK
6
CONTINUOUS
10
0.4642055905511811
20
1.8629425196850393
11
0.4644756692913386
21
1.8628306692913386
0
LINE
8
BLACK
6
CONTINUOUS
10
0.4644756692913386
20
1.8628306692913386
11
0.4647623228346456
21
1.8627733070866141
0
LINE
8
BLACK
6
CONTINUOUS
10
0.4647623228346456
20
1.8627733070866141
11
0.4650026771653543
21
1.8626123622047244
0
LINE
8
BLACK
6
CONTINUOUS
10
0.4650026771653543
20
1.8626123622047244
11
0.46527
21
1.8625016141732282
0
LINE
8
BLACK
6
CONTINUOUS
10
0.46527
20
1.8625016141732282
11
0.4654766929133858
21
1.8622949212598425
0
LINE
8
BLACK
6
CONTINUOUS
10
0.4654766929133858
20
1.8622949212598425
11
0.4657196062992126
21
1.8621322440944881
0
LINE
8
BLACK
6
CONTINUOUS
10
0.4657196062992126
20
1.8621322440944881
11
0.4660825984251968
21
1.8616890157480315
0
LINE
8
BLACK
6
CONTINUOUS
10
0.4660825984251968
20
1.8616890157480315
11
0.4660846456692913
21
1.861686968503937
0
LINE
8
BLACK
6
CONTINUOUS
10
0.4660846456692913
20
1.861686968503937
11
0.466085
21
1.8616861023622047
0
LINE
8
BLACK
6
CONTINUOUS
10
0.466085
20
1.8616861023622047
11
0.4660863779527559
21
1.8616844094488187
0
LINE
8
BLACK
6
CONTINUOUS
10
0.4660863779527559
20
1.8616844094488187
11
0.4696737007874016
21
1.8563033858267717
0
LINE
8
BLACK
6
CONTINUOUS
10
0.4696737007874016
20
1.8563033858267717
11
0.4728776771653543
21
1.8530994094488189
0
LINE
8
BLACK
6
CONTINUOUS
10
0.4728776771653543
20
1.8530994094488189
11
0.4761986220472441
21
1.8514389370078739
0
LINE
8
BLACK
6
CONTINUOUS
10
0.4761986220472441
20
1.8514389370078739
11
0.4766885039370078
21
1.851130590551181
0
LINE
8
BLACK
6
CONTINUOUS
10
0.4766885039370078
20
1.851130590551181
11
0.4774433464566929
21
1.8502601968503936
0
LINE
8
BLACK
6
CONTINUOUS
10
0.4774433464566929
20
1.8502601968503936
11
0.4778076771653543
21
1.8491672440944882
0
LINE
8
BLACK
6
CONTINUOUS
10
0.4778076771653543
20
1.8491672440944882
11
0.4777260236220472
21
1.848018031496063
0
LINE
8
BLACK
6
CONTINUOUS
10
0.4777260236220472
20
1.848018031496063
11
0.477210748031496
21
1.8469875196850394
0
LINE
8
BLACK
6
CONTINUOUS
10
0.477210748031496
20
1.8469875196850394
11
0.4763403937007874
21
1.8462326771653543
0
LINE
8
BLACK
6
CONTINUOUS
10
0.4763403937007874
20
1.8462326771653543
11
0.4752474015748032
21
1.845868346456693
0
LINE
8
BLACK
6
CONTINUOUS
10
0.4752474015748032
20
1.845868346456693
11
0.474098188976378
21
1.84595
0
LINE
8
BLACK
6
CONTINUOUS
10
0.474098188976378
20
1.84595
11
0.4735575984251968
21
1.8461568897637795
0
LINE
8
BLACK
6
CONTINUOUS
10
0.4735575984251968
20
1.8461568897637795
11
0.4698080708661417
21
1.848031653543307
0
LINE
8
BLACK
6
CONTINUOUS
10
0.4698080708661417
20
1.848031653543307
11
0.4695602362204724
21
1.8481876771653543
0
LINE
8
BLACK
6
CONTINUOUS
10
0.4695602362204724
20
1.8481876771653543
11
0.4694881102362204
21
1.8482175196850392
0
LINE
8
BLACK
6
CONTINUOUS
10
0.4694881102362204
20
1.8482175196850392
11
0.4694069291338582
21
1.8482841338582676
0
LINE
8
BLACK
6
CONTINUOUS
10
0.4694069291338582
20
1.8482841338582676
11
0.4693181889763779
21
1.8483399999999999
0
LINE
8
BLACK
6
CONTINUOUS
10
0.4693181889763779
20
1.8483399999999999
11
0.4692670472440945
21
1.8483989370078739
0
LINE
8
BLACK
6
CONTINUOUS
10
0.4692670472440945
20
1.8483989370078739
11
0.4690406692913386
21
1.8485847637795274
0
LINE
8
BLACK
6
CONTINUOUS
10
0.4690406692913386
20
1.8485847637795274
11
0.4665822834645669
21
1.8510431496062991
0
LINE
8
BLACK
6
CONTINUOUS
10
0.4665822834645669
20
1.8510431496062991
11
0.4665822834645669
21
1.8236291732283465
0
LINE
8
BLACK
6
CONTINUOUS
10
0.4665822834645669
20
1.8236291732283465
11
0.4748781102362205
21
1.8236291732283465
0
LINE
8
BLACK
6
CONTINUOUS
10
0.4748781102362205
20
1.8236291732283465
11
0.4754541732283464
21
1.8235724409448819
0
LINE
8
BLACK
6
CONTINUOUS
10
0.4754541732283464
20
1.8235724409448819
11
0.4765185826771653
21
1.8231315354330708
0
LINE
8
BLACK
6
CONTINUOUS
10
0.4765185826771653
20
1.8231315354330708
11
0.4773332283464567
21
1.8223168897637796
0
LINE
8
BLACK
6
CONTINUOUS
10
0.4773332283464567
20
1.8223168897637796
11
0.4777741338582677
21
1.8212524803149606
0
LINE
8
BLACK
6
CONTINUOUS
10
0.4777741338582677
20
1.8212524803149606
11
0.4777741338582677
21
1.8201003543307086
0
LINE
8
BLACK
6
CONTINUOUS
10
0.4777741338582677
20
1.8201003543307086
11
0.4773332283464567
21
1.8190359448818898
0
LINE
8
BLACK
6
CONTINUOUS
10
0.4773332283464567
20
1.8190359448818898
11
0.4765185826771653
21
1.8182212992125983
0
LINE
8
BLACK
6
CONTINUOUS
10
0.4765185826771653
20
1.8182212992125983
11
0.4754541732283464
21
1.8177803937007873
0
LINE
8
BLACK
6
CONTINUOUS
10
0.4754541732283464
20
1.8177803937007873
11
0.4748781102362205
21
1.8177236614173229
0
LINE
8
BLACK
6
CONTINUOUS
10
0.4748781102362205
20
1.8177236614173229
11
0.4523809448818897
21
1.8177236614173229
0
LINE
8
BLACK
6
CONTINUOUS
10
0.4523809448818897
20
1.8177236614173229
11
0.4518048818897638
21
1.8177803937007873
0
LINE
8
BLACK
6
CONTINUOUS
10
0.4518048818897638
20
1.8177803937007873
11
0.4507404724409449
21
1.8182212992125983
0
LINE
8
BLACK
6
CONTINUOUS
10
0.4507404724409449
20
1.8182212992125983
11
0.4499258267716535
21
1.8190359448818898
0
LINE
8
BLACK
6
CONTINUOUS
10
0.4499258267716535
20
1.8190359448818898
11
0.4494849212598425
21
1.8201003543307086
0
LINE
8
BLACK
6
CONTINUOUS
10
0.4494849212598425
20
1.8201003543307086
11
0.4494849212598425
21
1.8212524803149606
0
LINE
8
BLACK
6
CONTINUOUS
10
0.4494849212598425
20
1.8212524803149606
11
0.4499258267716535
21
1.8223168897637796
0
LINE
8
BLACK
6
CONTINUOUS
10
0.4499258267716535
20
1.8223168897637796
11
0.4507404724409449
21
1.8231315354330708
0
LINE
8
BLACK
6
CONTINUOUS
10
0.4507404724409449
20
1.8231315354330708
11
0.4518048818897638
21
1.8235724409448819
0
LINE
8
BLACK
6
CONTINUOUS
10
0.4518048818897638
20
1.8235724409448819
11
0.4523809448818897
21
1.8236291732283465
0
LINE
8
BLACK
6
CONTINUOUS
10
0.4523809448818897
20
1.8236291732283465
11
0.4606767716535433
21
1.8236291732283465
0
LINE
8
BLACK
6
CONTINUOUS
10
0.4606767716535433
20
1.8236291732283465
11
0.4606767716535433
21
1.8600464960629921
0
LINE
8
BLACK
6
CONTINUOUS
10
0.4606767716535433
20
1.8600464960629921
11
0.460676968503937
21
1.8600485826771653
0
LINE
8
BLACK
6
CONTINUOUS
10
0.460676968503937
20
1.8600485826771653
11
0.4606767716535433
21
1.8600496062992125
0
LINE
8
BLACK
6
CONTINUOUS
10
0.4606767716535433
20
1.8600496062992125
11
0.4606773622047244
21
1.8600526377952755
0
LINE
8
BLACK
6
CONTINUOUS
10
0.4606773622047244
20
1.8600526377952755
11
0.4607335039370078
21
1.860622559055118
0
LINE
8
BLACK
6
CONTINUOUS
10
0.4607335039370078
20
1.860622559055118
11
0.4608453543307087
21
1.8608926771653542
0
LINE
8
BLACK
6
CONTINUOUS
10
0.4608453543307087
20
1.8608926771653542
11
0.4609027165354331
21
1.8611792913385827
0
LINE
8
BLACK
6
CONTINUOUS
10
0.4609027165354331
20
1.8611792913385827
11
0.4610636614173228
21
1.8614196850393701
0
LINE
8
BLACK
6
CONTINUOUS
10
0.4610636614173228
20
1.8614196850393701
11
0.4611744094488189
21
1.861686968503937
0
LINE
8
BLACK
6
CONTINUOUS
10
0.4611744094488189
20
1.861686968503937
11
0.4613811023622047
21
1.8618937007874015
0
LINE
8
BLACK
6
CONTINUOUS
10
0.4613811023622047
20
1.8618937007874015
11
0.461543779527559
21
1.8621365748031495
0
LINE
8
BLACK
6
CONTINUOUS
10
0.461543779527559
20
1.8621365748031495
11
0.4617844881889764
21
1.8622970866141733
0
LINE
8
BLACK
6
CONTINUOUS
10
0.4617844881889764
20
1.8622970866141733
11
0.4619890551181102
21
1.8625016141732282
0
LINE
8
BLACK
6
CONTINUOUS
10
0.4619890551181102
20
1.8625016141732282
11
0.4622591338582677
21
1.8626135039370078
0
LINE
8
BLACK
6
CONTINUOUS
10
0.4622591338582677
20
1.8626135039370078
11
0.4625024015748032
21
1.8627756692913386
0
LINE
8
BLACK
6
CONTINUOUS
10
0.4625024015748032
20
1.8627756692913386
11
0.4627861811023622
21
1.8628318110236219
0
LINE
8
BLACK
6
CONTINUOUS
10
0.4627861811023622
20
1.8628318110236219
11
0.4630534645669291
21
1.8629425196850393
0
LINE
8
BLACK
6
CONTINUOUS
10
0.4630534645669291
20
1.8629425196850393
11
0.4633458661417323
21
1.8629425196850393
0
LINE
8
BLACK
6
CONTINUOUS
10
0.4633458661417323
20
1.8629425196850393
11
0.4636326377952756
21
1.8629992519685039
0
LINE
8
BLACK
6
CONTINUOUS
10
0.4636326377952756
20
1.8629992519685039
11
0.4639162992125984
21
1.8629425196850393
0
LINE
8
BLACK
6
CONTINUOUS
10
0.7504931102362205
20
1.8354501181102363
11
0.7517715354330708
21
1.8341716929133858
0
LINE
8
BLACK
6
CONTINUOUS
10
0.7517715354330708
20
1.8341716929133858
11
0.7517715354330708
21
1.8323637401574804
0
LINE
8
BLACK
6
CONTINUOUS
10
0.7517715354330708
20
1.8323637401574804
11
0.7504931102362205
21
1.8310853149606299
0
LINE
8
BLACK
6
CONTINUOUS
10
0.7504931102362205
20
1.8310853149606299
11
0.7495891338582678
21
1.8309055118110236
0
LINE
8
BLACK
6
CONTINUOUS
10
0.7495891338582678
20
1.8309055118110236
11
0.7317100787401575
21
1.8309055118110236
0
LINE
8
BLACK
6
CONTINUOUS
10
0.7317100787401575
20
1.8309055118110236
11
0.7308061023622047
21
1.8310853149606299
0
LINE
8
BLACK
6
CONTINUOUS
10
0.7308061023622047
20
1.8310853149606299
11
0.7295276771653543
21
1.8323637401574804
0
LINE
8
BLACK
6
CONTINUOUS
10
0.7295276771653543
20
1.8323637401574804
11
0.7295276771653543
21
1.8341716929133858
0
LINE
8
BLACK
6
CONTINUOUS
10
0.7295276771653543
20
1.8341716929133858
11
0.7308061023622047
21
1.8354501181102363
0
LINE
8
BLACK
6
CONTINUOUS
10
0.7308061023622047
20
1.8354501181102363
11
0.7317100787401575
21
1.8356299212598424
0
LINE
8
BLACK
6
CONTINUOUS
10
0.7317100787401575
20
1.8356299212598424
11
0.7495891338582678
21
1.8356299212598424
0
LINE
8
BLACK
6
CONTINUOUS
10
0.7495891338582678
20
1.8356299212598424
11
0.7504931102362205
21
1.8354501181102363
0
LINE
8
BLACK
6
CONTINUOUS
10
0.9024296456692913
20
1.839387125984252
11
0.9037080708661417
21
1.8381087007874015
0
LINE
8
BLACK
6
CONTINUOUS
10
0.9037080708661417
20
1.8381087007874015
11
0.9037080708661417
21
1.8363007480314961
0
LINE
8
BLACK
6
CONTINUOUS
10
0.9037080708661417
20
1.8363007480314961
11
0.9024296456692913
21
1.8350223228346456
0
LINE
8
BLACK
6
CONTINUOUS
10
0.9024296456692913
20
1.8350223228346456
11
0.9015256692913386
21
1.8348425196850393
0
LINE
8
BLACK
6
CONTINUOUS
10
0.9015256692913386
20
1.8348425196850393
11
0.8809545669291339
21
1.8348425196850393
0
LINE
8
BLACK
6
CONTINUOUS
10
0.8809545669291339
20
1.8348425196850393
11
0.8800505905511811
21
1.8350223228346456
0
LINE
8
BLACK
6
CONTINUOUS
10
0.8800505905511811
20
1.8350223228346456
11
0.8787721653543307
21
1.8363007480314961
0
LINE
8
BLACK
6
CONTINUOUS
10
0.8787721653543307
20
1.8363007480314961
11
0.8787721653543307
21
1.8381087007874015
0
LINE
8
BLACK
6
CONTINUOUS
10
0.8787721653543307
20
1.8381087007874015
11
0.8800505905511811
21
1.839387125984252
0
LINE
8
BLACK
6
CONTINUOUS
10
0.8800505905511811
20
1.839387125984252
11
0.8809545669291339
21
1.8395669291338583
0
LINE
8
BLACK
6
CONTINUOUS
10
0.8809545669291339
20
1.8395669291338583
11
0.9015256692913386
21
1.8395669291338583
0
LINE
8
BLACK
6
CONTINUOUS
10
0.9015256692913386
20
1.8395669291338583
11
0.9024296456692913
21
1.839387125984252
0
LINE
8
BLACK
6
CONTINUOUS
10
0.9808909842519685
20
1.8944385826771653
11
0.9809889763779527
21
1.8943979921259841
0
LINE
8
BLACK
6
CONTINUOUS
10
0.9809889763779527
20
1.8943979921259841
11
0.9810948031496063
21
1.8943904724409448
0
LINE
8
BLACK
6
CONTINUOUS
10
0.9810948031496063
20
1.8943904724409448
11
0.9816354330708661
21
1.8941835826771654
0
LINE
8
BLACK
6
CONTINUOUS
10
0.9816354330708661
20
1.8941835826771654
11
0.9853849606299212
21
1.8923088188976378
0
LINE
8
BLACK
6
CONTINUOUS
10
0.9853849606299212
20
1.8923088188976378
11
0.9856329527559055
21
1.8921527559055118
0
LINE
8
BLACK
6
CONTINUOUS
10
0.9856329527559055
20
1.8921527559055118
11
0.9857049212598425
21
1.8921229133858268
0
LINE
8
BLACK
6
CONTINUOUS
10
0.9857049212598425
20
1.8921229133858268
11
0.9857858661417322
21
1.8920564566929134
0
LINE
8
BLACK
6
CONTINUOUS
10
0.9857858661417322
20
1.8920564566929134
11
0.985874842519685
21
1.8920004724409449
0
LINE
8
BLACK
6
CONTINUOUS
10
0.985874842519685
20
1.8920004724409449
11
0.9859259842519685
21
1.8919414960629921
0
LINE
8
BLACK
6
CONTINUOUS
10
0.9859259842519685
20
1.8919414960629921
11
0.9861523622047244
21
1.8917557086614172
0
LINE
8
BLACK
6
CONTINUOUS
10
0.9861523622047244
20
1.8917557086614172
11
0.9880271259842519
21
1.8898809448818896
0
LINE
8
BLACK
6
CONTINUOUS
10
0.9880271259842519
20
1.8898809448818896
11
0.9880284251968504
21
1.8898793700787402
0
LINE
8
BLACK
6
CONTINUOUS
10
0.9880284251968504
20
1.8898793700787402
11
0.9880292913385826
21
1.8898787795275591
0
LINE
8
BLACK
6
CONTINUOUS
10
0.9880292913385826
20
1.8898787795275591
11
0.9882175984251969
21
1.8896488188976377
0
LINE
8
BLACK
6
CONTINUOUS
10
0.9882175984251969
20
1.8896488188976377
11
0.9883943307086613
21
1.8894335039370078
0
LINE
8
BLACK
6
CONTINUOUS
10
0.9883943307086613
20
1.8894335039370078
11
0.98839468503937
21
1.8894326377952755
0
LINE
8
BLACK
6
CONTINUOUS
10
0.98839468503937
20
1.8894326377952755
11
0.988396062992126
21
1.8894309448818898
0
LINE
8
BLACK
6
CONTINUOUS
10
0.988396062992126
20
1.8894309448818898
11
0.9921455905511811
21
1.8838066141732284
0
LINE
8
BLACK
6
CONTINUOUS
10
0.9921455905511811
20
1.8838066141732284
11
0.9923150393700787
21
1.8834887401574802
0
LINE
8
BLACK
6
CONTINUOUS
10
0.9923150393700787
20
1.8834887401574802
11
0.9923585826771654
21
1.8834299999999999
0
LINE
8
BLACK
6
CONTINUOUS
10
0.9923585826771654
20
1.8834299999999999
11
0.9923833464566929
21
1.8833606299212597
0
LINE
8
BLACK
6
CONTINUOUS
10
0.9923833464566929
20
1.8833606299212597
11
0.9924179133858267
21
1.8832958267716535
0
LINE
8
BLACK
6
CONTINUOUS
10
0.9924179133858267
20
1.8832958267716535
11
0.9924320078740158
21
1.8832244094488189
0
LINE
8
BLACK
6
CONTINUOUS
10
0.9924320078740158
20
1.8832244094488189
11
0.9925533464566929
21
1.8828848818897637
0
LINE
8
BLACK
6
CONTINUOUS
10
0.9925533464566929
20
1.8828848818897637
11
0.9944281102362205
21
1.8753858267716534
0
LINE
8
BLACK
6
CONTINUOUS
10
0.9944281102362205
20
1.8753858267716534
11
0.994442874015748
21
1.8752859842519685
0
LINE
8
BLACK
6
CONTINUOUS
10
0.994442874015748
20
1.8752859842519685
11
0.9944595275590551
21
1.8752457480314961
0
LINE
8
BLACK
6
CONTINUOUS
10
0.9944595275590551
20
1.8752457480314961
11
0.9944808661417323
21
1.8750287401574803
0
LINE
8
BLACK
6
CONTINUOUS
10
0.9944808661417323
20
1.8750287401574803
11
0.9945127559055118
21
1.8748132283464567
0
LINE
8
BLACK
6
CONTINUOUS
10
0.9945127559055118
20
1.8748132283464567
11
0.9945063385826771
21
1.8747702362204723
0
LINE
8
BLACK
6
CONTINUOUS
10
0.9945063385826771
20
1.8747702362204723
11
0.9945162598425197
21
1.87466968503937
0
LINE
8
BLACK
6
CONTINUOUS
10
0.9945162598425197
20
1.87466968503937
11
0.9945162598425197
21
1.8596715748031496
0
LINE
8
BLACK
6
CONTINUOUS
10
0.9945162598425197
20
1.8596715748031496
11
0.9944595275590551
21
1.8590955118110235
0
LINE
8
BLACK
6
CONTINUOUS
10
0.9944595275590551
20
1.8590955118110235
11
0.994418937007874
21
1.858997559055118
0
LINE
8
BLACK
6
CONTINUOUS
10
0.994418937007874
20
1.858997559055118
11
0.9944114173228347
21
1.8588916535433071
0
LINE
8
BLACK
6
CONTINUOUS
10
0.9944114173228347
20
1.8588916535433071
11
0.9942045275590551
21
1.858351062992126
0
LINE
8
BLACK
6
CONTINUOUS
10
0.9942045275590551
20
1.858351062992126
11
0.9923297637795275
21
1.8546015354330707
0
LINE
8
BLACK
6
CONTINUOUS
10
0.9923297637795275
20
1.8546015354330707
11
0.9921737007874015
21
1.8543536614173228
0
LINE
8
BLACK
6
CONTINUOUS
10
0.9921737007874015
20
1.8543536614173228
11
0.9921438976377952
21
1.8542816141732283
0
LINE
8
BLACK
6
CONTINUOUS
10
0.9921438976377952
20
1.8542816141732283
11
0.9920773622047244
21
1.8542005905511811
0
LINE
8
BLACK
6
CONTINUOUS
10
0.9920773622047244
20
1.8542005905511811
11
0.9920214173228347
21
1.8541116535433071
0
LINE
8
BLACK
6
CONTINUOUS
10
0.9920214173228347
20
1.8541116535433071
11
0.9919624015748031
21
1.8540605118110236
0
LINE
8
BLACK
6
CONTINUOUS
10
0.9919624015748031
20
1.8540605118110236
11
0.991776653543307
21
1.8538341338582678
0
LINE
8
BLACK
6
CONTINUOUS
10
0.991776653543307
20
1.8538341338582678
11
0.9899019291338582
21
1.85195937007874
0
LINE
8
BLACK
6
CONTINUOUS
10
0.9899019291338582
20
1.85195937007874
11
0.9896755511811023
21
1.8517736220472441
0
LINE
8
BLACK
6
CONTINUOUS
10
0.9896755511811023
20
1.8517736220472441
11
0.9896243700787402
21
1.8517145669291337
0
LINE
8
BLACK
6
CONTINUOUS
10
0.9896243700787402
20
1.8517145669291337
11
0.9895353937007874
21
1.8516585826771652
0
LINE
8
BLACK
6
CONTINUOUS
10
0.9895353937007874
20
1.8516585826771652
11
0.9894544488188977
21
1.8515921259842518
0
LINE
8
BLACK
6
CONTINUOUS
10
0.9894544488188977
20
1.8515921259842518
11
0.9893824803149606
21
1.8515623228346456
0
LINE
8
BLACK
6
CONTINUOUS
10
0.9893824803149606
20
1.8515623228346456
11
0.9891344881889763
21
1.8514062204724409
0
LINE
8
BLACK
6
CONTINUOUS
10
0.9891344881889763
20
1.8514062204724409
11
0.9853849606299212
21
1.8495314566929133
0
LINE
8
BLACK
6
CONTINUOUS
10
0.9853849606299212
20
1.8495314566929133
11
0.9848443307086614
21
1.8493245669291338
0
LINE
8
BLACK
6
CONTINUOUS
10
0.9848443307086614
20
1.8493245669291338
11
0.9847385039370079
21
1.8493170866141733
0
LINE
8
BLACK
6
CONTINUOUS
10
0.9847385039370079
20
1.8493170866141733
11
0.9846405118110236
21
1.8492764566929134
0
LINE
8
BLACK
6
CONTINUOUS
10
0.9846405118110236
20
1.8492764566929134
11
0.9840644488188977
21
1.8492197244094488
0
LINE
8
BLACK
6
CONTINUOUS
10
0.9840644488188977
20
1.8492197244094488
11
0.9765653937007874
21
1.8492197244094488
0
LINE
8
BLACK
6
CONTINUOUS
10
0.9765653937007874
20
1.8492197244094488
11
0.9759893307086613
21
1.8492764566929134
0
LINE
8
BLACK
6
CONTINUOUS
10
0.9759893307086613
20
1.8492764566929134
11
0.9758913385826772
21
1.8493170472440945
0
LINE
8
BLACK
6
CONTINUOUS
10
0.9758913385826772
20
1.8493170472440945
11
0.9757854724409448
21
1.8493245669291338
0
LINE
8
BLACK
6
CONTINUOUS
10
0.9757854724409448
20
1.8493245669291338
11
0.9752448818897638
21
1.8495314566929133
0
LINE
8
BLACK
6
CONTINUOUS
10
0.9752448818897638
20
1.8495314566929133
11
0.9714953543307087
21
1.8514062204724409
0
LINE
8
BLACK
6
CONTINUOUS
10
0.9714953543307087
20
1.8514062204724409
11
0.9712473228346457
21
1.8515623228346456
0
LINE
8
BLACK
6
CONTINUOUS
10
0.9712473228346457
20
1.8515623228346456
11
0.9711753937007874
21
1.8515921259842518
0
LINE
8
BLACK
6
CONTINUOUS
10
0.9711753937007874
20
1.8515921259842518
11
0.9710944094488189
21
1.8516585826771652
0
LINE
8
BLACK
6
CONTINUOUS
10
0.9710944094488189
20
1.8516585826771652
11
0.9710054724409448
21
1.8517145669291337
0
LINE
8
BLACK
6
CONTINUOUS
10
0.9710054724409448
20
1.8517145669291337
11
0.9709542519685039
21
1.8517736220472441
0
LINE
8
BLACK
6
CONTINUOUS
10
0.9709542519685039
20
1.8517736220472441
11
0.9707279133858268
21
1.85195937007874
0
LINE
8
BLACK
6
CONTINUOUS
10
0.9707279133858268
20
1.85195937007874
11
0.9688531496062992
21
1.8538341732283463
0
LINE
8
BLACK
6
CONTINUOUS
10
0.9688531496062992
20
1.8538341732283463
11
0.9686674015748031
21
1.8540605118110236
0
LINE
8
BLACK
6
CONTINUOUS
10
0.9686674015748031
20
1.8540605118110236
11
0.9686084251968504
21
1.8541116535433071
0
LINE
8
BLACK
6
CONTINUOUS
10
0.9686084251968504
20
1.8541116535433071
11
0.9685524409448819
21
1.8542005905511811
0
LINE
8
BLACK
6
CONTINUOUS
10
0.9685524409448819
20
1.8542005905511811
11
0.9684859448818898
21
1.8542816141732283
0
LINE
8
BLACK
6
CONTINUOUS
10
0.9684859448818898
20
1.8542816141732283
11
0.9684561023622047
21
1.8543536614173228
0
LINE
8
BLACK
6
CONTINUOUS
10
0.9684561023622047
20
1.8543536614173228
11
0.9683000787401574
21
1.8546015354330707
0
LINE
8
BLACK
6
CONTINUOUS
10
0.9683000787401574
20
1.8546015354330707
11
0.9664253149606299
21
1.858351062992126
0
LINE
8
BLACK
6
CONTINUOUS
10
0.9664253149606299
20
1.858351062992126
11
0.9662184251968504
21
1.8588916929133859
0
LINE
8
BLACK
6
CONTINUOUS
10
0.9662184251968504
20
1.8588916929133859
11
0.966210905511811
21
1.8589975196850392
0
LINE
8
BLACK
6
CONTINUOUS
10
0.966210905511811
20
1.8589975196850392
11
0.9661703149606299
21
1.8590955118110235
0
LINE
8
BLACK
6
CONTINUOUS
10
0.9661703149606299
20
1.8590955118110235
11
0.9661135826771653
21
1.8596715748031496
0
LINE
8
BLACK
6
CONTINUOUS
10
0.9661135826771653
20
1.8596715748031496
11
0.9661135826771653
21
1.8690453937007874
0
LINE
8
BLACK
6
CONTINUOUS
10
0.9661135826771653
20
1.8690453937007874
11
0.9661703149606299
21
1.8696214566929132
0
LINE
8
BLACK
6
CONTINUOUS
10
0.9661703149606299
20
1.8696214566929132
11
0.966210905511811
21
1.8697194881889763
0
LINE
8
BLACK
6
CONTINUOUS
10
0.966210905511811
20
1.8697194881889763
11
0.9662184251968504
21
1.8698252755905511
0
LINE
8
BLACK
6
CONTINUOUS
10
0.9662184251968504
20
1.8698252755905511
11
0.9664253149606299
21
1.8703659055118109
0
LINE
8
BLACK
6
CONTINUOUS
10
0.9664253149606299
20
1.8703659055118109
11
0.9683000787401574
21
1.874115433070866
0
LINE
8
BLACK
6
CONTINUOUS
10
0.9683000787401574
20
1.874115433070866
11
0.9684561417322834
21
1.8743634645669291
0
LINE
8
BLACK
6
CONTINUOUS
10
0.9684561417322834
20
1.8743634645669291
11
0.9684859842519685
21
1.8744353937007874
0
LINE
8
BLACK
6
CONTINUOUS
10
0.9684859842519685
20
1.8744353937007874
11
0.9685524409448819
21
1.8745163779527558
0
LINE
8
BLACK
6
CONTINUOUS
10
0.9685524409448819
20
1.8745163779527558
11
0.9686084251968504
21
1.8746053149606299
0
LINE
8
BLACK
6
CONTINUOUS
10
0.9686084251968504
20
1.8746053149606299
11
0.9686674015748031
21
1.8746564960629921
0
LINE
8
BLACK
6
CONTINUOUS
10
0.9686674015748031
20
1.8746564960629921
11
0.968853188976378
21
1.8748828346456692
0
LINE
8
BLACK
6
CONTINUOUS
10
0.968853188976378
20
1.8748828346456692
11
0.9707279527559055
21
1.8767575984251967
0
LINE
8
BLACK
6
CONTINUOUS
10
0.9707279527559055
20
1.8767575984251967
11
0.9709542913385827
21
1.8769433858267717
0
LINE
8
BLACK
6
CONTINUOUS
10
0.9709542913385827
20
1.8769433858267717
11
0.9710054724409448
21
1.8770023622047243
0
LINE
8
BLACK
6
CONTINUOUS
10
0.9710054724409448
20
1.8770023622047243
11
0.9710944094488189
21
1.8770583464566928
0
LINE
8
BLACK
6
CONTINUOUS
10
0.9710944094488189
20
1.8770583464566928
11
0.9711753937007874
21
1.8771248031496062
0
LINE
8
BLACK
6
CONTINUOUS
10
0.9711753937007874
20
1.8771248031496062
11
0.9712473228346457
21
1.8771546456692914
0
LINE
8
BLACK
6
CONTINUOUS
10
0.9712473228346457
20
1.8771546456692914
11
0.9714953543307087
21
1.8773107086614174
0
LINE
8
BLACK
6
CONTINUOUS
10
0.9714953543307087
20
1.8773107086614174
11
0.9752448818897638
21
1.8791854724409449
0
LINE
8
BLACK
6
CONTINUOUS
10
0.9752448818897638
20
1.8791854724409449
11
0.9757854724409448
21
1.8793923622047244
0
LINE
8
BLACK
6
CONTINUOUS
10
0.9757854724409448
20
1.8793923622047244
11
0.9758913385826772
21
1.8793999212598425
0
LINE
8
BLACK
6
CONTINUOUS
10
0.9758913385826772
20
1.8793999212598425
11
0.9759893307086613
21
1.8794404724409448
0
LINE
8
BLACK
6
CONTINUOUS
10
0.9759893307086613
20
1.8794404724409448
11
0.9765653937007874
21
1.8794972047244094
0
LINE
8
BLACK
6
CONTINUOUS
10
0.9765653937007874
20
1.8794972047244094
11
0.9840644488188977
21
1.8794972047244094
0
LINE
8
BLACK
6
CONTINUOUS
10
0.9840644488188977
20
1.8794972047244094
11
0.9846405118110236
21
1.8794404724409448
0
LINE
8
BLACK
6
CONTINUOUS
10
0.9846405118110236
20
1.8794404724409448
11
0.9847385039370079
21
1.8793998818897637
0
LINE
8
BLACK
6
CONTINUOUS
10
0.9847385039370079
20
1.8793998818897637
11
0.9848443307086614
21
1.8793923622047244
0
LINE
8
BLACK
6
CONTINUOUS
10
0.9848443307086614
20
1.8793923622047244
11
0.9853849606299212
21
1.8791854724409449
0
LINE
8
BLACK
6
CONTINUOUS
10
0.9853849606299212
20
1.8791854724409449
11
0.9876774803149606
21
1.8780392125984251
0
LINE
8
BLACK
6
CONTINUOUS
10
0.9876774803149606
20
1.8780392125984251
11
0.9869481889763779
21
1.8809563779527558
0
LINE
8
BLACK
6
CONTINUOUS
10
0.9869481889763779
20
1.8809563779527558
11
0.9836444881889763
21
1.8859119291338582
0
LINE
8
BLACK
6
CONTINUOUS
10
0.9836444881889763
20
1.8859119291338582
11
0.9823153543307086
21
1.8872410629921259
0
LINE
8
BLACK
6
CONTINUOUS
10
0.9823153543307086
20
1.8872410629921259
11
0.979617874015748
21
1.8885898031496062
0
LINE
8
BLACK
6
CONTINUOUS
10
0.979617874015748
20
1.8885898031496062
11
0.9728158661417322
21
1.8885898031496062
0
LINE
8
BLACK
6
CONTINUOUS
10
0.9728158661417322
20
1.8885898031496062
11
0.9722398031496062
21
1.8886465354330708
0
LINE
8
BLACK
6
CONTINUOUS
10
0.9722398031496062
20
1.8886465354330708
11
0.9711753937007874
21
1.8890874409448819
0
LINE
8
BLACK
6
CONTINUOUS
10
0.9711753937007874
20
1.8890874409448819
11
0.9703607480314961
21
1.8899020866141731
0
LINE
8
BLACK
6
CONTINUOUS
10
0.9703607480314961
20
1.8899020866141731
11
0.969919842519685
21
1.8909664960629922
0
LINE
8
BLACK
6
CONTINUOUS
10
0.969919842519685
20
1.8909664960629922
11
0.969919842519685
21
1.8921186220472441
0
LINE
8
BLACK
6
CONTINUOUS
10
0.969919842519685
20
1.8921186220472441
11
0.9703607480314961
21
1.8931830314960629
0
LINE
8
BLACK
6
CONTINUOUS
10
0.9703607480314961
20
1.8931830314960629
11
0.9711753937007874
21
1.8939976771653544
0
LINE
8
BLACK
6
CONTINUOUS
10
0.9711753937007874
20
1.8939976771653544
11
0.9722398031496062
21
1.8944385826771653
0
LINE
8
BLACK
6
CONTINUOUS
10
0.9722398031496062
20
1.8944385826771653
11
0.9728158661417322
21
1.8944953149606298
0
LINE
8
BLACK
6
CONTINUOUS
10
0.9728158661417322
20
1.8944953149606298
11
0.9803149212598425
21
1.8944953149606298
0
LINE
8
BLACK
6
CONTINUOUS
10
0.9803149212598425
20
1.8944953149606298
11
0.9808909842519685
21
1.8944385826771653
0
LINE
8
BLACK
6
CONTINUOUS
10
0.9745649606299213
20
1.8722429527559055
11
0.9733678346456692
21
1.8710458267716534
0
LINE
8
BLACK
6
CONTINUOUS
10
0.9733678346456692
20
1.8710458267716534
11
0.9720190944881889
21
1.8683483464566928
0
LINE
8
BLACK
6
CONTINUOUS
10
0.9720190944881889
20
1.8683483464566928
11
0.9720190944881889
21
1.860368622047244
0
LINE
8
BLACK
6
CONTINUOUS
10
0.9720190944881889
20
1.860368622047244
11
0.9733678346456692
21
1.8576711417322833
0
LINE
8
BLACK
6
CONTINUOUS
10
0.9733678346456692
20
1.8576711417322833
11
0.9745649606299213
21
1.8564739763779528
0
LINE
8
BLACK
6
CONTINUOUS
10
0.9745649606299213
20
1.8564739763779528
11
0.9772624409448819
21
1.8551252362204724
0
LINE
8
BLACK
6
CONTINUOUS
10
0.9772624409448819
20
1.8551252362204724
11
0.9833674015748032
21
1.8551252362204724
0
LINE
8
BLACK
6
CONTINUOUS
10
0.9833674015748032
20
1.8551252362204724
11
0.9860648425196851
21
1.8564739763779528
0
LINE
8
BLACK
6
CONTINUOUS
10
0.9860648425196851
20
1.8564739763779528
11
0.987261968503937
21
1.8576711417322833
0
LINE
8
BLACK
6
CONTINUOUS
10
0.987261968503937
20
1.8576711417322833
11
0.9886107480314961
21
1.860368622047244
0
LINE
8
BLACK
6
CONTINUOUS
10
0.9886107480314961
20
1.860368622047244
11
0.9886107480314961
21
1.8683483464566928
0
LINE
8
BLACK
6
CONTINUOUS
10
0.9886107480314961
20
1.8683483464566928
11
0.9872620078740157
21
1.8710458267716534
0
LINE
8
BLACK
6
CONTINUOUS
10
0.9872620078740157
20
1.8710458267716534
11
0.9860648818897637
21
1.8722429527559055
0
LINE
8
BLACK
6
CONTINUOUS
10
0.9860648818897637
20
1.8722429527559055
11
0.9833674015748032
21
1.8735916929133858
0
LINE
8
BLACK
6
CONTINUOUS
10
0.9833674015748032
20
1.8735916929133858
11
0.9772624409448819
21
1.8735916929133858
0
LINE
8
BLACK
6
CONTINUOUS
10
0.9772624409448819
20
1.8735916929133858
11
0.9745649606299213
21
1.8722429527559055
0
LINE
8
BLACK
6
CONTINUOUS
10
1.0181017716535432
20
1.8944666141732283
11
1.0181795275590551
21
1.8944721259842519
0
LINE
8
BLACK
6
CONTINUOUS
10
1.0181795275590551
20
1.8944721259842519
11
1.0182817716535433
21
1.8944488976377953
0
LINE
8
BLACK
6
CONTINUOUS
10
1.0182817716535433
20
1.8944488976377953
11
1.0183862992125985
21
1.8944385826771653
0
LINE
8
BLACK
6
CONTINUOUS
10
1.0183862992125985
20
1.8944385826771653
11
1.0184583858267717
21
1.8944087401574803
0
LINE
8
BLACK
6
CONTINUOUS
10
1.0184583858267717
20
1.8944087401574803
11
1.0187439763779527
21
1.8943437795275591
0
LINE
8
BLACK
6
CONTINUOUS
10
1.0187439763779527
20
1.8943437795275591
11
1.0243682677165353
21
1.8924690157480315
0
LINE
8
BLACK
6
CONTINUOUS
10
1.0243682677165353
20
1.8924690157480315
11
1.0248968110236221
21
1.8922330314960629
0
LINE
8
BLACK
6
CONTINUOUS
10
1.0248968110236221
20
1.8922330314960629
11
1.0249769291338582
21
1.8921635433070865
0
LINE
8
BLACK
6
CONTINUOUS
10
1.0249769291338582
20
1.8921635433070865
11
1.025075
21
1.8921229133858268
0
LINE
8
BLACK
6
CONTINUOUS
10
1.025075
20
1.8921229133858268
11
1.0255224409448818
21
1.8917557086614172
0
LINE
8
BLACK
6
CONTINUOUS
10
1.0255224409448818
20
1.8917557086614172
11
1.0292719685039369
21
1.8880061811023621
0
LINE
8
BLACK
6
CONTINUOUS
10
1.0292719685039369
20
1.8880061811023621
11
1.0294577952755906
21
1.8877798031496063
0
LINE
8
BLACK
6
CONTINUOUS
10
1.0294577952755906
20
1.8877798031496063
11
1.0295167322834646
21
1.8877286614173228
0
LINE
8
BLACK
6
CONTINUOUS
10
1.0295167322834646
20
1.8877286614173228
11
1.0295725984251969
21
1.8876399212598425
0
LINE
8
BLACK
6
CONTINUOUS
10
1.0295725984251969
20
1.8876399212598425
11
1.0296392125984253
21
1.8875587401574803
0
LINE
8
BLACK
6
CONTINUOUS
10
1.0296392125984253
20
1.8875587401574803
11
1.0296690551181102
21
1.8874866141732283
0
LINE
8
BLACK
6
CONTINUOUS
10
1.0296690551181102
20
1.8874866141732283
11
1.0298250787401575
21
1.8872387795275589
0
LINE
8
BLACK
6
CONTINUOUS
10
1.0298250787401575
20
1.8872387795275589
11
1.0316998425196851
21
1.8834892519685038
0
LINE
8
BLACK
6
CONTINUOUS
10
1.0316998425196851
20
1.8834892519685038
11
1.0317159448818898
21
1.8834471653543308
0
LINE
8
BLACK
6
CONTINUOUS
10
1.0317159448818898
20
1.8834471653543308
11
1.0317286614173229
21
1.8834299999999999
0
LINE
8
BLACK
6
CONTINUOUS
10
1.0317286614173229
20
1.8834299999999999
11
1.0318149606299212
21
1.8831884251968503
0
LINE
8
BLACK
6
CONTINUOUS
10
1.0318149606299212
20
1.8831884251968503
11
1.0319067322834645
21
1.8829486614173228
0
LINE
8
BLACK
6
CONTINUOUS
10
1.0319067322834645
20
1.8829486614173228
11
1.0319082283464567
21
1.8829274015748032
0
LINE
8
BLACK
6
CONTINUOUS
10
1.0319082283464567
20
1.8829274015748032
11
1.0319234251968503
21
1.8828848818897637
0
LINE
8
BLACK
6
CONTINUOUS
10
1.0319234251968503
20
1.8828848818897637
11
1.0337981889763779
21
1.8753858267716534
0
LINE
8
BLACK
6
CONTINUOUS
10
1.0337981889763779
20
1.8753858267716534
11
1.0338129527559055
21
1.8752859842519685
0
LINE
8
BLACK
6
CONTINUOUS
10
1.0338129527559055
20
1.8752859842519685
11
1.0338296062992125
21
1.8752457480314961
0
LINE
8
BLACK
6
CONTINUOUS
10
1.0338296062992125
20
1.8752457480314961
11
1.0338509448818898
21
1.8750287401574803
0
LINE
8
BLACK
6
CONTINUOUS
10
1.0338509448818898
20
1.8750287401574803
11
1.0338828346456692
21
1.8748132283464567
0
LINE
8
BLACK
6
CONTINUOUS
10
1.0338828346456692
20
1.8748132283464567
11
1.0338764173228345
21
1.8747702362204723
0
LINE
8
BLACK
6
CONTINUOUS
10
1.0338764173228345
20
1.8747702362204723
11
1.0338863385826771
21
1.87466968503937
0
LINE
8
BLACK
6
CONTINUOUS
10
1.0338863385826771
20
1.87466968503937
11
1.0338863385826771
21
1.8690453937007874
0
LINE
8
BLACK
6
CONTINUOUS
10
1.0338863385826771
20
1.8690453937007874
11
1.0338764173228345
21
1.8689448818897638
0
LINE
8
BLACK
6
CONTINUOUS
10
1.0338764173228345
20
1.8689448818897638
11
1.0338828346456692
21
1.8689018503937007
0
LINE
8
BLACK
6
CONTINUOUS
10
1.0338828346456692
20
1.8689018503937007
11
1.0338509448818898
21
1.8686863779527558
0
LINE
8
BLACK
6
CONTINUOUS
10
1.0338509448818898
20
1.8686863779527558
11
1.0338296062992125
21
1.8684693307086613
0
LINE
8
BLACK
6
CONTINUOUS
10
1.0338296062992125
20
1.8684693307086613
11
1.0338129527559055
21
1.8684291338582677
0
LINE
8
BLACK
6
CONTINUOUS
10
1.0338129527559055
20
1.8684291338582677
11
1.0337981889763779
21
1.868329251968504
0
LINE
8
BLACK
6
CONTINUOUS
10
1.0337981889763779
20
1.868329251968504
11
1.0319234251968503
21
1.8608301968503937
0
LINE
8
BLACK
6
CONTINUOUS
10
1.0319234251968503
20
1.8608301968503937
11
1.0319082283464567
21
1.860787716535433
0
LINE
8
BLACK
6
CONTINUOUS
10
1.0319082283464567
20
1.860787716535433
11
1.0319067322834645
21
1.8607664173228347
0
LINE
8
BLACK
6
CONTINUOUS
10
1.0319067322834645
20
1.8607664173228347
11
1.0318149606299212
21
1.8605266929133857
0
LINE
8
BLACK
6
CONTINUOUS
10
1.0318149606299212
20
1.8605266929133857
11
1.0317286614173229
21
1.8602850787401575
0
LINE
8
BLACK
6
CONTINUOUS
10
1.0317286614173229
20
1.8602850787401575
11
1.0317159448818898
21
1.8602679527559054
0
LINE
8
BLACK
6
CONTINUOUS
10
1.0317159448818898
20
1.8602679527559054
11
1.0316998425196851
21
1.8602258267716536
0
LINE
8
BLACK
6
CONTINUOUS
10
1.0316998425196851
20
1.8602258267716536
11
1.0298250787401575
21
1.8564762992125985
0
LINE
8
BLACK
6
CONTINUOUS
10
1.0298250787401575
20
1.8564762992125985
11
1.0296690157480315
21
1.8562284251968504
0
LINE
8
BLACK
6
CONTINUOUS
10
1.0296690157480315
20
1.8562284251968504
11
1.0296392125984253
21
1.8561563779527559
0
LINE
8
BLACK
6
CONTINUOUS
10
1.0296392125984253
20
1.8561563779527559
11
1.0295726771653544
21
1.8560753543307087
0
LINE
8
BLACK
6
CONTINUOUS
10
1.0295726771653544
20
1.8560753543307087
11
1.0295167322834646
21
1.8559864173228346
0
LINE
8
BLACK
6
CONTINUOUS
10
1.0295167322834646
20
1.8559864173228346
11
1.0294577165354331
21
1.8559352755905512
0
LINE
8
BLACK
6
CONTINUOUS
10
1.0294577165354331
20
1.8559352755905512
11
1.0292720078740156
21
1.8557089370078739
0
LINE
8
BLACK
6
CONTINUOUS
10
1.0292720078740156
20
1.8557089370078739
11
1.0255224409448818
21
1.8519593307086615
0
LINE
8
BLACK
6
CONTINUOUS
10
1.0255224409448818
20
1.8519593307086615
11
1.025075
21
1.8515921259842518
0
LINE
8
BLACK
6
CONTINUOUS
10
1.025075
20
1.8515921259842518
11
1.0249769291338582
21
1.8515515354330707
0
LINE
8
BLACK
6
CONTINUOUS
10
1.0249769291338582
20
1.8515515354330707
11
1.0248968110236221
21
1.8514820078740157
0
LINE
8
BLACK
6
CONTINUOUS
10
1.0248968110236221
20
1.8514820078740157
11
1.0243682677165353
21
1.8512460236220472
0
LINE
8
BLACK
6
CONTINUOUS
10
1.0243682677165353
20
1.8512460236220472
11
1.0187439763779527
21
1.8493712598425196
0
LINE
8
BLACK
6
CONTINUOUS
10
1.0187439763779527
20
1.8493712598425196
11
1.0184583858267717
21
1.8493063385826771
0
LINE
8
BLACK
6
CONTINUOUS
10
1.0184583858267717
20
1.8493063385826771
11
1.0183862992125985
21
1.8492764566929134
0
LINE
8
BLACK
6
CONTINUOUS
10
1.0183862992125985
20
1.8492764566929134
11
1.0182817716535433
21
1.8492661811023621
0
LINE
8
BLACK
6
CONTINUOUS
10
1.0182817716535433
20
1.8492661811023621
11
1.0181795275590551
21
1.8492429133858268
0
LINE
8
BLACK
6
CONTINUOUS
10
1.0181795275590551
20
1.8492429133858268
11
1.0181017716535432
21
1.8492484645669292
0
LINE
8
BLACK
6
CONTINUOUS
10
1.0181017716535432
20
1.8492484645669292
11
1.0178102362204724
21
1.8492197244094488
0
LINE
8
BLACK
6
CONTINUOUS
10
1.0178102362204724
20
1.8492197244094488
11
1.0140607086614173
21
1.8492197244094488
0
LINE
8
BLACK
6
CONTINUOUS
10
1.0140607086614173
20
1.8492197244094488
11
1.013769094488189
21
1.8492484645669292
0
LINE
8
BLACK
6
CONTINUOUS
10
1.013769094488189
20
1.8492484645669292
11
1.0136913779527559
21
1.8492429133858268
0
LINE
8
BLACK
6
CONTINUOUS
10
1.0136913779527559
20
1.8492429133858268
11
1.0135890944881889
21
1.8492661811023621
0
LINE
8
BLACK
6
CONTINUOUS
10
1.0135890944881889
20
1.8492661811023621
11
1.0134846456692914
21
1.8492764566929134
0
LINE
8
BLACK
6
CONTINUOUS
10
1.0134846456692914
20
1.8492764566929134
11
1.0134125590551182
21
1.8493063385826771
0
LINE
8
BLACK
6
CONTINUOUS
10
1.0134125590551182
20
1.8493063385826771
11
1.0131269291338583
21
1.8493712598425196
0
LINE
8
BLACK
6
CONTINUOUS
10
1.0131269291338583
20
1.8493712598425196
11
1.0075026771653544
21
1.8512460236220472
0
LINE
8
BLACK
6
CONTINUOUS
10
1.0075026771653544
20
1.8512460236220472
11
1.0069740944881889
21
1.8514820078740157
0
LINE
8
BLACK
6
CONTINUOUS
10
1.0069740944881889
20
1.8514820078740157
11
1.0068938976377952
21
1.8515515748031495
0
LINE
8
BLACK
6
CONTINUOUS
10
1.0068938976377952
20
1.8515515748031495
11
1.0067959448818897
21
1.8515921259842518
0
LINE
8
BLACK
6
CONTINUOUS
10
1.0067959448818897
20
1.8515921259842518
11
1.0063484645669292
21
1.85195937007874
0
LINE
8
BLACK
6
CONTINUOUS
10
1.0063484645669292
20
1.85195937007874
11
1.0044737007874016
21
1.8538341732283463
0
LINE
8
BLACK
6
CONTINUOUS
10
1.0044737007874016
20
1.8538341732283463
11
1.0041064960629922
21
1.8542816141732283
0
LINE
8
BLACK
6
CONTINUOUS
10
1.0041064960629922
20
1.8542816141732283
11
1.0036656299212598
21
1.8553460236220471
0
LINE
8
BLACK
6
CONTINUOUS
10
1.0036656299212598
20
1.8553460236220471
11
1.0036656299212598
21
1.8564981102362204
0
LINE
8
BLACK
6
CONTINUOUS
10
1.0036656299212598
20
1.8564981102362204
11
1.0041065354330709
21
1.8575625196850394
0
LINE
8
BLACK
6
CONTINUOUS
10
1.0041065354330709
20
1.8575625196850394
11
1.0049212204724409
21
1.8583772047244094
0
LINE
8
BLACK
6
CONTINUOUS
10
1.0049212204724409
20
1.8583772047244094
11
1.0059856299212597
21
1.8588180708661417
0
LINE
8
BLACK
6
CONTINUOUS
10
1.0059856299212597
20
1.8588180708661417
11
1.0071377165354332
21
1.8588180708661417
0
LINE
8
BLACK
6
CONTINUOUS
10
1.0071377165354332
20
1.8588180708661417
11
1.008202125984252
21
1.8583771653543306
0
LINE
8
BLACK
6
CONTINUOUS
10
1.008202125984252
20
1.8583771653543306
11
1.0086496062992125
21
1.8580099212598424
0
LINE
8
BLACK
6
CONTINUOUS
10
1.0086496062992125
20
1.8580099212598424
11
1.0100314566929134
21
1.856628031496063
0
LINE
8
BLACK
6
CONTINUOUS
10
1.0100314566929134
20
1.856628031496063
11
1.014539842519685
21
1.8551252362204724
0
LINE
8
BLACK
6
CONTINUOUS
10
1.014539842519685
20
1.8551252362204724
11
1.0173311023622047
21
1.8551252362204724
0
LINE
8
BLACK
6
CONTINUOUS
10
1.0173311023622047
20
1.8551252362204724
11
1.0218394881889763
21
1.8566280708661418
0
LINE
8
BLACK
6
CONTINUOUS
10
1.0218394881889763
20
1.8566280708661418
11
1.0247572834645668
21
1.8595459055118109
0
LINE
8
BLACK
6
CONTINUOUS
10
1.0247572834645668
20
1.8595459055118109
11
1.0262727952755906
21
1.8625768897637796
0
LINE
8
BLACK
6
CONTINUOUS
10
1.0262727952755906
20
1.8625768897637796
11
1.0279808267716535
21
1.8694089370078739
0
LINE
8
BLACK
6
CONTINUOUS
10
1.0279808267716535
20
1.8694089370078739
11
1.0279808267716535
21
1.8743061417322835
0
LINE
8
BLACK
6
CONTINUOUS
10
1.0279808267716535
20
1.8743061417322835
11
1.0262727952755906
21
1.8811381889763779
0
LINE
8
BLACK
6
CONTINUOUS
10
1.0262727952755906
20
1.8811381889763779
11
1.0247573228346456
21
1.8841691732283463
0
LINE
8
BLACK
6
CONTINUOUS
10
1.0247573228346456
20
1.8841691732283463
11
1.0218394881889763
21
1.8870870078740156
0
LINE
8
BLACK
6
CONTINUOUS
10
1.0218394881889763
20
1.8870870078740156
11
1.0173311023622047
21
1.8885898031496062
0
LINE
8
BLACK
6
CONTINUOUS
10
1.0173311023622047
20
1.8885898031496062
11
1.014539842519685
21
1.8885898031496062
0
LINE
8
BLACK
6
CONTINUOUS
10
1.014539842519685
20
1.8885898031496062
11
1.0100314566929134
21
1.8870870078740156
0
LINE
8
BLACK
6
CONTINUOUS
10
1.0100314566929134
20
1.8870870078740156
11
1.0086495669291338
21
1.8857051181102362
0
LINE
8
BLACK
6
CONTINUOUS
10
1.0086495669291338
20
1.8857051181102362
11
1.008202125984252
21
1.8853379133858268
0
LINE
8
BLACK
6
CONTINUOUS
10
1.008202125984252
20
1.8853379133858268
11
1.0071376771653544
21
1.8848970078740157
0
LINE
8
BLACK
6
CONTINUOUS
10
1.0071376771653544
20
1.8848970078740157
11
1.0059856299212597
21
1.8848970078740157
0
LINE
8
BLACK
6
CONTINUOUS
10
1.0059856299212597
20
1.8848970078740157
11
1.0049211811023622
21
1.8853379133858268
0
LINE
8
BLACK
6
CONTINUOUS
10
1.0049211811023622
20
1.8853379133858268
11
1.0041065354330709
21
1.886152559055118
0
LINE
8
BLACK
6
CONTINUOUS
10
1.0041065354330709
20
1.886152559055118
11
1.0036656299212598
21
1.8872170078740158
0
LINE
8
BLACK
6
CONTINUOUS
10
1.0036656299212598
20
1.8872170078740158
11
1.0036656299212598
21
1.8883690551181103
0
LINE
8
BLACK
6
CONTINUOUS
10
1.0036656299212598
20
1.8883690551181103
11
1.0041065354330709
21
1.8894335039370078
0
LINE
8
BLACK
6
CONTINUOUS
10
1.0041065354330709
20
1.8894335039370078
11
1.0044737401574804
21
1.8898809448818896
0
LINE
8
BLACK
6
CONTINUOUS
10
1.0044737401574804
20
1.8898809448818896
11
1.0063485039370079
21
1.8917557086614172
0
LINE
8
BLACK
6
CONTINUOUS
10
1.0063485039370079
20
1.8917557086614172
11
1.0067959448818897
21
1.8921229133858268
0
LINE
8
BLACK
6
CONTINUOUS
10
1.0067959448818897
20
1.8921229133858268
11
1.0068938976377952
21
1.8921635039370079
0
LINE
8
BLACK
6
CONTINUOUS
10
1.0068938976377952
20
1.8921635039370079
11
1.0069740944881889
21
1.8922330314960629
0
LINE
8
BLACK
6
CONTINUOUS
10
1.0069740944881889
20
1.8922330314960629
11
1.0075026771653544
21
1.8924690157480315
0
LINE
8
BLACK
6
CONTINUOUS
10
1.0075026771653544
20
1.8924690157480315
11
1.0131269291338583
21
1.8943437795275591
0
LINE
8
BLACK
6
CONTINUOUS
10
1.0131269291338583
20
1.8943437795275591
11
1.0134125590551182
21
1.8944087401574803
0
LINE
8
BLACK
6
CONTINUOUS
10
1.0134125590551182
20
1.8944087401574803
11
1.0134846456692914
21
1.8944385826771653
0
LINE
8
BLACK
6
CONTINUOUS
10
1.0134846456692914
20
1.8944385826771653
11
1.0135890944881889
21
1.8944488976377953
0
LINE
8
BLACK
6
CONTINUOUS
10
1.0135890944881889
20
1.8944488976377953
11
1.0136913779527559
21
1.8944721259842519
0
LINE
8
BLACK
6
CONTINUOUS
10
1.0136913779527559
20
1.8944721259842519
11
1.013769094488189
21
1.8944666141732283
0
LINE
8
BLACK
6
CONTINUOUS
10
1.013769094488189
20
1.8944666141732283
11
1.0140607086614173
21
1.8944953149606298
0
LINE
8
BLACK
6
CONTINUOUS
10
1.0140607086614173
20
1.8944953149606298
11
1.0178102362204724
21
1.8944953149606298
0
LINE
8
BLACK
6
CONTINUOUS
10
1.0178102362204724
20
1.8944953149606298
11
1.0181017716535432
21
1.8944666141732283
0
LINE
8
BLACK
6
CONTINUOUS
10
0.5692099212598425
20
1.894211062992126
11
0.5693897244094488
21
1.8933070866141732
0
LINE
8
BLACK
6
CONTINUOUS
10
0.5693897244094488
20
1.8933070866141732
11
0.5693897244094488
21
1.8625984251968504
0
LINE
8
BLACK
6
CONTINUOUS
10
0.5693897244094488
20
1.8625984251968504
11
0.5692099212598425
21
1.8616944488188976
0
LINE
8
BLACK
6
CONTINUOUS
10
0.5692099212598425
20
1.8616944488188976
11
0.5679314960629921
21
1.8604160236220473
0
LINE
8
BLACK
6
CONTINUOUS
10
0.5679314960629921
20
1.8604160236220473
11
0.5661235433070866
21
1.8604160236220473
0
LINE
8
BLACK
6
CONTINUOUS
10
0.5661235433070866
20
1.8604160236220473
11
0.5648451181102362
21
1.8616944488188976
0
LINE
8
BLACK
6
CONTINUOUS
10
0.5648451181102362
20
1.8616944488188976
11
0.5646653149606299
21
1.8625984251968504
0
LINE
8
BLACK
6
CONTINUOUS
10
0.5646653149606299
20
1.8625984251968504
11
0.5646653149606299
21
1.8933070866141732
0
LINE
8
BLACK
6
CONTINUOUS
10
0.5646653149606299
20
1.8933070866141732
11
0.5648451181102362
21
1.894211062992126
0
LINE
8
BLACK
6
CONTINUOUS
10
0.5648451181102362
20
1.894211062992126
11
0.5661235433070866
21
1.8954894881889763
0
LINE
8
BLACK
6
CONTINUOUS
10
0.5661235433070866
20
1.8954894881889763
11
0.5679314960629921
21
1.8954894881889763
0
LINE
8
BLACK
6
CONTINUOUS
10
0.5679314960629921
20
1.8954894881889763
11
0.5692099212598425
21
1.894211062992126
0
LINE
8
BLACK
6
CONTINUOUS
10
0.556886811023622
20
1.8776545669291338
11
0.5575787007874016
21
1.8759842519685039
0
LINE
8
BLACK
6
CONTINUOUS
10
0.5575787007874016
20
1.8759842519685039
11
0.5571268897637796
21
1.8745948818897638
0
LINE
8
BLACK
6
CONTINUOUS
10
0.5571268897637796
20
1.8745948818897638
11
0.5476780708661417
21
1.8616027559055117
0
LINE
8
BLACK
6
CONTINUOUS
10
0.5476780708661417
20
1.8616027559055117
11
0.5461361023622047
21
1.8606588188976378
0
LINE
8
BLACK
6
CONTINUOUS
10
0.5461361023622047
20
1.8606588188976378
11
0.5443783070866142
21
1.8610817322834645
0
LINE
8
BLACK
6
CONTINUOUS
10
0.5443783070866142
20
1.8610817322834645
11
0.543857283464567
21
1.8616027559055117
0
LINE
8
BLACK
6
CONTINUOUS
10
0.543857283464567
20
1.8616027559055117
11
0.5344084645669291
21
1.8745948818897638
0
LINE
8
BLACK
6
CONTINUOUS
10
0.5344084645669291
20
1.8745948818897638
11
0.5339855511811024
21
1.8763526771653543
0
LINE
8
BLACK
6
CONTINUOUS
10
0.5339855511811024
20
1.8763526771653543
11
0.5349294881889763
21
1.8778946456692913
0
LINE
8
BLACK
6
CONTINUOUS
10
0.5349294881889763
20
1.8778946456692913
11
0.5363188582677165
21
1.8783464566929133
0
LINE
8
BLACK
6
CONTINUOUS
10
0.5363188582677165
20
1.8783464566929133
11
0.5552164960629921
21
1.8783464566929133
0
LINE
8
BLACK
6
CONTINUOUS
10
0.5552164960629921
20
1.8783464566929133
11
0.556886811023622
21
1.8776545669291338
0
LINE
8
BLACK
6
CONTINUOUS
10
1.9141902755905511
20
1.9048903149606298
11
1.9143700787401574
21
1.9039863385826772
0
LINE
8
BLACK
6
CONTINUOUS
10
1.9143700787401574
20
1.9039863385826772
11
1.9143700787401574
21
1.8834152362204724
0
LINE
8
BLACK
6
CONTINUOUS
10
1.9143700787401574
20
1.8834152362204724
11
1.9141902755905511
21
1.8825112598425195
0
LINE
8
BLACK
6
CONTINUOUS
10
1.9141902755905511
20
1.8825112598425195
11
1.9129118503937008
21
1.8812328346456693
0
LINE
8
BLACK
6
CONTINUOUS
10
1.9129118503937008
20
1.8812328346456693
11
1.9111038976377952
21
1.8812328346456693
0
LINE
8
BLACK
6
CONTINUOUS
10
1.9111038976377952
20
1.8812328346456693
11
1.9098254724409449
21
1.8825112598425195
0
LINE
8
BLACK
6
CONTINUOUS
10
1.9098254724409449
20
1.8825112598425195
11
1.9096456692913386
21
1.8834152362204724
0
LINE
8
BLACK
6
CONTINUOUS
10
1.9096456692913386
20
1.8834152362204724
11
1.9096456692913386
21
1.9039863385826772
0
LINE
8
BLACK
6
CONTINUOUS
10
1.9096456692913386
20
1.9039863385826772
11
1.9098254724409449
21
1.9048903149606298
0
LINE
8
BLACK
6
CONTINUOUS
10
1.9098254724409449
20
1.9048903149606298
11
1.9111038976377952
21
1.9061687401574803
0
LINE
8
BLACK
6
CONTINUOUS
10
1.9111038976377952
20
1.9061687401574803
11
1.9129118503937008
21
1.9061687401574803
0
LINE
8
BLACK
6
CONTINUOUS
10
1.9129118503937008
20
1.9061687401574803
11
1.9141902755905511
21
1.9048903149606298
0
LINE
8
BLACK
6
CONTINUOUS
10
1.9720642913385826
20
1.9048903149606298
11
1.9722440944881889
21
1.9039863385826772
0
LINE
8
BLACK
6
CONTINUOUS
10
1.9722440944881889
20
1.9039863385826772
11
1.9722440944881889
21
1.8834152362204724
0
LINE
8
BLACK
6
CONTINUOUS
10
1.9722440944881889
20
1.8834152362204724
11
1.9720642913385826
21
1.8825112598425195
0
LINE
8
BLACK
6
CONTINUOUS
10
1.9720642913385826
20
1.8825112598425195
11
1.9707858661417323
21
1.8812328346456693
0
LINE
8
BLACK
6
CONTINUOUS
10
1.9707858661417323
20
1.8812328346456693
11
1.9689779133858267
21
1.8812328346456693
0
LINE
8
BLACK
6
CONTINUOUS
10
1.9689779133858267
20
1.8812328346456693
11
1.9676994881889764
21
1.8825112598425195
0
LINE
8
BLACK
6
CONTINUOUS
10
1.9676994881889764
20
1.8825112598425195
11
1.9675196850393701
21
1.8834152362204724
0
LINE
8
BLACK
6
CONTINUOUS
10
1.9675196850393701
20
1.8834152362204724
11
1.9675196850393701
21
1.9039863385826772
0
LINE
8
BLACK
6
CONTINUOUS
10
1.9675196850393701
20
1.9039863385826772
11
1.9676994881889764
21
1.9048903149606298
0
LINE
8
BLACK
6
CONTINUOUS
10
1.9676994881889764
20
1.9048903149606298
11
1.9689779133858267
21
1.9061687401574803
0
LINE
8
BLACK
6
CONTINUOUS
10
1.9689779133858267
20
1.9061687401574803
11
1.9707858661417323
21
1.9061687401574803
0
LINE
8
BLACK
6
CONTINUOUS
10
1.9707858661417323
20
1.9061687401574803
11
1.9720642913385826
21
1.9048903149606298
0
LINE
8
BLACK
6
CONTINUOUS
10
1.9968674409448819
20
1.9035442913385827
11
1.9970472440944882
21
1.9026403149606299
0
LINE
8
BLACK
6
CONTINUOUS
10
1.9970472440944882
20
1.9026403149606299
11
1.9970472440944882
21
1.8847612598425196
0
LINE
8
BLACK
6
CONTINUOUS
10
1.9970472440944882
20
1.8847612598425196
11
1.9968674409448819
21
1.8838572834645668
0
LINE
8
BLACK
6
CONTINUOUS
10
1.9968674409448819
20
1.8838572834645668
11
1.9955890157480314
21
1.8825788582677165
0
LINE
8
BLACK
6
CONTINUOUS
10
1.9955890157480314
20
1.8825788582677165
11
1.993781062992126
21
1.8825788582677165
0
LINE
8
BLACK
6
CONTINUOUS
10
1.993781062992126
20
1.8825788582677165
11
1.9925026377952755
21
1.8838572834645668
0
LINE
8
BLACK
6
CONTINUOUS
10
1.9925026377952755
20
1.8838572834645668
11
1.9923228346456692
21
1.8847612598425196
0
LINE
8
BLACK
6
CONTINUOUS
10
1.9923228346456692
20
1.8847612598425196
11
1.9923228346456692
21
1.9026403149606299
0
LINE
8
BLACK
6
CONTINUOUS
10
1.9923228346456692
20
1.9026403149606299
11
1.9925026377952755
21
1.9035442913385827
0
LINE
8
BLACK
6
CONTINUOUS
10
1.9925026377952755
20
1.9035442913385827
11
1.993781062992126
21
1.904822716535433
0
LINE
8
BLACK
6
CONTINUOUS
10
1.993781062992126
20
1.904822716535433
11
1.9955890157480314
21
1.904822716535433
0
LINE
8
BLACK
6
CONTINUOUS
10
1.9955890157480314
20
1.904822716535433
11
1.9968674409448819
21
1.9035442913385827
0
LINE
8
BLACK
6
CONTINUOUS
10
2.0547414566929132
20
1.9035442913385827
11
2.0549212598425197
21
1.9026403149606299
0
LINE
8
BLACK
6
CONTINUOUS
10
2.0549212598425197
20
1.9026403149606299
11
2.0549212598425197
21
1.8847612598425196
0
LINE
8
BLACK
6
CONTINUOUS
10
2.0549212598425197
20
1.8847612598425196
11
2.0547414566929132
21
1.8838572834645668
0
LINE
8
BLACK
6
CONTINUOUS
10
2.0547414566929132
20
1.8838572834645668
11
2.0534630314960629
21
1.8825788582677165
0
LINE
8
BLACK
6
CONTINUOUS
10
2.0534630314960629
20
1.8825788582677165
11
2.0516550787401573
21
1.8825788582677165
0
LINE
8
BLACK
6
CONTINUOUS
10
2.0516550787401573
20
1.8825788582677165
11
2.050376653543307
21
1.8838572834645668
0
LINE
8
BLACK
6
CONTINUOUS
10
2.050376653543307
20
1.8838572834645668
11
2.0501968503937009
21
1.8847612598425196
0
LINE
8
BLACK
6
CONTINUOUS
10
2.0501968503937009
20
1.8847612598425196
11
2.0501968503937009
21
1.9026403149606299
0
LINE
8
BLACK
6
CONTINUOUS
10
2.0501968503937009
20
1.9026403149606299
11
2.050376653543307
21
1.9035442913385827
0
LINE
8
BLACK
6
CONTINUOUS
10
2.050376653543307
20
1.9035442913385827
11
2.0516550787401573
21
1.904822716535433
0
LINE
8
BLACK
6
CONTINUOUS
10
2.0516550787401573
20
1.904822716535433
11
2.0534630314960629
21
1.904822716535433
0
LINE
8
BLACK
6
CONTINUOUS
10
2.0534630314960629
20
1.904822716535433
11
2.0547414566929132
21
1.9035442913385827
0
LINE
8
BLACK
6
CONTINUOUS
10
1.7489824803149605
20
1.9338086614173229
11
1.7500468897637795
21
1.9333677559055118
0
LINE
8
BLACK
6
CONTINUOUS
10
1.7500468897637795
20
1.9333677559055118
11
1.7508615354330708
21
1.9325531102362203
0
LINE
8
BLACK
6
CONTINUOUS
10
1.7508615354330708
20
1.9325531102362203
11
1.7513024409448819
21
1.9314887007874015
0
LINE
8
BLACK
6
CONTINUOUS
10
1.7513024409448819
20
1.9314887007874015
11
1.7513024409448819
21
1.9303365748031496
0
LINE
8
BLACK
6
CONTINUOUS
10
1.7513024409448819
20
1.9303365748031496
11
1.7508615354330708
21
1.9292721653543308
0
LINE
8
BLACK
6
CONTINUOUS
10
1.7508615354330708
20
1.9292721653543308
11
1.7500468897637795
21
1.9284575196850393
0
LINE
8
BLACK
6
CONTINUOUS
10
1.7500468897637795
20
1.9284575196850393
11
1.7489824803149605
21
1.9280166141732282
0
LINE
8
BLACK
6
CONTINUOUS
10
1.7489824803149605
20
1.9280166141732282
11
1.7484064173228346
21
1.9279598818897636
0
LINE
8
BLACK
6
CONTINUOUS
10
1.7484064173228346
20
1.9279598818897636
11
1.7305416535433071
21
1.9279598818897636
0
LINE
8
BLACK
6
CONTINUOUS
10
1.7305416535433071
20
1.9279598818897636
11
1.7393799999999999
21
1.917858937007874
0
LINE
8
BLACK
6
CONTINUOUS
10
1.7393799999999999
20
1.917858937007874
11
1.7395579921259843
21
1.9176099606299213
0
LINE
8
BLACK
6
CONTINUOUS
10
1.7395579921259843
20
1.9176099606299213
11
1.7396129527559054
21
1.9175549999999999
0
LINE
8
BLACK
6
CONTINUOUS
10
1.7396129527559054
20
1.9175549999999999
11
1.739634527559055
21
1.9175029133858268
0
LINE
8
BLACK
6
CONTINUOUS
10
1.739634527559055
20
1.9175029133858268
11
1.7397166535433071
21
1.917388031496063
0
LINE
8
BLACK
6
CONTINUOUS
10
1.7397166535433071
20
1.917388031496063
11
1.7398702362204723
21
1.9169338188976377
0
LINE
8
BLACK
6
CONTINUOUS
10
1.7398702362204723
20
1.9169338188976377
11
1.7400538582677165
21
1.9164905905511811
0
LINE
8
BLACK
6
CONTINUOUS
10
1.7400538582677165
20
1.9164905905511811
11
1.7400538582677165
21
1.9163909842519684
0
LINE
8
BLACK
6
CONTINUOUS
10
1.7400538582677165
20
1.9163909842519684
11
1.740085748031496
21
1.916296653543307
0
LINE
8
BLACK
6
CONTINUOUS
10
1.740085748031496
20
1.916296653543307
11
1.7400538582677165
21
1.9158181889763779
0
LINE
8
BLACK
6
CONTINUOUS
10
1.7400538582677165
20
1.9158181889763779
11
1.7400538582677165
21
1.9153384645669291
0
LINE
8
BLACK
6
CONTINUOUS
10
1.7400538582677165
20
1.9153384645669291
11
1.7400157480314959
21
1.915246496062992
0
LINE
8
BLACK
6
CONTINUOUS
10
1.7400157480314959
20
1.915246496062992
11
1.7400091338582677
21
1.9151471259842519
0
LINE
8
BLACK
6
CONTINUOUS
10
1.7400091338582677
20
1.9151471259842519
11
1.7397964173228346
21
1.9147170078740157
0
LINE
8
BLACK
6
CONTINUOUS
10
1.7397964173228346
20
1.9147170078740157
11
1.7396129527559054
21
1.9142740551181101
0
LINE
8
BLACK
6
CONTINUOUS
10
1.7396129527559054
20
1.9142740551181101
11
1.7395425984251969
21
1.9142037401574803
0
LINE
8
BLACK
6
CONTINUOUS
10
1.7395425984251969
20
1.9142037401574803
11
1.7394984251968504
21
1.9141143700787402
0
LINE
8
BLACK
6
CONTINUOUS
10
1.7394984251968504
20
1.9141143700787402
11
1.7391372834645669
21
1.9137984251968503
0
LINE
8
BLACK
6
CONTINUOUS
10
1.7391372834645669
20
1.9137984251968503
11
1.7387983070866142
21
1.9134594094488189
0
LINE
8
BLACK
6
CONTINUOUS
10
1.7387983070866142
20
1.9134594094488189
11
1.7387062992125983
21
1.9134212992125983
0
LINE
8
BLACK
6
CONTINUOUS
10
1.7387062992125983
20
1.9134212992125983
11
1.738631338582677
21
1.9133557086614172
0
LINE
8
BLACK
6
CONTINUOUS
10
1.738631338582677
20
1.9133557086614172
11
1.7381770866141733
21
1.913202125984252
0
LINE
8
BLACK
6
CONTINUOUS
10
1.7381770866141733
20
1.913202125984252
11
1.7377338976377952
21
1.9130185039370078
0
LINE
8
BLACK
6
CONTINUOUS
10
1.7377338976377952
20
1.9130185039370078
11
1.7375933070866141
21
1.91300468503937
0
LINE
8
BLACK
6
CONTINUOUS
10
1.7375933070866141
20
1.91300468503937
11
1.7375399606299211
21
1.9129866141732284
0
LINE
8
BLACK
6
CONTINUOUS
10
1.7375399606299211
20
1.9129866141732284
11
1.7374624803149605
21
1.9129918110236219
0
LINE
8
BLACK
6
CONTINUOUS
10
1.7374624803149605
20
1.9129918110236219
11
1.7371578346456693
21
1.9129617716535432
0
LINE
8
BLACK
6
CONTINUOUS
10
1.7371578346456693
20
1.9129617716535432
11
1.732230590551181
21
1.9129617716535432
0
LINE
8
BLACK
6
CONTINUOUS
10
1.732230590551181
20
1.9129617716535432
11
1.7295331102362204
21
1.9116130314960629
0
LINE
8
BLACK
6
CONTINUOUS
10
1.7295331102362204
20
1.9116130314960629
11
1.7283359842519685
21
1.9104159055118111
0
LINE
8
BLACK
6
CONTINUOUS
10
1.7283359842519685
20
1.9104159055118111
11
1.7269872440944882
21
1.9077184251968504
0
LINE
8
BLACK
6
CONTINUOUS
10
1.7269872440944882
20
1.9077184251968504
11
1.7269872440944882
21
1.8997387007874016
0
LINE
8
BLACK
6
CONTINUOUS
10
1.7269872440944882
20
1.8997387007874016
11
1.7283359842519685
21
1.8970412204724409
0
LINE
8
BLACK
6
CONTINUOUS
10
1.7283359842519685
20
1.8970412204724409
11
1.7295331102362204
21
1.8958440551181102
0
LINE
8
BLACK
6
CONTINUOUS
10
1.7295331102362204
20
1.8958440551181102
11
1.732230590551181
21
1.8944953149606298
0
LINE
8
BLACK
6
CONTINUOUS
10
1.732230590551181
20
1.8944953149606298
11
1.7420850787401574
21
1.8944953149606298
0
LINE
8
BLACK
6
CONTINUOUS
10
1.7420850787401574
20
1.8944953149606298
11
1.7447825196850393
21
1.8958440551181102
0
LINE
8
BLACK
6
CONTINUOUS
10
1.7447825196850393
20
1.8958440551181102
11
1.7463184645669292
21
1.8973800000000001
0
LINE
8
BLACK
6
CONTINUOUS
10
1.7463184645669292
20
1.8973800000000001
11
1.7467659448818897
21
1.8977472440944883
0
LINE
8
BLACK
6
CONTINUOUS
10
1.7467659448818897
20
1.8977472440944883
11
1.7478303543307085
21
1.8981881496062991
0
LINE
8
BLACK
6
CONTINUOUS
10
1.7478303543307085
20
1.8981881496062991
11
1.7489824409448818
21
1.8981881496062991
0
LINE
8
BLACK
6
CONTINUOUS
10
1.7489824409448818
20
1.8981881496062991
11
1.7500468503937008
21
1.8977472834645668
0
LINE
8
BLACK
6
CONTINUOUS
10
1.7500468503937008
20
1.8977472834645668
11
1.7508615354330708
21
1.8969325984251968
0
LINE
8
BLACK
6
CONTINUOUS
10
1.7508615354330708
20
1.8969325984251968
11
1.7513024409448819
21
1.895868188976378
0
LINE
8
BLACK
6
CONTINUOUS
10
1.7513024409448819
20
1.895868188976378
11
1.7513024409448819
21
1.8947161023622048
0
LINE
8
BLACK
6
CONTINUOUS
10
1.7513024409448819
20
1.8947161023622048
11
1.7508615748031495
21
1.8936516929133858
0
LINE
8
BLACK
6
CONTINUOUS
10
1.7508615748031495
20
1.8936516929133858
11
1.7504943307086613
21
1.8932042125984252
0
LINE
8
BLACK
6
CONTINUOUS
10
1.7504943307086613
20
1.8932042125984252
11
1.7486196062992125
21
1.8913294488188976
0
LINE
8
BLACK
6
CONTINUOUS
10
1.7486196062992125
20
1.8913294488188976
11
1.7483932283464567
21
1.8911437007874015
0
LINE
8
BLACK
6
CONTINUOUS
10
1.7483932283464567
20
1.8911437007874015
11
1.7483420472440945
21
1.8910846456692914
0
LINE
8
BLACK
6
CONTINUOUS
10
1.7483420472440945
20
1.8910846456692914
11
1.7482530708661417
21
1.8910286614173228
0
LINE
8
BLACK
6
CONTINUOUS
10
1.7482530708661417
20
1.8910286614173228
11
1.748172125984252
21
1.8909622047244095
0
LINE
8
BLACK
6
CONTINUOUS
10
1.748172125984252
20
1.8909622047244095
11
1.748100157480315
21
1.890932401574803
0
LINE
8
BLACK
6
CONTINUOUS
10
1.748100157480315
20
1.890932401574803
11
1.7478521653543306
21
1.8907762992125985
0
LINE
8
BLACK
6
CONTINUOUS
10
1.7478521653543306
20
1.8907762992125985
11
1.7441026377952755
21
1.8889015354330709
0
LINE
8
BLACK
6
CONTINUOUS
10
1.7441026377952755
20
1.8889015354330709
11
1.7435620078740157
21
1.8886946456692912
0
LINE
8
BLACK
6
CONTINUOUS
10
1.7435620078740157
20
1.8886946456692912
11
1.7434561811023621
21
1.8886871653543307
0
LINE
8
BLACK
6
CONTINUOUS
10
1.7434561811023621
20
1.8886871653543307
11
1.7433581889763778
21
1.8886465354330708
0
LINE
8
BLACK
6
CONTINUOUS
10
1.7433581889763778
20
1.8886465354330708
11
1.742782125984252
21
1.8885898031496062
0
LINE
8
BLACK
6
CONTINUOUS
10
1.742782125984252
20
1.8885898031496062
11
1.7315335433070866
21
1.8885898031496062
0
LINE
8
BLACK
6
CONTINUOUS
10
1.7315335433070866
20
1.8885898031496062
11
1.7309574803149606
21
1.8886465354330708
0
LINE
8
BLACK
6
CONTINUOUS
10
1.7309574803149606
20
1.8886465354330708
11
1.7308594881889763
21
1.8886871259842519
0
LINE
8
BLACK
6
CONTINUOUS
10
1.7308594881889763
20
1.8886871259842519
11
1.7307536220472441
21
1.8886946456692912
0
LINE
8
BLACK
6
CONTINUOUS
10
1.7307536220472441
20
1.8886946456692912
11
1.7302130314960629
21
1.8889015354330709
0
LINE
8
BLACK
6
CONTINUOUS
10
1.7302130314960629
20
1.8889015354330709
11
1.7264635039370078
21
1.8907762992125985
0
LINE
8
BLACK
6
CONTINUOUS
10
1.7264635039370078
20
1.8907762992125985
11
1.7262154724409449
21
1.890932401574803
0
LINE
8
BLACK
6
CONTINUOUS
10
1.7262154724409449
20
1.890932401574803
11
1.7261435433070866
21
1.8909622047244095
0
LINE
8
BLACK
6
CONTINUOUS
10
1.7261435433070866
20
1.8909622047244095
11
1.726062559055118
21
1.8910286614173228
0
LINE
8
BLACK
6
CONTINUOUS
10
1.726062559055118
20
1.8910286614173228
11
1.7259736220472441
21
1.8910846456692914
0
LINE
8
BLACK
6
CONTINUOUS
10
1.7259736220472441
20
1.8910846456692914
11
1.7259224015748031
21
1.8911437007874015
0
LINE
8
BLACK
6
CONTINUOUS
10
1.7259224015748031
20
1.8911437007874015
11
1.7256960629921259
21
1.8913294488188976
0
LINE
8
BLACK
6
CONTINUOUS
10
1.7256960629921259
20
1.8913294488188976
11
1.7238212992125983
21
1.8932042519685039
0
LINE
8
BLACK
6
CONTINUOUS
10
1.7238212992125983
20
1.8932042519685039
11
1.7236355511811023
21
1.893430590551181
0
LINE
8
BLACK
6
CONTINUOUS
10
1.7236355511811023
20
1.893430590551181
11
1.7235765748031495
21
1.8934817322834645
0
LINE
8
BLACK
6
CONTINUOUS
10
1.7235765748031495
20
1.8934817322834645
11
1.723520590551181
21
1.8935706692913385
0
LINE
8
BLACK
6
CONTINUOUS
10
1.723520590551181
20
1.8935706692913385
11
1.7234540944881889
21
1.8936516929133858
0
LINE
8
BLACK
6
CONTINUOUS
10
1.7234540944881889
20
1.8936516929133858
11
1.7234242519685039
21
1.8937237401574802
0
LINE
8
BLACK
6
CONTINUOUS
10
1.7234242519685039
20
1.8937237401574802
11
1.7232682283464567
21
1.8939716141732283
0
LINE
8
BLACK
6
CONTINUOUS
10
1.7232682283464567
20
1.8939716141732283
11
1.7213934645669291
21
1.8977211417322835
0
LINE
8
BLACK
6
CONTINUOUS
10
1.7213934645669291
20
1.8977211417322835
11
1.7211865748031496
21
1.8982617716535433
0
LINE
8
BLACK
6
CONTINUOUS
10
1.7211865748031496
20
1.8982617716535433
11
1.7211790551181101
21
1.8983675984251969
0
LINE
8
BLACK
6
CONTINUOUS
10
1.7211790551181101
20
1.8983675984251969
11
1.7211384645669292
21
1.8984655905511811
0
LINE
8
BLACK
6
CONTINUOUS
10
1.7211384645669292
20
1.8984655905511811
11
1.7210817322834646
21
1.899041653543307
0
LINE
8
BLACK
6
CONTINUOUS
10
1.7210817322834646
20
1.899041653543307
11
1.7210817322834646
21
1.9084154724409448
0
LINE
8
BLACK
6
CONTINUOUS
10
1.7210817322834646
20
1.9084154724409448
11
1.7211384645669292
21
1.9089915354330709
0
LINE
8
BLACK
6
CONTINUOUS
10
1.7211384645669292
20
1.9089915354330709
11
1.7211790551181101
21
1.9090895669291339
0
LINE
8
BLACK
6
CONTINUOUS
10
1.7211790551181101
20
1.9090895669291339
11
1.7211865748031496
21
1.9091953543307085
0
LINE
8
BLACK
6
CONTINUOUS
10
1.7211865748031496
20
1.9091953543307085
11
1.7213934645669291
21
1.9097359842519686
0
LINE
8
BLACK
6
CONTINUOUS
10
1.7213934645669291
20
1.9097359842519686
11
1.7232682283464567
21
1.9134855118110237
0
LINE
8
BLACK
6
CONTINUOUS
10
1.7232682283464567
20
1.9134855118110237
11
1.7234242913385827
21
1.9137335433070866
0
LINE
8
BLACK
6
CONTINUOUS
10
1.7234242913385827
20
1.9137335433070866
11
1.7234541338582676
21
1.9138054724409448
0
LINE
8
BLACK
6
CONTINUOUS
10
1.7234541338582676
20
1.9138054724409448
11
1.723520590551181
21
1.9138864566929132
0
LINE
8
BLACK
6
CONTINUOUS
10
1.723520590551181
20
1.9138864566929132
11
1.7235765748031495
21
1.9139753937007873
0
LINE
8
BLACK
6
CONTINUOUS
10
1.7235765748031495
20
1.9139753937007873
11
1.7236355511811023
21
1.9140265748031495
0
LINE
8
BLACK
6
CONTINUOUS
10
1.7236355511811023
20
1.9140265748031495
11
1.7238213385826771
21
1.9142529133858268
0
LINE
8
BLACK
6
CONTINUOUS
10
1.7238213385826771
20
1.9142529133858268
11
1.7256961023622046
21
1.9161276771653544
0
LINE
8
BLACK
6
CONTINUOUS
10
1.7256961023622046
20
1.9161276771653544
11
1.7259224409448819
21
1.9163134645669291
0
LINE
8
BLACK
6
CONTINUOUS
10
1.7259224409448819
20
1.9163134645669291
11
1.7259736220472441
21
1.9163724409448819
0
LINE
8
BLACK
6
CONTINUOUS
10
1.7259736220472441
20
1.9163724409448819
11
1.726062559055118
21
1.9164284251968504
0
LINE
8
BLACK
6
CONTINUOUS
10
1.726062559055118
20
1.9164284251968504
11
1.7261435433070866
21
1.9164948818897638
0
LINE
8
BLACK
6
CONTINUOUS
10
1.7261435433070866
20
1.9164948818897638
11
1.7262154724409449
21
1.9165247244094488
0
LINE
8
BLACK
6
CONTINUOUS
10
1.7262154724409449
20
1.9165247244094488
11
1.7264635039370078
21
1.9166807874015748
0
LINE
8
BLACK
6
CONTINUOUS
10
1.7264635039370078
20
1.9166807874015748
11
1.7302130314960629
21
1.9185555511811023
0
LINE
8
BLACK
6
CONTINUOUS
10
1.7302130314960629
20
1.9185555511811023
11
1.7307451968503937
21
1.9187592519685039
0
LINE
8
BLACK
6
CONTINUOUS
10
1.7307451968503937
20
1.9187592519685039
11
1.7218123228346456
21
1.9289682283464566
0
LINE
8
BLACK
6
CONTINUOUS
10
1.7218123228346456
20
1.9289682283464566
11
1.7216342913385827
21
1.9292172440944881
0
LINE
8
BLACK
6
CONTINUOUS
10
1.7216342913385827
20
1.9292172440944881
11
1.7215793700787401
21
1.9292721653543308
0
LINE
8
BLACK
6
CONTINUOUS
10
1.7215793700787401
20
1.9292721653543308
11
1.7215577559055117
21
1.9293242913385826
0
LINE
8
BLACK
6
CONTINUOUS
10
1.7215577559055117
20
1.9293242913385826
11
1.7214756692913384
21
1.9294391338582677
0
LINE
8
BLACK
6
CONTINUOUS
10
1.7214756692913384
20
1.9294391338582677
11
1.7213220472440944
21
1.9298933858267715
0
LINE
8
BLACK
6
CONTINUOUS
10
1.7213220472440944
20
1.9298933858267715
11
1.7211384645669292
21
1.9303365748031496
0
LINE
8
BLACK
6
CONTINUOUS
10
1.7211384645669292
20
1.9303365748031496
11
1.7211384645669292
21
1.930436220472441
0
LINE
8
BLACK
6
CONTINUOUS
10
1.7211384645669292
20
1.930436220472441
11
1.7211065748031495
21
1.9305305118110236
0
LINE
8
BLACK
6
CONTINUOUS
10
1.7211065748031495
20
1.9305305118110236
11
1.7211384645669292
21
1.9310090157480315
0
LINE
8
BLACK
6
CONTINUOUS
10
1.7211384645669292
20
1.9310090157480315
11
1.7211384645669292
21
1.9314887007874015
0
LINE
8
BLACK
6
CONTINUOUS
10
1.7211384645669292
20
1.9314887007874015
11
1.7211765354330708
21
1.9315807086614172
0
LINE
8
BLACK
6
CONTINUOUS
10
1.7211765354330708
20
1.9315807086614172
11
1.721183188976378
21
1.9316800393700786
0
LINE
8
BLACK
6
CONTINUOUS
10
1.721183188976378
20
1.9316800393700786
11
1.7213958661417323
21
1.9321101968503938
0
LINE
8
BLACK
6
CONTINUOUS
10
1.7213958661417323
20
1.9321101968503938
11
1.7215793700787401
21
1.9325531102362203
0
LINE
8
BLACK
6
CONTINUOUS
10
1.7215793700787401
20
1.9325531102362203
11
1.7216496850393701
21
1.9326234645669291
0
LINE
8
BLACK
6
CONTINUOUS
10
1.7216496850393701
20
1.9326234645669291
11
1.7216938976377953
21
1.9327127952755905
0
LINE
8
BLACK
6
CONTINUOUS
10
1.7216938976377953
20
1.9327127952755905
11
1.7220549999999999
21
1.9330287795275589
0
LINE
8
BLACK
6
CONTINUOUS
10
1.7220549999999999
20
1.9330287795275589
11
1.7223940157480315
21
1.9333677559055118
0
LINE
8
BLACK
6
CONTINUOUS
10
1.7223940157480315
20
1.9333677559055118
11
1.7224859842519684
21
1.9334059055118109
0
LINE
8
BLACK
6
CONTINUOUS
10
1.7224859842519684
20
1.9334059055118109
11
1.7225609842519685
21
1.9334714566929134
0
LINE
8
BLACK
6
CONTINUOUS
10
1.7225609842519685
20
1.9334714566929134
11
1.7230151968503937
21
1.9336250787401574
0
LINE
8
BLACK
6
CONTINUOUS
10
1.7230151968503937
20
1.9336250787401574
11
1.7234584251968503
21
1.9338086614173229
0
LINE
8
BLACK
6
CONTINUOUS
10
1.7234584251968503
20
1.9338086614173229
11
1.7235989763779527
21
1.9338225196850394
0
LINE
8
BLACK
6
CONTINUOUS
10
1.7235989763779527
20
1.9338225196850394
11
1.7236523622047244
21
1.9338405511811023
0
LINE
8
BLACK
6
CONTINUOUS
10
1.7236523622047244
20
1.9338405511811023
11
1.7237298031496062
21
1.9338353937007873
0
LINE
8
BLACK
6
CONTINUOUS
10
1.7237298031496062
20
1.9338353937007873
11
1.7240344881889764
21
1.9338653937007872
0
LINE
8
BLACK
6
CONTINUOUS
10
1.7240344881889764
20
1.9338653937007872
11
1.7484064173228346
21
1.9338653937007872
0
LINE
8
BLACK
6
CONTINUOUS
10
1.7484064173228346
20
1.9338653937007872
11
1.7489824803149605
21
1.9338086614173229
0
LINE
8
BLACK
6
CONTINUOUS
10
1.7650450393700787
20
1.9333677559055118
11
1.76585968503937
21
1.9325531102362203
0
LINE
8
BLACK
6
CONTINUOUS
10
1.76585968503937
20
1.9325531102362203
11
1.766300590551181
21
1.9314887007874015
0
LINE
8
BLACK
6
CONTINUOUS
10
1.766300590551181
20
1.9314887007874015
11
1.7663573228346456
21
1.9309126377952754
0
LINE
8
BLACK
6
CONTINUOUS
10
1.7663573228346456
20
1.9309126377952754
11
1.7663573228346456
21
1.8997387007874016
0
LINE
8
BLACK
6
CONTINUOUS
10
1.7663573228346456
20
1.8997387007874016
11
1.767706062992126
21
1.8970412204724409
0
LINE
8
BLACK
6
CONTINUOUS
10
1.767706062992126
20
1.8970412204724409
11
1.768903188976378
21
1.8958440551181102
0
LINE
8
BLACK
6
CONTINUOUS
10
1.768903188976378
20
1.8958440551181102
11
1.7716006692913386
21
1.8944953149606298
0
LINE
8
BLACK
6
CONTINUOUS
10
1.7716006692913386
20
1.8944953149606298
11
1.7777056299212599
21
1.8944953149606298
0
LINE
8
BLACK
6
CONTINUOUS
10
1.7777056299212599
20
1.8944953149606298
11
1.7804030708661418
21
1.8958440551181102
0
LINE
8
BLACK
6
CONTINUOUS
10
1.7804030708661418
20
1.8958440551181102
11
1.7816001968503936
21
1.8970412204724409
0
LINE
8
BLACK
6
CONTINUOUS
10
1.7816001968503936
20
1.8970412204724409
11
1.7829489763779527
21
1.8997387007874016
0
LINE
8
BLACK
6
CONTINUOUS
10
1.7829489763779527
20
1.8997387007874016
11
1.7829489763779527
21
1.9309126377952754
0
LINE
8
BLACK
6
CONTINUOUS
10
1.7829489763779527
20
1.9309126377952754
11
1.7830057086614173
21
1.9314887007874015
0
LINE
8
BLACK
6
CONTINUOUS
10
1.7830057086614173
20
1.9314887007874015
11
1.7834466141732284
21
1.9325531102362203
0
LINE
8
BLACK
6
CONTINUOUS
10
1.7834466141732284
20
1.9325531102362203
11
1.7842612598425196
21
1.9333677559055118
0
LINE
8
BLACK
6
CONTINUOUS
10
1.7842612598425196
20
1.9333677559055118
11
1.7853256692913386
21
1.9338086614173229
0
LINE
8
BLACK
6
CONTINUOUS
10
1.7853256692913386
20
1.9338086614173229
11
1.7864777952755906
21
1.9338086614173229
0
LINE
8
BLACK
6
CONTINUOUS
10
1.7864777952755906
20
1.9338086614173229
11
1.7875422047244094
21
1.9333677559055118
0
LINE
8
BLACK
6
CONTINUOUS
10
1.7875422047244094
20
1.9333677559055118
11
1.7883568503937008
21
1.9325531102362203
0
LINE
8
BLACK
6
CONTINUOUS
10
1.7883568503937008
20
1.9325531102362203
11
1.7887977559055117
21
1.9314887007874015
0
LINE
8
BLACK
6
CONTINUOUS
10
1.7887977559055117
20
1.9314887007874015
11
1.7888544881889763
21
1.9309126377952754
0
LINE
8
BLACK
6
CONTINUOUS
10
1.7888544881889763
20
1.9309126377952754
11
1.7888544881889763
21
1.899041653543307
0
LINE
8
BLACK
6
CONTINUOUS
10
1.7888544881889763
20
1.899041653543307
11
1.7887977559055117
21
1.8984655905511811
0
LINE
8
BLACK
6
CONTINUOUS
10
1.7887977559055117
20
1.8984655905511811
11
1.7887571653543306
21
1.8983676377952756
0
LINE
8
BLACK
6
CONTINUOUS
10
1.7887571653543306
20
1.8983676377952756
11
1.7887496456692913
21
1.8982617322834645
0
LINE
8
BLACK
6
CONTINUOUS
10
1.7887496456692913
20
1.8982617322834645
11
1.7885427559055118
21
1.8977211417322835
0
LINE
8
BLACK
6
CONTINUOUS
10
1.7885427559055118
20
1.8977211417322835
11
1.7866679921259843
21
1.8939716141732283
0
LINE
8
BLACK
6
CONTINUOUS
10
1.7866679921259843
20
1.8939716141732283
11
1.7865119291338583
21
1.8937237401574802
0
LINE
8
BLACK
6
CONTINUOUS
10
1.7865119291338583
20
1.8937237401574802
11
1.7864821259842518
21
1.8936516929133858
0
LINE
8
BLACK
6
CONTINUOUS
10
1.7864821259842518
20
1.8936516929133858
11
1.7864155905511812
21
1.8935706692913385
0
LINE
8
BLACK
6
CONTINUOUS
10
1.7864155905511812
20
1.8935706692913385
11
1.7863596456692914
21
1.8934817322834645
0
LINE
8
BLACK
6
CONTINUOUS
10
1.7863596456692914
20
1.8934817322834645
11
1.7863006299212598
21
1.893430590551181
0
LINE
8
BLACK
6
CONTINUOUS
10
1.7863006299212598
20
1.893430590551181
11
1.7861148818897636
21
1.8932042125984252
0
LINE
8
BLACK
6
CONTINUOUS
10
1.7861148818897636
20
1.8932042125984252
11
1.7842401574803148
21
1.8913294488188976
0
LINE
8
BLACK
6
CONTINUOUS
10
1.7842401574803148
20
1.8913294488188976
11
1.784013779527559
21
1.8911437007874015
0
LINE
8
BLACK
6
CONTINUOUS
10
1.784013779527559
20
1.8911437007874015
11
1.7839625984251968
21
1.8910846456692914
0
LINE
8
BLACK
6
CONTINUOUS
10
1.7839625984251968
20
1.8910846456692914
11
1.783873622047244
21
1.8910286614173228
0
LINE
8
BLACK
6
CONTINUOUS
10
1.783873622047244
20
1.8910286614173228
11
1.7837926771653543
21
1.8909622047244095
0
LINE
8
BLACK
6
CONTINUOUS
10
1.7837926771653543
20
1.8909622047244095
11
1.7837207086614173
21
1.890932401574803
0
LINE
8
BLACK
6
CONTINUOUS
10
1.7837207086614173
20
1.890932401574803
11
1.7834727165354329
21
1.8907762992125985
0
LINE
8
BLACK
6
CONTINUOUS
10
1.7834727165354329
20
1.8907762992125985
11
1.7797231889763778
21
1.8889015354330709
0
LINE
8
BLACK
6
CONTINUOUS
10
1.7797231889763778
20
1.8889015354330709
11
1.779182559055118
21
1.8886946456692912
0
LINE
8
BLACK
6
CONTINUOUS
10
1.779182559055118
20
1.8886946456692912
11
1.7790767322834646
21
1.8886871653543307
0
LINE
8
BLACK
6
CONTINUOUS
10
1.7790767322834646
20
1.8886871653543307
11
1.7789787401574804
21
1.8886465354330708
0
LINE
8
BLACK
6
CONTINUOUS
10
1.7789787401574804
20
1.8886465354330708
11
1.7784026771653543
21
1.8885898031496062
0
LINE
8
BLACK
6
CONTINUOUS
10
1.7784026771653543
20
1.8885898031496062
11
1.7709036220472441
21
1.8885898031496062
0
LINE
8
BLACK
6
CONTINUOUS
10
1.7709036220472441
20
1.8885898031496062
11
1.770327559055118
21
1.8886465354330708
0
LINE
8
BLACK
6
CONTINUOUS
10
1.770327559055118
20
1.8886465354330708
11
1.7702295669291339
21
1.8886871259842519
0
LINE
8
BLACK
6
CONTINUOUS
10
1.7702295669291339
20
1.8886871259842519
11
1.7701237007874016
21
1.8886946456692912
0
LINE
8
BLACK
6
CONTINUOUS
10
1.7701237007874016
20
1.8886946456692912
11
1.7695831102362205
21
1.8889015354330709
0
LINE
8
BLACK
6
CONTINUOUS
10
1.7695831102362205
20
1.8889015354330709
11
1.7658335826771654
21
1.8907762992125985
0
LINE
8
BLACK
6
CONTINUOUS
10
1.7658335826771654
20
1.8907762992125985
11
1.7655855511811023
21
1.890932401574803
0
LINE
8
BLACK
6
CONTINUOUS
10
1.7655855511811023
20
1.890932401574803
11
1.765513622047244
21
1.8909622047244095
0
LINE
8
BLACK
6
CONTINUOUS
10
1.765513622047244
20
1.8909622047244095
11
1.7654326377952756
21
1.8910286614173228
0
LINE
8
BLACK
6
CONTINUOUS
10
1.7654326377952756
20
1.8910286614173228
11
1.7653437007874015
21
1.8910846456692914
0
LINE
8
BLACK
6
CONTINUOUS
10
1.7653437007874015
20
1.8910846456692914
11
1.7652924803149606
21
1.8911437007874015
0
LINE
8
BLACK
6
CONTINUOUS
10
1.7652924803149606
20
1.8911437007874015
11
1.7650661417322835
21
1.8913294488188976
0
LINE
8
BLACK
6
CONTINUOUS
10
1.7650661417322835
20
1.8913294488188976
11
1.7631913779527559
21
1.8932042519685039
0
LINE
8
BLACK
6
CONTINUOUS
10
1.7631913779527559
20
1.8932042519685039
11
1.7630056299212598
21
1.893430590551181
0
LINE
8
BLACK
6
CONTINUOUS
10
1.7630056299212598
20
1.893430590551181
11
1.7629466535433072
21
1.8934817322834645
0
LINE
8
BLACK
6
CONTINUOUS
10
1.7629466535433072
20
1.8934817322834645
11
1.7628906692913386
21
1.8935706692913385
0
LINE
8
BLACK
6
CONTINUOUS
10
1.7628906692913386
20
1.8935706692913385
11
1.7628241732283465
21
1.8936516929133858
0
LINE
8
BLACK
6
CONTINUOUS
10
1.7628241732283465
20
1.8936516929133858
11
1.7627943307086613
21
1.8937237401574802
0
LINE
8
BLACK
6
CONTINUOUS
10
1.7627943307086613
20
1.8937237401574802
11
1.7626383070866141
21
1.8939716141732283
0
LINE
8
BLACK
6
CONTINUOUS
10
1.7626383070866141
20
1.8939716141732283
11
1.7607635433070865
21
1.8977211417322835
0
LINE
8
BLACK
6
CONTINUOUS
10
1.7607635433070865
20
1.8977211417322835
11
1.760556653543307
21
1.8982617716535433
0
LINE
8
BLACK
6
CONTINUOUS
10
1.760556653543307
20
1.8982617716535433
11
1.7605491338582677
21
1.8983675984251969
0
LINE
8
BLACK
6
CONTINUOUS
10
1.7605491338582677
20
1.8983675984251969
11
1.7605085433070866
21
1.8984655905511811
0
LINE
8
BLACK
6
CONTINUOUS
10
1.7605085433070866
20
1.8984655905511811
11
1.760451811023622
21
1.899041653543307
0
LINE
8
BLACK
6
CONTINUOUS
10
1.760451811023622
20
1.899041653543307
11
1.760451811023622
21
1.9309126377952754
0
LINE
8
BLACK
6
CONTINUOUS
10
1.760451811023622
20
1.9309126377952754
11
1.7605085433070866
21
1.9314887007874015
0
LINE
8
BLACK
6
CONTINUOUS
10
1.7605085433070866
20
1.9314887007874015
11
1.7609494488188977
21
1.9325531102362203
0
LINE
8
BLACK
6
CONTINUOUS
10
1.7609494488188977
20
1.9325531102362203
11
1.7617640944881889
21
1.9333677559055118
0
LINE
8
BLACK
6
CONTINUOUS
10
1.7617640944881889
20
1.9333677559055118
11
1.7628285039370077
21
1.9338086614173229
0
LINE
8
BLACK
6
CONTINUOUS
10
1.7628285039370077
20
1.9338086614173229
11
1.7639806299212597
21
1.9338086614173229
0
LINE
8
BLACK
6
CONTINUOUS
10
1.7639806299212597
20
1.9338086614173229
11
1.7650450393700787
21
1.9333677559055118
0
LINE
8
BLACK
6
CONTINUOUS
10
0.7504931102362205
20
1.8933241338582676
11
0.7517715354330708
21
1.8920457086614173
0
LINE
8
BLACK
6
CONTINUOUS
10
0.7517715354330708
20
1.8920457086614173
11
0.7517715354330708
21
1.8902377559055117
0
LINE
8
BLACK
6
CONTINUOUS
10
0.7517715354330708
20
1.8902377559055117
11
0.7504931102362205
21
1.8889593307086614
0
LINE
8
BLACK
6
CONTINUOUS
10
0.7504931102362205
20
1.8889593307086614
11
0.7495891338582678
21
1.8887795275590551
0
LINE
8
BLACK
6
CONTINUOUS
10
0.7495891338582678
20
1.8887795275590551
11
0.7317100787401575
21
1.8887795275590551
0
LINE
8
BLACK
6
CONTINUOUS
10
0.7317100787401575
20
1.8887795275590551
11
0.7308061023622047
21
1.8889593307086614
0
LINE
8
BLACK
6
CONTINUOUS
10
0.7308061023622047
20
1.8889593307086614
11
0.7295276771653543
21
1.8902377559055117
0
LINE
8
BLACK
6
CONTINUOUS
10
0.7295276771653543
20
1.8902377559055117
11
0.7295276771653543
21
1.8920457086614173
0
LINE
8
BLACK
6
CONTINUOUS
10
0.7295276771653543
20
1.8920457086614173
11
0.7308061023622047
21
1.8933241338582676
0
LINE
8
BLACK
6
CONTINUOUS
10
0.7308061023622047
20
1.8933241338582676
11
0.7317100787401575
21
1.8935039370078739
0
LINE
8
BLACK
6
CONTINUOUS
10
0.7317100787401575
20
1.8935039370078739
11
0.7495891338582678
21
1.8935039370078739
0
LINE
8
BLACK
6
CONTINUOUS
10
0.7495891338582678
20
1.8935039370078739
11
0.7504931102362205
21
1.8933241338582676
0
LINE
8
BLACK
6
CONTINUOUS
10
0.9024296456692913
20
1.8972611417322833
11
0.9037080708661417
21
1.895982716535433
0
LINE
8
BLACK
6
CONTINUOUS
10
0.9037080708661417
20
1.895982716535433
11
0.9037080708661417
21
1.8941747637795274
0
LINE
8
BLACK
6
CONTINUOUS
10
0.9037080708661417
20
1.8941747637795274
11
0.9024296456692913
21
1.8928963385826771
0
LINE
8
BLACK
6
CONTINUOUS
10
0.9024296456692913
20
1.8928963385826771
11
0.9015256692913386
21
1.8927165354330708
0
LINE
8
BLACK
6
CONTINUOUS
10
0.9015256692913386
20
1.8927165354330708
11
0.8809545669291339
21
1.8927165354330708
0
LINE
8
BLACK
6
CONTINUOUS
10
0.8809545669291339
20
1.8927165354330708
11
0.8800505905511811
21
1.8928963385826771
0
LINE
8
BLACK
6
CONTINUOUS
10
0.8800505905511811
20
1.8928963385826771
11
0.8787721653543307
21
1.8941747637795274
0
LINE
8
BLACK
6
CONTINUOUS
10
0.8787721653543307
20
1.8941747637795274
11
0.8787721653543307
21
1.895982716535433
0
LINE
8
BLACK
6
CONTINUOUS
10
0.8787721653543307
20
1.895982716535433
11
0.8800505905511811
21
1.8972611417322833
0
LINE
8
BLACK
6
CONTINUOUS
10
0.8800505905511811
20
1.8972611417322833
11
0.8809545669291339
21
1.8974409448818896
0
LINE
8
BLACK
6
CONTINUOUS
10
0.8809545669291339
20
1.8974409448818896
11
0.9015256692913386
21
1.8974409448818896
0
LINE
8
BLACK
6
CONTINUOUS
10
0.9015256692913386
20
1.8974409448818896
11
0.9024296456692913
21
1.8972611417322833
0
LINE
8
BLACK
6
CONTINUOUS
10
0.7249855118110236
20
2.1013212204724407
11
0.7260499212598425
21
2.1008803149606297
0
LINE
8
BLACK
6
CONTINUOUS
10
0.7260499212598425
20
2.1008803149606297
11
0.7268645669291338
21
2.1000656692913386
0
LINE
8
BLACK
6
CONTINUOUS
10
0.7268645669291338
20
2.1000656692913386
11
0.7273054724409449
21
2.0990012598425198
0
LINE
8
BLACK
6
CONTINUOUS
10
0.7273054724409449
20
2.0990012598425198
11
0.7273622047244094
21
2.0984251968503935
0
LINE
8
BLACK
6
CONTINUOUS
10
0.7273622047244094
20
2.0984251968503935
11
0.7273622047244094
21
1.9350393700787401
0
LINE
8
BLACK
6
CONTINUOUS
10
0.7273622047244094
20
1.9350393700787401
11
0.7273054724409449
21
1.9344633070866142
0
LINE
8
BLACK
6
CONTINUOUS
10
0.7273054724409449
20
1.9344633070866142
11
0.7268645669291338
21
1.9333988976377952
0
LINE
8
BLACK
6
CONTINUOUS
10
0.7268645669291338
20
1.9333988976377952
11
0.7260499212598425
21
1.9325842519685039
0
LINE
8
BLACK
6
CONTINUOUS
10
0.7260499212598425
20
1.9325842519685039
11
0.7249855118110236
21
1.9321433464566928
0
LINE
8
BLACK
6
CONTINUOUS
10
0.7249855118110236
20
1.9321433464566928
11
0.7238333858267716
21
1.9321433464566928
0
LINE
8
BLACK
6
CONTINUOUS
10
0.7238333858267716
20
1.9321433464566928
11
0.7227689763779528
21
1.9325842519685039
0
LINE
8
BLACK
6
CONTINUOUS
10
0.7227689763779528
20
1.9325842519685039
11
0.7219543307086614
21
1.9333988976377952
0
LINE
8
BLACK
6
CONTINUOUS
10
0.7219543307086614
20
1.9333988976377952
11
0.7215134251968504
21
1.9344633070866142
0
LINE
8
BLACK
6
CONTINUOUS
10
0.7215134251968504
20
1.9344633070866142
11
0.7214566929133858
21
1.9350393700787401
0
LINE
8
BLACK
6
CONTINUOUS
10
0.7214566929133858
20
1.9350393700787401
11
0.7214566929133858
21
2.0954724409448819
0
LINE
8
BLACK
6
CONTINUOUS
10
0.7214566929133858
20
2.0954724409448819
11
0.6328740157480315
21
2.0954724409448819
0
LINE
8
BLACK
6
CONTINUOUS
10
0.6328740157480315
20
2.0954724409448819
11
0.6328740157480315
21
1.9350393700787401
0
LINE
8
BLACK
6
CONTINUOUS
10
0.6328740157480315
20
1.9350393700787401
11
0.6328172834645669
21
1.9344633070866142
0
LINE
8
BLACK
6
CONTINUOUS
10
0.6328172834645669
20
1.9344633070866142
11
0.6323763779527559
21
1.9333988976377952
0
LINE
8
BLACK
6
CONTINUOUS
10
0.6323763779527559
20
1.9333988976377952
11
0.6315617322834646
21
1.9325842519685039
0
LINE
8
BLACK
6
CONTINUOUS
10
0.6315617322834646
20
1.9325842519685039
11
0.6304973228346457
21
1.9321433464566928
0
LINE
8
BLACK
6
CONTINUOUS
10
0.6304973228346457
20
1.9321433464566928
11
0.6293451968503937
21
1.9321433464566928
0
LINE
8
BLACK
6
CONTINUOUS
10
0.6293451968503937
20
1.9321433464566928
11
0.6292322440944882
21
1.9321901574803149
0
LINE
8
BLACK
6
CONTINUOUS
10
0.6292322440944882
20
1.9321901574803149
11
0.6292322440944882
21
1.8999999999999999
0
LINE
8
BLACK
6
CONTINUOUS
10
0.6292322440944882
20
1.8999999999999999
11
0.6290524409448819
21
1.8990960236220471
0
LINE
8
BLACK
6
CONTINUOUS
10
0.6290524409448819
20
1.8990960236220471
11
0.6277740157480315
21
1.8978175984251968
0
LINE
8
BLACK
6
CONTINUOUS
10
0.6277740157480315
20
1.8978175984251968
11
0.625966062992126
21
1.8978175984251968
0
LINE
8
BLACK
6
CONTINUOUS
10
0.625966062992126
20
1.8978175984251968
11
0.6246876377952756
21
1.8990960236220471
0
LINE
8
BLACK
6
CONTINUOUS
10
0.6246876377952756
20
1.8990960236220471
11
0.6245078346456693
21
1.8999999999999999
0
LINE
8
BLACK
6
CONTINUOUS
10
0.6245078346456693
20
1.8999999999999999
11
0.6245078346456693
21
1.9370078740157479
0
LINE
8
BLACK
6
CONTINUOUS
10
0.6245078346456693
20
1.9370078740157479
11
0.5693114173228346
21
1.9370078740157479
0
LINE
8
BLACK
6
CONTINUOUS
10
0.5693114173228346
20
1.9370078740157479
11
0.5692099212598425
21
1.9364975984251969
0
LINE
8
BLACK
6
CONTINUOUS
10
0.5692099212598425
20
1.9364975984251969
11
0.5679314960629921
21
1.9352191732283464
0
LINE
8
BLACK
6
CONTINUOUS
10
0.5679314960629921
20
1.9352191732283464
11
0.5661235433070866
21
1.9352191732283464
0
LINE
8
BLACK
6
CONTINUOUS
10
0.5661235433070866
20
1.9352191732283464
11
0.5648451181102362
21
1.9364975984251969
0
LINE
8
BLACK
6
CONTINUOUS
10
0.5648451181102362
20
1.9364975984251969
11
0.5646653149606299
21
1.9374015748031497
0
LINE
8
BLACK
6
CONTINUOUS
10
0.5646653149606299
20
1.9374015748031497
11
0.5646653149606299
21
1.9393700787401575
0
LINE
8
BLACK
6
CONTINUOUS
10
0.5646653149606299
20
1.9393700787401575
11
0.5648451181102362
21
1.9402740551181101
0
LINE
8
BLACK
6
CONTINUOUS
10
0.5648451181102362
20
1.9402740551181101
11
0.5661235433070866
21
1.9415524803149606
0
LINE
8
BLACK
6
CONTINUOUS
10
0.5661235433070866
20
1.9415524803149606
11
0.5670275196850394
21
1.9417322834645669
0
LINE
8
BLACK
6
CONTINUOUS
10
0.5670275196850394
20
1.9417322834645669
11
0.6268700393700787
21
1.9417322834645669
0
LINE
8
BLACK
6
CONTINUOUS
10
0.6268700393700787
20
1.9417322834645669
11
0.6269685039370079
21
1.9417127165354331
0
LINE
8
BLACK
6
CONTINUOUS
10
0.6269685039370079
20
1.9417127165354331
11
0.6269685039370079
21
2.0984251968503935
0
LINE
8
BLACK
6
CONTINUOUS
10
0.6269685039370079
20
2.0984251968503935
11
0.6270252362204725
21
2.0990012598425198
0
LINE
8
BLACK
6
CONTINUOUS
10
0.6270252362204725
20
2.0990012598425198
11
0.6274661417322834
21
2.1000656692913386
0
LINE
8
BLACK
6
CONTINUOUS
10
0.6274661417322834
20
2.1000656692913386
11
0.6282807874015748
21
2.1008803149606297
0
LINE
8
BLACK
6
CONTINUOUS
10
0.6282807874015748
20
2.1008803149606297
11
0.6293451968503937
21
2.1013212204724407
0
LINE
8
BLACK
6
CONTINUOUS
10
0.6293451968503937
20
2.1013212204724407
11
0.6299212598425197
21
2.1013779527559056
0
LINE
8
BLACK
6
CONTINUOUS
10
0.6299212598425197
20
2.1013779527559056
11
0.7244094488188976
21
2.1013779527559056
0
LINE
8
BLACK
6
CONTINUOUS
10
0.7244094488188976
20
2.1013779527559056
11
0.7249855118110236
21
2.1013212204724407
0
LINE
8
BLACK
6
CONTINUOUS
10
2.0803806299212599
20
2.0674157480314959
11
2.081195275590551
21
2.0666011023622048
0
LINE
8
BLACK
6
CONTINUOUS
10
2.081195275590551
20
2.0666011023622048
11
2.081636181102362
21
2.0655366929133856
0
LINE
8
BLACK
6
CONTINUOUS
10
2.081636181102362
20
2.0655366929133856
11
2.0816929133858268
21
2.0649606299212597
0
LINE
8
BLACK
6
CONTINUOUS
10
2.0816929133858268
20
2.0649606299212597
11
2.0816929133858268
21
1.9045275590551181
0
LINE
8
BLACK
6
CONTINUOUS
10
2.0816929133858268
20
1.9045275590551181
11
2.170275590551181
21
1.9045275590551181
0
LINE
8
BLACK
6
CONTINUOUS
10
2.170275590551181
20
1.9045275590551181
11
2.170275590551181
21
2.0649606299212597
0
LINE
8
BLACK
6
CONTINUOUS
10
2.170275590551181
20
2.0649606299212597
11
2.1703323228346458
21
2.0655366929133856
0
LINE
8
BLACK
6
CONTINUOUS
10
2.1703323228346458
20
2.0655366929133856
11
2.1707732283464565
21
2.0666011023622048
0
LINE
8
BLACK
6
CONTINUOUS
10
2.1707732283464565
20
2.0666011023622048
11
2.1715878740157479
21
2.0674157480314959
0
LINE
8
BLACK
6
CONTINUOUS
10
2.1715878740157479
20
2.0674157480314959
11
2.1726522834645667
21
2.0678566535433069
0
LINE
8
BLACK
6
CONTINUOUS
10
2.1726522834645667
20
2.0678566535433069
11
2.1738044094488189
21
2.0678566535433069
0
LINE
8
BLACK
6
CONTINUOUS
10
2.1738044094488189
20
2.0678566535433069
11
2.1748688188976377
21
2.0674157480314959
0
LINE
8
BLACK
6
CONTINUOUS
10
2.1748688188976377
20
2.0674157480314959
11
2.1756834645669292
21
2.0666011023622048
0
LINE
8
BLACK
6
CONTINUOUS
10
2.1756834645669292
20
2.0666011023622048
11
2.1761243700787403
21
2.0655366929133856
0
LINE
8
BLACK
6
CONTINUOUS
10
2.1761243700787403
20
2.0655366929133856
11
2.1761811023622046
21
2.0649606299212597
0
LINE
8
BLACK
6
CONTINUOUS
10
2.1761811023622046
20
2.0649606299212597
11
2.1761811023622046
21
1.9015748031496063
0
LINE
8
BLACK
6
CONTINUOUS
10
2.1761811023622046
20
1.9015748031496063
11
2.1761243700787403
21
1.9009987401574804
0
LINE
8
BLACK
6
CONTINUOUS
10
2.1761243700787403
20
1.9009987401574804
11
2.1756834645669292
21
1.8999343307086614
0
LINE
8
BLACK
6
CONTINUOUS
10
2.1756834645669292
20
1.8999343307086614
11
2.1748688188976377
21
1.8991196850393701
0
LINE
8
BLACK
6
CONTINUOUS
10
2.1748688188976377
20
1.8991196850393701
11
2.1738044094488189
21
1.898678779527559
0
LINE
8
BLACK
6
CONTINUOUS
10
2.1738044094488189
20
1.898678779527559
11
2.173228346456693
21
1.8986220472440944
0
LINE
8
BLACK
6
CONTINUOUS
10
2.173228346456693
20
1.8986220472440944
11
2.0787401574803148
21
1.8986220472440944
0
LINE
8
BLACK
6
CONTINUOUS
10
2.0787401574803148
20
1.8986220472440944
11
2.078164094488189
21
1.898678779527559
0
LINE
8
BLACK
6
CONTINUOUS
10
2.078164094488189
20
1.898678779527559
11
2.0770996850393701
21
1.8991196850393701
0
LINE
8
BLACK
6
CONTINUOUS
10
2.0770996850393701
20
1.8991196850393701
11
2.0762850393700787
21
1.8999343307086614
0
LINE
8
BLACK
6
CONTINUOUS
10
2.0762850393700787
20
1.8999343307086614
11
2.0758441338582676
21
1.9009987401574804
0
LINE
8
BLACK
6
CONTINUOUS
10
2.0758441338582676
20
1.9009987401574804
11
2.0757874015748032
21
1.9015748031496063
0
LINE
8
BLACK
6
CONTINUOUS
10
2.0757874015748032
20
1.9015748031496063
11
2.0757874015748032
21
2.0649606299212597
0
LINE
8
BLACK
6
CONTINUOUS
10
2.0757874015748032
20
2.0649606299212597
11
2.0758441338582676
21
2.0655366929133856
0
LINE
8
BLACK
6
CONTINUOUS
10
2.0758441338582676
20
2.0655366929133856
11
2.0762850393700787
21
2.0666011023622048
0
LINE
8
BLACK
6
CONTINUOUS
10
2.0762850393700787
20
2.0666011023622048
11
2.0770996850393701
21
2.0674157480314959
0
LINE
8
BLACK
6
CONTINUOUS
10
2.0770996850393701
20
2.0674157480314959
11
2.078164094488189
21
2.0678566535433069
0
LINE
8
BLACK
6
CONTINUOUS
10
2.078164094488189
20
2.0678566535433069
11
2.0793162204724407
21
2.0678566535433069
0
LINE
8
BLACK
6
CONTINUOUS
10
2.0793162204724407
20
2.0678566535433069
11
2.0803806299212599
21
2.0674157480314959
0
LINE
8
BLACK
6
CONTINUOUS
10
0.8400600393700787
20
1.9181272834645668
11
0.8413384645669291
21
1.9168488582677166
0
LINE
8
BLACK
6
CONTINUOUS
10
0.8413384645669291
20
1.9168488582677166
11
0.8413384645669291
21
1.9150409055118109
0
LINE
8
BLACK
6
CONTINUOUS
10
0.8413384645669291
20
1.9150409055118109
11
0.8400600393700787
21
1.9137624803149607
0
LINE
8
BLACK
6
CONTINUOUS
10
0.8400600393700787
20
1.9137624803149607
11
0.839156062992126
21
1.9135826771653544
0
LINE
8
BLACK
6
CONTINUOUS
10
0.839156062992126
20
1.9135826771653544
11
0.8212770078740157
21
1.9135826771653544
0
LINE
8
BLACK
6
CONTINUOUS
10
0.8212770078740157
20
1.9135826771653544
11
0.820373031496063
21
1.9137624803149607
0
LINE
8
BLACK
6
CONTINUOUS
10
0.820373031496063
20
1.9137624803149607
11
0.8190946062992126
21
1.9150409055118109
0
LINE
8
BLACK
6
CONTINUOUS
10
0.8190946062992126
20
1.9150409055118109
11
0.8190946062992126
21
1.9168488582677166
0
LINE
8
BLACK
6
CONTINUOUS
10
0.8190946062992126
20
1.9168488582677166
11
0.820373031496063
21
1.9181272834645668
0
LINE
8
BLACK
6
CONTINUOUS
10
0.820373031496063
20
1.9181272834645668
11
0.8212770078740157
21
1.9183070866141732
0
LINE
8
BLACK
6
CONTINUOUS
10
0.8212770078740157
20
1.9183070866141732
11
0.839156062992126
21
1.9183070866141732
0
LINE
8
BLACK
6
CONTINUOUS
10
0.839156062992126
20
1.9183070866141732
11
0.8400600393700787
21
1.9181272834645668
0
LINE
8
BLACK
6
CONTINUOUS
10
1.9211215354330708
20
1.9998304330708661
11
1.9219361811023621
21
1.9990157874015748
0
LINE
8
BLACK
6
CONTINUOUS
10
1.9219361811023621
20
1.9990157874015748
11
1.9223770866141732
21
1.9979513779527558
0
LINE
8
BLACK
6
CONTINUOUS
10
1.9223770866141732
20
1.9979513779527558
11
1.9224338188976378
21
1.9973753149606299
0
LINE
8
BLACK
6
CONTINUOUS
10
1.9224338188976378
20
1.9973753149606299
11
1.9224338188976378
21
1.9756066141732282
0
LINE
8
BLACK
6
CONTINUOUS
10
1.9224338188976378
20
1.9756066141732282
11
1.9576879921259842
21
1.9907155118110236
0
LINE
8
BLACK
6
CONTINUOUS
10
1.9576879921259842
20
1.9907155118110236
11
1.9582398031496062
21
1.9908902755905511
0
LINE
8
BLACK
6
CONTINUOUS
10
1.9582398031496062
20
1.9908902755905511
11
1.9593918503937007
21
1.9909043307086614
0
LINE
8
BLACK
6
CONTINUOUS
10
1.9593918503937007
20
1.9909043307086614
11
1.9604615354330708
21
1.9904764566929134
0
LINE
8
BLACK
6
CONTINUOUS
10
1.9604615354330708
20
1.9904764566929134
11
1.961286062992126
21
1.9896717716535433
0
LINE
8
BLACK
6
CONTINUOUS
10
1.961286062992126
20
1.9896717716535433
11
1.9617399212598425
21
1.9886127952755905
0
LINE
8
BLACK
6
CONTINUOUS
10
1.9617399212598425
20
1.9886127952755905
11
1.961753937007874
21
1.9874607874015748
0
LINE
8
BLACK
6
CONTINUOUS
10
1.961753937007874
20
1.9874607874015748
11
1.9613260629921259
21
1.9863911023622047
0
LINE
8
BLACK
6
CONTINUOUS
10
1.9613260629921259
20
1.9863911023622047
11
1.9605214173228347
21
1.9855665354330707
0
LINE
8
BLACK
6
CONTINUOUS
10
1.9605214173228347
20
1.9855665354330707
11
1.9600142913385827
21
1.9852874803149605
0
LINE
8
BLACK
6
CONTINUOUS
10
1.9600142913385827
20
1.9852874803149605
11
1.9206442125984251
21
1.9684146062992125
0
LINE
8
BLACK
6
CONTINUOUS
10
1.9206442125984251
20
1.9684146062992125
11
1.9200923622047243
21
1.968239842519685
0
LINE
8
BLACK
6
CONTINUOUS
10
1.9200923622047243
20
1.968239842519685
11
1.9200740551181101
21
1.9682396456692912
0
LINE
8
BLACK
6
CONTINUOUS
10
1.9200740551181101
20
1.9682396456692912
11
1.9200571259842518
21
1.9682325984251967
0
LINE
8
BLACK
6
CONTINUOUS
10
1.9200571259842518
20
1.9682325984251967
11
1.9194986220472441
21
1.9682325984251967
0
LINE
8
BLACK
6
CONTINUOUS
10
1.9194986220472441
20
1.9682325984251967
11
1.9189403543307086
21
1.9682257874015747
0
LINE
8
BLACK
6
CONTINUOUS
10
1.9189403543307086
20
1.9682257874015747
11
1.9189233464566928
21
1.9682325984251967
0
LINE
8
BLACK
6
CONTINUOUS
10
1.9189233464566928
20
1.9682325984251967
11
1.9189049999999999
21
1.9682325984251967
0
LINE
8
BLACK
6
CONTINUOUS
10
1.9189049999999999
20
1.9682325984251967
11
1.9183896456692913
21
1.9684460629921259
0
LINE
8
BLACK
6
CONTINUOUS
10
1.9183896456692913
20
1.9684460629921259
11
1.9178706692913385
21
1.9686536614173229
0
LINE
8
BLACK
6
CONTINUOUS
10
1.9178706692913385
20
1.9686536614173229
11
1.9178575196850394
21
1.968666496062992
0
LINE
8
BLACK
6
CONTINUOUS
10
1.9178575196850394
20
1.968666496062992
11
1.9178405905511811
21
1.9686735039370078
0
LINE
8
BLACK
6
CONTINUOUS
10
1.9178405905511811
20
1.9686735039370078
11
1.9174461023622047
21
1.9690679921259842
0
LINE
8
BLACK
6
CONTINUOUS
10
1.9174461023622047
20
1.9690679921259842
11
1.9170461023622047
21
1.9694583464566928
0
LINE
8
BLACK
6
CONTINUOUS
10
1.9170461023622047
20
1.9694583464566928
11
1.9170388582677165
21
1.9694752362204724
0
LINE
8
BLACK
6
CONTINUOUS
10
1.9170388582677165
20
1.9694752362204724
11
1.9170259448818898
21
1.9694881496062993
0
LINE
8
BLACK
6
CONTINUOUS
10
1.9170259448818898
20
1.9694881496062993
11
1.9168122834645669
21
1.9700039370078739
0
LINE
8
BLACK
6
CONTINUOUS
10
1.9168122834645669
20
1.9700039370078739
11
1.9165922834645668
21
1.9705173228346455
0
LINE
8
BLACK
6
CONTINUOUS
10
1.9165922834645668
20
1.9705173228346455
11
1.9165920472440945
21
1.9705356299212597
0
LINE
8
BLACK
6
CONTINUOUS
10
1.9165920472440945
20
1.9705356299212597
11
1.9165850393700787
21
1.9705525590551181
0
LINE
8
BLACK
6
CONTINUOUS
10
1.9165850393700787
20
1.9705525590551181
11
1.9165283070866141
21
1.9711286220472441
0
LINE
8
BLACK
6
CONTINUOUS
10
1.9165283070866141
20
1.9711286220472441
11
1.9165283070866141
21
1.9973753149606299
0
LINE
8
BLACK
6
CONTINUOUS
10
1.9165283070866141
20
1.9973753149606299
11
1.9165850393700787
21
1.9979513779527558
0
LINE
8
BLACK
6
CONTINUOUS
10
1.9165850393700787
20
1.9979513779527558
11
1.9170259448818898
21
1.9990157874015748
0
LINE
8
BLACK
6
CONTINUOUS
10
1.9170259448818898
20
1.9990157874015748
11
1.9178405905511811
21
1.9998304330708661
0
LINE
8
BLACK
6
CONTINUOUS
10
1.9178405905511811
20
1.9998304330708661
11
1.9189049999999999
21
2.0002713385826771
0
LINE
8
BLACK
6
CONTINUOUS
10
1.9189049999999999
20
2.0002713385826771
11
1.9200571259842518
21
2.0002713385826771
0
LINE
8
BLACK
6
CONTINUOUS
10
1.9200571259842518
20
2.0002713385826771
11
1.9211215354330708
21
1.9998304330708661
0
LINE
8
BLACK
6
CONTINUOUS
10
2.0285074409448818
20
1.9983965748031496
11
2.0289809842519686
21
1.9983965748031496
0
LINE
8
BLACK
6
CONTINUOUS
10
2.0289809842519686
20
1.9983965748031496
11
2.0290790551181104
21
1.9983559448818897
0
LINE
8
BLACK
6
CONTINUOUS
10
2.0290790551181104
20
1.9983559448818897
11
2.0291848031496063
21
1.9983484251968504
0
LINE
8
BLACK
6
CONTINUOUS
10
2.0291848031496063
20
1.9983484251968504
11
2.0296079133858269
21
1.9981368897637795
0
LINE
8
BLACK
6
CONTINUOUS
10
2.0296079133858269
20
1.9981368897637795
11
2.0300453937007874
21
1.9979556692913385
0
LINE
8
BLACK
6
CONTINUOUS
10
2.0300453937007874
20
1.9979556692913385
11
2.0301203937007872
21
1.9978806692913385
0
LINE
8
BLACK
6
CONTINUOUS
10
2.0301203937007872
20
1.9978806692913385
11
2.0302152755905509
21
1.9978332283464566
0
LINE
8
BLACK
6
CONTINUOUS
10
2.0302152755905509
20
1.9978332283464566
11
2.0305252755905512
21
1.9974757874015747
0
LINE
8
BLACK
6
CONTINUOUS
10
2.0305252755905512
20
1.9974757874015747
11
2.0308600393700789
21
1.9971410236220473
0
LINE
8
BLACK
6
CONTINUOUS
10
2.0308600393700789
20
1.9971410236220473
11
2.03090062992126
21
1.9970429921259842
0
LINE
8
BLACK
6
CONTINUOUS
10
2.03090062992126
20
1.9970429921259842
11
2.030970157480315
21
1.9969628346456691
0
LINE
8
BLACK
6
CONTINUOUS
10
2.030970157480315
20
1.9969628346456691
11
2.0311197637795275
21
1.9965140157480314
0
LINE
8
BLACK
6
CONTINUOUS
10
2.0311197637795275
20
1.9965140157480314
11
2.0313009448818895
21
1.9960766141732282
0
LINE
8
BLACK
6
CONTINUOUS
10
2.0313009448818895
20
1.9960766141732282
11
2.0313157480314961
21
1.9959259842519685
0
LINE
8
BLACK
6
CONTINUOUS
10
2.0313157480314961
20
1.9959259842519685
11
2.0313344881889766
21
1.995869842519685
0
LINE
8
BLACK
6
CONTINUOUS
10
2.0313344881889766
20
1.995869842519685
11
2.0313289370078738
21
1.9957921259842519
0
LINE
8
BLACK
6
CONTINUOUS
10
2.0313289370078738
20
1.9957921259842519
11
2.0313576771653543
21
1.9955005511811024
0
LINE
8
BLACK
6
CONTINUOUS
10
2.0313576771653543
20
1.9955005511811024
11
2.0313576771653543
21
1.9797056692913386
0
LINE
8
BLACK
6
CONTINUOUS
10
2.0313576771653543
20
1.9797056692913386
11
2.0415283070866139
21
1.9797056692913386
0
LINE
8
BLACK
6
CONTINUOUS
10
2.0415283070866139
20
1.9797056692913386
11
2.0421043700787402
21
1.979648937007874
0
LINE
8
BLACK
6
CONTINUOUS
10
2.0421043700787402
20
1.979648937007874
11
2.043168779527559
21
1.9792080314960629
0
LINE
8
BLACK
6
CONTINUOUS
10
2.043168779527559
20
1.9792080314960629
11
2.0439834251968505
21
1.9783933858267717
0
LINE
8
BLACK
6
CONTINUOUS
10
2.0439834251968505
20
1.9783933858267717
11
2.0444243307086616
21
1.9773289763779527
0
LINE
8
BLACK
6
CONTINUOUS
10
2.0444243307086616
20
1.9773289763779527
11
2.0444243307086616
21
1.9761768503937007
0
LINE
8
BLACK
6
CONTINUOUS
10
2.0444243307086616
20
1.9761768503937007
11
2.0439834251968505
21
1.9751124409448819
0
LINE
8
BLACK
6
CONTINUOUS
10
2.0439834251968505
20
1.9751124409448819
11
2.043168779527559
21
1.9742977952755905
0
LINE
8
BLACK
6
CONTINUOUS
10
2.043168779527559
20
1.9742977952755905
11
2.0421043700787402
21
1.9738568897637794
0
LINE
8
BLACK
6
CONTINUOUS
10
2.0421043700787402
20
1.9738568897637794
11
2.0415283070866139
21
1.973800157480315
0
LINE
8
BLACK
6
CONTINUOUS
10
2.0415283070866139
20
1.973800157480315
11
2.0313576771653543
21
1.973800157480315
0
LINE
8
BLACK
6
CONTINUOUS
10
2.0313576771653543
20
1.973800157480315
11
2.0313576771653543
21
1.9711286220472441
0
LINE
8
BLACK
6
CONTINUOUS
10
2.0313576771653543
20
1.9711286220472441
11
2.0313009448818895
21
1.9705525590551181
0
LINE
8
BLACK
6
CONTINUOUS
10
2.0313009448818895
20
1.9705525590551181
11
2.0308600393700789
21
1.9694881496062993
0
LINE
8
BLACK
6
CONTINUOUS
10
2.0308600393700789
20
1.9694881496062993
11
2.0300453937007874
21
1.9686735039370078
0
LINE
8
BLACK
6
CONTINUOUS
10
2.0300453937007874
20
1.9686735039370078
11
2.0289809842519686
21
1.9682325984251967
0
LINE
8
BLACK
6
CONTINUOUS
10
2.0289809842519686
20
1.9682325984251967
11
2.0278288582677164
21
1.9682325984251967
0
LINE
8
BLACK
6
CONTINUOUS
10
2.0278288582677164
20
1.9682325984251967
11
2.0267644488188976
21
1.9686735039370078
0
LINE
8
BLACK
6
CONTINUOUS
10
2.0267644488188976
20
1.9686735039370078
11
2.0259498031496062
21
1.9694881496062993
0
LINE
8
BLACK
6
CONTINUOUS
10
2.0259498031496062
20
1.9694881496062993
11
2.0255088976377951
21
1.9705525590551181
0
LINE
8
BLACK
6
CONTINUOUS
10
2.0255088976377951
20
1.9705525590551181
11
2.0254521653543307
21
1.9711286220472441
0
LINE
8
BLACK
6
CONTINUOUS
10
2.0254521653543307
20
1.9711286220472441
11
2.0254521653543307
21
1.973800157480315
0
LINE
8
BLACK
6
CONTINUOUS
10
2.0254521653543307
20
1.973800157480315
11
2.0152815748031494
21
1.973800157480315
0
LINE
8
BLACK
6
CONTINUOUS
10
2.0152815748031494
20
1.973800157480315
11
2.0147055118110235
21
1.9738568897637794
0
LINE
8
BLACK
6
CONTINUOUS
10
2.0147055118110235
20
1.9738568897637794
11
2.0136411023622047
21
1.9742977952755905
0
LINE
8
BLACK
6
CONTINUOUS
10
2.0136411023622047
20
1.9742977952755905
11
2.0128264566929133
21
1.9751124409448819
0
LINE
8
BLACK
6
CONTINUOUS
10
2.0128264566929133
20
1.9751124409448819
11
2.0123855511811022
21
1.9761768503937007
0
LINE
8
BLACK
6
CONTINUOUS
10
2.0123855511811022
20
1.9761768503937007
11
2.0123855511811022
21
1.9773289763779527
0
LINE
8
BLACK
6
CONTINUOUS
10
2.0123855511811022
20
1.9773289763779527
11
2.0128264566929133
21
1.9783933858267717
0
LINE
8
BLACK
6
CONTINUOUS
10
2.0128264566929133
20
1.9783933858267717
11
2.0136411023622047
21
1.9792080314960629
0
LINE
8
BLACK
6
CONTINUOUS
10
2.0136411023622047
20
1.9792080314960629
11
2.0147055118110235
21
1.979648937007874
0
LINE
8
BLACK
6
CONTINUOUS
10
2.0147055118110235
20
1.979648937007874
11
2.0152815748031494
21
1.9797056692913386
0
LINE
8
BLACK
6
CONTINUOUS
10
2.0152815748031494
20
1.9797056692913386
11
2.0254521653543307
21
1.9797056692913386
0
LINE
8
BLACK
6
CONTINUOUS
10
2.0254521653543307
20
1.9797056692913386
11
2.0254521653543307
21
1.9914038582677165
0
LINE
8
BLACK
6
CONTINUOUS
10
2.0254521653543307
20
1.9914038582677165
11
2.0012172047244094
21
1.9833255118110236
0
LINE
8
BLACK
6
CONTINUOUS
10
2.0012172047244094
20
1.9833255118110236
11
2.0006527559055116
21
1.9831971653543308
0
LINE
8
BLACK
6
CONTINUOUS
10
2.0006527559055116
20
1.9831971653543308
11
1.9995035433070865
21
1.9832788582677165
0
LINE
8
BLACK
6
CONTINUOUS
10
1.9995035433070865
20
1.9832788582677165
11
1.9984731102362203
21
1.9837940551181101
0
LINE
8
BLACK
6
CONTINUOUS
10
1.9984731102362203
20
1.9837940551181101
11
1.9977182283464567
21
1.9846644094488188
0
LINE
8
BLACK
6
CONTINUOUS
10
1.9977182283464567
20
1.9846644094488188
11
1.9973538976377951
21
1.9857574409448819
0
LINE
8
BLACK
6
CONTINUOUS
10
1.9973538976377951
20
1.9857574409448819
11
1.9974355905511811
21
1.9869066535433071
0
LINE
8
BLACK
6
CONTINUOUS
10
1.9974355905511811
20
1.9869066535433071
11
1.9979507874015747
21
1.9879370866141732
0
LINE
8
BLACK
6
CONTINUOUS
10
1.9979507874015747
20
1.9879370866141732
11
1.9988211417322834
21
1.988691968503937
0
LINE
8
BLACK
6
CONTINUOUS
10
1.9988211417322834
20
1.988691968503937
11
1.9993497244094487
21
1.9889279527559054
0
LINE
8
BLACK
6
CONTINUOUS
10
1.9993497244094487
20
1.9889279527559054
11
2.0274711417322835
21
1.9983017716535432
0
LINE
8
BLACK
6
CONTINUOUS
10
2.0274711417322835
20
1.9983017716535432
11
2.0277567716535434
21
1.9983667322834646
0
LINE
8
BLACK
6
CONTINUOUS
10
2.0277567716535434
20
1.9983667322834646
11
2.0278288582677164
21
1.9983965748031496
0
LINE
8
BLACK
6
CONTINUOUS
10
2.0278288582677164
20
1.9983965748031496
11
2.0278880708661418
21
1.9983965748031496
0
LINE
8
BLACK
6
CONTINUOUS
10
2.0278880708661418
20
1.9983965748031496
11
2.0280355905511809
21
1.9984301181102362
0
LINE
8
BLACK
6
CONTINUOUS
10
2.0280355905511809
20
1.9984301181102362
11
2.0285074409448818
21
1.9983965748031496
0
LINE
8
BLACK
6
CONTINUOUS
10
0.8400600393700787
20
1.9760012992125984
11
0.8413384645669291
21
1.9747228740157481
0
LINE
8
BLACK
6
CONTINUOUS
10
0.8413384645669291
20
1.9747228740157481
11
0.8413384645669291
21
1.9729149212598425
0
LINE
8
BLACK
6
CONTINUOUS
10
0.8413384645669291
20
1.9729149212598425
11
0.8400600393700787
21
1.9716364960629922
0
LINE
8
BLACK
6
CONTINUOUS
10
0.8400600393700787
20
1.9716364960629922
11
0.839156062992126
21
1.9714566929133859
0
LINE
8
BLACK
6
CONTINUOUS
10
0.839156062992126
20
1.9714566929133859
11
0.8212770078740157
21
1.9714566929133859
0
LINE
8
BLACK
6
CONTINUOUS
10
0.8212770078740157
20
1.9714566929133859
11
0.820373031496063
21
1.9716364960629922
0
LINE
8
BLACK
6
CONTINUOUS
10
0.820373031496063
20
1.9716364960629922
11
0.8190946062992126
21
1.9729149212598425
0
LINE
8
BLACK
6
CONTINUOUS
10
0.8190946062992126
20
1.9729149212598425
11
0.8190946062992126
21
1.9747228740157481
0
LINE
8
BLACK
6
CONTINUOUS
10
0.8190946062992126
20
1.9747228740157481
11
0.820373031496063
21
1.9760012992125984
0
LINE
8
BLACK
6
CONTINUOUS
10
0.820373031496063
20
1.9760012992125984
11
0.8212770078740157
21
1.9761811023622047
0
LINE
8
BLACK
6
CONTINUOUS
10
0.8212770078740157
20
1.9761811023622047
11
0.839156062992126
21
1.9761811023622047
0
LINE
8
BLACK
6
CONTINUOUS
10
0.839156062992126
20
1.9761811023622047
11
0.8400600393700787
21
1.9760012992125984
0
LINE
8
BLACK
6
CONTINUOUS
10
0.8242308661417322
20
2.0322338582677166
11
0.8252952755905512
21
2.0317929527559055
0
LINE
8
BLACK
6
CONTINUOUS
10
0.8252952755905512
20
2.0317929527559055
11
0.8261099212598425
21
2.0309783070866141
0
LINE
8
BLACK
6
CONTINUOUS
10
0.8261099212598425
20
2.0309783070866141
11
0.8265508267716535
21
2.0299138976377953
0
LINE
8
BLACK
6
CONTINUOUS
10
0.8265508267716535
20
2.0299138976377953
11
0.8265508267716535
21
2.0287617716535431
0
LINE
8
BLACK
6
CONTINUOUS
10
0.8265508267716535
20
2.0287617716535431
11
0.8261099212598425
21
2.0276973622047243
0
LINE
8
BLACK
6
CONTINUOUS
10
0.8261099212598425
20
2.0276973622047243
11
0.8252952755905512
21
2.0268827165354328
0
LINE
8
BLACK
6
CONTINUOUS
10
0.8252952755905512
20
2.0268827165354328
11
0.8242308661417322
21
2.0264418110236222
0
LINE
8
BLACK
6
CONTINUOUS
10
0.8242308661417322
20
2.0264418110236222
11
0.8236548031496063
21
2.0263850787401574
0
LINE
8
BLACK
6
CONTINUOUS
10
0.8236548031496063
20
2.0263850787401574
11
0.8057900393700788
21
2.0263850787401574
0
LINE
8
BLACK
6
CONTINUOUS
10
0.8057900393700788
20
2.0263850787401574
11
0.8146283858267717
21
2.0162841338582678
0
LINE
8
BLACK
6
CONTINUOUS
10
0.8146283858267717
20
2.0162841338582678
11
0.8148063779527559
21
2.016035157480315
0
LINE
8
BLACK
6
CONTINUOUS
10
0.8148063779527559
20
2.016035157480315
11
0.8148613385826772
21
2.0159801968503936
0
LINE
8
BLACK
6
CONTINUOUS
10
0.8148613385826772
20
2.0159801968503936
11
0.8148829133858267
21
2.0159281102362203
0
LINE
8
BLACK
6
CONTINUOUS
10
0.8148829133858267
20
2.0159281102362203
11
0.8149650393700787
21
2.0158132283464565
0
LINE
8
BLACK
6
CONTINUOUS
10
0.8149650393700787
20
2.0158132283464565
11
0.8151186220472441
21
2.0153590157480314
0
LINE
8
BLACK
6
CONTINUOUS
10
0.8151186220472441
20
2.0153590157480314
11
0.8153022440944881
21
2.0149157874015748
0
LINE
8
BLACK
6
CONTINUOUS
10
0.8153022440944881
20
2.0149157874015748
11
0.8153022440944881
21
2.0148161811023622
0
LINE
8
BLACK
6
CONTINUOUS
10
0.8153022440944881
20
2.0148161811023622
11
0.8153341338582677
21
2.0147218503937006
0
LINE
8
BLACK
6
CONTINUOUS
10
0.8153341338582677
20
2.0147218503937006
11
0.8153022440944881
21
2.0142433858267714
0
LINE
8
BLACK
6
CONTINUOUS
10
0.8153022440944881
20
2.0142433858267714
11
0.8153022440944881
21
2.0137636614173227
0
LINE
8
BLACK
6
CONTINUOUS
10
0.8153022440944881
20
2.0137636614173227
11
0.8152641338582677
21
2.0136716929133858
0
LINE
8
BLACK
6
CONTINUOUS
10
0.8152641338582677
20
2.0136716929133858
11
0.8152575196850393
21
2.0135723228346456
0
LINE
8
BLACK
6
CONTINUOUS
10
0.8152575196850393
20
2.0135723228346456
11
0.8150448031496063
21
2.0131422047244092
0
LINE
8
BLACK
6
CONTINUOUS
10
0.8150448031496063
20
2.0131422047244092
11
0.8148613385826772
21
2.0126992519685039
0
LINE
8
BLACK
6
CONTINUOUS
10
0.8148613385826772
20
2.0126992519685039
11
0.8147909842519685
21
2.0126289370078738
0
LINE
8
BLACK
6
CONTINUOUS
10
0.8147909842519685
20
2.0126289370078738
11
0.814746811023622
21
2.0125395669291337
0
LINE
8
BLACK
6
CONTINUOUS
10
0.814746811023622
20
2.0125395669291337
11
0.8143856692913386
21
2.012223622047244
0
LINE
8
BLACK
6
CONTINUOUS
10
0.8143856692913386
20
2.012223622047244
11
0.8140466929133858
21
2.0118846062992124
0
LINE
8
BLACK
6
CONTINUOUS
10
0.8140466929133858
20
2.0118846062992124
11
0.8139546850393701
21
2.0118464960629923
0
LINE
8
BLACK
6
CONTINUOUS
10
0.8139546850393701
20
2.0118464960629923
11
0.8138797244094488
21
2.0117809055118108
0
LINE
8
BLACK
6
CONTINUOUS
10
0.8138797244094488
20
2.0117809055118108
11
0.8134254724409449
21
2.0116273228346455
0
LINE
8
BLACK
6
CONTINUOUS
10
0.8134254724409449
20
2.0116273228346455
11
0.8129822834645669
21
2.0114437007874013
0
LINE
8
BLACK
6
CONTINUOUS
10
0.8129822834645669
20
2.0114437007874013
11
0.8128416929133858
21
2.0114298818897636
0
LINE
8
BLACK
6
CONTINUOUS
10
0.8128416929133858
20
2.0114298818897636
11
0.8127883464566928
21
2.0114118110236219
0
LINE
8
BLACK
6
CONTINUOUS
10
0.8127883464566928
20
2.0114118110236219
11
0.8127108661417323
21
2.0114170078740159
0
LINE
8
BLACK
6
CONTINUOUS
10
0.8127108661417323
20
2.0114170078740159
11
0.8124062204724409
21
2.0113869685039369
0
LINE
8
BLACK
6
CONTINUOUS
10
0.8124062204724409
20
2.0113869685039369
11
0.8074789763779527
21
2.0113869685039369
0
LINE
8
BLACK
6
CONTINUOUS
10
0.8074789763779527
20
2.0113869685039369
11
0.8047814960629921
21
2.0100382283464566
0
LINE
8
BLACK
6
CONTINUOUS
10
0.8047814960629921
20
2.0100382283464566
11
0.8035843700787402
21
2.0088411023622048
0
LINE
8
BLACK
6
CONTINUOUS
10
0.8035843700787402
20
2.0088411023622048
11
0.8022356299212599
21
2.0061436220472442
0
LINE
8
BLACK
6
CONTINUOUS
10
0.8022356299212599
20
2.0061436220472442
11
0.8022356299212599
21
1.9981638976377953
0
LINE
8
BLACK
6
CONTINUOUS
10
0.8022356299212599
20
1.9981638976377953
11
0.8035843700787402
21
1.9954664173228347
0
LINE
8
BLACK
6
CONTINUOUS
10
0.8035843700787402
20
1.9954664173228347
11
0.8047814960629921
21
1.9942692519685039
0
LINE
8
BLACK
6
CONTINUOUS
10
0.8047814960629921
20
1.9942692519685039
11
0.8074789763779527
21
1.9929205118110236
0
LINE
8
BLACK
6
CONTINUOUS
10
0.8074789763779527
20
1.9929205118110236
11
0.8173334645669291
21
1.9929205118110236
0
LINE
8
BLACK
6
CONTINUOUS
10
0.8173334645669291
20
1.9929205118110236
11
0.820030905511811
21
1.9942692519685039
0
LINE
8
BLACK
6
CONTINUOUS
10
0.820030905511811
20
1.9942692519685039
11
0.8215668503937008
21
1.9958051968503936
0
LINE
8
BLACK
6
CONTINUOUS
10
0.8215668503937008
20
1.9958051968503936
11
0.8220143307086614
21
1.9961724409448818
0
LINE
8
BLACK
6
CONTINUOUS
10
0.8220143307086614
20
1.9961724409448818
11
0.8230787401574803
21
1.9966133464566929
0
LINE
8
BLACK
6
CONTINUOUS
10
0.8230787401574803
20
1.9966133464566929
11
0.8242308267716535
21
1.9966133464566929
0
LINE
8
BLACK
6
CONTINUOUS
10
0.8242308267716535
20
1.9966133464566929
11
0.8252952362204724
21
1.9961724803149605
0
LINE
8
BLACK
6
CONTINUOUS
10
0.8252952362204724
20
1.9961724803149605
11
0.8261099212598425
21
1.9953577952755905
0
LINE
8
BLACK
6
CONTINUOUS
10
0.8261099212598425
20
1.9953577952755905
11
0.8265508267716535
21
1.9942933858267715
0
LINE
8
BLACK
6
CONTINUOUS
10
0.8265508267716535
20
1.9942933858267715
11
0.8265508267716535
21
1.9931412992125983
0
LINE
8
BLACK
6
CONTINUOUS
10
0.8265508267716535
20
1.9931412992125983
11
0.8261099606299213
21
1.9920768897637795
0
LINE
8
BLACK
6
CONTINUOUS
10
0.8261099606299213
20
1.9920768897637795
11
0.8257427165354331
21
1.9916294094488189
0
LINE
8
BLACK
6
CONTINUOUS
10
0.8257427165354331
20
1.9916294094488189
11
0.8238679921259843
21
1.9897546456692914
0
LINE
8
BLACK
6
CONTINUOUS
10
0.8238679921259843
20
1.9897546456692914
11
0.8236416141732283
21
1.9895688976377952
0
LINE
8
BLACK
6
CONTINUOUS
10
0.8236416141732283
20
1.9895688976377952
11
0.8235904330708661
21
1.9895098425196851
0
LINE
8
BLACK
6
CONTINUOUS
10
0.8235904330708661
20
1.9895098425196851
11
0.8235014566929134
21
1.9894538582677166
0
LINE
8
BLACK
6
CONTINUOUS
10
0.8235014566929134
20
1.9894538582677166
11
0.8234205118110236
21
1.9893874015748032
0
LINE
8
BLACK
6
CONTINUOUS
10
0.8234205118110236
20
1.9893874015748032
11
0.8233485433070866
21
1.9893575984251968
0
LINE
8
BLACK
6
CONTINUOUS
10
0.8233485433070866
20
1.9893575984251968
11
0.8231005511811024
21
1.989201496062992
0
LINE
8
BLACK
6
CONTINUOUS
10
0.8231005511811024
20
1.989201496062992
11
0.8193510236220473
21
1.9873267322834645
0
LINE
8
BLACK
6
CONTINUOUS
10
0.8193510236220473
20
1.9873267322834645
11
0.8188103937007873
21
1.987119842519685
0
LINE
8
BLACK
6
CONTINUOUS
10
0.8188103937007873
20
1.987119842519685
11
0.8187045669291338
21
1.9871123622047244
0
LINE
8
BLACK
6
CONTINUOUS
10
0.8187045669291338
20
1.9871123622047244
11
0.8186065748031496
21
1.9870717322834646
0
LINE
8
BLACK
6
CONTINUOUS
10
0.8186065748031496
20
1.9870717322834646
11
0.8180305118110236
21
1.987015
0
LINE
8
BLACK
6
CONTINUOUS
10
0.8180305118110236
20
1.987015
11
0.8067819291338583
21
1.987015
0
LINE
8
BLACK
6
CONTINUOUS
10
0.8067819291338583
20
1.987015
11
0.8062058661417323
21
1.9870717322834646
0
LINE
8
BLACK
6
CONTINUOUS
10
0.8062058661417323
20
1.9870717322834646
11
0.806107874015748
21
1.9871123228346457
0
LINE
8
BLACK
6
CONTINUOUS
10
0.806107874015748
20
1.9871123228346457
11
0.8060020078740158
21
1.987119842519685
0
LINE
8
BLACK
6
CONTINUOUS
10
0.8060020078740158
20
1.987119842519685
11
0.8054614173228346
21
1.9873267322834645
0
LINE
8
BLACK
6
CONTINUOUS
10
0.8054614173228346
20
1.9873267322834645
11
0.8017118897637795
21
1.989201496062992
0
LINE
8
BLACK
6
CONTINUOUS
10
0.8017118897637795
20
1.989201496062992
11
0.8014638582677165
21
1.9893575984251968
0
LINE
8
BLACK
6
CONTINUOUS
10
0.8014638582677165
20
1.9893575984251968
11
0.8013919291338583
21
1.9893874015748032
0
LINE
8
BLACK
6
CONTINUOUS
10
0.8013919291338583
20
1.9893874015748032
11
0.8013109448818897
21
1.9894538582677166
0
LINE
8
BLACK
6
CONTINUOUS
10
0.8013109448818897
20
1.9894538582677166
11
0.8012220078740158
21
1.9895098425196851
0
LINE
8
BLACK
6
CONTINUOUS
10
0.8012220078740158
20
1.9895098425196851
11
0.8011707874015748
21
1.9895688976377952
0
LINE
8
BLACK
6
CONTINUOUS
10
0.8011707874015748
20
1.9895688976377952
11
0.8009444488188976
21
1.9897546456692914
0
LINE
8
BLACK
6
CONTINUOUS
10
0.8009444488188976
20
1.9897546456692914
11
0.79906968503937
21
1.9916294488188977
0
LINE
8
BLACK
6
CONTINUOUS
10
0.79906968503937
20
1.9916294488188977
11
0.798883937007874
21
1.9918557874015748
0
LINE
8
BLACK
6
CONTINUOUS
10
0.798883937007874
20
1.9918557874015748
11
0.7988249606299213
21
1.9919069291338583
0
LINE
8
BLACK
6
CONTINUOUS
10
0.7988249606299213
20
1.9919069291338583
11
0.7987689763779527
21
1.9919958661417323
0
LINE
8
BLACK
6
CONTINUOUS
10
0.7987689763779527
20
1.9919958661417323
11
0.7987024803149606
21
1.9920768897637795
0
LINE
8
BLACK
6
CONTINUOUS
10
0.7987024803149606
20
1.9920768897637795
11
0.7986726377952755
21
1.992148937007874
0
LINE
8
BLACK
6
CONTINUOUS
10
0.7986726377952755
20
1.992148937007874
11
0.7985166141732283
21
1.9923968110236221
0
LINE
8
BLACK
6
CONTINUOUS
10
0.7985166141732283
20
1.9923968110236221
11
0.7966418503937007
21
1.9961463385826772
0
LINE
8
BLACK
6
CONTINUOUS
10
0.7966418503937007
20
1.9961463385826772
11
0.7964349606299213
21
1.996686968503937
0
LINE
8
BLACK
6
CONTINUOUS
10
0.7964349606299213
20
1.996686968503937
11
0.7964274409448818
21
1.9967927952755906
0
LINE
8
BLACK
6
CONTINUOUS
10
0.7964274409448818
20
1.9967927952755906
11
0.7963868503937007
21
1.9968907874015747
0
LINE
8
BLACK
6
CONTINUOUS
10
0.7963868503937007
20
1.9968907874015747
11
0.7963301181102362
21
1.9974668503937008
0
LINE
8
BLACK
6
CONTINUOUS
10
0.7963301181102362
20
1.9974668503937008
11
0.7963301181102362
21
2.0068406692913388
0
LINE
8
BLACK
6
CONTINUOUS
10
0.7963301181102362
20
2.0068406692913388
11
0.7963868503937007
21
2.0074167322834646
0
LINE
8
BLACK
6
CONTINUOUS
10
0.7963868503937007
20
2.0074167322834646
11
0.7964274409448818
21
2.0075147637795276
0
LINE
8
BLACK
6
CONTINUOUS
10
0.7964274409448818
20
2.0075147637795276
11
0.7964349606299213
21
2.0076205511811023
0
LINE
8
BLACK
6
CONTINUOUS
10
0.7964349606299213
20
2.0076205511811023
11
0.7966418503937007
21
2.0081611811023623
0
LINE
8
BLACK
6
CONTINUOUS
10
0.7966418503937007
20
2.0081611811023623
11
0.7985166141732283
21
2.0119107086614174
0
LINE
8
BLACK
6
CONTINUOUS
10
0.7985166141732283
20
2.0119107086614174
11
0.7986726771653543
21
2.0121587401574801
0
LINE
8
BLACK
6
CONTINUOUS
10
0.7986726771653543
20
2.0121587401574801
11
0.7987025196850394
21
2.0122306692913385
0
LINE
8
BLACK
6
CONTINUOUS
10
0.7987025196850394
20
2.0122306692913385
11
0.7987689763779527
21
2.012311653543307
0
LINE
8
BLACK
6
CONTINUOUS
10
0.7987689763779527
20
2.012311653543307
11
0.7988249606299213
21
2.0124005905511813
0
LINE
8
BLACK
6
CONTINUOUS
10
0.7988249606299213
20
2.0124005905511813
11
0.798883937007874
21
2.0124517716535433
0
LINE
8
BLACK
6
CONTINUOUS
10
0.798883937007874
20
2.0124517716535433
11
0.7990697244094488
21
2.0126781102362203
0
LINE
8
BLACK
6
CONTINUOUS
10
0.7990697244094488
20
2.0126781102362203
11
0.8009444881889763
21
2.0145528740157479
0
LINE
8
BLACK
6
CONTINUOUS
10
0.8009444881889763
20
2.0145528740157479
11
0.8011708267716535
21
2.0147386614173226
0
LINE
8
BLACK
6
CONTINUOUS
10
0.8011708267716535
20
2.0147386614173226
11
0.8012220078740158
21
2.0147976377952754
0
LINE
8
BLACK
6
CONTINUOUS
10
0.8012220078740158
20
2.0147976377952754
11
0.8013109448818897
21
2.0148536220472439
0
LINE
8
BLACK
6
CONTINUOUS
10
0.8013109448818897
20
2.0148536220472439
11
0.8013919291338583
21
2.0149200787401575
0
LINE
8
BLACK
6
CONTINUOUS
10
0.8013919291338583
20
2.0149200787401575
11
0.8014638582677165
21
2.0149499212598423
0
LINE
8
BLACK
6
CONTINUOUS
10
0.8014638582677165
20
2.0149499212598423
11
0.8017118897637795
21
2.0151059842519685
0
LINE
8
BLACK
6
CONTINUOUS
10
0.8017118897637795
20
2.0151059842519685
11
0.8054614173228346
21
2.0169807480314961
0
LINE
8
BLACK
6
CONTINUOUS
10
0.8054614173228346
20
2.0169807480314961
11
0.8059935826771654
21
2.0171844488188975
0
LINE
8
BLACK
6
CONTINUOUS
10
0.8059935826771654
20
2.0171844488188975
11
0.7970607086614173
21
2.0273934251968502
0
LINE
8
BLACK
6
CONTINUOUS
10
0.7970607086614173
20
2.0273934251968502
11
0.7968826771653543
21
2.0276424409448817
0
LINE
8
BLACK
6
CONTINUOUS
10
0.7968826771653543
20
2.0276424409448817
11
0.7968277559055118
21
2.0276973622047243
0
LINE
8
BLACK
6
CONTINUOUS
10
0.7968277559055118
20
2.0276973622047243
11
0.7968061417322835
21
2.0277494881889764
0
LINE
8
BLACK
6
CONTINUOUS
10
0.7968061417322835
20
2.0277494881889764
11
0.7967240551181102
21
2.0278643307086615
0
LINE
8
BLACK
6
CONTINUOUS
10
0.7967240551181102
20
2.0278643307086615
11
0.7965704330708662
21
2.0283185826771652
0
LINE
8
BLACK
6
CONTINUOUS
10
0.7965704330708662
20
2.0283185826771652
11
0.7963868503937007
21
2.0287617716535431
0
LINE
8
BLACK
6
CONTINUOUS
10
0.7963868503937007
20
2.0287617716535431
11
0.7963868503937007
21
2.0288614173228345
0
LINE
8
BLACK
6
CONTINUOUS
10
0.7963868503937007
20
2.0288614173228345
11
0.7963549606299213
21
2.0289557086614174
0
LINE
8
BLACK
6
CONTINUOUS
10
0.7963549606299213
20
2.0289557086614174
11
0.7963868503937007
21
2.0294342125984253
0
LINE
8
BLACK
6
CONTINUOUS
10
0.7963868503937007
20
2.0294342125984253
11
0.7963868503937007
21
2.0299138976377953
0
LINE
8
BLACK
6
CONTINUOUS
10
0.7963868503937007
20
2.0299138976377953
11
0.7964249212598425
21
2.0300059055118109
0
LINE
8
BLACK
6
CONTINUOUS
10
0.7964249212598425
20
2.0300059055118109
11
0.7964315748031496
21
2.0301052362204723
0
LINE
8
BLACK
6
CONTINUOUS
10
0.7964315748031496
20
2.0301052362204723
11
0.796644251968504
21
2.0305353937007875
0
LINE
8
BLACK
6
CONTINUOUS
10
0.796644251968504
20
2.0305353937007875
11
0.7968277559055118
21
2.0309783070866141
0
LINE
8
BLACK
6
CONTINUOUS
10
0.7968277559055118
20
2.0309783070866141
11
0.7968980708661417
21
2.0310486614173229
0
LINE
8
BLACK
6
CONTINUOUS
10
0.7968980708661417
20
2.0310486614173229
11
0.7969422834645669
21
2.0311379921259842
0
LINE
8
BLACK
6
CONTINUOUS
10
0.7969422834645669
20
2.0311379921259842
11
0.7973033858267716
21
2.0314539763779527
0
LINE
8
BLACK
6
CONTINUOUS
10
0.7973033858267716
20
2.0314539763779527
11
0.7976424015748032
21
2.0317929527559055
0
LINE
8
BLACK
6
CONTINUOUS
10
0.7976424015748032
20
2.0317929527559055
11
0.7977343700787402
21
2.0318311023622049
0
LINE
8
BLACK
6
CONTINUOUS
10
0.7977343700787402
20
2.0318311023622049
11
0.7978093700787401
21
2.0318966535433072
0
LINE
8
BLACK
6
CONTINUOUS
10
0.7978093700787401
20
2.0318966535433072
11
0.7982635826771654
21
2.0320502755905512
0
LINE
8
BLACK
6
CONTINUOUS
10
0.7982635826771654
20
2.0320502755905512
11
0.7987068110236221
21
2.0322338582677166
0
LINE
8
BLACK
6
CONTINUOUS
10
0.7987068110236221
20
2.0322338582677166
11
0.7988473622047244
21
2.0322477165354331
0
LINE
8
BLACK
6
CONTINUOUS
10
0.7988473622047244
20
2.0322477165354331
11
0.798900748031496
21
2.0322657480314961
0
LINE
8
BLACK
6
CONTINUOUS
10
0.798900748031496
20
2.0322657480314961
11
0.798978188976378
21
2.0322605905511812
0
LINE
8
BLACK
6
CONTINUOUS
10
0.798978188976378
20
2.0322605905511812
11
0.799282874015748
21
2.032290590551181
0
LINE
8
BLACK
6
CONTINUOUS
10
0.799282874015748
20
2.032290590551181
11
0.8236548031496063
21
2.032290590551181
0
LINE
8
BLACK
6
CONTINUOUS
10
0.8236548031496063
20
2.032290590551181
11
0.8242308661417322
21
2.0322338582677166
0
LINE
8
BLACK
6
CONTINUOUS
10
0.8598514173228347
20
2.0322338582677166
11
0.8609158267716536
21
2.0317929527559055
0
LINE
8
BLACK
6
CONTINUOUS
10
0.8609158267716536
20
2.0317929527559055
11
0.8617304724409449
21
2.0309783070866141
0
LINE
8
BLACK
6
CONTINUOUS
10
0.8617304724409449
20
2.0309783070866141
11
0.8621713779527559
21
2.0299138976377953
0
LINE
8
BLACK
6
CONTINUOUS
10
0.8621713779527559
20
2.0299138976377953
11
0.8622281102362205
21
2.0293378346456694
0
LINE
8
BLACK
6
CONTINUOUS
10
0.8622281102362205
20
2.0293378346456694
11
0.8622281102362205
21
1.9899677559055118
0
LINE
8
BLACK
6
CONTINUOUS
10
0.8622281102362205
20
1.9899677559055118
11
0.8621713779527559
21
1.9893916929133857
0
LINE
8
BLACK
6
CONTINUOUS
10
0.8621713779527559
20
1.9893916929133857
11
0.8617304724409449
21
1.9883272834645669
0
LINE
8
BLACK
6
CONTINUOUS
10
0.8617304724409449
20
1.9883272834645669
11
0.8609158267716536
21
1.9875126377952756
0
LINE
8
BLACK
6
CONTINUOUS
10
0.8609158267716536
20
1.9875126377952756
11
0.8598514173228347
21
1.9870717322834646
0
LINE
8
BLACK
6
CONTINUOUS
10
0.8598514173228347
20
1.9870717322834646
11
0.8586992913385827
21
1.9870717322834646
0
LINE
8
BLACK
6
CONTINUOUS
10
0.8586992913385827
20
1.9870717322834646
11
0.8576348818897638
21
1.9875126377952756
0
LINE
8
BLACK
6
CONTINUOUS
10
0.8576348818897638
20
1.9875126377952756
11
0.8568202362204724
21
1.9883272834645669
0
LINE
8
BLACK
6
CONTINUOUS
10
0.8568202362204724
20
1.9883272834645669
11
0.8563793307086613
21
1.9893916929133857
0
LINE
8
BLACK
6
CONTINUOUS
10
0.8563793307086613
20
1.9893916929133857
11
0.8563225984251969
21
1.9899677559055118
0
LINE
8
BLACK
6
CONTINUOUS
10
0.8563225984251969
20
1.9899677559055118
11
0.8563225984251969
21
2.0057626771653543
0
LINE
8
BLACK
6
CONTINUOUS
10
0.8563225984251969
20
2.0057626771653543
11
0.8514388976377952
21
2.0057626771653543
0
LINE
8
BLACK
6
CONTINUOUS
10
0.8514388976377952
20
2.0057626771653543
11
0.8391971653543306
21
1.9882744488188977
0
LINE
8
BLACK
6
CONTINUOUS
10
0.8391971653543306
20
1.9882744488188977
11
0.8388203543307087
21
1.9878350787401575
0
LINE
8
BLACK
6
CONTINUOUS
10
0.8388203543307087
20
1.9878350787401575
11
0.8378487401574803
21
1.987215905511811
0
LINE
8
BLACK
6
CONTINUOUS
10
0.8378487401574803
20
1.987215905511811
11
0.8367142125984252
21
1.9870157086614173
0
LINE
8
BLACK
6
CONTINUOUS
10
0.8367142125984252
20
1.9870157086614173
11
0.8355893700787401
21
1.9872648818897638
0
LINE
8
BLACK
6
CONTINUOUS
10
0.8355893700787401
20
1.9872648818897638
11
0.8346455118110236
21
1.987925590551181
0
LINE
8
BLACK
6
CONTINUOUS
10
0.8346455118110236
20
1.987925590551181
11
0.8340263385826772
21
1.9888972047244093
0
LINE
8
BLACK
6
CONTINUOUS
10
0.8340263385826772
20
1.9888972047244093
11
0.8338261417322834
21
1.9900317322834644
0
LINE
8
BLACK
6
CONTINUOUS
10
0.8338261417322834
20
1.9900317322834644
11
0.8340753149606299
21
1.9911565748031497
0
LINE
8
BLACK
6
CONTINUOUS
10
0.8340753149606299
20
1.9911565748031497
11
0.8343592125984252
21
1.9916610629921259
0
LINE
8
BLACK
6
CONTINUOUS
10
0.8343592125984252
20
1.9916610629921259
11
0.8442333464566929
21
2.0057670078740157
0
LINE
8
BLACK
6
CONTINUOUS
10
0.8442333464566929
20
2.0057670078740157
11
0.8437011811023621
21
2.0058194094488186
0
LINE
8
BLACK
6
CONTINUOUS
10
0.8437011811023621
20
2.0058194094488186
11
0.843603188976378
21
2.0058599999999998
0
LINE
8
BLACK
6
CONTINUOUS
10
0.843603188976378
20
2.0058599999999998
11
0.8434973228346456
21
2.0058675196850393
0
LINE
8
BLACK
6
CONTINUOUS
10
0.8434973228346456
20
2.0058675196850393
11
0.8429567322834646
21
2.0060744094488188
0
LINE
8
BLACK
6
CONTINUOUS
10
0.8429567322834646
20
2.0060744094488188
11
0.8392072047244095
21
2.0079491732283463
0
LINE
8
BLACK
6
CONTINUOUS
10
0.8392072047244095
20
2.0079491732283463
11
0.8389591732283465
21
2.0081052755905513
0
LINE
8
BLACK
6
CONTINUOUS
10
0.8389591732283465
20
2.0081052755905513
11
0.8388872440944881
21
2.0081350787401573
0
LINE
8
BLACK
6
CONTINUOUS
10
0.8388872440944881
20
2.0081350787401573
11
0.8388062598425197
21
2.0082015748031496
0
LINE
8
BLACK
6
CONTINUOUS
10
0.8388062598425197
20
2.0082015748031496
11
0.8387173228346456
21
2.0082575196850394
0
LINE
8
BLACK
6
CONTINUOUS
10
0.8387173228346456
20
2.0082575196850394
11
0.8386661417322835
21
2.008316535433071
0
LINE
8
BLACK
6
CONTINUOUS
10
0.8386661417322835
20
2.008316535433071
11
0.8384398031496063
21
2.0085022834645669
0
LINE
8
BLACK
6
CONTINUOUS
10
0.8384398031496063
20
2.0085022834645669
11
0.8365650393700788
21
2.0103770472440945
0
LINE
8
BLACK
6
CONTINUOUS
10
0.8365650393700788
20
2.0103770472440945
11
0.8363792519685039
21
2.0106034251968503
0
LINE
8
BLACK
6
CONTINUOUS
10
0.8363792519685039
20
2.0106034251968503
11
0.8363202755905511
21
2.010654566929134
0
LINE
8
BLACK
6
CONTINUOUS
10
0.8363202755905511
20
2.010654566929134
11
0.8362642913385827
21
2.0107435433070866
0
LINE
8
BLACK
6
CONTINUOUS
10
0.8362642913385827
20
2.0107435433070866
11
0.8361978346456693
21
2.0108244881889763
0
LINE
8
BLACK
6
CONTINUOUS
10
0.8361978346456693
20
2.0108244881889763
11
0.8361679921259842
21
2.0108964566929135
0
LINE
8
BLACK
6
CONTINUOUS
10
0.8361679921259842
20
2.0108964566929135
11
0.8360119291338582
21
2.0111444488188974
0
LINE
8
BLACK
6
CONTINUOUS
10
0.8360119291338582
20
2.0111444488188974
11
0.8341371653543307
21
2.0148939763779525
0
LINE
8
BLACK
6
CONTINUOUS
10
0.8341371653543307
20
2.0148939763779525
11
0.8339302755905511
21
2.0154346062992126
0
LINE
8
BLACK
6
CONTINUOUS
10
0.8339302755905511
20
2.0154346062992126
11
0.8339227559055118
21
2.0155404330708659
0
LINE
8
BLACK
6
CONTINUOUS
10
0.8339227559055118
20
2.0155404330708659
11
0.8338821653543307
21
2.0156384251968502
0
LINE
8
BLACK
6
CONTINUOUS
10
0.8338821653543307
20
2.0156384251968502
11
0.8338254330708661
21
2.0162144881889765
0
LINE
8
BLACK
6
CONTINUOUS
10
0.8338254330708661
20
2.0162144881889765
11
0.8338254330708661
21
2.0218387795275592
0
LINE
8
BLACK
6
CONTINUOUS
10
0.8338254330708661
20
2.0218387795275592
11
0.8338821653543307
21
2.0224148425196851
0
LINE
8
BLACK
6
CONTINUOUS
10
0.8338821653543307
20
2.0224148425196851
11
0.8339227559055118
21
2.0225128740157481
0
LINE
8
BLACK
6
CONTINUOUS
10
0.8339227559055118
20
2.0225128740157481
11
0.8339302755905511
21
2.0226186614173227
0
LINE
8
BLACK
6
CONTINUOUS
10
0.8339302755905511
20
2.0226186614173227
11
0.8341371653543307
21
2.0231592913385827
0
LINE
8
BLACK
6
CONTINUOUS
10
0.8341371653543307
20
2.0231592913385827
11
0.8360119291338582
21
2.0269088188976379
0
LINE
8
BLACK
6
CONTINUOUS
10
0.8360119291338582
20
2.0269088188976379
11
0.8361679921259842
21
2.0271568503937005
0
LINE
8
BLACK
6
CONTINUOUS
10
0.8361679921259842
20
2.0271568503937005
11
0.8361978346456693
21
2.027228779527559
0
LINE
8
BLACK
6
CONTINUOUS
10
0.8361978346456693
20
2.027228779527559
11
0.8362642913385827
21
2.0273097637795274
0
LINE
8
BLACK
6
CONTINUOUS
10
0.8362642913385827
20
2.0273097637795274
11
0.8363202755905511
21
2.0273987007874017
0
LINE
8
BLACK
6
CONTINUOUS
10
0.8363202755905511
20
2.0273987007874017
11
0.8363792519685039
21
2.0274498818897637
0
LINE
8
BLACK
6
CONTINUOUS
10
0.8363792519685039
20
2.0274498818897637
11
0.8365650393700788
21
2.0276762204724408
0
LINE
8
BLACK
6
CONTINUOUS
10
0.8365650393700788
20
2.0276762204724408
11
0.8384398031496063
21
2.0295509842519683
0
LINE
8
BLACK
6
CONTINUOUS
10
0.8384398031496063
20
2.0295509842519683
11
0.8386661417322835
21
2.029736771653543
0
LINE
8
BLACK
6
CONTINUOUS
10
0.8386661417322835
20
2.029736771653543
11
0.8387173228346456
21
2.0297957480314959
0
LINE
8
BLACK
6
CONTINUOUS
10
0.8387173228346456
20
2.0297957480314959
11
0.8388062598425197
21
2.0298517322834644
0
LINE
8
BLACK
6
CONTINUOUS
10
0.8388062598425197
20
2.0298517322834644
11
0.8388872440944881
21
2.029918188976378
0
LINE
8
BLACK
6
CONTINUOUS
10
0.8388872440944881
20
2.029918188976378
11
0.8389591732283465
21
2.0299480314960627
0
LINE
8
BLACK
6
CONTINUOUS
10
0.8389591732283465
20
2.0299480314960627
11
0.8392072047244095
21
2.030104094488189
0
LINE
8
BLACK
6
CONTINUOUS
10
0.8392072047244095
20
2.030104094488189
11
0.8429567322834646
21
2.0319788582677165
0
LINE
8
BLACK
6
CONTINUOUS
10
0.8429567322834646
20
2.0319788582677165
11
0.8434973228346456
21
2.032185748031496
0
LINE
8
BLACK
6
CONTINUOUS
10
0.8434973228346456
20
2.032185748031496
11
0.843603188976378
21
2.0321933070866143
0
LINE
8
BLACK
6
CONTINUOUS
10
0.843603188976378
20
2.0321933070866143
11
0.8437011811023621
21
2.0322338582677166
0
LINE
8
BLACK
6
CONTINUOUS
10
0.8437011811023621
20
2.0322338582677166
11
0.8442772440944881
21
2.032290590551181
0
LINE
8
BLACK
6
CONTINUOUS
10
0.8442772440944881
20
2.032290590551181
11
0.8592753543307087
21
2.032290590551181
0
LINE
8
BLACK
6
CONTINUOUS
10
0.8592753543307087
20
2.032290590551181
11
0.8598514173228347
21
2.0322338582677166
0
LINE
8
BLACK
6
CONTINUOUS
10
0.8422768110236221
20
2.0250363385826771
11
0.84107968503937
21
2.0238392125984253
0
LINE
8
BLACK
6
CONTINUOUS
10
0.84107968503937
20
2.0238392125984253
11
0.8397309448818897
21
2.0211417322834646
0
LINE
8
BLACK
6
CONTINUOUS
10
0.8397309448818897
20
2.0211417322834646
11
0.8397309448818897
21
2.0169115354330707
0
LINE
8
BLACK
6
CONTINUOUS
10
0.8397309448818897
20
2.0169115354330707
11
0.84107968503937
21
2.01421405511811
0
LINE
8
BLACK
6
CONTINUOUS
10
0.84107968503937
20
2.01421405511811
11
0.8422768110236221
21
2.0130169291338582
0
LINE
8
BLACK
6
CONTINUOUS
10
0.8422768110236221
20
2.0130169291338582
11
0.8449742913385827
21
2.0116681889763779
0
LINE
8
BLACK
6
CONTINUOUS
10
0.8449742913385827
20
2.0116681889763779
11
0.8563225984251969
21
2.0116681889763779
0
LINE
8
BLACK
6
CONTINUOUS
10
0.8563225984251969
20
2.0116681889763779
11
0.8563225984251969
21
2.0263850787401574
0
LINE
8
BLACK
6
CONTINUOUS
10
0.8563225984251969
20
2.0263850787401574
11
0.8449742913385827
21
2.0263850787401574
0
LINE
8
BLACK
6
CONTINUOUS
10
0.8449742913385827
20
2.0263850787401574
11
0.8422768110236221
21
2.0250363385826771
0
LINE
8
BLACK
6
CONTINUOUS
10
2.0421043700787402
20
2.0358918897637794
11
2.043168779527559
21
2.0354509842519684
0
LINE
8
BLACK
6
CONTINUOUS
10
2.043168779527559
20
2.0354509842519684
11
2.0439834251968505
21
2.0346363385826773
0
LINE
8
BLACK
6
CONTINUOUS
10
2.0439834251968505
20
2.0346363385826773
11
2.0444243307086616
21
2.0335719291338581
0
LINE
8
BLACK
6
CONTINUOUS
10
2.0444243307086616
20
2.0335719291338581
11
2.0444243307086616
21
2.0324198031496064
0
LINE
8
BLACK
6
CONTINUOUS
10
2.0444243307086616
20
2.0324198031496064
11
2.0439834251968505
21
2.0313553937007875
0
LINE
8
BLACK
6
CONTINUOUS
10
2.0439834251968505
20
2.0313553937007875
11
2.043168779527559
21
2.0305407480314961
0
LINE
8
BLACK
6
CONTINUOUS
10
2.043168779527559
20
2.0305407480314961
11
2.0421043700787402
21
2.030099842519685
0
LINE
8
BLACK
6
CONTINUOUS
10
2.0421043700787402
20
2.030099842519685
11
2.0415283070866139
21
2.0300431102362206
0
LINE
8
BLACK
6
CONTINUOUS
10
2.0415283070866139
20
2.0300431102362206
11
2.0257333858267716
21
2.0300431102362206
0
LINE
8
BLACK
6
CONTINUOUS
10
2.0257333858267716
20
2.0300431102362206
11
2.0257333858267716
21
2.0251594488188975
0
LINE
8
BLACK
6
CONTINUOUS
10
2.0257333858267716
20
2.0251594488188975
11
2.0432216141732282
21
2.0129176771653543
0
LINE
8
BLACK
6
CONTINUOUS
10
2.0432216141732282
20
2.0129176771653543
11
2.0436609842519684
21
2.0125408661417321
0
LINE
8
BLACK
6
CONTINUOUS
10
2.0436609842519684
20
2.0125408661417321
11
2.0442801574803151
21
2.011569251968504
0
LINE
8
BLACK
6
CONTINUOUS
10
2.0442801574803151
20
2.011569251968504
11
2.0444803937007872
21
2.0104347244094489
0
LINE
8
BLACK
6
CONTINUOUS
10
2.0444803937007872
20
2.0104347244094489
11
2.0442311811023623
21
2.0093098818897639
0
LINE
8
BLACK
6
CONTINUOUS
10
2.0442311811023623
20
2.0093098818897639
11
2.0435704724409449
21
2.0083660236220471
0
LINE
8
BLACK
6
CONTINUOUS
10
2.0435704724409449
20
2.0083660236220471
11
2.0425988976377951
21
2.0077468503937008
0
LINE
8
BLACK
6
CONTINUOUS
10
2.0425988976377951
20
2.0077468503937008
11
2.0414643307086613
21
2.0075466535433071
0
LINE
8
BLACK
6
CONTINUOUS
10
2.0414643307086613
20
2.0075466535433071
11
2.0403394881889763
21
2.0077958267716536
0
LINE
8
BLACK
6
CONTINUOUS
10
2.0403394881889763
20
2.0077958267716536
11
2.0398350393700788
21
2.0080796850393701
0
LINE
8
BLACK
6
CONTINUOUS
10
2.0398350393700788
20
2.0080796850393701
11
2.0257290551181102
21
2.0179538582677163
0
LINE
8
BLACK
6
CONTINUOUS
10
2.0257290551181102
20
2.0179538582677163
11
2.0256766535433068
21
2.0174216929133859
0
LINE
8
BLACK
6
CONTINUOUS
10
2.0256766535433068
20
2.0174216929133859
11
2.0256360629921257
21
2.0173237401574804
0
LINE
8
BLACK
6
CONTINUOUS
10
2.0256360629921257
20
2.0173237401574804
11
2.0256285433070866
21
2.0172178346456691
0
LINE
8
BLACK
6
CONTINUOUS
10
2.0256285433070866
20
2.0172178346456691
11
2.0254216535433072
21
2.0166772440944882
0
LINE
8
BLACK
6
CONTINUOUS
10
2.0254216535433072
20
2.0166772440944882
11
2.0235468897637796
21
2.0129277165354331
0
LINE
8
BLACK
6
CONTINUOUS
10
2.0235468897637796
20
2.0129277165354331
11
2.0233907874015746
21
2.0126797244094488
0
LINE
8
BLACK
6
CONTINUOUS
10
2.0233907874015746
20
2.0126797244094488
11
2.0233609842519686
21
2.0126077559055116
0
LINE
8
BLACK
6
CONTINUOUS
10
2.0233609842519686
20
2.0126077559055116
11
2.0232944881889763
21
2.0125268110236219
0
LINE
8
BLACK
6
CONTINUOUS
10
2.0232944881889763
20
2.0125268110236219
11
2.0232385433070865
21
2.0124378346456693
0
LINE
8
BLACK
6
CONTINUOUS
10
2.0232385433070865
20
2.0124378346456693
11
2.0231795275590549
21
2.0123866929133856
0
LINE
8
BLACK
6
CONTINUOUS
10
2.0231795275590549
20
2.0123866929133856
11
2.022993779527559
21
2.0121603149606297
0
LINE
8
BLACK
6
CONTINUOUS
10
2.022993779527559
20
2.0121603149606297
11
2.0211190157480314
21
2.0102855511811022
0
LINE
8
BLACK
6
CONTINUOUS
10
2.0211190157480314
20
2.0102855511811022
11
2.0208926377952756
21
2.0100998031496062
0
LINE
8
BLACK
6
CONTINUOUS
10
2.0208926377952756
20
2.0100998031496062
11
2.0208414960629919
21
2.0100407874015747
0
LINE
8
BLACK
6
CONTINUOUS
10
2.0208414960629919
20
2.0100407874015747
11
2.0207525196850393
21
2.0099848425196849
0
LINE
8
BLACK
6
CONTINUOUS
10
2.0207525196850393
20
2.0099848425196849
11
2.0206715748031496
21
2.009918346456693
0
LINE
8
BLACK
6
CONTINUOUS
10
2.0206715748031496
20
2.009918346456693
11
2.0205996062992124
21
2.0098885433070866
0
LINE
8
BLACK
6
CONTINUOUS
10
2.0205996062992124
20
2.0098885433070866
11
2.0203516141732285
21
2.009732440944882
0
LINE
8
BLACK
6
CONTINUOUS
10
2.0203516141732285
20
2.009732440944882
11
2.0166020866141734
21
2.0078576771653545
0
LINE
8
BLACK
6
CONTINUOUS
10
2.0166020866141734
20
2.0078576771653545
11
2.0160614566929134
21
2.0076507874015745
0
LINE
8
BLACK
6
CONTINUOUS
10
2.0160614566929134
20
2.0076507874015745
11
2.01595562992126
21
2.0076433070866142
0
LINE
8
BLACK
6
CONTINUOUS
10
2.01595562992126
20
2.0076433070866142
11
2.0158576377952757
21
2.0076026771653543
0
LINE
8
BLACK
6
CONTINUOUS
10
2.0158576377952757
20
2.0076026771653543
11
2.0152815748031494
21
2.0075459448818895
0
LINE
8
BLACK
6
CONTINUOUS
10
2.0152815748031494
20
2.0075459448818895
11
2.0096572834645667
21
2.0075459448818895
0
LINE
8
BLACK
6
CONTINUOUS
10
2.0096572834645667
20
2.0075459448818895
11
2.0090812204724409
21
2.0076026771653543
0
LINE
8
BLACK
6
CONTINUOUS
10
2.0090812204724409
20
2.0076026771653543
11
2.0089832283464566
21
2.0076432677165355
0
LINE
8
BLACK
6
CONTINUOUS
10
2.0089832283464566
20
2.0076432677165355
11
2.0088773622047245
21
2.0076507874015745
0
LINE
8
BLACK
6
CONTINUOUS
10
2.0088773622047245
20
2.0076507874015745
11
2.0083367716535432
21
2.0078576771653545
0
LINE
8
BLACK
6
CONTINUOUS
10
2.0083367716535432
20
2.0078576771653545
11
2.0045872440944881
21
2.009732440944882
0
LINE
8
BLACK
6
CONTINUOUS
10
2.0045872440944881
20
2.009732440944882
11
2.004339212598425
21
2.0098885433070866
0
LINE
8
BLACK
6
CONTINUOUS
10
2.004339212598425
20
2.0098885433070866
11
2.004267283464567
21
2.009918346456693
0
LINE
8
BLACK
6
CONTINUOUS
10
2.004267283464567
20
2.009918346456693
11
2.0041862992125985
21
2.0099848425196849
0
LINE
8
BLACK
6
CONTINUOUS
10
2.0041862992125985
20
2.0099848425196849
11
2.0040973622047242
21
2.0100407874015747
0
LINE
8
BLACK
6
CONTINUOUS
10
2.0040973622047242
20
2.0100407874015747
11
2.0040461811023622
21
2.0100998031496062
0
LINE
8
BLACK
6
CONTINUOUS
10
2.0040461811023622
20
2.0100998031496062
11
2.0038198425196851
21
2.0102855511811022
0
LINE
8
BLACK
6
CONTINUOUS
10
2.0038198425196851
20
2.0102855511811022
11
2.0019450787401576
21
2.0121603149606297
0
LINE
8
BLACK
6
CONTINUOUS
10
2.0019450787401576
20
2.0121603149606297
11
2.0017592913385824
21
2.0123866929133856
0
LINE
8
BLACK
6
CONTINUOUS
10
2.0017592913385824
20
2.0123866929133856
11
2.0017003149606301
21
2.0124378346456693
0
LINE
8
BLACK
6
CONTINUOUS
10
2.0017003149606301
20
2.0124378346456693
11
2.0016443307086615
21
2.0125268110236219
0
LINE
8
BLACK
6
CONTINUOUS
10
2.0016443307086615
20
2.0125268110236219
11
2.0015778740157479
21
2.0126077559055116
0
LINE
8
BLACK
6
CONTINUOUS
10
2.0015778740157479
20
2.0126077559055116
11
2.0015480314960628
21
2.0126797244094488
0
LINE
8
BLACK
6
CONTINUOUS
10
2.0015480314960628
20
2.0126797244094488
11
2.001391968503937
21
2.0129277165354331
0
LINE
8
BLACK
6
CONTINUOUS
10
2.001391968503937
20
2.0129277165354331
11
1.9995172047244094
21
2.0166772440944882
0
LINE
8
BLACK
6
CONTINUOUS
10
1.9995172047244094
20
2.0166772440944882
11
1.9993103149606299
21
2.0172178740157478
0
LINE
8
BLACK
6
CONTINUOUS
10
1.9993103149606299
20
2.0172178740157478
11
1.9993027952755904
21
2.0173237007874016
0
LINE
8
BLACK
6
CONTINUOUS
10
1.9993027952755904
20
2.0173237007874016
11
1.9992622047244093
21
2.0174216929133859
0
LINE
8
BLACK
6
CONTINUOUS
10
1.9992622047244093
20
2.0174216929133859
11
1.9992054724409449
21
2.0179977559055118
0
LINE
8
BLACK
6
CONTINUOUS
10
1.9992054724409449
20
2.0179977559055118
11
1.9992054724409449
21
2.0329958661417322
0
LINE
8
BLACK
6
CONTINUOUS
10
1.9992054724409449
20
2.0329958661417322
11
1.9992622047244093
21
2.0335719291338581
0
LINE
8
BLACK
6
CONTINUOUS
10
1.9992622047244093
20
2.0335719291338581
11
1.9997031102362204
21
2.0346363385826773
0
LINE
8
BLACK
6
CONTINUOUS
10
1.9997031102362204
20
2.0346363385826773
11
2.0005177559055118
21
2.0354509842519684
0
LINE
8
BLACK
6
CONTINUOUS
10
2.0005177559055118
20
2.0354509842519684
11
2.0015821653543306
21
2.0358918897637794
0
LINE
8
BLACK
6
CONTINUOUS
10
2.0015821653543306
20
2.0358918897637794
11
2.0021582283464565
21
2.0359486220472442
0
LINE
8
BLACK
6
CONTINUOUS
10
2.0021582283464565
20
2.0359486220472442
11
2.0415283070866139
21
2.0359486220472442
0
LINE
8
BLACK
6
CONTINUOUS
10
2.0415283070866139
20
2.0359486220472442
11
2.0421043700787402
21
2.0358918897637794
0
LINE
8
BLACK
6
CONTINUOUS
10
2.0051109842519685
20
2.0186948031496064
11
2.0064597244094489
21
2.0159973228346457
0
LINE
8
BLACK
6
CONTINUOUS
10
2.0064597244094489
20
2.0159973228346457
11
2.0076568503937007
21
2.0148001968503935
0
LINE
8
BLACK
6
CONTINUOUS
10
2.0076568503937007
20
2.0148001968503935
11
2.0103543307086613
21
2.0134514566929131
0
LINE
8
BLACK
6
CONTINUOUS
10
2.0103543307086613
20
2.0134514566929131
11
2.0145845275590553
21
2.0134514566929131
0
LINE
8
BLACK
6
CONTINUOUS
10
2.0145845275590553
20
2.0134514566929131
11
2.0172820078740159
21
2.0148001968503935
0
LINE
8
BLACK
6
CONTINUOUS
10
2.0172820078740159
20
2.0148001968503935
11
2.0184791338582677
21
2.0159973228346457
0
LINE
8
BLACK
6
CONTINUOUS
10
2.0184791338582677
20
2.0159973228346457
11
2.019827874015748
21
2.0186948031496064
0
LINE
8
BLACK
6
CONTINUOUS
10
2.019827874015748
20
2.0186948031496064
11
2.019827874015748
21
2.0300431102362206
0
LINE
8
BLACK
6
CONTINUOUS
10
2.019827874015748
20
2.0300431102362206
11
2.0051109842519685
21
2.0300431102362206
0
LINE
8
BLACK
6
CONTINUOUS
10
2.0051109842519685
20
2.0300431102362206
11
2.0051109842519685
21
2.0186948031496064
0
LINE
8
BLACK
6
CONTINUOUS
10
1.9420787401574802
20
2.037813503937008
11
1.9421217716535433
21
2.0378198818897637
0
LINE
8
BLACK
6
CONTINUOUS
10
1.9421217716535433
20
2.0378198818897637
11
1.9423372440944882
21
2.037788031496063
0
LINE
8
BLACK
6
CONTINUOUS
10
1.9423372440944882
20
2.037788031496063
11
1.9425542913385827
21
2.037766653543307
0
LINE
8
BLACK
6
CONTINUOUS
10
1.9425542913385827
20
2.037766653543307
11
1.9425944881889763
21
2.0377500393700787
0
LINE
8
BLACK
6
CONTINUOUS
10
1.9425944881889763
20
2.0377500393700787
11
1.94269437007874
21
2.0377352362204726
0
LINE
8
BLACK
6
CONTINUOUS
10
1.94269437007874
20
2.0377352362204726
11
1.9501934251968502
21
2.035860472440945
0
LINE
8
BLACK
6
CONTINUOUS
10
1.9501934251968502
20
2.035860472440945
11
1.950235905511811
21
2.0358453149606297
0
LINE
8
BLACK
6
CONTINUOUS
10
1.950235905511811
20
2.0358453149606297
11
1.9502571653543306
21
2.0358437795275588
0
LINE
8
BLACK
6
CONTINUOUS
10
1.9502571653543306
20
2.0358437795275588
11
1.9504965748031495
21
2.0357521653543307
0
LINE
8
BLACK
6
CONTINUOUS
10
1.9504965748031495
20
2.0357521653543307
11
1.9507385433070865
21
2.0356657086614174
0
LINE
8
BLACK
6
CONTINUOUS
10
1.9507385433070865
20
2.0356657086614174
11
1.9507556692913386
21
2.035653031496063
0
LINE
8
BLACK
6
CONTINUOUS
10
1.9507556692913386
20
2.035653031496063
11
1.9507977952755906
21
2.0356368897637793
0
LINE
8
BLACK
6
CONTINUOUS
10
1.9507977952755906
20
2.0356368897637793
11
1.9545473228346457
21
2.0337621259842518
0
LINE
8
BLACK
6
CONTINUOUS
10
1.9545473228346457
20
2.0337621259842518
11
1.9547951968503936
21
2.0336061023622047
0
LINE
8
BLACK
6
CONTINUOUS
10
1.9547951968503936
20
2.0336061023622047
11
1.9548672440944881
21
2.0335762598425196
0
LINE
8
BLACK
6
CONTINUOUS
10
1.9548672440944881
20
2.0335762598425196
11
1.9549482677165353
21
2.0335097637795276
0
LINE
8
BLACK
6
CONTINUOUS
10
1.9549482677165353
20
2.0335097637795276
11
1.9550372047244093
21
2.0334537795275591
0
LINE
8
BLACK
6
CONTINUOUS
10
1.9550372047244093
20
2.0334537795275591
11
1.9550883464566928
21
2.0333948031496063
0
LINE
8
BLACK
6
CONTINUOUS
10
1.9550883464566928
20
2.0333948031496063
11
1.9553147244094489
21
2.0332090157480316
0
LINE
8
BLACK
6
CONTINUOUS
10
1.9553147244094489
20
2.0332090157480316
11
1.9590642913385827
21
2.0294594881889765
0
LINE
8
BLACK
6
CONTINUOUS
10
1.9590642913385827
20
2.0294594881889765
11
1.9594315354330709
21
2.0290120472440942
0
LINE
8
BLACK
6
CONTINUOUS
10
1.9594315354330709
20
2.0290120472440942
11
1.959472125984252
21
2.0289140157480317
0
LINE
8
BLACK
6
CONTINUOUS
10
1.959472125984252
20
2.0289140157480317
11
1.9595416141732283
21
2.0288338976377953
0
LINE
8
BLACK
6
CONTINUOUS
10
1.9595416141732283
20
2.0288338976377953
11
1.9597775984251968
21
2.02830531496063
0
LINE
8
BLACK
6
CONTINUOUS
10
1.9597775984251968
20
2.02830531496063
11
1.9616523622047244
21
2.0226810629921261
0
LINE
8
BLACK
6
CONTINUOUS
10
1.9616523622047244
20
2.0226810629921261
11
1.9617172834645669
21
2.0223954330708662
0
LINE
8
BLACK
6
CONTINUOUS
10
1.9617172834645669
20
2.0223954330708662
11
1.9617471653543306
21
2.0223233464566928
0
LINE
8
BLACK
6
CONTINUOUS
10
1.9617471653543306
20
2.0223233464566928
11
1.9617574409448819
21
2.0222188976377953
0
LINE
8
BLACK
6
CONTINUOUS
10
1.9617574409448819
20
2.0222188976377953
11
1.9617807086614172
21
2.0221166141732283
0
LINE
8
BLACK
6
CONTINUOUS
10
1.9617807086614172
20
2.0221166141732283
11
1.9617751574803148
21
2.0220388976377954
0
LINE
8
BLACK
6
CONTINUOUS
10
1.9617751574803148
20
2.0220388976377954
11
1.9618038976377952
21
2.0217472834645669
0
LINE
8
BLACK
6
CONTINUOUS
10
1.9618038976377952
20
2.0217472834645669
11
1.9618038976377952
21
2.0179977559055118
0
LINE
8
BLACK
6
CONTINUOUS
10
1.9618038976377952
20
2.0179977559055118
11
1.9617751574803148
21
2.017706181102362
0
LINE
8
BLACK
6
CONTINUOUS
10
1.9617751574803148
20
2.017706181102362
11
1.9617807086614172
21
2.0176284251968504
0
LINE
8
BLACK
6
CONTINUOUS
10
1.9617807086614172
20
2.0176284251968504
11
1.9617574409448819
21
2.0175261811023621
0
LINE
8
BLACK
6
CONTINUOUS
10
1.9617574409448819
20
2.0175261811023621
11
1.9617471653543306
21
2.0174216929133859
0
LINE
8
BLACK
6
CONTINUOUS
10
1.9617471653543306
20
2.0174216929133859
11
1.9617172834645669
21
2.0173496456692912
0
LINE
8
BLACK
6
CONTINUOUS
10
1.9617172834645669
20
2.0173496456692912
11
1.9616523622047244
21
2.0170639763779525
0
LINE
8
BLACK
6
CONTINUOUS
10
1.9616523622047244
20
2.0170639763779525
11
1.9597775984251968
21
2.0114397244094486
0
LINE
8
BLACK
6
CONTINUOUS
10
1.9597775984251968
20
2.0114397244094486
11
1.9595416141732283
21
2.0109111417322834
0
LINE
8
BLACK
6
CONTINUOUS
10
1.9595416141732283
20
2.0109111417322834
11
1.9594720472440945
21
2.0108309842519683
0
LINE
8
BLACK
6
CONTINUOUS
10
1.9594720472440945
20
2.0108309842519683
11
1.9594314960629922
21
2.010732992125984
0
LINE
8
BLACK
6
CONTINUOUS
10
1.9594314960629922
20
2.010732992125984
11
1.959064251968504
21
2.0102855118110234
0
LINE
8
BLACK
6
CONTINUOUS
10
1.959064251968504
20
2.0102855118110234
11
1.9571894488188977
21
2.0084107480314959
0
LINE
8
BLACK
6
CONTINUOUS
10
1.9571894488188977
20
2.0084107480314959
11
1.9567420078740156
21
2.0080435433070867
0
LINE
8
BLACK
6
CONTINUOUS
10
1.9567420078740156
20
2.0080435433070867
11
1.9556775984251968
21
2.0076026771653543
0
LINE
8
BLACK
6
CONTINUOUS
10
1.9556775984251968
20
2.0076026771653543
11
1.9545255118110236
21
2.0076026771653543
0
LINE
8
BLACK
6
CONTINUOUS
10
1.9545255118110236
20
2.0076026771653543
11
1.9534611023622046
21
2.0080435826771654
0
LINE
8
BLACK
6
CONTINUOUS
10
1.9534611023622046
20
2.0080435826771654
11
1.9526464173228346
21
2.0088582677165352
0
LINE
8
BLACK
6
CONTINUOUS
10
1.9526464173228346
20
2.0088582677165352
11
1.9522055511811023
21
2.0099226771653544
0
LINE
8
BLACK
6
CONTINUOUS
10
1.9522055511811023
20
2.0099226771653544
11
1.9522055511811023
21
2.0110747637795274
0
LINE
8
BLACK
6
CONTINUOUS
10
1.9522055511811023
20
2.0110747637795274
11
1.9526464566929134
21
2.0121391732283462
0
LINE
8
BLACK
6
CONTINUOUS
10
1.9526464566929134
20
2.0121391732283462
11
1.9530137007874016
21
2.0125866535433072
0
LINE
8
BLACK
6
CONTINUOUS
10
1.9530137007874016
20
2.0125866535433072
11
1.954395590551181
21
2.0139685433070866
0
LINE
8
BLACK
6
CONTINUOUS
10
1.954395590551181
20
2.0139685433070866
11
1.9558983858267716
21
2.0184768897637797
0
LINE
8
BLACK
6
CONTINUOUS
10
1.9558983858267716
20
2.0184768897637797
11
1.9558983858267716
21
2.021268149606299
0
LINE
8
BLACK
6
CONTINUOUS
10
1.9558983858267716
20
2.021268149606299
11
1.954395590551181
21
2.0257765354330708
0
LINE
8
BLACK
6
CONTINUOUS
10
1.954395590551181
20
2.0257765354330708
11
1.9514777165354331
21
2.0286943700787403
0
LINE
8
BLACK
6
CONTINUOUS
10
1.9514777165354331
20
2.0286943700787403
11
1.9484467322834644
21
2.0302098818897636
0
LINE
8
BLACK
6
CONTINUOUS
10
1.9484467322834644
20
2.0302098818897636
11
1.9416146850393701
21
2.0319178740157482
0
LINE
8
BLACK
6
CONTINUOUS
10
1.9416146850393701
20
2.0319178740157482
11
1.9367174803149605
21
2.0319178740157482
0
LINE
8
BLACK
6
CONTINUOUS
10
1.9367174803149605
20
2.0319178740157482
11
1.9298854330708661
21
2.0302098818897636
0
LINE
8
BLACK
6
CONTINUOUS
10
1.9298854330708661
20
2.0302098818897636
11
1.9268544488188977
21
2.0286943700787403
0
LINE
8
BLACK
6
CONTINUOUS
10
1.9268544488188977
20
2.0286943700787403
11
1.9239366141732284
21
2.0257765748031495
0
LINE
8
BLACK
6
CONTINUOUS
10
1.9239366141732284
20
2.0257765748031495
11
1.9224338188976378
21
2.021268149606299
0
LINE
8
BLACK
6
CONTINUOUS
10
1.9224338188976378
20
2.021268149606299
11
1.9224338188976378
21
2.018476929133858
0
LINE
8
BLACK
6
CONTINUOUS
10
1.9224338188976378
20
2.018476929133858
11
1.9239366141732284
21
2.0139685039370079
0
LINE
8
BLACK
6
CONTINUOUS
10
1.9239366141732284
20
2.0139685039370079
11
1.9253185039370078
21
2.0125866141732285
0
LINE
8
BLACK
6
CONTINUOUS
10
1.9253185039370078
20
2.0125866141732285
11
1.9256857086614172
21
2.0121391732283462
0
LINE
8
BLACK
6
CONTINUOUS
10
1.9256857086614172
20
2.0121391732283462
11
1.9261266141732283
21
2.0110747637795274
0
LINE
8
BLACK
6
CONTINUOUS
10
1.9261266141732283
20
2.0110747637795274
11
1.9261266141732283
21
2.0099226771653544
0
LINE
8
BLACK
6
CONTINUOUS
10
1.9261266141732283
20
2.0099226771653544
11
1.9256857086614172
21
2.0088582677165352
0
LINE
8
BLACK
6
CONTINUOUS
10
1.9256857086614172
20
2.0088582677165352
11
1.9248710236220472
21
2.0080435826771654
0
LINE
8
BLACK
6
CONTINUOUS
10
1.9248710236220472
20
2.0080435826771654
11
1.9238066141732284
21
2.0076026771653543
0
LINE
8
BLACK
6
CONTINUOUS
10
1.9238066141732284
20
2.0076026771653543
11
1.922654527559055
21
2.0076026771653543
0
LINE
8
BLACK
6
CONTINUOUS
10
1.922654527559055
20
2.0076026771653543
11
1.9215901181102362
21
2.0080435826771654
0
LINE
8
BLACK
6
CONTINUOUS
10
1.9215901181102362
20
2.0080435826771654
11
1.9211426771653544
21
2.0084107874015746
0
LINE
8
BLACK
6
CONTINUOUS
10
1.9211426771653544
20
2.0084107874015746
11
1.9192679133858268
21
2.0102855511811022
0
LINE
8
BLACK
6
CONTINUOUS
10
1.9192679133858268
20
2.0102855511811022
11
1.9189007086614174
21
2.010732992125984
0
LINE
8
BLACK
6
CONTINUOUS
10
1.9189007086614174
20
2.010732992125984
11
1.9188600787401575
21
2.0108310629921258
0
LINE
8
BLACK
6
CONTINUOUS
10
1.9188600787401575
20
2.0108310629921258
11
1.9187905905511811
21
2.0109111811023621
0
LINE
8
BLACK
6
CONTINUOUS
10
1.9187905905511811
20
2.0109111811023621
11
1.9185546062992125
21
2.0114397244094486
0
LINE
8
BLACK
6
CONTINUOUS
10
1.9185546062992125
20
2.0114397244094486
11
1.9166798425196849
21
2.0170640157480313
0
LINE
8
BLACK
6
CONTINUOUS
10
1.9166798425196849
20
2.0170640157480313
11
1.9166148818897637
21
2.0173496062992125
0
LINE
8
BLACK
6
CONTINUOUS
10
1.9166148818897637
20
2.0173496062992125
11
1.9165850393700787
21
2.0174216929133859
0
LINE
8
BLACK
6
CONTINUOUS
10
1.9165850393700787
20
2.0174216929133859
11
1.9165747244094489
21
2.0175262204724409
0
LINE
8
BLACK
6
CONTINUOUS
10
1.9165747244094489
20
2.0175262204724409
11
1.9165514960629921
21
2.0176284645669291
0
LINE
8
BLACK
6
CONTINUOUS
10
1.9165514960629921
20
2.0176284645669291
11
1.9165570078740157
21
2.0177062204724407
0
LINE
8
BLACK
6
CONTINUOUS
10
1.9165570078740157
20
2.0177062204724407
11
1.9165283070866141
21
2.0179977559055118
0
LINE
8
BLACK
6
CONTINUOUS
10
1.9165283070866141
20
2.0179977559055118
11
1.9165283070866141
21
2.0217472834645669
0
LINE
8
BLACK
6
CONTINUOUS
10
1.9165283070866141
20
2.0217472834645669
11
1.9165570078740157
21
2.0220388582677167
0
LINE
8
BLACK
6
CONTINUOUS
10
1.9165570078740157
20
2.0220388582677167
11
1.9165514960629921
21
2.0221165748031495
0
LINE
8
BLACK
6
CONTINUOUS
10
1.9165514960629921
20
2.0221165748031495
11
1.9165747244094489
21
2.0222188582677165
0
LINE
8
BLACK
6
CONTINUOUS
10
1.9165747244094489
20
2.0222188582677165
11
1.9165850393700787
21
2.0223233464566928
0
LINE
8
BLACK
6
CONTINUOUS
10
1.9165850393700787
20
2.0223233464566928
11
1.9166148818897637
21
2.022395472440945
0
LINE
8
BLACK
6
CONTINUOUS
10
1.9166148818897637
20
2.022395472440945
11
1.9166798425196849
21
2.0226810236220474
0
LINE
8
BLACK
6
CONTINUOUS
10
1.9166798425196849
20
2.0226810236220474
11
1.9185546062992125
21
2.02830531496063
0
LINE
8
BLACK
6
CONTINUOUS
10
1.9185546062992125
20
2.02830531496063
11
1.9187905905511811
21
2.0288338582677166
0
LINE
8
BLACK
6
CONTINUOUS
10
1.9187905905511811
20
2.0288338582677166
11
1.9188600787401575
21
2.0289140157480317
0
LINE
8
BLACK
6
CONTINUOUS
10
1.9188600787401575
20
2.0289140157480317
11
1.9189007086614174
21
2.0290120472440942
0
LINE
8
BLACK
6
CONTINUOUS
10
1.9189007086614174
20
2.0290120472440942
11
1.9192679133858268
21
2.0294594881889765
0
LINE
8
BLACK
6
CONTINUOUS
10
1.9192679133858268
20
2.0294594881889765
11
1.9230174409448819
21
2.0332090157480316
0
LINE
8
BLACK
6
CONTINUOUS
10
1.9230174409448819
20
2.0332090157480316
11
1.9232438188976377
21
2.0333948818897638
0
LINE
8
BLACK
6
CONTINUOUS
10
1.9232438188976377
20
2.0333948818897638
11
1.9232949606299212
21
2.0334537795275591
0
LINE
8
BLACK
6
CONTINUOUS
10
1.9232949606299212
20
2.0334537795275591
11
1.9233837007874015
21
2.0335096850393701
0
LINE
8
BLACK
6
CONTINUOUS
10
1.9233837007874015
20
2.0335096850393701
11
1.9234648818897637
21
2.0335762598425196
0
LINE
8
BLACK
6
CONTINUOUS
10
1.9234648818897637
20
2.0335762598425196
11
1.9235370078740157
21
2.0336061417322835
0
LINE
8
BLACK
6
CONTINUOUS
10
1.9235370078740157
20
2.0336061417322835
11
1.9237848425196851
21
2.0337621259842518
0
LINE
8
BLACK
6
CONTINUOUS
10
1.9237848425196851
20
2.0337621259842518
11
1.9275343700787402
21
2.0356368897637793
0
LINE
8
BLACK
6
CONTINUOUS
10
1.9275343700787402
20
2.0356368897637793
11
1.9275764566929134
21
2.035653031496063
0
LINE
8
BLACK
6
CONTINUOUS
10
1.9275764566929134
20
2.035653031496063
11
1.927593622047244
21
2.0356657086614174
0
LINE
8
BLACK
6
CONTINUOUS
10
1.927593622047244
20
2.0356657086614174
11
1.9278351968503937
21
2.0357520472440944
0
LINE
8
BLACK
6
CONTINUOUS
10
1.9278351968503937
20
2.0357520472440944
11
1.9280749606299212
21
2.0358437795275588
0
LINE
8
BLACK
6
CONTINUOUS
10
1.9280749606299212
20
2.0358437795275588
11
1.928096220472441
21
2.0358453149606297
0
LINE
8
BLACK
6
CONTINUOUS
10
1.928096220472441
20
2.0358453149606297
11
1.9281387401574803
21
2.035860472440945
0
LINE
8
BLACK
6
CONTINUOUS
10
1.9281387401574803
20
2.035860472440945
11
1.9356377952755905
21
2.0377352362204726
0
LINE
8
BLACK
6
CONTINUOUS
10
1.9356377952755905
20
2.0377352362204726
11
1.9357376377952755
21
2.0377500393700787
0
LINE
8
BLACK
6
CONTINUOUS
10
1.9357376377952755
20
2.0377500393700787
11
1.9357778740157481
21
2.037766653543307
0
LINE
8
BLACK
6
CONTINUOUS
10
1.9357778740157481
20
2.037766653543307
11
1.9359948818897637
21
2.037788031496063
0
LINE
8
BLACK
6
CONTINUOUS
10
1.9359948818897637
20
2.037788031496063
11
1.9362103937007873
21
2.0378198818897637
0
LINE
8
BLACK
6
CONTINUOUS
10
1.9362103937007873
20
2.0378198818897637
11
1.9362533858267716
21
2.037813503937008
0
LINE
8
BLACK
6
CONTINUOUS
10
1.9362533858267716
20
2.037813503937008
11
1.9363539370078739
21
2.0378233858267718
0
LINE
8
BLACK
6
CONTINUOUS
10
1.9363539370078739
20
2.0378233858267718
11
1.9419782283464566
21
2.0378233858267718
0
LINE
8
BLACK
6
CONTINUOUS
10
1.9419782283464566
20
2.0378233858267718
11
1.9420787401574802
21
2.037813503937008
0
LINE
8
BLACK
6
CONTINUOUS
10
0.5559225590551181
20
2.0447844488188975
11
0.5561023622047244
21
2.0438804724409447
0
LINE
8
BLACK
6
CONTINUOUS
10
0.5561023622047244
20
2.0438804724409447
11
0.5561023622047244
21
2.0260014173228345
0
LINE
8
BLACK
6
CONTINUOUS
10
0.5561023622047244
20
2.0260014173228345
11
0.5559225590551181
21
2.0250974409448816
0
LINE
8
BLACK
6
CONTINUOUS
10
0.5559225590551181
20
2.0250974409448816
11
0.5546441338582677
21
2.0238190157480314
0
LINE
8
BLACK
6
CONTINUOUS
10
0.5546441338582677
20
2.0238190157480314
11
0.5528361811023622
21
2.0238190157480314
0
LINE
8
BLACK
6
CONTINUOUS
10
0.5528361811023622
20
2.0238190157480314
11
0.5515577559055118
21
2.0250974409448816
0
LINE
8
BLACK
6
CONTINUOUS
10
0.5515577559055118
20
2.0250974409448816
11
0.5513779527559055
21
2.0260014173228345
0
LINE
8
BLACK
6
CONTINUOUS
10
0.5513779527559055
20
2.0260014173228345
11
0.5513779527559055
21
2.0438804724409447
0
LINE
8
BLACK
6
CONTINUOUS
10
0.5513779527559055
20
2.0438804724409447
11
0.5515577559055118
21
2.0447844488188975
0
LINE
8
BLACK
6
CONTINUOUS
10
0.5515577559055118
20
2.0447844488188975
11
0.5528361811023622
21
2.0460628740157478
0
LINE
8
BLACK
6
CONTINUOUS
10
0.5528361811023622
20
2.0460628740157478
11
0.5546441338582677
21
2.0460628740157478
0
LINE
8
BLACK
6
CONTINUOUS
10
0.5546441338582677
20
2.0460628740157478
11
0.5559225590551181
21
2.0447844488188975
0
LINE
8
BLACK
6
CONTINUOUS
10
0.6137965748031496
20
2.0447844488188975
11
0.6139763779527558
21
2.0438804724409447
0
LINE
8
BLACK
6
CONTINUOUS
10
0.6139763779527558
20
2.0438804724409447
11
0.6139763779527558
21
2.0260014173228345
0
LINE
8
BLACK
6
CONTINUOUS
10
0.6139763779527558
20
2.0260014173228345
11
0.6137965748031496
21
2.0250974409448816
0
LINE
8
BLACK
6
CONTINUOUS
10
0.6137965748031496
20
2.0250974409448816
11
0.6125181496062992
21
2.0238190157480314
0
LINE
8
BLACK
6
CONTINUOUS
10
0.6125181496062992
20
2.0238190157480314
11
0.6107101968503937
21
2.0238190157480314
0
LINE
8
BLACK
6
CONTINUOUS
10
0.6107101968503937
20
2.0238190157480314
11
0.6094317716535433
21
2.0250974409448816
0
LINE
8
BLACK
6
CONTINUOUS
10
0.6094317716535433
20
2.0250974409448816
11
0.609251968503937
21
2.0260014173228345
0
LINE
8
BLACK
6
CONTINUOUS
10
0.609251968503937
20
2.0260014173228345
11
0.609251968503937
21
2.0438804724409447
0
LINE
8
BLACK
6
CONTINUOUS
10
0.609251968503937
20
2.0438804724409447
11
0.6094317716535433
21
2.0447844488188975
0
LINE
8
BLACK
6
CONTINUOUS
10
0.6094317716535433
20
2.0447844488188975
11
0.6107101968503937
21
2.0460628740157478
0
LINE
8
BLACK
6
CONTINUOUS
10
0.6107101968503937
20
2.0460628740157478
11
0.6125181496062992
21
2.0460628740157478
0
LINE
8
BLACK
6
CONTINUOUS
10
0.6125181496062992
20
2.0460628740157478
11
0.6137965748031496
21
2.0447844488188975
0
LINE
8
BLACK
6
CONTINUOUS
10
0.5635681496062992
20
2.1503440944881889
11
0.5636661417322835
21
2.1503035039370078
0
LINE
8
BLACK
6
CONTINUOUS
10
0.5636661417322835
20
2.1503035039370078
11
0.563771968503937
21
2.1502959842519687
0
LINE
8
BLACK
6
CONTINUOUS
10
0.563771968503937
20
2.1502959842519687
11
0.5643125984251969
21
2.1500890944881887
0
LINE
8
BLACK
6
CONTINUOUS
10
0.5643125984251969
20
2.1500890944881887
11
0.568062125984252
21
2.1482143307086612
0
LINE
8
BLACK
6
CONTINUOUS
10
0.568062125984252
20
2.1482143307086612
11
0.5683101181102362
21
2.1480582677165354
0
LINE
8
BLACK
6
CONTINUOUS
10
0.5683101181102362
20
2.1480582677165354
11
0.5683820866141732
21
2.1480284251968502
0
LINE
8
BLACK
6
CONTINUOUS
10
0.5683820866141732
20
2.1480284251968502
11
0.568463031496063
21
2.1479619685039371
0
LINE
8
BLACK
6
CONTINUOUS
10
0.568463031496063
20
2.1479619685039371
11
0.5685520078740157
21
2.1479059842519685
0
LINE
8
BLACK
6
CONTINUOUS
10
0.5685520078740157
20
2.1479059842519685
11
0.5686031496062992
21
2.1478470078740157
0
LINE
8
BLACK
6
CONTINUOUS
10
0.5686031496062992
20
2.1478470078740157
11
0.5688295275590551
21
2.147661220472441
0
LINE
8
BLACK
6
CONTINUOUS
10
0.5688295275590551
20
2.147661220472441
11
0.5707042913385827
21
2.1457864566929135
0
LINE
8
BLACK
6
CONTINUOUS
10
0.5707042913385827
20
2.1457864566929135
11
0.5707055905511811
21
2.1457848818897638
0
LINE
8
BLACK
6
CONTINUOUS
10
0.5707055905511811
20
2.1457848818897638
11
0.5707064566929134
21
2.1457842913385825
0
LINE
8
BLACK
6
CONTINUOUS
10
0.5707064566929134
20
2.1457842913385825
11
0.5708947637795275
21
2.1455543307086615
0
LINE
8
BLACK
6
CONTINUOUS
10
0.5708947637795275
20
2.1455543307086615
11
0.5710714960629921
21
2.1453390157480317
0
LINE
8
BLACK
6
CONTINUOUS
10
0.5710714960629921
20
2.1453390157480317
11
0.5710718503937008
21
2.1453381496062991
0
LINE
8
BLACK
6
CONTINUOUS
10
0.5710718503937008
20
2.1453381496062991
11
0.5710732283464567
21
2.1453364566929132
0
LINE
8
BLACK
6
CONTINUOUS
10
0.5710732283464567
20
2.1453364566929132
11
0.5748227559055118
21
2.1397121259842518
0
LINE
8
BLACK
6
CONTINUOUS
10
0.5748227559055118
20
2.1397121259842518
11
0.5749922047244095
21
2.1393942519685041
0
LINE
8
BLACK
6
CONTINUOUS
10
0.5749922047244095
20
2.1393942519685041
11
0.575035748031496
21
2.1393355118110238
0
LINE
8
BLACK
6
CONTINUOUS
10
0.575035748031496
20
2.1393355118110238
11
0.5750605118110236
21
2.1392661417322834
0
LINE
8
BLACK
6
CONTINUOUS
10
0.5750605118110236
20
2.1392661417322834
11
0.5750950787401574
21
2.1392013385826769
0
LINE
8
BLACK
6
CONTINUOUS
10
0.5750950787401574
20
2.1392013385826769
11
0.5751091732283464
21
2.1391299212598427
0
LINE
8
BLACK
6
CONTINUOUS
10
0.5751091732283464
20
2.1391299212598427
11
0.5752305118110236
21
2.1387903937007873
0
LINE
8
BLACK
6
CONTINUOUS
10
0.5752305118110236
20
2.1387903937007873
11
0.5771052755905511
21
2.1312913385826771
0
LINE
8
BLACK
6
CONTINUOUS
10
0.5771052755905511
20
2.1312913385826771
11
0.5771200393700787
21
2.1311914960629923
0
LINE
8
BLACK
6
CONTINUOUS
10
0.5771200393700787
20
2.1311914960629923
11
0.5771366929133858
21
2.1311512598425195
0
LINE
8
BLACK
6
CONTINUOUS
10
0.5771366929133858
20
2.1311512598425195
11
0.5771580314960629
21
2.1309342519685037
0
LINE
8
BLACK
6
CONTINUOUS
10
0.5771580314960629
20
2.1309342519685037
11
0.5771899212598425
21
2.1307187401574801
0
LINE
8
BLACK
6
CONTINUOUS
10
0.5771899212598425
20
2.1307187401574801
11
0.5771835039370079
21
2.130675748031496
0
LINE
8
BLACK
6
CONTINUOUS
10
0.5771835039370079
20
2.130675748031496
11
0.5771934251968504
21
2.1305751968503936
0
LINE
8
BLACK
6
CONTINUOUS
10
0.5771934251968504
20
2.1305751968503936
11
0.5771934251968504
21
2.1155770866141732
0
LINE
8
BLACK
6
CONTINUOUS
10
0.5771934251968504
20
2.1155770866141732
11
0.5771366929133858
21
2.1150010236220473
0
LINE
8
BLACK
6
CONTINUOUS
10
0.5771366929133858
20
2.1150010236220473
11
0.5770961023622048
21
2.1149030708661418
0
LINE
8
BLACK
6
CONTINUOUS
10
0.5770961023622048
20
2.1149030708661418
11
0.5770885826771653
21
2.1147971653543305
0
LINE
8
BLACK
6
CONTINUOUS
10
0.5770885826771653
20
2.1147971653543305
11
0.5768816929133859
21
2.1142565748031497
0
LINE
8
BLACK
6
CONTINUOUS
10
0.5768816929133859
20
2.1142565748031497
11
0.5750069291338582
21
2.1105070472440945
0
LINE
8
BLACK
6
CONTINUOUS
10
0.5750069291338582
20
2.1105070472440945
11
0.5748508661417323
21
2.1102591732283464
0
LINE
8
BLACK
6
CONTINUOUS
10
0.5748508661417323
20
2.1102591732283464
11
0.574821062992126
21
2.1101871259842517
0
LINE
8
BLACK
6
CONTINUOUS
10
0.574821062992126
20
2.1101871259842517
11
0.5747545275590551
21
2.1101061023622045
0
LINE
8
BLACK
6
CONTINUOUS
10
0.5747545275590551
20
2.1101061023622045
11
0.5746985826771653
21
2.1100171653543307
0
LINE
8
BLACK
6
CONTINUOUS
10
0.5746985826771653
20
2.1100171653543307
11
0.5746395669291339
21
2.109966023622047
0
LINE
8
BLACK
6
CONTINUOUS
10
0.5746395669291339
20
2.109966023622047
11
0.5744538188976378
21
2.1097396456692912
0
LINE
8
BLACK
6
CONTINUOUS
10
0.5744538188976378
20
2.1097396456692912
11
0.572579094488189
21
2.1078648818897636
0
LINE
8
BLACK
6
CONTINUOUS
10
0.572579094488189
20
2.1078648818897636
11
0.5723527165354331
21
2.1076791338582677
0
LINE
8
BLACK
6
CONTINUOUS
10
0.5723527165354331
20
2.1076791338582677
11
0.5723015354330708
21
2.1076200787401573
0
LINE
8
BLACK
6
CONTINUOUS
10
0.5723015354330708
20
2.1076200787401573
11
0.5722125590551181
21
2.1075640944881888
0
LINE
8
BLACK
6
CONTINUOUS
10
0.5722125590551181
20
2.1075640944881888
11
0.5721316141732283
21
2.1074976377952757
0
LINE
8
BLACK
6
CONTINUOUS
10
0.5721316141732283
20
2.1074976377952757
11
0.5720596456692914
21
2.1074678346456692
0
LINE
8
BLACK
6
CONTINUOUS
10
0.5720596456692914
20
2.1074678346456692
11
0.5718116535433071
21
2.1073117322834647
0
LINE
8
BLACK
6
CONTINUOUS
10
0.5718116535433071
20
2.1073117322834647
11
0.568062125984252
21
2.1054369685039371
0
LINE
8
BLACK
6
CONTINUOUS
10
0.568062125984252
20
2.1054369685039371
11
0.5675214960629921
21
2.1052300787401572
0
LINE
8
BLACK
6
CONTINUOUS
10
0.5675214960629921
20
2.1052300787401572
11
0.5674156692913386
21
2.1052225984251969
0
LINE
8
BLACK
6
CONTINUOUS
10
0.5674156692913386
20
2.1052225984251969
11
0.5673176771653543
21
2.105181968503937
0
LINE
8
BLACK
6
CONTINUOUS
10
0.5673176771653543
20
2.105181968503937
11
0.5667416141732283
21
2.1051252362204722
0
LINE
8
BLACK
6
CONTINUOUS
10
0.5667416141732283
20
2.1051252362204722
11
0.5592425590551181
21
2.1051252362204722
0
LINE
8
BLACK
6
CONTINUOUS
10
0.5592425590551181
20
2.1051252362204722
11
0.5586664960629921
21
2.105181968503937
0
LINE
8
BLACK
6
CONTINUOUS
10
0.5586664960629921
20
2.105181968503937
11
0.5585685039370079
21
2.1052225590551181
0
LINE
8
BLACK
6
CONTINUOUS
10
0.5585685039370079
20
2.1052225590551181
11
0.5584626377952756
21
2.1052300787401572
0
LINE
8
BLACK
6
CONTINUOUS
10
0.5584626377952756
20
2.1052300787401572
11
0.5579220472440944
21
2.1054369685039371
0
LINE
8
BLACK
6
CONTINUOUS
10
0.5579220472440944
20
2.1054369685039371
11
0.5541725196850393
21
2.1073117322834647
0
LINE
8
BLACK
6
CONTINUOUS
10
0.5541725196850393
20
2.1073117322834647
11
0.5539244881889763
21
2.1074678346456692
0
LINE
8
BLACK
6
CONTINUOUS
10
0.5539244881889763
20
2.1074678346456692
11
0.5538525590551181
21
2.1074976377952757
0
LINE
8
BLACK
6
CONTINUOUS
10
0.5538525590551181
20
2.1074976377952757
11
0.5537715748031496
21
2.1075640944881888
0
LINE
8
BLACK
6
CONTINUOUS
10
0.5537715748031496
20
2.1075640944881888
11
0.5536826377952756
21
2.1076200787401573
0
LINE
8
BLACK
6
CONTINUOUS
10
0.5536826377952756
20
2.1076200787401573
11
0.5536314173228346
21
2.1076791338582677
0
LINE
8
BLACK
6
CONTINUOUS
10
0.5536314173228346
20
2.1076791338582677
11
0.5534050787401574
21
2.1078648818897636
0
LINE
8
BLACK
6
CONTINUOUS
10
0.5534050787401574
20
2.1078648818897636
11
0.5515303149606299
21
2.1097396850393699
0
LINE
8
BLACK
6
CONTINUOUS
10
0.5515303149606299
20
2.1097396850393699
11
0.5513445669291338
21
2.109966023622047
0
LINE
8
BLACK
6
CONTINUOUS
10
0.5513445669291338
20
2.109966023622047
11
0.5512855905511811
21
2.1100171653543307
0
LINE
8
BLACK
6
CONTINUOUS
10
0.5512855905511811
20
2.1100171653543307
11
0.5512296062992126
21
2.1101061023622045
0
LINE
8
BLACK
6
CONTINUOUS
10
0.5512296062992126
20
2.1101061023622045
11
0.5511631102362204
21
2.1101871259842517
0
LINE
8
BLACK
6
CONTINUOUS
10
0.5511631102362204
20
2.1101871259842517
11
0.5511332677165354
21
2.1102591732283464
0
LINE
8
BLACK
6
CONTINUOUS
10
0.5511332677165354
20
2.1102591732283464
11
0.5509772440944882
21
2.1105070472440945
0
LINE
8
BLACK
6
CONTINUOUS
10
0.5509772440944882
20
2.1105070472440945
11
0.5491024803149607
21
2.1142565748031497
0
LINE
8
BLACK
6
CONTINUOUS
10
0.5491024803149607
20
2.1142565748031497
11
0.5488955905511811
21
2.1147972047244092
0
LINE
8
BLACK
6
CONTINUOUS
10
0.5488955905511811
20
2.1147972047244092
11
0.5488880708661418
21
2.1149030314960631
0
LINE
8
BLACK
6
CONTINUOUS
10
0.5488880708661418
20
2.1149030314960631
11
0.5488474803149607
21
2.1150010236220473
0
LINE
8
BLACK
6
CONTINUOUS
10
0.5488474803149607
20
2.1150010236220473
11
0.5487907480314961
21
2.1155770866141732
0
LINE
8
BLACK
6
CONTINUOUS
10
0.5487907480314961
20
2.1155770866141732
11
0.5487907480314961
21
2.124950905511811
0
LINE
8
BLACK
6
CONTINUOUS
10
0.5487907480314961
20
2.124950905511811
11
0.5488474803149607
21
2.1255269685039369
0
LINE
8
BLACK
6
CONTINUOUS
10
0.5488474803149607
20
2.1255269685039369
11
0.5488880708661418
21
2.1256249999999999
0
LINE
8
BLACK
6
CONTINUOUS
10
0.5488880708661418
20
2.1256249999999999
11
0.5488955905511811
21
2.125730787401575
0
LINE
8
BLACK
6
CONTINUOUS
10
0.5488955905511811
20
2.125730787401575
11
0.5491024803149607
21
2.1262714173228345
0
LINE
8
BLACK
6
CONTINUOUS
10
0.5491024803149607
20
2.1262714173228345
11
0.5509772440944882
21
2.1300209448818896
0
LINE
8
BLACK
6
CONTINUOUS
10
0.5509772440944882
20
2.1300209448818896
11
0.5511333070866141
21
2.1302689763779528
0
LINE
8
BLACK
6
CONTINUOUS
10
0.5511333070866141
20
2.1302689763779528
11
0.5511631496062992
21
2.1303409055118108
0
LINE
8
BLACK
6
CONTINUOUS
10
0.5511631496062992
20
2.1303409055118108
11
0.5512296062992126
21
2.1304218897637797
0
LINE
8
BLACK
6
CONTINUOUS
10
0.5512296062992126
20
2.1304218897637797
11
0.5512855905511811
21
2.1305108267716535
0
LINE
8
BLACK
6
CONTINUOUS
10
0.5512855905511811
20
2.1305108267716535
11
0.5513445669291338
21
2.1305620078740155
0
LINE
8
BLACK
6
CONTINUOUS
10
0.5513445669291338
20
2.1305620078740155
11
0.5515303543307086
21
2.130788346456693
0
LINE
8
BLACK
6
CONTINUOUS
10
0.5515303543307086
20
2.130788346456693
11
0.5534051181102362
21
2.1326631102362206
0
LINE
8
BLACK
6
CONTINUOUS
10
0.5534051181102362
20
2.1326631102362206
11
0.5536314566929134
21
2.1328488976377953
0
LINE
8
BLACK
6
CONTINUOUS
10
0.5536314566929134
20
2.1328488976377953
11
0.5536826377952756
21
2.1329078740157481
0
LINE
8
BLACK
6
CONTINUOUS
10
0.5536826377952756
20
2.1329078740157481
11
0.5537715748031496
21
2.1329638582677166
0
LINE
8
BLACK
6
CONTINUOUS
10
0.5537715748031496
20
2.1329638582677166
11
0.5538525590551181
21
2.1330303149606298
0
LINE
8
BLACK
6
CONTINUOUS
10
0.5538525590551181
20
2.1330303149606298
11
0.5539244881889763
21
2.133060157480315
0
LINE
8
BLACK
6
CONTINUOUS
10
0.5539244881889763
20
2.133060157480315
11
0.5541725196850393
21
2.1332162204724407
0
LINE
8
BLACK
6
CONTINUOUS
10
0.5541725196850393
20
2.1332162204724407
11
0.5579220472440944
21
2.1350909842519683
0
LINE
8
BLACK
6
CONTINUOUS
10
0.5579220472440944
20
2.1350909842519683
11
0.5584626377952756
21
2.1352978740157478
0
LINE
8
BLACK
6
CONTINUOUS
10
0.5584626377952756
20
2.1352978740157478
11
0.5585685039370079
21
2.1353054330708661
0
LINE
8
BLACK
6
CONTINUOUS
10
0.5585685039370079
20
2.1353054330708661
11
0.5586664960629921
21
2.1353459842519684
0
LINE
8
BLACK
6
CONTINUOUS
10
0.5586664960629921
20
2.1353459842519684
11
0.5592425590551181
21
2.1354027165354332
0
LINE
8
BLACK
6
CONTINUOUS
10
0.5592425590551181
20
2.1354027165354332
11
0.5667416141732283
21
2.1354027165354332
0
LINE
8
BLACK
6
CONTINUOUS
10
0.5667416141732283
20
2.1354027165354332
11
0.5673176771653543
21
2.1353459842519684
0
LINE
8
BLACK
6
CONTINUOUS
10
0.5673176771653543
20
2.1353459842519684
11
0.5674156692913386
21
2.1353053937007873
0
LINE
8
BLACK
6
CONTINUOUS
10
0.5674156692913386
20
2.1353053937007873
11
0.5675214960629921
21
2.1352978740157478
0
LINE
8
BLACK
6
CONTINUOUS
10
0.5675214960629921
20
2.1352978740157478
11
0.568062125984252
21
2.1350909842519683
0
LINE
8
BLACK
6
CONTINUOUS
10
0.568062125984252
20
2.1350909842519683
11
0.5703546456692913
21
2.1339447244094489
0
LINE
8
BLACK
6
CONTINUOUS
10
0.5703546456692913
20
2.1339447244094489
11
0.5696253543307086
21
2.1368618897637797
0
LINE
8
BLACK
6
CONTINUOUS
10
0.5696253543307086
20
2.1368618897637797
11
0.5663216535433071
21
2.141817440944882
0
LINE
8
BLACK
6
CONTINUOUS
10
0.5663216535433071
20
2.141817440944882
11
0.5649925196850394
21
2.1431465748031497
0
LINE
8
BLACK
6
CONTINUOUS
10
0.5649925196850394
20
2.1431465748031497
11
0.5622950393700787
21
2.1444953149606301
0
LINE
8
BLACK
6
CONTINUOUS
10
0.5622950393700787
20
2.1444953149606301
11
0.555493031496063
21
2.1444953149606301
0
LINE
8
BLACK
6
CONTINUOUS
10
0.555493031496063
20
2.1444953149606301
11
0.554916968503937
21
2.1445520472440944
0
LINE
8
BLACK
6
CONTINUOUS
10
0.554916968503937
20
2.1445520472440944
11
0.5538525590551181
21
2.1449929527559055
0
LINE
8
BLACK
6
CONTINUOUS
10
0.5538525590551181
20
2.1449929527559055
11
0.5530379133858268
21
2.145807598425197
0
LINE
8
BLACK
6
CONTINUOUS
10
0.5530379133858268
20
2.145807598425197
11
0.5525970078740158
21
2.1468720078740158
0
LINE
8
BLACK
6
CONTINUOUS
10
0.5525970078740158
20
2.1468720078740158
11
0.5525970078740158
21
2.1480241338582675
0
LINE
8
BLACK
6
CONTINUOUS
10
0.5525970078740158
20
2.1480241338582675
11
0.5530379133858268
21
2.1490885433070868
0
LINE
8
BLACK
6
CONTINUOUS
10
0.5530379133858268
20
2.1490885433070868
11
0.5538525590551181
21
2.1499031889763778
0
LINE
8
BLACK
6
CONTINUOUS
10
0.5538525590551181
20
2.1499031889763778
11
0.554916968503937
21
2.1503440944881889
0
LINE
8
BLACK
6
CONTINUOUS
10
0.554916968503937
20
2.1503440944881889
11
0.555493031496063
21
2.1504008267716537
0
LINE
8
BLACK
6
CONTINUOUS
10
0.555493031496063
20
2.1504008267716537
11
0.5629920866141732
21
2.1504008267716537
0
LINE
8
BLACK
6
CONTINUOUS
10
0.5629920866141732
20
2.1504008267716537
11
0.5635681496062992
21
2.1503440944881889
0
LINE
8
BLACK
6
CONTINUOUS
10
0.5572421259842519
20
2.1281484645669293
11
0.556045
21
2.126951338582677
0
LINE
8
BLACK
6
CONTINUOUS
10
0.556045
20
2.126951338582677
11
0.5546962598425197
21
2.1242538582677164
0
LINE
8
BLACK
6
CONTINUOUS
10
0.5546962598425197
20
2.1242538582677164
11
0.5546962598425197
21
2.1162741338582678
0
LINE
8
BLACK
6
CONTINUOUS
10
0.5546962598425197
20
2.1162741338582678
11
0.556045
21
2.1135766535433071
0
LINE
8
BLACK
6
CONTINUOUS
10
0.556045
20
2.1135766535433071
11
0.5572421259842519
21
2.1123794881889761
0
LINE
8
BLACK
6
CONTINUOUS
10
0.5572421259842519
20
2.1123794881889761
11
0.5599396062992126
21
2.1110307480314958
0
LINE
8
BLACK
6
CONTINUOUS
10
0.5599396062992126
20
2.1110307480314958
11
0.5660445669291339
21
2.1110307480314958
0
LINE
8
BLACK
6
CONTINUOUS
10
0.5660445669291339
20
2.1110307480314958
11
0.5687420078740157
21
2.1123794881889761
0
LINE
8
BLACK
6
CONTINUOUS
10
0.5687420078740157
20
2.1123794881889761
11
0.5699391338582677
21
2.1135766535433071
0
LINE
8
BLACK
6
CONTINUOUS
10
0.5699391338582677
20
2.1135766535433071
11
0.5712879133858267
21
2.1162741338582678
0
LINE
8
BLACK
6
CONTINUOUS
10
0.5712879133858267
20
2.1162741338582678
11
0.5712879133858267
21
2.1242538582677164
0
LINE
8
BLACK
6
CONTINUOUS
10
0.5712879133858267
20
2.1242538582677164
11
0.5699391732283464
21
2.126951338582677
0
LINE
8
BLACK
6
CONTINUOUS
10
0.5699391732283464
20
2.126951338582677
11
0.5687420472440945
21
2.1281484645669293
0
LINE
8
BLACK
6
CONTINUOUS
10
0.5687420472440945
20
2.1281484645669293
11
0.5660445669291339
21
2.1294972047244096
0
LINE
8
BLACK
6
CONTINUOUS
10
0.5660445669291339
20
2.1294972047244096
11
0.5599396062992126
21
2.1294972047244096
0
LINE
8
BLACK
6
CONTINUOUS
10
0.5599396062992126
20
2.1294972047244096
11
0.5572421259842519
21
2.1281484645669293
0
LINE
8
BLACK
6
CONTINUOUS
10
0.6123120472440945
20
2.1503440944881889
11
0.6133764566929134
21
2.1499031889763778
0
LINE
8
BLACK
6
CONTINUOUS
10
0.6133764566929134
20
2.1499031889763778
11
0.6141911023622048
21
2.1490885433070868
0
LINE
8
BLACK
6
CONTINUOUS
10
0.6141911023622048
20
2.1490885433070868
11
0.6146320078740157
21
2.1480241338582675
0
LINE
8
BLACK
6
CONTINUOUS
10
0.6146320078740157
20
2.1480241338582675
11
0.6146887401574803
21
2.1474480708661416
0
LINE
8
BLACK
6
CONTINUOUS
10
0.6146887401574803
20
2.1474480708661416
11
0.6146887401574803
21
2.1080779921259842
0
LINE
8
BLACK
6
CONTINUOUS
10
0.6146887401574803
20
2.1080779921259842
11
0.6146320078740157
21
2.1075019291338584
0
LINE
8
BLACK
6
CONTINUOUS
10
0.6146320078740157
20
2.1075019291338584
11
0.6141911023622048
21
2.1064375196850391
0
LINE
8
BLACK
6
CONTINUOUS
10
0.6141911023622048
20
2.1064375196850391
11
0.6133764566929134
21
2.1056228740157481
0
LINE
8
BLACK
6
CONTINUOUS
10
0.6133764566929134
20
2.1056228740157481
11
0.6123120472440945
21
2.105181968503937
0
LINE
8
BLACK
6
CONTINUOUS
10
0.6123120472440945
20
2.105181968503937
11
0.6111599212598425
21
2.105181968503937
0
LINE
8
BLACK
6
CONTINUOUS
10
0.6111599212598425
20
2.105181968503937
11
0.6100955118110236
21
2.1056228740157481
0
LINE
8
BLACK
6
CONTINUOUS
10
0.6100955118110236
20
2.1056228740157481
11
0.6092808661417323
21
2.1064375196850391
0
LINE
8
BLACK
6
CONTINUOUS
10
0.6092808661417323
20
2.1064375196850391
11
0.6088399606299213
21
2.1075019291338584
0
LINE
8
BLACK
6
CONTINUOUS
10
0.6088399606299213
20
2.1075019291338584
11
0.6087832283464567
21
2.1080779921259842
0
LINE
8
BLACK
6
CONTINUOUS
10
0.6087832283464567
20
2.1080779921259842
11
0.6087832283464567
21
2.1238729133858265
0
LINE
8
BLACK
6
CONTINUOUS
10
0.6087832283464567
20
2.1238729133858265
11
0.6038995275590551
21
2.1238729133858265
0
LINE
8
BLACK
6
CONTINUOUS
10
0.6038995275590551
20
2.1238729133858265
11
0.5916577952755906
21
2.1063846850393699
0
LINE
8
BLACK
6
CONTINUOUS
10
0.5916577952755906
20
2.1063846850393699
11
0.5912809842519685
21
2.1059453149606298
0
LINE
8
BLACK
6
CONTINUOUS
10
0.5912809842519685
20
2.1059453149606298
11
0.5903093700787402
21
2.1053261417322835
0
LINE
8
BLACK
6
CONTINUOUS
10
0.5903093700787402
20
2.1053261417322835
11
0.589174842519685
21
2.1051259448818898
0
LINE
8
BLACK
6
CONTINUOUS
10
0.589174842519685
20
2.1051259448818898
11
0.58805
21
2.1053751181102363
0
LINE
8
BLACK
6
CONTINUOUS
10
0.58805
20
2.1053751181102363
11
0.5871061417322835
21
2.1060358267716537
0
LINE
8
BLACK
6
CONTINUOUS
10
0.5871061417322835
20
2.1060358267716537
11
0.586486968503937
21
2.1070074409448818
0
LINE
8
BLACK
6
CONTINUOUS
10
0.586486968503937
20
2.1070074409448818
11
0.5862867716535433
21
2.1081419685039369
0
LINE
8
BLACK
6
CONTINUOUS
10
0.5862867716535433
20
2.1081419685039369
11
0.5865359448818898
21
2.1092668110236219
0
LINE
8
BLACK
6
CONTINUOUS
10
0.5865359448818898
20
2.1092668110236219
11
0.586819842519685
21
2.1097712992125985
0
LINE
8
BLACK
6
CONTINUOUS
10
0.586819842519685
20
2.1097712992125985
11
0.5966939763779527
21
2.123877244094488
0
LINE
8
BLACK
6
CONTINUOUS
10
0.5966939763779527
20
2.123877244094488
11
0.596161811023622
21
2.1239296456692913
0
LINE
8
BLACK
6
CONTINUOUS
10
0.596161811023622
20
2.1239296456692913
11
0.5960638188976378
21
2.1239702362204724
0
LINE
8
BLACK
6
CONTINUOUS
10
0.5960638188976378
20
2.1239702362204724
11
0.5959579527559055
21
2.123977755905512
0
LINE
8
BLACK
6
CONTINUOUS
10
0.5959579527559055
20
2.123977755905512
11
0.5954173622047244
21
2.1241846456692914
0
LINE
8
BLACK
6
CONTINUOUS
10
0.5954173622047244
20
2.1241846456692914
11
0.5916678346456693
21
2.126059409448819
0
LINE
8
BLACK
6
CONTINUOUS
10
0.5916678346456693
20
2.126059409448819
11
0.5914198031496063
21
2.1262155118110235
0
LINE
8
BLACK
6
CONTINUOUS
10
0.5914198031496063
20
2.1262155118110235
11
0.5913478740157481
21
2.12624531496063
0
LINE
8
BLACK
6
CONTINUOUS
10
0.5913478740157481
20
2.12624531496063
11
0.5912668897637795
21
2.1263118110236219
0
LINE
8
BLACK
6
CONTINUOUS
10
0.5912668897637795
20
2.1263118110236219
11
0.5911779527559055
21
2.1263677559055116
0
LINE
8
BLACK
6
CONTINUOUS
10
0.5911779527559055
20
2.1263677559055116
11
0.5911267716535433
21
2.1264267716535432
0
LINE
8
BLACK
6
CONTINUOUS
10
0.5911267716535433
20
2.1264267716535432
11
0.5909004330708661
21
2.1266125196850392
0
LINE
8
BLACK
6
CONTINUOUS
10
0.5909004330708661
20
2.1266125196850392
11
0.5890256692913386
21
2.1284872834645667
0
LINE
8
BLACK
6
CONTINUOUS
10
0.5890256692913386
20
2.1284872834645667
11
0.5888398818897638
21
2.128713661417323
0
LINE
8
BLACK
6
CONTINUOUS
10
0.5888398818897638
20
2.128713661417323
11
0.5887809055118111
21
2.1287648031496063
0
LINE
8
BLACK
6
CONTINUOUS
10
0.5887809055118111
20
2.1287648031496063
11
0.5887249212598425
21
2.1288537795275588
0
LINE
8
BLACK
6
CONTINUOUS
10
0.5887249212598425
20
2.1288537795275588
11
0.5886584645669292
21
2.128934724409449
0
LINE
8
BLACK
6
CONTINUOUS
10
0.5886584645669292
20
2.128934724409449
11
0.5886286220472441
21
2.1290066929133857
0
LINE
8
BLACK
6
CONTINUOUS
10
0.5886286220472441
20
2.1290066929133857
11
0.5884725590551181
21
2.1292546850393701
0
LINE
8
BLACK
6
CONTINUOUS
10
0.5884725590551181
20
2.1292546850393701
11
0.5865977952755905
21
2.1330042125984252
0
LINE
8
BLACK
6
CONTINUOUS
10
0.5865977952755905
20
2.1330042125984252
11
0.5863909055118111
21
2.1335448425196848
0
LINE
8
BLACK
6
CONTINUOUS
10
0.5863909055118111
20
2.1335448425196848
11
0.5863833858267716
21
2.1336506692913386
0
LINE
8
BLACK
6
CONTINUOUS
10
0.5863833858267716
20
2.1336506692913386
11
0.5863427952755905
21
2.1337486614173229
0
LINE
8
BLACK
6
CONTINUOUS
10
0.5863427952755905
20
2.1337486614173229
11
0.5862860629921259
21
2.1343247244094488
0
LINE
8
BLACK
6
CONTINUOUS
10
0.5862860629921259
20
2.1343247244094488
11
0.5862860629921259
21
2.1399490157480314
0
LINE
8
BLACK
6
CONTINUOUS
10
0.5862860629921259
20
2.1399490157480314
11
0.5863427952755905
21
2.1405250787401573
0
LINE
8
BLACK
6
CONTINUOUS
10
0.5863427952755905
20
2.1405250787401573
11
0.5863833858267716
21
2.1406231102362203
0
LINE
8
BLACK
6
CONTINUOUS
10
0.5863833858267716
20
2.1406231102362203
11
0.5863909055118111
21
2.1407288976377954
0
LINE
8
BLACK
6
CONTINUOUS
10
0.5863909055118111
20
2.1407288976377954
11
0.5865977952755905
21
2.141269527559055
0
LINE
8
BLACK
6
CONTINUOUS
10
0.5865977952755905
20
2.141269527559055
11
0.5884725590551181
21
2.1450190551181101
0
LINE
8
BLACK
6
CONTINUOUS
10
0.5884725590551181
20
2.1450190551181101
11
0.5886286220472441
21
2.1452670866141732
0
LINE
8
BLACK
6
CONTINUOUS
10
0.5886286220472441
20
2.1452670866141732
11
0.5886584645669292
21
2.1453390157480317
0
LINE
8
BLACK
6
CONTINUOUS
10
0.5886584645669292
20
2.1453390157480317
11
0.5887249212598425
21
2.1454200000000001
0
LINE
8
BLACK
6
CONTINUOUS
10
0.5887249212598425
20
2.1454200000000001
11
0.5887809055118111
21
2.1455089370078739
0
LINE
8
BLACK
6
CONTINUOUS
10
0.5887809055118111
20
2.1455089370078739
11
0.5888398818897638
21
2.1455601181102364
0
LINE
8
BLACK
6
CONTINUOUS
10
0.5888398818897638
20
2.1455601181102364
11
0.5890256692913386
21
2.1457864566929135
0
LINE
8
BLACK
6
CONTINUOUS
10
0.5890256692913386
20
2.1457864566929135
11
0.5909004330708661
21
2.147661220472441
0
LINE
8
BLACK
6
CONTINUOUS
10
0.5909004330708661
20
2.147661220472441
11
0.5911267716535433
21
2.1478470078740157
0
LINE
8
BLACK
6
CONTINUOUS
10
0.5911267716535433
20
2.1478470078740157
11
0.5911779527559055
21
2.1479059842519685
0
LINE
8
BLACK
6
CONTINUOUS
10
0.5911779527559055
20
2.1479059842519685
11
0.5912668897637795
21
2.1479619685039371
0
LINE
8
BLACK
6
CONTINUOUS
10
0.5912668897637795
20
2.1479619685039371
11
0.5913478740157481
21
2.1480284251968502
0
LINE
8
BLACK
6
CONTINUOUS
10
0.5913478740157481
20
2.1480284251968502
11
0.5914198031496063
21
2.1480582677165354
0
LINE
8
BLACK
6
CONTINUOUS
10
0.5914198031496063
20
2.1480582677165354
11
0.5916678346456693
21
2.1482143307086612
0
LINE
8
BLACK
6
CONTINUOUS
10
0.5916678346456693
20
2.1482143307086612
11
0.5954173622047244
21
2.1500890944881887
0
LINE
8
BLACK
6
CONTINUOUS
10
0.5954173622047244
20
2.1500890944881887
11
0.5959579527559055
21
2.1502959842519687
0
LINE
8
BLACK
6
CONTINUOUS
10
0.5959579527559055
20
2.1502959842519687
11
0.5960638188976378
21
2.1503035433070865
0
LINE
8
BLACK
6
CONTINUOUS
10
0.5960638188976378
20
2.1503035433070865
11
0.596161811023622
21
2.1503440944881889
0
LINE
8
BLACK
6
CONTINUOUS
10
0.596161811023622
20
2.1503440944881889
11
0.5967378740157481
21
2.1504008267716537
0
LINE
8
BLACK
6
CONTINUOUS
10
0.5967378740157481
20
2.1504008267716537
11
0.6117359842519685
21
2.1504008267716537
0
LINE
8
BLACK
6
CONTINUOUS
10
0.6117359842519685
20
2.1504008267716537
11
0.6123120472440945
21
2.1503440944881889
0
LINE
8
BLACK
6
CONTINUOUS
10
0.5947374409448819
20
2.1431465748031497
11
0.5935403149606299
21
2.1419494488188975
0
LINE
8
BLACK
6
CONTINUOUS
10
0.5935403149606299
20
2.1419494488188975
11
0.5921915748031495
21
2.1392519685039368
0
LINE
8
BLACK
6
CONTINUOUS
10
0.5921915748031495
20
2.1392519685039368
11
0.5921915748031495
21
2.1350217716535433
0
LINE
8
BLACK
6
CONTINUOUS
10
0.5921915748031495
20
2.1350217716535433
11
0.5935403149606299
21
2.1323242913385827
0
LINE
8
BLACK
6
CONTINUOUS
10
0.5935403149606299
20
2.1323242913385827
11
0.5947374409448819
21
2.1311271653543304
0
LINE
8
BLACK
6
CONTINUOUS
10
0.5947374409448819
20
2.1311271653543304
11
0.5974349212598425
21
2.1297784251968506
0
LINE
8
BLACK
6
CONTINUOUS
10
0.5974349212598425
20
2.1297784251968506
11
0.6087832283464567
21
2.1297784251968506
0
LINE
8
BLACK
6
CONTINUOUS
10
0.6087832283464567
20
2.1297784251968506
11
0.6087832283464567
21
2.1444953149606301
0
LINE
8
BLACK
6
CONTINUOUS
10
0.6087832283464567
20
2.1444953149606301
11
0.5974349212598425
21
2.1444953149606301
0
LINE
8
BLACK
6
CONTINUOUS
10
0.5974349212598425
20
2.1444953149606301
11
0.5947374409448819
21
2.1431465748031497
0
LINE
8
BLACK
6
CONTINUOUS
10
1.1331874409448819
20
2.177379251968504
11
1.1344658661417322
21
2.1761008267716533
0
LINE
8
BLACK
6
CONTINUOUS
10
1.1344658661417322
20
2.1761008267716533
11
1.1344658661417322
21
2.1742928740157481
0
LINE
8
BLACK
6
CONTINUOUS
10
1.1344658661417322
20
2.1742928740157481
11
1.1331874409448819
21
2.1730144488188974
0
LINE
8
BLACK
6
CONTINUOUS
10
1.1331874409448819
20
2.1730144488188974
11
1.1322834645669291
21
2.1728346456692913
0
LINE
8
BLACK
6
CONTINUOUS
10
1.1322834645669291
20
2.1728346456692913
11
1.0933070866141732
21
2.1728346456692913
0
LINE
8
BLACK
6
CONTINUOUS
10
1.0933070866141732
20
2.1728346456692913
11
1.0933070866141732
21
2.1358267716535431
0
LINE
8
BLACK
6
CONTINUOUS
10
1.0933070866141732
20
2.1358267716535431
11
1.0931272834645669
21
2.1349227952755907
0
LINE
8
BLACK
6
CONTINUOUS
10
1.0931272834645669
20
2.1349227952755907
11
1.0918488582677166
21
2.13364437007874
0
LINE
8
BLACK
6
CONTINUOUS
10
1.0918488582677166
20
2.13364437007874
11
1.090040905511811
21
2.13364437007874
0
LINE
8
BLACK
6
CONTINUOUS
10
1.090040905511811
20
2.13364437007874
11
1.0887624803149607
21
2.1349227952755907
0
LINE
8
BLACK
6
CONTINUOUS
10
1.0887624803149607
20
2.1349227952755907
11
1.0885826771653544
21
2.1358267716535431
0
LINE
8
BLACK
6
CONTINUOUS
10
1.0885826771653544
20
2.1358267716535431
11
1.0885826771653544
21
2.1751968503937009
0
LINE
8
BLACK
6
CONTINUOUS
10
1.0885826771653544
20
2.1751968503937009
11
1.0887624803149607
21
2.1761008267716533
0
LINE
8
BLACK
6
CONTINUOUS
10
1.0887624803149607
20
2.1761008267716533
11
1.090040905511811
21
2.177379251968504
0
LINE
8
BLACK
6
CONTINUOUS
10
1.090040905511811
20
2.177379251968504
11
1.0909448818897638
21
2.1775590551181101
0
LINE
8
BLACK
6
CONTINUOUS
10
1.0909448818897638
20
2.1775590551181101
11
1.1322834645669291
21
2.1775590551181101
0
LINE
8
BLACK
6
CONTINUOUS
10
1.1322834645669291
20
2.1775590551181101
11
1.1331874409448819
21
2.177379251968504
0
LINE
8
BLACK
6
CONTINUOUS
10
1.7099590944881888
20
2.177379251968504
11
1.7112375196850393
21
2.1761008267716533
0
LINE
8
BLACK
6
CONTINUOUS
10
1.7112375196850393
20
2.1761008267716533
11
1.7112375196850393
21
2.1742928740157481
0
LINE
8
BLACK
6
CONTINUOUS
10
1.7112375196850393
20
2.1742928740157481
11
1.7099590944881888
21
2.1730144488188974
0
LINE
8
BLACK
6
CONTINUOUS
10
1.7099590944881888
20
2.1730144488188974
11
1.7090551181102362
21
2.1728346456692913
0
LINE
8
BLACK
6
CONTINUOUS
10
1.7090551181102362
20
2.1728346456692913
11
1.6618110236220471
21
2.1728346456692913
0
LINE
8
BLACK
6
CONTINUOUS
10
1.6618110236220471
20
2.1728346456692913
11
1.6609070472440945
21
2.1730144488188974
0
LINE
8
BLACK
6
CONTINUOUS
10
1.6609070472440945
20
2.1730144488188974
11
1.659628622047244
21
2.1742928740157481
0
LINE
8
BLACK
6
CONTINUOUS
10
1.659628622047244
20
2.1742928740157481
11
1.659628622047244
21
2.1761008267716533
0
LINE
8
BLACK
6
CONTINUOUS
10
1.659628622047244
20
2.1761008267716533
11
1.6609070472440945
21
2.177379251968504
0
LINE
8
BLACK
6
CONTINUOUS
10
1.6609070472440945
20
2.177379251968504
11
1.6618110236220471
21
2.1775590551181101
0
LINE
8
BLACK
6
CONTINUOUS
10
1.6618110236220471
20
2.1775590551181101
11
1.7090551181102362
21
2.1775590551181101
0
LINE
8
BLACK
6
CONTINUOUS
10
1.7090551181102362
20
2.1775590551181101
11
1.7099590944881888
21
2.177379251968504
0
CIRCLE
8
BLACK
10
2.3055118110236221
20
0.4
40
0.0068897637795276
0
CIRCLE
8
BLACK
10
2.3331867716535433
20
0.4668132283464567
40
0.0068897637795276
0
CIRCLE
8
BLACK
10
2.3331867716535433
20
0.3331867716535433
40
0.0068897637795276
0
CIRCLE
8
BLACK
10
2.3999999999999999
20
0.4944881889763779
40
0.0068897637795276
0
CIRCLE
8
BLACK
10
2.3999999999999999
20
0.4
40
0.0068897637795276
0
CIRCLE
8
BLACK
10
2.3999999999999999
20
0.305511811023622
40
0.0068897637795276
0
CIRCLE
8
BLACK
10
2.4668132283464566
20
0.4668132283464567
40
0.0068897637795276
0
CIRCLE
8
BLACK
10
2.4668132283464566
20
0.3331867716535433
40
0.0068897637795276
0
CIRCLE
8
BLACK
10
2.4944881889763777
20
0.4
40
0.0068897637795276
0
CIRCLE
8
BLACK
10
1.6299212204724409
20
0.6204724409448819
40
0.0068897637795276
0
CIRCLE
8
BLACK
10
1.5299212204724408
20
0.6204724409448819
40
0.0068897637795276
0
CIRCLE
8
BLACK
10
1.6299212598425197
20
0.7204724409448818
40
0.0068897637795276
0
CIRCLE
8
BLACK
10
1.5299211811023621
20
0.7204724409448818
40
0.0068897637795276
0
CIRCLE
8
BLACK
10
1.6299212204724409
20
0.8204724409448819
40
0.0068897637795276
0
CIRCLE
8
BLACK
10
1.5299212204724408
20
0.8204724409448819
40
0.0068897637795276
0
CIRCLE
8
BLACK
10
0.8267716141732283
20
0.6204724409448819
40
0.0068897637795276
0
CIRCLE
8
BLACK
10
0.7267716141732283
20
0.6204724409448819
40
0.0068897637795276
0
CIRCLE
8
BLACK
10
0.8267716535433071
20
0.7204724409448818
40
0.0068897637795276
0
CIRCLE
8
BLACK
10
0.7267715748031496
20
0.7204724409448818
40
0.0068897637795276
0
CIRCLE
8
BLACK
10
0.8267716141732283
20
0.8204724409448819
40
0.0068897637795276
0
CIRCLE
8
BLACK
10
0.7267716141732283
20
0.8204724409448819
40
0.0068897637795276
0
CIRCLE
8
BLACK
10
0.305511811023622
20
0.4
40
0.0068897637795276
0
CIRCLE
8
BLACK
10
0.3331867716535433
20
0.4668132283464567
40
0.0068897637795276
0
CIRCLE
8
BLACK
10
0.3331867716535433
20
0.3331867716535433
40
0.0068897637795276
0
CIRCLE
8
BLACK
10
0.4
20
0.4944881889763779
40
0.0068897637795276
0
CIRCLE
8
BLACK
10
0.4
20
0.4
40
0.0068897637795276
0
CIRCLE
8
BLACK
10
0.4
20
0.305511811023622
40
0.0068897637795276
0
CIRCLE
8
BLACK
10
0.4668132283464567
20
0.4668132283464567
40
0.0068897637795276
0
CIRCLE
8
BLACK
10
0.4668132283464567
20
0.3331867716535433
40
0.0068897637795276
0
CIRCLE
8
BLACK
10
0.4944881889763779
20
0.4
40
0.0068897637795276
0
CIRCLE
8
BLACK
10
0.305511811023622
20
2.
40
0.0068897637795276
0
CIRCLE
8
BLACK
10
0.3331867716535433
20
2.0668132283464566
40
0.0068897637795276
0
CIRCLE
8
BLACK
10
0.3331867716535433
20
1.9331867716535434
40
0.0068897637795276
0
CIRCLE
8
BLACK
10
0.4
20
2.0944881889763778
40
0.0068897637795276
0
CIRCLE
8
BLACK
10
0.4
20
2.
40
0.0068897637795276
0
CIRCLE
8
BLACK
10
0.4
20
1.905511811023622
40
0.0068897637795276
0
CIRCLE
8
BLACK
10
0.4668132283464567
20
2.0668132283464566
40
0.0068897637795276
0
CIRCLE
8
BLACK
10
0.4668132283464567
20
1.9331867716535434
40
0.0068897637795276
0
CIRCLE
8
BLACK
10
0.4944881889763779
20
2.
40
0.0068897637795276
0
CIRCLE
8
BLACK
10
1.7283464566929134
20
0.4318897637795275
40
0.0068897637795276
0
CIRCLE
8
BLACK
10
1.7283464566929134
20
0.3318897637795276
40
0.0068897637795276
0
CIRCLE
8
BLACK
10
1.6283464566929133
20
0.4318897637795275
40
0.0068897637795276
0
CIRCLE
8
BLACK
10
1.6283464566929133
20
0.3318897637795276
40
0.0068897637795276
0
CIRCLE
8
BLACK
10
1.5283464566929132
20
0.4318897637795275
40
0.0068897637795276
0
CIRCLE
8
BLACK
10
1.5283464566929132
20
0.3318897637795276
40
0.0068897637795276
0
CIRCLE
8
BLACK
10
1.4283464566929134
20
0.4318898031496063
40
0.0068897637795276
0
CIRCLE
8
BLACK
10
1.4283464566929134
20
0.3318897244094488
40
0.0068897637795276
0
CIRCLE
8
BLACK
10
1.3283464566929133
20
0.4318897637795275
40
0.0068897637795276
0
CIRCLE
8
BLACK
10
1.3283464566929133
20
0.3318897637795276
40
0.0068897637795276
0
CIRCLE
8
BLACK
10
1.2283464566929134
20
0.4318897637795275
40
0.0068897637795276
0
CIRCLE
8
BLACK
10
1.2283464566929134
20
0.3318897637795276
40
0.0068897637795276
0
CIRCLE
8
BLACK
10
1.1283464566929133
20
0.4318897637795275
40
0.0068897637795276
0
CIRCLE
8
BLACK
10
1.1283464566929133
20
0.3318897637795276
40
0.0068897637795276
0
CIRCLE
8
BLACK
10
1.0283464566929135
20
0.4318897637795275
40
0.0068897637795276
0
CIRCLE
8
BLACK
10
1.0283464566929135
20
0.3318897637795276
40
0.0068897637795276
0
CIRCLE
8
BLACK
10
0.9283464566929134
20
0.4318898031496063
40
0.0068897637795276
0
CIRCLE
8
BLACK
10
0.9283464566929134
20
0.3318897244094488
40
0.0068897637795276
0
CIRCLE
8
BLACK
10
0.8283464566929134
20
0.4318897637795275
40
0.0068897637795276
0
CIRCLE
8
BLACK
10
0.8283464566929134
20
0.3318897637795276
40
0.0068897637795276
0
CIRCLE
8
BLACK
10
0.7283464566929134
20
0.4318897637795275
40
0.0068897637795276
0
CIRCLE
8
BLACK
10
0.7283464566929134
20
0.3318897637795276
40
0.0068897637795276
0
CIRCLE
8
BLACK
10
0.6283464566929133
20
0.4318897637795275
40
0.0068897637795276
0
CIRCLE
8
BLACK
10
0.6283464566929133
20
0.3318897637795276
40
0.0068897637795276
0
CIRCLE
8
BLACK
10
0.4188976377952756
20
0.6535433070866141
40
0.0068897637795276
0
CIRCLE
8
BLACK
10
0.3188976377952756
20
0.6535433070866141
40
0.0068897637795276
0
CIRCLE
8
BLACK
10
0.4188976377952756
20
0.7535433070866142
40
0.0068897637795276
0
CIRCLE
8
BLACK
10
0.3188976377952756
20
0.7535433070866142
40
0.0068897637795276
0
CIRCLE
8
BLACK
10
0.4188976377952756
20
0.8535433070866142
40
0.0068897637795276
0
CIRCLE
8
BLACK
10
0.3188976377952756
20
0.8535433070866142
40
0.0068897637795276
0
CIRCLE
8
BLACK
10
0.4188976771653543
20
0.9535433070866142
40
0.0068897637795276
0
CIRCLE
8
BLACK
10
0.3188975984251968
20
0.9535433070866142
40
0.0068897637795276
0
CIRCLE
8
BLACK
10
0.4188976377952756
20
1.0535433070866143
40
0.0068897637795276
0
CIRCLE
8
BLACK
10
0.3188976377952756
20
1.0535433070866143
40
0.0068897637795276
0
CIRCLE
8
BLACK
10
0.4188976377952756
20
1.1535433070866141
40
0.0068897637795276
0
CIRCLE
8
BLACK
10
0.3188976377952756
20
1.1535433070866141
40
0.0068897637795276
0
CIRCLE
8
BLACK
10
0.4188976377952756
20
1.2535433070866142
40
0.0068897637795276
0
CIRCLE
8
BLACK
10
0.3188976377952756
20
1.2535433070866142
40
0.0068897637795276
0
CIRCLE
8
BLACK
10
0.4188976377952756
20
1.3535433070866141
40
0.0068897637795276
0
CIRCLE
8
BLACK
10
0.3188976377952756
20
1.3535433070866141
40
0.0068897637795276
0
CIRCLE
8
BLACK
10
0.4188976771653543
20
1.4535433070866142
40
0.0068897637795276
0
CIRCLE
8
BLACK
10
0.3188975984251968
20
1.4535433070866142
40
0.0068897637795276
0
CIRCLE
8
BLACK
10
0.4188976377952756
20
1.553543307086614
40
0.0068897637795276
0
CIRCLE
8
BLACK
10
0.3188976377952756
20
1.553543307086614
40
0.0068897637795276
0
CIRCLE
8
BLACK
10
0.4188976377952756
20
1.6535433070866141
40
0.0068897637795276
0
CIRCLE
8
BLACK
10
0.3188976377952756
20
1.6535433070866141
40
0.0068897637795276
0
CIRCLE
8
BLACK
10
0.4188976377952756
20
1.7535433070866142
40
0.0068897637795276
0
CIRCLE
8
BLACK
10
0.3188976377952756
20
1.7535433070866142
40
0.0068897637795276
0
CIRCLE
8
BLACK
10
2.3622047244094486
20
1.7488188976377952
40
0.0068897637795276
0
CIRCLE
8
BLACK
10
2.4622047244094487
20
1.7488188976377952
40
0.0068897637795276
0
CIRCLE
8
BLACK
10
2.3622047244094486
20
1.6488188976377953
40
0.0068897637795276
0
CIRCLE
8
BLACK
10
2.4622047244094487
20
1.6488188976377953
40
0.0068897637795276
0
CIRCLE
8
BLACK
10
2.3622047244094486
20
1.5488188976377952
40
0.0068897637795276
0
CIRCLE
8
BLACK
10
2.4622047244094487
20
1.5488188976377952
40
0.0068897637795276
0
CIRCLE
8
BLACK
10
2.3622047244094486
20
1.4488188976377951
40
0.0068897637795276
0
CIRCLE
8
BLACK
10
2.4622047244094487
20
1.4488188976377951
40
0.0068897637795276
0
CIRCLE
8
BLACK
10
2.3622047244094486
20
1.3488188976377953
40
0.0068897637795276
0
CIRCLE
8
BLACK
10
2.4622047244094487
20
1.3488188976377953
40
0.0068897637795276
0
CIRCLE
8
BLACK
10
2.3622047244094486
20
1.2488188976377952
40
0.0068897637795276
0
CIRCLE
8
BLACK
10
2.4622047244094487
20
1.2488188976377952
40
0.0068897637795276
0
CIRCLE
8
BLACK
10
2.3622047244094486
20
1.1488188976377953
40
0.0068897637795276
0
CIRCLE
8
BLACK
10
2.4622047244094487
20
1.1488188976377953
40
0.0068897637795276
0
CIRCLE
8
BLACK
10
2.3622047244094486
20
1.0488188976377952
40
0.0068897637795276
0
CIRCLE
8
BLACK
10
2.4622047244094487
20
1.0488188976377952
40
0.0068897637795276
0
CIRCLE
8
BLACK
10
2.3622047244094486
20
0.9488188976377953
40
0.0068897637795276
0
CIRCLE
8
BLACK
10
2.4622047244094487
20
0.9488188976377953
40
0.0068897637795276
0
CIRCLE
8
BLACK
10
2.3622047244094486
20
0.8488188976377953
40
0.0068897637795276
0
CIRCLE
8
BLACK
10
2.4622047244094487
20
0.8488188976377953
40
0.0068897637795276
0
CIRCLE
8
BLACK
10
2.3622047244094486
20
0.7488188976377953
40
0.0068897637795276
0
CIRCLE
8
BLACK
10
2.4622047244094487
20
0.7488188976377953
40
0.0068897637795276
0
CIRCLE
8
BLACK
10
2.3622047244094486
20
0.6488188976377952
40
0.0068897637795276
0
CIRCLE
8
BLACK
10
2.4622047244094487
20
0.6488188976377952
40
0.0068897637795276
0
CIRCLE
8
BLACK
10
2.1535432677165356
20
0.8944881889763779
40
0.0068897637795276
0
CIRCLE
8
BLACK
10
2.0535432677165355
20
0.8944881889763779
40
0.0068897637795276
0
CIRCLE
8
BLACK
10
2.1535432677165356
20
0.9944881889763779
40
0.0068897637795276
0
CIRCLE
8
BLACK
10
2.0535432677165355
20
0.9944881889763779
40
0.0068897637795276
0
CIRCLE
8
BLACK
10
2.1535433070866143
20
1.094488188976378
40
0.0068897637795276
0
CIRCLE
8
BLACK
10
2.0535432283464568
20
1.094488188976378
40
0.0068897637795276
0
CIRCLE
8
BLACK
10
2.1535432677165356
20
1.1944881889763779
40
0.0068897637795276
0
CIRCLE
8
BLACK
10
2.0535432677165355
20
1.1944881889763779
40
0.0068897637795276
0
CIRCLE
8
BLACK
10
2.1535432677165356
20
1.294488188976378
40
0.0068897637795276
0
CIRCLE
8
BLACK
10
2.0535432677165355
20
1.294488188976378
40
0.0068897637795276
0
CIRCLE
8
BLACK
10
2.3055118110236221
20
2.
40
0.0068897637795276
0
CIRCLE
8
BLACK
10
2.3331867716535433
20
2.0668132283464566
40
0.0068897637795276
0
CIRCLE
8
BLACK
10
2.3331867716535433
20
1.9331867716535434
40
0.0068897637795276
0
CIRCLE
8
BLACK
10
2.3999999999999999
20
2.0944881889763778
40
0.0068897637795276
0
CIRCLE
8
BLACK
10
2.3999999999999999
20
2.
40
0.0068897637795276
0
CIRCLE
8
BLACK
10
2.3999999999999999
20
1.905511811023622
40
0.0068897637795276
0
CIRCLE
8
BLACK
10
2.4668132283464566
20
2.0668132283464566
40
0.0068897637795276
0
CIRCLE
8
BLACK
10
2.4668132283464566
20
1.9331867716535434
40
0.0068897637795276
0
CIRCLE
8
BLACK
10
2.4944881889763777
20
2.
40
0.0068897637795276
0
CIRCLE
8
BLACK
10
2.1456692913385824
20
0.4724409448818898
40
0.0068897637795276
0
CIRCLE
8
BLACK
10
1.918110157480315
20
0.4724409448818898
40
0.0068897637795276
0
LINE
8
BLACK
6
CONTINUOUS
10
2.1902585039370077
20
0.3448487401574803
11
2.1910564960629921
21
0.347826968503937
0
LINE
8
BLACK
6
CONTINUOUS
10
2.1910564960629921
20
0.347826968503937
11
2.1925981496062992
21
0.3504971653543307
0
LINE
8
BLACK
6
CONTINUOUS
10
2.1925981496062992
20
0.3504971653543307
11
2.1947783858267718
21
0.3526774015748032
0
LINE
8
BLACK
6
CONTINUOUS
10
2.1947783858267718
20
0.3526774015748032
11
2.1974485826771653
21
0.3542190551181102
0
LINE
8
BLACK
6
CONTINUOUS
10
2.1974485826771653
20
0.3542190551181102
11
2.2004268110236218
21
0.3550170472440945
0
LINE
8
BLACK
6
CONTINUOUS
10
2.2004268110236218
20
0.3550170472440945
11
2.2035101181102363
21
0.3550170472440945
0
LINE
8
BLACK
6
CONTINUOUS
10
2.2035101181102363
20
0.3550170472440945
11
2.2064883464566929
21
0.3542190551181102
0
LINE
8
BLACK
6
CONTINUOUS
10
2.2064883464566929
20
0.3542190551181102
11
2.2091585433070864
21
0.3526774015748032
0
LINE
8
BLACK
6
CONTINUOUS
10
2.2091585433070864
20
0.3526774015748032
11
2.211338779527559
21
0.3504971653543307
0
LINE
8
BLACK
6
CONTINUOUS
10
2.211338779527559
20
0.3504971653543307
11
2.212880433070866
21
0.347826968503937
0
LINE
8
BLACK
6
CONTINUOUS
10
2.212880433070866
20
0.347826968503937
11
2.2136784251968504
21
0.3448487401574803
0
LINE
8
BLACK
6
CONTINUOUS
10
2.2136784251968504
20
0.3448487401574803
11
2.2137794881889765
21
0.3433070866141732
0
LINE
8
BLACK
6
CONTINUOUS
10
2.2137794881889765
20
0.3433070866141732
11
2.2137794881889765
21
0.3118110236220472
0
LINE
8
BLACK
6
CONTINUOUS
10
2.2137794881889765
20
0.3118110236220472
11
2.2136784251968504
21
0.3102693700787402
0
LINE
8
BLACK
6
CONTINUOUS
10
2.2136784251968504
20
0.3102693700787402
11
2.212880433070866
21
0.3072911417322834
0
LINE
8
BLACK
6
CONTINUOUS
10
2.212880433070866
20
0.3072911417322834
11
2.211338779527559
21
0.3046209448818897
0
LINE
8
BLACK
6
CONTINUOUS
10
2.211338779527559
20
0.3046209448818897
11
2.2091585433070864
21
0.3024407086614173
0
LINE
8
BLACK
6
CONTINUOUS
10
2.2091585433070864
20
0.3024407086614173
11
2.2064883464566929
21
0.3008990551181102
0
LINE
8
BLACK
6
CONTINUOUS
10
2.2064883464566929
20
0.3008990551181102
11
2.2035101181102363
21
0.300101062992126
0
LINE
8
BLACK
6
CONTINUOUS
10
2.2035101181102363
20
0.300101062992126
11
2.2004268110236218
21
0.300101062992126
0
LINE
8
BLACK
6
CONTINUOUS
10
2.2004268110236218
20
0.300101062992126
11
2.1974485826771653
21
0.3008990551181102
0
LINE
8
BLACK
6
CONTINUOUS
10
2.1974485826771653
20
0.3008990551181102
11
2.1947783858267718
21
0.3024407086614173
0
LINE
8
BLACK
6
CONTINUOUS
10
2.1947783858267718
20
0.3024407086614173
11
2.1925981496062992
21
0.3046209448818897
0
LINE
8
BLACK
6
CONTINUOUS
10
2.1925981496062992
20
0.3046209448818897
11
2.1910564960629921
21
0.3072911417322834
0
LINE
8
BLACK
6
CONTINUOUS
10
2.1910564960629921
20
0.3072911417322834
11
2.1902585039370077
21
0.3102693700787402
0
LINE
8
BLACK
6
CONTINUOUS
10
2.1902585039370077
20
0.3102693700787402
11
2.1901574409448816
21
0.3118110236220472
0
LINE
8
BLACK
6
CONTINUOUS
10
2.1901574409448816
20
0.3118110236220472
11
2.1901574409448816
21
0.3433070866141732
0
LINE
8
BLACK
6
CONTINUOUS
10
2.1901574409448816
20
0.3433070866141732
11
2.1902585039370077
21
0.3448487401574803
0
LINE
8
BLACK
6
CONTINUOUS
10
1.8501010236220472
20
0.3448487401574803
11
1.8508990157480314
21
0.347826968503937
0
LINE
8
BLACK
6
CONTINUOUS
10
1.8508990157480314
20
0.347826968503937
11
1.8524406692913384
21
0.3504971653543307
0
LINE
8
BLACK
6
CONTINUOUS
10
1.8524406692913384
20
0.3504971653543307
11
1.854620905511811
21
0.3526774015748032
0
LINE
8
BLACK
6
CONTINUOUS
10
1.854620905511811
20
0.3526774015748032
11
1.8572911023622047
21
0.3542190551181102
0
LINE
8
BLACK
6
CONTINUOUS
10
1.8572911023622047
20
0.3542190551181102
11
1.8602693307086613
21
0.3550170472440945
0
LINE
8
BLACK
6
CONTINUOUS
10
1.8602693307086613
20
0.3550170472440945
11
1.8633526377952756
21
0.3550170472440945
0
LINE
8
BLACK
6
CONTINUOUS
10
1.8633526377952756
20
0.3550170472440945
11
1.8663308661417322
21
0.3542190551181102
0
LINE
8
BLACK
6
CONTINUOUS
10
1.8663308661417322
20
0.3542190551181102
11
1.8690010629921259
21
0.3526774015748032
0
LINE
8
BLACK
6
CONTINUOUS
10
1.8690010629921259
20
0.3526774015748032
11
1.8711812992125985
21
0.3504971653543307
0
LINE
8
BLACK
6
CONTINUOUS
10
1.8711812992125985
20
0.3504971653543307
11
1.8727229527559055
21
0.347826968503937
0
LINE
8
BLACK
6
CONTINUOUS
10
1.8727229527559055
20
0.347826968503937
11
1.8735209448818897
21
0.3448487401574803
0
LINE
8
BLACK
6
CONTINUOUS
10
1.8735209448818897
20
0.3448487401574803
11
1.8736220078740158
21
0.3433070866141732
0
LINE
8
BLACK
6
CONTINUOUS
10
1.8736220078740158
20
0.3433070866141732
11
1.8736220078740158
21
0.3118110236220472
0
LINE
8
BLACK
6
CONTINUOUS
10
1.8736220078740158
20
0.3118110236220472
11
1.8735209448818897
21
0.3102693700787402
0
LINE
8
BLACK
6
CONTINUOUS
10
1.8735209448818897
20
0.3102693700787402
11
1.8727229527559055
21
0.3072911417322834
0
LINE
8
BLACK
6
CONTINUOUS
10
1.8727229527559055
20
0.3072911417322834
11
1.8711812992125985
21
0.3046209448818897
0
LINE
8
BLACK
6
CONTINUOUS
10
1.8711812992125985
20
0.3046209448818897
11
1.8690010629921259
21
0.3024407086614173
0
LINE
8
BLACK
6
CONTINUOUS
10
1.8690010629921259
20
0.3024407086614173
11
1.8663308661417322
21
0.3008990551181102
0
LINE
8
BLACK
6
CONTINUOUS
10
1.8663308661417322
20
0.3008990551181102
11
1.8633526377952756
21
0.300101062992126
0
LINE
8
BLACK
6
CONTINUOUS
10
1.8633526377952756
20
0.300101062992126
11
1.8602693307086613
21
0.300101062992126
0
LINE
8
BLACK
6
CONTINUOUS
10
1.8602693307086613
20
0.300101062992126
11
1.8572911023622047
21
0.3008990551181102
0
LINE
8
BLACK
6
CONTINUOUS
10
1.8572911023622047
20
0.3008990551181102
11
1.854620905511811
21
0.3024407086614173
0
LINE
8
BLACK
6
CONTINUOUS
10
1.854620905511811
20
0.3024407086614173
11
1.8524406692913384
21
0.3046209448818897
0
LINE
8
BLACK
6
CONTINUOUS
10
1.8524406692913384
20
0.3046209448818897
11
1.8508990157480314
21
0.3072911417322834
0
LINE
8
BLACK
6
CONTINUOUS
10
1.8508990157480314
20
0.3072911417322834
11
1.8501010236220472
21
0.3102693700787402
0
LINE
8
BLACK
6
CONTINUOUS
10
1.8501010236220472
20
0.3102693700787402
11
1.8499999606299211
21
0.3118110236220472
0
LINE
8
BLACK
6
CONTINUOUS
10
1.8499999606299211
20
0.3118110236220472
11
1.8499999606299211
21
0.3433070866141732
0
LINE
8
BLACK
6
CONTINUOUS
10
1.8499999606299211
20
0.3433070866141732
11
1.8501010236220472
21
0.3448487401574803
0
LINE
8
BLACK
6
CONTINUOUS
10
2.1902585039370077
20
0.5153211811023622
11
2.1910564960629921
21
0.5182994094488189
0
LINE
8
BLACK
6
CONTINUOUS
10
2.1910564960629921
20
0.5182994094488189
11
2.1925981496062992
21
0.5209696062992126
0
LINE
8
BLACK
6
CONTINUOUS
10
2.1925981496062992
20
0.5209696062992126
11
2.1947783858267718
21
0.523149842519685
0
LINE
8
BLACK
6
CONTINUOUS
10
2.1947783858267718
20
0.523149842519685
11
2.1974485826771653
21
0.5246914960629921
0
LINE
8
BLACK
6
CONTINUOUS
10
2.1974485826771653
20
0.5246914960629921
11
2.2004268110236218
21
0.5254894881889763
0
LINE
8
BLACK
6
CONTINUOUS
10
2.2004268110236218
20
0.5254894881889763
11
2.2035101181102363
21
0.5254894881889763
0
LINE
8
BLACK
6
CONTINUOUS
10
2.2035101181102363
20
0.5254894881889763
11
2.2064883464566929
21
0.5246914960629921
0
LINE
8
BLACK
6
CONTINUOUS
10
2.2064883464566929
20
0.5246914960629921
11
2.2091585433070864
21
0.523149842519685
0
LINE
8
BLACK
6
CONTINUOUS
10
2.2091585433070864
20
0.523149842519685
11
2.211338779527559
21
0.5209696062992126
0
LINE
8
BLACK
6
CONTINUOUS
10
2.211338779527559
20
0.5209696062992126
11
2.212880433070866
21
0.5182994094488189
0
LINE
8
BLACK
6
CONTINUOUS
10
2.212880433070866
20
0.5182994094488189
11
2.2136784251968504
21
0.5153211811023622
0
LINE
8
BLACK
6
CONTINUOUS
10
2.2136784251968504
20
0.5153211811023622
11
2.2137794881889765
21
0.5137795275590551
0
LINE
8
BLACK
6
CONTINUOUS
10
2.2137794881889765
20
0.5137795275590551
11
2.2137794881889765
21
0.4704724409448819
0
LINE
8
BLACK
6
CONTINUOUS
10
2.2137794881889765
20
0.4704724409448819
11
2.2136784251968504
21
0.4689307874015748
0
LINE
8
BLACK
6
CONTINUOUS
10
2.2136784251968504
20
0.4689307874015748
11
2.212880433070866
21
0.4659525590551181
0
LINE
8
BLACK
6
CONTINUOUS
10
2.212880433070866
20
0.4659525590551181
11
2.211338779527559
21
0.4632823622047244
0
LINE
8
BLACK
6
CONTINUOUS
10
2.211338779527559
20
0.4632823622047244
11
2.2091585433070864
21
0.4611021259842519
0
LINE
8
BLACK
6
CONTINUOUS
10
2.2091585433070864
20
0.4611021259842519
11
2.2064883464566929
21
0.4595604724409449
0
LINE
8
BLACK
6
CONTINUOUS
10
2.2064883464566929
20
0.4595604724409449
11
2.2035101181102363
21
0.4587624803149606
0
LINE
8
BLACK
6
CONTINUOUS
10
2.2035101181102363
20
0.4587624803149606
11
2.2004268110236218
21
0.4587624803149606
0
LINE
8
BLACK
6
CONTINUOUS
10
2.2004268110236218
20
0.4587624803149606
11
2.1974485826771653
21
0.4595604724409449
0
LINE
8
BLACK
6
CONTINUOUS
10
2.1974485826771653
20
0.4595604724409449
11
2.1947783858267718
21
0.4611021259842519
0
LINE
8
BLACK
6
CONTINUOUS
10
2.1947783858267718
20
0.4611021259842519
11
2.1925981496062992
21
0.4632823622047244
0
LINE
8
BLACK
6
CONTINUOUS
10
2.1925981496062992
20
0.4632823622047244
11
2.1910564960629921
21
0.4659525590551181
0
LINE
8
BLACK
6
CONTINUOUS
10
2.1910564960629921
20
0.4659525590551181
11
2.1902585039370077
21
0.4689307874015748
0
LINE
8
BLACK
6
CONTINUOUS
10
2.1902585039370077
20
0.4689307874015748
11
2.1901574409448816
21
0.4704724409448819
0
LINE
8
BLACK
6
CONTINUOUS
10
2.1901574409448816
20
0.4704724409448819
11
2.1901574409448816
21
0.5137795275590551
0
LINE
8
BLACK
6
CONTINUOUS
10
2.1901574409448816
20
0.5137795275590551
11
2.1902585039370077
21
0.5153211811023622
0
LINE
8
BLACK
6
CONTINUOUS
10
1.8501010236220472
20
0.5153211811023622
11
1.8508990157480314
21
0.5182994094488189
0
LINE
8
BLACK
6
CONTINUOUS
10
1.8508990157480314
20
0.5182994094488189
11
1.8524406692913384
21
0.5209696062992126
0
LINE
8
BLACK
6
CONTINUOUS
10
1.8524406692913384
20
0.5209696062992126
11
1.854620905511811
21
0.523149842519685
0
LINE
8
BLACK
6
CONTINUOUS
10
1.854620905511811
20
0.523149842519685
11
1.8572911023622047
21
0.5246914960629921
0
LINE
8
BLACK
6
CONTINUOUS
10
1.8572911023622047
20
0.5246914960629921
11
1.8602693307086613
21
0.5254894881889763
0
LINE
8
BLACK
6
CONTINUOUS
10
1.8602693307086613
20
0.5254894881889763
11
1.8633526377952756
21
0.5254894881889763
0
LINE
8
BLACK
6
CONTINUOUS
10
1.8633526377952756
20
0.5254894881889763
11
1.8663308661417322
21
0.5246914960629921
0
LINE
8
BLACK
6
CONTINUOUS
10
1.8663308661417322
20
0.5246914960629921
11
1.8690010629921259
21
0.523149842519685
0
LINE
8
BLACK
6
CONTINUOUS
10
1.8690010629921259
20
0.523149842519685
11
1.8711812992125985
21
0.5209696062992126
0
LINE
8
BLACK
6
CONTINUOUS
10
1.8711812992125985
20
0.5209696062992126
11
1.8727229527559055
21
0.5182994094488189
0
LINE
8
BLACK
6
CONTINUOUS
10
1.8727229527559055
20
0.5182994094488189
11
1.8735209448818897
21
0.5153211811023622
0
LINE
8
BLACK
6
CONTINUOUS
10
1.8735209448818897
20
0.5153211811023622
11
1.8736220078740158
21
0.5137795275590551
0
LINE
8
BLACK
6
CONTINUOUS
10
1.8736220078740158
20
0.5137795275590551
11
1.8736220078740158
21
0.4704724409448819
0
LINE
8
BLACK
6
CONTINUOUS
10
1.8736220078740158
20
0.4704724409448819
11
1.8735209448818897
21
0.4689307874015748
0
LINE
8
BLACK
6
CONTINUOUS
10
1.8735209448818897
20
0.4689307874015748
11
1.8727229527559055
21
0.4659525590551181
0
LINE
8
BLACK
6
CONTINUOUS
10
1.8727229527559055
20
0.4659525590551181
11
1.8711812992125985
21
0.4632823622047244
0
LINE
8
BLACK
6
CONTINUOUS
10
1.8711812992125985
20
0.4632823622047244
11
1.8690010629921259
21
0.4611021259842519
0
LINE
8
BLACK
6
CONTINUOUS
10
1.8690010629921259
20
0.4611021259842519
11
1.8663308661417322
21
0.4595604724409449
0
LINE
8
BLACK
6
CONTINUOUS
10
1.8663308661417322
20
0.4595604724409449
11
1.8633526377952756
21
0.4587624803149606
0
LINE
8
BLACK
6
CONTINUOUS
10
1.8633526377952756
20
0.4587624803149606
11
1.8602693307086613
21
0.4587624803149606
0
LINE
8
BLACK
6
CONTINUOUS
10
1.8602693307086613
20
0.4587624803149606
11
1.8572911023622047
21
0.4595604724409449
0
LINE
8
BLACK
6
CONTINUOUS
10
1.8572911023622047
20
0.4595604724409449
11
1.854620905511811
21
0.4611021259842519
0
LINE
8
BLACK
6
CONTINUOUS
10
1.854620905511811
20
0.4611021259842519
11
1.8524406692913384
21
0.4632823622047244
0
LINE
8
BLACK
6
CONTINUOUS
10
1.8524406692913384
20
0.4632823622047244
11
1.8508990157480314
21
0.4659525590551181
0
LINE
8
BLACK
6
CONTINUOUS
10
1.8508990157480314
20
0.4659525590551181
11
1.8501010236220472
21
0.4689307874015748
0
LINE
8
BLACK
6
CONTINUOUS
10
1.8501010236220472
20
0.4689307874015748
11
1.8499999606299211
21
0.4704724409448819
0
LINE
8
BLACK
6
CONTINUOUS
10
1.8499999606299211
20
0.4704724409448819
11
1.8499999606299211
21
0.5137795275590551
0
LINE
8
BLACK
6
CONTINUOUS
10
1.8499999606299211
20
0.5137795275590551
11
1.8501010236220472
21
0.5153211811023622
0
LINE
8
BLACK
6
CONTINUOUS
10
0.6906738582677165
20
2.0372214566929134
11
0.6978649606299212
21
2.0357910629921259
0
LINE
8
BLACK
6
CONTINUOUS
10
0.6978649606299212
20
2.0357910629921259
11
0.7046388582677166
21
2.0329852362204726
0
LINE
8
BLACK
6
CONTINUOUS
10
0.7046388582677166
20
2.0329852362204726
11
0.7107351968503937
21
2.0289118110236219
0
LINE
8
BLACK
6
CONTINUOUS
10
0.7107351968503937
20
2.0289118110236219
11
0.7159196850393701
21
2.0237273228346457
0
LINE
8
BLACK
6
CONTINUOUS
10
0.7159196850393701
20
2.0237273228346457
11
0.7199931102362205
21
2.0176309842519684
0
LINE
8
BLACK
6
CONTINUOUS
10
0.7199931102362205
20
2.0176309842519684
11
0.722798937007874
21
2.0108570866141733
0
LINE
8
BLACK
6
CONTINUOUS
10
0.722798937007874
20
2.0108570866141733
11
0.7242293307086614
21
2.0036659842519686
0
LINE
8
BLACK
6
CONTINUOUS
10
0.7242293307086614
20
2.0036659842519686
11
0.7242293307086614
21
1.9963340157480314
0
LINE
8
BLACK
6
CONTINUOUS
10
0.7242293307086614
20
1.9963340157480314
11
0.722798937007874
21
1.9891429133858267
0
LINE
8
BLACK
6
CONTINUOUS
10
0.722798937007874
20
1.9891429133858267
11
0.7199931102362205
21
1.9823690157480314
0
LINE
8
BLACK
6
CONTINUOUS
10
0.7199931102362205
20
1.9823690157480314
11
0.7159196850393701
21
1.9762726771653543
0
LINE
8
BLACK
6
CONTINUOUS
10
0.7159196850393701
20
1.9762726771653543
11
0.7107351968503937
21
1.9710881889763778
0
LINE
8
BLACK
6
CONTINUOUS
10
0.7107351968503937
20
1.9710881889763778
11
0.7046388582677166
21
1.9670147637795274
0
LINE
8
BLACK
6
CONTINUOUS
10
0.7046388582677166
20
1.9670147637795274
11
0.6978649606299212
21
1.9642089370078739
0
LINE
8
BLACK
6
CONTINUOUS
10
0.6978649606299212
20
1.9642089370078739
11
0.6906738582677165
21
1.9627785433070866
0
LINE
8
BLACK
6
CONTINUOUS
10
0.6906738582677165
20
1.9627785433070866
11
0.687007874015748
21
1.9625984251968502
0
LINE
8
BLACK
6
CONTINUOUS
10
0.687007874015748
20
1.9625984251968502
11
0.6673228346456693
21
1.9625984251968502
0
LINE
8
BLACK
6
CONTINUOUS
10
0.6673228346456693
20
1.9625984251968502
11
0.6636568503937008
21
1.9627785433070866
0
LINE
8
BLACK
6
CONTINUOUS
10
0.6636568503937008
20
1.9627785433070866
11
0.656465748031496
21
1.9642089370078739
0
LINE
8
BLACK
6
CONTINUOUS
10
0.656465748031496
20
1.9642089370078739
11
0.6496918503937008
21
1.9670147637795274
0
LINE
8
BLACK
6
CONTINUOUS
10
0.6496918503937008
20
1.9670147637795274
11
0.6435955118110236
21
1.9710881889763778
0
LINE
8
BLACK
6
CONTINUOUS
10
0.6435955118110236
20
1.9710881889763778
11
0.6384110236220473
21
1.9762726771653543
0
LINE
8
BLACK
6
CONTINUOUS
10
0.6384110236220473
20
1.9762726771653543
11
0.6343375984251969
21
1.9823690157480314
0
LINE
8
BLACK
6
CONTINUOUS
10
0.6343375984251969
20
1.9823690157480314
11
0.6315317716535432
21
1.9891429133858267
0
LINE
8
BLACK
6
CONTINUOUS
10
0.6315317716535432
20
1.9891429133858267
11
0.6301013779527559
21
1.9963340157480314
0
LINE
8
BLACK
6
CONTINUOUS
10
0.6301013779527559
20
1.9963340157480314
11
0.6301013779527559
21
2.0036659842519686
0
LINE
8
BLACK
6
CONTINUOUS
10
0.6301013779527559
20
2.0036659842519686
11
0.6315317716535432
21
2.0108570866141733
0
LINE
8
BLACK
6
CONTINUOUS
10
0.6315317716535432
20
2.0108570866141733
11
0.6343375984251969
21
2.0176309842519684
0
LINE
8
BLACK
6
CONTINUOUS
10
0.6343375984251969
20
2.0176309842519684
11
0.6384110236220473
21
2.0237273228346457
0
LINE
8
BLACK
6
CONTINUOUS
10
0.6384110236220473
20
2.0237273228346457
11
0.6435955118110236
21
2.0289118110236219
0
LINE
8
BLACK
6
CONTINUOUS
10
0.6435955118110236
20
2.0289118110236219
11
0.6496918503937008
21
2.0329852362204726
0
LINE
8
BLACK
6
CONTINUOUS
10
0.6496918503937008
20
2.0329852362204726
11
0.656465748031496
21
2.0357910629921259
0
LINE
8
BLACK
6
CONTINUOUS
10
0.656465748031496
20
2.0357910629921259
11
0.6636568503937008
21
2.0372214566929134
0
LINE
8
BLACK
6
CONTINUOUS
10
0.6636568503937008
20
2.0372214566929134
11
0.6673228346456693
21
2.0374015748031495
0
LINE
8
BLACK
6
CONTINUOUS
10
0.6673228346456693
20
2.0374015748031495
11
0.687007874015748
21
2.0374015748031495
0
LINE
8
BLACK
6
CONTINUOUS
10
0.687007874015748
20
2.0374015748031495
11
0.6906738582677165
21
2.0372214566929134
0
LINE
8
BLACK
6
CONTINUOUS
10
2.1394927559055117
20
2.0372214566929134
11
2.1466838582677163
21
2.0357910629921259
0
LINE
8
BLACK
6
CONTINUOUS
10
2.1466838582677163
20
2.0357910629921259
11
2.1534577559055119
21
2.0329852362204726
0
LINE
8
BLACK
6
CONTINUOUS
10
2.1534577559055119
20
2.0329852362204726
11
2.1595540944881888
21
2.0289118110236219
0
LINE
8
BLACK
6
CONTINUOUS
10
2.1595540944881888
20
2.0289118110236219
11
2.1647385826771655
21
2.0237273228346457
0
LINE
8
BLACK
6
CONTINUOUS
10
2.1647385826771655
20
2.0237273228346457
11
2.1688120078740156
21
2.0176309842519684
0
LINE
8
BLACK
6
CONTINUOUS
10
2.1688120078740156
20
2.0176309842519684
11
2.1716178346456694
21
2.0108570866141733
0
LINE
8
BLACK
6
CONTINUOUS
10
2.1716178346456694
20
2.0108570866141733
11
2.1730482283464565
21
2.0036659842519686
0
LINE
8
BLACK
6
CONTINUOUS
10
2.1730482283464565
20
2.0036659842519686
11
2.1730482283464565
21
1.9963340157480314
0
LINE
8
BLACK
6
CONTINUOUS
10
2.1730482283464565
20
1.9963340157480314
11
2.1716178346456694
21
1.9891429133858267
0
LINE
8
BLACK
6
CONTINUOUS
10
2.1716178346456694
20
1.9891429133858267
11
2.1688120078740156
21
1.9823690157480314
0
LINE
8
BLACK
6
CONTINUOUS
10
2.1688120078740156
20
1.9823690157480314
11
2.1647385826771655
21
1.9762726771653543
0
LINE
8
BLACK
6
CONTINUOUS
10
2.1647385826771655
20
1.9762726771653543
11
2.1595540944881888
21
1.9710881889763778
0
LINE
8
BLACK
6
CONTINUOUS
10
2.1595540944881888
20
1.9710881889763778
11
2.1534577559055119
21
1.9670147637795274
0
LINE
8
BLACK
6
CONTINUOUS
10
2.1534577559055119
20
1.9670147637795274
11
2.1466838582677163
21
1.9642089370078739
0
LINE
8
BLACK
6
CONTINUOUS
10
2.1466838582677163
20
1.9642089370078739
11
2.1394927559055117
21
1.9627785433070866
0
LINE
8
BLACK
6
CONTINUOUS
10
2.1394927559055117
20
1.9627785433070866
11
2.1358267716535431
21
1.9625984251968502
0
LINE
8
BLACK
6
CONTINUOUS
10
2.1358267716535431
20
1.9625984251968502
11
2.1161417322834644
21
1.9625984251968502
0
LINE
8
BLACK
6
CONTINUOUS
10
2.1161417322834644
20
1.9625984251968502
11
2.1124757480314962
21
1.9627785433070866
0
LINE
8
BLACK
6
CONTINUOUS
10
2.1124757480314962
20
1.9627785433070866
11
2.1052846456692911
21
1.9642089370078739
0
LINE
8
BLACK
6
CONTINUOUS
10
2.1052846456692911
20
1.9642089370078739
11
2.098510748031496
21
1.9670147637795274
0
LINE
8
BLACK
6
CONTINUOUS
10
2.098510748031496
20
1.9670147637795274
11
2.0924144094488191
21
1.9710881889763778
0
LINE
8
BLACK
6
CONTINUOUS
10
2.0924144094488191
20
1.9710881889763778
11
2.0872299212598424
21
1.9762726771653543
0
LINE
8
BLACK
6
CONTINUOUS
10
2.0872299212598424
20
1.9762726771653543
11
2.0831564960629922
21
1.9823690157480314
0
LINE
8
BLACK
6
CONTINUOUS
10
2.0831564960629922
20
1.9823690157480314
11
2.0803506692913385
21
1.9891429133858267
0
LINE
8
BLACK
6
CONTINUOUS
10
2.0803506692913385
20
1.9891429133858267
11
2.0789202755905509
21
1.9963340157480314
0
LINE
8
BLACK
6
CONTINUOUS
10
2.0789202755905509
20
1.9963340157480314
11
2.0789202755905509
21
2.0036659842519686
0
LINE
8
BLACK
6
CONTINUOUS
10
2.0789202755905509
20
2.0036659842519686
11
2.0803506692913385
21
2.0108570866141733
0
LINE
8
BLACK
6
CONTINUOUS
10
2.0803506692913385
20
2.0108570866141733
11
2.0831564960629922
21
2.0176309842519684
0
LINE
8
BLACK
6
CONTINUOUS
10
2.0831564960629922
20
2.0176309842519684
11
2.0872299212598424
21
2.0237273228346457
0
LINE
8
BLACK
6
CONTINUOUS
10
2.0872299212598424
20
2.0237273228346457
11
2.0924144094488191
21
2.0289118110236219
0
LINE
8
BLACK
6
CONTINUOUS
10
2.0924144094488191
20
2.0289118110236219
11
2.098510748031496
21
2.0329852362204726
0
LINE
8
BLACK
6
CONTINUOUS
10
2.098510748031496
20
2.0329852362204726
11
2.1052846456692911
21
2.0357910629921259
0
LINE
8
BLACK
6
CONTINUOUS
10
2.1052846456692911
20
2.0357910629921259
11
2.1124757480314962
21
2.0372214566929134
0
LINE
8
BLACK
6
CONTINUOUS
10
2.1124757480314962
20
2.0372214566929134
11
2.1161417322834644
21
2.0374015748031495
0
LINE
8
BLACK
6
CONTINUOUS
10
2.1161417322834644
20
2.0374015748031495
11
2.1358267716535431
21
2.0374015748031495
0
LINE
8
BLACK
6
CONTINUOUS
10
2.1358267716535431
20
2.0374015748031495
11
2.1394927559055117
21
2.0372214566929134
0
CIRCLE
8
BLACK
10
2.3055118110236221
20
0.4
40
0.0068897637795276
0
CIRCLE
8
BLACK
10
2.3331867716535433
20
0.4668132283464567
40
0.0068897637795276
0
CIRCLE
8
BLACK
10
2.3331867716535433
20
0.3331867716535433
40
0.0068897637795276
0
CIRCLE
8
BLACK
10
2.3999999999999999
20
0.4944881889763779
40
0.0068897637795276
0
CIRCLE
8
BLACK
10
2.3999999999999999
20
0.4
40
0.0068897637795276
0
CIRCLE
8
BLACK
10
2.3999999999999999
20
0.305511811023622
40
0.0068897637795276
0
CIRCLE
8
BLACK
10
2.4668132283464566
20
0.4668132283464567
40
0.0068897637795276
0
CIRCLE
8
BLACK
10
2.4668132283464566
20
0.3331867716535433
40
0.0068897637795276
0
CIRCLE
8
BLACK
10
2.4944881889763777
20
0.4
40
0.0068897637795276
0
CIRCLE
8
BLACK
10
1.6299212204724409
20
0.6204724409448819
40
0.0068897637795276
0
CIRCLE
8
BLACK
10
1.5299212204724408
20
0.6204724409448819
40
0.0068897637795276
0
CIRCLE
8
BLACK
10
1.6299212598425197
20
0.7204724409448818
40
0.0068897637795276
0
CIRCLE
8
BLACK
10
1.5299211811023621
20
0.7204724409448818
40
0.0068897637795276
0
CIRCLE
8
BLACK
10
1.6299212204724409
20
0.8204724409448819
40
0.0068897637795276
0
CIRCLE
8
BLACK
10
1.5299212204724408
20
0.8204724409448819
40
0.0068897637795276
0
CIRCLE
8
BLACK
10
0.8267716141732283
20
0.6204724409448819
40
0.0068897637795276
0
CIRCLE
8
BLACK
10
0.7267716141732283
20
0.6204724409448819
40
0.0068897637795276
0
CIRCLE
8
BLACK
10
0.8267716535433071
20
0.7204724409448818
40
0.0068897637795276
0
CIRCLE
8
BLACK
10
0.7267715748031496
20
0.7204724409448818
40
0.0068897637795276
0
CIRCLE
8
BLACK
10
0.8267716141732283
20
0.8204724409448819
40
0.0068897637795276
0
CIRCLE
8
BLACK
10
0.7267716141732283
20
0.8204724409448819
40
0.0068897637795276
0
CIRCLE
8
BLACK
10
0.305511811023622
20
0.4
40
0.0068897637795276
0
CIRCLE
8
BLACK
10
0.3331867716535433
20
0.4668132283464567
40
0.0068897637795276
0
CIRCLE
8
BLACK
10
0.3331867716535433
20
0.3331867716535433
40
0.0068897637795276
0
CIRCLE
8
BLACK
10
0.4
20
0.4944881889763779
40
0.0068897637795276
0
CIRCLE
8
BLACK
10
0.4
20
0.4
40
0.0068897637795276
0
CIRCLE
8
BLACK
10
0.4
20
0.305511811023622
40
0.0068897637795276
0
CIRCLE
8
BLACK
10
0.4668132283464567
20
0.4668132283464567
40
0.0068897637795276
0
CIRCLE
8
BLACK
10
0.4668132283464567
20
0.3331867716535433
40
0.0068897637795276
0
CIRCLE
8
BLACK
10
0.4944881889763779
20
0.4
40
0.0068897637795276
0
CIRCLE
8
BLACK
10
0.305511811023622
20
2.
40
0.0068897637795276
0
CIRCLE
8
BLACK
10
0.3331867716535433
20
2.0668132283464566
40
0.0068897637795276
0
CIRCLE
8
BLACK
10
0.3331867716535433
20
1.9331867716535434
40
0.0068897637795276
0
CIRCLE
8
BLACK
10
0.4
20
2.0944881889763778
40
0.0068897637795276
0
CIRCLE
8
BLACK
10
0.4
20
2.
40
0.0068897637795276
0
CIRCLE
8
BLACK
10
0.4
20
1.905511811023622
40
0.0068897637795276
0
CIRCLE
8
BLACK
10
0.4668132283464567
20
2.0668132283464566
40
0.0068897637795276
0
CIRCLE
8
BLACK
10
0.4668132283464567
20
1.9331867716535434
40
0.0068897637795276
0
CIRCLE
8
BLACK
10
0.4944881889763779
20
2.
40
0.0068897637795276
0
CIRCLE
8
BLACK
10
1.7283464566929134
20
0.4318897637795275
40
0.0068897637795276
0
CIRCLE
8
BLACK
10
1.7283464566929134
20
0.3318897637795276
40
0.0068897637795276
0
CIRCLE
8
BLACK
10
1.6283464566929133
20
0.4318897637795275
40
0.0068897637795276
0
CIRCLE
8
BLACK
10
1.6283464566929133
20
0.3318897637795276
40
0.0068897637795276
0
CIRCLE
8
BLACK
10
1.5283464566929132
20
0.4318897637795275
40
0.0068897637795276
0
CIRCLE
8
BLACK
10
1.5283464566929132
20
0.3318897637795276
40
0.0068897637795276
0
CIRCLE
8
BLACK
10
1.4283464566929134
20
0.4318898031496063
40
0.0068897637795276
0
CIRCLE
8
BLACK
10
1.4283464566929134
20
0.3318897244094488
40
0.0068897637795276
0
CIRCLE
8
BLACK
10
1.3283464566929133
20
0.4318897637795275
40
0.0068897637795276
0
CIRCLE
8
BLACK
10
1.3283464566929133
20
0.3318897637795276
40
0.0068897637795276
0
CIRCLE
8
BLACK
10
1.2283464566929134
20
0.4318897637795275
40
0.0068897637795276
0
CIRCLE
8
BLACK
10
1.2283464566929134
20
0.3318897637795276
40
0.0068897637795276
0
CIRCLE
8
BLACK
10
1.1283464566929133
20
0.4318897637795275
40
0.0068897637795276
0
CIRCLE
8
BLACK
10
1.1283464566929133
20
0.3318897637795276
40
0.0068897637795276
0
CIRCLE
8
BLACK
10
1.0283464566929135
20
0.4318897637795275
40
0.0068897637795276
0
CIRCLE
8
BLACK
10
1.0283464566929135
20
0.3318897637795276
40
0.0068897637795276
0
CIRCLE
8
BLACK
10
0.9283464566929134
20
0.4318898031496063
40
0.0068897637795276
0
CIRCLE
8
BLACK
10
0.9283464566929134
20
0.3318897244094488
40
0.0068897637795276
0
CIRCLE
8
BLACK
10
0.8283464566929134
20
0.4318897637795275
40
0.0068897637795276
0
CIRCLE
8
BLACK
10
0.8283464566929134
20
0.3318897637795276
40
0.0068897637795276
0
CIRCLE
8
BLACK
10
0.7283464566929134
20
0.4318897637795275
40
0.0068897637795276
0
CIRCLE
8
BLACK
10
0.7283464566929134
20
0.3318897637795276
40
0.0068897637795276
0
CIRCLE
8
BLACK
10
0.6283464566929133
20
0.4318897637795275
40
0.0068897637795276
0
CIRCLE
8
BLACK
10
0.6283464566929133
20
0.3318897637795276
40
0.0068897637795276
0
CIRCLE
8
BLACK
10
0.4188976377952756
20
0.6535433070866141
40
0.0068897637795276
0
CIRCLE
8
BLACK
10
0.3188976377952756
20
0.6535433070866141
40
0.0068897637795276
0
CIRCLE
8
BLACK
10
0.4188976377952756
20
0.7535433070866142
40
0.0068897637795276
0
CIRCLE
8
BLACK
10
0.3188976377952756
20
0.7535433070866142
40
0.0068897637795276
0
CIRCLE
8
BLACK
10
0.4188976377952756
20
0.8535433070866142
40
0.0068897637795276
0
CIRCLE
8
BLACK
10
0.3188976377952756
20
0.8535433070866142
40
0.0068897637795276
0
CIRCLE
8
BLACK
10
0.4188976771653543
20
0.9535433070866142
40
0.0068897637795276
0
CIRCLE
8
BLACK
10
0.3188975984251968
20
0.9535433070866142
40
0.0068897637795276
0
CIRCLE
8
BLACK
10
0.4188976377952756
20
1.0535433070866143
40
0.0068897637795276
0
CIRCLE
8
BLACK
10
0.3188976377952756
20
1.0535433070866143
40
0.0068897637795276
0
CIRCLE
8
BLACK
10
0.4188976377952756
20
1.1535433070866141
40
0.0068897637795276
0
CIRCLE
8
BLACK
10
0.3188976377952756
20
1.1535433070866141
40
0.0068897637795276
0
CIRCLE
8
BLACK
10
0.4188976377952756
20
1.2535433070866142
40
0.0068897637795276
0
CIRCLE
8
BLACK
10
0.3188976377952756
20
1.2535433070866142
40
0.0068897637795276
0
CIRCLE
8
BLACK
10
0.4188976377952756
20
1.3535433070866141
40
0.0068897637795276
0
CIRCLE
8
BLACK
10
0.3188976377952756
20
1.3535433070866141
40
0.0068897637795276
0
CIRCLE
8
BLACK
10
0.4188976771653543
20
1.4535433070866142
40
0.0068897637795276
0
CIRCLE
8
BLACK
10
0.3188975984251968
20
1.4535433070866142
40
0.0068897637795276
0
CIRCLE
8
BLACK
10
0.4188976377952756
20
1.553543307086614
40
0.0068897637795276
0
CIRCLE
8
BLACK
10
0.3188976377952756
20
1.553543307086614
40
0.0068897637795276
0
CIRCLE
8
BLACK
10
0.4188976377952756
20
1.6535433070866141
40
0.0068897637795276
0
CIRCLE
8
BLACK
10
0.3188976377952756
20
1.6535433070866141
40
0.0068897637795276
0
CIRCLE
8
BLACK
10
0.4188976377952756
20
1.7535433070866142
40
0.0068897637795276
0
CIRCLE
8
BLACK
10
0.3188976377952756
20
1.7535433070866142
40
0.0068897637795276
0
CIRCLE
8
BLACK
10
2.3622047244094486
20
1.7488188976377952
40
0.0068897637795276
0
CIRCLE
8
BLACK
10
2.4622047244094487
20
1.7488188976377952
40
0.0068897637795276
0
CIRCLE
8
BLACK
10
2.3622047244094486
20
1.6488188976377953
40
0.0068897637795276
0
CIRCLE
8
BLACK
10
2.4622047244094487
20
1.6488188976377953
40
0.0068897637795276
0
CIRCLE
8
BLACK
10
2.3622047244094486
20
1.5488188976377952
40
0.0068897637795276
0
CIRCLE
8
BLACK
10
2.4622047244094487
20
1.5488188976377952
40
0.0068897637795276
0
CIRCLE
8
BLACK
10
2.3622047244094486
20
1.4488188976377951
40
0.0068897637795276
0
CIRCLE
8
BLACK
10
2.4622047244094487
20
1.4488188976377951
40
0.0068897637795276
0
CIRCLE
8
BLACK
10
2.3622047244094486
20
1.3488188976377953
40
0.0068897637795276
0
CIRCLE
8
BLACK
10
2.4622047244094487
20
1.3488188976377953
40
0.0068897637795276
0
CIRCLE
8
BLACK
10
2.3622047244094486
20
1.2488188976377952
40
0.0068897637795276
0
CIRCLE
8
BLACK
10
2.4622047244094487
20
1.2488188976377952
40
0.0068897637795276
0
CIRCLE
8
BLACK
10
2.3622047244094486
20
1.1488188976377953
40
0.0068897637795276
0
CIRCLE
8
BLACK
10
2.4622047244094487
20
1.1488188976377953
40
0.0068897637795276
0
CIRCLE
8
BLACK
10
2.3622047244094486
20
1.0488188976377952
40
0.0068897637795276
0
CIRCLE
8
BLACK
10
2.4622047244094487
20
1.0488188976377952
40
0.0068897637795276
0
CIRCLE
8
BLACK
10
2.3622047244094486
20
0.9488188976377953
40
0.0068897637795276
0
CIRCLE
8
BLACK
10
2.4622047244094487
20
0.9488188976377953
40
0.0068897637795276
0
CIRCLE
8
BLACK
10
2.3622047244094486
20
0.8488188976377953
40
0.0068897637795276
0
CIRCLE
8
BLACK
10
2.4622047244094487
20
0.8488188976377953
40
0.0068897637795276
0
CIRCLE
8
BLACK
10
2.3622047244094486
20
0.7488188976377953
40
0.0068897637795276
0
CIRCLE
8
BLACK
10
2.4622047244094487
20
0.7488188976377953
40
0.0068897637795276
0
CIRCLE
8
BLACK
10
2.3622047244094486
20
0.6488188976377952
40
0.0068897637795276
0
CIRCLE
8
BLACK
10
2.4622047244094487
20
0.6488188976377952
40
0.0068897637795276
0
CIRCLE
8
BLACK
10
2.1535432677165356
20
0.8944881889763779
40
0.0068897637795276
0
CIRCLE
8
BLACK
10
2.0535432677165355
20
0.8944881889763779
40
0.0068897637795276
0
CIRCLE
8
BLACK
10
2.1535432677165356
20
0.9944881889763779
40
0.0068897637795276
0
CIRCLE
8
BLACK
10
2.0535432677165355
20
0.9944881889763779
40
0.0068897637795276
0
CIRCLE
8
BLACK
10
2.1535433070866143
20
1.094488188976378
40
0.0068897637795276
0
CIRCLE
8
BLACK
10
2.0535432283464568
20
1.094488188976378
40
0.0068897637795276
0
CIRCLE
8
BLACK
10
2.1535432677165356
20
1.1944881889763779
40
0.0068897637795276
0
CIRCLE
8
BLACK
10
2.0535432677165355
20
1.1944881889763779
40
0.0068897637795276
0
CIRCLE
8
BLACK
10
2.1535432677165356
20
1.294488188976378
40
0.0068897637795276
0
CIRCLE
8
BLACK
10
2.0535432677165355
20
1.294488188976378
40
0.0068897637795276
0
CIRCLE
8
BLACK
10
2.3055118110236221
20
2.
40
0.0068897637795276
0
CIRCLE
8
BLACK
10
2.3331867716535433
20
2.0668132283464566
40
0.0068897637795276
0
CIRCLE
8
BLACK
10
2.3331867716535433
20
1.9331867716535434
40
0.0068897637795276
0
CIRCLE
8
BLACK
10
2.3999999999999999
20
2.0944881889763778
40
0.0068897637795276
0
CIRCLE
8
BLACK
10
2.3999999999999999
20
2.
40
0.0068897637795276
0
CIRCLE
8
BLACK
10
2.3999999999999999
20
1.905511811023622
40
0.0068897637795276
0
CIRCLE
8
BLACK
10
2.4668132283464566
20
2.0668132283464566
40
0.0068897637795276
0
CIRCLE
8
BLACK
10
2.4668132283464566
20
1.9331867716535434
40
0.0068897637795276
0
CIRCLE
8
BLACK
10
2.4944881889763777
20
2.
40
0.0068897637795276
0
CIRCLE
8
BLACK
10
2.1456692913385824
20
0.4724409448818898
40
0.0068897637795276
0
CIRCLE
8
BLACK
10
1.918110157480315
20
0.4724409448818898
40
0.0068897637795276
0
LINE
8
BLACK
6
CONTINUOUS
10
2.2137794881889765
20
0.3118110236220472
11
2.2137794881889765
21
0.3433070866141732
0
ARC
8
BLACK
10
2.2019684645669293
20
0.3433070866141732
40
0.0118110236220472
50
0.00000000
51
180.00000000
0
LINE
8
BLACK
6
CONTINUOUS
10
2.1901574409448816
20
0.3433070866141732
11
2.1901574409448816
21
0.3118110236220472
0
ARC
8
BLACK
10
2.2019684645669293
20
0.3118110236220472
40
0.0118110236220472
50
180.00000000
51
360.00000000
0
LINE
8
BLACK
6
CONTINUOUS
10
1.8736220078740158
20
0.3118110236220472
11
1.8736220078740158
21
0.3433070866141732
0
ARC
8
BLACK
10
1.8618109842519686
20
0.3433070866141732
40
0.0118110236220472
50
0.00000000
51
180.00000000
0
LINE
8
BLACK
6
CONTINUOUS
10
1.8499999606299211
20
0.3433070866141732
11
1.8499999606299211
21
0.3118110236220472
0
ARC
8
BLACK
10
1.8618109842519686
20
0.3118110236220472
40
0.0118110236220472
50
180.00000000
51
360.00000000
0
LINE
8
BLACK
6
CONTINUOUS
10
2.2137794881889765
20
0.4704724409448819
11
2.2137794881889765
21
0.5137795275590551
0
ARC
8
BLACK
10
2.2019684645669293
20
0.5137795275590551
40
0.0118110236220472
50
0.00000000
51
180.00000000
0
LINE
8
BLACK
6
CONTINUOUS
10
2.1901574409448816
20
0.5137795275590551
11
2.1901574409448816
21
0.4704724409448819
0
ARC
8
BLACK
10
2.2019684645669293
20
0.4704724409448819
40
0.0118110236220472
50
180.00000000
51
360.00000000
0
LINE
8
BLACK
6
CONTINUOUS
10
1.8736220078740158
20
0.4704724409448819
11
1.8736220078740158
21
0.5137795275590551
0
ARC
8
BLACK
10
1.8618109842519686
20
0.5137795275590551
40
0.0118110236220472
50
0.00000000
51
180.00000000
0
LINE
8
BLACK
6
CONTINUOUS
10
1.8499999606299211
20
0.5137795275590551
11
1.8499999606299211
21
0.4704724409448819
0
ARC
8
BLACK
10
1.8618109842519686
20
0.4704724409448819
40
0.0118110236220472
50
180.00000000
51
360.00000000
0
LINE
8
BLACK
6
CONTINUOUS
10
0.6673228346456693
20
1.962598464566929
11
0.687007874015748
21
1.962598464566929
0
ARC
8
BLACK
10
0.687007874015748
20
2.
40
0.0374015354330709
50
-90.00000000
51
90.00000000
0
LINE
8
BLACK
6
CONTINUOUS
10
0.687007874015748
20
2.0374015354330708
11
0.6673228346456693
21
2.0374015354330708
0
ARC
8
BLACK
10
0.6673228346456693
20
2.
40
0.0374015354330709
50
90.00000000
51
270.00000000
0
LINE
8
BLACK
6
CONTINUOUS
10
2.1358267716535431
20
2.0374015354330708
11
2.1161417322834644
21
2.0374015354330708
0
ARC
8
BLACK
10
2.1161417322834644
20
2.
40
0.0374015354330709
50
90.00000000
51
270.00000000
0
LINE
8
BLACK
6
CONTINUOUS
10
2.1161417322834644
20
1.962598464566929
11
2.1358267716535431
21
1.962598464566929
0
ARC
8
BLACK
10
2.1358267716535431
20
2.
40
0.0374015354330709
50
270.00000000
51
450.00000000
  0
ENDSEC
  0
EOF
