  0
SECTION
  2
HEADER
  9
$ANGBASE
  50
0.0
  9
$ANGDIR
  70
1
  9
$MEASUREMENT
  70
0
  0
ENDSEC
  0
SECTION
  2
TABLES
  0
TABLE
  2
LTYPE
  70
4
  0
LTYPE
  5
40F
  2
CONTINUOUS
  70
0
  3
Solid line
  72
65
  73
0
  40
0.0
  0
LTYPE
  5
410
  2
DASHDOT
 70
0
  3
Dash Dot ____ _ ____ _
 72
65
 73
4
 40
2.0
 49
1.25
 49
-0.25
 49
0.25
 49
-0.25
  0
LTYPE
  5
411
  2
DASHED
 70
0
  3
Dashed __ __ __ __ __
 72
65
 73
2
 40
0.75
 49
0.5
 49
-0.25
  0
LTYPE
  5
43B
  2
DOTTED
 70
0
  3
Dotted .  .  .  .
 72
65
 73
2
 40
0.2
 49
0.0
 49
-0.2
  0
ENDTAB
  0
TABLE
  2
STYLE
  70
4
  0
STYLE
  2
KICAD
  70
0
  40
0
  41
1
  42
1
  50
0
  71
0
  3
isocp.shx
  0
STYLE
  2
KICADB
  70
0
  40
0
  41
1
  42
1
  50
0
  71
0
  3
isocp.shx
  0
STYLE
  2
KICADI
  70
0
  40
0
  41
1
  42
1
  50
15
  71
0
  3
isocp.shx
  0
STYLE
  2
KICADBI
  70
0
  40
0
  41
1
  42
1
  50
15
  71
0
  3
isocp.shx
  0
ENDTAB
  0
TABLE
  2
LAYER
  70
1
  0
LAYER
  2
BLACK
  70
0
  62
7
  6
CONTINUOUS
  0
ENDTAB
  0
ENDSEC
  0
SECTION
  2
ENTITIES
0
LINE
8
BLACK
6
CONTINUOUS
10
3.1229133464566927
20
0.259763779527559
11
3.0629133464566927
21
0.259763779527559
0
LINE
8
BLACK
6
CONTINUOUS
10
3.0629133464566927
20
0.259763779527559
11
3.0629133464566927
21
0.319763779527559
0
LINE
8
BLACK
6
CONTINUOUS
10
3.0629133464566927
20
0.319763779527559
11
3.1229133464566927
21
0.319763779527559
0
LINE
8
BLACK
6
CONTINUOUS
10
3.1229133464566927
20
0.319763779527559
11
3.1229133464566927
21
0.259763779527559
0
LINE
8
BLACK
6
CONTINUOUS
10
3.2229133464566928
20
0.259763779527559
11
3.1629133464566928
21
0.259763779527559
0
LINE
8
BLACK
6
CONTINUOUS
10
3.1629133464566928
20
0.259763779527559
11
3.1629133464566928
21
0.319763779527559
0
LINE
8
BLACK
6
CONTINUOUS
10
3.1629133464566928
20
0.319763779527559
11
3.2229133464566928
21
0.319763779527559
0
LINE
8
BLACK
6
CONTINUOUS
10
3.2229133464566928
20
0.319763779527559
11
3.2229133464566928
21
0.259763779527559
0
LINE
8
BLACK
6
CONTINUOUS
10
0.4211031496062992
20
0.5242042125984252
11
0.4348769291338583
21
0.5210604330708661
0
LINE
8
BLACK
6
CONTINUOUS
10
0.4348769291338583
20
0.5210604330708661
11
0.4482120866141732
21
0.5163942913385826
0
LINE
8
BLACK
6
CONTINUOUS
10
0.4482120866141732
20
0.5163942913385826
11
0.4609409448818897
21
0.5102643700787401
0
LINE
8
BLACK
6
CONTINUOUS
10
0.4609409448818897
20
0.5102643700787401
11
0.4729034645669291
21
0.5027478346456693
0
LINE
8
BLACK
6
CONTINUOUS
10
0.4729034645669291
20
0.5027478346456693
11
0.4839491732283465
21
0.4939391732283465
0
LINE
8
BLACK
6
CONTINUOUS
10
0.4839491732283465
20
0.4939391732283465
11
0.4939391732283465
21
0.4839491732283465
0
LINE
8
BLACK
6
CONTINUOUS
10
0.4939391732283465
20
0.4839491732283465
11
0.5027478346456693
21
0.4729034645669291
0
LINE
8
BLACK
6
CONTINUOUS
10
0.5027478346456693
20
0.4729034645669291
11
0.5102643700787401
21
0.4609409448818897
0
LINE
8
BLACK
6
CONTINUOUS
10
0.5102643700787401
20
0.4609409448818897
11
0.5163942913385826
21
0.4482120866141732
0
LINE
8
BLACK
6
CONTINUOUS
10
0.5163942913385826
20
0.4482120866141732
11
0.5210604330708661
21
0.4348769291338583
0
LINE
8
BLACK
6
CONTINUOUS
10
0.5210604330708661
20
0.4348769291338583
11
0.5242042125984252
21
0.4211031496062992
0
LINE
8
BLACK
6
CONTINUOUS
10
0.5242042125984252
20
0.4211031496062992
11
0.5257860629921259
21
0.4070639763779528
0
LINE
8
BLACK
6
CONTINUOUS
10
0.5257860629921259
20
0.4070639763779528
11
0.5257860629921259
21
0.3929360236220472
0
LINE
8
BLACK
6
CONTINUOUS
10
0.5257860629921259
20
0.3929360236220472
11
0.5242042125984252
21
0.3788968503937008
0
LINE
8
BLACK
6
CONTINUOUS
10
0.5242042125984252
20
0.3788968503937008
11
0.5210604330708661
21
0.3651230708661417
0
LINE
8
BLACK
6
CONTINUOUS
10
0.5210604330708661
20
0.3651230708661417
11
0.5163942913385826
21
0.3517879133858268
0
LINE
8
BLACK
6
CONTINUOUS
10
0.5163942913385826
20
0.3517879133858268
11
0.5102643700787401
21
0.3390590551181102
0
LINE
8
BLACK
6
CONTINUOUS
10
0.5102643700787401
20
0.3390590551181102
11
0.5027478346456693
21
0.3270965354330709
0
LINE
8
BLACK
6
CONTINUOUS
10
0.5027478346456693
20
0.3270965354330709
11
0.4939391732283465
21
0.3160508267716535
0
LINE
8
BLACK
6
CONTINUOUS
10
0.4939391732283465
20
0.3160508267716535
11
0.4839491732283465
21
0.3060608267716535
0
LINE
8
BLACK
6
CONTINUOUS
10
0.4839491732283465
20
0.3060608267716535
11
0.4729034645669291
21
0.2972521653543307
0
LINE
8
BLACK
6
CONTINUOUS
10
0.4729034645669291
20
0.2972521653543307
11
0.4609409448818897
21
0.2897356299212598
0
LINE
8
BLACK
6
CONTINUOUS
10
0.4609409448818897
20
0.2897356299212598
11
0.4482120866141732
21
0.2836057086614173
0
LINE
8
BLACK
6
CONTINUOUS
10
0.4482120866141732
20
0.2836057086614173
11
0.4348769291338583
21
0.2789395669291339
0
LINE
8
BLACK
6
CONTINUOUS
10
0.4348769291338583
20
0.2789395669291339
11
0.4211031496062992
21
0.2757957874015748
0
LINE
8
BLACK
6
CONTINUOUS
10
0.4211031496062992
20
0.2757957874015748
11
0.4070639763779528
21
0.274213937007874
0
LINE
8
BLACK
6
CONTINUOUS
10
0.4070639763779528
20
0.274213937007874
11
0.3929360236220472
21
0.274213937007874
0
LINE
8
BLACK
6
CONTINUOUS
10
0.3929360236220472
20
0.274213937007874
11
0.3788968503937008
21
0.2757957874015748
0
LINE
8
BLACK
6
CONTINUOUS
10
0.3788968503937008
20
0.2757957874015748
11
0.3651230708661417
21
0.2789395669291339
0
LINE
8
BLACK
6
CONTINUOUS
10
0.3651230708661417
20
0.2789395669291339
11
0.3517879133858268
21
0.2836057086614173
0
LINE
8
BLACK
6
CONTINUOUS
10
0.3517879133858268
20
0.2836057086614173
11
0.3390590551181102
21
0.2897356299212598
0
LINE
8
BLACK
6
CONTINUOUS
10
0.3390590551181102
20
0.2897356299212598
11
0.3270965354330709
21
0.2972521653543307
0
LINE
8
BLACK
6
CONTINUOUS
10
0.3270965354330709
20
0.2972521653543307
11
0.3160508267716535
21
0.3060608267716535
0
LINE
8
BLACK
6
CONTINUOUS
10
0.3160508267716535
20
0.3060608267716535
11
0.3060608267716535
21
0.3160508267716535
0
LINE
8
BLACK
6
CONTINUOUS
10
0.3060608267716535
20
0.3160508267716535
11
0.2972521653543307
21
0.3270965354330709
0
LINE
8
BLACK
6
CONTINUOUS
10
0.2972521653543307
20
0.3270965354330709
11
0.2897356299212598
21
0.3390590551181102
0
LINE
8
BLACK
6
CONTINUOUS
10
0.2897356299212598
20
0.3390590551181102
11
0.2836057086614173
21
0.3517879133858268
0
LINE
8
BLACK
6
CONTINUOUS
10
0.2836057086614173
20
0.3517879133858268
11
0.2789395669291339
21
0.3651230708661417
0
LINE
8
BLACK
6
CONTINUOUS
10
0.2789395669291339
20
0.3651230708661417
11
0.2757957874015748
21
0.3788968503937008
0
LINE
8
BLACK
6
CONTINUOUS
10
0.2757957874015748
20
0.3788968503937008
11
0.274213937007874
21
0.3929360236220472
0
LINE
8
BLACK
6
CONTINUOUS
10
0.274213937007874
20
0.3929360236220472
11
0.274213937007874
21
0.4070639763779528
0
LINE
8
BLACK
6
CONTINUOUS
10
0.274213937007874
20
0.4070639763779528
11
0.2757957874015748
21
0.4211031496062992
0
LINE
8
BLACK
6
CONTINUOUS
10
0.2757957874015748
20
0.4211031496062992
11
0.2789395669291339
21
0.4348769291338583
0
LINE
8
BLACK
6
CONTINUOUS
10
0.2789395669291339
20
0.4348769291338583
11
0.2836057086614173
21
0.4482120866141732
0
LINE
8
BLACK
6
CONTINUOUS
10
0.2836057086614173
20
0.4482120866141732
11
0.2897356299212598
21
0.4609409448818897
0
LINE
8
BLACK
6
CONTINUOUS
10
0.2897356299212598
20
0.4609409448818897
11
0.2972521653543307
21
0.4729034645669291
0
LINE
8
BLACK
6
CONTINUOUS
10
0.2972521653543307
20
0.4729034645669291
11
0.3060608267716535
21
0.4839491732283465
0
LINE
8
BLACK
6
CONTINUOUS
10
0.3060608267716535
20
0.4839491732283465
11
0.3160508267716535
21
0.4939391732283465
0
LINE
8
BLACK
6
CONTINUOUS
10
0.3160508267716535
20
0.4939391732283465
11
0.3270965354330709
21
0.5027478346456693
0
LINE
8
BLACK
6
CONTINUOUS
10
0.3270965354330709
20
0.5027478346456693
11
0.3390590551181102
21
0.5102643700787401
0
LINE
8
BLACK
6
CONTINUOUS
10
0.3390590551181102
20
0.5102643700787401
11
0.3517879133858268
21
0.5163942913385826
0
LINE
8
BLACK
6
CONTINUOUS
10
0.3517879133858268
20
0.5163942913385826
11
0.3651230708661417
21
0.5210604330708661
0
LINE
8
BLACK
6
CONTINUOUS
10
0.3651230708661417
20
0.5210604330708661
11
0.3788968503937008
21
0.5242042125984252
0
LINE
8
BLACK
6
CONTINUOUS
10
0.3788968503937008
20
0.5242042125984252
11
0.3929360236220472
21
0.5257860629921259
0
LINE
8
BLACK
6
CONTINUOUS
10
0.3929360236220472
20
0.5257860629921259
11
0.4070639763779528
21
0.5257860629921259
0
LINE
8
BLACK
6
CONTINUOUS
10
0.4070639763779528
20
0.5257860629921259
11
0.4211031496062992
21
0.5242042125984252
0
LINE
8
BLACK
6
CONTINUOUS
10
2.4211031496062994
20
0.5242042125984252
11
2.4348769291338583
21
0.5210604330708661
0
LINE
8
BLACK
6
CONTINUOUS
10
2.4348769291338583
20
0.5210604330708661
11
2.448212086614173
21
0.5163942913385826
0
LINE
8
BLACK
6
CONTINUOUS
10
2.448212086614173
20
0.5163942913385826
11
2.4609409448818895
21
0.5102643700787401
0
LINE
8
BLACK
6
CONTINUOUS
10
2.4609409448818895
20
0.5102643700787401
11
2.472903464566929
21
0.5027478346456693
0
LINE
8
BLACK
6
CONTINUOUS
10
2.472903464566929
20
0.5027478346456693
11
2.4839491732283463
21
0.4939391732283465
0
LINE
8
BLACK
6
CONTINUOUS
10
2.4839491732283463
20
0.4939391732283465
11
2.4939391732283465
21
0.4839491732283465
0
LINE
8
BLACK
6
CONTINUOUS
10
2.4939391732283465
20
0.4839491732283465
11
2.5027478346456693
21
0.4729034645669291
0
LINE
8
BLACK
6
CONTINUOUS
10
2.5027478346456693
20
0.4729034645669291
11
2.5102643700787399
21
0.4609409448818897
0
LINE
8
BLACK
6
CONTINUOUS
10
2.5102643700787399
20
0.4609409448818897
11
2.5163942913385826
21
0.4482120866141732
0
LINE
8
BLACK
6
CONTINUOUS
10
2.5163942913385826
20
0.4482120866141732
11
2.5210604330708661
21
0.4348769291338583
0
LINE
8
BLACK
6
CONTINUOUS
10
2.5210604330708661
20
0.4348769291338583
11
2.5242042125984252
21
0.4211031496062992
0
LINE
8
BLACK
6
CONTINUOUS
10
2.5242042125984252
20
0.4211031496062992
11
2.5257860629921258
21
0.4070639763779528
0
LINE
8
BLACK
6
CONTINUOUS
10
2.5257860629921258
20
0.4070639763779528
11
2.5257860629921258
21
0.3929360236220472
0
LINE
8
BLACK
6
CONTINUOUS
10
2.5257860629921258
20
0.3929360236220472
11
2.5242042125984252
21
0.3788968503937008
0
LINE
8
BLACK
6
CONTINUOUS
10
2.5242042125984252
20
0.3788968503937008
11
2.5210604330708661
21
0.3651230708661417
0
LINE
8
BLACK
6
CONTINUOUS
10
2.5210604330708661
20
0.3651230708661417
11
2.5163942913385826
21
0.3517879133858268
0
LINE
8
BLACK
6
CONTINUOUS
10
2.5163942913385826
20
0.3517879133858268
11
2.5102643700787399
21
0.3390590551181102
0
LINE
8
BLACK
6
CONTINUOUS
10
2.5102643700787399
20
0.3390590551181102
11
2.5027478346456693
21
0.3270965354330709
0
LINE
8
BLACK
6
CONTINUOUS
10
2.5027478346456693
20
0.3270965354330709
11
2.4939391732283465
21
0.3160508267716535
0
LINE
8
BLACK
6
CONTINUOUS
10
2.4939391732283465
20
0.3160508267716535
11
2.4839491732283463
21
0.3060608267716535
0
LINE
8
BLACK
6
CONTINUOUS
10
2.4839491732283463
20
0.3060608267716535
11
2.472903464566929
21
0.2972521653543307
0
LINE
8
BLACK
6
CONTINUOUS
10
2.472903464566929
20
0.2972521653543307
11
2.4609409448818895
21
0.2897356299212598
0
LINE
8
BLACK
6
CONTINUOUS
10
2.4609409448818895
20
0.2897356299212598
11
2.448212086614173
21
0.2836057086614173
0
LINE
8
BLACK
6
CONTINUOUS
10
2.448212086614173
20
0.2836057086614173
11
2.4348769291338583
21
0.2789395669291339
0
LINE
8
BLACK
6
CONTINUOUS
10
2.4348769291338583
20
0.2789395669291339
11
2.4211031496062994
21
0.2757957874015748
0
LINE
8
BLACK
6
CONTINUOUS
10
2.4211031496062994
20
0.2757957874015748
11
2.4070639763779527
21
0.274213937007874
0
LINE
8
BLACK
6
CONTINUOUS
10
2.4070639763779527
20
0.274213937007874
11
2.3929360236220472
21
0.274213937007874
0
LINE
8
BLACK
6
CONTINUOUS
10
2.3929360236220472
20
0.274213937007874
11
2.3788968503937009
21
0.2757957874015748
0
LINE
8
BLACK
6
CONTINUOUS
10
2.3788968503937009
20
0.2757957874015748
11
2.3651230708661415
21
0.2789395669291339
0
LINE
8
BLACK
6
CONTINUOUS
10
2.3651230708661415
20
0.2789395669291339
11
2.3517879133858268
21
0.2836057086614173
0
LINE
8
BLACK
6
CONTINUOUS
10
2.3517879133858268
20
0.2836057086614173
11
2.3390590551181103
21
0.2897356299212598
0
LINE
8
BLACK
6
CONTINUOUS
10
2.3390590551181103
20
0.2897356299212598
11
2.3270965354330708
21
0.2972521653543307
0
LINE
8
BLACK
6
CONTINUOUS
10
2.3270965354330708
20
0.2972521653543307
11
2.3160508267716535
21
0.3060608267716535
0
LINE
8
BLACK
6
CONTINUOUS
10
2.3160508267716535
20
0.3060608267716535
11
2.3060608267716534
21
0.3160508267716535
0
LINE
8
BLACK
6
CONTINUOUS
10
2.3060608267716534
20
0.3160508267716535
11
2.2972521653543305
21
0.3270965354330709
0
LINE
8
BLACK
6
CONTINUOUS
10
2.2972521653543305
20
0.3270965354330709
11
2.2897356299212599
21
0.3390590551181102
0
LINE
8
BLACK
6
CONTINUOUS
10
2.2897356299212599
20
0.3390590551181102
11
2.2836057086614172
21
0.3517879133858268
0
LINE
8
BLACK
6
CONTINUOUS
10
2.2836057086614172
20
0.3517879133858268
11
2.2789395669291337
21
0.3651230708661417
0
LINE
8
BLACK
6
CONTINUOUS
10
2.2789395669291337
20
0.3651230708661417
11
2.2757957874015746
21
0.3788968503937008
0
LINE
8
BLACK
6
CONTINUOUS
10
2.2757957874015746
20
0.3788968503937008
11
2.274213937007874
21
0.3929360236220472
0
LINE
8
BLACK
6
CONTINUOUS
10
2.274213937007874
20
0.3929360236220472
11
2.274213937007874
21
0.4070639763779528
0
LINE
8
BLACK
6
CONTINUOUS
10
2.274213937007874
20
0.4070639763779528
11
2.2757957874015746
21
0.4211031496062992
0
LINE
8
BLACK
6
CONTINUOUS
10
2.2757957874015746
20
0.4211031496062992
11
2.2789395669291337
21
0.4348769291338583
0
LINE
8
BLACK
6
CONTINUOUS
10
2.2789395669291337
20
0.4348769291338583
11
2.2836057086614172
21
0.4482120866141732
0
LINE
8
BLACK
6
CONTINUOUS
10
2.2836057086614172
20
0.4482120866141732
11
2.2897356299212599
21
0.4609409448818897
0
LINE
8
BLACK
6
CONTINUOUS
10
2.2897356299212599
20
0.4609409448818897
11
2.2972521653543305
21
0.4729034645669291
0
LINE
8
BLACK
6
CONTINUOUS
10
2.2972521653543305
20
0.4729034645669291
11
2.3060608267716534
21
0.4839491732283465
0
LINE
8
BLACK
6
CONTINUOUS
10
2.3060608267716534
20
0.4839491732283465
11
2.3160508267716535
21
0.4939391732283465
0
LINE
8
BLACK
6
CONTINUOUS
10
2.3160508267716535
20
0.4939391732283465
11
2.3270965354330708
21
0.5027478346456693
0
LINE
8
BLACK
6
CONTINUOUS
10
2.3270965354330708
20
0.5027478346456693
11
2.3390590551181103
21
0.5102643700787401
0
LINE
8
BLACK
6
CONTINUOUS
10
2.3390590551181103
20
0.5102643700787401
11
2.3517879133858268
21
0.5163942913385826
0
LINE
8
BLACK
6
CONTINUOUS
10
2.3517879133858268
20
0.5163942913385826
11
2.3651230708661415
21
0.5210604330708661
0
LINE
8
BLACK
6
CONTINUOUS
10
2.3651230708661415
20
0.5210604330708661
11
2.3788968503937009
21
0.5242042125984252
0
LINE
8
BLACK
6
CONTINUOUS
10
2.3788968503937009
20
0.5242042125984252
11
2.3929360236220472
21
0.5257860629921259
0
LINE
8
BLACK
6
CONTINUOUS
10
2.3929360236220472
20
0.5257860629921259
11
2.4070639763779527
21
0.5257860629921259
0
LINE
8
BLACK
6
CONTINUOUS
10
2.4070639763779527
20
0.5257860629921259
11
2.4211031496062994
21
0.5242042125984252
0
LINE
8
BLACK
6
CONTINUOUS
10
1.8693441338582677
20
0.3654307086614173
11
1.8737944881889763
21
0.3628612992125984
0
LINE
8
BLACK
6
CONTINUOUS
10
1.8737944881889763
20
0.3628612992125984
11
1.877428188976378
21
0.3592275984251969
0
LINE
8
BLACK
6
CONTINUOUS
10
1.877428188976378
20
0.3592275984251969
11
1.8799975984251969
21
0.3547772440944882
0
LINE
8
BLACK
6
CONTINUOUS
10
1.8799975984251969
20
0.3547772440944882
11
1.8813275984251967
21
0.3498135039370079
0
LINE
8
BLACK
6
CONTINUOUS
10
1.8813275984251967
20
0.3498135039370079
11
1.8814960236220473
21
0.347244094488189
0
LINE
8
BLACK
6
CONTINUOUS
10
1.8814960236220473
20
0.347244094488189
11
1.8814960236220473
21
0.3078740157480315
0
LINE
8
BLACK
6
CONTINUOUS
10
1.8814960236220473
20
0.3078740157480315
11
1.8813275984251967
21
0.3053046062992126
0
LINE
8
BLACK
6
CONTINUOUS
10
1.8813275984251967
20
0.3053046062992126
11
1.8799975984251969
21
0.3003408661417323
0
LINE
8
BLACK
6
CONTINUOUS
10
1.8799975984251969
20
0.3003408661417323
11
1.877428188976378
21
0.2958905118110236
0
LINE
8
BLACK
6
CONTINUOUS
10
1.877428188976378
20
0.2958905118110236
11
1.8737944881889763
21
0.2922568110236221
0
LINE
8
BLACK
6
CONTINUOUS
10
1.8737944881889763
20
0.2922568110236221
11
1.8693441338582677
21
0.2896874015748032
0
LINE
8
BLACK
6
CONTINUOUS
10
1.8693441338582677
20
0.2896874015748032
11
1.8643803937007875
21
0.2883574015748032
0
LINE
8
BLACK
6
CONTINUOUS
10
1.8643803937007875
20
0.2883574015748032
11
1.8592415748031497
21
0.2883574015748032
0
LINE
8
BLACK
6
CONTINUOUS
10
1.8592415748031497
20
0.2883574015748032
11
1.8542778346456692
21
0.2896874015748032
0
LINE
8
BLACK
6
CONTINUOUS
10
1.8542778346456692
20
0.2896874015748032
11
1.8498274803149606
21
0.2922568110236221
0
LINE
8
BLACK
6
CONTINUOUS
10
1.8498274803149606
20
0.2922568110236221
11
1.8461937795275589
21
0.2958905118110236
0
LINE
8
BLACK
6
CONTINUOUS
10
1.8461937795275589
20
0.2958905118110236
11
1.84362437007874
21
0.3003408661417323
0
LINE
8
BLACK
6
CONTINUOUS
10
1.84362437007874
20
0.3003408661417323
11
1.8422943700787402
21
0.3053046062992126
0
LINE
8
BLACK
6
CONTINUOUS
10
1.8422943700787402
20
0.3053046062992126
11
1.8421259448818896
21
0.3078740157480315
0
LINE
8
BLACK
6
CONTINUOUS
10
1.8421259448818896
20
0.3078740157480315
11
1.8421259448818896
21
0.347244094488189
0
LINE
8
BLACK
6
CONTINUOUS
10
1.8421259448818896
20
0.347244094488189
11
1.8422943700787402
21
0.3498135039370079
0
LINE
8
BLACK
6
CONTINUOUS
10
1.8422943700787402
20
0.3498135039370079
11
1.84362437007874
21
0.3547772440944882
0
LINE
8
BLACK
6
CONTINUOUS
10
1.84362437007874
20
0.3547772440944882
11
1.8461937795275589
21
0.3592275984251969
0
LINE
8
BLACK
6
CONTINUOUS
10
1.8461937795275589
20
0.3592275984251969
11
1.8498274803149606
21
0.3628612992125984
0
LINE
8
BLACK
6
CONTINUOUS
10
1.8498274803149606
20
0.3628612992125984
11
1.8542778346456692
21
0.3654307086614173
0
LINE
8
BLACK
6
CONTINUOUS
10
1.8542778346456692
20
0.3654307086614173
11
1.8592415748031497
21
0.3667607086614173
0
LINE
8
BLACK
6
CONTINUOUS
10
1.8592415748031497
20
0.3667607086614173
11
1.8643803937007875
21
0.3667607086614173
0
LINE
8
BLACK
6
CONTINUOUS
10
1.8643803937007875
20
0.3667607086614173
11
1.8693441338582677
21
0.3654307086614173
0
LINE
8
BLACK
6
CONTINUOUS
10
2.2095016141732282
20
0.3654307086614173
11
2.2139519685039368
21
0.3628612992125984
0
LINE
8
BLACK
6
CONTINUOUS
10
2.2139519685039368
20
0.3628612992125984
11
2.2175856692913385
21
0.3592275984251969
0
LINE
8
BLACK
6
CONTINUOUS
10
2.2175856692913385
20
0.3592275984251969
11
2.2201550787401576
21
0.3547772440944882
0
LINE
8
BLACK
6
CONTINUOUS
10
2.2201550787401576
20
0.3547772440944882
11
2.2214850787401574
21
0.3498135039370079
0
LINE
8
BLACK
6
CONTINUOUS
10
2.2214850787401574
20
0.3498135039370079
11
2.221653503937008
21
0.347244094488189
0
LINE
8
BLACK
6
CONTINUOUS
10
2.221653503937008
20
0.347244094488189
11
2.221653503937008
21
0.3078740157480315
0
LINE
8
BLACK
6
CONTINUOUS
10
2.221653503937008
20
0.3078740157480315
11
2.2214850787401574
21
0.3053046062992126
0
LINE
8
BLACK
6
CONTINUOUS
10
2.2214850787401574
20
0.3053046062992126
11
2.2201550787401576
21
0.3003408661417323
0
LINE
8
BLACK
6
CONTINUOUS
10
2.2201550787401576
20
0.3003408661417323
11
2.2175856692913385
21
0.2958905118110236
0
LINE
8
BLACK
6
CONTINUOUS
10
2.2175856692913385
20
0.2958905118110236
11
2.2139519685039368
21
0.2922568110236221
0
LINE
8
BLACK
6
CONTINUOUS
10
2.2139519685039368
20
0.2922568110236221
11
2.2095016141732282
21
0.2896874015748032
0
LINE
8
BLACK
6
CONTINUOUS
10
2.2095016141732282
20
0.2896874015748032
11
2.204537874015748
21
0.2883574015748032
0
LINE
8
BLACK
6
CONTINUOUS
10
2.204537874015748
20
0.2883574015748032
11
2.1993990551181102
21
0.2883574015748032
0
LINE
8
BLACK
6
CONTINUOUS
10
2.1993990551181102
20
0.2883574015748032
11
2.1944353149606299
21
0.2896874015748032
0
LINE
8
BLACK
6
CONTINUOUS
10
2.1944353149606299
20
0.2896874015748032
11
2.1899849606299213
21
0.2922568110236221
0
LINE
8
BLACK
6
CONTINUOUS
10
2.1899849606299213
20
0.2922568110236221
11
2.1863512598425197
21
0.2958905118110236
0
LINE
8
BLACK
6
CONTINUOUS
10
2.1863512598425197
20
0.2958905118110236
11
2.1837818503937005
21
0.3003408661417323
0
LINE
8
BLACK
6
CONTINUOUS
10
2.1837818503937005
20
0.3003408661417323
11
2.1824518503937007
21
0.3053046062992126
0
LINE
8
BLACK
6
CONTINUOUS
10
2.1824518503937007
20
0.3053046062992126
11
2.1822834251968501
21
0.3078740157480315
0
LINE
8
BLACK
6
CONTINUOUS
10
2.1822834251968501
20
0.3078740157480315
11
2.1822834251968501
21
0.347244094488189
0
LINE
8
BLACK
6
CONTINUOUS
10
2.1822834251968501
20
0.347244094488189
11
2.1824518503937007
21
0.3498135039370079
0
LINE
8
BLACK
6
CONTINUOUS
10
2.1824518503937007
20
0.3498135039370079
11
2.1837818503937005
21
0.3547772440944882
0
LINE
8
BLACK
6
CONTINUOUS
10
2.1837818503937005
20
0.3547772440944882
11
2.1863512598425197
21
0.3592275984251969
0
LINE
8
BLACK
6
CONTINUOUS
10
2.1863512598425197
20
0.3592275984251969
11
2.1899849606299213
21
0.3628612992125984
0
LINE
8
BLACK
6
CONTINUOUS
10
2.1899849606299213
20
0.3628612992125984
11
2.1944353149606299
21
0.3654307086614173
0
LINE
8
BLACK
6
CONTINUOUS
10
2.1944353149606299
20
0.3654307086614173
11
2.1993990551181102
21
0.3667607086614173
0
LINE
8
BLACK
6
CONTINUOUS
10
2.1993990551181102
20
0.3667607086614173
11
2.204537874015748
21
0.3667607086614173
0
LINE
8
BLACK
6
CONTINUOUS
10
2.204537874015748
20
0.3667607086614173
11
2.2095016141732282
21
0.3654307086614173
0
LINE
8
BLACK
6
CONTINUOUS
10
0.9583464566929134
20
0.3345668897637795
11
0.8983464566929134
21
0.3345668897637795
0
LINE
8
BLACK
6
CONTINUOUS
10
0.8983464566929134
20
0.3345668897637795
11
0.8983464566929134
21
0.3945668897637795
0
LINE
8
BLACK
6
CONTINUOUS
10
0.8983464566929134
20
0.3945668897637795
11
0.9583464566929134
21
0.3945668897637795
0
LINE
8
BLACK
6
CONTINUOUS
10
0.9583464566929134
20
0.3945668897637795
11
0.9583464566929134
21
0.3345668897637795
0
LINE
8
BLACK
6
CONTINUOUS
10
1.4583464566929134
20
0.3345668897637795
11
1.3983464566929134
21
0.3345668897637795
0
LINE
8
BLACK
6
CONTINUOUS
10
1.3983464566929134
20
0.3345668897637795
11
1.3983464566929134
21
0.3945668897637795
0
LINE
8
BLACK
6
CONTINUOUS
10
1.3983464566929134
20
0.3945668897637795
11
1.4583464566929134
21
0.3945668897637795
0
LINE
8
BLACK
6
CONTINUOUS
10
1.4583464566929134
20
0.3945668897637795
11
1.4583464566929134
21
0.3345668897637795
0
LINE
8
BLACK
6
CONTINUOUS
10
0.6583464566929134
20
0.3345669291338583
11
0.5983464566929134
21
0.3345669291338583
0
LINE
8
BLACK
6
CONTINUOUS
10
0.5983464566929134
20
0.3345669291338583
11
0.5983464566929134
21
0.3945669291338583
0
LINE
8
BLACK
6
CONTINUOUS
10
0.5983464566929134
20
0.3945669291338583
11
0.6583464566929134
21
0.3945669291338583
0
LINE
8
BLACK
6
CONTINUOUS
10
0.6583464566929134
20
0.3945669291338583
11
0.6583464566929134
21
0.3345669291338583
0
LINE
8
BLACK
6
CONTINUOUS
10
0.7583464566929133
20
0.3345669291338583
11
0.6983464566929134
21
0.3345669291338583
0
LINE
8
BLACK
6
CONTINUOUS
10
0.6983464566929134
20
0.3345669291338583
11
0.6983464566929134
21
0.3945669291338583
0
LINE
8
BLACK
6
CONTINUOUS
10
0.6983464566929134
20
0.3945669291338583
11
0.7583464566929133
21
0.3945669291338583
0
LINE
8
BLACK
6
CONTINUOUS
10
0.7583464566929133
20
0.3945669291338583
11
0.7583464566929133
21
0.3345669291338583
0
LINE
8
BLACK
6
CONTINUOUS
10
0.8583464566929133
20
0.3345669291338583
11
0.7983464566929134
21
0.3345669291338583
0
LINE
8
BLACK
6
CONTINUOUS
10
0.7983464566929134
20
0.3345669291338583
11
0.7983464566929134
21
0.3945669291338583
0
LINE
8
BLACK
6
CONTINUOUS
10
0.7983464566929134
20
0.3945669291338583
11
0.8583464566929133
21
0.3945669291338583
0
LINE
8
BLACK
6
CONTINUOUS
10
0.8583464566929133
20
0.3945669291338583
11
0.8583464566929133
21
0.3345669291338583
0
LINE
8
BLACK
6
CONTINUOUS
10
1.0583464566929133
20
0.3345669291338583
11
0.9983464566929133
21
0.3345669291338583
0
LINE
8
BLACK
6
CONTINUOUS
10
0.9983464566929133
20
0.3345669291338583
11
0.9983464566929133
21
0.3945669291338583
0
LINE
8
BLACK
6
CONTINUOUS
10
0.9983464566929133
20
0.3945669291338583
11
1.0583464566929133
21
0.3945669291338583
0
LINE
8
BLACK
6
CONTINUOUS
10
1.0583464566929133
20
0.3945669291338583
11
1.0583464566929133
21
0.3345669291338583
0
LINE
8
BLACK
6
CONTINUOUS
10
1.1583464566929134
20
0.3345669291338583
11
1.0983464566929133
21
0.3345669291338583
0
LINE
8
BLACK
6
CONTINUOUS
10
1.0983464566929133
20
0.3345669291338583
11
1.0983464566929133
21
0.3945669291338583
0
LINE
8
BLACK
6
CONTINUOUS
10
1.0983464566929133
20
0.3945669291338583
11
1.1583464566929134
21
0.3945669291338583
0
LINE
8
BLACK
6
CONTINUOUS
10
1.1583464566929134
20
0.3945669291338583
11
1.1583464566929134
21
0.3345669291338583
0
LINE
8
BLACK
6
CONTINUOUS
10
1.2583464566929135
20
0.3345669291338583
11
1.1983464566929134
21
0.3345669291338583
0
LINE
8
BLACK
6
CONTINUOUS
10
1.1983464566929134
20
0.3345669291338583
11
1.1983464566929134
21
0.3945669291338583
0
LINE
8
BLACK
6
CONTINUOUS
10
1.1983464566929134
20
0.3945669291338583
11
1.2583464566929135
21
0.3945669291338583
0
LINE
8
BLACK
6
CONTINUOUS
10
1.2583464566929135
20
0.3945669291338583
11
1.2583464566929135
21
0.3345669291338583
0
LINE
8
BLACK
6
CONTINUOUS
10
1.3583464566929133
20
0.3345669291338583
11
1.2983464566929133
21
0.3345669291338583
0
LINE
8
BLACK
6
CONTINUOUS
10
1.2983464566929133
20
0.3345669291338583
11
1.2983464566929133
21
0.3945669291338583
0
LINE
8
BLACK
6
CONTINUOUS
10
1.2983464566929133
20
0.3945669291338583
11
1.3583464566929133
21
0.3945669291338583
0
LINE
8
BLACK
6
CONTINUOUS
10
1.3583464566929133
20
0.3945669291338583
11
1.3583464566929133
21
0.3345669291338583
0
LINE
8
BLACK
6
CONTINUOUS
10
1.5583464566929133
20
0.3345669291338583
11
1.4983464566929134
21
0.3345669291338583
0
LINE
8
BLACK
6
CONTINUOUS
10
1.4983464566929134
20
0.3345669291338583
11
1.4983464566929134
21
0.3945669291338583
0
LINE
8
BLACK
6
CONTINUOUS
10
1.4983464566929134
20
0.3945669291338583
11
1.5583464566929133
21
0.3945669291338583
0
LINE
8
BLACK
6
CONTINUOUS
10
1.5583464566929133
20
0.3945669291338583
11
1.5583464566929133
21
0.3345669291338583
0
LINE
8
BLACK
6
CONTINUOUS
10
1.6583464566929134
20
0.3345669291338583
11
1.5983464566929133
21
0.3345669291338583
0
LINE
8
BLACK
6
CONTINUOUS
10
1.5983464566929133
20
0.3345669291338583
11
1.5983464566929133
21
0.3945669291338583
0
LINE
8
BLACK
6
CONTINUOUS
10
1.5983464566929133
20
0.3945669291338583
11
1.6583464566929134
21
0.3945669291338583
0
LINE
8
BLACK
6
CONTINUOUS
10
1.6583464566929134
20
0.3945669291338583
11
1.6583464566929134
21
0.3345669291338583
0
LINE
8
BLACK
6
CONTINUOUS
10
1.7583464566929135
20
0.3345669291338583
11
1.6983464566929134
21
0.3345669291338583
0
LINE
8
BLACK
6
CONTINUOUS
10
1.6983464566929134
20
0.3345669291338583
11
1.6983464566929134
21
0.3945669291338583
0
LINE
8
BLACK
6
CONTINUOUS
10
1.6983464566929134
20
0.3945669291338583
11
1.7583464566929135
21
0.3945669291338583
0
LINE
8
BLACK
6
CONTINUOUS
10
1.7583464566929135
20
0.3945669291338583
11
1.7583464566929135
21
0.3345669291338583
0
LINE
8
BLACK
6
CONTINUOUS
10
3.122913307086614
20
0.3597637795275591
11
3.0629133070866139
21
0.3597637795275591
0
LINE
8
BLACK
6
CONTINUOUS
10
3.0629133070866139
20
0.3597637795275591
11
3.0629133070866139
21
0.4197637795275591
0
LINE
8
BLACK
6
CONTINUOUS
10
3.0629133070866139
20
0.4197637795275591
11
3.122913307086614
21
0.4197637795275591
0
LINE
8
BLACK
6
CONTINUOUS
10
3.122913307086614
20
0.4197637795275591
11
3.122913307086614
21
0.3597637795275591
0
LINE
8
BLACK
6
CONTINUOUS
10
3.2229133858267716
20
0.3597637795275591
11
3.1629133858267715
21
0.3597637795275591
0
LINE
8
BLACK
6
CONTINUOUS
10
3.1629133858267715
20
0.3597637795275591
11
3.1629133858267715
21
0.4197637795275591
0
LINE
8
BLACK
6
CONTINUOUS
10
3.1629133858267715
20
0.4197637795275591
11
3.2229133858267716
21
0.4197637795275591
0
LINE
8
BLACK
6
CONTINUOUS
10
3.2229133858267716
20
0.4197637795275591
11
3.2229133858267716
21
0.3597637795275591
0
LINE
8
BLACK
6
CONTINUOUS
10
0.6583464566929134
20
0.4345669291338582
11
0.5983464566929134
21
0.4345669291338582
0
LINE
8
BLACK
6
CONTINUOUS
10
0.5983464566929134
20
0.4345669291338582
11
0.5983464566929134
21
0.4945669291338582
0
LINE
8
BLACK
6
CONTINUOUS
10
0.5983464566929134
20
0.4945669291338582
11
0.6583464566929134
21
0.4945669291338582
0
LINE
8
BLACK
6
CONTINUOUS
10
0.6583464566929134
20
0.4945669291338582
11
0.6583464566929134
21
0.4345669291338582
0
LINE
8
BLACK
6
CONTINUOUS
10
0.7583464566929133
20
0.4345669291338582
11
0.6983464566929134
21
0.4345669291338582
0
LINE
8
BLACK
6
CONTINUOUS
10
0.6983464566929134
20
0.4345669291338582
11
0.6983464566929134
21
0.4945669291338582
0
LINE
8
BLACK
6
CONTINUOUS
10
0.6983464566929134
20
0.4945669291338582
11
0.7583464566929133
21
0.4945669291338582
0
LINE
8
BLACK
6
CONTINUOUS
10
0.7583464566929133
20
0.4945669291338582
11
0.7583464566929133
21
0.4345669291338582
0
LINE
8
BLACK
6
CONTINUOUS
10
0.8583464566929133
20
0.4345669291338582
11
0.7983464566929134
21
0.4345669291338582
0
LINE
8
BLACK
6
CONTINUOUS
10
0.7983464566929134
20
0.4345669291338582
11
0.7983464566929134
21
0.4945669291338582
0
LINE
8
BLACK
6
CONTINUOUS
10
0.7983464566929134
20
0.4945669291338582
11
0.8583464566929133
21
0.4945669291338582
0
LINE
8
BLACK
6
CONTINUOUS
10
0.8583464566929133
20
0.4945669291338582
11
0.8583464566929133
21
0.4345669291338582
0
LINE
8
BLACK
6
CONTINUOUS
10
1.0583464566929133
20
0.4345669291338582
11
0.9983464566929133
21
0.4345669291338582
0
LINE
8
BLACK
6
CONTINUOUS
10
0.9983464566929133
20
0.4345669291338582
11
0.9983464566929133
21
0.4945669291338582
0
LINE
8
BLACK
6
CONTINUOUS
10
0.9983464566929133
20
0.4945669291338582
11
1.0583464566929133
21
0.4945669291338582
0
LINE
8
BLACK
6
CONTINUOUS
10
1.0583464566929133
20
0.4945669291338582
11
1.0583464566929133
21
0.4345669291338582
0
LINE
8
BLACK
6
CONTINUOUS
10
1.1583464566929134
20
0.4345669291338582
11
1.0983464566929133
21
0.4345669291338582
0
LINE
8
BLACK
6
CONTINUOUS
10
1.0983464566929133
20
0.4345669291338582
11
1.0983464566929133
21
0.4945669291338582
0
LINE
8
BLACK
6
CONTINUOUS
10
1.0983464566929133
20
0.4945669291338582
11
1.1583464566929134
21
0.4945669291338582
0
LINE
8
BLACK
6
CONTINUOUS
10
1.1583464566929134
20
0.4945669291338582
11
1.1583464566929134
21
0.4345669291338582
0
LINE
8
BLACK
6
CONTINUOUS
10
1.2583464566929135
20
0.4345669291338582
11
1.1983464566929134
21
0.4345669291338582
0
LINE
8
BLACK
6
CONTINUOUS
10
1.1983464566929134
20
0.4345669291338582
11
1.1983464566929134
21
0.4945669291338582
0
LINE
8
BLACK
6
CONTINUOUS
10
1.1983464566929134
20
0.4945669291338582
11
1.2583464566929135
21
0.4945669291338582
0
LINE
8
BLACK
6
CONTINUOUS
10
1.2583464566929135
20
0.4945669291338582
11
1.2583464566929135
21
0.4345669291338582
0
LINE
8
BLACK
6
CONTINUOUS
10
1.3583464566929133
20
0.4345669291338582
11
1.2983464566929133
21
0.4345669291338582
0
LINE
8
BLACK
6
CONTINUOUS
10
1.2983464566929133
20
0.4345669291338582
11
1.2983464566929133
21
0.4945669291338582
0
LINE
8
BLACK
6
CONTINUOUS
10
1.2983464566929133
20
0.4945669291338582
11
1.3583464566929133
21
0.4945669291338582
0
LINE
8
BLACK
6
CONTINUOUS
10
1.3583464566929133
20
0.4945669291338582
11
1.3583464566929133
21
0.4345669291338582
0
LINE
8
BLACK
6
CONTINUOUS
10
1.5583464566929133
20
0.4345669291338582
11
1.4983464566929134
21
0.4345669291338582
0
LINE
8
BLACK
6
CONTINUOUS
10
1.4983464566929134
20
0.4345669291338582
11
1.4983464566929134
21
0.4945669291338582
0
LINE
8
BLACK
6
CONTINUOUS
10
1.4983464566929134
20
0.4945669291338582
11
1.5583464566929133
21
0.4945669291338582
0
LINE
8
BLACK
6
CONTINUOUS
10
1.5583464566929133
20
0.4945669291338582
11
1.5583464566929133
21
0.4345669291338582
0
LINE
8
BLACK
6
CONTINUOUS
10
1.6583464566929134
20
0.4345669291338582
11
1.5983464566929133
21
0.4345669291338582
0
LINE
8
BLACK
6
CONTINUOUS
10
1.5983464566929133
20
0.4345669291338582
11
1.5983464566929133
21
0.4945669291338582
0
LINE
8
BLACK
6
CONTINUOUS
10
1.5983464566929133
20
0.4945669291338582
11
1.6583464566929134
21
0.4945669291338582
0
LINE
8
BLACK
6
CONTINUOUS
10
1.6583464566929134
20
0.4945669291338582
11
1.6583464566929134
21
0.4345669291338582
0
LINE
8
BLACK
6
CONTINUOUS
10
1.7583464566929135
20
0.4345669291338582
11
1.6983464566929134
21
0.4345669291338582
0
LINE
8
BLACK
6
CONTINUOUS
10
1.6983464566929134
20
0.4345669291338582
11
1.6983464566929134
21
0.4945669291338582
0
LINE
8
BLACK
6
CONTINUOUS
10
1.6983464566929134
20
0.4945669291338582
11
1.7583464566929135
21
0.4945669291338582
0
LINE
8
BLACK
6
CONTINUOUS
10
1.7583464566929135
20
0.4945669291338582
11
1.7583464566929135
21
0.4345669291338582
0
LINE
8
BLACK
6
CONTINUOUS
10
0.9583464566929134
20
0.434566968503937
11
0.8983464566929134
21
0.434566968503937
0
LINE
8
BLACK
6
CONTINUOUS
10
0.8983464566929134
20
0.434566968503937
11
0.8983464566929134
21
0.494566968503937
0
LINE
8
BLACK
6
CONTINUOUS
10
0.8983464566929134
20
0.494566968503937
11
0.9583464566929134
21
0.494566968503937
0
LINE
8
BLACK
6
CONTINUOUS
10
0.9583464566929134
20
0.494566968503937
11
0.9583464566929134
21
0.434566968503937
0
LINE
8
BLACK
6
CONTINUOUS
10
1.4583464566929134
20
0.434566968503937
11
1.3983464566929134
21
0.434566968503937
0
LINE
8
BLACK
6
CONTINUOUS
10
1.3983464566929134
20
0.434566968503937
11
1.3983464566929134
21
0.494566968503937
0
LINE
8
BLACK
6
CONTINUOUS
10
1.3983464566929134
20
0.494566968503937
11
1.4583464566929134
21
0.494566968503937
0
LINE
8
BLACK
6
CONTINUOUS
10
1.4583464566929134
20
0.494566968503937
11
1.4583464566929134
21
0.434566968503937
0
LINE
8
BLACK
6
CONTINUOUS
10
1.8697207874015747
20
0.531891220472441
11
1.8743936614173229
21
0.5291933464566929
0
LINE
8
BLACK
6
CONTINUOUS
10
1.8743936614173229
20
0.5291933464566929
11
1.8782090551181101
21
0.5253779527559055
0
LINE
8
BLACK
6
CONTINUOUS
10
1.8782090551181101
20
0.5253779527559055
11
1.8809069291338583
21
0.5207050787401575
0
LINE
8
BLACK
6
CONTINUOUS
10
1.8809069291338583
20
0.5207050787401575
11
1.882303464566929
21
0.5154931496062992
0
LINE
8
BLACK
6
CONTINUOUS
10
1.882303464566929
20
0.5154931496062992
11
1.8824802755905512
21
0.5127952755905512
0
LINE
8
BLACK
6
CONTINUOUS
10
1.8824802755905512
20
0.5127952755905512
11
1.8824802755905512
21
0.4714566929133858
0
LINE
8
BLACK
6
CONTINUOUS
10
1.8824802755905512
20
0.4714566929133858
11
1.882303464566929
21
0.4687588188976378
0
LINE
8
BLACK
6
CONTINUOUS
10
1.882303464566929
20
0.4687588188976378
11
1.8809069291338583
21
0.4635468897637795
0
LINE
8
BLACK
6
CONTINUOUS
10
1.8809069291338583
20
0.4635468897637795
11
1.8782090551181101
21
0.4588740157480315
0
LINE
8
BLACK
6
CONTINUOUS
10
1.8782090551181101
20
0.4588740157480315
11
1.8743936614173229
21
0.4550586220472441
0
LINE
8
BLACK
6
CONTINUOUS
10
1.8743936614173229
20
0.4550586220472441
11
1.8697207874015747
21
0.4523607480314961
0
LINE
8
BLACK
6
CONTINUOUS
10
1.8697207874015747
20
0.4523607480314961
11
1.8645088582677165
21
0.4509642125984252
0
LINE
8
BLACK
6
CONTINUOUS
10
1.8645088582677165
20
0.4509642125984252
11
1.8591131102362204
21
0.4509642125984252
0
LINE
8
BLACK
6
CONTINUOUS
10
1.8591131102362204
20
0.4509642125984252
11
1.8539011811023622
21
0.4523607480314961
0
LINE
8
BLACK
6
CONTINUOUS
10
1.8539011811023622
20
0.4523607480314961
11
1.8492283070866142
21
0.4550586220472441
0
LINE
8
BLACK
6
CONTINUOUS
10
1.8492283070866142
20
0.4550586220472441
11
1.8454129133858268
21
0.4588740157480315
0
LINE
8
BLACK
6
CONTINUOUS
10
1.8454129133858268
20
0.4588740157480315
11
1.8427150393700786
21
0.4635468897637795
0
LINE
8
BLACK
6
CONTINUOUS
10
1.8427150393700786
20
0.4635468897637795
11
1.8413185039370079
21
0.4687588188976378
0
LINE
8
BLACK
6
CONTINUOUS
10
1.8413185039370079
20
0.4687588188976378
11
1.8411416929133857
21
0.4714566929133858
0
LINE
8
BLACK
6
CONTINUOUS
10
1.8411416929133857
20
0.4714566929133858
11
1.8411416929133857
21
0.5127952755905512
0
LINE
8
BLACK
6
CONTINUOUS
10
1.8411416929133857
20
0.5127952755905512
11
1.8413185039370079
21
0.5154931496062992
0
LINE
8
BLACK
6
CONTINUOUS
10
1.8413185039370079
20
0.5154931496062992
11
1.8427150393700786
21
0.5207050787401575
0
LINE
8
BLACK
6
CONTINUOUS
10
1.8427150393700786
20
0.5207050787401575
11
1.8454129133858268
21
0.5253779527559055
0
LINE
8
BLACK
6
CONTINUOUS
10
1.8454129133858268
20
0.5253779527559055
11
1.8492283070866142
21
0.5291933464566929
0
LINE
8
BLACK
6
CONTINUOUS
10
1.8492283070866142
20
0.5291933464566929
11
1.8539011811023622
21
0.531891220472441
0
LINE
8
BLACK
6
CONTINUOUS
10
1.8539011811023622
20
0.531891220472441
11
1.8591131102362204
21
0.5332877559055118
0
LINE
8
BLACK
6
CONTINUOUS
10
1.8591131102362204
20
0.5332877559055118
11
1.8645088582677165
21
0.5332877559055118
0
LINE
8
BLACK
6
CONTINUOUS
10
1.8645088582677165
20
0.5332877559055118
11
1.8697207874015747
21
0.531891220472441
0
LINE
8
BLACK
6
CONTINUOUS
10
2.2098782677165354
20
0.531891220472441
11
2.2145511417322834
21
0.5291933464566929
0
LINE
8
BLACK
6
CONTINUOUS
10
2.2145511417322834
20
0.5291933464566929
11
2.2183665354330708
21
0.5253779527559055
0
LINE
8
BLACK
6
CONTINUOUS
10
2.2183665354330708
20
0.5253779527559055
11
2.221064409448819
21
0.5207050787401575
0
LINE
8
BLACK
6
CONTINUOUS
10
2.221064409448819
20
0.5207050787401575
11
2.2224609448818895
21
0.5154931496062992
0
LINE
8
BLACK
6
CONTINUOUS
10
2.2224609448818895
20
0.5154931496062992
11
2.2226377559055117
21
0.5127952755905512
0
LINE
8
BLACK
6
CONTINUOUS
10
2.2226377559055117
20
0.5127952755905512
11
2.2226377559055117
21
0.4714566929133858
0
LINE
8
BLACK
6
CONTINUOUS
10
2.2226377559055117
20
0.4714566929133858
11
2.2224609448818895
21
0.4687588188976378
0
LINE
8
BLACK
6
CONTINUOUS
10
2.2224609448818895
20
0.4687588188976378
11
2.221064409448819
21
0.4635468897637795
0
LINE
8
BLACK
6
CONTINUOUS
10
2.221064409448819
20
0.4635468897637795
11
2.2183665354330708
21
0.4588740157480315
0
LINE
8
BLACK
6
CONTINUOUS
10
2.2183665354330708
20
0.4588740157480315
11
2.2145511417322834
21
0.4550586220472441
0
LINE
8
BLACK
6
CONTINUOUS
10
2.2145511417322834
20
0.4550586220472441
11
2.2098782677165354
21
0.4523607480314961
0
LINE
8
BLACK
6
CONTINUOUS
10
2.2098782677165354
20
0.4523607480314961
11
2.204666338582677
21
0.4509642125984252
0
LINE
8
BLACK
6
CONTINUOUS
10
2.204666338582677
20
0.4509642125984252
11
2.1992705905511811
21
0.4509642125984252
0
LINE
8
BLACK
6
CONTINUOUS
10
2.1992705905511811
20
0.4509642125984252
11
2.1940586614173228
21
0.4523607480314961
0
LINE
8
BLACK
6
CONTINUOUS
10
2.1940586614173228
20
0.4523607480314961
11
2.1893857874015747
21
0.4550586220472441
0
LINE
8
BLACK
6
CONTINUOUS
10
2.1893857874015747
20
0.4550586220472441
11
2.1855703937007873
21
0.4588740157480315
0
LINE
8
BLACK
6
CONTINUOUS
10
2.1855703937007873
20
0.4588740157480315
11
2.1828725196850391
21
0.4635468897637795
0
LINE
8
BLACK
6
CONTINUOUS
10
2.1828725196850391
20
0.4635468897637795
11
2.1814759842519686
21
0.4687588188976378
0
LINE
8
BLACK
6
CONTINUOUS
10
2.1814759842519686
20
0.4687588188976378
11
2.1812991732283464
21
0.4714566929133858
0
LINE
8
BLACK
6
CONTINUOUS
10
2.1812991732283464
20
0.4714566929133858
11
2.1812991732283464
21
0.5127952755905512
0
LINE
8
BLACK
6
CONTINUOUS
10
2.1812991732283464
20
0.5127952755905512
11
2.1814759842519686
21
0.5154931496062992
0
LINE
8
BLACK
6
CONTINUOUS
10
2.1814759842519686
20
0.5154931496062992
11
2.1828725196850391
21
0.5207050787401575
0
LINE
8
BLACK
6
CONTINUOUS
10
2.1828725196850391
20
0.5207050787401575
11
2.1855703937007873
21
0.5253779527559055
0
LINE
8
BLACK
6
CONTINUOUS
10
2.1855703937007873
20
0.5253779527559055
11
2.1893857874015747
21
0.5291933464566929
0
LINE
8
BLACK
6
CONTINUOUS
10
2.1893857874015747
20
0.5291933464566929
11
2.1940586614173228
21
0.531891220472441
0
LINE
8
BLACK
6
CONTINUOUS
10
2.1940586614173228
20
0.531891220472441
11
2.1992705905511811
21
0.5332877559055118
0
LINE
8
BLACK
6
CONTINUOUS
10
2.1992705905511811
20
0.5332877559055118
11
2.204666338582677
21
0.5332877559055118
0
LINE
8
BLACK
6
CONTINUOUS
10
2.204666338582677
20
0.5332877559055118
11
2.2098782677165354
21
0.531891220472441
0
LINE
8
BLACK
6
CONTINUOUS
10
1.9230066929133858
20
0.4842622440944882
11
1.9258994094488189
21
0.4825921259842519
0
LINE
8
BLACK
6
CONTINUOUS
10
1.9258994094488189
20
0.4825921259842519
11
1.9282613385826772
21
0.4802301968503937
0
LINE
8
BLACK
6
CONTINUOUS
10
1.9282613385826772
20
0.4802301968503937
11
1.9299314566929133
21
0.4773374803149606
0
LINE
8
BLACK
6
CONTINUOUS
10
1.9299314566929133
20
0.4773374803149606
11
1.9307959842519684
21
0.474111062992126
0
LINE
8
BLACK
6
CONTINUOUS
10
1.9307959842519684
20
0.474111062992126
11
1.9307959842519684
21
0.4707708267716535
0
LINE
8
BLACK
6
CONTINUOUS
10
1.9307959842519684
20
0.4707708267716535
11
1.9299314566929133
21
0.4675444094488189
0
LINE
8
BLACK
6
CONTINUOUS
10
1.9299314566929133
20
0.4675444094488189
11
1.9282613385826772
21
0.4646516929133858
0
LINE
8
BLACK
6
CONTINUOUS
10
1.9282613385826772
20
0.4646516929133858
11
1.9258994094488189
21
0.4622897637795276
0
LINE
8
BLACK
6
CONTINUOUS
10
1.9258994094488189
20
0.4622897637795276
11
1.9230066929133858
21
0.4606196456692913
0
LINE
8
BLACK
6
CONTINUOUS
10
1.9230066929133858
20
0.4606196456692913
11
1.9197802755905511
21
0.4597551181102362
0
LINE
8
BLACK
6
CONTINUOUS
10
1.9197802755905511
20
0.4597551181102362
11
1.9164400393700787
21
0.4597551181102362
0
LINE
8
BLACK
6
CONTINUOUS
10
1.9164400393700787
20
0.4597551181102362
11
1.913213622047244
21
0.4606196456692913
0
LINE
8
BLACK
6
CONTINUOUS
10
1.913213622047244
20
0.4606196456692913
11
1.9103209055118109
21
0.4622897637795276
0
LINE
8
BLACK
6
CONTINUOUS
10
1.9103209055118109
20
0.4622897637795276
11
1.9079589763779528
21
0.4646516929133858
0
LINE
8
BLACK
6
CONTINUOUS
10
1.9079589763779528
20
0.4646516929133858
11
1.9062888582677164
21
0.4675444094488189
0
LINE
8
BLACK
6
CONTINUOUS
10
1.9062888582677164
20
0.4675444094488189
11
1.9054243307086614
21
0.4707708267716535
0
LINE
8
BLACK
6
CONTINUOUS
10
1.9054243307086614
20
0.4707708267716535
11
1.9054243307086614
21
0.474111062992126
0
LINE
8
BLACK
6
CONTINUOUS
10
1.9054243307086614
20
0.474111062992126
11
1.9062888582677164
21
0.4773374803149606
0
LINE
8
BLACK
6
CONTINUOUS
10
1.9062888582677164
20
0.4773374803149606
11
1.9079589763779528
21
0.4802301968503937
0
LINE
8
BLACK
6
CONTINUOUS
10
1.9079589763779528
20
0.4802301968503937
11
1.9103209055118109
21
0.4825921259842519
0
LINE
8
BLACK
6
CONTINUOUS
10
1.9103209055118109
20
0.4825921259842519
11
1.913213622047244
21
0.4842622440944882
0
LINE
8
BLACK
6
CONTINUOUS
10
1.913213622047244
20
0.4842622440944882
11
1.9164400393700787
21
0.4851267716535433
0
LINE
8
BLACK
6
CONTINUOUS
10
1.9164400393700787
20
0.4851267716535433
11
1.9197802755905511
21
0.4851267716535433
0
LINE
8
BLACK
6
CONTINUOUS
10
1.9197802755905511
20
0.4851267716535433
11
1.9230066929133858
21
0.4842622440944882
0
LINE
8
BLACK
6
CONTINUOUS
10
2.1505658267716536
20
0.4842622440944882
11
2.1534585433070865
21
0.4825921259842519
0
LINE
8
BLACK
6
CONTINUOUS
10
2.1534585433070865
20
0.4825921259842519
11
2.1558204724409449
21
0.4802301968503937
0
LINE
8
BLACK
6
CONTINUOUS
10
2.1558204724409449
20
0.4802301968503937
11
2.157490590551181
21
0.4773374803149606
0
LINE
8
BLACK
6
CONTINUOUS
10
2.157490590551181
20
0.4773374803149606
11
2.1583551181102361
21
0.474111062992126
0
LINE
8
BLACK
6
CONTINUOUS
10
2.1583551181102361
20
0.474111062992126
11
2.1583551181102361
21
0.4707708267716535
0
LINE
8
BLACK
6
CONTINUOUS
10
2.1583551181102361
20
0.4707708267716535
11
2.157490590551181
21
0.4675444094488189
0
LINE
8
BLACK
6
CONTINUOUS
10
2.157490590551181
20
0.4675444094488189
11
2.1558204724409449
21
0.4646516929133858
0
LINE
8
BLACK
6
CONTINUOUS
10
2.1558204724409449
20
0.4646516929133858
11
2.1534585433070865
21
0.4622897637795276
0
LINE
8
BLACK
6
CONTINUOUS
10
2.1534585433070865
20
0.4622897637795276
11
2.1505658267716536
21
0.4606196456692913
0
LINE
8
BLACK
6
CONTINUOUS
10
2.1505658267716536
20
0.4606196456692913
11
2.147339409448819
21
0.4597551181102362
0
LINE
8
BLACK
6
CONTINUOUS
10
2.147339409448819
20
0.4597551181102362
11
2.1439991732283463
21
0.4597551181102362
0
LINE
8
BLACK
6
CONTINUOUS
10
2.1439991732283463
20
0.4597551181102362
11
2.1407727559055116
21
0.4606196456692913
0
LINE
8
BLACK
6
CONTINUOUS
10
2.1407727559055116
20
0.4606196456692913
11
2.1378800393700788
21
0.4622897637795276
0
LINE
8
BLACK
6
CONTINUOUS
10
2.1378800393700788
20
0.4622897637795276
11
2.1355181102362204
21
0.4646516929133858
0
LINE
8
BLACK
6
CONTINUOUS
10
2.1355181102362204
20
0.4646516929133858
11
2.1338479921259843
21
0.4675444094488189
0
LINE
8
BLACK
6
CONTINUOUS
10
2.1338479921259843
20
0.4675444094488189
11
2.1329834645669292
21
0.4707708267716535
0
LINE
8
BLACK
6
CONTINUOUS
10
2.1329834645669292
20
0.4707708267716535
11
2.1329834645669292
21
0.474111062992126
0
LINE
8
BLACK
6
CONTINUOUS
10
2.1329834645669292
20
0.474111062992126
11
2.1338479921259843
21
0.4773374803149606
0
LINE
8
BLACK
6
CONTINUOUS
10
2.1338479921259843
20
0.4773374803149606
11
2.1355181102362204
21
0.4802301968503937
0
LINE
8
BLACK
6
CONTINUOUS
10
2.1355181102362204
20
0.4802301968503937
11
2.1378800393700788
21
0.4825921259842519
0
LINE
8
BLACK
6
CONTINUOUS
10
2.1378800393700788
20
0.4825921259842519
11
2.1407727559055116
21
0.4842622440944882
0
LINE
8
BLACK
6
CONTINUOUS
10
2.1407727559055116
20
0.4842622440944882
11
2.1439991732283463
21
0.4851267716535433
0
LINE
8
BLACK
6
CONTINUOUS
10
2.1439991732283463
20
0.4851267716535433
11
2.147339409448819
21
0.4851267716535433
0
LINE
8
BLACK
6
CONTINUOUS
10
2.147339409448819
20
0.4851267716535433
11
2.1505658267716536
21
0.4842622440944882
0
LINE
8
BLACK
6
CONTINUOUS
10
3.1229133464566927
20
0.459763779527559
11
3.0629133464566927
21
0.459763779527559
0
LINE
8
BLACK
6
CONTINUOUS
10
3.0629133464566927
20
0.459763779527559
11
3.0629133464566927
21
0.519763779527559
0
LINE
8
BLACK
6
CONTINUOUS
10
3.0629133464566927
20
0.519763779527559
11
3.1229133464566927
21
0.519763779527559
0
LINE
8
BLACK
6
CONTINUOUS
10
3.1229133464566927
20
0.519763779527559
11
3.1229133464566927
21
0.459763779527559
0
LINE
8
BLACK
6
CONTINUOUS
10
3.2229133464566928
20
0.459763779527559
11
3.1629133464566928
21
0.459763779527559
0
LINE
8
BLACK
6
CONTINUOUS
10
3.1629133464566928
20
0.459763779527559
11
3.1629133464566928
21
0.519763779527559
0
LINE
8
BLACK
6
CONTINUOUS
10
3.1629133464566928
20
0.519763779527559
11
3.2229133464566928
21
0.519763779527559
0
LINE
8
BLACK
6
CONTINUOUS
10
3.2229133464566928
20
0.519763779527559
11
3.2229133464566928
21
0.459763779527559
0
LINE
8
BLACK
6
CONTINUOUS
10
1.917716496062992
20
0.4921259842519685
11
1.8940944488188975
21
0.4921259842519685
0
LINE
8
BLACK
6
CONTINUOUS
10
1.8940944488188975
20
0.4921259842519685
11
1.8940944488188975
21
0.5374015748031495
0
LINE
8
BLACK
6
CONTINUOUS
10
1.8940944488188975
20
0.5374015748031495
11
1.917716496062992
21
0.5374015748031495
0
LINE
8
BLACK
6
CONTINUOUS
10
1.917716496062992
20
0.5374015748031495
11
1.917716496062992
21
0.4921259842519685
0
LINE
8
BLACK
6
CONTINUOUS
10
1.9492125590551181
20
0.4921259842519685
11
1.9255905118110235
21
0.4921259842519685
0
LINE
8
BLACK
6
CONTINUOUS
10
1.9255905118110235
20
0.4921259842519685
11
1.9255905118110235
21
0.5374015748031495
0
LINE
8
BLACK
6
CONTINUOUS
10
1.9255905118110235
20
0.5374015748031495
11
1.9492125590551181
21
0.5374015748031495
0
LINE
8
BLACK
6
CONTINUOUS
10
1.9492125590551181
20
0.5374015748031495
11
1.9492125590551181
21
0.4921259842519685
0
LINE
8
BLACK
6
CONTINUOUS
10
1.9688975984251968
20
0.4921259842519685
11
1.9570865748031496
21
0.4921259842519685
0
LINE
8
BLACK
6
CONTINUOUS
10
1.9570865748031496
20
0.4921259842519685
11
1.9570865748031496
21
0.5374015748031495
0
LINE
8
BLACK
6
CONTINUOUS
10
1.9570865748031496
20
0.5374015748031495
11
1.9688975984251968
21
0.5374015748031495
0
LINE
8
BLACK
6
CONTINUOUS
10
1.9688975984251968
20
0.5374015748031495
11
1.9688975984251968
21
0.4921259842519685
0
LINE
8
BLACK
6
CONTINUOUS
10
1.9885826377952756
20
0.4921259842519685
11
1.9767716141732283
21
0.4921259842519685
0
LINE
8
BLACK
6
CONTINUOUS
10
1.9767716141732283
20
0.4921259842519685
11
1.9767716141732283
21
0.5374015748031495
0
LINE
8
BLACK
6
CONTINUOUS
10
1.9767716141732283
20
0.5374015748031495
11
1.9885826377952756
21
0.5374015748031495
0
LINE
8
BLACK
6
CONTINUOUS
10
1.9885826377952756
20
0.5374015748031495
11
1.9885826377952756
21
0.4921259842519685
0
LINE
8
BLACK
6
CONTINUOUS
10
2.0082676771653545
20
0.4921259842519685
11
1.996456653543307
21
0.4921259842519685
0
LINE
8
BLACK
6
CONTINUOUS
10
1.996456653543307
20
0.4921259842519685
11
1.996456653543307
21
0.5374015748031495
0
LINE
8
BLACK
6
CONTINUOUS
10
1.996456653543307
20
0.5374015748031495
11
2.0082676771653545
21
0.5374015748031495
0
LINE
8
BLACK
6
CONTINUOUS
10
2.0082676771653545
20
0.5374015748031495
11
2.0082676771653545
21
0.4921259842519685
0
LINE
8
BLACK
6
CONTINUOUS
10
2.0279527165354332
20
0.4921259842519685
11
2.016141692913386
21
0.4921259842519685
0
LINE
8
BLACK
6
CONTINUOUS
10
2.016141692913386
20
0.4921259842519685
11
2.016141692913386
21
0.5374015748031495
0
LINE
8
BLACK
6
CONTINUOUS
10
2.016141692913386
20
0.5374015748031495
11
2.0279527165354332
21
0.5374015748031495
0
LINE
8
BLACK
6
CONTINUOUS
10
2.0279527165354332
20
0.5374015748031495
11
2.0279527165354332
21
0.4921259842519685
0
LINE
8
BLACK
6
CONTINUOUS
10
2.0476377559055119
20
0.4921259842519685
11
2.0358267322834647
21
0.4921259842519685
0
LINE
8
BLACK
6
CONTINUOUS
10
2.0358267322834647
20
0.4921259842519685
11
2.0358267322834647
21
0.5374015748031495
0
LINE
8
BLACK
6
CONTINUOUS
10
2.0358267322834647
20
0.5374015748031495
11
2.0476377559055119
21
0.5374015748031495
0
LINE
8
BLACK
6
CONTINUOUS
10
2.0476377559055119
20
0.5374015748031495
11
2.0476377559055119
21
0.4921259842519685
0
LINE
8
BLACK
6
CONTINUOUS
10
2.0673227952755906
20
0.4921259842519685
11
2.0555117716535434
21
0.4921259842519685
0
LINE
8
BLACK
6
CONTINUOUS
10
2.0555117716535434
20
0.4921259842519685
11
2.0555117716535434
21
0.5374015748031495
0
LINE
8
BLACK
6
CONTINUOUS
10
2.0555117716535434
20
0.5374015748031495
11
2.0673227952755906
21
0.5374015748031495
0
LINE
8
BLACK
6
CONTINUOUS
10
2.0673227952755906
20
0.5374015748031495
11
2.0673227952755906
21
0.4921259842519685
0
LINE
8
BLACK
6
CONTINUOUS
10
2.0870078346456693
20
0.4921259842519685
11
2.0751968110236221
21
0.4921259842519685
0
LINE
8
BLACK
6
CONTINUOUS
10
2.0751968110236221
20
0.4921259842519685
11
2.0751968110236221
21
0.5374015748031495
0
LINE
8
BLACK
6
CONTINUOUS
10
2.0751968110236221
20
0.5374015748031495
11
2.0870078346456693
21
0.5374015748031495
0
LINE
8
BLACK
6
CONTINUOUS
10
2.0870078346456693
20
0.5374015748031495
11
2.0870078346456693
21
0.4921259842519685
0
LINE
8
BLACK
6
CONTINUOUS
10
2.106692874015748
20
0.4921259842519685
11
2.0948818503937008
21
0.4921259842519685
0
LINE
8
BLACK
6
CONTINUOUS
10
2.0948818503937008
20
0.4921259842519685
11
2.0948818503937008
21
0.5374015748031495
0
LINE
8
BLACK
6
CONTINUOUS
10
2.0948818503937008
20
0.5374015748031495
11
2.106692874015748
21
0.5374015748031495
0
LINE
8
BLACK
6
CONTINUOUS
10
2.106692874015748
20
0.5374015748031495
11
2.106692874015748
21
0.4921259842519685
0
LINE
8
BLACK
6
CONTINUOUS
10
2.1381889370078739
20
0.4921259842519685
11
2.1145668897637795
21
0.4921259842519685
0
LINE
8
BLACK
6
CONTINUOUS
10
2.1145668897637795
20
0.4921259842519685
11
2.1145668897637795
21
0.5374015748031495
0
LINE
8
BLACK
6
CONTINUOUS
10
2.1145668897637795
20
0.5374015748031495
11
2.1381889370078739
21
0.5374015748031495
0
LINE
8
BLACK
6
CONTINUOUS
10
2.1381889370078739
20
0.5374015748031495
11
2.1381889370078739
21
0.4921259842519685
0
LINE
8
BLACK
6
CONTINUOUS
10
2.1696849999999999
20
0.4921259842519685
11
2.1460629527559054
21
0.4921259842519685
0
LINE
8
BLACK
6
CONTINUOUS
10
2.1460629527559054
20
0.4921259842519685
11
2.1460629527559054
21
0.5374015748031495
0
LINE
8
BLACK
6
CONTINUOUS
10
2.1460629527559054
20
0.5374015748031495
11
2.1696849999999999
21
0.5374015748031495
0
LINE
8
BLACK
6
CONTINUOUS
10
2.1696849999999999
20
0.5374015748031495
11
2.1696849999999999
21
0.4921259842519685
0
LINE
8
BLACK
6
CONTINUOUS
10
1.1711878346456692
20
0.625038188976378
11
1.1743809842519686
21
0.6229046062992126
0
LINE
8
BLACK
6
CONTINUOUS
10
1.1743809842519686
20
0.6229046062992126
11
1.1765145669291339
21
0.6197114566929134
0
LINE
8
BLACK
6
CONTINUOUS
10
1.1765145669291339
20
0.6197114566929134
11
1.1772637795275591
21
0.6159448818897638
0
LINE
8
BLACK
6
CONTINUOUS
10
1.1772637795275591
20
0.6159448818897638
11
1.1772637795275591
21
0.5785433070866142
0
LINE
8
BLACK
6
CONTINUOUS
10
1.1772637795275591
20
0.5785433070866142
11
1.1765145669291339
21
0.5747767322834646
0
LINE
8
BLACK
6
CONTINUOUS
10
1.1765145669291339
20
0.5747767322834646
11
1.1743809842519686
21
0.5715835826771654
0
LINE
8
BLACK
6
CONTINUOUS
10
1.1743809842519686
20
0.5715835826771654
11
1.1711878346456692
21
0.56945
0
LINE
8
BLACK
6
CONTINUOUS
10
1.1711878346456692
20
0.56945
11
1.1674212598425198
21
0.5687007874015748
0
LINE
8
BLACK
6
CONTINUOUS
10
1.1674212598425198
20
0.5687007874015748
11
1.1477362204724408
21
0.5687007874015748
0
LINE
8
BLACK
6
CONTINUOUS
10
1.1477362204724408
20
0.5687007874015748
11
1.1439696456692914
21
0.56945
0
LINE
8
BLACK
6
CONTINUOUS
10
1.1439696456692914
20
0.56945
11
1.140776496062992
21
0.5715835826771654
0
LINE
8
BLACK
6
CONTINUOUS
10
1.140776496062992
20
0.5715835826771654
11
1.1386429133858267
21
0.5747767322834646
0
LINE
8
BLACK
6
CONTINUOUS
10
1.1386429133858267
20
0.5747767322834646
11
1.1378937007874015
21
0.5785433070866142
0
LINE
8
BLACK
6
CONTINUOUS
10
1.1378937007874015
20
0.5785433070866142
11
1.1378937007874015
21
0.6159448818897638
0
LINE
8
BLACK
6
CONTINUOUS
10
1.1378937007874015
20
0.6159448818897638
11
1.1386429133858267
21
0.6197114566929134
0
LINE
8
BLACK
6
CONTINUOUS
10
1.1386429133858267
20
0.6197114566929134
11
1.140776496062992
21
0.6229046062992126
0
LINE
8
BLACK
6
CONTINUOUS
10
1.140776496062992
20
0.6229046062992126
11
1.1439696456692914
21
0.625038188976378
0
LINE
8
BLACK
6
CONTINUOUS
10
1.1439696456692914
20
0.625038188976378
11
1.1477362204724408
21
0.6257874015748032
0
LINE
8
BLACK
6
CONTINUOUS
10
1.1477362204724408
20
0.6257874015748032
11
1.1674212598425198
21
0.6257874015748032
0
LINE
8
BLACK
6
CONTINUOUS
10
1.1674212598425198
20
0.6257874015748032
11
1.1711878346456692
21
0.625038188976378
0
LINE
8
BLACK
6
CONTINUOUS
10
1.245990905511811
20
0.625038188976378
11
1.2491840551181101
21
0.6229046062992126
0
LINE
8
BLACK
6
CONTINUOUS
10
1.2491840551181101
20
0.6229046062992126
11
1.2513176377952755
21
0.6197114566929134
0
LINE
8
BLACK
6
CONTINUOUS
10
1.2513176377952755
20
0.6197114566929134
11
1.2520668503937007
21
0.6159448818897638
0
LINE
8
BLACK
6
CONTINUOUS
10
1.2520668503937007
20
0.6159448818897638
11
1.2520668503937007
21
0.5785433070866142
0
LINE
8
BLACK
6
CONTINUOUS
10
1.2520668503937007
20
0.5785433070866142
11
1.2513176377952755
21
0.5747767322834646
0
LINE
8
BLACK
6
CONTINUOUS
10
1.2513176377952755
20
0.5747767322834646
11
1.2491840551181101
21
0.5715835826771654
0
LINE
8
BLACK
6
CONTINUOUS
10
1.2491840551181101
20
0.5715835826771654
11
1.245990905511811
21
0.56945
0
LINE
8
BLACK
6
CONTINUOUS
10
1.245990905511811
20
0.56945
11
1.2422243307086613
21
0.5687007874015748
0
LINE
8
BLACK
6
CONTINUOUS
10
1.2422243307086613
20
0.5687007874015748
11
1.2225392913385826
21
0.5687007874015748
0
LINE
8
BLACK
6
CONTINUOUS
10
1.2225392913385826
20
0.5687007874015748
11
1.218772716535433
21
0.56945
0
LINE
8
BLACK
6
CONTINUOUS
10
1.218772716535433
20
0.56945
11
1.2155795669291338
21
0.5715835826771654
0
LINE
8
BLACK
6
CONTINUOUS
10
1.2155795669291338
20
0.5715835826771654
11
1.2134459842519685
21
0.5747767322834646
0
LINE
8
BLACK
6
CONTINUOUS
10
1.2134459842519685
20
0.5747767322834646
11
1.2126967716535433
21
0.5785433070866142
0
LINE
8
BLACK
6
CONTINUOUS
10
1.2126967716535433
20
0.5785433070866142
11
1.2126967716535433
21
0.6159448818897638
0
LINE
8
BLACK
6
CONTINUOUS
10
1.2126967716535433
20
0.6159448818897638
11
1.2134459842519685
21
0.6197114566929134
0
LINE
8
BLACK
6
CONTINUOUS
10
1.2134459842519685
20
0.6197114566929134
11
1.2155795669291338
21
0.6229046062992126
0
LINE
8
BLACK
6
CONTINUOUS
10
1.2155795669291338
20
0.6229046062992126
11
1.218772716535433
21
0.625038188976378
0
LINE
8
BLACK
6
CONTINUOUS
10
1.218772716535433
20
0.625038188976378
11
1.2225392913385826
21
0.6257874015748032
0
LINE
8
BLACK
6
CONTINUOUS
10
1.2225392913385826
20
0.6257874015748032
11
1.2422243307086613
21
0.6257874015748032
0
LINE
8
BLACK
6
CONTINUOUS
10
1.2422243307086613
20
0.6257874015748032
11
1.245990905511811
21
0.625038188976378
0
LINE
8
BLACK
6
CONTINUOUS
10
2.3922047244094489
20
0.6188188976377953
11
2.3322047244094488
21
0.6188188976377953
0
LINE
8
BLACK
6
CONTINUOUS
10
2.3322047244094488
20
0.6188188976377953
11
2.3322047244094488
21
0.6788188976377952
0
LINE
8
BLACK
6
CONTINUOUS
10
2.3322047244094488
20
0.6788188976377952
11
2.3922047244094489
21
0.6788188976377952
0
LINE
8
BLACK
6
CONTINUOUS
10
2.3922047244094489
20
0.6788188976377952
11
2.3922047244094489
21
0.6188188976377953
0
LINE
8
BLACK
6
CONTINUOUS
10
2.492204724409449
20
0.6188188976377953
11
2.4322047244094489
21
0.6188188976377953
0
LINE
8
BLACK
6
CONTINUOUS
10
2.4322047244094489
20
0.6188188976377953
11
2.4322047244094489
21
0.6788188976377952
0
LINE
8
BLACK
6
CONTINUOUS
10
2.4322047244094489
20
0.6788188976377952
11
2.492204724409449
21
0.6788188976377952
0
LINE
8
BLACK
6
CONTINUOUS
10
2.492204724409449
20
0.6788188976377952
11
2.492204724409449
21
0.6188188976377953
0
LINE
8
BLACK
6
CONTINUOUS
10
0.3488976377952756
20
0.6235433070866142
11
0.2888976377952756
21
0.6235433070866142
0
LINE
8
BLACK
6
CONTINUOUS
10
0.2888976377952756
20
0.6235433070866142
11
0.2888976377952756
21
0.6835433070866141
0
LINE
8
BLACK
6
CONTINUOUS
10
0.2888976377952756
20
0.6835433070866141
11
0.3488976377952756
21
0.6835433070866141
0
LINE
8
BLACK
6
CONTINUOUS
10
0.3488976377952756
20
0.6835433070866141
11
0.3488976377952756
21
0.6235433070866142
0
LINE
8
BLACK
6
CONTINUOUS
10
0.4488976377952756
20
0.6235433070866142
11
0.3888976377952756
21
0.6235433070866142
0
LINE
8
BLACK
6
CONTINUOUS
10
0.3888976377952756
20
0.6235433070866142
11
0.3888976377952756
21
0.6835433070866141
0
LINE
8
BLACK
6
CONTINUOUS
10
0.3888976377952756
20
0.6835433070866141
11
0.4488976377952756
21
0.6835433070866141
0
LINE
8
BLACK
6
CONTINUOUS
10
0.4488976377952756
20
0.6835433070866141
11
0.4488976377952756
21
0.6235433070866142
0
LINE
8
BLACK
6
CONTINUOUS
10
-0.597559094488189
20
0.6770866141732284
11
-0.6575590944881889
21
0.6770866141732284
0
LINE
8
BLACK
6
CONTINUOUS
10
-0.6575590944881889
20
0.6770866141732284
11
-0.6575590944881889
21
0.7370866141732283
0
LINE
8
BLACK
6
CONTINUOUS
10
-0.6575590944881889
20
0.7370866141732283
11
-0.597559094488189
21
0.7370866141732283
0
LINE
8
BLACK
6
CONTINUOUS
10
-0.597559094488189
20
0.7370866141732283
11
-0.597559094488189
21
0.6770866141732284
0
LINE
8
BLACK
6
CONTINUOUS
10
-0.497559094488189
20
0.6770866141732284
11
-0.557559094488189
21
0.6770866141732284
0
LINE
8
BLACK
6
CONTINUOUS
10
-0.557559094488189
20
0.6770866141732284
11
-0.557559094488189
21
0.7370866141732283
0
LINE
8
BLACK
6
CONTINUOUS
10
-0.557559094488189
20
0.7370866141732283
11
-0.497559094488189
21
0.7370866141732283
0
LINE
8
BLACK
6
CONTINUOUS
10
-0.497559094488189
20
0.7370866141732283
11
-0.497559094488189
21
0.6770866141732284
0
LINE
8
BLACK
6
CONTINUOUS
10
1.171187874015748
20
0.7435421653543307
11
1.1743810236220473
21
0.7414085826771654
0
LINE
8
BLACK
6
CONTINUOUS
10
1.1743810236220473
20
0.7414085826771654
11
1.1765146062992127
21
0.7382154330708661
0
LINE
8
BLACK
6
CONTINUOUS
10
1.1765146062992127
20
0.7382154330708661
11
1.1772638188976379
21
0.7344488582677166
0
LINE
8
BLACK
6
CONTINUOUS
10
1.1772638188976379
20
0.7344488582677166
11
1.1772638188976379
21
0.6970472834645669
0
LINE
8
BLACK
6
CONTINUOUS
10
1.1772638188976379
20
0.6970472834645669
11
1.1765146062992127
21
0.6932807086614173
0
LINE
8
BLACK
6
CONTINUOUS
10
1.1765146062992127
20
0.6932807086614173
11
1.1743810236220473
21
0.6900875590551181
0
LINE
8
BLACK
6
CONTINUOUS
10
1.1743810236220473
20
0.6900875590551181
11
1.171187874015748
21
0.6879539763779527
0
LINE
8
BLACK
6
CONTINUOUS
10
1.171187874015748
20
0.6879539763779527
11
1.1674212992125983
21
0.6872047637795275
0
LINE
8
BLACK
6
CONTINUOUS
10
1.1674212992125983
20
0.6872047637795275
11
1.1477362598425196
21
0.6872047637795275
0
LINE
8
BLACK
6
CONTINUOUS
10
1.1477362598425196
20
0.6872047637795275
11
1.1439696850393701
21
0.6879539763779527
0
LINE
8
BLACK
6
CONTINUOUS
10
1.1439696850393701
20
0.6879539763779527
11
1.1407765354330708
21
0.6900875590551181
0
LINE
8
BLACK
6
CONTINUOUS
10
1.1407765354330708
20
0.6900875590551181
11
1.1386429527559054
21
0.6932807086614173
0
LINE
8
BLACK
6
CONTINUOUS
10
1.1386429527559054
20
0.6932807086614173
11
1.1378937401574802
21
0.6970472834645669
0
LINE
8
BLACK
6
CONTINUOUS
10
1.1378937401574802
20
0.6970472834645669
11
1.1378937401574802
21
0.7344488582677166
0
LINE
8
BLACK
6
CONTINUOUS
10
1.1378937401574802
20
0.7344488582677166
11
1.1386429527559054
21
0.7382154330708661
0
LINE
8
BLACK
6
CONTINUOUS
10
1.1386429527559054
20
0.7382154330708661
11
1.1407765354330708
21
0.7414085826771654
0
LINE
8
BLACK
6
CONTINUOUS
10
1.1407765354330708
20
0.7414085826771654
11
1.1439696850393701
21
0.7435421653543307
0
LINE
8
BLACK
6
CONTINUOUS
10
1.1439696850393701
20
0.7435421653543307
11
1.1477362598425196
21
0.7442913779527559
0
LINE
8
BLACK
6
CONTINUOUS
10
1.1477362598425196
20
0.7442913779527559
11
1.1674212992125983
21
0.7442913779527559
0
LINE
8
BLACK
6
CONTINUOUS
10
1.1674212992125983
20
0.7442913779527559
11
1.171187874015748
21
0.7435421653543307
0
LINE
8
BLACK
6
CONTINUOUS
10
1.2459909448818898
20
0.7435421653543307
11
1.2491840944881889
21
0.7414085826771654
0
LINE
8
BLACK
6
CONTINUOUS
10
1.2491840944881889
20
0.7414085826771654
11
1.2513176771653542
21
0.7382154330708661
0
LINE
8
BLACK
6
CONTINUOUS
10
1.2513176771653542
20
0.7382154330708661
11
1.2520668897637794
21
0.7344488582677166
0
LINE
8
BLACK
6
CONTINUOUS
10
1.2520668897637794
20
0.7344488582677166
11
1.2520668897637794
21
0.6970472834645669
0
LINE
8
BLACK
6
CONTINUOUS
10
1.2520668897637794
20
0.6970472834645669
11
1.2513176771653542
21
0.6932807086614173
0
LINE
8
BLACK
6
CONTINUOUS
10
1.2513176771653542
20
0.6932807086614173
11
1.2491840944881889
21
0.6900875590551181
0
LINE
8
BLACK
6
CONTINUOUS
10
1.2491840944881889
20
0.6900875590551181
11
1.2459909448818898
21
0.6879539763779527
0
LINE
8
BLACK
6
CONTINUOUS
10
1.2459909448818898
20
0.6879539763779527
11
1.2422243700787401
21
0.6872047637795275
0
LINE
8
BLACK
6
CONTINUOUS
10
1.2422243700787401
20
0.6872047637795275
11
1.2225393307086614
21
0.6872047637795275
0
LINE
8
BLACK
6
CONTINUOUS
10
1.2225393307086614
20
0.6872047637795275
11
1.2187727559055117
21
0.6879539763779527
0
LINE
8
BLACK
6
CONTINUOUS
10
1.2187727559055117
20
0.6879539763779527
11
1.2155796062992126
21
0.6900875590551181
0
LINE
8
BLACK
6
CONTINUOUS
10
1.2155796062992126
20
0.6900875590551181
11
1.2134460236220472
21
0.6932807086614173
0
LINE
8
BLACK
6
CONTINUOUS
10
1.2134460236220472
20
0.6932807086614173
11
1.212696811023622
21
0.6970472834645669
0
LINE
8
BLACK
6
CONTINUOUS
10
1.212696811023622
20
0.6970472834645669
11
1.212696811023622
21
0.7344488582677166
0
LINE
8
BLACK
6
CONTINUOUS
10
1.212696811023622
20
0.7344488582677166
11
1.2134460236220472
21
0.7382154330708661
0
LINE
8
BLACK
6
CONTINUOUS
10
1.2134460236220472
20
0.7382154330708661
11
1.2155796062992126
21
0.7414085826771654
0
LINE
8
BLACK
6
CONTINUOUS
10
1.2155796062992126
20
0.7414085826771654
11
1.2187727559055117
21
0.7435421653543307
0
LINE
8
BLACK
6
CONTINUOUS
10
1.2187727559055117
20
0.7435421653543307
11
1.2225393307086614
21
0.7442913779527559
0
LINE
8
BLACK
6
CONTINUOUS
10
1.2225393307086614
20
0.7442913779527559
11
1.2422243700787401
21
0.7442913779527559
0
LINE
8
BLACK
6
CONTINUOUS
10
1.2422243700787401
20
0.7442913779527559
11
1.2459909448818898
21
0.7435421653543307
0
LINE
8
BLACK
6
CONTINUOUS
10
2.3922047244094489
20
0.7188188976377953
11
2.3322047244094488
21
0.7188188976377953
0
LINE
8
BLACK
6
CONTINUOUS
10
2.3322047244094488
20
0.7188188976377953
11
2.3322047244094488
21
0.7788188976377952
0
LINE
8
BLACK
6
CONTINUOUS
10
2.3322047244094488
20
0.7788188976377952
11
2.3922047244094489
21
0.7788188976377952
0
LINE
8
BLACK
6
CONTINUOUS
10
2.3922047244094489
20
0.7788188976377952
11
2.3922047244094489
21
0.7188188976377953
0
LINE
8
BLACK
6
CONTINUOUS
10
2.492204724409449
20
0.7188188976377953
11
2.4322047244094489
21
0.7188188976377953
0
LINE
8
BLACK
6
CONTINUOUS
10
2.4322047244094489
20
0.7188188976377953
11
2.4322047244094489
21
0.7788188976377952
0
LINE
8
BLACK
6
CONTINUOUS
10
2.4322047244094489
20
0.7788188976377952
11
2.492204724409449
21
0.7788188976377952
0
LINE
8
BLACK
6
CONTINUOUS
10
2.492204724409449
20
0.7788188976377952
11
2.492204724409449
21
0.7188188976377953
0
LINE
8
BLACK
6
CONTINUOUS
10
0.3488976377952756
20
0.7235433070866142
11
0.2888976377952756
21
0.7235433070866142
0
LINE
8
BLACK
6
CONTINUOUS
10
0.2888976377952756
20
0.7235433070866142
11
0.2888976377952756
21
0.7835433070866141
0
LINE
8
BLACK
6
CONTINUOUS
10
0.2888976377952756
20
0.7835433070866141
11
0.3488976377952756
21
0.7835433070866141
0
LINE
8
BLACK
6
CONTINUOUS
10
0.3488976377952756
20
0.7835433070866141
11
0.3488976377952756
21
0.7235433070866142
0
LINE
8
BLACK
6
CONTINUOUS
10
0.4488976377952756
20
0.7235433070866142
11
0.3888976377952756
21
0.7235433070866142
0
LINE
8
BLACK
6
CONTINUOUS
10
0.3888976377952756
20
0.7235433070866142
11
0.3888976377952756
21
0.7835433070866141
0
LINE
8
BLACK
6
CONTINUOUS
10
0.3888976377952756
20
0.7835433070866141
11
0.4488976377952756
21
0.7835433070866141
0
LINE
8
BLACK
6
CONTINUOUS
10
0.4488976377952756
20
0.7835433070866141
11
0.4488976377952756
21
0.7235433070866142
0
LINE
8
BLACK
6
CONTINUOUS
10
1.0898425590551182
20
0.8123783464566929
11
1.0942088188976378
21
0.8102438188976377
0
LINE
8
BLACK
6
CONTINUOUS
10
1.0942088188976378
20
0.8102438188976377
11
1.0976453937007873
21
0.8068072440944881
0
LINE
8
BLACK
6
CONTINUOUS
10
1.0976453937007873
20
0.8068072440944881
11
1.0997799212598425
21
0.8024409842519685
0
LINE
8
BLACK
6
CONTINUOUS
10
1.0997799212598425
20
0.8024409842519685
11
1.1003937007874016
21
0.7982283464566929
0
LINE
8
BLACK
6
CONTINUOUS
10
1.1003937007874016
20
0.7982283464566929
11
1.1003937007874016
21
0.7687007874015748
0
LINE
8
BLACK
6
CONTINUOUS
10
1.1003937007874016
20
0.7687007874015748
11
1.0997799212598425
21
0.7644881496062992
0
LINE
8
BLACK
6
CONTINUOUS
10
1.0997799212598425
20
0.7644881496062992
11
1.0976453937007873
21
0.7601218897637795
0
LINE
8
BLACK
6
CONTINUOUS
10
1.0976453937007873
20
0.7601218897637795
11
1.0942088188976378
21
0.7566853149606299
0
LINE
8
BLACK
6
CONTINUOUS
10
1.0942088188976378
20
0.7566853149606299
11
1.0898425590551182
21
0.7545507874015748
0
LINE
8
BLACK
6
CONTINUOUS
10
1.0898425590551182
20
0.7545507874015748
11
1.0856299212598426
21
0.7539370078740157
0
LINE
8
BLACK
6
CONTINUOUS
10
1.0856299212598426
20
0.7539370078740157
11
1.0364173228346456
21
0.7539370078740157
0
LINE
8
BLACK
6
CONTINUOUS
10
1.0364173228346456
20
0.7539370078740157
11
1.03220468503937
21
0.7545507874015748
0
LINE
8
BLACK
6
CONTINUOUS
10
1.03220468503937
20
0.7545507874015748
11
1.0278384251968504
21
0.7566853149606299
0
LINE
8
BLACK
6
CONTINUOUS
10
1.0278384251968504
20
0.7566853149606299
11
1.0244018503937007
21
0.7601218897637795
0
LINE
8
BLACK
6
CONTINUOUS
10
1.0244018503937007
20
0.7601218897637795
11
1.0222673228346457
21
0.7644881496062992
0
LINE
8
BLACK
6
CONTINUOUS
10
1.0222673228346457
20
0.7644881496062992
11
1.0216535433070866
21
0.7687007874015748
0
LINE
8
BLACK
6
CONTINUOUS
10
1.0216535433070866
20
0.7687007874015748
11
1.0216535433070866
21
0.7982283464566929
0
LINE
8
BLACK
6
CONTINUOUS
10
1.0216535433070866
20
0.7982283464566929
11
1.0222673228346457
21
0.8024409842519685
0
LINE
8
BLACK
6
CONTINUOUS
10
1.0222673228346457
20
0.8024409842519685
11
1.0244018503937007
21
0.8068072440944881
0
LINE
8
BLACK
6
CONTINUOUS
10
1.0244018503937007
20
0.8068072440944881
11
1.0278384251968504
21
0.8102438188976377
0
LINE
8
BLACK
6
CONTINUOUS
10
1.0278384251968504
20
0.8102438188976377
11
1.03220468503937
21
0.8123783464566929
0
LINE
8
BLACK
6
CONTINUOUS
10
1.03220468503937
20
0.8123783464566929
11
1.0364173228346456
21
0.812992125984252
0
LINE
8
BLACK
6
CONTINUOUS
10
1.0364173228346456
20
0.812992125984252
11
1.0856299212598426
21
0.812992125984252
0
LINE
8
BLACK
6
CONTINUOUS
10
1.0856299212598426
20
0.812992125984252
11
1.0898425590551182
21
0.8123783464566929
0
LINE
8
BLACK
6
CONTINUOUS
10
-0.5975591338582678
20
0.7770866141732283
11
-0.6575591338582677
21
0.7770866141732283
0
LINE
8
BLACK
6
CONTINUOUS
10
-0.6575591338582677
20
0.7770866141732283
11
-0.6575591338582677
21
0.8370866141732284
0
LINE
8
BLACK
6
CONTINUOUS
10
-0.6575591338582677
20
0.8370866141732284
11
-0.5975591338582678
21
0.8370866141732284
0
LINE
8
BLACK
6
CONTINUOUS
10
-0.5975591338582678
20
0.8370866141732284
11
-0.5975591338582678
21
0.7770866141732283
0
LINE
8
BLACK
6
CONTINUOUS
10
-0.4975590551181102
20
0.7770866141732283
11
-0.5575590551181102
21
0.7770866141732283
0
LINE
8
BLACK
6
CONTINUOUS
10
-0.5575590551181102
20
0.7770866141732283
11
-0.5575590551181102
21
0.8370866141732284
0
LINE
8
BLACK
6
CONTINUOUS
10
-0.5575590551181102
20
0.8370866141732284
11
-0.4975590551181102
21
0.8370866141732284
0
LINE
8
BLACK
6
CONTINUOUS
10
-0.4975590551181102
20
0.8370866141732284
11
-0.4975590551181102
21
0.7770866141732283
0
LINE
8
BLACK
6
CONTINUOUS
10
0.8368615748031496
20
0.9483690157480315
11
0.8421112204724409
21
0.9464109842519685
0
LINE
8
BLACK
6
CONTINUOUS
10
0.8421112204724409
20
0.9464109842519685
11
0.8465966141732283
21
0.9430532677165354
0
LINE
8
BLACK
6
CONTINUOUS
10
0.8465966141732283
20
0.9430532677165354
11
0.8499543307086614
21
0.938567874015748
0
LINE
8
BLACK
6
CONTINUOUS
10
0.8499543307086614
20
0.938567874015748
11
0.8519123622047244
21
0.9333182283464567
0
LINE
8
BLACK
6
CONTINUOUS
10
0.8519123622047244
20
0.9333182283464567
11
0.8523622440944881
21
0.9291338582677166
0
LINE
8
BLACK
6
CONTINUOUS
10
0.8523622440944881
20
0.9291338582677166
11
0.8523622440944881
21
0.8188976377952756
0
LINE
8
BLACK
6
CONTINUOUS
10
0.8523622440944881
20
0.8188976377952756
11
0.8519123622047244
21
0.8147132677165354
0
LINE
8
BLACK
6
CONTINUOUS
10
0.8519123622047244
20
0.8147132677165354
11
0.8499543307086614
21
0.8094636220472441
0
LINE
8
BLACK
6
CONTINUOUS
10
0.8499543307086614
20
0.8094636220472441
11
0.8465966141732283
21
0.8049782283464567
0
LINE
8
BLACK
6
CONTINUOUS
10
0.8465966141732283
20
0.8049782283464567
11
0.8421112204724409
21
0.8016205118110236
0
LINE
8
BLACK
6
CONTINUOUS
10
0.8421112204724409
20
0.8016205118110236
11
0.8368615748031496
21
0.7996624803149606
0
LINE
8
BLACK
6
CONTINUOUS
10
0.8368615748031496
20
0.7996624803149606
11
0.8326772047244094
21
0.7992125984251969
0
LINE
8
BLACK
6
CONTINUOUS
10
0.8326772047244094
20
0.7992125984251969
11
0.7933071259842519
21
0.7992125984251969
0
LINE
8
BLACK
6
CONTINUOUS
10
0.7933071259842519
20
0.7992125984251969
11
0.7891227559055118
21
0.7996624803149606
0
LINE
8
BLACK
6
CONTINUOUS
10
0.7891227559055118
20
0.7996624803149606
11
0.7838731102362204
21
0.8016205118110236
0
LINE
8
BLACK
6
CONTINUOUS
10
0.7838731102362204
20
0.8016205118110236
11
0.779387716535433
21
0.8049782283464567
0
LINE
8
BLACK
6
CONTINUOUS
10
0.779387716535433
20
0.8049782283464567
11
0.77603
21
0.8094636220472441
0
LINE
8
BLACK
6
CONTINUOUS
10
0.77603
20
0.8094636220472441
11
0.774071968503937
21
0.8147132677165354
0
LINE
8
BLACK
6
CONTINUOUS
10
0.774071968503937
20
0.8147132677165354
11
0.7736220866141732
21
0.8188976377952756
0
LINE
8
BLACK
6
CONTINUOUS
10
0.7736220866141732
20
0.8188976377952756
11
0.7736220866141732
21
0.9291338582677166
0
LINE
8
BLACK
6
CONTINUOUS
10
0.7736220866141732
20
0.9291338582677166
11
0.774071968503937
21
0.9333182283464567
0
LINE
8
BLACK
6
CONTINUOUS
10
0.774071968503937
20
0.9333182283464567
11
0.77603
21
0.938567874015748
0
LINE
8
BLACK
6
CONTINUOUS
10
0.77603
20
0.938567874015748
11
0.779387716535433
21
0.9430532677165354
0
LINE
8
BLACK
6
CONTINUOUS
10
0.779387716535433
20
0.9430532677165354
11
0.7838731102362204
21
0.9464109842519685
0
LINE
8
BLACK
6
CONTINUOUS
10
0.7838731102362204
20
0.9464109842519685
11
0.7891227559055118
21
0.9483690157480315
0
LINE
8
BLACK
6
CONTINUOUS
10
0.7891227559055118
20
0.9483690157480315
11
0.7933071259842519
21
0.9488188976377953
0
LINE
8
BLACK
6
CONTINUOUS
10
0.7933071259842519
20
0.9488188976377953
11
0.8326772047244094
21
0.9488188976377953
0
LINE
8
BLACK
6
CONTINUOUS
10
0.8326772047244094
20
0.9488188976377953
11
0.8368615748031496
21
0.9483690157480315
0
LINE
8
BLACK
6
CONTINUOUS
10
1.1711877952755905
20
0.8620460629921259
11
1.1743809448818898
21
0.8599124803149606
0
LINE
8
BLACK
6
CONTINUOUS
10
1.1743809448818898
20
0.8599124803149606
11
1.1765145275590552
21
0.8567193307086614
0
LINE
8
BLACK
6
CONTINUOUS
10
1.1765145275590552
20
0.8567193307086614
11
1.1772637401574804
21
0.8529527559055118
0
LINE
8
BLACK
6
CONTINUOUS
10
1.1772637401574804
20
0.8529527559055118
11
1.1772637401574804
21
0.8155511811023621
0
LINE
8
BLACK
6
CONTINUOUS
10
1.1772637401574804
20
0.8155511811023621
11
1.1765145275590552
21
0.8117846062992126
0
LINE
8
BLACK
6
CONTINUOUS
10
1.1765145275590552
20
0.8117846062992126
11
1.1743809448818898
21
0.8085914566929133
0
LINE
8
BLACK
6
CONTINUOUS
10
1.1743809448818898
20
0.8085914566929133
11
1.1711877952755905
21
0.806457874015748
0
LINE
8
BLACK
6
CONTINUOUS
10
1.1711877952755905
20
0.806457874015748
11
1.167421220472441
21
0.8057086614173228
0
LINE
8
BLACK
6
CONTINUOUS
10
1.167421220472441
20
0.8057086614173228
11
1.1477361811023621
21
0.8057086614173228
0
LINE
8
BLACK
6
CONTINUOUS
10
1.1477361811023621
20
0.8057086614173228
11
1.1439696062992126
21
0.806457874015748
0
LINE
8
BLACK
6
CONTINUOUS
10
1.1439696062992126
20
0.806457874015748
11
1.1407764566929133
21
0.8085914566929133
0
LINE
8
BLACK
6
CONTINUOUS
10
1.1407764566929133
20
0.8085914566929133
11
1.1386428740157479
21
0.8117846062992126
0
LINE
8
BLACK
6
CONTINUOUS
10
1.1386428740157479
20
0.8117846062992126
11
1.1378936614173227
21
0.8155511811023621
0
LINE
8
BLACK
6
CONTINUOUS
10
1.1378936614173227
20
0.8155511811023621
11
1.1378936614173227
21
0.8529527559055118
0
LINE
8
BLACK
6
CONTINUOUS
10
1.1378936614173227
20
0.8529527559055118
11
1.1386428740157479
21
0.8567193307086614
0
LINE
8
BLACK
6
CONTINUOUS
10
1.1386428740157479
20
0.8567193307086614
11
1.1407764566929133
21
0.8599124803149606
0
LINE
8
BLACK
6
CONTINUOUS
10
1.1407764566929133
20
0.8599124803149606
11
1.1439696062992126
21
0.8620460629921259
0
LINE
8
BLACK
6
CONTINUOUS
10
1.1439696062992126
20
0.8620460629921259
11
1.1477361811023621
21
0.8627952755905511
0
LINE
8
BLACK
6
CONTINUOUS
10
1.1477361811023621
20
0.8627952755905511
11
1.167421220472441
21
0.8627952755905511
0
LINE
8
BLACK
6
CONTINUOUS
10
1.167421220472441
20
0.8627952755905511
11
1.1711877952755905
21
0.8620460629921259
0
LINE
8
BLACK
6
CONTINUOUS
10
1.2459908661417323
20
0.8620460629921259
11
1.2491840157480314
21
0.8599124803149606
0
LINE
8
BLACK
6
CONTINUOUS
10
1.2491840157480314
20
0.8599124803149606
11
1.2513175984251967
21
0.8567193307086614
0
LINE
8
BLACK
6
CONTINUOUS
10
1.2513175984251967
20
0.8567193307086614
11
1.2520668110236219
21
0.8529527559055118
0
LINE
8
BLACK
6
CONTINUOUS
10
1.2520668110236219
20
0.8529527559055118
11
1.2520668110236219
21
0.8155511811023621
0
LINE
8
BLACK
6
CONTINUOUS
10
1.2520668110236219
20
0.8155511811023621
11
1.2513175984251967
21
0.8117846062992126
0
LINE
8
BLACK
6
CONTINUOUS
10
1.2513175984251967
20
0.8117846062992126
11
1.2491840157480314
21
0.8085914566929133
0
LINE
8
BLACK
6
CONTINUOUS
10
1.2491840157480314
20
0.8085914566929133
11
1.2459908661417323
21
0.806457874015748
0
LINE
8
BLACK
6
CONTINUOUS
10
1.2459908661417323
20
0.806457874015748
11
1.2422242913385826
21
0.8057086614173228
0
LINE
8
BLACK
6
CONTINUOUS
10
1.2422242913385826
20
0.8057086614173228
11
1.2225392519685039
21
0.8057086614173228
0
LINE
8
BLACK
6
CONTINUOUS
10
1.2225392519685039
20
0.8057086614173228
11
1.2187726771653542
21
0.806457874015748
0
LINE
8
BLACK
6
CONTINUOUS
10
1.2187726771653542
20
0.806457874015748
11
1.2155795275590551
21
0.8085914566929133
0
LINE
8
BLACK
6
CONTINUOUS
10
1.2155795275590551
20
0.8085914566929133
11
1.2134459448818897
21
0.8117846062992126
0
LINE
8
BLACK
6
CONTINUOUS
10
1.2134459448818897
20
0.8117846062992126
11
1.2126967322834645
21
0.8155511811023621
0
LINE
8
BLACK
6
CONTINUOUS
10
1.2126967322834645
20
0.8155511811023621
11
1.2126967322834645
21
0.8529527559055118
0
LINE
8
BLACK
6
CONTINUOUS
10
1.2126967322834645
20
0.8529527559055118
11
1.2134459448818897
21
0.8567193307086614
0
LINE
8
BLACK
6
CONTINUOUS
10
1.2134459448818897
20
0.8567193307086614
11
1.2155795275590551
21
0.8599124803149606
0
LINE
8
BLACK
6
CONTINUOUS
10
1.2155795275590551
20
0.8599124803149606
11
1.2187726771653542
21
0.8620460629921259
0
LINE
8
BLACK
6
CONTINUOUS
10
1.2187726771653542
20
0.8620460629921259
11
1.2225392519685039
21
0.8627952755905511
0
LINE
8
BLACK
6
CONTINUOUS
10
1.2225392519685039
20
0.8627952755905511
11
1.2422242913385826
21
0.8627952755905511
0
LINE
8
BLACK
6
CONTINUOUS
10
1.2422242913385826
20
0.8627952755905511
11
1.2459908661417323
21
0.8620460629921259
0
LINE
8
BLACK
6
CONTINUOUS
10
2.3922047244094489
20
0.8188188976377953
11
2.3322047244094488
21
0.8188188976377953
0
LINE
8
BLACK
6
CONTINUOUS
10
2.3322047244094488
20
0.8188188976377953
11
2.3322047244094488
21
0.8788188976377953
0
LINE
8
BLACK
6
CONTINUOUS
10
2.3322047244094488
20
0.8788188976377953
11
2.3922047244094489
21
0.8788188976377953
0
LINE
8
BLACK
6
CONTINUOUS
10
2.3922047244094489
20
0.8788188976377953
11
2.3922047244094489
21
0.8188188976377953
0
LINE
8
BLACK
6
CONTINUOUS
10
2.492204724409449
20
0.8188188976377953
11
2.4322047244094489
21
0.8188188976377953
0
LINE
8
BLACK
6
CONTINUOUS
10
2.4322047244094489
20
0.8188188976377953
11
2.4322047244094489
21
0.8788188976377953
0
LINE
8
BLACK
6
CONTINUOUS
10
2.4322047244094489
20
0.8788188976377953
11
2.492204724409449
21
0.8788188976377953
0
LINE
8
BLACK
6
CONTINUOUS
10
2.492204724409449
20
0.8788188976377953
11
2.492204724409449
21
0.8188188976377953
0
LINE
8
BLACK
6
CONTINUOUS
10
0.3488976377952756
20
0.8235433070866142
11
0.2888976377952756
21
0.8235433070866142
0
LINE
8
BLACK
6
CONTINUOUS
10
0.2888976377952756
20
0.8235433070866142
11
0.2888976377952756
21
0.8835433070866141
0
LINE
8
BLACK
6
CONTINUOUS
10
0.2888976377952756
20
0.8835433070866141
11
0.3488976377952756
21
0.8835433070866141
0
LINE
8
BLACK
6
CONTINUOUS
10
0.3488976377952756
20
0.8835433070866141
11
0.3488976377952756
21
0.8235433070866142
0
LINE
8
BLACK
6
CONTINUOUS
10
0.4488976377952756
20
0.8235433070866142
11
0.3888976377952756
21
0.8235433070866142
0
LINE
8
BLACK
6
CONTINUOUS
10
0.3888976377952756
20
0.8235433070866142
11
0.3888976377952756
21
0.8835433070866141
0
LINE
8
BLACK
6
CONTINUOUS
10
0.3888976377952756
20
0.8835433070866141
11
0.4488976377952756
21
0.8835433070866141
0
LINE
8
BLACK
6
CONTINUOUS
10
0.4488976377952756
20
0.8835433070866141
11
0.4488976377952756
21
0.8235433070866142
0
LINE
8
BLACK
6
CONTINUOUS
10
1.0898425196850394
20
0.9029295275590551
11
1.094208779527559
21
0.900795
0
LINE
8
BLACK
6
CONTINUOUS
10
1.094208779527559
20
0.900795
11
1.0976453543307085
21
0.8973584251968504
0
LINE
8
BLACK
6
CONTINUOUS
10
1.0976453543307085
20
0.8973584251968504
11
1.0997798818897637
21
0.8929921653543307
0
LINE
8
BLACK
6
CONTINUOUS
10
1.0997798818897637
20
0.8929921653543307
11
1.1003936614173229
21
0.8887795275590551
0
LINE
8
BLACK
6
CONTINUOUS
10
1.1003936614173229
20
0.8887795275590551
11
1.1003936614173229
21
0.859251968503937
0
LINE
8
BLACK
6
CONTINUOUS
10
1.1003936614173229
20
0.859251968503937
11
1.0997798818897637
21
0.8550393307086614
0
LINE
8
BLACK
6
CONTINUOUS
10
1.0997798818897637
20
0.8550393307086614
11
1.0976453543307085
21
0.8506730708661417
0
LINE
8
BLACK
6
CONTINUOUS
10
1.0976453543307085
20
0.8506730708661417
11
1.094208779527559
21
0.8472364960629921
0
LINE
8
BLACK
6
CONTINUOUS
10
1.094208779527559
20
0.8472364960629921
11
1.0898425196850394
21
0.845101968503937
0
LINE
8
BLACK
6
CONTINUOUS
10
1.0898425196850394
20
0.845101968503937
11
1.0856298818897638
21
0.8444881889763779
0
LINE
8
BLACK
6
CONTINUOUS
10
1.0856298818897638
20
0.8444881889763779
11
1.0364172834645669
21
0.8444881889763779
0
LINE
8
BLACK
6
CONTINUOUS
10
1.0364172834645669
20
0.8444881889763779
11
1.0322046456692913
21
0.845101968503937
0
LINE
8
BLACK
6
CONTINUOUS
10
1.0322046456692913
20
0.845101968503937
11
1.0278383858267717
21
0.8472364960629921
0
LINE
8
BLACK
6
CONTINUOUS
10
1.0278383858267717
20
0.8472364960629921
11
1.0244018110236219
21
0.8506730708661417
0
LINE
8
BLACK
6
CONTINUOUS
10
1.0244018110236219
20
0.8506730708661417
11
1.022267283464567
21
0.8550393307086614
0
LINE
8
BLACK
6
CONTINUOUS
10
1.022267283464567
20
0.8550393307086614
11
1.0216535039370078
21
0.859251968503937
0
LINE
8
BLACK
6
CONTINUOUS
10
1.0216535039370078
20
0.859251968503937
11
1.0216535039370078
21
0.8887795275590551
0
LINE
8
BLACK
6
CONTINUOUS
10
1.0216535039370078
20
0.8887795275590551
11
1.022267283464567
21
0.8929921653543307
0
LINE
8
BLACK
6
CONTINUOUS
10
1.022267283464567
20
0.8929921653543307
11
1.0244018110236219
21
0.8973584251968504
0
LINE
8
BLACK
6
CONTINUOUS
10
1.0244018110236219
20
0.8973584251968504
11
1.0278383858267717
21
0.900795
0
LINE
8
BLACK
6
CONTINUOUS
10
1.0278383858267717
20
0.900795
11
1.0322046456692913
21
0.9029295275590551
0
LINE
8
BLACK
6
CONTINUOUS
10
1.0322046456692913
20
0.9029295275590551
11
1.0364172834645669
21
0.9035433070866141
0
LINE
8
BLACK
6
CONTINUOUS
10
1.0364172834645669
20
0.9035433070866141
11
1.0856298818897638
21
0.9035433070866141
0
LINE
8
BLACK
6
CONTINUOUS
10
1.0856298818897638
20
0.9035433070866141
11
1.0898425196850394
21
0.9029295275590551
0
LINE
8
BLACK
6
CONTINUOUS
10
2.0835432677165353
20
0.8644881889763779
11
2.0235432677165353
21
0.8644881889763779
0
LINE
8
BLACK
6
CONTINUOUS
10
2.0235432677165353
20
0.8644881889763779
11
2.0235432677165353
21
0.924488188976378
0
LINE
8
BLACK
6
CONTINUOUS
10
2.0235432677165353
20
0.924488188976378
11
2.0835432677165353
21
0.924488188976378
0
LINE
8
BLACK
6
CONTINUOUS
10
2.0835432677165353
20
0.924488188976378
11
2.0835432677165353
21
0.8644881889763779
0
LINE
8
BLACK
6
CONTINUOUS
10
2.1835432677165354
20
0.8644881889763779
11
2.1235432677165353
21
0.8644881889763779
0
LINE
8
BLACK
6
CONTINUOUS
10
2.1235432677165353
20
0.8644881889763779
11
2.1235432677165353
21
0.924488188976378
0
LINE
8
BLACK
6
CONTINUOUS
10
2.1235432677165353
20
0.924488188976378
11
2.1835432677165354
21
0.924488188976378
0
LINE
8
BLACK
6
CONTINUOUS
10
2.1835432677165354
20
0.924488188976378
11
2.1835432677165354
21
0.8644881889763779
0
LINE
8
BLACK
6
CONTINUOUS
10
2.7834645669291338
20
0.8710629921259843
11
2.7421259842519685
21
0.8710629921259843
0
LINE
8
BLACK
6
CONTINUOUS
10
2.7421259842519685
20
0.8710629921259843
11
2.7421259842519685
21
0.8966535433070866
0
LINE
8
BLACK
6
CONTINUOUS
10
2.7421259842519685
20
0.8966535433070866
11
2.7834645669291338
21
0.8966535433070866
0
LINE
8
BLACK
6
CONTINUOUS
10
2.7834645669291338
20
0.8966535433070866
11
2.7834645669291338
21
0.8710629921259843
0
LINE
8
BLACK
6
CONTINUOUS
10
2.9458661417322833
20
0.8710629921259843
11
2.9045275590551181
21
0.8710629921259843
0
LINE
8
BLACK
6
CONTINUOUS
10
2.9045275590551181
20
0.8710629921259843
11
2.9045275590551181
21
0.8966535433070866
0
LINE
8
BLACK
6
CONTINUOUS
10
2.9045275590551181
20
0.8966535433070866
11
2.9458661417322833
21
0.8966535433070866
0
LINE
8
BLACK
6
CONTINUOUS
10
2.9458661417322833
20
0.8966535433070866
11
2.9458661417322833
21
0.8710629921259843
0
LINE
8
BLACK
6
CONTINUOUS
10
-0.597559094488189
20
0.8770866141732283
11
-0.6575590944881889
21
0.8770866141732283
0
LINE
8
BLACK
6
CONTINUOUS
10
-0.6575590944881889
20
0.8770866141732283
11
-0.6575590944881889
21
0.9370866141732284
0
LINE
8
BLACK
6
CONTINUOUS
10
-0.6575590944881889
20
0.9370866141732284
11
-0.597559094488189
21
0.9370866141732284
0
LINE
8
BLACK
6
CONTINUOUS
10
-0.597559094488189
20
0.9370866141732284
11
-0.597559094488189
21
0.8770866141732283
0
LINE
8
BLACK
6
CONTINUOUS
10
-0.497559094488189
20
0.8770866141732283
11
-0.557559094488189
21
0.8770866141732283
0
LINE
8
BLACK
6
CONTINUOUS
10
-0.557559094488189
20
0.8770866141732283
11
-0.557559094488189
21
0.9370866141732284
0
LINE
8
BLACK
6
CONTINUOUS
10
-0.557559094488189
20
0.9370866141732284
11
-0.497559094488189
21
0.9370866141732284
0
LINE
8
BLACK
6
CONTINUOUS
10
-0.497559094488189
20
0.9370866141732284
11
-0.497559094488189
21
0.8770866141732283
0
LINE
8
BLACK
6
CONTINUOUS
10
2.3922047244094489
20
0.9188188976377952
11
2.3322047244094488
21
0.9188188976377952
0
LINE
8
BLACK
6
CONTINUOUS
10
2.3322047244094488
20
0.9188188976377952
11
2.3322047244094488
21
0.9788188976377953
0
LINE
8
BLACK
6
CONTINUOUS
10
2.3322047244094488
20
0.9788188976377953
11
2.3922047244094489
21
0.9788188976377953
0
LINE
8
BLACK
6
CONTINUOUS
10
2.3922047244094489
20
0.9788188976377953
11
2.3922047244094489
21
0.9188188976377952
0
LINE
8
BLACK
6
CONTINUOUS
10
2.492204724409449
20
0.9188188976377952
11
2.4322047244094489
21
0.9188188976377952
0
LINE
8
BLACK
6
CONTINUOUS
10
2.4322047244094489
20
0.9188188976377952
11
2.4322047244094489
21
0.9788188976377953
0
LINE
8
BLACK
6
CONTINUOUS
10
2.4322047244094489
20
0.9788188976377953
11
2.492204724409449
21
0.9788188976377953
0
LINE
8
BLACK
6
CONTINUOUS
10
2.492204724409449
20
0.9788188976377953
11
2.492204724409449
21
0.9188188976377952
0
LINE
8
BLACK
6
CONTINUOUS
10
0.3488975984251969
20
0.9235433070866141
11
0.2888975984251969
21
0.9235433070866141
0
LINE
8
BLACK
6
CONTINUOUS
10
0.2888975984251969
20
0.9235433070866141
11
0.2888975984251969
21
0.9835433070866142
0
LINE
8
BLACK
6
CONTINUOUS
10
0.2888975984251969
20
0.9835433070866142
11
0.3488975984251969
21
0.9835433070866142
0
LINE
8
BLACK
6
CONTINUOUS
10
0.3488975984251969
20
0.9835433070866142
11
0.3488975984251969
21
0.9235433070866141
0
LINE
8
BLACK
6
CONTINUOUS
10
0.4488976771653543
20
0.9235433070866141
11
0.3888976771653543
21
0.9235433070866141
0
LINE
8
BLACK
6
CONTINUOUS
10
0.3888976771653543
20
0.9235433070866141
11
0.3888976771653543
21
0.9835433070866142
0
LINE
8
BLACK
6
CONTINUOUS
10
0.3888976771653543
20
0.9835433070866142
11
0.4488976771653543
21
0.9835433070866142
0
LINE
8
BLACK
6
CONTINUOUS
10
0.4488976771653543
20
0.9835433070866142
11
0.4488976771653543
21
0.9235433070866141
0
LINE
8
BLACK
6
CONTINUOUS
10
1.1711877952755905
20
0.9805499606299213
11
1.1743809448818898
21
0.9784163779527559
0
LINE
8
BLACK
6
CONTINUOUS
10
1.1743809448818898
20
0.9784163779527559
11
1.1765145275590552
21
0.9752232283464567
0
LINE
8
BLACK
6
CONTINUOUS
10
1.1765145275590552
20
0.9752232283464567
11
1.1772637401574804
21
0.971456653543307
0
LINE
8
BLACK
6
CONTINUOUS
10
1.1772637401574804
20
0.971456653543307
11
1.1772637401574804
21
0.9340550787401575
0
LINE
8
BLACK
6
CONTINUOUS
10
1.1772637401574804
20
0.9340550787401575
11
1.1765145275590552
21
0.9302885039370079
0
LINE
8
BLACK
6
CONTINUOUS
10
1.1765145275590552
20
0.9302885039370079
11
1.1743809448818898
21
0.9270953543307087
0
LINE
8
BLACK
6
CONTINUOUS
10
1.1743809448818898
20
0.9270953543307087
11
1.1711877952755905
21
0.9249617716535433
0
LINE
8
BLACK
6
CONTINUOUS
10
1.1711877952755905
20
0.9249617716535433
11
1.167421220472441
21
0.9242125590551181
0
LINE
8
BLACK
6
CONTINUOUS
10
1.167421220472441
20
0.9242125590551181
11
1.1477361811023621
21
0.9242125590551181
0
LINE
8
BLACK
6
CONTINUOUS
10
1.1477361811023621
20
0.9242125590551181
11
1.1439696062992126
21
0.9249617716535433
0
LINE
8
BLACK
6
CONTINUOUS
10
1.1439696062992126
20
0.9249617716535433
11
1.1407764566929133
21
0.9270953543307087
0
LINE
8
BLACK
6
CONTINUOUS
10
1.1407764566929133
20
0.9270953543307087
11
1.1386428740157479
21
0.9302885039370079
0
LINE
8
BLACK
6
CONTINUOUS
10
1.1386428740157479
20
0.9302885039370079
11
1.1378936614173227
21
0.9340550787401575
0
LINE
8
BLACK
6
CONTINUOUS
10
1.1378936614173227
20
0.9340550787401575
11
1.1378936614173227
21
0.971456653543307
0
LINE
8
BLACK
6
CONTINUOUS
10
1.1378936614173227
20
0.971456653543307
11
1.1386428740157479
21
0.9752232283464567
0
LINE
8
BLACK
6
CONTINUOUS
10
1.1386428740157479
20
0.9752232283464567
11
1.1407764566929133
21
0.9784163779527559
0
LINE
8
BLACK
6
CONTINUOUS
10
1.1407764566929133
20
0.9784163779527559
11
1.1439696062992126
21
0.9805499606299213
0
LINE
8
BLACK
6
CONTINUOUS
10
1.1439696062992126
20
0.9805499606299213
11
1.1477361811023621
21
0.9812991732283465
0
LINE
8
BLACK
6
CONTINUOUS
10
1.1477361811023621
20
0.9812991732283465
11
1.167421220472441
21
0.9812991732283465
0
LINE
8
BLACK
6
CONTINUOUS
10
1.167421220472441
20
0.9812991732283465
11
1.1711877952755905
21
0.9805499606299213
0
LINE
8
BLACK
6
CONTINUOUS
10
1.2459908661417323
20
0.9805499606299213
11
1.2491840157480314
21
0.9784163779527559
0
LINE
8
BLACK
6
CONTINUOUS
10
1.2491840157480314
20
0.9784163779527559
11
1.2513175984251967
21
0.9752232283464567
0
LINE
8
BLACK
6
CONTINUOUS
10
1.2513175984251967
20
0.9752232283464567
11
1.2520668110236219
21
0.971456653543307
0
LINE
8
BLACK
6
CONTINUOUS
10
1.2520668110236219
20
0.971456653543307
11
1.2520668110236219
21
0.9340550787401575
0
LINE
8
BLACK
6
CONTINUOUS
10
1.2520668110236219
20
0.9340550787401575
11
1.2513175984251967
21
0.9302885039370079
0
LINE
8
BLACK
6
CONTINUOUS
10
1.2513175984251967
20
0.9302885039370079
11
1.2491840157480314
21
0.9270953543307087
0
LINE
8
BLACK
6
CONTINUOUS
10
1.2491840157480314
20
0.9270953543307087
11
1.2459908661417323
21
0.9249617716535433
0
LINE
8
BLACK
6
CONTINUOUS
10
1.2459908661417323
20
0.9249617716535433
11
1.2422242913385826
21
0.9242125590551181
0
LINE
8
BLACK
6
CONTINUOUS
10
1.2422242913385826
20
0.9242125590551181
11
1.2225392519685039
21
0.9242125590551181
0
LINE
8
BLACK
6
CONTINUOUS
10
1.2225392519685039
20
0.9242125590551181
11
1.2187726771653542
21
0.9249617716535433
0
LINE
8
BLACK
6
CONTINUOUS
10
1.2187726771653542
20
0.9249617716535433
11
1.2155795275590551
21
0.9270953543307087
0
LINE
8
BLACK
6
CONTINUOUS
10
1.2155795275590551
20
0.9270953543307087
11
1.2134459448818897
21
0.9302885039370079
0
LINE
8
BLACK
6
CONTINUOUS
10
1.2134459448818897
20
0.9302885039370079
11
1.2126967322834645
21
0.9340550787401575
0
LINE
8
BLACK
6
CONTINUOUS
10
1.2126967322834645
20
0.9340550787401575
11
1.2126967322834645
21
0.971456653543307
0
LINE
8
BLACK
6
CONTINUOUS
10
1.2126967322834645
20
0.971456653543307
11
1.2134459448818897
21
0.9752232283464567
0
LINE
8
BLACK
6
CONTINUOUS
10
1.2134459448818897
20
0.9752232283464567
11
1.2155795275590551
21
0.9784163779527559
0
LINE
8
BLACK
6
CONTINUOUS
10
1.2155795275590551
20
0.9784163779527559
11
1.2187726771653542
21
0.9805499606299213
0
LINE
8
BLACK
6
CONTINUOUS
10
1.2187726771653542
20
0.9805499606299213
11
1.2225392519685039
21
0.9812991732283465
0
LINE
8
BLACK
6
CONTINUOUS
10
1.2225392519685039
20
0.9812991732283465
11
1.2422242913385826
21
0.9812991732283465
0
LINE
8
BLACK
6
CONTINUOUS
10
1.2422242913385826
20
0.9812991732283465
11
1.2459908661417323
21
0.9805499606299213
0
LINE
8
BLACK
6
CONTINUOUS
10
1.0898425590551182
20
0.9934807086614174
11
1.0942088188976378
21
0.9913461811023622
0
LINE
8
BLACK
6
CONTINUOUS
10
1.0942088188976378
20
0.9913461811023622
11
1.0976453937007873
21
0.9879096062992125
0
LINE
8
BLACK
6
CONTINUOUS
10
1.0976453937007873
20
0.9879096062992125
11
1.0997799212598425
21
0.9835433464566929
0
LINE
8
BLACK
6
CONTINUOUS
10
1.0997799212598425
20
0.9835433464566929
11
1.1003937007874016
21
0.9793307086614172
0
LINE
8
BLACK
6
CONTINUOUS
10
1.1003937007874016
20
0.9793307086614172
11
1.1003937007874016
21
0.9498031496062992
0
LINE
8
BLACK
6
CONTINUOUS
10
1.1003937007874016
20
0.9498031496062992
11
1.0997799212598425
21
0.9455905118110236
0
LINE
8
BLACK
6
CONTINUOUS
10
1.0997799212598425
20
0.9455905118110236
11
1.0976453937007873
21
0.9412242519685039
0
LINE
8
BLACK
6
CONTINUOUS
10
1.0976453937007873
20
0.9412242519685039
11
1.0942088188976378
21
0.9377876771653543
0
LINE
8
BLACK
6
CONTINUOUS
10
1.0942088188976378
20
0.9377876771653543
11
1.0898425590551182
21
0.9356531496062992
0
LINE
8
BLACK
6
CONTINUOUS
10
1.0898425590551182
20
0.9356531496062992
11
1.0856299212598426
21
0.9350393700787402
0
LINE
8
BLACK
6
CONTINUOUS
10
1.0856299212598426
20
0.9350393700787402
11
1.0364173228346456
21
0.9350393700787402
0
LINE
8
BLACK
6
CONTINUOUS
10
1.0364173228346456
20
0.9350393700787402
11
1.03220468503937
21
0.9356531496062992
0
LINE
8
BLACK
6
CONTINUOUS
10
1.03220468503937
20
0.9356531496062992
11
1.0278384251968504
21
0.9377876771653543
0
LINE
8
BLACK
6
CONTINUOUS
10
1.0278384251968504
20
0.9377876771653543
11
1.0244018503937007
21
0.9412242519685039
0
LINE
8
BLACK
6
CONTINUOUS
10
1.0244018503937007
20
0.9412242519685039
11
1.0222673228346457
21
0.9455905118110236
0
LINE
8
BLACK
6
CONTINUOUS
10
1.0222673228346457
20
0.9455905118110236
11
1.0216535433070866
21
0.9498031496062992
0
LINE
8
BLACK
6
CONTINUOUS
10
1.0216535433070866
20
0.9498031496062992
11
1.0216535433070866
21
0.9793307086614172
0
LINE
8
BLACK
6
CONTINUOUS
10
1.0216535433070866
20
0.9793307086614172
11
1.0222673228346457
21
0.9835433464566929
0
LINE
8
BLACK
6
CONTINUOUS
10
1.0222673228346457
20
0.9835433464566929
11
1.0244018503937007
21
0.9879096062992125
0
LINE
8
BLACK
6
CONTINUOUS
10
1.0244018503937007
20
0.9879096062992125
11
1.0278384251968504
21
0.9913461811023622
0
LINE
8
BLACK
6
CONTINUOUS
10
1.0278384251968504
20
0.9913461811023622
11
1.03220468503937
21
0.9934807086614174
0
LINE
8
BLACK
6
CONTINUOUS
10
1.03220468503937
20
0.9934807086614174
11
1.0364173228346456
21
0.9940944881889764
0
LINE
8
BLACK
6
CONTINUOUS
10
1.0364173228346456
20
0.9940944881889764
11
1.0856299212598426
21
0.9940944881889764
0
LINE
8
BLACK
6
CONTINUOUS
10
1.0856299212598426
20
0.9940944881889764
11
1.0898425590551182
21
0.9934807086614174
0
LINE
8
BLACK
6
CONTINUOUS
10
2.7824803149606296
20
0.9557086614173228
11
2.7411417322834644
21
0.9557086614173228
0
LINE
8
BLACK
6
CONTINUOUS
10
2.7411417322834644
20
0.9557086614173228
11
2.7411417322834644
21
0.9812992125984251
0
LINE
8
BLACK
6
CONTINUOUS
10
2.7411417322834644
20
0.9812992125984251
11
2.7824803149606296
21
0.9812992125984251
0
LINE
8
BLACK
6
CONTINUOUS
10
2.7824803149606296
20
0.9812992125984251
11
2.7824803149606296
21
0.9557086614173228
0
LINE
8
BLACK
6
CONTINUOUS
10
2.9458661417322833
20
0.9557086614173228
11
2.9045275590551181
21
0.9557086614173228
0
LINE
8
BLACK
6
CONTINUOUS
10
2.9045275590551181
20
0.9557086614173228
11
2.9045275590551181
21
0.9812992125984251
0
LINE
8
BLACK
6
CONTINUOUS
10
2.9045275590551181
20
0.9812992125984251
11
2.9458661417322833
21
0.9812992125984251
0
LINE
8
BLACK
6
CONTINUOUS
10
2.9458661417322833
20
0.9812992125984251
11
2.9458661417322833
21
0.9557086614173228
0
LINE
8
BLACK
6
CONTINUOUS
10
2.0835432677165353
20
0.9644881889763779
11
2.0235432677165353
21
0.9644881889763779
0
LINE
8
BLACK
6
CONTINUOUS
10
2.0235432677165353
20
0.9644881889763779
11
2.0235432677165353
21
1.0244881889763779
0
LINE
8
BLACK
6
CONTINUOUS
10
2.0235432677165353
20
1.0244881889763779
11
2.0835432677165353
21
1.0244881889763779
0
LINE
8
BLACK
6
CONTINUOUS
10
2.0835432677165353
20
1.0244881889763779
11
2.0835432677165353
21
0.9644881889763779
0
LINE
8
BLACK
6
CONTINUOUS
10
2.1835432677165354
20
0.9644881889763779
11
2.1235432677165353
21
0.9644881889763779
0
LINE
8
BLACK
6
CONTINUOUS
10
2.1235432677165353
20
0.9644881889763779
11
2.1235432677165353
21
1.0244881889763779
0
LINE
8
BLACK
6
CONTINUOUS
10
2.1235432677165353
20
1.0244881889763779
11
2.1835432677165354
21
1.0244881889763779
0
LINE
8
BLACK
6
CONTINUOUS
10
2.1835432677165354
20
1.0244881889763779
11
2.1835432677165354
21
0.9644881889763779
0
LINE
8
BLACK
6
CONTINUOUS
10
1.5357246062992125
20
1.0571292125984251
11
1.5376404724409449
21
1.0558490551181101
0
LINE
8
BLACK
6
CONTINUOUS
10
1.5376404724409449
20
1.0558490551181101
11
1.5389206299212599
21
1.0539331889763779
0
LINE
8
BLACK
6
CONTINUOUS
10
1.5389206299212599
20
1.0539331889763779
11
1.5393701574803149
21
1.0516732283464567
0
LINE
8
BLACK
6
CONTINUOUS
10
1.5393701574803149
20
1.0516732283464567
11
1.5393701574803149
21
1.0113188976377951
0
LINE
8
BLACK
6
CONTINUOUS
10
1.5393701574803149
20
1.0113188976377951
11
1.5389206299212599
21
1.009058937007874
0
LINE
8
BLACK
6
CONTINUOUS
10
1.5389206299212599
20
1.009058937007874
11
1.5376404724409449
21
1.0071430708661417
0
LINE
8
BLACK
6
CONTINUOUS
10
1.5376404724409449
20
1.0071430708661417
11
1.5357246062992125
21
1.0058629133858268
0
LINE
8
BLACK
6
CONTINUOUS
10
1.5357246062992125
20
1.0058629133858268
11
1.5334646456692913
21
1.0054133858267715
0
LINE
8
BLACK
6
CONTINUOUS
10
1.5334646456692913
20
1.0054133858267715
11
1.5216536220472441
21
1.0054133858267715
0
LINE
8
BLACK
6
CONTINUOUS
10
1.5216536220472441
20
1.0054133858267715
11
1.5193936614173229
21
1.0058629133858268
0
LINE
8
BLACK
6
CONTINUOUS
10
1.5193936614173229
20
1.0058629133858268
11
1.5174777952755905
21
1.0071430708661417
0
LINE
8
BLACK
6
CONTINUOUS
10
1.5174777952755905
20
1.0071430708661417
11
1.5161976377952755
21
1.009058937007874
0
LINE
8
BLACK
6
CONTINUOUS
10
1.5161976377952755
20
1.009058937007874
11
1.5157481102362205
21
1.0113188976377951
0
LINE
8
BLACK
6
CONTINUOUS
10
1.5157481102362205
20
1.0113188976377951
11
1.5157481102362205
21
1.0516732283464567
0
LINE
8
BLACK
6
CONTINUOUS
10
1.5157481102362205
20
1.0516732283464567
11
1.5161976377952755
21
1.0539331889763779
0
LINE
8
BLACK
6
CONTINUOUS
10
1.5161976377952755
20
1.0539331889763779
11
1.5174777952755905
21
1.0558490551181101
0
LINE
8
BLACK
6
CONTINUOUS
10
1.5174777952755905
20
1.0558490551181101
11
1.5193936614173229
21
1.0571292125984251
0
LINE
8
BLACK
6
CONTINUOUS
10
1.5193936614173229
20
1.0571292125984251
11
1.5216536220472441
21
1.0575787401574803
0
LINE
8
BLACK
6
CONTINUOUS
10
1.5216536220472441
20
1.0575787401574803
11
1.5334646456692913
21
1.0575787401574803
0
LINE
8
BLACK
6
CONTINUOUS
10
1.5334646456692913
20
1.0575787401574803
11
1.5357246062992125
21
1.0571292125984251
0
LINE
8
BLACK
6
CONTINUOUS
10
1.5731261417322835
20
1.0571292125984251
11
1.5750420078740157
21
1.0558490551181101
0
LINE
8
BLACK
6
CONTINUOUS
10
1.5750420078740157
20
1.0558490551181101
11
1.5763221653543307
21
1.0539331889763779
0
LINE
8
BLACK
6
CONTINUOUS
10
1.5763221653543307
20
1.0539331889763779
11
1.5767716929133857
21
1.0516732283464567
0
LINE
8
BLACK
6
CONTINUOUS
10
1.5767716929133857
20
1.0516732283464567
11
1.5767716929133857
21
1.0113188976377951
0
LINE
8
BLACK
6
CONTINUOUS
10
1.5767716929133857
20
1.0113188976377951
11
1.5763221653543307
21
1.009058937007874
0
LINE
8
BLACK
6
CONTINUOUS
10
1.5763221653543307
20
1.009058937007874
11
1.5750420078740157
21
1.0071430708661417
0
LINE
8
BLACK
6
CONTINUOUS
10
1.5750420078740157
20
1.0071430708661417
11
1.5731261417322835
21
1.0058629133858268
0
LINE
8
BLACK
6
CONTINUOUS
10
1.5731261417322835
20
1.0058629133858268
11
1.5708661811023621
21
1.0054133858267715
0
LINE
8
BLACK
6
CONTINUOUS
10
1.5708661811023621
20
1.0054133858267715
11
1.5590551574803149
21
1.0054133858267715
0
LINE
8
BLACK
6
CONTINUOUS
10
1.5590551574803149
20
1.0054133858267715
11
1.5567951968503937
21
1.0058629133858268
0
LINE
8
BLACK
6
CONTINUOUS
10
1.5567951968503937
20
1.0058629133858268
11
1.5548793307086615
21
1.0071430708661417
0
LINE
8
BLACK
6
CONTINUOUS
10
1.5548793307086615
20
1.0071430708661417
11
1.5535991732283465
21
1.009058937007874
0
LINE
8
BLACK
6
CONTINUOUS
10
1.5535991732283465
20
1.009058937007874
11
1.5531496456692913
21
1.0113188976377951
0
LINE
8
BLACK
6
CONTINUOUS
10
1.5531496456692913
20
1.0113188976377951
11
1.5531496456692913
21
1.0516732283464567
0
LINE
8
BLACK
6
CONTINUOUS
10
1.5531496456692913
20
1.0516732283464567
11
1.5535991732283465
21
1.0539331889763779
0
LINE
8
BLACK
6
CONTINUOUS
10
1.5535991732283465
20
1.0539331889763779
11
1.5548793307086615
21
1.0558490551181101
0
LINE
8
BLACK
6
CONTINUOUS
10
1.5548793307086615
20
1.0558490551181101
11
1.5567951968503937
21
1.0571292125984251
0
LINE
8
BLACK
6
CONTINUOUS
10
1.5567951968503937
20
1.0571292125984251
11
1.5590551574803149
21
1.0575787401574803
0
LINE
8
BLACK
6
CONTINUOUS
10
1.5590551574803149
20
1.0575787401574803
11
1.5708661811023621
21
1.0575787401574803
0
LINE
8
BLACK
6
CONTINUOUS
10
1.5708661811023621
20
1.0575787401574803
11
1.5731261417322835
21
1.0571292125984251
0
LINE
8
BLACK
6
CONTINUOUS
10
1.6105276771653543
20
1.0571292125984251
11
1.6124435433070865
21
1.0558490551181101
0
LINE
8
BLACK
6
CONTINUOUS
10
1.6124435433070865
20
1.0558490551181101
11
1.6137237007874015
21
1.0539331889763779
0
LINE
8
BLACK
6
CONTINUOUS
10
1.6137237007874015
20
1.0539331889763779
11
1.6141732283464567
21
1.0516732283464567
0
LINE
8
BLACK
6
CONTINUOUS
10
1.6141732283464567
20
1.0516732283464567
11
1.6141732283464567
21
1.0113188976377951
0
LINE
8
BLACK
6
CONTINUOUS
10
1.6141732283464567
20
1.0113188976377951
11
1.6137237007874015
21
1.009058937007874
0
LINE
8
BLACK
6
CONTINUOUS
10
1.6137237007874015
20
1.009058937007874
11
1.6124435433070865
21
1.0071430708661417
0
LINE
8
BLACK
6
CONTINUOUS
10
1.6124435433070865
20
1.0071430708661417
11
1.6105276771653543
21
1.0058629133858268
0
LINE
8
BLACK
6
CONTINUOUS
10
1.6105276771653543
20
1.0058629133858268
11
1.6082677165354331
21
1.0054133858267715
0
LINE
8
BLACK
6
CONTINUOUS
10
1.6082677165354331
20
1.0054133858267715
11
1.5964566929133859
21
1.0054133858267715
0
LINE
8
BLACK
6
CONTINUOUS
10
1.5964566929133859
20
1.0054133858267715
11
1.5941967322834645
21
1.0058629133858268
0
LINE
8
BLACK
6
CONTINUOUS
10
1.5941967322834645
20
1.0058629133858268
11
1.5922808661417323
21
1.0071430708661417
0
LINE
8
BLACK
6
CONTINUOUS
10
1.5922808661417323
20
1.0071430708661417
11
1.5910007086614173
21
1.009058937007874
0
LINE
8
BLACK
6
CONTINUOUS
10
1.5910007086614173
20
1.009058937007874
11
1.5905511811023623
21
1.0113188976377951
0
LINE
8
BLACK
6
CONTINUOUS
10
1.5905511811023623
20
1.0113188976377951
11
1.5905511811023623
21
1.0516732283464567
0
LINE
8
BLACK
6
CONTINUOUS
10
1.5905511811023623
20
1.0516732283464567
11
1.5910007086614173
21
1.0539331889763779
0
LINE
8
BLACK
6
CONTINUOUS
10
1.5910007086614173
20
1.0539331889763779
11
1.5922808661417323
21
1.0558490551181101
0
LINE
8
BLACK
6
CONTINUOUS
10
1.5922808661417323
20
1.0558490551181101
11
1.5941967322834645
21
1.0571292125984251
0
LINE
8
BLACK
6
CONTINUOUS
10
1.5941967322834645
20
1.0571292125984251
11
1.5964566929133859
21
1.0575787401574803
0
LINE
8
BLACK
6
CONTINUOUS
10
1.5964566929133859
20
1.0575787401574803
11
1.6082677165354331
21
1.0575787401574803
0
LINE
8
BLACK
6
CONTINUOUS
10
1.6082677165354331
20
1.0575787401574803
11
1.6105276771653543
21
1.0571292125984251
0
LINE
8
BLACK
6
CONTINUOUS
10
2.3922047244094489
20
1.0188188976377952
11
2.3322047244094488
21
1.0188188976377952
0
LINE
8
BLACK
6
CONTINUOUS
10
2.3322047244094488
20
1.0188188976377952
11
2.3322047244094488
21
1.0788188976377953
0
LINE
8
BLACK
6
CONTINUOUS
10
2.3322047244094488
20
1.0788188976377953
11
2.3922047244094489
21
1.0788188976377953
0
LINE
8
BLACK
6
CONTINUOUS
10
2.3922047244094489
20
1.0788188976377953
11
2.3922047244094489
21
1.0188188976377952
0
LINE
8
BLACK
6
CONTINUOUS
10
2.492204724409449
20
1.0188188976377952
11
2.4322047244094489
21
1.0188188976377952
0
LINE
8
BLACK
6
CONTINUOUS
10
2.4322047244094489
20
1.0188188976377952
11
2.4322047244094489
21
1.0788188976377953
0
LINE
8
BLACK
6
CONTINUOUS
10
2.4322047244094489
20
1.0788188976377953
11
2.492204724409449
21
1.0788188976377953
0
LINE
8
BLACK
6
CONTINUOUS
10
2.492204724409449
20
1.0788188976377953
11
2.492204724409449
21
1.0188188976377952
0
LINE
8
BLACK
6
CONTINUOUS
10
0.3488976377952756
20
1.0235433070866142
11
0.2888976377952756
21
1.0235433070866142
0
LINE
8
BLACK
6
CONTINUOUS
10
0.2888976377952756
20
1.0235433070866142
11
0.2888976377952756
21
1.0835433070866141
0
LINE
8
BLACK
6
CONTINUOUS
10
0.2888976377952756
20
1.0835433070866141
11
0.3488976377952756
21
1.0835433070866141
0
LINE
8
BLACK
6
CONTINUOUS
10
0.3488976377952756
20
1.0835433070866141
11
0.3488976377952756
21
1.0235433070866142
0
LINE
8
BLACK
6
CONTINUOUS
10
0.4488976377952756
20
1.0235433070866142
11
0.3888976377952756
21
1.0235433070866142
0
LINE
8
BLACK
6
CONTINUOUS
10
0.3888976377952756
20
1.0235433070866142
11
0.3888976377952756
21
1.0835433070866141
0
LINE
8
BLACK
6
CONTINUOUS
10
0.3888976377952756
20
1.0835433070866141
11
0.4488976377952756
21
1.0835433070866141
0
LINE
8
BLACK
6
CONTINUOUS
10
0.4488976377952756
20
1.0835433070866141
11
0.4488976377952756
21
1.0235433070866142
0
LINE
8
BLACK
6
CONTINUOUS
10
2.0835432283464566
20
1.064488188976378
11
2.0235432283464565
21
1.064488188976378
0
LINE
8
BLACK
6
CONTINUOUS
10
2.0235432283464565
20
1.064488188976378
11
2.0235432283464565
21
1.124488188976378
0
LINE
8
BLACK
6
CONTINUOUS
10
2.0235432283464565
20
1.124488188976378
11
2.0835432283464566
21
1.124488188976378
0
LINE
8
BLACK
6
CONTINUOUS
10
2.0835432283464566
20
1.124488188976378
11
2.0835432283464566
21
1.064488188976378
0
LINE
8
BLACK
6
CONTINUOUS
10
2.1835433070866141
20
1.064488188976378
11
2.1235433070866141
21
1.064488188976378
0
LINE
8
BLACK
6
CONTINUOUS
10
2.1235433070866141
20
1.064488188976378
11
2.1235433070866141
21
1.124488188976378
0
LINE
8
BLACK
6
CONTINUOUS
10
2.1235433070866141
20
1.124488188976378
11
2.1835433070866141
21
1.124488188976378
0
LINE
8
BLACK
6
CONTINUOUS
10
2.1835433070866141
20
1.124488188976378
11
2.1835433070866141
21
1.064488188976378
0
LINE
8
BLACK
6
CONTINUOUS
10
1.5357246062992125
20
1.1466961417322834
11
1.5376404724409449
21
1.1454159842519684
0
LINE
8
BLACK
6
CONTINUOUS
10
1.5376404724409449
20
1.1454159842519684
11
1.5389206299212599
21
1.1435001181102362
0
LINE
8
BLACK
6
CONTINUOUS
10
1.5389206299212599
20
1.1435001181102362
11
1.5393701574803149
21
1.141240157480315
0
LINE
8
BLACK
6
CONTINUOUS
10
1.5393701574803149
20
1.141240157480315
11
1.5393701574803149
21
1.1008858267716535
0
LINE
8
BLACK
6
CONTINUOUS
10
1.5393701574803149
20
1.1008858267716535
11
1.5389206299212599
21
1.0986258661417323
0
LINE
8
BLACK
6
CONTINUOUS
10
1.5389206299212599
20
1.0986258661417323
11
1.5376404724409449
21
1.0967100000000001
0
LINE
8
BLACK
6
CONTINUOUS
10
1.5376404724409449
20
1.0967100000000001
11
1.5357246062992125
21
1.0954298425196851
0
LINE
8
BLACK
6
CONTINUOUS
10
1.5357246062992125
20
1.0954298425196851
11
1.5334646456692913
21
1.0949803149606299
0
LINE
8
BLACK
6
CONTINUOUS
10
1.5334646456692913
20
1.0949803149606299
11
1.5216536220472441
21
1.0949803149606299
0
LINE
8
BLACK
6
CONTINUOUS
10
1.5216536220472441
20
1.0949803149606299
11
1.5193936614173229
21
1.0954298425196851
0
LINE
8
BLACK
6
CONTINUOUS
10
1.5193936614173229
20
1.0954298425196851
11
1.5174777952755905
21
1.0967100000000001
0
LINE
8
BLACK
6
CONTINUOUS
10
1.5174777952755905
20
1.0967100000000001
11
1.5161976377952755
21
1.0986258661417323
0
LINE
8
BLACK
6
CONTINUOUS
10
1.5161976377952755
20
1.0986258661417323
11
1.5157481102362205
21
1.1008858267716535
0
LINE
8
BLACK
6
CONTINUOUS
10
1.5157481102362205
20
1.1008858267716535
11
1.5157481102362205
21
1.141240157480315
0
LINE
8
BLACK
6
CONTINUOUS
10
1.5157481102362205
20
1.141240157480315
11
1.5161976377952755
21
1.1435001181102362
0
LINE
8
BLACK
6
CONTINUOUS
10
1.5161976377952755
20
1.1435001181102362
11
1.5174777952755905
21
1.1454159842519684
0
LINE
8
BLACK
6
CONTINUOUS
10
1.5174777952755905
20
1.1454159842519684
11
1.5193936614173229
21
1.1466961417322834
0
LINE
8
BLACK
6
CONTINUOUS
10
1.5193936614173229
20
1.1466961417322834
11
1.5216536220472441
21
1.1471456692913387
0
LINE
8
BLACK
6
CONTINUOUS
10
1.5216536220472441
20
1.1471456692913387
11
1.5334646456692913
21
1.1471456692913387
0
LINE
8
BLACK
6
CONTINUOUS
10
1.5334646456692913
20
1.1471456692913387
11
1.5357246062992125
21
1.1466961417322834
0
LINE
8
BLACK
6
CONTINUOUS
10
1.5731261417322835
20
1.1466961417322834
11
1.5750420078740157
21
1.1454159842519684
0
LINE
8
BLACK
6
CONTINUOUS
10
1.5750420078740157
20
1.1454159842519684
11
1.5763221653543307
21
1.1435001181102362
0
LINE
8
BLACK
6
CONTINUOUS
10
1.5763221653543307
20
1.1435001181102362
11
1.5767716929133857
21
1.141240157480315
0
LINE
8
BLACK
6
CONTINUOUS
10
1.5767716929133857
20
1.141240157480315
11
1.5767716929133857
21
1.1008858267716535
0
LINE
8
BLACK
6
CONTINUOUS
10
1.5767716929133857
20
1.1008858267716535
11
1.5763221653543307
21
1.0986258661417323
0
LINE
8
BLACK
6
CONTINUOUS
10
1.5763221653543307
20
1.0986258661417323
11
1.5750420078740157
21
1.0967100000000001
0
LINE
8
BLACK
6
CONTINUOUS
10
1.5750420078740157
20
1.0967100000000001
11
1.5731261417322835
21
1.0954298425196851
0
LINE
8
BLACK
6
CONTINUOUS
10
1.5731261417322835
20
1.0954298425196851
11
1.5708661811023621
21
1.0949803149606299
0
LINE
8
BLACK
6
CONTINUOUS
10
1.5708661811023621
20
1.0949803149606299
11
1.5590551574803149
21
1.0949803149606299
0
LINE
8
BLACK
6
CONTINUOUS
10
1.5590551574803149
20
1.0949803149606299
11
1.5567951968503937
21
1.0954298425196851
0
LINE
8
BLACK
6
CONTINUOUS
10
1.5567951968503937
20
1.0954298425196851
11
1.5548793307086615
21
1.0967100000000001
0
LINE
8
BLACK
6
CONTINUOUS
10
1.5548793307086615
20
1.0967100000000001
11
1.5535991732283465
21
1.0986258661417323
0
LINE
8
BLACK
6
CONTINUOUS
10
1.5535991732283465
20
1.0986258661417323
11
1.5531496456692913
21
1.1008858267716535
0
LINE
8
BLACK
6
CONTINUOUS
10
1.5531496456692913
20
1.1008858267716535
11
1.5531496456692913
21
1.141240157480315
0
LINE
8
BLACK
6
CONTINUOUS
10
1.5531496456692913
20
1.141240157480315
11
1.5535991732283465
21
1.1435001181102362
0
LINE
8
BLACK
6
CONTINUOUS
10
1.5535991732283465
20
1.1435001181102362
11
1.5548793307086615
21
1.1454159842519684
0
LINE
8
BLACK
6
CONTINUOUS
10
1.5548793307086615
20
1.1454159842519684
11
1.5567951968503937
21
1.1466961417322834
0
LINE
8
BLACK
6
CONTINUOUS
10
1.5567951968503937
20
1.1466961417322834
11
1.5590551574803149
21
1.1471456692913387
0
LINE
8
BLACK
6
CONTINUOUS
10
1.5590551574803149
20
1.1471456692913387
11
1.5708661811023621
21
1.1471456692913387
0
LINE
8
BLACK
6
CONTINUOUS
10
1.5708661811023621
20
1.1471456692913387
11
1.5731261417322835
21
1.1466961417322834
0
LINE
8
BLACK
6
CONTINUOUS
10
1.6105276771653543
20
1.1466961417322834
11
1.6124435433070865
21
1.1454159842519684
0
LINE
8
BLACK
6
CONTINUOUS
10
1.6124435433070865
20
1.1454159842519684
11
1.6137237007874015
21
1.1435001181102362
0
LINE
8
BLACK
6
CONTINUOUS
10
1.6137237007874015
20
1.1435001181102362
11
1.6141732283464567
21
1.141240157480315
0
LINE
8
BLACK
6
CONTINUOUS
10
1.6141732283464567
20
1.141240157480315
11
1.6141732283464567
21
1.1008858267716535
0
LINE
8
BLACK
6
CONTINUOUS
10
1.6141732283464567
20
1.1008858267716535
11
1.6137237007874015
21
1.0986258661417323
0
LINE
8
BLACK
6
CONTINUOUS
10
1.6137237007874015
20
1.0986258661417323
11
1.6124435433070865
21
1.0967100000000001
0
LINE
8
BLACK
6
CONTINUOUS
10
1.6124435433070865
20
1.0967100000000001
11
1.6105276771653543
21
1.0954298425196851
0
LINE
8
BLACK
6
CONTINUOUS
10
1.6105276771653543
20
1.0954298425196851
11
1.6082677165354331
21
1.0949803149606299
0
LINE
8
BLACK
6
CONTINUOUS
10
1.6082677165354331
20
1.0949803149606299
11
1.5964566929133859
21
1.0949803149606299
0
LINE
8
BLACK
6
CONTINUOUS
10
1.5964566929133859
20
1.0949803149606299
11
1.5941967322834645
21
1.0954298425196851
0
LINE
8
BLACK
6
CONTINUOUS
10
1.5941967322834645
20
1.0954298425196851
11
1.5922808661417323
21
1.0967100000000001
0
LINE
8
BLACK
6
CONTINUOUS
10
1.5922808661417323
20
1.0967100000000001
11
1.5910007086614173
21
1.0986258661417323
0
LINE
8
BLACK
6
CONTINUOUS
10
1.5910007086614173
20
1.0986258661417323
11
1.5905511811023623
21
1.1008858267716535
0
LINE
8
BLACK
6
CONTINUOUS
10
1.5905511811023623
20
1.1008858267716535
11
1.5905511811023623
21
1.141240157480315
0
LINE
8
BLACK
6
CONTINUOUS
10
1.5905511811023623
20
1.141240157480315
11
1.5910007086614173
21
1.1435001181102362
0
LINE
8
BLACK
6
CONTINUOUS
10
1.5910007086614173
20
1.1435001181102362
11
1.5922808661417323
21
1.1454159842519684
0
LINE
8
BLACK
6
CONTINUOUS
10
1.5922808661417323
20
1.1454159842519684
11
1.5941967322834645
21
1.1466961417322834
0
LINE
8
BLACK
6
CONTINUOUS
10
1.5941967322834645
20
1.1466961417322834
11
1.5964566929133859
21
1.1471456692913387
0
LINE
8
BLACK
6
CONTINUOUS
10
1.5964566929133859
20
1.1471456692913387
11
1.6082677165354331
21
1.1471456692913387
0
LINE
8
BLACK
6
CONTINUOUS
10
1.6082677165354331
20
1.1471456692913387
11
1.6105276771653543
21
1.1466961417322834
0
LINE
8
BLACK
6
CONTINUOUS
10
4.118582677165354
20
1.1121259842519684
11
4.0585826771653544
21
1.1121259842519684
0
LINE
8
BLACK
6
CONTINUOUS
10
4.0585826771653544
20
1.1121259842519684
11
4.0585826771653544
21
1.1721259842519685
0
LINE
8
BLACK
6
CONTINUOUS
10
4.0585826771653544
20
1.1721259842519685
11
4.118582677165354
21
1.1721259842519685
0
LINE
8
BLACK
6
CONTINUOUS
10
4.118582677165354
20
1.1721259842519685
11
4.118582677165354
21
1.1121259842519684
0
LINE
8
BLACK
6
CONTINUOUS
10
4.2185826771653545
20
1.1121259842519684
11
4.158582677165354
21
1.1121259842519684
0
LINE
8
BLACK
6
CONTINUOUS
10
4.158582677165354
20
1.1121259842519684
11
4.158582677165354
21
1.1721259842519685
0
LINE
8
BLACK
6
CONTINUOUS
10
4.158582677165354
20
1.1721259842519685
11
4.2185826771653545
21
1.1721259842519685
0
LINE
8
BLACK
6
CONTINUOUS
10
4.2185826771653545
20
1.1721259842519685
11
4.2185826771653545
21
1.1121259842519684
0
LINE
8
BLACK
6
CONTINUOUS
10
2.3922047244094489
20
1.1188188976377953
11
2.3322047244094488
21
1.1188188976377953
0
LINE
8
BLACK
6
CONTINUOUS
10
2.3322047244094488
20
1.1188188976377953
11
2.3322047244094488
21
1.1788188976377953
0
LINE
8
BLACK
6
CONTINUOUS
10
2.3322047244094488
20
1.1788188976377953
11
2.3922047244094489
21
1.1788188976377953
0
LINE
8
BLACK
6
CONTINUOUS
10
2.3922047244094489
20
1.1788188976377953
11
2.3922047244094489
21
1.1188188976377953
0
LINE
8
BLACK
6
CONTINUOUS
10
2.492204724409449
20
1.1188188976377953
11
2.4322047244094489
21
1.1188188976377953
0
LINE
8
BLACK
6
CONTINUOUS
10
2.4322047244094489
20
1.1188188976377953
11
2.4322047244094489
21
1.1788188976377953
0
LINE
8
BLACK
6
CONTINUOUS
10
2.4322047244094489
20
1.1788188976377953
11
2.492204724409449
21
1.1788188976377953
0
LINE
8
BLACK
6
CONTINUOUS
10
2.492204724409449
20
1.1788188976377953
11
2.492204724409449
21
1.1188188976377953
0
LINE
8
BLACK
6
CONTINUOUS
10
0.3488976377952756
20
1.1235433070866141
11
0.2888976377952756
21
1.1235433070866141
0
LINE
8
BLACK
6
CONTINUOUS
10
0.2888976377952756
20
1.1235433070866141
11
0.2888976377952756
21
1.1835433070866141
0
LINE
8
BLACK
6
CONTINUOUS
10
0.2888976377952756
20
1.1835433070866141
11
0.3488976377952756
21
1.1835433070866141
0
LINE
8
BLACK
6
CONTINUOUS
10
0.3488976377952756
20
1.1835433070866141
11
0.3488976377952756
21
1.1235433070866141
0
LINE
8
BLACK
6
CONTINUOUS
10
0.4488976377952756
20
1.1235433070866141
11
0.3888976377952756
21
1.1235433070866141
0
LINE
8
BLACK
6
CONTINUOUS
10
0.3888976377952756
20
1.1235433070866141
11
0.3888976377952756
21
1.1835433070866141
0
LINE
8
BLACK
6
CONTINUOUS
10
0.3888976377952756
20
1.1835433070866141
11
0.4488976377952756
21
1.1835433070866141
0
LINE
8
BLACK
6
CONTINUOUS
10
0.4488976377952756
20
1.1835433070866141
11
0.4488976377952756
21
1.1235433070866141
0
LINE
8
BLACK
6
CONTINUOUS
10
2.0835432677165353
20
1.1644881889763778
11
2.0235432677165353
21
1.1644881889763778
0
LINE
8
BLACK
6
CONTINUOUS
10
2.0235432677165353
20
1.1644881889763778
11
2.0235432677165353
21
1.2244881889763779
0
LINE
8
BLACK
6
CONTINUOUS
10
2.0235432677165353
20
1.2244881889763779
11
2.0835432677165353
21
1.2244881889763779
0
LINE
8
BLACK
6
CONTINUOUS
10
2.0835432677165353
20
1.2244881889763779
11
2.0835432677165353
21
1.1644881889763778
0
LINE
8
BLACK
6
CONTINUOUS
10
2.1835432677165354
20
1.1644881889763778
11
2.1235432677165353
21
1.1644881889763778
0
LINE
8
BLACK
6
CONTINUOUS
10
2.1235432677165353
20
1.1644881889763778
11
2.1235432677165353
21
1.2244881889763779
0
LINE
8
BLACK
6
CONTINUOUS
10
2.1235432677165353
20
1.2244881889763779
11
2.1835432677165354
21
1.2244881889763779
0
LINE
8
BLACK
6
CONTINUOUS
10
2.1835432677165354
20
1.2244881889763779
11
2.1835432677165354
21
1.1644881889763778
0
LINE
8
BLACK
6
CONTINUOUS
10
4.118582677165354
20
1.2121259842519685
11
4.0585826771653544
21
1.2121259842519685
0
LINE
8
BLACK
6
CONTINUOUS
10
4.0585826771653544
20
1.2121259842519685
11
4.0585826771653544
21
1.2721259842519685
0
LINE
8
BLACK
6
CONTINUOUS
10
4.0585826771653544
20
1.2721259842519685
11
4.118582677165354
21
1.2721259842519685
0
LINE
8
BLACK
6
CONTINUOUS
10
4.118582677165354
20
1.2721259842519685
11
4.118582677165354
21
1.2121259842519685
0
LINE
8
BLACK
6
CONTINUOUS
10
4.2185826771653545
20
1.2121259842519685
11
4.158582677165354
21
1.2121259842519685
0
LINE
8
BLACK
6
CONTINUOUS
10
4.158582677165354
20
1.2121259842519685
11
4.158582677165354
21
1.2721259842519685
0
LINE
8
BLACK
6
CONTINUOUS
10
4.158582677165354
20
1.2721259842519685
11
4.2185826771653545
21
1.2721259842519685
0
LINE
8
BLACK
6
CONTINUOUS
10
4.2185826771653545
20
1.2721259842519685
11
4.2185826771653545
21
1.2121259842519685
0
LINE
8
BLACK
6
CONTINUOUS
10
2.3922047244094489
20
1.2188188976377952
11
2.3322047244094488
21
1.2188188976377952
0
LINE
8
BLACK
6
CONTINUOUS
10
2.3322047244094488
20
1.2188188976377952
11
2.3322047244094488
21
1.2788188976377952
0
LINE
8
BLACK
6
CONTINUOUS
10
2.3322047244094488
20
1.2788188976377952
11
2.3922047244094489
21
1.2788188976377952
0
LINE
8
BLACK
6
CONTINUOUS
10
2.3922047244094489
20
1.2788188976377952
11
2.3922047244094489
21
1.2188188976377952
0
LINE
8
BLACK
6
CONTINUOUS
10
2.492204724409449
20
1.2188188976377952
11
2.4322047244094489
21
1.2188188976377952
0
LINE
8
BLACK
6
CONTINUOUS
10
2.4322047244094489
20
1.2188188976377952
11
2.4322047244094489
21
1.2788188976377952
0
LINE
8
BLACK
6
CONTINUOUS
10
2.4322047244094489
20
1.2788188976377952
11
2.492204724409449
21
1.2788188976377952
0
LINE
8
BLACK
6
CONTINUOUS
10
2.492204724409449
20
1.2788188976377952
11
2.492204724409449
21
1.2188188976377952
0
LINE
8
BLACK
6
CONTINUOUS
10
0.3488976377952756
20
1.2235433070866142
11
0.2888976377952756
21
1.2235433070866142
0
LINE
8
BLACK
6
CONTINUOUS
10
0.2888976377952756
20
1.2235433070866142
11
0.2888976377952756
21
1.2835433070866142
0
LINE
8
BLACK
6
CONTINUOUS
10
0.2888976377952756
20
1.2835433070866142
11
0.3488976377952756
21
1.2835433070866142
0
LINE
8
BLACK
6
CONTINUOUS
10
0.3488976377952756
20
1.2835433070866142
11
0.3488976377952756
21
1.2235433070866142
0
LINE
8
BLACK
6
CONTINUOUS
10
0.4488976377952756
20
1.2235433070866142
11
0.3888976377952756
21
1.2235433070866142
0
LINE
8
BLACK
6
CONTINUOUS
10
0.3888976377952756
20
1.2235433070866142
11
0.3888976377952756
21
1.2835433070866142
0
LINE
8
BLACK
6
CONTINUOUS
10
0.3888976377952756
20
1.2835433070866142
11
0.4488976377952756
21
1.2835433070866142
0
LINE
8
BLACK
6
CONTINUOUS
10
0.4488976377952756
20
1.2835433070866142
11
0.4488976377952756
21
1.2235433070866142
0
LINE
8
BLACK
6
CONTINUOUS
10
2.0835432677165353
20
1.2644881889763779
11
2.0235432677165353
21
1.2644881889763779
0
LINE
8
BLACK
6
CONTINUOUS
10
2.0235432677165353
20
1.2644881889763779
11
2.0235432677165353
21
1.324488188976378
0
LINE
8
BLACK
6
CONTINUOUS
10
2.0235432677165353
20
1.324488188976378
11
2.0835432677165353
21
1.324488188976378
0
LINE
8
BLACK
6
CONTINUOUS
10
2.0835432677165353
20
1.324488188976378
11
2.0835432677165353
21
1.2644881889763779
0
LINE
8
BLACK
6
CONTINUOUS
10
2.1835432677165354
20
1.2644881889763779
11
2.1235432677165353
21
1.2644881889763779
0
LINE
8
BLACK
6
CONTINUOUS
10
2.1235432677165353
20
1.2644881889763779
11
2.1235432677165353
21
1.324488188976378
0
LINE
8
BLACK
6
CONTINUOUS
10
2.1235432677165353
20
1.324488188976378
11
2.1835432677165354
21
1.324488188976378
0
LINE
8
BLACK
6
CONTINUOUS
10
2.1835432677165354
20
1.324488188976378
11
2.1835432677165354
21
1.2644881889763779
0
LINE
8
BLACK
6
CONTINUOUS
10
4.118582677165354
20
1.3121259842519686
11
4.0585826771653544
21
1.3121259842519686
0
LINE
8
BLACK
6
CONTINUOUS
10
4.0585826771653544
20
1.3121259842519686
11
4.0585826771653544
21
1.3721259842519684
0
LINE
8
BLACK
6
CONTINUOUS
10
4.0585826771653544
20
1.3721259842519684
11
4.118582677165354
21
1.3721259842519684
0
LINE
8
BLACK
6
CONTINUOUS
10
4.118582677165354
20
1.3721259842519684
11
4.118582677165354
21
1.3121259842519686
0
LINE
8
BLACK
6
CONTINUOUS
10
4.2185826771653545
20
1.3121259842519686
11
4.158582677165354
21
1.3121259842519686
0
LINE
8
BLACK
6
CONTINUOUS
10
4.158582677165354
20
1.3121259842519686
11
4.158582677165354
21
1.3721259842519684
0
LINE
8
BLACK
6
CONTINUOUS
10
4.158582677165354
20
1.3721259842519684
11
4.2185826771653545
21
1.3721259842519684
0
LINE
8
BLACK
6
CONTINUOUS
10
4.2185826771653545
20
1.3721259842519684
11
4.2185826771653545
21
1.3121259842519686
0
LINE
8
BLACK
6
CONTINUOUS
10
2.3922047244094489
20
1.3188188976377953
11
2.3322047244094488
21
1.3188188976377953
0
LINE
8
BLACK
6
CONTINUOUS
10
2.3322047244094488
20
1.3188188976377953
11
2.3322047244094488
21
1.3788188976377953
0
LINE
8
BLACK
6
CONTINUOUS
10
2.3322047244094488
20
1.3788188976377953
11
2.3922047244094489
21
1.3788188976377953
0
LINE
8
BLACK
6
CONTINUOUS
10
2.3922047244094489
20
1.3788188976377953
11
2.3922047244094489
21
1.3188188976377953
0
LINE
8
BLACK
6
CONTINUOUS
10
2.492204724409449
20
1.3188188976377953
11
2.4322047244094489
21
1.3188188976377953
0
LINE
8
BLACK
6
CONTINUOUS
10
2.4322047244094489
20
1.3188188976377953
11
2.4322047244094489
21
1.3788188976377953
0
LINE
8
BLACK
6
CONTINUOUS
10
2.4322047244094489
20
1.3788188976377953
11
2.492204724409449
21
1.3788188976377953
0
LINE
8
BLACK
6
CONTINUOUS
10
2.492204724409449
20
1.3788188976377953
11
2.492204724409449
21
1.3188188976377953
0
LINE
8
BLACK
6
CONTINUOUS
10
0.3488976377952756
20
1.3235433070866141
11
0.2888976377952756
21
1.3235433070866141
0
LINE
8
BLACK
6
CONTINUOUS
10
0.2888976377952756
20
1.3235433070866141
11
0.2888976377952756
21
1.3835433070866141
0
LINE
8
BLACK
6
CONTINUOUS
10
0.2888976377952756
20
1.3835433070866141
11
0.3488976377952756
21
1.3835433070866141
0
LINE
8
BLACK
6
CONTINUOUS
10
0.3488976377952756
20
1.3835433070866141
11
0.3488976377952756
21
1.3235433070866141
0
LINE
8
BLACK
6
CONTINUOUS
10
0.4488976377952756
20
1.3235433070866141
11
0.3888976377952756
21
1.3235433070866141
0
LINE
8
BLACK
6
CONTINUOUS
10
0.3888976377952756
20
1.3235433070866141
11
0.3888976377952756
21
1.3835433070866141
0
LINE
8
BLACK
6
CONTINUOUS
10
0.3888976377952756
20
1.3835433070866141
11
0.4488976377952756
21
1.3835433070866141
0
LINE
8
BLACK
6
CONTINUOUS
10
0.4488976377952756
20
1.3835433070866141
11
0.4488976377952756
21
1.3235433070866141
0
LINE
8
BLACK
6
CONTINUOUS
10
1.1988188976377951
20
1.3740157480314961
11
1.1673228346456692
21
1.3740157480314961
0
LINE
8
BLACK
6
CONTINUOUS
10
1.1673228346456692
20
1.3740157480314961
11
1.1673228346456692
21
1.405511811023622
0
LINE
8
BLACK
6
CONTINUOUS
10
1.1673228346456692
20
1.405511811023622
11
1.1988188976377951
21
1.405511811023622
0
LINE
8
BLACK
6
CONTINUOUS
10
1.1988188976377951
20
1.405511811023622
11
1.1988188976377951
21
1.3740157480314961
0
LINE
8
BLACK
6
CONTINUOUS
10
1.2322834645669292
20
1.3740157480314961
11
1.2165354330708662
21
1.3740157480314961
0
LINE
8
BLACK
6
CONTINUOUS
10
1.2165354330708662
20
1.3740157480314961
11
1.2165354330708662
21
1.405511811023622
0
LINE
8
BLACK
6
CONTINUOUS
10
1.2165354330708662
20
1.405511811023622
11
1.2322834645669292
21
1.405511811023622
0
LINE
8
BLACK
6
CONTINUOUS
10
1.2322834645669292
20
1.405511811023622
11
1.2322834645669292
21
1.3740157480314961
0
LINE
8
BLACK
6
CONTINUOUS
10
1.265748031496063
20
1.3740157480314961
11
1.25
21
1.3740157480314961
0
LINE
8
BLACK
6
CONTINUOUS
10
1.25
20
1.3740157480314961
11
1.25
21
1.405511811023622
0
LINE
8
BLACK
6
CONTINUOUS
10
1.25
20
1.405511811023622
11
1.265748031496063
21
1.405511811023622
0
LINE
8
BLACK
6
CONTINUOUS
10
1.265748031496063
20
1.405511811023622
11
1.265748031496063
21
1.3740157480314961
0
LINE
8
BLACK
6
CONTINUOUS
10
1.2992125984251968
20
1.3740157480314961
11
1.2834645669291338
21
1.3740157480314961
0
LINE
8
BLACK
6
CONTINUOUS
10
1.2834645669291338
20
1.3740157480314961
11
1.2834645669291338
21
1.405511811023622
0
LINE
8
BLACK
6
CONTINUOUS
10
1.2834645669291338
20
1.405511811023622
11
1.2992125984251968
21
1.405511811023622
0
LINE
8
BLACK
6
CONTINUOUS
10
1.2992125984251968
20
1.405511811023622
11
1.2992125984251968
21
1.3740157480314961
0
LINE
8
BLACK
6
CONTINUOUS
10
1.332677125984252
20
1.3740157480314961
11
1.3169290944881888
21
1.3740157480314961
0
LINE
8
BLACK
6
CONTINUOUS
10
1.3169290944881888
20
1.3740157480314961
11
1.3169290944881888
21
1.405511811023622
0
LINE
8
BLACK
6
CONTINUOUS
10
1.3169290944881888
20
1.405511811023622
11
1.332677125984252
21
1.405511811023622
0
LINE
8
BLACK
6
CONTINUOUS
10
1.332677125984252
20
1.405511811023622
11
1.332677125984252
21
1.3740157480314961
0
LINE
8
BLACK
6
CONTINUOUS
10
1.3661417322834646
20
1.3740157480314961
11
1.3503937007874016
21
1.3740157480314961
0
LINE
8
BLACK
6
CONTINUOUS
10
1.3503937007874016
20
1.3740157480314961
11
1.3503937007874016
21
1.405511811023622
0
LINE
8
BLACK
6
CONTINUOUS
10
1.3503937007874016
20
1.405511811023622
11
1.3661417322834646
21
1.405511811023622
0
LINE
8
BLACK
6
CONTINUOUS
10
1.3661417322834646
20
1.405511811023622
11
1.3661417322834646
21
1.3740157480314961
0
LINE
8
BLACK
6
CONTINUOUS
10
1.3996062992125984
20
1.3740157480314961
11
1.3838582677165354
21
1.3740157480314961
0
LINE
8
BLACK
6
CONTINUOUS
10
1.3838582677165354
20
1.3740157480314961
11
1.3838582677165354
21
1.405511811023622
0
LINE
8
BLACK
6
CONTINUOUS
10
1.3838582677165354
20
1.405511811023622
11
1.3996062992125984
21
1.405511811023622
0
LINE
8
BLACK
6
CONTINUOUS
10
1.3996062992125984
20
1.405511811023622
11
1.3996062992125984
21
1.3740157480314961
0
LINE
8
BLACK
6
CONTINUOUS
10
1.4330708661417322
20
1.3740157480314961
11
1.4173228346456692
21
1.3740157480314961
0
LINE
8
BLACK
6
CONTINUOUS
10
1.4173228346456692
20
1.3740157480314961
11
1.4173228346456692
21
1.405511811023622
0
LINE
8
BLACK
6
CONTINUOUS
10
1.4173228346456692
20
1.405511811023622
11
1.4330708661417322
21
1.405511811023622
0
LINE
8
BLACK
6
CONTINUOUS
10
1.4330708661417322
20
1.405511811023622
11
1.4330708661417322
21
1.3740157480314961
0
LINE
8
BLACK
6
CONTINUOUS
10
1.5
20
1.3740157480314961
11
1.484251968503937
21
1.3740157480314961
0
LINE
8
BLACK
6
CONTINUOUS
10
1.484251968503937
20
1.3740157480314961
11
1.484251968503937
21
1.405511811023622
0
LINE
8
BLACK
6
CONTINUOUS
10
1.484251968503937
20
1.405511811023622
11
1.5
21
1.405511811023622
0
LINE
8
BLACK
6
CONTINUOUS
10
1.5
20
1.405511811023622
11
1.5
21
1.3740157480314961
0
LINE
8
BLACK
6
CONTINUOUS
10
1.5334645669291338
20
1.3740157480314961
11
1.5177165354330708
21
1.3740157480314961
0
LINE
8
BLACK
6
CONTINUOUS
10
1.5177165354330708
20
1.3740157480314961
11
1.5177165354330708
21
1.405511811023622
0
LINE
8
BLACK
6
CONTINUOUS
10
1.5177165354330708
20
1.405511811023622
11
1.5334645669291338
21
1.405511811023622
0
LINE
8
BLACK
6
CONTINUOUS
10
1.5334645669291338
20
1.405511811023622
11
1.5334645669291338
21
1.3740157480314961
0
LINE
8
BLACK
6
CONTINUOUS
10
1.5669291338582676
20
1.3740157480314961
11
1.5511811023622046
21
1.3740157480314961
0
LINE
8
BLACK
6
CONTINUOUS
10
1.5511811023622046
20
1.3740157480314961
11
1.5511811023622046
21
1.405511811023622
0
LINE
8
BLACK
6
CONTINUOUS
10
1.5511811023622046
20
1.405511811023622
11
1.5669291338582676
21
1.405511811023622
0
LINE
8
BLACK
6
CONTINUOUS
10
1.5669291338582676
20
1.405511811023622
11
1.5669291338582676
21
1.3740157480314961
0
LINE
8
BLACK
6
CONTINUOUS
10
1.6003937401574804
20
1.3740157480314961
11
1.5846457086614172
21
1.3740157480314961
0
LINE
8
BLACK
6
CONTINUOUS
10
1.5846457086614172
20
1.3740157480314961
11
1.5846457086614172
21
1.405511811023622
0
LINE
8
BLACK
6
CONTINUOUS
10
1.5846457086614172
20
1.405511811023622
11
1.6003937401574804
21
1.405511811023622
0
LINE
8
BLACK
6
CONTINUOUS
10
1.6003937401574804
20
1.405511811023622
11
1.6003937401574804
21
1.3740157480314961
0
LINE
8
BLACK
6
CONTINUOUS
10
1.6338582677165354
20
1.3740157480314961
11
1.6181102362204725
21
1.3740157480314961
0
LINE
8
BLACK
6
CONTINUOUS
10
1.6181102362204725
20
1.3740157480314961
11
1.6181102362204725
21
1.405511811023622
0
LINE
8
BLACK
6
CONTINUOUS
10
1.6181102362204725
20
1.405511811023622
11
1.6338582677165354
21
1.405511811023622
0
LINE
8
BLACK
6
CONTINUOUS
10
1.6338582677165354
20
1.405511811023622
11
1.6338582677165354
21
1.3740157480314961
0
LINE
8
BLACK
6
CONTINUOUS
10
1.6673228346456692
20
1.3740157480314961
11
1.6515748031496063
21
1.3740157480314961
0
LINE
8
BLACK
6
CONTINUOUS
10
1.6515748031496063
20
1.3740157480314961
11
1.6515748031496063
21
1.405511811023622
0
LINE
8
BLACK
6
CONTINUOUS
10
1.6515748031496063
20
1.405511811023622
11
1.6673228346456692
21
1.405511811023622
0
LINE
8
BLACK
6
CONTINUOUS
10
1.6673228346456692
20
1.405511811023622
11
1.6673228346456692
21
1.3740157480314961
0
LINE
8
BLACK
6
CONTINUOUS
10
1.700787401574803
20
1.3740157480314961
11
1.6850393700787401
21
1.3740157480314961
0
LINE
8
BLACK
6
CONTINUOUS
10
1.6850393700787401
20
1.3740157480314961
11
1.6850393700787401
21
1.405511811023622
0
LINE
8
BLACK
6
CONTINUOUS
10
1.6850393700787401
20
1.405511811023622
11
1.700787401574803
21
1.405511811023622
0
LINE
8
BLACK
6
CONTINUOUS
10
1.700787401574803
20
1.405511811023622
11
1.700787401574803
21
1.3740157480314961
0
LINE
8
BLACK
6
CONTINUOUS
10
1.75
20
1.3740157480314961
11
1.7185039370078741
21
1.3740157480314961
0
LINE
8
BLACK
6
CONTINUOUS
10
1.7185039370078741
20
1.3740157480314961
11
1.7185039370078741
21
1.405511811023622
0
LINE
8
BLACK
6
CONTINUOUS
10
1.7185039370078741
20
1.405511811023622
11
1.75
21
1.405511811023622
0
LINE
8
BLACK
6
CONTINUOUS
10
1.75
20
1.405511811023622
11
1.75
21
1.3740157480314961
0
LINE
8
BLACK
6
CONTINUOUS
10
1.4665354330708662
20
1.3740157874015748
11
1.450787401574803
21
1.3740157874015748
0
LINE
8
BLACK
6
CONTINUOUS
10
1.450787401574803
20
1.3740157874015748
11
1.450787401574803
21
1.4055118503937007
0
LINE
8
BLACK
6
CONTINUOUS
10
1.450787401574803
20
1.4055118503937007
11
1.4665354330708662
21
1.4055118503937007
0
LINE
8
BLACK
6
CONTINUOUS
10
1.4665354330708662
20
1.4055118503937007
11
1.4665354330708662
21
1.3740157874015748
0
LINE
8
BLACK
6
CONTINUOUS
10
2.3922047244094489
20
1.4188188976377953
11
2.3322047244094488
21
1.4188188976377953
0
LINE
8
BLACK
6
CONTINUOUS
10
2.3322047244094488
20
1.4188188976377953
11
2.3322047244094488
21
1.4788188976377952
0
LINE
8
BLACK
6
CONTINUOUS
10
2.3322047244094488
20
1.4788188976377952
11
2.3922047244094489
21
1.4788188976377952
0
LINE
8
BLACK
6
CONTINUOUS
10
2.3922047244094489
20
1.4788188976377952
11
2.3922047244094489
21
1.4188188976377953
0
LINE
8
BLACK
6
CONTINUOUS
10
2.492204724409449
20
1.4188188976377953
11
2.4322047244094489
21
1.4188188976377953
0
LINE
8
BLACK
6
CONTINUOUS
10
2.4322047244094489
20
1.4188188976377953
11
2.4322047244094489
21
1.4788188976377952
0
LINE
8
BLACK
6
CONTINUOUS
10
2.4322047244094489
20
1.4788188976377952
11
2.492204724409449
21
1.4788188976377952
0
LINE
8
BLACK
6
CONTINUOUS
10
2.492204724409449
20
1.4788188976377952
11
2.492204724409449
21
1.4188188976377953
0
LINE
8
BLACK
6
CONTINUOUS
10
1.1988188976377951
20
1.4232283464566928
11
1.1673228346456692
21
1.4232283464566928
0
LINE
8
BLACK
6
CONTINUOUS
10
1.1673228346456692
20
1.4232283464566928
11
1.1673228346456692
21
1.4389763779527558
0
LINE
8
BLACK
6
CONTINUOUS
10
1.1673228346456692
20
1.4389763779527558
11
1.1988188976377951
21
1.4389763779527558
0
LINE
8
BLACK
6
CONTINUOUS
10
1.1988188976377951
20
1.4389763779527558
11
1.1988188976377951
21
1.4232283464566928
0
LINE
8
BLACK
6
CONTINUOUS
10
1.75
20
1.4232283464566928
11
1.7185039370078741
21
1.4232283464566928
0
LINE
8
BLACK
6
CONTINUOUS
10
1.7185039370078741
20
1.4232283464566928
11
1.7185039370078741
21
1.4389763779527558
0
LINE
8
BLACK
6
CONTINUOUS
10
1.7185039370078741
20
1.4389763779527558
11
1.75
21
1.4389763779527558
0
LINE
8
BLACK
6
CONTINUOUS
10
1.75
20
1.4389763779527558
11
1.75
21
1.4232283464566928
0
LINE
8
BLACK
6
CONTINUOUS
10
0.3488975984251969
20
1.4235433070866141
11
0.2888975984251969
21
1.4235433070866141
0
LINE
8
BLACK
6
CONTINUOUS
10
0.2888975984251969
20
1.4235433070866141
11
0.2888975984251969
21
1.4835433070866142
0
LINE
8
BLACK
6
CONTINUOUS
10
0.2888975984251969
20
1.4835433070866142
11
0.3488975984251969
21
1.4835433070866142
0
LINE
8
BLACK
6
CONTINUOUS
10
0.3488975984251969
20
1.4835433070866142
11
0.3488975984251969
21
1.4235433070866141
0
LINE
8
BLACK
6
CONTINUOUS
10
0.4488976771653543
20
1.4235433070866141
11
0.3888976771653543
21
1.4235433070866141
0
LINE
8
BLACK
6
CONTINUOUS
10
0.3888976771653543
20
1.4235433070866141
11
0.3888976771653543
21
1.4835433070866142
0
LINE
8
BLACK
6
CONTINUOUS
10
0.3888976771653543
20
1.4835433070866142
11
0.4488976771653543
21
1.4835433070866142
0
LINE
8
BLACK
6
CONTINUOUS
10
0.4488976771653543
20
1.4835433070866142
11
0.4488976771653543
21
1.4235433070866141
0
LINE
8
BLACK
6
CONTINUOUS
10
1.1988188976377951
20
1.4566929133858268
11
1.1673228346456692
21
1.4566929133858268
0
LINE
8
BLACK
6
CONTINUOUS
10
1.1673228346456692
20
1.4566929133858268
11
1.1673228346456692
21
1.4724409448818898
0
LINE
8
BLACK
6
CONTINUOUS
10
1.1673228346456692
20
1.4724409448818898
11
1.1988188976377951
21
1.4724409448818898
0
LINE
8
BLACK
6
CONTINUOUS
10
1.1988188976377951
20
1.4724409448818898
11
1.1988188976377951
21
1.4566929133858268
0
LINE
8
BLACK
6
CONTINUOUS
10
1.75
20
1.4566929133858268
11
1.7185039370078741
21
1.4566929133858268
0
LINE
8
BLACK
6
CONTINUOUS
10
1.7185039370078741
20
1.4566929133858268
11
1.7185039370078741
21
1.4724409448818898
0
LINE
8
BLACK
6
CONTINUOUS
10
1.7185039370078741
20
1.4724409448818898
11
1.75
21
1.4724409448818898
0
LINE
8
BLACK
6
CONTINUOUS
10
1.75
20
1.4724409448818898
11
1.75
21
1.4566929133858268
0
LINE
8
BLACK
6
CONTINUOUS
10
1.1988188976377951
20
1.4901574803149606
11
1.1673228346456692
21
1.4901574803149606
0
LINE
8
BLACK
6
CONTINUOUS
10
1.1673228346456692
20
1.4901574803149606
11
1.1673228346456692
21
1.5059055118110236
0
LINE
8
BLACK
6
CONTINUOUS
10
1.1673228346456692
20
1.5059055118110236
11
1.1988188976377951
21
1.5059055118110236
0
LINE
8
BLACK
6
CONTINUOUS
10
1.1988188976377951
20
1.5059055118110236
11
1.1988188976377951
21
1.4901574803149606
0
LINE
8
BLACK
6
CONTINUOUS
10
1.75
20
1.4901574803149606
11
1.7185039370078741
21
1.4901574803149606
0
LINE
8
BLACK
6
CONTINUOUS
10
1.7185039370078741
20
1.4901574803149606
11
1.7185039370078741
21
1.5059055118110236
0
LINE
8
BLACK
6
CONTINUOUS
10
1.7185039370078741
20
1.5059055118110236
11
1.75
21
1.5059055118110236
0
LINE
8
BLACK
6
CONTINUOUS
10
1.75
20
1.5059055118110236
11
1.75
21
1.4901574803149606
0
LINE
8
BLACK
6
CONTINUOUS
10
2.3922047244094489
20
1.5188188976377952
11
2.3322047244094488
21
1.5188188976377952
0
LINE
8
BLACK
6
CONTINUOUS
10
2.3322047244094488
20
1.5188188976377952
11
2.3322047244094488
21
1.5788188976377953
0
LINE
8
BLACK
6
CONTINUOUS
10
2.3322047244094488
20
1.5788188976377953
11
2.3922047244094489
21
1.5788188976377953
0
LINE
8
BLACK
6
CONTINUOUS
10
2.3922047244094489
20
1.5788188976377953
11
2.3922047244094489
21
1.5188188976377952
0
LINE
8
BLACK
6
CONTINUOUS
10
2.492204724409449
20
1.5188188976377952
11
2.4322047244094489
21
1.5188188976377952
0
LINE
8
BLACK
6
CONTINUOUS
10
2.4322047244094489
20
1.5188188976377952
11
2.4322047244094489
21
1.5788188976377953
0
LINE
8
BLACK
6
CONTINUOUS
10
2.4322047244094489
20
1.5788188976377953
11
2.492204724409449
21
1.5788188976377953
0
LINE
8
BLACK
6
CONTINUOUS
10
2.492204724409449
20
1.5788188976377953
11
2.492204724409449
21
1.5188188976377952
0
LINE
8
BLACK
6
CONTINUOUS
10
0.3488976377952756
20
1.5235433070866142
11
0.2888976377952756
21
1.5235433070866142
0
LINE
8
BLACK
6
CONTINUOUS
10
0.2888976377952756
20
1.5235433070866142
11
0.2888976377952756
21
1.5835433070866141
0
LINE
8
BLACK
6
CONTINUOUS
10
0.2888976377952756
20
1.5835433070866141
11
0.3488976377952756
21
1.5835433070866141
0
LINE
8
BLACK
6
CONTINUOUS
10
0.3488976377952756
20
1.5835433070866141
11
0.3488976377952756
21
1.5235433070866142
0
LINE
8
BLACK
6
CONTINUOUS
10
0.4488976377952756
20
1.5235433070866142
11
0.3888976377952756
21
1.5235433070866142
0
LINE
8
BLACK
6
CONTINUOUS
10
0.3888976377952756
20
1.5235433070866142
11
0.3888976377952756
21
1.5835433070866141
0
LINE
8
BLACK
6
CONTINUOUS
10
0.3888976377952756
20
1.5835433070866141
11
0.4488976377952756
21
1.5835433070866141
0
LINE
8
BLACK
6
CONTINUOUS
10
0.4488976377952756
20
1.5835433070866141
11
0.4488976377952756
21
1.5235433070866142
0
LINE
8
BLACK
6
CONTINUOUS
10
1.1988188976377951
20
1.5236220078740157
11
1.1673228346456692
21
1.5236220078740157
0
LINE
8
BLACK
6
CONTINUOUS
10
1.1673228346456692
20
1.5236220078740157
11
1.1673228346456692
21
1.5393700393700787
0
LINE
8
BLACK
6
CONTINUOUS
10
1.1673228346456692
20
1.5393700393700787
11
1.1988188976377951
21
1.5393700393700787
0
LINE
8
BLACK
6
CONTINUOUS
10
1.1988188976377951
20
1.5393700393700787
11
1.1988188976377951
21
1.5236220078740157
0
LINE
8
BLACK
6
CONTINUOUS
10
1.75
20
1.5236220078740157
11
1.7185039370078741
21
1.5236220078740157
0
LINE
8
BLACK
6
CONTINUOUS
10
1.7185039370078741
20
1.5236220078740157
11
1.7185039370078741
21
1.5393700393700787
0
LINE
8
BLACK
6
CONTINUOUS
10
1.7185039370078741
20
1.5393700393700787
11
1.75
21
1.5393700393700787
0
LINE
8
BLACK
6
CONTINUOUS
10
1.75
20
1.5393700393700787
11
1.75
21
1.5236220078740157
0
LINE
8
BLACK
6
CONTINUOUS
10
-1.2476113779527558
20
1.6010224409448819
11
-1.2444182283464567
21
1.5988888582677165
0
LINE
8
BLACK
6
CONTINUOUS
10
-1.2444182283464567
20
1.5988888582677165
11
-1.2422846456692913
21
1.5956957086614172
0
LINE
8
BLACK
6
CONTINUOUS
10
-1.2422846456692913
20
1.5956957086614172
11
-1.2415354330708661
21
1.5919291338582677
0
LINE
8
BLACK
6
CONTINUOUS
10
-1.2415354330708661
20
1.5919291338582677
11
-1.2415354330708661
21
1.554527559055118
0
LINE
8
BLACK
6
CONTINUOUS
10
-1.2415354330708661
20
1.554527559055118
11
-1.2422846456692913
21
1.5507609842519685
0
LINE
8
BLACK
6
CONTINUOUS
10
-1.2422846456692913
20
1.5507609842519685
11
-1.2444182283464567
21
1.5475678346456692
0
LINE
8
BLACK
6
CONTINUOUS
10
-1.2444182283464567
20
1.5475678346456692
11
-1.2476113779527558
21
1.5454342519685038
0
LINE
8
BLACK
6
CONTINUOUS
10
-1.2476113779527558
20
1.5454342519685038
11
-1.2513779527559055
21
1.5446850393700786
0
LINE
8
BLACK
6
CONTINUOUS
10
-1.2513779527559055
20
1.5446850393700786
11
-1.2710629921259842
21
1.5446850393700786
0
LINE
8
BLACK
6
CONTINUOUS
10
-1.2710629921259842
20
1.5446850393700786
11
-1.2748295669291339
21
1.5454342519685038
0
LINE
8
BLACK
6
CONTINUOUS
10
-1.2748295669291339
20
1.5454342519685038
11
-1.278022716535433
21
1.5475678346456692
0
LINE
8
BLACK
6
CONTINUOUS
10
-1.278022716535433
20
1.5475678346456692
11
-1.2801562992125983
21
1.5507609842519685
0
LINE
8
BLACK
6
CONTINUOUS
10
-1.2801562992125983
20
1.5507609842519685
11
-1.2809055118110235
21
1.554527559055118
0
LINE
8
BLACK
6
CONTINUOUS
10
-1.2809055118110235
20
1.554527559055118
11
-1.2809055118110235
21
1.5919291338582677
0
LINE
8
BLACK
6
CONTINUOUS
10
-1.2809055118110235
20
1.5919291338582677
11
-1.2801562992125983
21
1.5956957086614172
0
LINE
8
BLACK
6
CONTINUOUS
10
-1.2801562992125983
20
1.5956957086614172
11
-1.278022716535433
21
1.5988888582677165
0
LINE
8
BLACK
6
CONTINUOUS
10
-1.278022716535433
20
1.5988888582677165
11
-1.2748295669291339
21
1.6010224409448819
0
LINE
8
BLACK
6
CONTINUOUS
10
-1.2748295669291339
20
1.6010224409448819
11
-1.2710629921259842
21
1.6017716535433071
0
LINE
8
BLACK
6
CONTINUOUS
10
-1.2710629921259842
20
1.6017716535433071
11
-1.2513779527559055
21
1.6017716535433071
0
LINE
8
BLACK
6
CONTINUOUS
10
-1.2513779527559055
20
1.6017716535433071
11
-1.2476113779527558
21
1.6010224409448819
0
LINE
8
BLACK
6
CONTINUOUS
10
-1.1728083070866142
20
1.6010224409448819
11
-1.1696151574803149
21
1.5988888582677165
0
LINE
8
BLACK
6
CONTINUOUS
10
-1.1696151574803149
20
1.5988888582677165
11
-1.1674815748031495
21
1.5956957086614172
0
LINE
8
BLACK
6
CONTINUOUS
10
-1.1674815748031495
20
1.5956957086614172
11
-1.1667323622047243
21
1.5919291338582677
0
LINE
8
BLACK
6
CONTINUOUS
10
-1.1667323622047243
20
1.5919291338582677
11
-1.1667323622047243
21
1.554527559055118
0
LINE
8
BLACK
6
CONTINUOUS
10
-1.1667323622047243
20
1.554527559055118
11
-1.1674815748031495
21
1.5507609842519685
0
LINE
8
BLACK
6
CONTINUOUS
10
-1.1674815748031495
20
1.5507609842519685
11
-1.1696151574803149
21
1.5475678346456692
0
LINE
8
BLACK
6
CONTINUOUS
10
-1.1696151574803149
20
1.5475678346456692
11
-1.1728083070866142
21
1.5454342519685038
0
LINE
8
BLACK
6
CONTINUOUS
10
-1.1728083070866142
20
1.5454342519685038
11
-1.1765748818897637
21
1.5446850393700786
0
LINE
8
BLACK
6
CONTINUOUS
10
-1.1765748818897637
20
1.5446850393700786
11
-1.1962599212598426
21
1.5446850393700786
0
LINE
8
BLACK
6
CONTINUOUS
10
-1.1962599212598426
20
1.5446850393700786
11
-1.2000264960629921
21
1.5454342519685038
0
LINE
8
BLACK
6
CONTINUOUS
10
-1.2000264960629921
20
1.5454342519685038
11
-1.2032196456692914
21
1.5475678346456692
0
LINE
8
BLACK
6
CONTINUOUS
10
-1.2032196456692914
20
1.5475678346456692
11
-1.2053532283464568
21
1.5507609842519685
0
LINE
8
BLACK
6
CONTINUOUS
10
-1.2053532283464568
20
1.5507609842519685
11
-1.2061024409448819
21
1.554527559055118
0
LINE
8
BLACK
6
CONTINUOUS
10
-1.2061024409448819
20
1.554527559055118
11
-1.2061024409448819
21
1.5919291338582677
0
LINE
8
BLACK
6
CONTINUOUS
10
-1.2061024409448819
20
1.5919291338582677
11
-1.2053532283464568
21
1.5956957086614172
0
LINE
8
BLACK
6
CONTINUOUS
10
-1.2053532283464568
20
1.5956957086614172
11
-1.2032196456692914
21
1.5988888582677165
0
LINE
8
BLACK
6
CONTINUOUS
10
-1.2032196456692914
20
1.5988888582677165
11
-1.2000264960629921
21
1.6010224409448819
0
LINE
8
BLACK
6
CONTINUOUS
10
-1.2000264960629921
20
1.6010224409448819
11
-1.1962599212598426
21
1.6017716535433071
0
LINE
8
BLACK
6
CONTINUOUS
10
-1.1962599212598426
20
1.6017716535433071
11
-1.1765748818897637
21
1.6017716535433071
0
LINE
8
BLACK
6
CONTINUOUS
10
-1.1765748818897637
20
1.6017716535433071
11
-1.1728083070866142
21
1.6010224409448819
0
LINE
8
BLACK
6
CONTINUOUS
10
1.1988188976377951
20
1.5570866141732282
11
1.1673228346456692
21
1.5570866141732282
0
LINE
8
BLACK
6
CONTINUOUS
10
1.1673228346456692
20
1.5570866141732282
11
1.1673228346456692
21
1.5728346456692912
0
LINE
8
BLACK
6
CONTINUOUS
10
1.1673228346456692
20
1.5728346456692912
11
1.1988188976377951
21
1.5728346456692912
0
LINE
8
BLACK
6
CONTINUOUS
10
1.1988188976377951
20
1.5728346456692912
11
1.1988188976377951
21
1.5570866141732282
0
LINE
8
BLACK
6
CONTINUOUS
10
1.75
20
1.5570866141732282
11
1.7185039370078741
21
1.5570866141732282
0
LINE
8
BLACK
6
CONTINUOUS
10
1.7185039370078741
20
1.5570866141732282
11
1.7185039370078741
21
1.5728346456692912
0
LINE
8
BLACK
6
CONTINUOUS
10
1.7185039370078741
20
1.5728346456692912
11
1.75
21
1.5728346456692912
0
LINE
8
BLACK
6
CONTINUOUS
10
1.75
20
1.5728346456692912
11
1.75
21
1.5570866141732282
0
LINE
8
BLACK
6
CONTINUOUS
10
1.4173228346456692
20
1.576771653543307
11
1.3700787401574803
21
1.576771653543307
0
LINE
8
BLACK
6
CONTINUOUS
10
1.3700787401574803
20
1.576771653543307
11
1.3700787401574803
21
1.6240157480314961
0
LINE
8
BLACK
6
CONTINUOUS
10
1.3700787401574803
20
1.6240157480314961
11
1.4173228346456692
21
1.6240157480314961
0
LINE
8
BLACK
6
CONTINUOUS
10
1.4173228346456692
20
1.6240157480314961
11
1.4173228346456692
21
1.576771653543307
0
LINE
8
BLACK
6
CONTINUOUS
10
1.4822834645669292
20
1.576771653543307
11
1.4350393700787401
21
1.576771653543307
0
LINE
8
BLACK
6
CONTINUOUS
10
1.4350393700787401
20
1.576771653543307
11
1.4350393700787401
21
1.6240157480314961
0
LINE
8
BLACK
6
CONTINUOUS
10
1.4350393700787401
20
1.6240157480314961
11
1.4822834645669292
21
1.6240157480314961
0
LINE
8
BLACK
6
CONTINUOUS
10
1.4822834645669292
20
1.6240157480314961
11
1.4822834645669292
21
1.576771653543307
0
LINE
8
BLACK
6
CONTINUOUS
10
1.5472440944881889
20
1.576771653543307
11
1.5
21
1.576771653543307
0
LINE
8
BLACK
6
CONTINUOUS
10
1.5
20
1.576771653543307
11
1.5
21
1.6240157480314961
0
LINE
8
BLACK
6
CONTINUOUS
10
1.5
20
1.6240157480314961
11
1.5472440944881889
21
1.6240157480314961
0
LINE
8
BLACK
6
CONTINUOUS
10
1.5472440944881889
20
1.6240157480314961
11
1.5472440944881889
21
1.576771653543307
0
LINE
8
BLACK
6
CONTINUOUS
10
1.1988188976377951
20
1.5905511811023623
11
1.1673228346456692
21
1.5905511811023623
0
LINE
8
BLACK
6
CONTINUOUS
10
1.1673228346456692
20
1.5905511811023623
11
1.1673228346456692
21
1.6062992125984252
0
LINE
8
BLACK
6
CONTINUOUS
10
1.1673228346456692
20
1.6062992125984252
11
1.1988188976377951
21
1.6062992125984252
0
LINE
8
BLACK
6
CONTINUOUS
10
1.1988188976377951
20
1.6062992125984252
11
1.1988188976377951
21
1.5905511811023623
0
LINE
8
BLACK
6
CONTINUOUS
10
1.75
20
1.5905511811023623
11
1.7185039370078741
21
1.5905511811023623
0
LINE
8
BLACK
6
CONTINUOUS
10
1.7185039370078741
20
1.5905511811023623
11
1.7185039370078741
21
1.6062992125984252
0
LINE
8
BLACK
6
CONTINUOUS
10
1.7185039370078741
20
1.6062992125984252
11
1.75
21
1.6062992125984252
0
LINE
8
BLACK
6
CONTINUOUS
10
1.75
20
1.6062992125984252
11
1.75
21
1.5905511811023623
0
LINE
8
BLACK
6
CONTINUOUS
10
2.3922047244094489
20
1.6188188976377953
11
2.3322047244094488
21
1.6188188976377953
0
LINE
8
BLACK
6
CONTINUOUS
10
2.3322047244094488
20
1.6188188976377953
11
2.3322047244094488
21
1.6788188976377951
0
LINE
8
BLACK
6
CONTINUOUS
10
2.3322047244094488
20
1.6788188976377951
11
2.3922047244094489
21
1.6788188976377951
0
LINE
8
BLACK
6
CONTINUOUS
10
2.3922047244094489
20
1.6788188976377951
11
2.3922047244094489
21
1.6188188976377953
0
LINE
8
BLACK
6
CONTINUOUS
10
2.492204724409449
20
1.6188188976377953
11
2.4322047244094489
21
1.6188188976377953
0
LINE
8
BLACK
6
CONTINUOUS
10
2.4322047244094489
20
1.6188188976377953
11
2.4322047244094489
21
1.6788188976377951
0
LINE
8
BLACK
6
CONTINUOUS
10
2.4322047244094489
20
1.6788188976377951
11
2.492204724409449
21
1.6788188976377951
0
LINE
8
BLACK
6
CONTINUOUS
10
2.492204724409449
20
1.6788188976377951
11
2.492204724409449
21
1.6188188976377953
0
LINE
8
BLACK
6
CONTINUOUS
10
0.3488976377952756
20
1.6235433070866141
11
0.2888976377952756
21
1.6235433070866141
0
LINE
8
BLACK
6
CONTINUOUS
10
0.2888976377952756
20
1.6235433070866141
11
0.2888976377952756
21
1.6835433070866141
0
LINE
8
BLACK
6
CONTINUOUS
10
0.2888976377952756
20
1.6835433070866141
11
0.3488976377952756
21
1.6835433070866141
0
LINE
8
BLACK
6
CONTINUOUS
10
0.3488976377952756
20
1.6835433070866141
11
0.3488976377952756
21
1.6235433070866141
0
LINE
8
BLACK
6
CONTINUOUS
10
0.4488976377952756
20
1.6235433070866141
11
0.3888976377952756
21
1.6235433070866141
0
LINE
8
BLACK
6
CONTINUOUS
10
0.3888976377952756
20
1.6235433070866141
11
0.3888976377952756
21
1.6835433070866141
0
LINE
8
BLACK
6
CONTINUOUS
10
0.3888976377952756
20
1.6835433070866141
11
0.4488976377952756
21
1.6835433070866141
0
LINE
8
BLACK
6
CONTINUOUS
10
0.4488976377952756
20
1.6835433070866141
11
0.4488976377952756
21
1.6235433070866141
0
LINE
8
BLACK
6
CONTINUOUS
10
1.1988188976377951
20
1.6240157480314961
11
1.1673228346456692
21
1.6240157480314961
0
LINE
8
BLACK
6
CONTINUOUS
10
1.1673228346456692
20
1.6240157480314961
11
1.1673228346456692
21
1.639763779527559
0
LINE
8
BLACK
6
CONTINUOUS
10
1.1673228346456692
20
1.639763779527559
11
1.1988188976377951
21
1.639763779527559
0
LINE
8
BLACK
6
CONTINUOUS
10
1.1988188976377951
20
1.639763779527559
11
1.1988188976377951
21
1.6240157480314961
0
LINE
8
BLACK
6
CONTINUOUS
10
1.75
20
1.6240157480314961
11
1.7185039370078741
21
1.6240157480314961
0
LINE
8
BLACK
6
CONTINUOUS
10
1.7185039370078741
20
1.6240157480314961
11
1.7185039370078741
21
1.639763779527559
0
LINE
8
BLACK
6
CONTINUOUS
10
1.7185039370078741
20
1.639763779527559
11
1.75
21
1.639763779527559
0
LINE
8
BLACK
6
CONTINUOUS
10
1.75
20
1.639763779527559
11
1.75
21
1.6240157480314961
0
LINE
8
BLACK
6
CONTINUOUS
10
1.4173228346456692
20
1.6417322834645669
11
1.3700787401574803
21
1.6417322834645669
0
LINE
8
BLACK
6
CONTINUOUS
10
1.3700787401574803
20
1.6417322834645669
11
1.3700787401574803
21
1.6889763779527558
0
LINE
8
BLACK
6
CONTINUOUS
10
1.3700787401574803
20
1.6889763779527558
11
1.4173228346456692
21
1.6889763779527558
0
LINE
8
BLACK
6
CONTINUOUS
10
1.4173228346456692
20
1.6889763779527558
11
1.4173228346456692
21
1.6417322834645669
0
LINE
8
BLACK
6
CONTINUOUS
10
1.4822834645669292
20
1.6417322834645669
11
1.4350393700787401
21
1.6417322834645669
0
LINE
8
BLACK
6
CONTINUOUS
10
1.4350393700787401
20
1.6417322834645669
11
1.4350393700787401
21
1.6889763779527558
0
LINE
8
BLACK
6
CONTINUOUS
10
1.4350393700787401
20
1.6889763779527558
11
1.4822834645669292
21
1.6889763779527558
0
LINE
8
BLACK
6
CONTINUOUS
10
1.4822834645669292
20
1.6889763779527558
11
1.4822834645669292
21
1.6417322834645669
0
LINE
8
BLACK
6
CONTINUOUS
10
1.5472440944881889
20
1.6417322834645669
11
1.5
21
1.6417322834645669
0
LINE
8
BLACK
6
CONTINUOUS
10
1.5
20
1.6417322834645669
11
1.5
21
1.6889763779527558
0
LINE
8
BLACK
6
CONTINUOUS
10
1.5
20
1.6889763779527558
11
1.5472440944881889
21
1.6889763779527558
0
LINE
8
BLACK
6
CONTINUOUS
10
1.5472440944881889
20
1.6889763779527558
11
1.5472440944881889
21
1.6417322834645669
0
LINE
8
BLACK
6
CONTINUOUS
10
1.1988189370078739
20
1.6574803149606299
11
1.167322874015748
21
1.6574803149606299
0
LINE
8
BLACK
6
CONTINUOUS
10
1.167322874015748
20
1.6574803149606299
11
1.167322874015748
21
1.6732283464566928
0
LINE
8
BLACK
6
CONTINUOUS
10
1.167322874015748
20
1.6732283464566928
11
1.1988189370078739
21
1.6732283464566928
0
LINE
8
BLACK
6
CONTINUOUS
10
1.1988189370078739
20
1.6732283464566928
11
1.1988189370078739
21
1.6574803149606299
0
LINE
8
BLACK
6
CONTINUOUS
10
1.7499999606299212
20
1.6574803149606299
11
1.7185038976377953
21
1.6574803149606299
0
LINE
8
BLACK
6
CONTINUOUS
10
1.7185038976377953
20
1.6574803149606299
11
1.7185038976377953
21
1.6732283464566928
0
LINE
8
BLACK
6
CONTINUOUS
10
1.7185038976377953
20
1.6732283464566928
11
1.7499999606299212
21
1.6732283464566928
0
LINE
8
BLACK
6
CONTINUOUS
10
1.7499999606299212
20
1.6732283464566928
11
1.7499999606299212
21
1.6574803149606299
0
LINE
8
BLACK
6
CONTINUOUS
10
-1.247611338582677
20
1.7195263779527559
11
-1.2444181889763779
21
1.7173927952755905
0
LINE
8
BLACK
6
CONTINUOUS
10
-1.2444181889763779
20
1.7173927952755905
11
-1.2422846062992126
21
1.7141996456692914
0
LINE
8
BLACK
6
CONTINUOUS
10
-1.2422846062992126
20
1.7141996456692914
11
-1.2415353937007874
21
1.7104330708661417
0
LINE
8
BLACK
6
CONTINUOUS
10
-1.2415353937007874
20
1.7104330708661417
11
-1.2415353937007874
21
1.6730314960629922
0
LINE
8
BLACK
6
CONTINUOUS
10
-1.2415353937007874
20
1.6730314960629922
11
-1.2422846062992126
21
1.6692649212598425
0
LINE
8
BLACK
6
CONTINUOUS
10
-1.2422846062992126
20
1.6692649212598425
11
-1.2444181889763779
21
1.6660717716535434
0
LINE
8
BLACK
6
CONTINUOUS
10
-1.2444181889763779
20
1.6660717716535434
11
-1.247611338582677
21
1.663938188976378
0
LINE
8
BLACK
6
CONTINUOUS
10
-1.247611338582677
20
1.663938188976378
11
-1.2513779133858267
21
1.6631889763779528
0
LINE
8
BLACK
6
CONTINUOUS
10
-1.2513779133858267
20
1.6631889763779528
11
-1.2710629527559054
21
1.6631889763779528
0
LINE
8
BLACK
6
CONTINUOUS
10
-1.2710629527559054
20
1.6631889763779528
11
-1.2748295275590551
21
1.663938188976378
0
LINE
8
BLACK
6
CONTINUOUS
10
-1.2748295275590551
20
1.663938188976378
11
-1.2780226771653542
21
1.6660717716535434
0
LINE
8
BLACK
6
CONTINUOUS
10
-1.2780226771653542
20
1.6660717716535434
11
-1.2801562598425196
21
1.6692649212598425
0
LINE
8
BLACK
6
CONTINUOUS
10
-1.2801562598425196
20
1.6692649212598425
11
-1.2809054724409448
21
1.6730314960629922
0
LINE
8
BLACK
6
CONTINUOUS
10
-1.2809054724409448
20
1.6730314960629922
11
-1.2809054724409448
21
1.7104330708661417
0
LINE
8
BLACK
6
CONTINUOUS
10
-1.2809054724409448
20
1.7104330708661417
11
-1.2801562598425196
21
1.7141996456692914
0
LINE
8
BLACK
6
CONTINUOUS
10
-1.2801562598425196
20
1.7141996456692914
11
-1.2780226771653542
21
1.7173927952755905
0
LINE
8
BLACK
6
CONTINUOUS
10
-1.2780226771653542
20
1.7173927952755905
11
-1.2748295275590551
21
1.7195263779527559
0
LINE
8
BLACK
6
CONTINUOUS
10
-1.2748295275590551
20
1.7195263779527559
11
-1.2710629527559054
21
1.7202755905511811
0
LINE
8
BLACK
6
CONTINUOUS
10
-1.2710629527559054
20
1.7202755905511811
11
-1.2513779133858267
21
1.7202755905511811
0
LINE
8
BLACK
6
CONTINUOUS
10
-1.2513779133858267
20
1.7202755905511811
11
-1.247611338582677
21
1.7195263779527559
0
LINE
8
BLACK
6
CONTINUOUS
10
-1.1728082677165355
20
1.7195263779527559
11
-1.1696151181102361
21
1.7173927952755905
0
LINE
8
BLACK
6
CONTINUOUS
10
-1.1696151181102361
20
1.7173927952755905
11
-1.1674815354330708
21
1.7141996456692914
0
LINE
8
BLACK
6
CONTINUOUS
10
-1.1674815354330708
20
1.7141996456692914
11
-1.1667323228346456
21
1.7104330708661417
0
LINE
8
BLACK
6
CONTINUOUS
10
-1.1667323228346456
20
1.7104330708661417
11
-1.1667323228346456
21
1.6730314960629922
0
LINE
8
BLACK
6
CONTINUOUS
10
-1.1667323228346456
20
1.6730314960629922
11
-1.1674815354330708
21
1.6692649212598425
0
LINE
8
BLACK
6
CONTINUOUS
10
-1.1674815354330708
20
1.6692649212598425
11
-1.1696151181102361
21
1.6660717716535434
0
LINE
8
BLACK
6
CONTINUOUS
10
-1.1696151181102361
20
1.6660717716535434
11
-1.1728082677165355
21
1.663938188976378
0
LINE
8
BLACK
6
CONTINUOUS
10
-1.1728082677165355
20
1.663938188976378
11
-1.1765748425196849
21
1.6631889763779528
0
LINE
8
BLACK
6
CONTINUOUS
10
-1.1765748425196849
20
1.6631889763779528
11
-1.1962598818897638
21
1.6631889763779528
0
LINE
8
BLACK
6
CONTINUOUS
10
-1.1962598818897638
20
1.6631889763779528
11
-1.2000264566929133
21
1.663938188976378
0
LINE
8
BLACK
6
CONTINUOUS
10
-1.2000264566929133
20
1.663938188976378
11
-1.2032196062992127
21
1.6660717716535434
0
LINE
8
BLACK
6
CONTINUOUS
10
-1.2032196062992127
20
1.6660717716535434
11
-1.205353188976378
21
1.6692649212598425
0
LINE
8
BLACK
6
CONTINUOUS
10
-1.205353188976378
20
1.6692649212598425
11
-1.2061024015748032
21
1.6730314960629922
0
LINE
8
BLACK
6
CONTINUOUS
10
-1.2061024015748032
20
1.6730314960629922
11
-1.2061024015748032
21
1.7104330708661417
0
LINE
8
BLACK
6
CONTINUOUS
10
-1.2061024015748032
20
1.7104330708661417
11
-1.205353188976378
21
1.7141996456692914
0
LINE
8
BLACK
6
CONTINUOUS
10
-1.205353188976378
20
1.7141996456692914
11
-1.2032196062992127
21
1.7173927952755905
0
LINE
8
BLACK
6
CONTINUOUS
10
-1.2032196062992127
20
1.7173927952755905
11
-1.2000264566929133
21
1.7195263779527559
0
LINE
8
BLACK
6
CONTINUOUS
10
-1.2000264566929133
20
1.7195263779527559
11
-1.1962598818897638
21
1.7202755905511811
0
LINE
8
BLACK
6
CONTINUOUS
10
-1.1962598818897638
20
1.7202755905511811
11
-1.1765748425196849
21
1.7202755905511811
0
LINE
8
BLACK
6
CONTINUOUS
10
-1.1765748425196849
20
1.7202755905511811
11
-1.1728082677165355
21
1.7195263779527559
0
LINE
8
BLACK
6
CONTINUOUS
10
1.1988188976377951
20
1.6909448818897637
11
1.1673228346456692
21
1.6909448818897637
0
LINE
8
BLACK
6
CONTINUOUS
10
1.1673228346456692
20
1.6909448818897637
11
1.1673228346456692
21
1.7066929133858266
0
LINE
8
BLACK
6
CONTINUOUS
10
1.1673228346456692
20
1.7066929133858266
11
1.1988188976377951
21
1.7066929133858266
0
LINE
8
BLACK
6
CONTINUOUS
10
1.1988188976377951
20
1.7066929133858266
11
1.1988188976377951
21
1.6909448818897637
0
LINE
8
BLACK
6
CONTINUOUS
10
1.75
20
1.6909448818897637
11
1.7185039370078741
21
1.6909448818897637
0
LINE
8
BLACK
6
CONTINUOUS
10
1.7185039370078741
20
1.6909448818897637
11
1.7185039370078741
21
1.7066929133858266
0
LINE
8
BLACK
6
CONTINUOUS
10
1.7185039370078741
20
1.7066929133858266
11
1.75
21
1.7066929133858266
0
LINE
8
BLACK
6
CONTINUOUS
10
1.75
20
1.7066929133858266
11
1.75
21
1.6909448818897637
0
LINE
8
BLACK
6
CONTINUOUS
10
1.4173228346456692
20
1.7066929133858266
11
1.3700787401574803
21
1.7066929133858266
0
LINE
8
BLACK
6
CONTINUOUS
10
1.3700787401574803
20
1.7066929133858266
11
1.3700787401574803
21
1.7539370078740157
0
LINE
8
BLACK
6
CONTINUOUS
10
1.3700787401574803
20
1.7539370078740157
11
1.4173228346456692
21
1.7539370078740157
0
LINE
8
BLACK
6
CONTINUOUS
10
1.4173228346456692
20
1.7539370078740157
11
1.4173228346456692
21
1.7066929133858266
0
LINE
8
BLACK
6
CONTINUOUS
10
1.4822834645669292
20
1.7066929133858266
11
1.4350393700787401
21
1.7066929133858266
0
LINE
8
BLACK
6
CONTINUOUS
10
1.4350393700787401
20
1.7066929133858266
11
1.4350393700787401
21
1.7539370078740157
0
LINE
8
BLACK
6
CONTINUOUS
10
1.4350393700787401
20
1.7539370078740157
11
1.4822834645669292
21
1.7539370078740157
0
LINE
8
BLACK
6
CONTINUOUS
10
1.4822834645669292
20
1.7539370078740157
11
1.4822834645669292
21
1.7066929133858266
0
LINE
8
BLACK
6
CONTINUOUS
10
1.5472440944881889
20
1.7303149606299213
11
1.5472440944881889
21
1.7066929133858266
0
LINE
8
BLACK
6
CONTINUOUS
10
1.5472440944881889
20
1.7066929133858266
11
1.5
21
1.7066929133858266
0
LINE
8
BLACK
6
CONTINUOUS
10
1.5
20
1.7066929133858266
11
1.5
21
1.7539370078740157
0
LINE
8
BLACK
6
CONTINUOUS
10
1.5
20
1.7539370078740157
11
1.5236220472440944
21
1.7539370078740157
0
LINE
8
BLACK
6
CONTINUOUS
10
1.5236220472440944
20
1.7539370078740157
11
1.5472440944881889
21
1.7303149606299213
0
LINE
8
BLACK
6
CONTINUOUS
10
2.3922047244094489
20
1.7188188976377952
11
2.3322047244094488
21
1.7188188976377952
0
LINE
8
BLACK
6
CONTINUOUS
10
2.3322047244094488
20
1.7188188976377952
11
2.3322047244094488
21
1.7788188976377952
0
LINE
8
BLACK
6
CONTINUOUS
10
2.3322047244094488
20
1.7788188976377952
11
2.3922047244094489
21
1.7788188976377952
0
LINE
8
BLACK
6
CONTINUOUS
10
2.3922047244094489
20
1.7788188976377952
11
2.3922047244094489
21
1.7188188976377952
0
LINE
8
BLACK
6
CONTINUOUS
10
2.492204724409449
20
1.7188188976377952
11
2.4322047244094489
21
1.7188188976377952
0
LINE
8
BLACK
6
CONTINUOUS
10
2.4322047244094489
20
1.7188188976377952
11
2.4322047244094489
21
1.7788188976377952
0
LINE
8
BLACK
6
CONTINUOUS
10
2.4322047244094489
20
1.7788188976377952
11
2.492204724409449
21
1.7788188976377952
0
LINE
8
BLACK
6
CONTINUOUS
10
2.492204724409449
20
1.7788188976377952
11
2.492204724409449
21
1.7188188976377952
0
LINE
8
BLACK
6
CONTINUOUS
10
0.3488976377952756
20
1.7235433070866142
11
0.2888976377952756
21
1.7235433070866142
0
LINE
8
BLACK
6
CONTINUOUS
10
0.2888976377952756
20
1.7235433070866142
11
0.2888976377952756
21
1.7835433070866142
0
LINE
8
BLACK
6
CONTINUOUS
10
0.2888976377952756
20
1.7835433070866142
11
0.3488976377952756
21
1.7835433070866142
0
LINE
8
BLACK
6
CONTINUOUS
10
0.3488976377952756
20
1.7835433070866142
11
0.3488976377952756
21
1.7235433070866142
0
LINE
8
BLACK
6
CONTINUOUS
10
0.4488976377952756
20
1.7235433070866142
11
0.3888976377952756
21
1.7235433070866142
0
LINE
8
BLACK
6
CONTINUOUS
10
0.3888976377952756
20
1.7235433070866142
11
0.3888976377952756
21
1.7835433070866142
0
LINE
8
BLACK
6
CONTINUOUS
10
0.3888976377952756
20
1.7835433070866142
11
0.4488976377952756
21
1.7835433070866142
0
LINE
8
BLACK
6
CONTINUOUS
10
0.4488976377952756
20
1.7835433070866142
11
0.4488976377952756
21
1.7235433070866142
0
LINE
8
BLACK
6
CONTINUOUS
10
1.1988188976377951
20
1.7244094488188977
11
1.1673228346456692
21
1.7244094488188977
0
LINE
8
BLACK
6
CONTINUOUS
10
1.1673228346456692
20
1.7244094488188977
11
1.1673228346456692
21
1.7401574803149606
0
LINE
8
BLACK
6
CONTINUOUS
10
1.1673228346456692
20
1.7401574803149606
11
1.1988188976377951
21
1.7401574803149606
0
LINE
8
BLACK
6
CONTINUOUS
10
1.1988188976377951
20
1.7401574803149606
11
1.1988188976377951
21
1.7244094488188977
0
LINE
8
BLACK
6
CONTINUOUS
10
1.75
20
1.7244094488188977
11
1.7185039370078741
21
1.7244094488188977
0
LINE
8
BLACK
6
CONTINUOUS
10
1.7185039370078741
20
1.7244094488188977
11
1.7185039370078741
21
1.7401574803149606
0
LINE
8
BLACK
6
CONTINUOUS
10
1.7185039370078741
20
1.7401574803149606
11
1.75
21
1.7401574803149606
0
LINE
8
BLACK
6
CONTINUOUS
10
1.75
20
1.7401574803149606
11
1.75
21
1.7244094488188977
0
LINE
8
BLACK
6
CONTINUOUS
10
1.1988188976377951
20
1.7578740157480315
11
1.1673228346456692
21
1.7578740157480315
0
LINE
8
BLACK
6
CONTINUOUS
10
1.1673228346456692
20
1.7578740157480315
11
1.1673228346456692
21
1.7736220472440944
0
LINE
8
BLACK
6
CONTINUOUS
10
1.1673228346456692
20
1.7736220472440944
11
1.1988188976377951
21
1.7736220472440944
0
LINE
8
BLACK
6
CONTINUOUS
10
1.1988188976377951
20
1.7736220472440944
11
1.1988188976377951
21
1.7578740157480315
0
LINE
8
BLACK
6
CONTINUOUS
10
1.75
20
1.7578740157480315
11
1.7185039370078741
21
1.7578740157480315
0
LINE
8
BLACK
6
CONTINUOUS
10
1.7185039370078741
20
1.7578740157480315
11
1.7185039370078741
21
1.7736220472440944
0
LINE
8
BLACK
6
CONTINUOUS
10
1.7185039370078741
20
1.7736220472440944
11
1.75
21
1.7736220472440944
0
LINE
8
BLACK
6
CONTINUOUS
10
1.75
20
1.7736220472440944
11
1.75
21
1.7578740157480315
0
LINE
8
BLACK
6
CONTINUOUS
10
-1.2476113779527558
20
1.8380303543307086
11
-1.2444182283464567
21
1.8358967716535433
0
LINE
8
BLACK
6
CONTINUOUS
10
-1.2444182283464567
20
1.8358967716535433
11
-1.2422846456692913
21
1.8327036220472441
0
LINE
8
BLACK
6
CONTINUOUS
10
-1.2422846456692913
20
1.8327036220472441
11
-1.2415354330708661
21
1.8289370472440944
0
LINE
8
BLACK
6
CONTINUOUS
10
-1.2415354330708661
20
1.8289370472440944
11
-1.2415354330708661
21
1.7915354724409449
0
LINE
8
BLACK
6
CONTINUOUS
10
-1.2415354330708661
20
1.7915354724409449
11
-1.2422846456692913
21
1.7877688976377952
0
LINE
8
BLACK
6
CONTINUOUS
10
-1.2422846456692913
20
1.7877688976377952
11
-1.2444182283464567
21
1.7845757480314961
0
LINE
8
BLACK
6
CONTINUOUS
10
-1.2444182283464567
20
1.7845757480314961
11
-1.2476113779527558
21
1.7824421653543308
0
LINE
8
BLACK
6
CONTINUOUS
10
-1.2476113779527558
20
1.7824421653543308
11
-1.2513779527559055
21
1.7816929527559056
0
LINE
8
BLACK
6
CONTINUOUS
10
-1.2513779527559055
20
1.7816929527559056
11
-1.2710629921259842
21
1.7816929527559056
0
LINE
8
BLACK
6
CONTINUOUS
10
-1.2710629921259842
20
1.7816929527559056
11
-1.2748295669291339
21
1.7824421653543308
0
LINE
8
BLACK
6
CONTINUOUS
10
-1.2748295669291339
20
1.7824421653543308
11
-1.278022716535433
21
1.7845757480314961
0
LINE
8
BLACK
6
CONTINUOUS
10
-1.278022716535433
20
1.7845757480314961
11
-1.2801562992125983
21
1.7877688976377952
0
LINE
8
BLACK
6
CONTINUOUS
10
-1.2801562992125983
20
1.7877688976377952
11
-1.2809055118110235
21
1.7915354724409449
0
LINE
8
BLACK
6
CONTINUOUS
10
-1.2809055118110235
20
1.7915354724409449
11
-1.2809055118110235
21
1.8289370472440944
0
LINE
8
BLACK
6
CONTINUOUS
10
-1.2809055118110235
20
1.8289370472440944
11
-1.2801562992125983
21
1.8327036220472441
0
LINE
8
BLACK
6
CONTINUOUS
10
-1.2801562992125983
20
1.8327036220472441
11
-1.278022716535433
21
1.8358967716535433
0
LINE
8
BLACK
6
CONTINUOUS
10
-1.278022716535433
20
1.8358967716535433
11
-1.2748295669291339
21
1.8380303543307086
0
LINE
8
BLACK
6
CONTINUOUS
10
-1.2748295669291339
20
1.8380303543307086
11
-1.2710629921259842
21
1.8387795669291338
0
LINE
8
BLACK
6
CONTINUOUS
10
-1.2710629921259842
20
1.8387795669291338
11
-1.2513779527559055
21
1.8387795669291338
0
LINE
8
BLACK
6
CONTINUOUS
10
-1.2513779527559055
20
1.8387795669291338
11
-1.2476113779527558
21
1.8380303543307086
0
LINE
8
BLACK
6
CONTINUOUS
10
-1.1728083070866142
20
1.8380303543307086
11
-1.1696151574803149
21
1.8358967716535433
0
LINE
8
BLACK
6
CONTINUOUS
10
-1.1696151574803149
20
1.8358967716535433
11
-1.1674815748031495
21
1.8327036220472441
0
LINE
8
BLACK
6
CONTINUOUS
10
-1.1674815748031495
20
1.8327036220472441
11
-1.1667323622047243
21
1.8289370472440944
0
LINE
8
BLACK
6
CONTINUOUS
10
-1.1667323622047243
20
1.8289370472440944
11
-1.1667323622047243
21
1.7915354724409449
0
LINE
8
BLACK
6
CONTINUOUS
10
-1.1667323622047243
20
1.7915354724409449
11
-1.1674815748031495
21
1.7877688976377952
0
LINE
8
BLACK
6
CONTINUOUS
10
-1.1674815748031495
20
1.7877688976377952
11
-1.1696151574803149
21
1.7845757480314961
0
LINE
8
BLACK
6
CONTINUOUS
10
-1.1696151574803149
20
1.7845757480314961
11
-1.1728083070866142
21
1.7824421653543308
0
LINE
8
BLACK
6
CONTINUOUS
10
-1.1728083070866142
20
1.7824421653543308
11
-1.1765748818897637
21
1.7816929527559056
0
LINE
8
BLACK
6
CONTINUOUS
10
-1.1765748818897637
20
1.7816929527559056
11
-1.1962599212598426
21
1.7816929527559056
0
LINE
8
BLACK
6
CONTINUOUS
10
-1.1962599212598426
20
1.7816929527559056
11
-1.2000264960629921
21
1.7824421653543308
0
LINE
8
BLACK
6
CONTINUOUS
10
-1.2000264960629921
20
1.7824421653543308
11
-1.2032196456692914
21
1.7845757480314961
0
LINE
8
BLACK
6
CONTINUOUS
10
-1.2032196456692914
20
1.7845757480314961
11
-1.2053532283464568
21
1.7877688976377952
0
LINE
8
BLACK
6
CONTINUOUS
10
-1.2053532283464568
20
1.7877688976377952
11
-1.2061024409448819
21
1.7915354724409449
0
LINE
8
BLACK
6
CONTINUOUS
10
-1.2061024409448819
20
1.7915354724409449
11
-1.2061024409448819
21
1.8289370472440944
0
LINE
8
BLACK
6
CONTINUOUS
10
-1.2061024409448819
20
1.8289370472440944
11
-1.2053532283464568
21
1.8327036220472441
0
LINE
8
BLACK
6
CONTINUOUS
10
-1.2053532283464568
20
1.8327036220472441
11
-1.2032196456692914
21
1.8358967716535433
0
LINE
8
BLACK
6
CONTINUOUS
10
-1.2032196456692914
20
1.8358967716535433
11
-1.2000264960629921
21
1.8380303543307086
0
LINE
8
BLACK
6
CONTINUOUS
10
-1.2000264960629921
20
1.8380303543307086
11
-1.1962599212598426
21
1.8387795669291338
0
LINE
8
BLACK
6
CONTINUOUS
10
-1.1962599212598426
20
1.8387795669291338
11
-1.1765748818897637
21
1.8387795669291338
0
LINE
8
BLACK
6
CONTINUOUS
10
-1.1765748818897637
20
1.8387795669291338
11
-1.1728083070866142
21
1.8380303543307086
0
LINE
8
BLACK
6
CONTINUOUS
10
1.1988188976377951
20
1.791338622047244
11
1.1673228346456692
21
1.791338622047244
0
LINE
8
BLACK
6
CONTINUOUS
10
1.1673228346456692
20
1.791338622047244
11
1.1673228346456692
21
1.807086653543307
0
LINE
8
BLACK
6
CONTINUOUS
10
1.1673228346456692
20
1.807086653543307
11
1.1988188976377951
21
1.807086653543307
0
LINE
8
BLACK
6
CONTINUOUS
10
1.1988188976377951
20
1.807086653543307
11
1.1988188976377951
21
1.791338622047244
0
LINE
8
BLACK
6
CONTINUOUS
10
1.75
20
1.791338622047244
11
1.7185039370078741
21
1.791338622047244
0
LINE
8
BLACK
6
CONTINUOUS
10
1.7185039370078741
20
1.791338622047244
11
1.7185039370078741
21
1.807086653543307
0
LINE
8
BLACK
6
CONTINUOUS
10
1.7185039370078741
20
1.807086653543307
11
1.75
21
1.807086653543307
0
LINE
8
BLACK
6
CONTINUOUS
10
1.75
20
1.807086653543307
11
1.75
21
1.791338622047244
0
LINE
8
BLACK
6
CONTINUOUS
10
1.1988188976377951
20
1.8248031496062991
11
1.1673228346456692
21
1.8248031496062991
0
LINE
8
BLACK
6
CONTINUOUS
10
1.1673228346456692
20
1.8248031496062991
11
1.1673228346456692
21
1.8405511811023623
0
LINE
8
BLACK
6
CONTINUOUS
10
1.1673228346456692
20
1.8405511811023623
11
1.1988188976377951
21
1.8405511811023623
0
LINE
8
BLACK
6
CONTINUOUS
10
1.1988188976377951
20
1.8405511811023623
11
1.1988188976377951
21
1.8248031496062991
0
LINE
8
BLACK
6
CONTINUOUS
10
1.75
20
1.8248031496062991
11
1.7185039370078741
21
1.8248031496062991
0
LINE
8
BLACK
6
CONTINUOUS
10
1.7185039370078741
20
1.8248031496062991
11
1.7185039370078741
21
1.8405511811023623
0
LINE
8
BLACK
6
CONTINUOUS
10
1.7185039370078741
20
1.8405511811023623
11
1.75
21
1.8405511811023623
0
LINE
8
BLACK
6
CONTINUOUS
10
1.75
20
1.8405511811023623
11
1.75
21
1.8248031496062991
0
LINE
8
BLACK
6
CONTINUOUS
10
1.1988188976377951
20
1.8582677165354331
11
1.1673228346456692
21
1.8582677165354331
0
LINE
8
BLACK
6
CONTINUOUS
10
1.1673228346456692
20
1.8582677165354331
11
1.1673228346456692
21
1.8740157480314961
0
LINE
8
BLACK
6
CONTINUOUS
10
1.1673228346456692
20
1.8740157480314961
11
1.1988188976377951
21
1.8740157480314961
0
LINE
8
BLACK
6
CONTINUOUS
10
1.1988188976377951
20
1.8740157480314961
11
1.1988188976377951
21
1.8582677165354331
0
LINE
8
BLACK
6
CONTINUOUS
10
1.75
20
1.8582677165354331
11
1.7185039370078741
21
1.8582677165354331
0
LINE
8
BLACK
6
CONTINUOUS
10
1.7185039370078741
20
1.8582677165354331
11
1.7185039370078741
21
1.8740157480314961
0
LINE
8
BLACK
6
CONTINUOUS
10
1.7185039370078741
20
1.8740157480314961
11
1.75
21
1.8740157480314961
0
LINE
8
BLACK
6
CONTINUOUS
10
1.75
20
1.8740157480314961
11
1.75
21
1.8582677165354331
0
LINE
8
BLACK
6
CONTINUOUS
10
0.4211031496062992
20
2.1242042125984253
11
0.4348769291338583
21
2.1210604330708662
0
LINE
8
BLACK
6
CONTINUOUS
10
0.4348769291338583
20
2.1210604330708662
11
0.4482120866141732
21
2.1163942913385827
0
LINE
8
BLACK
6
CONTINUOUS
10
0.4482120866141732
20
2.1163942913385827
11
0.4609409448818897
21
2.11026437007874
0
LINE
8
BLACK
6
CONTINUOUS
10
0.4609409448818897
20
2.11026437007874
11
0.4729034645669291
21
2.1027478346456694
0
LINE
8
BLACK
6
CONTINUOUS
10
0.4729034645669291
20
2.1027478346456694
11
0.4839491732283465
21
2.0939391732283466
0
LINE
8
BLACK
6
CONTINUOUS
10
0.4839491732283465
20
2.0939391732283466
11
0.4939391732283465
21
2.0839491732283464
0
LINE
8
BLACK
6
CONTINUOUS
10
0.4939391732283465
20
2.0839491732283464
11
0.5027478346456693
21
2.0729034645669291
0
LINE
8
BLACK
6
CONTINUOUS
10
0.5027478346456693
20
2.0729034645669291
11
0.5102643700787401
21
2.0609409448818896
0
LINE
8
BLACK
6
CONTINUOUS
10
0.5102643700787401
20
2.0609409448818896
11
0.5163942913385826
21
2.0482120866141731
0
LINE
8
BLACK
6
CONTINUOUS
10
0.5163942913385826
20
2.0482120866141731
11
0.5210604330708661
21
2.0348769291338584
0
LINE
8
BLACK
6
CONTINUOUS
10
0.5210604330708661
20
2.0348769291338584
11
0.5242042125984252
21
2.021103149606299
0
LINE
8
BLACK
6
CONTINUOUS
10
0.5242042125984252
20
2.021103149606299
11
0.5257860629921259
21
2.0070639763779528
0
LINE
8
BLACK
6
CONTINUOUS
10
0.5257860629921259
20
2.0070639763779528
11
0.5257860629921259
21
1.9929360236220472
0
LINE
8
BLACK
6
CONTINUOUS
10
0.5257860629921259
20
1.9929360236220472
11
0.5242042125984252
21
1.9788968503937008
0
LINE
8
BLACK
6
CONTINUOUS
10
0.5242042125984252
20
1.9788968503937008
11
0.5210604330708661
21
1.9651230708661418
0
LINE
8
BLACK
6
CONTINUOUS
10
0.5210604330708661
20
1.9651230708661418
11
0.5163942913385826
21
1.9517879133858267
0
LINE
8
BLACK
6
CONTINUOUS
10
0.5163942913385826
20
1.9517879133858267
11
0.5102643700787401
21
1.9390590551181102
0
LINE
8
BLACK
6
CONTINUOUS
10
0.5102643700787401
20
1.9390590551181102
11
0.5027478346456693
21
1.9270965354330709
0
LINE
8
BLACK
6
CONTINUOUS
10
0.5027478346456693
20
1.9270965354330709
11
0.4939391732283465
21
1.9160508267716534
0
LINE
8
BLACK
6
CONTINUOUS
10
0.4939391732283465
20
1.9160508267716534
11
0.4839491732283465
21
1.9060608267716534
0
LINE
8
BLACK
6
CONTINUOUS
10
0.4839491732283465
20
1.9060608267716534
11
0.4729034645669291
21
1.8972521653543306
0
LINE
8
BLACK
6
CONTINUOUS
10
0.4729034645669291
20
1.8972521653543306
11
0.4609409448818897
21
1.8897356299212598
0
LINE
8
BLACK
6
CONTINUOUS
10
0.4609409448818897
20
1.8897356299212598
11
0.4482120866141732
21
1.8836057086614173
0
LINE
8
BLACK
6
CONTINUOUS
10
0.4482120866141732
20
1.8836057086614173
11
0.4348769291338583
21
1.8789395669291338
0
LINE
8
BLACK
6
CONTINUOUS
10
0.4348769291338583
20
1.8789395669291338
11
0.4211031496062992
21
1.8757957874015747
0
LINE
8
BLACK
6
CONTINUOUS
10
0.4211031496062992
20
1.8757957874015747
11
0.4070639763779528
21
1.8742139370078739
0
LINE
8
BLACK
6
CONTINUOUS
10
0.4070639763779528
20
1.8742139370078739
11
0.3929360236220472
21
1.8742139370078739
0
LINE
8
BLACK
6
CONTINUOUS
10
0.3929360236220472
20
1.8742139370078739
11
0.3788968503937008
21
1.8757957874015747
0
LINE
8
BLACK
6
CONTINUOUS
10
0.3788968503937008
20
1.8757957874015747
11
0.3651230708661417
21
1.8789395669291338
0
LINE
8
BLACK
6
CONTINUOUS
10
0.3651230708661417
20
1.8789395669291338
11
0.3517879133858268
21
1.8836057086614173
0
LINE
8
BLACK
6
CONTINUOUS
10
0.3517879133858268
20
1.8836057086614173
11
0.3390590551181102
21
1.8897356299212598
0
LINE
8
BLACK
6
CONTINUOUS
10
0.3390590551181102
20
1.8897356299212598
11
0.3270965354330709
21
1.8972521653543306
0
LINE
8
BLACK
6
CONTINUOUS
10
0.3270965354330709
20
1.8972521653543306
11
0.3160508267716535
21
1.9060608267716534
0
LINE
8
BLACK
6
CONTINUOUS
10
0.3160508267716535
20
1.9060608267716534
11
0.3060608267716535
21
1.9160508267716534
0
LINE
8
BLACK
6
CONTINUOUS
10
0.3060608267716535
20
1.9160508267716534
11
0.2972521653543307
21
1.9270965354330709
0
LINE
8
BLACK
6
CONTINUOUS
10
0.2972521653543307
20
1.9270965354330709
11
0.2897356299212598
21
1.9390590551181102
0
LINE
8
BLACK
6
CONTINUOUS
10
0.2897356299212598
20
1.9390590551181102
11
0.2836057086614173
21
1.9517879133858267
0
LINE
8
BLACK
6
CONTINUOUS
10
0.2836057086614173
20
1.9517879133858267
11
0.2789395669291339
21
1.9651230708661418
0
LINE
8
BLACK
6
CONTINUOUS
10
0.2789395669291339
20
1.9651230708661418
11
0.2757957874015748
21
1.9788968503937008
0
LINE
8
BLACK
6
CONTINUOUS
10
0.2757957874015748
20
1.9788968503937008
11
0.274213937007874
21
1.9929360236220472
0
LINE
8
BLACK
6
CONTINUOUS
10
0.274213937007874
20
1.9929360236220472
11
0.274213937007874
21
2.0070639763779528
0
LINE
8
BLACK
6
CONTINUOUS
10
0.274213937007874
20
2.0070639763779528
11
0.2757957874015748
21
2.021103149606299
0
LINE
8
BLACK
6
CONTINUOUS
10
0.2757957874015748
20
2.021103149606299
11
0.2789395669291339
21
2.0348769291338584
0
LINE
8
BLACK
6
CONTINUOUS
10
0.2789395669291339
20
2.0348769291338584
11
0.2836057086614173
21
2.0482120866141731
0
LINE
8
BLACK
6
CONTINUOUS
10
0.2836057086614173
20
2.0482120866141731
11
0.2897356299212598
21
2.0609409448818896
0
LINE
8
BLACK
6
CONTINUOUS
10
0.2897356299212598
20
2.0609409448818896
11
0.2972521653543307
21
2.0729034645669291
0
LINE
8
BLACK
6
CONTINUOUS
10
0.2972521653543307
20
2.0729034645669291
11
0.3060608267716535
21
2.0839491732283464
0
LINE
8
BLACK
6
CONTINUOUS
10
0.3060608267716535
20
2.0839491732283464
11
0.3160508267716535
21
2.0939391732283466
0
LINE
8
BLACK
6
CONTINUOUS
10
0.3160508267716535
20
2.0939391732283466
11
0.3270965354330709
21
2.1027478346456694
0
LINE
8
BLACK
6
CONTINUOUS
10
0.3270965354330709
20
2.1027478346456694
11
0.3390590551181102
21
2.11026437007874
0
LINE
8
BLACK
6
CONTINUOUS
10
0.3390590551181102
20
2.11026437007874
11
0.3517879133858268
21
2.1163942913385827
0
LINE
8
BLACK
6
CONTINUOUS
10
0.3517879133858268
20
2.1163942913385827
11
0.3651230708661417
21
2.1210604330708662
0
LINE
8
BLACK
6
CONTINUOUS
10
0.3651230708661417
20
2.1210604330708662
11
0.3788968503937008
21
2.1242042125984253
0
LINE
8
BLACK
6
CONTINUOUS
10
0.3788968503937008
20
2.1242042125984253
11
0.3929360236220472
21
2.1257860629921259
0
LINE
8
BLACK
6
CONTINUOUS
10
0.3929360236220472
20
2.1257860629921259
11
0.4070639763779528
21
2.1257860629921259
0
LINE
8
BLACK
6
CONTINUOUS
10
0.4070639763779528
20
2.1257860629921259
11
0.4211031496062992
21
2.1242042125984253
0
LINE
8
BLACK
6
CONTINUOUS
10
2.4211031496062994
20
2.1242042125984253
11
2.4348769291338583
21
2.1210604330708662
0
LINE
8
BLACK
6
CONTINUOUS
10
2.4348769291338583
20
2.1210604330708662
11
2.448212086614173
21
2.1163942913385827
0
LINE
8
BLACK
6
CONTINUOUS
10
2.448212086614173
20
2.1163942913385827
11
2.4609409448818895
21
2.11026437007874
0
LINE
8
BLACK
6
CONTINUOUS
10
2.4609409448818895
20
2.11026437007874
11
2.472903464566929
21
2.1027478346456694
0
LINE
8
BLACK
6
CONTINUOUS
10
2.472903464566929
20
2.1027478346456694
11
2.4839491732283463
21
2.0939391732283466
0
LINE
8
BLACK
6
CONTINUOUS
10
2.4839491732283463
20
2.0939391732283466
11
2.4939391732283465
21
2.0839491732283464
0
LINE
8
BLACK
6
CONTINUOUS
10
2.4939391732283465
20
2.0839491732283464
11
2.5027478346456693
21
2.0729034645669291
0
LINE
8
BLACK
6
CONTINUOUS
10
2.5027478346456693
20
2.0729034645669291
11
2.5102643700787399
21
2.0609409448818896
0
LINE
8
BLACK
6
CONTINUOUS
10
2.5102643700787399
20
2.0609409448818896
11
2.5163942913385826
21
2.0482120866141731
0
LINE
8
BLACK
6
CONTINUOUS
10
2.5163942913385826
20
2.0482120866141731
11
2.5210604330708661
21
2.0348769291338584
0
LINE
8
BLACK
6
CONTINUOUS
10
2.5210604330708661
20
2.0348769291338584
11
2.5242042125984252
21
2.021103149606299
0
LINE
8
BLACK
6
CONTINUOUS
10
2.5242042125984252
20
2.021103149606299
11
2.5257860629921258
21
2.0070639763779528
0
LINE
8
BLACK
6
CONTINUOUS
10
2.5257860629921258
20
2.0070639763779528
11
2.5257860629921258
21
1.9929360236220472
0
LINE
8
BLACK
6
CONTINUOUS
10
2.5257860629921258
20
1.9929360236220472
11
2.5242042125984252
21
1.9788968503937008
0
LINE
8
BLACK
6
CONTINUOUS
10
2.5242042125984252
20
1.9788968503937008
11
2.5210604330708661
21
1.9651230708661418
0
LINE
8
BLACK
6
CONTINUOUS
10
2.5210604330708661
20
1.9651230708661418
11
2.5163942913385826
21
1.9517879133858267
0
LINE
8
BLACK
6
CONTINUOUS
10
2.5163942913385826
20
1.9517879133858267
11
2.5102643700787399
21
1.9390590551181102
0
LINE
8
BLACK
6
CONTINUOUS
10
2.5102643700787399
20
1.9390590551181102
11
2.5027478346456693
21
1.9270965354330709
0
LINE
8
BLACK
6
CONTINUOUS
10
2.5027478346456693
20
1.9270965354330709
11
2.4939391732283465
21
1.9160508267716534
0
LINE
8
BLACK
6
CONTINUOUS
10
2.4939391732283465
20
1.9160508267716534
11
2.4839491732283463
21
1.9060608267716534
0
LINE
8
BLACK
6
CONTINUOUS
10
2.4839491732283463
20
1.9060608267716534
11
2.472903464566929
21
1.8972521653543306
0
LINE
8
BLACK
6
CONTINUOUS
10
2.472903464566929
20
1.8972521653543306
11
2.4609409448818895
21
1.8897356299212598
0
LINE
8
BLACK
6
CONTINUOUS
10
2.4609409448818895
20
1.8897356299212598
11
2.448212086614173
21
1.8836057086614173
0
LINE
8
BLACK
6
CONTINUOUS
10
2.448212086614173
20
1.8836057086614173
11
2.4348769291338583
21
1.8789395669291338
0
LINE
8
BLACK
6
CONTINUOUS
10
2.4348769291338583
20
1.8789395669291338
11
2.4211031496062994
21
1.8757957874015747
0
LINE
8
BLACK
6
CONTINUOUS
10
2.4211031496062994
20
1.8757957874015747
11
2.4070639763779527
21
1.8742139370078739
0
LINE
8
BLACK
6
CONTINUOUS
10
2.4070639763779527
20
1.8742139370078739
11
2.3929360236220472
21
1.8742139370078739
0
LINE
8
BLACK
6
CONTINUOUS
10
2.3929360236220472
20
1.8742139370078739
11
2.3788968503937009
21
1.8757957874015747
0
LINE
8
BLACK
6
CONTINUOUS
10
2.3788968503937009
20
1.8757957874015747
11
2.3651230708661415
21
1.8789395669291338
0
LINE
8
BLACK
6
CONTINUOUS
10
2.3651230708661415
20
1.8789395669291338
11
2.3517879133858268
21
1.8836057086614173
0
LINE
8
BLACK
6
CONTINUOUS
10
2.3517879133858268
20
1.8836057086614173
11
2.3390590551181103
21
1.8897356299212598
0
LINE
8
BLACK
6
CONTINUOUS
10
2.3390590551181103
20
1.8897356299212598
11
2.3270965354330708
21
1.8972521653543306
0
LINE
8
BLACK
6
CONTINUOUS
10
2.3270965354330708
20
1.8972521653543306
11
2.3160508267716535
21
1.9060608267716534
0
LINE
8
BLACK
6
CONTINUOUS
10
2.3160508267716535
20
1.9060608267716534
11
2.3060608267716534
21
1.9160508267716534
0
LINE
8
BLACK
6
CONTINUOUS
10
2.3060608267716534
20
1.9160508267716534
11
2.2972521653543305
21
1.9270965354330709
0
LINE
8
BLACK
6
CONTINUOUS
10
2.2972521653543305
20
1.9270965354330709
11
2.2897356299212599
21
1.9390590551181102
0
LINE
8
BLACK
6
CONTINUOUS
10
2.2897356299212599
20
1.9390590551181102
11
2.2836057086614172
21
1.9517879133858267
0
LINE
8
BLACK
6
CONTINUOUS
10
2.2836057086614172
20
1.9517879133858267
11
2.2789395669291337
21
1.9651230708661418
0
LINE
8
BLACK
6
CONTINUOUS
10
2.2789395669291337
20
1.9651230708661418
11
2.2757957874015746
21
1.9788968503937008
0
LINE
8
BLACK
6
CONTINUOUS
10
2.2757957874015746
20
1.9788968503937008
11
2.274213937007874
21
1.9929360236220472
0
LINE
8
BLACK
6
CONTINUOUS
10
2.274213937007874
20
1.9929360236220472
11
2.274213937007874
21
2.0070639763779528
0
LINE
8
BLACK
6
CONTINUOUS
10
2.274213937007874
20
2.0070639763779528
11
2.2757957874015746
21
2.021103149606299
0
LINE
8
BLACK
6
CONTINUOUS
10
2.2757957874015746
20
2.021103149606299
11
2.2789395669291337
21
2.0348769291338584
0
LINE
8
BLACK
6
CONTINUOUS
10
2.2789395669291337
20
2.0348769291338584
11
2.2836057086614172
21
2.0482120866141731
0
LINE
8
BLACK
6
CONTINUOUS
10
2.2836057086614172
20
2.0482120866141731
11
2.2897356299212599
21
2.0609409448818896
0
LINE
8
BLACK
6
CONTINUOUS
10
2.2897356299212599
20
2.0609409448818896
11
2.2972521653543305
21
2.0729034645669291
0
LINE
8
BLACK
6
CONTINUOUS
10
2.2972521653543305
20
2.0729034645669291
11
2.3060608267716534
21
2.0839491732283464
0
LINE
8
BLACK
6
CONTINUOUS
10
2.3060608267716534
20
2.0839491732283464
11
2.3160508267716535
21
2.0939391732283466
0
LINE
8
BLACK
6
CONTINUOUS
10
2.3160508267716535
20
2.0939391732283466
11
2.3270965354330708
21
2.1027478346456694
0
LINE
8
BLACK
6
CONTINUOUS
10
2.3270965354330708
20
2.1027478346456694
11
2.3390590551181103
21
2.11026437007874
0
LINE
8
BLACK
6
CONTINUOUS
10
2.3390590551181103
20
2.11026437007874
11
2.3517879133858268
21
2.1163942913385827
0
LINE
8
BLACK
6
CONTINUOUS
10
2.3517879133858268
20
2.1163942913385827
11
2.3651230708661415
21
2.1210604330708662
0
LINE
8
BLACK
6
CONTINUOUS
10
2.3651230708661415
20
2.1210604330708662
11
2.3788968503937009
21
2.1242042125984253
0
LINE
8
BLACK
6
CONTINUOUS
10
2.3788968503937009
20
2.1242042125984253
11
2.3929360236220472
21
2.1257860629921259
0
LINE
8
BLACK
6
CONTINUOUS
10
2.3929360236220472
20
2.1257860629921259
11
2.4070639763779527
21
2.1257860629921259
0
LINE
8
BLACK
6
CONTINUOUS
10
2.4070639763779527
20
2.1257860629921259
11
2.4211031496062994
21
2.1242042125984253
0
LINE
8
BLACK
6
CONTINUOUS
10
1.1988188976377951
20
1.8917322834645669
11
1.1673228346456692
21
1.8917322834645669
0
LINE
8
BLACK
6
CONTINUOUS
10
1.1673228346456692
20
1.8917322834645669
11
1.1673228346456692
21
1.9074803149606299
0
LINE
8
BLACK
6
CONTINUOUS
10
1.1673228346456692
20
1.9074803149606299
11
1.1988188976377951
21
1.9074803149606299
0
LINE
8
BLACK
6
CONTINUOUS
10
1.1988188976377951
20
1.9074803149606299
11
1.1988188976377951
21
1.8917322834645669
0
LINE
8
BLACK
6
CONTINUOUS
10
1.75
20
1.8917322834645669
11
1.7185039370078741
21
1.8917322834645669
0
LINE
8
BLACK
6
CONTINUOUS
10
1.7185039370078741
20
1.8917322834645669
11
1.7185039370078741
21
1.9074803149606299
0
LINE
8
BLACK
6
CONTINUOUS
10
1.7185039370078741
20
1.9074803149606299
11
1.75
21
1.9074803149606299
0
LINE
8
BLACK
6
CONTINUOUS
10
1.75
20
1.9074803149606299
11
1.75
21
1.8917322834645669
0
LINE
8
BLACK
6
CONTINUOUS
10
1.4665354330708662
20
1.9251968110236219
11
1.450787401574803
21
1.9251968110236219
0
LINE
8
BLACK
6
CONTINUOUS
10
1.450787401574803
20
1.9251968110236219
11
1.450787401574803
21
1.9566928740157481
0
LINE
8
BLACK
6
CONTINUOUS
10
1.450787401574803
20
1.9566928740157481
11
1.4665354330708662
21
1.9566928740157481
0
LINE
8
BLACK
6
CONTINUOUS
10
1.4665354330708662
20
1.9566928740157481
11
1.4665354330708662
21
1.9251968110236219
0
LINE
8
BLACK
6
CONTINUOUS
10
1.1988188976377951
20
1.9251968503937007
11
1.1673228346456692
21
1.9251968503937007
0
LINE
8
BLACK
6
CONTINUOUS
10
1.1673228346456692
20
1.9251968503937007
11
1.1673228346456692
21
1.9566929133858266
0
LINE
8
BLACK
6
CONTINUOUS
10
1.1673228346456692
20
1.9566929133858266
11
1.1988188976377951
21
1.9566929133858266
0
LINE
8
BLACK
6
CONTINUOUS
10
1.1988188976377951
20
1.9566929133858266
11
1.1988188976377951
21
1.9251968503937007
0
LINE
8
BLACK
6
CONTINUOUS
10
1.2322834645669292
20
1.9251968503937007
11
1.2165354330708662
21
1.9251968503937007
0
LINE
8
BLACK
6
CONTINUOUS
10
1.2165354330708662
20
1.9251968503937007
11
1.2165354330708662
21
1.9566929133858266
0
LINE
8
BLACK
6
CONTINUOUS
10
1.2165354330708662
20
1.9566929133858266
11
1.2322834645669292
21
1.9566929133858266
0
LINE
8
BLACK
6
CONTINUOUS
10
1.2322834645669292
20
1.9566929133858266
11
1.2322834645669292
21
1.9251968503937007
0
LINE
8
BLACK
6
CONTINUOUS
10
1.265748031496063
20
1.9251968503937007
11
1.25
21
1.9251968503937007
0
LINE
8
BLACK
6
CONTINUOUS
10
1.25
20
1.9251968503937007
11
1.25
21
1.9566929133858266
0
LINE
8
BLACK
6
CONTINUOUS
10
1.25
20
1.9566929133858266
11
1.265748031496063
21
1.9566929133858266
0
LINE
8
BLACK
6
CONTINUOUS
10
1.265748031496063
20
1.9566929133858266
11
1.265748031496063
21
1.9251968503937007
0
LINE
8
BLACK
6
CONTINUOUS
10
1.2992125984251968
20
1.9251968503937007
11
1.2834645669291338
21
1.9251968503937007
0
LINE
8
BLACK
6
CONTINUOUS
10
1.2834645669291338
20
1.9251968503937007
11
1.2834645669291338
21
1.9566929133858266
0
LINE
8
BLACK
6
CONTINUOUS
10
1.2834645669291338
20
1.9566929133858266
11
1.2992125984251968
21
1.9566929133858266
0
LINE
8
BLACK
6
CONTINUOUS
10
1.2992125984251968
20
1.9566929133858266
11
1.2992125984251968
21
1.9251968503937007
0
LINE
8
BLACK
6
CONTINUOUS
10
1.332677125984252
20
1.9251968503937007
11
1.3169290944881888
21
1.9251968503937007
0
LINE
8
BLACK
6
CONTINUOUS
10
1.3169290944881888
20
1.9251968503937007
11
1.3169290944881888
21
1.9566929133858266
0
LINE
8
BLACK
6
CONTINUOUS
10
1.3169290944881888
20
1.9566929133858266
11
1.332677125984252
21
1.9566929133858266
0
LINE
8
BLACK
6
CONTINUOUS
10
1.332677125984252
20
1.9566929133858266
11
1.332677125984252
21
1.9251968503937007
0
LINE
8
BLACK
6
CONTINUOUS
10
1.3661417322834646
20
1.9251968503937007
11
1.3503937007874016
21
1.9251968503937007
0
LINE
8
BLACK
6
CONTINUOUS
10
1.3503937007874016
20
1.9251968503937007
11
1.3503937007874016
21
1.9566929133858266
0
LINE
8
BLACK
6
CONTINUOUS
10
1.3503937007874016
20
1.9566929133858266
11
1.3661417322834646
21
1.9566929133858266
0
LINE
8
BLACK
6
CONTINUOUS
10
1.3661417322834646
20
1.9566929133858266
11
1.3661417322834646
21
1.9251968503937007
0
LINE
8
BLACK
6
CONTINUOUS
10
1.3996062992125984
20
1.9251968503937007
11
1.3838582677165354
21
1.9251968503937007
0
LINE
8
BLACK
6
CONTINUOUS
10
1.3838582677165354
20
1.9251968503937007
11
1.3838582677165354
21
1.9566929133858266
0
LINE
8
BLACK
6
CONTINUOUS
10
1.3838582677165354
20
1.9566929133858266
11
1.3996062992125984
21
1.9566929133858266
0
LINE
8
BLACK
6
CONTINUOUS
10
1.3996062992125984
20
1.9566929133858266
11
1.3996062992125984
21
1.9251968503937007
0
LINE
8
BLACK
6
CONTINUOUS
10
1.4330708661417322
20
1.9251968503937007
11
1.4173228346456692
21
1.9251968503937007
0
LINE
8
BLACK
6
CONTINUOUS
10
1.4173228346456692
20
1.9251968503937007
11
1.4173228346456692
21
1.9566929133858266
0
LINE
8
BLACK
6
CONTINUOUS
10
1.4173228346456692
20
1.9566929133858266
11
1.4330708661417322
21
1.9566929133858266
0
LINE
8
BLACK
6
CONTINUOUS
10
1.4330708661417322
20
1.9566929133858266
11
1.4330708661417322
21
1.9251968503937007
0
LINE
8
BLACK
6
CONTINUOUS
10
1.5
20
1.9251968503937007
11
1.484251968503937
21
1.9251968503937007
0
LINE
8
BLACK
6
CONTINUOUS
10
1.484251968503937
20
1.9251968503937007
11
1.484251968503937
21
1.9566929133858266
0
LINE
8
BLACK
6
CONTINUOUS
10
1.484251968503937
20
1.9566929133858266
11
1.5
21
1.9566929133858266
0
LINE
8
BLACK
6
CONTINUOUS
10
1.5
20
1.9566929133858266
11
1.5
21
1.9251968503937007
0
LINE
8
BLACK
6
CONTINUOUS
10
1.5334645669291338
20
1.9251968503937007
11
1.5177165354330708
21
1.9251968503937007
0
LINE
8
BLACK
6
CONTINUOUS
10
1.5177165354330708
20
1.9251968503937007
11
1.5177165354330708
21
1.9566929133858266
0
LINE
8
BLACK
6
CONTINUOUS
10
1.5177165354330708
20
1.9566929133858266
11
1.5334645669291338
21
1.9566929133858266
0
LINE
8
BLACK
6
CONTINUOUS
10
1.5334645669291338
20
1.9566929133858266
11
1.5334645669291338
21
1.9251968503937007
0
LINE
8
BLACK
6
CONTINUOUS
10
1.5669291338582676
20
1.9251968503937007
11
1.5511811023622046
21
1.9251968503937007
0
LINE
8
BLACK
6
CONTINUOUS
10
1.5511811023622046
20
1.9251968503937007
11
1.5511811023622046
21
1.9566929133858266
0
LINE
8
BLACK
6
CONTINUOUS
10
1.5511811023622046
20
1.9566929133858266
11
1.5669291338582676
21
1.9566929133858266
0
LINE
8
BLACK
6
CONTINUOUS
10
1.5669291338582676
20
1.9566929133858266
11
1.5669291338582676
21
1.9251968503937007
0
LINE
8
BLACK
6
CONTINUOUS
10
1.6003937401574804
20
1.9251968503937007
11
1.5846457086614172
21
1.9251968503937007
0
LINE
8
BLACK
6
CONTINUOUS
10
1.5846457086614172
20
1.9251968503937007
11
1.5846457086614172
21
1.9566929133858266
0
LINE
8
BLACK
6
CONTINUOUS
10
1.5846457086614172
20
1.9566929133858266
11
1.6003937401574804
21
1.9566929133858266
0
LINE
8
BLACK
6
CONTINUOUS
10
1.6003937401574804
20
1.9566929133858266
11
1.6003937401574804
21
1.9251968503937007
0
LINE
8
BLACK
6
CONTINUOUS
10
1.6338582677165354
20
1.9251968503937007
11
1.6181102362204725
21
1.9251968503937007
0
LINE
8
BLACK
6
CONTINUOUS
10
1.6181102362204725
20
1.9251968503937007
11
1.6181102362204725
21
1.9566929133858266
0
LINE
8
BLACK
6
CONTINUOUS
10
1.6181102362204725
20
1.9566929133858266
11
1.6338582677165354
21
1.9566929133858266
0
LINE
8
BLACK
6
CONTINUOUS
10
1.6338582677165354
20
1.9566929133858266
11
1.6338582677165354
21
1.9251968503937007
0
LINE
8
BLACK
6
CONTINUOUS
10
1.6673228346456692
20
1.9251968503937007
11
1.6515748031496063
21
1.9251968503937007
0
LINE
8
BLACK
6
CONTINUOUS
10
1.6515748031496063
20
1.9251968503937007
11
1.6515748031496063
21
1.9566929133858266
0
LINE
8
BLACK
6
CONTINUOUS
10
1.6515748031496063
20
1.9566929133858266
11
1.6673228346456692
21
1.9566929133858266
0
LINE
8
BLACK
6
CONTINUOUS
10
1.6673228346456692
20
1.9566929133858266
11
1.6673228346456692
21
1.9251968503937007
0
LINE
8
BLACK
6
CONTINUOUS
10
1.700787401574803
20
1.9251968503937007
11
1.6850393700787401
21
1.9251968503937007
0
LINE
8
BLACK
6
CONTINUOUS
10
1.6850393700787401
20
1.9251968503937007
11
1.6850393700787401
21
1.9566929133858266
0
LINE
8
BLACK
6
CONTINUOUS
10
1.6850393700787401
20
1.9566929133858266
11
1.700787401574803
21
1.9566929133858266
0
LINE
8
BLACK
6
CONTINUOUS
10
1.700787401574803
20
1.9566929133858266
11
1.700787401574803
21
1.9251968503937007
0
LINE
8
BLACK
6
CONTINUOUS
10
1.75
20
1.9251968503937007
11
1.7185039370078741
21
1.9251968503937007
0
LINE
8
BLACK
6
CONTINUOUS
10
1.7185039370078741
20
1.9251968503937007
11
1.7185039370078741
21
1.9566929133858266
0
LINE
8
BLACK
6
CONTINUOUS
10
1.7185039370078741
20
1.9566929133858266
11
1.75
21
1.9566929133858266
0
LINE
8
BLACK
6
CONTINUOUS
10
1.75
20
1.9566929133858266
11
1.75
21
1.9251968503937007
0
LINE
8
BLACK
6
CONTINUOUS
10
0.8730617716535433
20
2.1125627165354328
11
0.8798356692913386
21
2.1097568897637795
0
LINE
8
BLACK
6
CONTINUOUS
10
0.8798356692913386
20
2.1097568897637795
11
0.8859320078740157
21
2.1056834645669289
0
LINE
8
BLACK
6
CONTINUOUS
10
0.8859320078740157
20
2.1056834645669289
11
0.8911164960629921
21
2.1004989763779527
0
LINE
8
BLACK
6
CONTINUOUS
10
0.8911164960629921
20
2.1004989763779527
11
0.8951899212598425
21
2.0944026377952754
0
LINE
8
BLACK
6
CONTINUOUS
10
0.8951899212598425
20
2.0944026377952754
11
0.8979957480314961
21
2.0876287401574802
0
LINE
8
BLACK
6
CONTINUOUS
10
0.8979957480314961
20
2.0876287401574802
11
0.8994261417322834
21
2.0804376377952756
0
LINE
8
BLACK
6
CONTINUOUS
10
0.8994261417322834
20
2.0804376377952756
11
0.8996062598425196
21
2.076771653543307
0
LINE
8
BLACK
6
CONTINUOUS
10
0.8996062598425196
20
2.076771653543307
11
0.8996062598425196
21
2.0570866141732282
0
LINE
8
BLACK
6
CONTINUOUS
10
0.8996062598425196
20
2.0570866141732282
11
0.8994261417322834
21
2.0534206299212596
0
LINE
8
BLACK
6
CONTINUOUS
10
0.8994261417322834
20
2.0534206299212596
11
0.8979957480314961
21
2.046229527559055
0
LINE
8
BLACK
6
CONTINUOUS
10
0.8979957480314961
20
2.046229527559055
11
0.8951899212598425
21
2.0394556299212598
0
LINE
8
BLACK
6
CONTINUOUS
10
0.8951899212598425
20
2.0394556299212598
11
0.8911164960629921
21
2.0333592913385825
0
LINE
8
BLACK
6
CONTINUOUS
10
0.8911164960629921
20
2.0333592913385825
11
0.8859320078740157
21
2.0281748031496063
0
LINE
8
BLACK
6
CONTINUOUS
10
0.8859320078740157
20
2.0281748031496063
11
0.8798356692913386
21
2.0241013779527557
0
LINE
8
BLACK
6
CONTINUOUS
10
0.8798356692913386
20
2.0241013779527557
11
0.8730617716535433
21
2.0212955511811024
0
LINE
8
BLACK
6
CONTINUOUS
10
0.8730617716535433
20
2.0212955511811024
11
0.8658706692913386
21
2.0198651574803148
0
LINE
8
BLACK
6
CONTINUOUS
10
0.8658706692913386
20
2.0198651574803148
11
0.8585387007874016
21
2.0198651574803148
0
LINE
8
BLACK
6
CONTINUOUS
10
0.8585387007874016
20
2.0198651574803148
11
0.8513475984251968
21
2.0212955511811024
0
LINE
8
BLACK
6
CONTINUOUS
10
0.8513475984251968
20
2.0212955511811024
11
0.8445737007874016
21
2.0241013779527557
0
LINE
8
BLACK
6
CONTINUOUS
10
0.8445737007874016
20
2.0241013779527557
11
0.8384773622047244
21
2.0281748031496063
0
LINE
8
BLACK
6
CONTINUOUS
10
0.8384773622047244
20
2.0281748031496063
11
0.833292874015748
21
2.0333592913385825
0
LINE
8
BLACK
6
CONTINUOUS
10
0.833292874015748
20
2.0333592913385825
11
0.8292194488188976
21
2.0394556299212598
0
LINE
8
BLACK
6
CONTINUOUS
10
0.8292194488188976
20
2.0394556299212598
11
0.8264136220472441
21
2.046229527559055
0
LINE
8
BLACK
6
CONTINUOUS
10
0.8264136220472441
20
2.046229527559055
11
0.8249832283464567
21
2.0534206299212596
0
LINE
8
BLACK
6
CONTINUOUS
10
0.8249832283464567
20
2.0534206299212596
11
0.8248031102362204
21
2.0570866141732282
0
LINE
8
BLACK
6
CONTINUOUS
10
0.8248031102362204
20
2.0570866141732282
11
0.8248031102362204
21
2.076771653543307
0
LINE
8
BLACK
6
CONTINUOUS
10
0.8248031102362204
20
2.076771653543307
11
0.8249832283464567
21
2.0804376377952756
0
LINE
8
BLACK
6
CONTINUOUS
10
0.8249832283464567
20
2.0804376377952756
11
0.8264136220472441
21
2.0876287401574802
0
LINE
8
BLACK
6
CONTINUOUS
10
0.8264136220472441
20
2.0876287401574802
11
0.8292194488188976
21
2.0944026377952754
0
LINE
8
BLACK
6
CONTINUOUS
10
0.8292194488188976
20
2.0944026377952754
11
0.833292874015748
21
2.1004989763779527
0
LINE
8
BLACK
6
CONTINUOUS
10
0.833292874015748
20
2.1004989763779527
11
0.8384773622047244
21
2.1056834645669289
0
LINE
8
BLACK
6
CONTINUOUS
10
0.8384773622047244
20
2.1056834645669289
11
0.8445737007874016
21
2.1097568897637795
0
LINE
8
BLACK
6
CONTINUOUS
10
0.8445737007874016
20
2.1097568897637795
11
0.8513475984251968
21
2.1125627165354328
0
LINE
8
BLACK
6
CONTINUOUS
10
0.8513475984251968
20
2.1125627165354328
11
0.8585387007874016
21
2.1139931102362204
0
LINE
8
BLACK
6
CONTINUOUS
10
0.8585387007874016
20
2.1139931102362204
11
0.8658706692913386
21
2.1139931102362204
0
LINE
8
BLACK
6
CONTINUOUS
10
0.8658706692913386
20
2.1139931102362204
11
0.8730617716535433
21
2.1125627165354328
0
LINE
8
BLACK
6
CONTINUOUS
10
0.8166533858267716
20
2.0959372440944883
11
0.8188673228346457
21
2.0944579527559055
0
LINE
8
BLACK
6
CONTINUOUS
10
0.8188673228346457
20
2.0944579527559055
11
0.8203466141732283
21
2.0922440157480313
0
LINE
8
BLACK
6
CONTINUOUS
10
0.8203466141732283
20
2.0922440157480313
11
0.8208660629921259
21
2.0896325196850394
0
LINE
8
BLACK
6
CONTINUOUS
10
0.8208660629921259
20
2.0896325196850394
11
0.8208660629921259
21
2.0442257480314958
0
LINE
8
BLACK
6
CONTINUOUS
10
0.8208660629921259
20
2.0442257480314958
11
0.8203466141732283
21
2.0416142519685039
0
LINE
8
BLACK
6
CONTINUOUS
10
0.8203466141732283
20
2.0416142519685039
11
0.8188673228346457
21
2.0394003149606297
0
LINE
8
BLACK
6
CONTINUOUS
10
0.8188673228346457
20
2.0394003149606297
11
0.8166533858267716
21
2.0379210236220473
0
LINE
8
BLACK
6
CONTINUOUS
10
0.8166533858267716
20
2.0379210236220473
11
0.8140418897637796
21
2.0374015748031495
0
LINE
8
BLACK
6
CONTINUOUS
10
0.8140418897637796
20
2.0374015748031495
11
0.7765091338582677
21
2.0374015748031495
0
LINE
8
BLACK
6
CONTINUOUS
10
0.7765091338582677
20
2.0374015748031495
11
0.7738976377952755
21
2.0379210236220473
0
LINE
8
BLACK
6
CONTINUOUS
10
0.7738976377952755
20
2.0379210236220473
11
0.7716837007874016
21
2.0394003149606297
0
LINE
8
BLACK
6
CONTINUOUS
10
0.7716837007874016
20
2.0394003149606297
11
0.7702044094488188
21
2.0416142519685039
0
LINE
8
BLACK
6
CONTINUOUS
10
0.7702044094488188
20
2.0416142519685039
11
0.7696849606299212
21
2.0442257480314958
0
LINE
8
BLACK
6
CONTINUOUS
10
0.7696849606299212
20
2.0442257480314958
11
0.7696849606299212
21
2.0896325196850394
0
LINE
8
BLACK
6
CONTINUOUS
10
0.7696849606299212
20
2.0896325196850394
11
0.7702044094488188
21
2.0922440157480313
0
LINE
8
BLACK
6
CONTINUOUS
10
0.7702044094488188
20
2.0922440157480313
11
0.7716837007874016
21
2.0944579527559055
0
LINE
8
BLACK
6
CONTINUOUS
10
0.7716837007874016
20
2.0944579527559055
11
0.7738976377952755
21
2.0959372440944883
0
LINE
8
BLACK
6
CONTINUOUS
10
0.7738976377952755
20
2.0959372440944883
11
0.7765091338582677
21
2.0964566929133857
0
LINE
8
BLACK
6
CONTINUOUS
10
0.7765091338582677
20
2.0964566929133857
11
0.8140418897637796
21
2.0964566929133857
0
LINE
8
BLACK
6
CONTINUOUS
10
0.8140418897637796
20
2.0964566929133857
11
0.8166533858267716
21
2.0959372440944883
0
LINE
8
BLACK
6
CONTINUOUS
10
0.9505117322834645
20
2.0959372440944883
11
0.9527256692913385
21
2.0944579527559055
0
LINE
8
BLACK
6
CONTINUOUS
10
0.9527256692913385
20
2.0944579527559055
11
0.9542049606299212
21
2.0922440157480313
0
LINE
8
BLACK
6
CONTINUOUS
10
0.9542049606299212
20
2.0922440157480313
11
0.9547244094488189
21
2.0896325196850394
0
LINE
8
BLACK
6
CONTINUOUS
10
0.9547244094488189
20
2.0896325196850394
11
0.9547244094488189
21
2.0442257480314958
0
LINE
8
BLACK
6
CONTINUOUS
10
0.9547244094488189
20
2.0442257480314958
11
0.9542049606299212
21
2.0416142519685039
0
LINE
8
BLACK
6
CONTINUOUS
10
0.9542049606299212
20
2.0416142519685039
11
0.9527256692913385
21
2.0394003149606297
0
LINE
8
BLACK
6
CONTINUOUS
10
0.9527256692913385
20
2.0394003149606297
11
0.9505117322834645
21
2.0379210236220473
0
LINE
8
BLACK
6
CONTINUOUS
10
0.9505117322834645
20
2.0379210236220473
11
0.9479002362204724
21
2.0374015748031495
0
LINE
8
BLACK
6
CONTINUOUS
10
0.9479002362204724
20
2.0374015748031495
11
0.9103674803149606
21
2.0374015748031495
0
LINE
8
BLACK
6
CONTINUOUS
10
0.9103674803149606
20
2.0374015748031495
11
0.9077559842519685
21
2.0379210236220473
0
LINE
8
BLACK
6
CONTINUOUS
10
0.9077559842519685
20
2.0379210236220473
11
0.9055420472440945
21
2.0394003149606297
0
LINE
8
BLACK
6
CONTINUOUS
10
0.9055420472440945
20
2.0394003149606297
11
0.9040627559055118
21
2.0416142519685039
0
LINE
8
BLACK
6
CONTINUOUS
10
0.9040627559055118
20
2.0416142519685039
11
0.9035433070866141
21
2.0442257480314958
0
LINE
8
BLACK
6
CONTINUOUS
10
0.9035433070866141
20
2.0442257480314958
11
0.9035433070866141
21
2.0896325196850394
0
LINE
8
BLACK
6
CONTINUOUS
10
0.9035433070866141
20
2.0896325196850394
11
0.9040627559055118
21
2.0922440157480313
0
LINE
8
BLACK
6
CONTINUOUS
10
0.9040627559055118
20
2.0922440157480313
11
0.9055420472440945
21
2.0944579527559055
0
LINE
8
BLACK
6
CONTINUOUS
10
0.9055420472440945
20
2.0944579527559055
11
0.9077559842519685
21
2.0959372440944883
0
LINE
8
BLACK
6
CONTINUOUS
10
0.9077559842519685
20
2.0959372440944883
11
0.9103674803149606
21
2.0964566929133857
0
LINE
8
BLACK
6
CONTINUOUS
10
0.9103674803149606
20
2.0964566929133857
11
0.9479002362204724
21
2.0964566929133857
0
LINE
8
BLACK
6
CONTINUOUS
10
0.9479002362204724
20
2.0964566929133857
11
0.9505117322834645
21
2.0959372440944883
0
LINE
8
BLACK
6
CONTINUOUS
10
0.9540618503937007
20
2.3968885826771653
11
0.957255
21
2.394755
0
LINE
8
BLACK
6
CONTINUOUS
10
0.957255
20
2.394755
11
0.9593885826771653
21
2.3915618503937006
0
LINE
8
BLACK
6
CONTINUOUS
10
0.9593885826771653
20
2.3915618503937006
11
0.9601377952755905
21
2.3877952755905509
0
LINE
8
BLACK
6
CONTINUOUS
10
0.9601377952755905
20
2.3877952755905509
11
0.9601377952755905
21
2.3523622047244093
0
LINE
8
BLACK
6
CONTINUOUS
10
0.9601377952755905
20
2.3523622047244093
11
0.9593885826771653
21
2.3485956299212596
0
LINE
8
BLACK
6
CONTINUOUS
10
0.9593885826771653
20
2.3485956299212596
11
0.957255
21
2.3454024803149607
0
LINE
8
BLACK
6
CONTINUOUS
10
0.957255
20
2.3454024803149607
11
0.9540618503937007
21
2.3432688976377953
0
LINE
8
BLACK
6
CONTINUOUS
10
0.9540618503937007
20
2.3432688976377953
11
0.9502952755905512
21
2.3425196850393699
0
LINE
8
BLACK
6
CONTINUOUS
10
0.9502952755905512
20
2.3425196850393699
11
0.9296259842519685
21
2.3425196850393699
0
LINE
8
BLACK
6
CONTINUOUS
10
0.9296259842519685
20
2.3425196850393699
11
0.9258594094488188
21
2.3432688976377953
0
LINE
8
BLACK
6
CONTINUOUS
10
0.9258594094488188
20
2.3432688976377953
11
0.9226662598425197
21
2.3454024803149607
0
LINE
8
BLACK
6
CONTINUOUS
10
0.9226662598425197
20
2.3454024803149607
11
0.9205326771653544
21
2.3485956299212596
0
LINE
8
BLACK
6
CONTINUOUS
10
0.9205326771653544
20
2.3485956299212596
11
0.9197834645669292
21
2.3523622047244093
0
LINE
8
BLACK
6
CONTINUOUS
10
0.9197834645669292
20
2.3523622047244093
11
0.9197834645669292
21
2.3877952755905509
0
LINE
8
BLACK
6
CONTINUOUS
10
0.9197834645669292
20
2.3877952755905509
11
0.9205326771653544
21
2.3915618503937006
0
LINE
8
BLACK
6
CONTINUOUS
10
0.9205326771653544
20
2.3915618503937006
11
0.9226662598425197
21
2.394755
0
LINE
8
BLACK
6
CONTINUOUS
10
0.9226662598425197
20
2.394755
11
0.9258594094488188
21
2.3968885826771653
0
LINE
8
BLACK
6
CONTINUOUS
10
0.9258594094488188
20
2.3968885826771653
11
0.9296259842519685
21
2.3976377952755903
0
LINE
8
BLACK
6
CONTINUOUS
10
0.9296259842519685
20
2.3976377952755903
11
0.9502952755905512
21
2.3976377952755903
0
LINE
8
BLACK
6
CONTINUOUS
10
0.9502952755905512
20
2.3976377952755903
11
0.9540618503937007
21
2.3968885826771653
0
LINE
8
BLACK
6
CONTINUOUS
10
1.0259122440944881
20
2.3968885826771653
11
1.0291053937007875
21
2.394755
0
LINE
8
BLACK
6
CONTINUOUS
10
1.0291053937007875
20
2.394755
11
1.0312389763779528
21
2.3915618503937006
0
LINE
8
BLACK
6
CONTINUOUS
10
1.0312389763779528
20
2.3915618503937006
11
1.031988188976378
21
2.3877952755905509
0
LINE
8
BLACK
6
CONTINUOUS
10
1.031988188976378
20
2.3877952755905509
11
1.031988188976378
21
2.3523622047244093
0
LINE
8
BLACK
6
CONTINUOUS
10
1.031988188976378
20
2.3523622047244093
11
1.0312389763779528
21
2.3485956299212596
0
LINE
8
BLACK
6
CONTINUOUS
10
1.0312389763779528
20
2.3485956299212596
11
1.0291053937007875
21
2.3454024803149607
0
LINE
8
BLACK
6
CONTINUOUS
10
1.0291053937007875
20
2.3454024803149607
11
1.0259122440944881
21
2.3432688976377953
0
LINE
8
BLACK
6
CONTINUOUS
10
1.0259122440944881
20
2.3432688976377953
11
1.0221456692913387
21
2.3425196850393699
0
LINE
8
BLACK
6
CONTINUOUS
10
1.0221456692913387
20
2.3425196850393699
11
1.0014763779527558
21
2.3425196850393699
0
LINE
8
BLACK
6
CONTINUOUS
10
1.0014763779527558
20
2.3425196850393699
11
0.9977098031496062
21
2.3432688976377953
0
LINE
8
BLACK
6
CONTINUOUS
10
0.9977098031496062
20
2.3432688976377953
11
0.9945166535433071
21
2.3454024803149607
0
LINE
8
BLACK
6
CONTINUOUS
10
0.9945166535433071
20
2.3454024803149607
11
0.9923830708661417
21
2.3485956299212596
0
LINE
8
BLACK
6
CONTINUOUS
10
0.9923830708661417
20
2.3485956299212596
11
0.9916338582677166
21
2.3523622047244093
0
LINE
8
BLACK
6
CONTINUOUS
10
0.9916338582677166
20
2.3523622047244093
11
0.9916338582677166
21
2.3877952755905509
0
LINE
8
BLACK
6
CONTINUOUS
10
0.9916338582677166
20
2.3877952755905509
11
0.9923830708661417
21
2.3915618503937006
0
LINE
8
BLACK
6
CONTINUOUS
10
0.9923830708661417
20
2.3915618503937006
11
0.9945166535433071
21
2.394755
0
LINE
8
BLACK
6
CONTINUOUS
10
0.9945166535433071
20
2.394755
11
0.9977098031496062
21
2.3968885826771653
0
LINE
8
BLACK
6
CONTINUOUS
10
0.9977098031496062
20
2.3968885826771653
11
1.0014763779527558
21
2.3976377952755903
0
LINE
8
BLACK
6
CONTINUOUS
10
1.0014763779527558
20
2.3976377952755903
11
1.0221456692913387
21
2.3976377952755903
0
LINE
8
BLACK
6
CONTINUOUS
10
1.0221456692913387
20
2.3976377952755903
11
1.0259122440944881
21
2.3968885826771653
0
LINE
8
BLACK
6
CONTINUOUS
10
0.8718465748031495
20
2.4365583464566929
11
0.8737624409448819
21
2.4352781889763779
0
LINE
8
BLACK
6
CONTINUOUS
10
0.8737624409448819
20
2.4352781889763779
11
0.8750425984251968
21
2.4333623228346455
0
LINE
8
BLACK
6
CONTINUOUS
10
0.8750425984251968
20
2.4333623228346455
11
0.875492125984252
21
2.4311023622047245
0
LINE
8
BLACK
6
CONTINUOUS
10
0.875492125984252
20
2.4311023622047245
11
0.875492125984252
21
2.4192913385826773
0
LINE
8
BLACK
6
CONTINUOUS
10
0.875492125984252
20
2.4192913385826773
11
0.8750425984251968
21
2.4170313779527559
0
LINE
8
BLACK
6
CONTINUOUS
10
0.8750425984251968
20
2.4170313779527559
11
0.8737624409448819
21
2.4151155118110235
0
LINE
8
BLACK
6
CONTINUOUS
10
0.8737624409448819
20
2.4151155118110235
11
0.8718465748031495
21
2.4138353543307085
0
LINE
8
BLACK
6
CONTINUOUS
10
0.8718465748031495
20
2.4138353543307085
11
0.8695866141732284
21
2.4133858267716537
0
LINE
8
BLACK
6
CONTINUOUS
10
0.8695866141732284
20
2.4133858267716537
11
0.8233267716535433
21
2.4133858267716537
0
LINE
8
BLACK
6
CONTINUOUS
10
0.8233267716535433
20
2.4133858267716537
11
0.821066811023622
21
2.4138353543307085
0
LINE
8
BLACK
6
CONTINUOUS
10
0.821066811023622
20
2.4138353543307085
11
0.8191509448818898
21
2.4151155118110235
0
LINE
8
BLACK
6
CONTINUOUS
10
0.8191509448818898
20
2.4151155118110235
11
0.8178707874015748
21
2.4170313779527559
0
LINE
8
BLACK
6
CONTINUOUS
10
0.8178707874015748
20
2.4170313779527559
11
0.8174212598425197
21
2.4192913385826773
0
LINE
8
BLACK
6
CONTINUOUS
10
0.8174212598425197
20
2.4192913385826773
11
0.8174212598425197
21
2.4311023622047245
0
LINE
8
BLACK
6
CONTINUOUS
10
0.8174212598425197
20
2.4311023622047245
11
0.8178707874015748
21
2.4333623228346455
0
LINE
8
BLACK
6
CONTINUOUS
10
0.8178707874015748
20
2.4333623228346455
11
0.8191509448818898
21
2.4352781889763779
0
LINE
8
BLACK
6
CONTINUOUS
10
0.8191509448818898
20
2.4352781889763779
11
0.821066811023622
21
2.4365583464566929
0
LINE
8
BLACK
6
CONTINUOUS
10
0.821066811023622
20
2.4365583464566929
11
0.8233267716535433
21
2.4370078740157481
0
LINE
8
BLACK
6
CONTINUOUS
10
0.8233267716535433
20
2.4370078740157481
11
0.8695866141732284
21
2.4370078740157481
0
LINE
8
BLACK
6
CONTINUOUS
10
0.8695866141732284
20
2.4370078740157481
11
0.8718465748031495
21
2.4365583464566929
0
LINE
8
BLACK
6
CONTINUOUS
10
0.7980276377952755
20
2.4739599212598424
11
0.7999435039370079
21
2.4726797637795275
0
LINE
8
BLACK
6
CONTINUOUS
10
0.7999435039370079
20
2.4726797637795275
11
0.8012236614173228
21
2.470763897637795
0
LINE
8
BLACK
6
CONTINUOUS
10
0.8012236614173228
20
2.470763897637795
11
0.801673188976378
21
2.4685039370078741
0
LINE
8
BLACK
6
CONTINUOUS
10
0.801673188976378
20
2.4685039370078741
11
0.801673188976378
21
2.4566929133858268
0
LINE
8
BLACK
6
CONTINUOUS
10
0.801673188976378
20
2.4566929133858268
11
0.8012236614173228
21
2.4544329527559055
0
LINE
8
BLACK
6
CONTINUOUS
10
0.8012236614173228
20
2.4544329527559055
11
0.7999435039370079
21
2.452517086614173
0
LINE
8
BLACK
6
CONTINUOUS
10
0.7999435039370079
20
2.452517086614173
11
0.7980276377952755
21
2.451236929133858
0
LINE
8
BLACK
6
CONTINUOUS
10
0.7980276377952755
20
2.451236929133858
11
0.7957676771653543
21
2.4507874015748032
0
LINE
8
BLACK
6
CONTINUOUS
10
0.7957676771653543
20
2.4507874015748032
11
0.7495078346456693
21
2.4507874015748032
0
LINE
8
BLACK
6
CONTINUOUS
10
0.7495078346456693
20
2.4507874015748032
11
0.747247874015748
21
2.451236929133858
0
LINE
8
BLACK
6
CONTINUOUS
10
0.747247874015748
20
2.451236929133858
11
0.7453320078740158
21
2.452517086614173
0
LINE
8
BLACK
6
CONTINUOUS
10
0.7453320078740158
20
2.452517086614173
11
0.7440518503937008
21
2.4544329527559055
0
LINE
8
BLACK
6
CONTINUOUS
10
0.7440518503937008
20
2.4544329527559055
11
0.7436023228346457
21
2.4566929133858268
0
LINE
8
BLACK
6
CONTINUOUS
10
0.7436023228346457
20
2.4566929133858268
11
0.7436023228346457
21
2.4685039370078741
0
LINE
8
BLACK
6
CONTINUOUS
10
0.7436023228346457
20
2.4685039370078741
11
0.7440518503937008
21
2.470763897637795
0
LINE
8
BLACK
6
CONTINUOUS
10
0.7440518503937008
20
2.470763897637795
11
0.7453320078740158
21
2.4726797637795275
0
LINE
8
BLACK
6
CONTINUOUS
10
0.7453320078740158
20
2.4726797637795275
11
0.747247874015748
21
2.4739599212598424
0
LINE
8
BLACK
6
CONTINUOUS
10
0.747247874015748
20
2.4739599212598424
11
0.7495078346456693
21
2.4744094488188977
0
LINE
8
BLACK
6
CONTINUOUS
10
0.7495078346456693
20
2.4744094488188977
11
0.7957676771653543
21
2.4744094488188977
0
LINE
8
BLACK
6
CONTINUOUS
10
0.7957676771653543
20
2.4744094488188977
11
0.7980276377952755
21
2.4739599212598424
0
LINE
8
BLACK
6
CONTINUOUS
10
0.8718465748031495
20
2.511361496062992
11
0.8737624409448819
21
2.510081338582677
0
LINE
8
BLACK
6
CONTINUOUS
10
0.8737624409448819
20
2.510081338582677
11
0.8750425984251968
21
2.508165472440945
0
LINE
8
BLACK
6
CONTINUOUS
10
0.8750425984251968
20
2.508165472440945
11
0.875492125984252
21
2.5059055118110236
0
LINE
8
BLACK
6
CONTINUOUS
10
0.875492125984252
20
2.5059055118110236
11
0.875492125984252
21
2.4940944881889764
0
LINE
8
BLACK
6
CONTINUOUS
10
0.875492125984252
20
2.4940944881889764
11
0.8750425984251968
21
2.491834527559055
0
LINE
8
BLACK
6
CONTINUOUS
10
0.8750425984251968
20
2.491834527559055
11
0.8737624409448819
21
2.489918661417323
0
LINE
8
BLACK
6
CONTINUOUS
10
0.8737624409448819
20
2.489918661417323
11
0.8718465748031495
21
2.488638503937008
0
LINE
8
BLACK
6
CONTINUOUS
10
0.8718465748031495
20
2.488638503937008
11
0.8695866141732284
21
2.4881889763779528
0
LINE
8
BLACK
6
CONTINUOUS
10
0.8695866141732284
20
2.4881889763779528
11
0.8233267716535433
21
2.4881889763779528
0
LINE
8
BLACK
6
CONTINUOUS
10
0.8233267716535433
20
2.4881889763779528
11
0.821066811023622
21
2.488638503937008
0
LINE
8
BLACK
6
CONTINUOUS
10
0.821066811023622
20
2.488638503937008
11
0.8191509448818898
21
2.489918661417323
0
LINE
8
BLACK
6
CONTINUOUS
10
0.8191509448818898
20
2.489918661417323
11
0.8178707874015748
21
2.491834527559055
0
LINE
8
BLACK
6
CONTINUOUS
10
0.8178707874015748
20
2.491834527559055
11
0.8174212598425197
21
2.4940944881889764
0
LINE
8
BLACK
6
CONTINUOUS
10
0.8174212598425197
20
2.4940944881889764
11
0.8174212598425197
21
2.5059055118110236
0
LINE
8
BLACK
6
CONTINUOUS
10
0.8174212598425197
20
2.5059055118110236
11
0.8178707874015748
21
2.508165472440945
0
LINE
8
BLACK
6
CONTINUOUS
10
0.8178707874015748
20
2.508165472440945
11
0.8191509448818898
21
2.510081338582677
0
LINE
8
BLACK
6
CONTINUOUS
10
0.8191509448818898
20
2.510081338582677
11
0.821066811023622
21
2.511361496062992
0
LINE
8
BLACK
6
CONTINUOUS
10
0.821066811023622
20
2.511361496062992
11
0.8233267716535433
21
2.5118110236220472
0
LINE
8
BLACK
6
CONTINUOUS
10
0.8233267716535433
20
2.5118110236220472
11
0.8695866141732284
21
2.5118110236220472
0
LINE
8
BLACK
6
CONTINUOUS
10
0.8695866141732284
20
2.5118110236220472
11
0.8718465748031495
21
2.511361496062992
0
LINE
8
BLACK
6
CONTINUOUS
10
1.0337862598425196
20
2.5661799212598426
11
1.0369794094488189
21
2.5640463385826773
0
LINE
8
BLACK
6
CONTINUOUS
10
1.0369794094488189
20
2.5640463385826773
11
1.0391129921259843
21
2.5608531889763779
0
LINE
8
BLACK
6
CONTINUOUS
10
1.0391129921259843
20
2.5608531889763779
11
1.0398622047244095
21
2.5570866141732282
0
LINE
8
BLACK
6
CONTINUOUS
10
1.0398622047244095
20
2.5570866141732282
11
1.0398622047244095
21
2.5216535433070866
0
LINE
8
BLACK
6
CONTINUOUS
10
1.0398622047244095
20
2.5216535433070866
11
1.0391129921259843
21
2.5178869685039369
0
LINE
8
BLACK
6
CONTINUOUS
10
1.0391129921259843
20
2.5178869685039369
11
1.0369794094488189
21
2.5146938188976375
0
LINE
8
BLACK
6
CONTINUOUS
10
1.0369794094488189
20
2.5146938188976375
11
1.0337862598425196
21
2.5125602362204722
0
LINE
8
BLACK
6
CONTINUOUS
10
1.0337862598425196
20
2.5125602362204722
11
1.0300196850393701
21
2.5118110236220472
0
LINE
8
BLACK
6
CONTINUOUS
10
1.0300196850393701
20
2.5118110236220472
11
1.0093503937007873
21
2.5118110236220472
0
LINE
8
BLACK
6
CONTINUOUS
10
1.0093503937007873
20
2.5118110236220472
11
1.0055838188976378
21
2.5125602362204722
0
LINE
8
BLACK
6
CONTINUOUS
10
1.0055838188976378
20
2.5125602362204722
11
1.0023906692913385
21
2.5146938188976375
0
LINE
8
BLACK
6
CONTINUOUS
10
1.0023906692913385
20
2.5146938188976375
11
1.0002570866141731
21
2.5178869685039369
0
LINE
8
BLACK
6
CONTINUOUS
10
1.0002570866141731
20
2.5178869685039369
11
0.999507874015748
21
2.5216535433070866
0
LINE
8
BLACK
6
CONTINUOUS
10
0.999507874015748
20
2.5216535433070866
11
0.999507874015748
21
2.5570866141732282
0
LINE
8
BLACK
6
CONTINUOUS
10
0.999507874015748
20
2.5570866141732282
11
1.0002570866141731
21
2.5608531889763779
0
LINE
8
BLACK
6
CONTINUOUS
10
1.0002570866141731
20
2.5608531889763779
11
1.0023906692913385
21
2.5640463385826773
0
LINE
8
BLACK
6
CONTINUOUS
10
1.0023906692913385
20
2.5640463385826773
11
1.0055838188976378
21
2.5661799212598426
0
LINE
8
BLACK
6
CONTINUOUS
10
1.0055838188976378
20
2.5661799212598426
11
1.0093503937007873
21
2.5669291338582676
0
LINE
8
BLACK
6
CONTINUOUS
10
1.0093503937007873
20
2.5669291338582676
11
1.0300196850393701
21
2.5669291338582676
0
LINE
8
BLACK
6
CONTINUOUS
10
1.0300196850393701
20
2.5669291338582676
11
1.0337862598425196
21
2.5661799212598426
0
LINE
8
BLACK
6
CONTINUOUS
10
1.1056366535433071
20
2.5661799212598426
11
1.1088298031496062
21
2.5640463385826773
0
LINE
8
BLACK
6
CONTINUOUS
10
1.1088298031496062
20
2.5640463385826773
11
1.1109633858267716
21
2.5608531889763779
0
LINE
8
BLACK
6
CONTINUOUS
10
1.1109633858267716
20
2.5608531889763779
11
1.1117125984251968
21
2.5570866141732282
0
LINE
8
BLACK
6
CONTINUOUS
10
1.1117125984251968
20
2.5570866141732282
11
1.1117125984251968
21
2.5216535433070866
0
LINE
8
BLACK
6
CONTINUOUS
10
1.1117125984251968
20
2.5216535433070866
11
1.1109633858267716
21
2.5178869685039369
0
LINE
8
BLACK
6
CONTINUOUS
10
1.1109633858267716
20
2.5178869685039369
11
1.1088298031496062
21
2.5146938188976375
0
LINE
8
BLACK
6
CONTINUOUS
10
1.1088298031496062
20
2.5146938188976375
11
1.1056366535433071
21
2.5125602362204722
0
LINE
8
BLACK
6
CONTINUOUS
10
1.1056366535433071
20
2.5125602362204722
11
1.1018700787401574
21
2.5118110236220472
0
LINE
8
BLACK
6
CONTINUOUS
10
1.1018700787401574
20
2.5118110236220472
11
1.0812007874015748
21
2.5118110236220472
0
LINE
8
BLACK
6
CONTINUOUS
10
1.0812007874015748
20
2.5118110236220472
11
1.0774342125984251
21
2.5125602362204722
0
LINE
8
BLACK
6
CONTINUOUS
10
1.0774342125984251
20
2.5125602362204722
11
1.074241062992126
21
2.5146938188976375
0
LINE
8
BLACK
6
CONTINUOUS
10
1.074241062992126
20
2.5146938188976375
11
1.0721074803149606
21
2.5178869685039369
0
LINE
8
BLACK
6
CONTINUOUS
10
1.0721074803149606
20
2.5178869685039369
11
1.0713582677165354
21
2.5216535433070866
0
LINE
8
BLACK
6
CONTINUOUS
10
1.0713582677165354
20
2.5216535433070866
11
1.0713582677165354
21
2.5570866141732282
0
LINE
8
BLACK
6
CONTINUOUS
10
1.0713582677165354
20
2.5570866141732282
11
1.0721074803149606
21
2.5608531889763779
0
LINE
8
BLACK
6
CONTINUOUS
10
1.0721074803149606
20
2.5608531889763779
11
1.074241062992126
21
2.5640463385826773
0
LINE
8
BLACK
6
CONTINUOUS
10
1.074241062992126
20
2.5640463385826773
11
1.0774342125984251
21
2.5661799212598426
0
LINE
8
BLACK
6
CONTINUOUS
10
1.0774342125984251
20
2.5661799212598426
11
1.0812007874015748
21
2.5669291338582676
0
LINE
8
BLACK
6
CONTINUOUS
10
1.0812007874015748
20
2.5669291338582676
11
1.1018700787401574
21
2.5669291338582676
0
LINE
8
BLACK
6
CONTINUOUS
10
1.1018700787401574
20
2.5669291338582676
11
1.1056366535433071
21
2.5661799212598426
0
LINE
8
BLACK
6
CONTINUOUS
10
0.7296524015748032
20
2.6764161417322834
11
0.7328455511811024
21
2.674282559055118
0
LINE
8
BLACK
6
CONTINUOUS
10
0.7328455511811024
20
2.674282559055118
11
0.7349791338582677
21
2.6710894094488187
0
LINE
8
BLACK
6
CONTINUOUS
10
0.7349791338582677
20
2.6710894094488187
11
0.7357283464566929
21
2.6673228346456694
0
LINE
8
BLACK
6
CONTINUOUS
10
0.7357283464566929
20
2.6673228346456694
11
0.7357283464566929
21
2.6318897637795273
0
LINE
8
BLACK
6
CONTINUOUS
10
0.7357283464566929
20
2.6318897637795273
11
0.7349791338582677
21
2.6281231889763781
0
LINE
8
BLACK
6
CONTINUOUS
10
0.7349791338582677
20
2.6281231889763781
11
0.7328455511811024
21
2.6249300393700787
0
LINE
8
BLACK
6
CONTINUOUS
10
0.7328455511811024
20
2.6249300393700787
11
0.7296524015748032
21
2.6227964566929134
0
LINE
8
BLACK
6
CONTINUOUS
10
0.7296524015748032
20
2.6227964566929134
11
0.7258858267716535
21
2.622047244094488
0
LINE
8
BLACK
6
CONTINUOUS
10
0.7258858267716535
20
2.622047244094488
11
0.7052165354330708
21
2.622047244094488
0
LINE
8
BLACK
6
CONTINUOUS
10
0.7052165354330708
20
2.622047244094488
11
0.7014499606299213
21
2.6227964566929134
0
LINE
8
BLACK
6
CONTINUOUS
10
0.7014499606299213
20
2.6227964566929134
11
0.698256811023622
21
2.6249300393700787
0
LINE
8
BLACK
6
CONTINUOUS
10
0.698256811023622
20
2.6249300393700787
11
0.6961232283464567
21
2.6281231889763781
0
LINE
8
BLACK
6
CONTINUOUS
10
0.6961232283464567
20
2.6281231889763781
11
0.6953740157480315
21
2.6318897637795273
0
LINE
8
BLACK
6
CONTINUOUS
10
0.6953740157480315
20
2.6318897637795273
11
0.6953740157480315
21
2.6673228346456694
0
LINE
8
BLACK
6
CONTINUOUS
10
0.6953740157480315
20
2.6673228346456694
11
0.6961232283464567
21
2.6710894094488187
0
LINE
8
BLACK
6
CONTINUOUS
10
0.6961232283464567
20
2.6710894094488187
11
0.698256811023622
21
2.674282559055118
0
LINE
8
BLACK
6
CONTINUOUS
10
0.698256811023622
20
2.674282559055118
11
0.7014499606299213
21
2.6764161417322834
0
LINE
8
BLACK
6
CONTINUOUS
10
0.7014499606299213
20
2.6764161417322834
11
0.7052165354330708
21
2.6771653543307088
0
LINE
8
BLACK
6
CONTINUOUS
10
0.7052165354330708
20
2.6771653543307088
11
0.7258858267716535
21
2.6771653543307088
0
LINE
8
BLACK
6
CONTINUOUS
10
0.7258858267716535
20
2.6771653543307088
11
0.7296524015748032
21
2.6764161417322834
0
LINE
8
BLACK
6
CONTINUOUS
10
0.8015027952755905
20
2.6764161417322834
11
0.8046959448818898
21
2.674282559055118
0
LINE
8
BLACK
6
CONTINUOUS
10
0.8046959448818898
20
2.674282559055118
11
0.8068295275590551
21
2.6710894094488187
0
LINE
8
BLACK
6
CONTINUOUS
10
0.8068295275590551
20
2.6710894094488187
11
0.8075787401574803
21
2.6673228346456694
0
LINE
8
BLACK
6
CONTINUOUS
10
0.8075787401574803
20
2.6673228346456694
11
0.8075787401574803
21
2.6318897637795273
0
LINE
8
BLACK
6
CONTINUOUS
10
0.8075787401574803
20
2.6318897637795273
11
0.8068295275590551
21
2.6281231889763781
0
LINE
8
BLACK
6
CONTINUOUS
10
0.8068295275590551
20
2.6281231889763781
11
0.8046959448818898
21
2.6249300393700787
0
LINE
8
BLACK
6
CONTINUOUS
10
0.8046959448818898
20
2.6249300393700787
11
0.8015027952755905
21
2.6227964566929134
0
LINE
8
BLACK
6
CONTINUOUS
10
0.8015027952755905
20
2.6227964566929134
11
0.797736220472441
21
2.622047244094488
0
LINE
8
BLACK
6
CONTINUOUS
10
0.797736220472441
20
2.622047244094488
11
0.7770669291338582
21
2.622047244094488
0
LINE
8
BLACK
6
CONTINUOUS
10
0.7770669291338582
20
2.622047244094488
11
0.7733003543307087
21
2.6227964566929134
0
LINE
8
BLACK
6
CONTINUOUS
10
0.7733003543307087
20
2.6227964566929134
11
0.7701072047244094
21
2.6249300393700787
0
LINE
8
BLACK
6
CONTINUOUS
10
0.7701072047244094
20
2.6249300393700787
11
0.7679736220472441
21
2.6281231889763781
0
LINE
8
BLACK
6
CONTINUOUS
10
0.7679736220472441
20
2.6281231889763781
11
0.7672244094488189
21
2.6318897637795273
0
LINE
8
BLACK
6
CONTINUOUS
10
0.7672244094488189
20
2.6318897637795273
11
0.7672244094488189
21
2.6673228346456694
0
LINE
8
BLACK
6
CONTINUOUS
10
0.7672244094488189
20
2.6673228346456694
11
0.7679736220472441
21
2.6710894094488187
0
LINE
8
BLACK
6
CONTINUOUS
10
0.7679736220472441
20
2.6710894094488187
11
0.7701072047244094
21
2.674282559055118
0
LINE
8
BLACK
6
CONTINUOUS
10
0.7701072047244094
20
2.674282559055118
11
0.7733003543307087
21
2.6764161417322834
0
LINE
8
BLACK
6
CONTINUOUS
10
0.7733003543307087
20
2.6764161417322834
11
0.7770669291338582
21
2.6771653543307088
0
LINE
8
BLACK
6
CONTINUOUS
10
0.7770669291338582
20
2.6771653543307088
11
0.797736220472441
21
2.6771653543307088
0
LINE
8
BLACK
6
CONTINUOUS
10
0.797736220472441
20
2.6771653543307088
11
0.8015027952755905
21
2.6764161417322834
0
LINE
8
BLACK
6
CONTINUOUS
10
0.9107547637795276
20
2.6961011811023621
11
0.9139479133858267
21
2.6939675984251967
0
LINE
8
BLACK
6
CONTINUOUS
10
0.9139479133858267
20
2.6939675984251967
11
0.9160814960629921
21
2.6907744488188974
0
LINE
8
BLACK
6
CONTINUOUS
10
0.9160814960629921
20
2.6907744488188974
11
0.9168307086614172
21
2.6870078740157481
0
LINE
8
BLACK
6
CONTINUOUS
10
0.9168307086614172
20
2.6870078740157481
11
0.9168307086614172
21
2.651574803149606
0
LINE
8
BLACK
6
CONTINUOUS
10
0.9168307086614172
20
2.651574803149606
11
0.9160814960629921
21
2.6478082283464568
0
LINE
8
BLACK
6
CONTINUOUS
10
0.9160814960629921
20
2.6478082283464568
11
0.9139479133858267
21
2.6446150787401574
0
LINE
8
BLACK
6
CONTINUOUS
10
0.9139479133858267
20
2.6446150787401574
11
0.9107547637795276
21
2.6424814960629921
0
LINE
8
BLACK
6
CONTINUOUS
10
0.9107547637795276
20
2.6424814960629921
11
0.9069881889763779
21
2.6417322834645667
0
LINE
8
BLACK
6
CONTINUOUS
10
0.9069881889763779
20
2.6417322834645667
11
0.8863188976377953
21
2.6417322834645667
0
LINE
8
BLACK
6
CONTINUOUS
10
0.8863188976377953
20
2.6417322834645667
11
0.8825523228346457
21
2.6424814960629921
0
LINE
8
BLACK
6
CONTINUOUS
10
0.8825523228346457
20
2.6424814960629921
11
0.8793591732283464
21
2.6446150787401574
0
LINE
8
BLACK
6
CONTINUOUS
10
0.8793591732283464
20
2.6446150787401574
11
0.8772255905511811
21
2.6478082283464568
0
LINE
8
BLACK
6
CONTINUOUS
10
0.8772255905511811
20
2.6478082283464568
11
0.8764763779527559
21
2.651574803149606
0
LINE
8
BLACK
6
CONTINUOUS
10
0.8764763779527559
20
2.651574803149606
11
0.8764763779527559
21
2.6870078740157481
0
LINE
8
BLACK
6
CONTINUOUS
10
0.8764763779527559
20
2.6870078740157481
11
0.8772255905511811
21
2.6907744488188974
0
LINE
8
BLACK
6
CONTINUOUS
10
0.8772255905511811
20
2.6907744488188974
11
0.8793591732283464
21
2.6939675984251967
0
LINE
8
BLACK
6
CONTINUOUS
10
0.8793591732283464
20
2.6939675984251967
11
0.8825523228346457
21
2.6961011811023621
0
LINE
8
BLACK
6
CONTINUOUS
10
0.8825523228346457
20
2.6961011811023621
11
0.8863188976377953
21
2.6968503937007875
0
LINE
8
BLACK
6
CONTINUOUS
10
0.8863188976377953
20
2.6968503937007875
11
0.9069881889763779
21
2.6968503937007875
0
LINE
8
BLACK
6
CONTINUOUS
10
0.9069881889763779
20
2.6968503937007875
11
0.9107547637795276
21
2.6961011811023621
0
LINE
8
BLACK
6
CONTINUOUS
10
0.982605157480315
20
2.6961011811023621
11
0.9857983070866142
21
2.6939675984251967
0
LINE
8
BLACK
6
CONTINUOUS
10
0.9857983070866142
20
2.6939675984251967
11
0.9879318897637795
21
2.6907744488188974
0
LINE
8
BLACK
6
CONTINUOUS
10
0.9879318897637795
20
2.6907744488188974
11
0.9886811023622047
21
2.6870078740157481
0
LINE
8
BLACK
6
CONTINUOUS
10
0.9886811023622047
20
2.6870078740157481
11
0.9886811023622047
21
2.651574803149606
0
LINE
8
BLACK
6
CONTINUOUS
10
0.9886811023622047
20
2.651574803149606
11
0.9879318897637795
21
2.6478082283464568
0
LINE
8
BLACK
6
CONTINUOUS
10
0.9879318897637795
20
2.6478082283464568
11
0.9857983070866142
21
2.6446150787401574
0
LINE
8
BLACK
6
CONTINUOUS
10
0.9857983070866142
20
2.6446150787401574
11
0.982605157480315
21
2.6424814960629921
0
LINE
8
BLACK
6
CONTINUOUS
10
0.982605157480315
20
2.6424814960629921
11
0.9788385826771653
21
2.6417322834645667
0
LINE
8
BLACK
6
CONTINUOUS
10
0.9788385826771653
20
2.6417322834645667
11
0.9581692913385826
21
2.6417322834645667
0
LINE
8
BLACK
6
CONTINUOUS
10
0.9581692913385826
20
2.6417322834645667
11
0.9544027165354331
21
2.6424814960629921
0
LINE
8
BLACK
6
CONTINUOUS
10
0.9544027165354331
20
2.6424814960629921
11
0.9512095669291338
21
2.6446150787401574
0
LINE
8
BLACK
6
CONTINUOUS
10
0.9512095669291338
20
2.6446150787401574
11
0.9490759842519685
21
2.6478082283464568
0
LINE
8
BLACK
6
CONTINUOUS
10
0.9490759842519685
20
2.6478082283464568
11
0.9483267716535433
21
2.651574803149606
0
LINE
8
BLACK
6
CONTINUOUS
10
0.9483267716535433
20
2.651574803149606
11
0.9483267716535433
21
2.6870078740157481
0
LINE
8
BLACK
6
CONTINUOUS
10
0.9483267716535433
20
2.6870078740157481
11
0.9490759842519685
21
2.6907744488188974
0
LINE
8
BLACK
6
CONTINUOUS
10
0.9490759842519685
20
2.6907744488188974
11
0.9512095669291338
21
2.6939675984251967
0
LINE
8
BLACK
6
CONTINUOUS
10
0.9512095669291338
20
2.6939675984251967
11
0.9544027165354331
21
2.6961011811023621
0
LINE
8
BLACK
6
CONTINUOUS
10
0.9544027165354331
20
2.6961011811023621
11
0.9581692913385826
21
2.6968503937007875
0
LINE
8
BLACK
6
CONTINUOUS
10
0.9581692913385826
20
2.6968503937007875
11
0.9788385826771653
21
2.6968503937007875
0
LINE
8
BLACK
6
CONTINUOUS
10
0.9788385826771653
20
2.6968503937007875
11
0.982605157480315
21
2.6961011811023621
0
LINE
8
BLACK
6
CONTINUOUS
10
1.0337862598425196
20
2.7984633858267718
11
1.0369794094488189
21
2.7963298031496064
0
LINE
8
BLACK
6
CONTINUOUS
10
1.0369794094488189
20
2.7963298031496064
11
1.0391129921259843
21
2.7931366535433071
0
LINE
8
BLACK
6
CONTINUOUS
10
1.0391129921259843
20
2.7931366535433071
11
1.0398622047244095
21
2.7893700787401574
0
LINE
8
BLACK
6
CONTINUOUS
10
1.0398622047244095
20
2.7893700787401574
11
1.0398622047244095
21
2.7539370078740157
0
LINE
8
BLACK
6
CONTINUOUS
10
1.0398622047244095
20
2.7539370078740157
11
1.0391129921259843
21
2.7501704330708661
0
LINE
8
BLACK
6
CONTINUOUS
10
1.0391129921259843
20
2.7501704330708661
11
1.0369794094488189
21
2.7469772834645667
0
LINE
8
BLACK
6
CONTINUOUS
10
1.0369794094488189
20
2.7469772834645667
11
1.0337862598425196
21
2.7448437007874014
0
LINE
8
BLACK
6
CONTINUOUS
10
1.0337862598425196
20
2.7448437007874014
11
1.0300196850393701
21
2.7440944881889764
0
LINE
8
BLACK
6
CONTINUOUS
10
1.0300196850393701
20
2.7440944881889764
11
1.0093503937007873
21
2.7440944881889764
0
LINE
8
BLACK
6
CONTINUOUS
10
1.0093503937007873
20
2.7440944881889764
11
1.0055838188976378
21
2.7448437007874014
0
LINE
8
BLACK
6
CONTINUOUS
10
1.0055838188976378
20
2.7448437007874014
11
1.0023906692913385
21
2.7469772834645667
0
LINE
8
BLACK
6
CONTINUOUS
10
1.0023906692913385
20
2.7469772834645667
11
1.0002570866141731
21
2.7501704330708661
0
LINE
8
BLACK
6
CONTINUOUS
10
1.0002570866141731
20
2.7501704330708661
11
0.999507874015748
21
2.7539370078740157
0
LINE
8
BLACK
6
CONTINUOUS
10
0.999507874015748
20
2.7539370078740157
11
0.999507874015748
21
2.7893700787401574
0
LINE
8
BLACK
6
CONTINUOUS
10
0.999507874015748
20
2.7893700787401574
11
1.0002570866141731
21
2.7931366535433071
0
LINE
8
BLACK
6
CONTINUOUS
10
1.0002570866141731
20
2.7931366535433071
11
1.0023906692913385
21
2.7963298031496064
0
LINE
8
BLACK
6
CONTINUOUS
10
1.0023906692913385
20
2.7963298031496064
11
1.0055838188976378
21
2.7984633858267718
0
LINE
8
BLACK
6
CONTINUOUS
10
1.0055838188976378
20
2.7984633858267718
11
1.0093503937007873
21
2.7992125984251968
0
LINE
8
BLACK
6
CONTINUOUS
10
1.0093503937007873
20
2.7992125984251968
11
1.0300196850393701
21
2.7992125984251968
0
LINE
8
BLACK
6
CONTINUOUS
10
1.0300196850393701
20
2.7992125984251968
11
1.0337862598425196
21
2.7984633858267718
0
LINE
8
BLACK
6
CONTINUOUS
10
1.1056366535433071
20
2.7984633858267718
11
1.1088298031496062
21
2.7963298031496064
0
LINE
8
BLACK
6
CONTINUOUS
10
1.1088298031496062
20
2.7963298031496064
11
1.1109633858267716
21
2.7931366535433071
0
LINE
8
BLACK
6
CONTINUOUS
10
1.1109633858267716
20
2.7931366535433071
11
1.1117125984251968
21
2.7893700787401574
0
LINE
8
BLACK
6
CONTINUOUS
10
1.1117125984251968
20
2.7893700787401574
11
1.1117125984251968
21
2.7539370078740157
0
LINE
8
BLACK
6
CONTINUOUS
10
1.1117125984251968
20
2.7539370078740157
11
1.1109633858267716
21
2.7501704330708661
0
LINE
8
BLACK
6
CONTINUOUS
10
1.1109633858267716
20
2.7501704330708661
11
1.1088298031496062
21
2.7469772834645667
0
LINE
8
BLACK
6
CONTINUOUS
10
1.1088298031496062
20
2.7469772834645667
11
1.1056366535433071
21
2.7448437007874014
0
LINE
8
BLACK
6
CONTINUOUS
10
1.1056366535433071
20
2.7448437007874014
11
1.1018700787401574
21
2.7440944881889764
0
LINE
8
BLACK
6
CONTINUOUS
10
1.1018700787401574
20
2.7440944881889764
11
1.0812007874015748
21
2.7440944881889764
0
LINE
8
BLACK
6
CONTINUOUS
10
1.0812007874015748
20
2.7440944881889764
11
1.0774342125984251
21
2.7448437007874014
0
LINE
8
BLACK
6
CONTINUOUS
10
1.0774342125984251
20
2.7448437007874014
11
1.074241062992126
21
2.7469772834645667
0
LINE
8
BLACK
6
CONTINUOUS
10
1.074241062992126
20
2.7469772834645667
11
1.0721074803149606
21
2.7501704330708661
0
LINE
8
BLACK
6
CONTINUOUS
10
1.0721074803149606
20
2.7501704330708661
11
1.0713582677165354
21
2.7539370078740157
0
LINE
8
BLACK
6
CONTINUOUS
10
1.0713582677165354
20
2.7539370078740157
11
1.0713582677165354
21
2.7893700787401574
0
LINE
8
BLACK
6
CONTINUOUS
10
1.0713582677165354
20
2.7893700787401574
11
1.0721074803149606
21
2.7931366535433071
0
LINE
8
BLACK
6
CONTINUOUS
10
1.0721074803149606
20
2.7931366535433071
11
1.074241062992126
21
2.7963298031496064
0
LINE
8
BLACK
6
CONTINUOUS
10
1.074241062992126
20
2.7963298031496064
11
1.0774342125984251
21
2.7984633858267718
0
LINE
8
BLACK
6
CONTINUOUS
10
1.0774342125984251
20
2.7984633858267718
11
1.0812007874015748
21
2.7992125984251968
0
LINE
8
BLACK
6
CONTINUOUS
10
1.0812007874015748
20
2.7992125984251968
11
1.1018700787401574
21
2.7992125984251968
0
LINE
8
BLACK
6
CONTINUOUS
10
1.1018700787401574
20
2.7992125984251968
11
1.1056366535433071
21
2.7984633858267718
0
LINE
8
BLACK
6
CONTINUOUS
10
1.0337862598425196
20
2.9146051181102361
11
1.0369794094488189
21
2.9124715354330708
0
LINE
8
BLACK
6
CONTINUOUS
10
1.0369794094488189
20
2.9124715354330708
11
1.0391129921259843
21
2.9092783858267715
0
LINE
8
BLACK
6
CONTINUOUS
10
1.0391129921259843
20
2.9092783858267715
11
1.0398622047244095
21
2.9055118110236218
0
LINE
8
BLACK
6
CONTINUOUS
10
1.0398622047244095
20
2.9055118110236218
11
1.0398622047244095
21
2.8700787401574801
0
LINE
8
BLACK
6
CONTINUOUS
10
1.0398622047244095
20
2.8700787401574801
11
1.0391129921259843
21
2.8663121653543309
0
LINE
8
BLACK
6
CONTINUOUS
10
1.0391129921259843
20
2.8663121653543309
11
1.0369794094488189
21
2.8631190157480315
0
LINE
8
BLACK
6
CONTINUOUS
10
1.0369794094488189
20
2.8631190157480315
11
1.0337862598425196
21
2.8609854330708662
0
LINE
8
BLACK
6
CONTINUOUS
10
1.0337862598425196
20
2.8609854330708662
11
1.0300196850393701
21
2.8602362204724407
0
LINE
8
BLACK
6
CONTINUOUS
10
1.0300196850393701
20
2.8602362204724407
11
1.0093503937007873
21
2.8602362204724407
0
LINE
8
BLACK
6
CONTINUOUS
10
1.0093503937007873
20
2.8602362204724407
11
1.0055838188976378
21
2.8609854330708662
0
LINE
8
BLACK
6
CONTINUOUS
10
1.0055838188976378
20
2.8609854330708662
11
1.0023906692913385
21
2.8631190157480315
0
LINE
8
BLACK
6
CONTINUOUS
10
1.0023906692913385
20
2.8631190157480315
11
1.0002570866141731
21
2.8663121653543309
0
LINE
8
BLACK
6
CONTINUOUS
10
1.0002570866141731
20
2.8663121653543309
11
0.999507874015748
21
2.8700787401574801
0
LINE
8
BLACK
6
CONTINUOUS
10
0.999507874015748
20
2.8700787401574801
11
0.999507874015748
21
2.9055118110236218
0
LINE
8
BLACK
6
CONTINUOUS
10
0.999507874015748
20
2.9055118110236218
11
1.0002570866141731
21
2.9092783858267715
0
LINE
8
BLACK
6
CONTINUOUS
10
1.0002570866141731
20
2.9092783858267715
11
1.0023906692913385
21
2.9124715354330708
0
LINE
8
BLACK
6
CONTINUOUS
10
1.0023906692913385
20
2.9124715354330708
11
1.0055838188976378
21
2.9146051181102361
0
LINE
8
BLACK
6
CONTINUOUS
10
1.0055838188976378
20
2.9146051181102361
11
1.0093503937007873
21
2.9153543307086616
0
LINE
8
BLACK
6
CONTINUOUS
10
1.0093503937007873
20
2.9153543307086616
11
1.0300196850393701
21
2.9153543307086616
0
LINE
8
BLACK
6
CONTINUOUS
10
1.0300196850393701
20
2.9153543307086616
11
1.0337862598425196
21
2.9146051181102361
0
LINE
8
BLACK
6
CONTINUOUS
10
1.1056366535433071
20
2.9146051181102361
11
1.1088298031496062
21
2.9124715354330708
0
LINE
8
BLACK
6
CONTINUOUS
10
1.1088298031496062
20
2.9124715354330708
11
1.1109633858267716
21
2.9092783858267715
0
LINE
8
BLACK
6
CONTINUOUS
10
1.1109633858267716
20
2.9092783858267715
11
1.1117125984251968
21
2.9055118110236218
0
LINE
8
BLACK
6
CONTINUOUS
10
1.1117125984251968
20
2.9055118110236218
11
1.1117125984251968
21
2.8700787401574801
0
LINE
8
BLACK
6
CONTINUOUS
10
1.1117125984251968
20
2.8700787401574801
11
1.1109633858267716
21
2.8663121653543309
0
LINE
8
BLACK
6
CONTINUOUS
10
1.1109633858267716
20
2.8663121653543309
11
1.1088298031496062
21
2.8631190157480315
0
LINE
8
BLACK
6
CONTINUOUS
10
1.1088298031496062
20
2.8631190157480315
11
1.1056366535433071
21
2.8609854330708662
0
LINE
8
BLACK
6
CONTINUOUS
10
1.1056366535433071
20
2.8609854330708662
11
1.1018700787401574
21
2.8602362204724407
0
LINE
8
BLACK
6
CONTINUOUS
10
1.1018700787401574
20
2.8602362204724407
11
1.0812007874015748
21
2.8602362204724407
0
LINE
8
BLACK
6
CONTINUOUS
10
1.0812007874015748
20
2.8602362204724407
11
1.0774342125984251
21
2.8609854330708662
0
LINE
8
BLACK
6
CONTINUOUS
10
1.0774342125984251
20
2.8609854330708662
11
1.074241062992126
21
2.8631190157480315
0
LINE
8
BLACK
6
CONTINUOUS
10
1.074241062992126
20
2.8631190157480315
11
1.0721074803149606
21
2.8663121653543309
0
LINE
8
BLACK
6
CONTINUOUS
10
1.0721074803149606
20
2.8663121653543309
11
1.0713582677165354
21
2.8700787401574801
0
LINE
8
BLACK
6
CONTINUOUS
10
1.0713582677165354
20
2.8700787401574801
11
1.0713582677165354
21
2.9055118110236218
0
LINE
8
BLACK
6
CONTINUOUS
10
1.0713582677165354
20
2.9055118110236218
11
1.0721074803149606
21
2.9092783858267715
0
LINE
8
BLACK
6
CONTINUOUS
10
1.0721074803149606
20
2.9092783858267715
11
1.074241062992126
21
2.9124715354330708
0
LINE
8
BLACK
6
CONTINUOUS
10
1.074241062992126
20
2.9124715354330708
11
1.0774342125984251
21
2.9146051181102361
0
LINE
8
BLACK
6
CONTINUOUS
10
1.0774342125984251
20
2.9146051181102361
11
1.0812007874015748
21
2.9153543307086616
0
LINE
8
BLACK
6
CONTINUOUS
10
1.0812007874015748
20
2.9153543307086616
11
1.1018700787401574
21
2.9153543307086616
0
LINE
8
BLACK
6
CONTINUOUS
10
1.1018700787401574
20
2.9153543307086616
11
1.1056366535433071
21
2.9146051181102361
0
LINE
8
BLACK
6
CONTINUOUS
10
0.7510145275590551
20
2.9983894881889763
11
0.7577884251968504
21
2.9955836614173226
0
LINE
8
BLACK
6
CONTINUOUS
10
0.7577884251968504
20
2.9955836614173226
11
0.7638847637795275
21
2.9915102362204724
0
LINE
8
BLACK
6
CONTINUOUS
10
0.7638847637795275
20
2.9915102362204724
11
0.769069251968504
21
2.9863257480314962
0
LINE
8
BLACK
6
CONTINUOUS
10
0.769069251968504
20
2.9863257480314962
11
0.7731426771653543
21
2.9802294094488189
0
LINE
8
BLACK
6
CONTINUOUS
10
0.7731426771653543
20
2.9802294094488189
11
0.7759485039370079
21
2.9734555118110237
0
LINE
8
BLACK
6
CONTINUOUS
10
0.7759485039370079
20
2.9734555118110237
11
0.7773788976377952
21
2.9662644094488186
0
LINE
8
BLACK
6
CONTINUOUS
10
0.7773788976377952
20
2.9662644094488186
11
0.7775590157480314
21
2.9625984251968505
0
LINE
8
BLACK
6
CONTINUOUS
10
0.7775590157480314
20
2.9625984251968505
11
0.7775590157480314
21
2.9429133858267718
0
LINE
8
BLACK
6
CONTINUOUS
10
0.7775590157480314
20
2.9429133858267718
11
0.7773788976377952
21
2.9392474015748031
0
LINE
8
BLACK
6
CONTINUOUS
10
0.7773788976377952
20
2.9392474015748031
11
0.7759485039370079
21
2.9320562992125985
0
LINE
8
BLACK
6
CONTINUOUS
10
0.7759485039370079
20
2.9320562992125985
11
0.7731426771653543
21
2.9252824015748029
0
LINE
8
BLACK
6
CONTINUOUS
10
0.7731426771653543
20
2.9252824015748029
11
0.769069251968504
21
2.919186062992126
0
LINE
8
BLACK
6
CONTINUOUS
10
0.769069251968504
20
2.919186062992126
11
0.7638847637795275
21
2.9140015748031494
0
LINE
8
BLACK
6
CONTINUOUS
10
0.7638847637795275
20
2.9140015748031494
11
0.7577884251968504
21
2.9099281496062992
0
LINE
8
BLACK
6
CONTINUOUS
10
0.7577884251968504
20
2.9099281496062992
11
0.7510145275590551
21
2.9071223228346454
0
LINE
8
BLACK
6
CONTINUOUS
10
0.7510145275590551
20
2.9071223228346454
11
0.7438234251968504
21
2.9056919291338583
0
LINE
8
BLACK
6
CONTINUOUS
10
0.7438234251968504
20
2.9056919291338583
11
0.7364914566929134
21
2.9056919291338583
0
LINE
8
BLACK
6
CONTINUOUS
10
0.7364914566929134
20
2.9056919291338583
11
0.7293003543307086
21
2.9071223228346454
0
LINE
8
BLACK
6
CONTINUOUS
10
0.7293003543307086
20
2.9071223228346454
11
0.7225264566929134
21
2.9099281496062992
0
LINE
8
BLACK
6
CONTINUOUS
10
0.7225264566929134
20
2.9099281496062992
11
0.7164301181102362
21
2.9140015748031494
0
LINE
8
BLACK
6
CONTINUOUS
10
0.7164301181102362
20
2.9140015748031494
11
0.7112456299212598
21
2.919186062992126
0
LINE
8
BLACK
6
CONTINUOUS
10
0.7112456299212598
20
2.919186062992126
11
0.7071722047244094
21
2.9252824015748029
0
LINE
8
BLACK
6
CONTINUOUS
10
0.7071722047244094
20
2.9252824015748029
11
0.7043663779527559
21
2.9320562992125985
0
LINE
8
BLACK
6
CONTINUOUS
10
0.7043663779527559
20
2.9320562992125985
11
0.7029359842519685
21
2.9392474015748031
0
LINE
8
BLACK
6
CONTINUOUS
10
0.7029359842519685
20
2.9392474015748031
11
0.7027558661417322
21
2.9429133858267718
0
LINE
8
BLACK
6
CONTINUOUS
10
0.7027558661417322
20
2.9429133858267718
11
0.7027558661417322
21
2.9625984251968505
0
LINE
8
BLACK
6
CONTINUOUS
10
0.7027558661417322
20
2.9625984251968505
11
0.7029359842519685
21
2.9662644094488186
0
LINE
8
BLACK
6
CONTINUOUS
10
0.7029359842519685
20
2.9662644094488186
11
0.7043663779527559
21
2.9734555118110237
0
LINE
8
BLACK
6
CONTINUOUS
10
0.7043663779527559
20
2.9734555118110237
11
0.7071722047244094
21
2.9802294094488189
0
LINE
8
BLACK
6
CONTINUOUS
10
0.7071722047244094
20
2.9802294094488189
11
0.7112456299212598
21
2.9863257480314962
0
LINE
8
BLACK
6
CONTINUOUS
10
0.7112456299212598
20
2.9863257480314962
11
0.7164301181102362
21
2.9915102362204724
0
LINE
8
BLACK
6
CONTINUOUS
10
0.7164301181102362
20
2.9915102362204724
11
0.7225264566929134
21
2.9955836614173226
0
LINE
8
BLACK
6
CONTINUOUS
10
0.7225264566929134
20
2.9955836614173226
11
0.7293003543307086
21
2.9983894881889763
0
LINE
8
BLACK
6
CONTINUOUS
10
0.7293003543307086
20
2.9983894881889763
11
0.7364914566929134
21
2.9998198818897639
0
LINE
8
BLACK
6
CONTINUOUS
10
0.7364914566929134
20
2.9998198818897639
11
0.7438234251968504
21
2.9998198818897639
0
LINE
8
BLACK
6
CONTINUOUS
10
0.7438234251968504
20
2.9998198818897639
11
0.7510145275590551
21
2.9983894881889763
0
LINE
8
BLACK
6
CONTINUOUS
10
0.6946061417322834
20
2.9817640157480314
11
0.6968200787401575
21
2.9802847244094486
0
LINE
8
BLACK
6
CONTINUOUS
10
0.6968200787401575
20
2.9802847244094486
11
0.6982993700787401
21
2.9780707874015748
0
LINE
8
BLACK
6
CONTINUOUS
10
0.6982993700787401
20
2.9780707874015748
11
0.6988188188976378
21
2.9754592913385824
0
LINE
8
BLACK
6
CONTINUOUS
10
0.6988188188976378
20
2.9754592913385824
11
0.6988188188976378
21
2.9300525196850393
0
LINE
8
BLACK
6
CONTINUOUS
10
0.6988188188976378
20
2.9300525196850393
11
0.6982993700787401
21
2.9274410236220474
0
LINE
8
BLACK
6
CONTINUOUS
10
0.6982993700787401
20
2.9274410236220474
11
0.6968200787401575
21
2.9252270866141732
0
LINE
8
BLACK
6
CONTINUOUS
10
0.6968200787401575
20
2.9252270866141732
11
0.6946061417322834
21
2.9237477952755904
0
LINE
8
BLACK
6
CONTINUOUS
10
0.6946061417322834
20
2.9237477952755904
11
0.6919946456692914
21
2.923228346456693
0
LINE
8
BLACK
6
CONTINUOUS
10
0.6919946456692914
20
2.923228346456693
11
0.6544618897637795
21
2.923228346456693
0
LINE
8
BLACK
6
CONTINUOUS
10
0.6544618897637795
20
2.923228346456693
11
0.6518503937007873
21
2.9237477952755904
0
LINE
8
BLACK
6
CONTINUOUS
10
0.6518503937007873
20
2.9237477952755904
11
0.6496364566929134
21
2.9252270866141732
0
LINE
8
BLACK
6
CONTINUOUS
10
0.6496364566929134
20
2.9252270866141732
11
0.6481571653543307
21
2.9274410236220474
0
LINE
8
BLACK
6
CONTINUOUS
10
0.6481571653543307
20
2.9274410236220474
11
0.647637716535433
21
2.9300525196850393
0
LINE
8
BLACK
6
CONTINUOUS
10
0.647637716535433
20
2.9300525196850393
11
0.647637716535433
21
2.9754592913385824
0
LINE
8
BLACK
6
CONTINUOUS
10
0.647637716535433
20
2.9754592913385824
11
0.6481571653543307
21
2.9780707874015748
0
LINE
8
BLACK
6
CONTINUOUS
10
0.6481571653543307
20
2.9780707874015748
11
0.6496364566929134
21
2.9802847244094486
0
LINE
8
BLACK
6
CONTINUOUS
10
0.6496364566929134
20
2.9802847244094486
11
0.6518503937007873
21
2.9817640157480314
0
LINE
8
BLACK
6
CONTINUOUS
10
0.6518503937007873
20
2.9817640157480314
11
0.6544618897637795
21
2.9822834645669292
0
LINE
8
BLACK
6
CONTINUOUS
10
0.6544618897637795
20
2.9822834645669292
11
0.6919946456692914
21
2.9822834645669292
0
LINE
8
BLACK
6
CONTINUOUS
10
0.6919946456692914
20
2.9822834645669292
11
0.6946061417322834
21
2.9817640157480314
0
LINE
8
BLACK
6
CONTINUOUS
10
0.8284644881889763
20
2.9817640157480314
11
0.8306784251968504
21
2.9802847244094486
0
LINE
8
BLACK
6
CONTINUOUS
10
0.8306784251968504
20
2.9802847244094486
11
0.832157716535433
21
2.9780707874015748
0
LINE
8
BLACK
6
CONTINUOUS
10
0.832157716535433
20
2.9780707874015748
11
0.8326771653543307
21
2.9754592913385824
0
LINE
8
BLACK
6
CONTINUOUS
10
0.8326771653543307
20
2.9754592913385824
11
0.8326771653543307
21
2.9300525196850393
0
LINE
8
BLACK
6
CONTINUOUS
10
0.8326771653543307
20
2.9300525196850393
11
0.832157716535433
21
2.9274410236220474
0
LINE
8
BLACK
6
CONTINUOUS
10
0.832157716535433
20
2.9274410236220474
11
0.8306784251968504
21
2.9252270866141732
0
LINE
8
BLACK
6
CONTINUOUS
10
0.8306784251968504
20
2.9252270866141732
11
0.8284644881889763
21
2.9237477952755904
0
LINE
8
BLACK
6
CONTINUOUS
10
0.8284644881889763
20
2.9237477952755904
11
0.8258529921259843
21
2.923228346456693
0
LINE
8
BLACK
6
CONTINUOUS
10
0.8258529921259843
20
2.923228346456693
11
0.7883202362204724
21
2.923228346456693
0
LINE
8
BLACK
6
CONTINUOUS
10
0.7883202362204724
20
2.923228346456693
11
0.7857087401574803
21
2.9237477952755904
0
LINE
8
BLACK
6
CONTINUOUS
10
0.7857087401574803
20
2.9237477952755904
11
0.7834948031496063
21
2.9252270866141732
0
LINE
8
BLACK
6
CONTINUOUS
10
0.7834948031496063
20
2.9252270866141732
11
0.7820155118110236
21
2.9274410236220474
0
LINE
8
BLACK
6
CONTINUOUS
10
0.7820155118110236
20
2.9274410236220474
11
0.7814960629921259
21
2.9300525196850393
0
LINE
8
BLACK
6
CONTINUOUS
10
0.7814960629921259
20
2.9300525196850393
11
0.7814960629921259
21
2.9754592913385824
0
LINE
8
BLACK
6
CONTINUOUS
10
0.7814960629921259
20
2.9754592913385824
11
0.7820155118110236
21
2.9780707874015748
0
LINE
8
BLACK
6
CONTINUOUS
10
0.7820155118110236
20
2.9780707874015748
11
0.7834948031496063
21
2.9802847244094486
0
LINE
8
BLACK
6
CONTINUOUS
10
0.7834948031496063
20
2.9802847244094486
11
0.7857087401574803
21
2.9817640157480314
0
LINE
8
BLACK
6
CONTINUOUS
10
0.7857087401574803
20
2.9817640157480314
11
0.7883202362204724
21
2.9822834645669292
0
LINE
8
BLACK
6
CONTINUOUS
10
0.7883202362204724
20
2.9822834645669292
11
0.8258529921259843
21
2.9822834645669292
0
LINE
8
BLACK
6
CONTINUOUS
10
0.8258529921259843
20
2.9822834645669292
11
0.8284644881889763
21
2.9817640157480314
0
CIRCLE
8
BLACK
10
2.3055118110236221
20
0.4
40
0.0068897637795276
0
CIRCLE
8
BLACK
10
2.3331867716535433
20
0.4668132283464567
40
0.0068897637795276
0
CIRCLE
8
BLACK
10
2.3331867716535433
20
0.3331867716535433
40
0.0068897637795276
0
CIRCLE
8
BLACK
10
2.3999999999999999
20
0.4944881889763779
40
0.0068897637795276
0
CIRCLE
8
BLACK
10
2.3999999999999999
20
0.4
40
0.0068897637795276
0
CIRCLE
8
BLACK
10
2.3999999999999999
20
0.305511811023622
40
0.0068897637795276
0
CIRCLE
8
BLACK
10
2.4668132283464566
20
0.4668132283464567
40
0.0068897637795276
0
CIRCLE
8
BLACK
10
2.4668132283464566
20
0.3331867716535433
40
0.0068897637795276
0
CIRCLE
8
BLACK
10
2.4944881889763777
20
0.4
40
0.0068897637795276
0
CIRCLE
8
BLACK
10
3.192913346456693
20
0.2897637795275591
40
0.0068897637795276
0
CIRCLE
8
BLACK
10
3.0929133464566929
20
0.2897637795275591
40
0.0068897637795276
0
CIRCLE
8
BLACK
10
3.1929133858267718
20
0.389763779527559
40
0.0068897637795276
0
CIRCLE
8
BLACK
10
3.0929133070866142
20
0.389763779527559
40
0.0068897637795276
0
CIRCLE
8
BLACK
10
3.192913346456693
20
0.4897637795275591
40
0.0068897637795276
0
CIRCLE
8
BLACK
10
3.0929133464566929
20
0.4897637795275591
40
0.0068897637795276
0
CIRCLE
8
BLACK
10
-0.5275590944881889
20
0.7070866141732284
40
0.0068897637795276
0
CIRCLE
8
BLACK
10
-0.6275590944881889
20
0.7070866141732284
40
0.0068897637795276
0
CIRCLE
8
BLACK
10
-0.5275590551181102
20
0.8070866141732284
40
0.0068897637795276
0
CIRCLE
8
BLACK
10
-0.6275591338582677
20
0.8070866141732284
40
0.0068897637795276
0
CIRCLE
8
BLACK
10
-0.5275590944881889
20
0.9070866141732283
40
0.0068897637795276
0
CIRCLE
8
BLACK
10
-0.6275590944881889
20
0.9070866141732283
40
0.0068897637795276
0
CIRCLE
8
BLACK
10
0.305511811023622
20
0.4
40
0.0068897637795276
0
CIRCLE
8
BLACK
10
0.3331867716535433
20
0.4668132283464567
40
0.0068897637795276
0
CIRCLE
8
BLACK
10
0.3331867716535433
20
0.3331867716535433
40
0.0068897637795276
0
CIRCLE
8
BLACK
10
0.4
20
0.4944881889763779
40
0.0068897637795276
0
CIRCLE
8
BLACK
10
0.4
20
0.4
40
0.0068897637795276
0
CIRCLE
8
BLACK
10
0.4
20
0.305511811023622
40
0.0068897637795276
0
CIRCLE
8
BLACK
10
0.4668132283464567
20
0.4668132283464567
40
0.0068897637795276
0
CIRCLE
8
BLACK
10
0.4668132283464567
20
0.3331867716535433
40
0.0068897637795276
0
CIRCLE
8
BLACK
10
0.4944881889763779
20
0.4
40
0.0068897637795276
0
CIRCLE
8
BLACK
10
0.305511811023622
20
2.
40
0.0068897637795276
0
CIRCLE
8
BLACK
10
0.3331867716535433
20
2.0668132283464566
40
0.0068897637795276
0
CIRCLE
8
BLACK
10
0.3331867716535433
20
1.9331867716535434
40
0.0068897637795276
0
CIRCLE
8
BLACK
10
0.4
20
2.0944881889763778
40
0.0068897637795276
0
CIRCLE
8
BLACK
10
0.4
20
2.
40
0.0068897637795276
0
CIRCLE
8
BLACK
10
0.4
20
1.905511811023622
40
0.0068897637795276
0
CIRCLE
8
BLACK
10
0.4668132283464567
20
2.0668132283464566
40
0.0068897637795276
0
CIRCLE
8
BLACK
10
0.4668132283464567
20
1.9331867716535434
40
0.0068897637795276
0
CIRCLE
8
BLACK
10
0.4944881889763779
20
2.
40
0.0068897637795276
0
CIRCLE
8
BLACK
10
4.0885826771653546
20
1.3421259842519684
40
0.0068897637795276
0
CIRCLE
8
BLACK
10
4.1885826771653543
20
1.3421259842519684
40
0.0068897637795276
0
CIRCLE
8
BLACK
10
4.0885826771653546
20
1.2421259842519685
40
0.0068897637795276
0
CIRCLE
8
BLACK
10
4.1885826771653543
20
1.2421259842519685
40
0.0068897637795276
0
CIRCLE
8
BLACK
10
4.0885826771653546
20
1.1421259842519684
40
0.0068897637795276
0
CIRCLE
8
BLACK
10
4.1885826771653543
20
1.1421259842519684
40
0.0068897637795276
0
CIRCLE
8
BLACK
10
0.6283464566929133
20
0.3645669291338582
40
0.0068897637795276
0
CIRCLE
8
BLACK
10
0.6283464566929133
20
0.4645669291338583
40
0.0068897637795276
0
CIRCLE
8
BLACK
10
0.7283464566929134
20
0.3645669291338582
40
0.0068897637795276
0
CIRCLE
8
BLACK
10
0.7283464566929134
20
0.4645669291338583
40
0.0068897637795276
0
CIRCLE
8
BLACK
10
0.8283464566929134
20
0.3645669291338582
40
0.0068897637795276
0
CIRCLE
8
BLACK
10
0.8283464566929134
20
0.4645669291338583
40
0.0068897637795276
0
CIRCLE
8
BLACK
10
0.9283464566929134
20
0.3645668897637795
40
0.0068897637795276
0
CIRCLE
8
BLACK
10
0.9283464566929134
20
0.464566968503937
40
0.0068897637795276
0
CIRCLE
8
BLACK
10
1.0283464566929135
20
0.3645669291338582
40
0.0068897637795276
0
CIRCLE
8
BLACK
10
1.0283464566929135
20
0.4645669291338583
40
0.0068897637795276
0
CIRCLE
8
BLACK
10
1.1283464566929133
20
0.3645669291338582
40
0.0068897637795276
0
CIRCLE
8
BLACK
10
1.1283464566929133
20
0.4645669291338583
40
0.0068897637795276
0
CIRCLE
8
BLACK
10
1.2283464566929134
20
0.3645669291338582
40
0.0068897637795276
0
CIRCLE
8
BLACK
10
1.2283464566929134
20
0.4645669291338583
40
0.0068897637795276
0
CIRCLE
8
BLACK
10
1.3283464566929133
20
0.3645669291338582
40
0.0068897637795276
0
CIRCLE
8
BLACK
10
1.3283464566929133
20
0.4645669291338583
40
0.0068897637795276
0
CIRCLE
8
BLACK
10
1.4283464566929134
20
0.3645668897637795
40
0.0068897637795276
0
CIRCLE
8
BLACK
10
1.4283464566929134
20
0.464566968503937
40
0.0068897637795276
0
CIRCLE
8
BLACK
10
1.5283464566929132
20
0.3645669291338582
40
0.0068897637795276
0
CIRCLE
8
BLACK
10
1.5283464566929132
20
0.4645669291338583
40
0.0068897637795276
0
CIRCLE
8
BLACK
10
1.6283464566929133
20
0.3645669291338582
40
0.0068897637795276
0
CIRCLE
8
BLACK
10
1.6283464566929133
20
0.4645669291338583
40
0.0068897637795276
0
CIRCLE
8
BLACK
10
1.7283464566929134
20
0.3645669291338582
40
0.0068897637795276
0
CIRCLE
8
BLACK
10
1.7283464566929134
20
0.4645669291338583
40
0.0068897637795276
0
CIRCLE
8
BLACK
10
0.4188976377952756
20
0.6535433070866141
40
0.0068897637795276
0
CIRCLE
8
BLACK
10
0.3188976377952756
20
0.6535433070866141
40
0.0068897637795276
0
CIRCLE
8
BLACK
10
0.4188976377952756
20
0.7535433070866142
40
0.0068897637795276
0
CIRCLE
8
BLACK
10
0.3188976377952756
20
0.7535433070866142
40
0.0068897637795276
0
CIRCLE
8
BLACK
10
0.4188976377952756
20
0.8535433070866142
40
0.0068897637795276
0
CIRCLE
8
BLACK
10
0.3188976377952756
20
0.8535433070866142
40
0.0068897637795276
0
CIRCLE
8
BLACK
10
0.4188976771653543
20
0.9535433070866142
40
0.0068897637795276
0
CIRCLE
8
BLACK
10
0.3188975984251968
20
0.9535433070866142
40
0.0068897637795276
0
CIRCLE
8
BLACK
10
0.4188976377952756
20
1.0535433070866143
40
0.0068897637795276
0
CIRCLE
8
BLACK
10
0.3188976377952756
20
1.0535433070866143
40
0.0068897637795276
0
CIRCLE
8
BLACK
10
0.4188976377952756
20
1.1535433070866141
40
0.0068897637795276
0
CIRCLE
8
BLACK
10
0.3188976377952756
20
1.1535433070866141
40
0.0068897637795276
0
CIRCLE
8
BLACK
10
0.4188976377952756
20
1.2535433070866142
40
0.0068897637795276
0
CIRCLE
8
BLACK
10
0.3188976377952756
20
1.2535433070866142
40
0.0068897637795276
0
CIRCLE
8
BLACK
10
0.4188976377952756
20
1.3535433070866141
40
0.0068897637795276
0
CIRCLE
8
BLACK
10
0.3188976377952756
20
1.3535433070866141
40
0.0068897637795276
0
CIRCLE
8
BLACK
10
0.4188976771653543
20
1.4535433070866142
40
0.0068897637795276
0
CIRCLE
8
BLACK
10
0.3188975984251968
20
1.4535433070866142
40
0.0068897637795276
0
CIRCLE
8
BLACK
10
0.4188976377952756
20
1.553543307086614
40
0.0068897637795276
0
CIRCLE
8
BLACK
10
0.3188976377952756
20
1.553543307086614
40
0.0068897637795276
0
CIRCLE
8
BLACK
10
0.4188976377952756
20
1.6535433070866141
40
0.0068897637795276
0
CIRCLE
8
BLACK
10
0.3188976377952756
20
1.6535433070866141
40
0.0068897637795276
0
CIRCLE
8
BLACK
10
0.4188976377952756
20
1.7535433070866142
40
0.0068897637795276
0
CIRCLE
8
BLACK
10
0.3188976377952756
20
1.7535433070866142
40
0.0068897637795276
0
CIRCLE
8
BLACK
10
2.3622047244094486
20
1.7488188976377952
40
0.0068897637795276
0
CIRCLE
8
BLACK
10
2.4622047244094487
20
1.7488188976377952
40
0.0068897637795276
0
CIRCLE
8
BLACK
10
2.3622047244094486
20
1.6488188976377953
40
0.0068897637795276
0
CIRCLE
8
BLACK
10
2.4622047244094487
20
1.6488188976377953
40
0.0068897637795276
0
CIRCLE
8
BLACK
10
2.3622047244094486
20
1.5488188976377952
40
0.0068897637795276
0
CIRCLE
8
BLACK
10
2.4622047244094487
20
1.5488188976377952
40
0.0068897637795276
0
CIRCLE
8
BLACK
10
2.3622047244094486
20
1.4488188976377951
40
0.0068897637795276
0
CIRCLE
8
BLACK
10
2.4622047244094487
20
1.4488188976377951
40
0.0068897637795276
0
CIRCLE
8
BLACK
10
2.3622047244094486
20
1.3488188976377953
40
0.0068897637795276
0
CIRCLE
8
BLACK
10
2.4622047244094487
20
1.3488188976377953
40
0.0068897637795276
0
CIRCLE
8
BLACK
10
2.3622047244094486
20
1.2488188976377952
40
0.0068897637795276
0
CIRCLE
8
BLACK
10
2.4622047244094487
20
1.2488188976377952
40
0.0068897637795276
0
CIRCLE
8
BLACK
10
2.3622047244094486
20
1.1488188976377953
40
0.0068897637795276
0
CIRCLE
8
BLACK
10
2.4622047244094487
20
1.1488188976377953
40
0.0068897637795276
0
CIRCLE
8
BLACK
10
2.3622047244094486
20
1.0488188976377952
40
0.0068897637795276
0
CIRCLE
8
BLACK
10
2.4622047244094487
20
1.0488188976377952
40
0.0068897637795276
0
CIRCLE
8
BLACK
10
2.3622047244094486
20
0.9488188976377953
40
0.0068897637795276
0
CIRCLE
8
BLACK
10
2.4622047244094487
20
0.9488188976377953
40
0.0068897637795276
0
CIRCLE
8
BLACK
10
2.3622047244094486
20
0.8488188976377953
40
0.0068897637795276
0
CIRCLE
8
BLACK
10
2.4622047244094487
20
0.8488188976377953
40
0.0068897637795276
0
CIRCLE
8
BLACK
10
2.3622047244094486
20
0.7488188976377953
40
0.0068897637795276
0
CIRCLE
8
BLACK
10
2.4622047244094487
20
0.7488188976377953
40
0.0068897637795276
0
CIRCLE
8
BLACK
10
2.3622047244094486
20
0.6488188976377952
40
0.0068897637795276
0
CIRCLE
8
BLACK
10
2.4622047244094487
20
0.6488188976377952
40
0.0068897637795276
0
CIRCLE
8
BLACK
10
2.1535432677165356
20
0.8944881889763779
40
0.0068897637795276
0
CIRCLE
8
BLACK
10
2.0535432677165355
20
0.8944881889763779
40
0.0068897637795276
0
CIRCLE
8
BLACK
10
2.1535432677165356
20
0.9944881889763779
40
0.0068897637795276
0
CIRCLE
8
BLACK
10
2.0535432677165355
20
0.9944881889763779
40
0.0068897637795276
0
CIRCLE
8
BLACK
10
2.1535433070866143
20
1.094488188976378
40
0.0068897637795276
0
CIRCLE
8
BLACK
10
2.0535432283464568
20
1.094488188976378
40
0.0068897637795276
0
CIRCLE
8
BLACK
10
2.1535432677165356
20
1.1944881889763779
40
0.0068897637795276
0
CIRCLE
8
BLACK
10
2.0535432677165355
20
1.1944881889763779
40
0.0068897637795276
0
CIRCLE
8
BLACK
10
2.1535432677165356
20
1.294488188976378
40
0.0068897637795276
0
CIRCLE
8
BLACK
10
2.0535432677165355
20
1.294488188976378
40
0.0068897637795276
0
CIRCLE
8
BLACK
10
2.3055118110236221
20
2.
40
0.0068897637795276
0
CIRCLE
8
BLACK
10
2.3331867716535433
20
2.0668132283464566
40
0.0068897637795276
0
CIRCLE
8
BLACK
10
2.3331867716535433
20
1.9331867716535434
40
0.0068897637795276
0
CIRCLE
8
BLACK
10
2.3999999999999999
20
2.0944881889763778
40
0.0068897637795276
0
CIRCLE
8
BLACK
10
2.3999999999999999
20
2.
40
0.0068897637795276
0
CIRCLE
8
BLACK
10
2.3999999999999999
20
1.905511811023622
40
0.0068897637795276
0
CIRCLE
8
BLACK
10
2.4668132283464566
20
2.0668132283464566
40
0.0068897637795276
0
CIRCLE
8
BLACK
10
2.4668132283464566
20
1.9331867716535434
40
0.0068897637795276
0
CIRCLE
8
BLACK
10
2.4944881889763777
20
2.
40
0.0068897637795276
0
CIRCLE
8
BLACK
10
2.1456692913385824
20
0.4724409448818898
40
0.0068897637795276
0
CIRCLE
8
BLACK
10
1.918110157480315
20
0.4724409448818898
40
0.0068897637795276
0
LINE
8
BLACK
6
CONTINUOUS
10
2.1902585039370077
20
0.3448487401574803
11
2.1910564960629921
21
0.347826968503937
0
LINE
8
BLACK
6
CONTINUOUS
10
2.1910564960629921
20
0.347826968503937
11
2.1925981496062992
21
0.3504971653543307
0
LINE
8
BLACK
6
CONTINUOUS
10
2.1925981496062992
20
0.3504971653543307
11
2.1947783858267718
21
0.3526774015748032
0
LINE
8
BLACK
6
CONTINUOUS
10
2.1947783858267718
20
0.3526774015748032
11
2.1974485826771653
21
0.3542190551181102
0
LINE
8
BLACK
6
CONTINUOUS
10
2.1974485826771653
20
0.3542190551181102
11
2.2004268110236218
21
0.3550170472440945
0
LINE
8
BLACK
6
CONTINUOUS
10
2.2004268110236218
20
0.3550170472440945
11
2.2035101181102363
21
0.3550170472440945
0
LINE
8
BLACK
6
CONTINUOUS
10
2.2035101181102363
20
0.3550170472440945
11
2.2064883464566929
21
0.3542190551181102
0
LINE
8
BLACK
6
CONTINUOUS
10
2.2064883464566929
20
0.3542190551181102
11
2.2091585433070864
21
0.3526774015748032
0
LINE
8
BLACK
6
CONTINUOUS
10
2.2091585433070864
20
0.3526774015748032
11
2.211338779527559
21
0.3504971653543307
0
LINE
8
BLACK
6
CONTINUOUS
10
2.211338779527559
20
0.3504971653543307
11
2.212880433070866
21
0.347826968503937
0
LINE
8
BLACK
6
CONTINUOUS
10
2.212880433070866
20
0.347826968503937
11
2.2136784251968504
21
0.3448487401574803
0
LINE
8
BLACK
6
CONTINUOUS
10
2.2136784251968504
20
0.3448487401574803
11
2.2137794881889765
21
0.3433070866141732
0
LINE
8
BLACK
6
CONTINUOUS
10
2.2137794881889765
20
0.3433070866141732
11
2.2137794881889765
21
0.3118110236220472
0
LINE
8
BLACK
6
CONTINUOUS
10
2.2137794881889765
20
0.3118110236220472
11
2.2136784251968504
21
0.3102693700787402
0
LINE
8
BLACK
6
CONTINUOUS
10
2.2136784251968504
20
0.3102693700787402
11
2.212880433070866
21
0.3072911417322834
0
LINE
8
BLACK
6
CONTINUOUS
10
2.212880433070866
20
0.3072911417322834
11
2.211338779527559
21
0.3046209448818897
0
LINE
8
BLACK
6
CONTINUOUS
10
2.211338779527559
20
0.3046209448818897
11
2.2091585433070864
21
0.3024407086614173
0
LINE
8
BLACK
6
CONTINUOUS
10
2.2091585433070864
20
0.3024407086614173
11
2.2064883464566929
21
0.3008990551181102
0
LINE
8
BLACK
6
CONTINUOUS
10
2.2064883464566929
20
0.3008990551181102
11
2.2035101181102363
21
0.300101062992126
0
LINE
8
BLACK
6
CONTINUOUS
10
2.2035101181102363
20
0.300101062992126
11
2.2004268110236218
21
0.300101062992126
0
LINE
8
BLACK
6
CONTINUOUS
10
2.2004268110236218
20
0.300101062992126
11
2.1974485826771653
21
0.3008990551181102
0
LINE
8
BLACK
6
CONTINUOUS
10
2.1974485826771653
20
0.3008990551181102
11
2.1947783858267718
21
0.3024407086614173
0
LINE
8
BLACK
6
CONTINUOUS
10
2.1947783858267718
20
0.3024407086614173
11
2.1925981496062992
21
0.3046209448818897
0
LINE
8
BLACK
6
CONTINUOUS
10
2.1925981496062992
20
0.3046209448818897
11
2.1910564960629921
21
0.3072911417322834
0
LINE
8
BLACK
6
CONTINUOUS
10
2.1910564960629921
20
0.3072911417322834
11
2.1902585039370077
21
0.3102693700787402
0
LINE
8
BLACK
6
CONTINUOUS
10
2.1902585039370077
20
0.3102693700787402
11
2.1901574409448816
21
0.3118110236220472
0
LINE
8
BLACK
6
CONTINUOUS
10
2.1901574409448816
20
0.3118110236220472
11
2.1901574409448816
21
0.3433070866141732
0
LINE
8
BLACK
6
CONTINUOUS
10
2.1901574409448816
20
0.3433070866141732
11
2.1902585039370077
21
0.3448487401574803
0
LINE
8
BLACK
6
CONTINUOUS
10
1.8501010236220472
20
0.3448487401574803
11
1.8508990157480314
21
0.347826968503937
0
LINE
8
BLACK
6
CONTINUOUS
10
1.8508990157480314
20
0.347826968503937
11
1.8524406692913384
21
0.3504971653543307
0
LINE
8
BLACK
6
CONTINUOUS
10
1.8524406692913384
20
0.3504971653543307
11
1.854620905511811
21
0.3526774015748032
0
LINE
8
BLACK
6
CONTINUOUS
10
1.854620905511811
20
0.3526774015748032
11
1.8572911023622047
21
0.3542190551181102
0
LINE
8
BLACK
6
CONTINUOUS
10
1.8572911023622047
20
0.3542190551181102
11
1.8602693307086613
21
0.3550170472440945
0
LINE
8
BLACK
6
CONTINUOUS
10
1.8602693307086613
20
0.3550170472440945
11
1.8633526377952756
21
0.3550170472440945
0
LINE
8
BLACK
6
CONTINUOUS
10
1.8633526377952756
20
0.3550170472440945
11
1.8663308661417322
21
0.3542190551181102
0
LINE
8
BLACK
6
CONTINUOUS
10
1.8663308661417322
20
0.3542190551181102
11
1.8690010629921259
21
0.3526774015748032
0
LINE
8
BLACK
6
CONTINUOUS
10
1.8690010629921259
20
0.3526774015748032
11
1.8711812992125985
21
0.3504971653543307
0
LINE
8
BLACK
6
CONTINUOUS
10
1.8711812992125985
20
0.3504971653543307
11
1.8727229527559055
21
0.347826968503937
0
LINE
8
BLACK
6
CONTINUOUS
10
1.8727229527559055
20
0.347826968503937
11
1.8735209448818897
21
0.3448487401574803
0
LINE
8
BLACK
6
CONTINUOUS
10
1.8735209448818897
20
0.3448487401574803
11
1.8736220078740158
21
0.3433070866141732
0
LINE
8
BLACK
6
CONTINUOUS
10
1.8736220078740158
20
0.3433070866141732
11
1.8736220078740158
21
0.3118110236220472
0
LINE
8
BLACK
6
CONTINUOUS
10
1.8736220078740158
20
0.3118110236220472
11
1.8735209448818897
21
0.3102693700787402
0
LINE
8
BLACK
6
CONTINUOUS
10
1.8735209448818897
20
0.3102693700787402
11
1.8727229527559055
21
0.3072911417322834
0
LINE
8
BLACK
6
CONTINUOUS
10
1.8727229527559055
20
0.3072911417322834
11
1.8711812992125985
21
0.3046209448818897
0
LINE
8
BLACK
6
CONTINUOUS
10
1.8711812992125985
20
0.3046209448818897
11
1.8690010629921259
21
0.3024407086614173
0
LINE
8
BLACK
6
CONTINUOUS
10
1.8690010629921259
20
0.3024407086614173
11
1.8663308661417322
21
0.3008990551181102
0
LINE
8
BLACK
6
CONTINUOUS
10
1.8663308661417322
20
0.3008990551181102
11
1.8633526377952756
21
0.300101062992126
0
LINE
8
BLACK
6
CONTINUOUS
10
1.8633526377952756
20
0.300101062992126
11
1.8602693307086613
21
0.300101062992126
0
LINE
8
BLACK
6
CONTINUOUS
10
1.8602693307086613
20
0.300101062992126
11
1.8572911023622047
21
0.3008990551181102
0
LINE
8
BLACK
6
CONTINUOUS
10
1.8572911023622047
20
0.3008990551181102
11
1.854620905511811
21
0.3024407086614173
0
LINE
8
BLACK
6
CONTINUOUS
10
1.854620905511811
20
0.3024407086614173
11
1.8524406692913384
21
0.3046209448818897
0
LINE
8
BLACK
6
CONTINUOUS
10
1.8524406692913384
20
0.3046209448818897
11
1.8508990157480314
21
0.3072911417322834
0
LINE
8
BLACK
6
CONTINUOUS
10
1.8508990157480314
20
0.3072911417322834
11
1.8501010236220472
21
0.3102693700787402
0
LINE
8
BLACK
6
CONTINUOUS
10
1.8501010236220472
20
0.3102693700787402
11
1.8499999606299211
21
0.3118110236220472
0
LINE
8
BLACK
6
CONTINUOUS
10
1.8499999606299211
20
0.3118110236220472
11
1.8499999606299211
21
0.3433070866141732
0
LINE
8
BLACK
6
CONTINUOUS
10
1.8499999606299211
20
0.3433070866141732
11
1.8501010236220472
21
0.3448487401574803
0
LINE
8
BLACK
6
CONTINUOUS
10
2.1902585039370077
20
0.5153211811023622
11
2.1910564960629921
21
0.5182994094488189
0
LINE
8
BLACK
6
CONTINUOUS
10
2.1910564960629921
20
0.5182994094488189
11
2.1925981496062992
21
0.5209696062992126
0
LINE
8
BLACK
6
CONTINUOUS
10
2.1925981496062992
20
0.5209696062992126
11
2.1947783858267718
21
0.523149842519685
0
LINE
8
BLACK
6
CONTINUOUS
10
2.1947783858267718
20
0.523149842519685
11
2.1974485826771653
21
0.5246914960629921
0
LINE
8
BLACK
6
CONTINUOUS
10
2.1974485826771653
20
0.5246914960629921
11
2.2004268110236218
21
0.5254894881889763
0
LINE
8
BLACK
6
CONTINUOUS
10
2.2004268110236218
20
0.5254894881889763
11
2.2035101181102363
21
0.5254894881889763
0
LINE
8
BLACK
6
CONTINUOUS
10
2.2035101181102363
20
0.5254894881889763
11
2.2064883464566929
21
0.5246914960629921
0
LINE
8
BLACK
6
CONTINUOUS
10
2.2064883464566929
20
0.5246914960629921
11
2.2091585433070864
21
0.523149842519685
0
LINE
8
BLACK
6
CONTINUOUS
10
2.2091585433070864
20
0.523149842519685
11
2.211338779527559
21
0.5209696062992126
0
LINE
8
BLACK
6
CONTINUOUS
10
2.211338779527559
20
0.5209696062992126
11
2.212880433070866
21
0.5182994094488189
0
LINE
8
BLACK
6
CONTINUOUS
10
2.212880433070866
20
0.5182994094488189
11
2.2136784251968504
21
0.5153211811023622
0
LINE
8
BLACK
6
CONTINUOUS
10
2.2136784251968504
20
0.5153211811023622
11
2.2137794881889765
21
0.5137795275590551
0
LINE
8
BLACK
6
CONTINUOUS
10
2.2137794881889765
20
0.5137795275590551
11
2.2137794881889765
21
0.4704724409448819
0
LINE
8
BLACK
6
CONTINUOUS
10
2.2137794881889765
20
0.4704724409448819
11
2.2136784251968504
21
0.4689307874015748
0
LINE
8
BLACK
6
CONTINUOUS
10
2.2136784251968504
20
0.4689307874015748
11
2.212880433070866
21
0.4659525590551181
0
LINE
8
BLACK
6
CONTINUOUS
10
2.212880433070866
20
0.4659525590551181
11
2.211338779527559
21
0.4632823622047244
0
LINE
8
BLACK
6
CONTINUOUS
10
2.211338779527559
20
0.4632823622047244
11
2.2091585433070864
21
0.4611021259842519
0
LINE
8
BLACK
6
CONTINUOUS
10
2.2091585433070864
20
0.4611021259842519
11
2.2064883464566929
21
0.4595604724409449
0
LINE
8
BLACK
6
CONTINUOUS
10
2.2064883464566929
20
0.4595604724409449
11
2.2035101181102363
21
0.4587624803149606
0
LINE
8
BLACK
6
CONTINUOUS
10
2.2035101181102363
20
0.4587624803149606
11
2.2004268110236218
21
0.4587624803149606
0
LINE
8
BLACK
6
CONTINUOUS
10
2.2004268110236218
20
0.4587624803149606
11
2.1974485826771653
21
0.4595604724409449
0
LINE
8
BLACK
6
CONTINUOUS
10
2.1974485826771653
20
0.4595604724409449
11
2.1947783858267718
21
0.4611021259842519
0
LINE
8
BLACK
6
CONTINUOUS
10
2.1947783858267718
20
0.4611021259842519
11
2.1925981496062992
21
0.4632823622047244
0
LINE
8
BLACK
6
CONTINUOUS
10
2.1925981496062992
20
0.4632823622047244
11
2.1910564960629921
21
0.4659525590551181
0
LINE
8
BLACK
6
CONTINUOUS
10
2.1910564960629921
20
0.4659525590551181
11
2.1902585039370077
21
0.4689307874015748
0
LINE
8
BLACK
6
CONTINUOUS
10
2.1902585039370077
20
0.4689307874015748
11
2.1901574409448816
21
0.4704724409448819
0
LINE
8
BLACK
6
CONTINUOUS
10
2.1901574409448816
20
0.4704724409448819
11
2.1901574409448816
21
0.5137795275590551
0
LINE
8
BLACK
6
CONTINUOUS
10
2.1901574409448816
20
0.5137795275590551
11
2.1902585039370077
21
0.5153211811023622
0
LINE
8
BLACK
6
CONTINUOUS
10
1.8501010236220472
20
0.5153211811023622
11
1.8508990157480314
21
0.5182994094488189
0
LINE
8
BLACK
6
CONTINUOUS
10
1.8508990157480314
20
0.5182994094488189
11
1.8524406692913384
21
0.5209696062992126
0
LINE
8
BLACK
6
CONTINUOUS
10
1.8524406692913384
20
0.5209696062992126
11
1.854620905511811
21
0.523149842519685
0
LINE
8
BLACK
6
CONTINUOUS
10
1.854620905511811
20
0.523149842519685
11
1.8572911023622047
21
0.5246914960629921
0
LINE
8
BLACK
6
CONTINUOUS
10
1.8572911023622047
20
0.5246914960629921
11
1.8602693307086613
21
0.5254894881889763
0
LINE
8
BLACK
6
CONTINUOUS
10
1.8602693307086613
20
0.5254894881889763
11
1.8633526377952756
21
0.5254894881889763
0
LINE
8
BLACK
6
CONTINUOUS
10
1.8633526377952756
20
0.5254894881889763
11
1.8663308661417322
21
0.5246914960629921
0
LINE
8
BLACK
6
CONTINUOUS
10
1.8663308661417322
20
0.5246914960629921
11
1.8690010629921259
21
0.523149842519685
0
LINE
8
BLACK
6
CONTINUOUS
10
1.8690010629921259
20
0.523149842519685
11
1.8711812992125985
21
0.5209696062992126
0
LINE
8
BLACK
6
CONTINUOUS
10
1.8711812992125985
20
0.5209696062992126
11
1.8727229527559055
21
0.5182994094488189
0
LINE
8
BLACK
6
CONTINUOUS
10
1.8727229527559055
20
0.5182994094488189
11
1.8735209448818897
21
0.5153211811023622
0
LINE
8
BLACK
6
CONTINUOUS
10
1.8735209448818897
20
0.5153211811023622
11
1.8736220078740158
21
0.5137795275590551
0
LINE
8
BLACK
6
CONTINUOUS
10
1.8736220078740158
20
0.5137795275590551
11
1.8736220078740158
21
0.4704724409448819
0
LINE
8
BLACK
6
CONTINUOUS
10
1.8736220078740158
20
0.4704724409448819
11
1.8735209448818897
21
0.4689307874015748
0
LINE
8
BLACK
6
CONTINUOUS
10
1.8735209448818897
20
0.4689307874015748
11
1.8727229527559055
21
0.4659525590551181
0
LINE
8
BLACK
6
CONTINUOUS
10
1.8727229527559055
20
0.4659525590551181
11
1.8711812992125985
21
0.4632823622047244
0
LINE
8
BLACK
6
CONTINUOUS
10
1.8711812992125985
20
0.4632823622047244
11
1.8690010629921259
21
0.4611021259842519
0
LINE
8
BLACK
6
CONTINUOUS
10
1.8690010629921259
20
0.4611021259842519
11
1.8663308661417322
21
0.4595604724409449
0
LINE
8
BLACK
6
CONTINUOUS
10
1.8663308661417322
20
0.4595604724409449
11
1.8633526377952756
21
0.4587624803149606
0
LINE
8
BLACK
6
CONTINUOUS
10
1.8633526377952756
20
0.4587624803149606
11
1.8602693307086613
21
0.4587624803149606
0
LINE
8
BLACK
6
CONTINUOUS
10
1.8602693307086613
20
0.4587624803149606
11
1.8572911023622047
21
0.4595604724409449
0
LINE
8
BLACK
6
CONTINUOUS
10
1.8572911023622047
20
0.4595604724409449
11
1.854620905511811
21
0.4611021259842519
0
LINE
8
BLACK
6
CONTINUOUS
10
1.854620905511811
20
0.4611021259842519
11
1.8524406692913384
21
0.4632823622047244
0
LINE
8
BLACK
6
CONTINUOUS
10
1.8524406692913384
20
0.4632823622047244
11
1.8508990157480314
21
0.4659525590551181
0
LINE
8
BLACK
6
CONTINUOUS
10
1.8508990157480314
20
0.4659525590551181
11
1.8501010236220472
21
0.4689307874015748
0
LINE
8
BLACK
6
CONTINUOUS
10
1.8501010236220472
20
0.4689307874015748
11
1.8499999606299211
21
0.4704724409448819
0
LINE
8
BLACK
6
CONTINUOUS
10
1.8499999606299211
20
0.4704724409448819
11
1.8499999606299211
21
0.5137795275590551
0
LINE
8
BLACK
6
CONTINUOUS
10
1.8499999606299211
20
0.5137795275590551
11
1.8501010236220472
21
0.5153211811023622
0
LINE
8
BLACK
6
CONTINUOUS
10
0.8249832283464567
20
2.0804376377952756
11
0.8264136220472441
21
2.0876287401574802
0
LINE
8
BLACK
6
CONTINUOUS
10
0.8264136220472441
20
2.0876287401574802
11
0.8292194488188976
21
2.0944026377952754
0
LINE
8
BLACK
6
CONTINUOUS
10
0.8292194488188976
20
2.0944026377952754
11
0.833292874015748
21
2.1004989763779527
0
LINE
8
BLACK
6
CONTINUOUS
10
0.833292874015748
20
2.1004989763779527
11
0.8384773622047244
21
2.1056834645669289
0
LINE
8
BLACK
6
CONTINUOUS
10
0.8384773622047244
20
2.1056834645669289
11
0.8445737007874016
21
2.1097568897637795
0
LINE
8
BLACK
6
CONTINUOUS
10
0.8445737007874016
20
2.1097568897637795
11
0.8513475984251968
21
2.1125627165354328
0
LINE
8
BLACK
6
CONTINUOUS
10
0.8513475984251968
20
2.1125627165354328
11
0.8585387007874016
21
2.1139931102362204
0
LINE
8
BLACK
6
CONTINUOUS
10
0.8585387007874016
20
2.1139931102362204
11
0.8658706692913386
21
2.1139931102362204
0
LINE
8
BLACK
6
CONTINUOUS
10
0.8658706692913386
20
2.1139931102362204
11
0.8730617716535433
21
2.1125627165354328
0
LINE
8
BLACK
6
CONTINUOUS
10
0.8730617716535433
20
2.1125627165354328
11
0.8798356692913386
21
2.1097568897637795
0
LINE
8
BLACK
6
CONTINUOUS
10
0.8798356692913386
20
2.1097568897637795
11
0.8859320078740157
21
2.1056834645669289
0
LINE
8
BLACK
6
CONTINUOUS
10
0.8859320078740157
20
2.1056834645669289
11
0.8911164960629921
21
2.1004989763779527
0
LINE
8
BLACK
6
CONTINUOUS
10
0.8911164960629921
20
2.1004989763779527
11
0.8951899212598425
21
2.0944026377952754
0
LINE
8
BLACK
6
CONTINUOUS
10
0.8951899212598425
20
2.0944026377952754
11
0.8979957480314961
21
2.0876287401574802
0
LINE
8
BLACK
6
CONTINUOUS
10
0.8979957480314961
20
2.0876287401574802
11
0.8994261417322834
21
2.0804376377952756
0
LINE
8
BLACK
6
CONTINUOUS
10
0.8994261417322834
20
2.0804376377952756
11
0.8996062598425196
21
2.076771653543307
0
LINE
8
BLACK
6
CONTINUOUS
10
0.8996062598425196
20
2.076771653543307
11
0.8996062598425196
21
2.0570866141732282
0
LINE
8
BLACK
6
CONTINUOUS
10
0.8996062598425196
20
2.0570866141732282
11
0.8994261417322834
21
2.0534206299212596
0
LINE
8
BLACK
6
CONTINUOUS
10
0.8994261417322834
20
2.0534206299212596
11
0.8979957480314961
21
2.046229527559055
0
LINE
8
BLACK
6
CONTINUOUS
10
0.8979957480314961
20
2.046229527559055
11
0.8951899212598425
21
2.0394556299212598
0
LINE
8
BLACK
6
CONTINUOUS
10
0.8951899212598425
20
2.0394556299212598
11
0.8911164960629921
21
2.0333592913385825
0
LINE
8
BLACK
6
CONTINUOUS
10
0.8911164960629921
20
2.0333592913385825
11
0.8859320078740157
21
2.0281748031496063
0
LINE
8
BLACK
6
CONTINUOUS
10
0.8859320078740157
20
2.0281748031496063
11
0.8798356692913386
21
2.0241013779527557
0
LINE
8
BLACK
6
CONTINUOUS
10
0.8798356692913386
20
2.0241013779527557
11
0.8730617716535433
21
2.0212955511811024
0
LINE
8
BLACK
6
CONTINUOUS
10
0.8730617716535433
20
2.0212955511811024
11
0.8658706692913386
21
2.0198651574803148
0
LINE
8
BLACK
6
CONTINUOUS
10
0.8658706692913386
20
2.0198651574803148
11
0.8585387007874016
21
2.0198651574803148
0
LINE
8
BLACK
6
CONTINUOUS
10
0.8585387007874016
20
2.0198651574803148
11
0.8513475984251968
21
2.0212955511811024
0
LINE
8
BLACK
6
CONTINUOUS
10
0.8513475984251968
20
2.0212955511811024
11
0.8445737007874016
21
2.0241013779527557
0
LINE
8
BLACK
6
CONTINUOUS
10
0.8445737007874016
20
2.0241013779527557
11
0.8384773622047244
21
2.0281748031496063
0
LINE
8
BLACK
6
CONTINUOUS
10
0.8384773622047244
20
2.0281748031496063
11
0.833292874015748
21
2.0333592913385825
0
LINE
8
BLACK
6
CONTINUOUS
10
0.833292874015748
20
2.0333592913385825
11
0.8292194488188976
21
2.0394556299212598
0
LINE
8
BLACK
6
CONTINUOUS
10
0.8292194488188976
20
2.0394556299212598
11
0.8264136220472441
21
2.046229527559055
0
LINE
8
BLACK
6
CONTINUOUS
10
0.8264136220472441
20
2.046229527559055
11
0.8249832283464567
21
2.0534206299212596
0
LINE
8
BLACK
6
CONTINUOUS
10
0.8249832283464567
20
2.0534206299212596
11
0.8248031102362204
21
2.0570866141732282
0
LINE
8
BLACK
6
CONTINUOUS
10
0.8248031102362204
20
2.0570866141732282
11
0.8248031102362204
21
2.076771653543307
0
LINE
8
BLACK
6
CONTINUOUS
10
0.8248031102362204
20
2.076771653543307
11
0.8249832283464567
21
2.0804376377952756
0
LINE
8
BLACK
6
CONTINUOUS
10
0.7029359842519685
20
2.9662644094488186
11
0.7043663779527559
21
2.9734555118110237
0
LINE
8
BLACK
6
CONTINUOUS
10
0.7043663779527559
20
2.9734555118110237
11
0.7071722047244094
21
2.9802294094488189
0
LINE
8
BLACK
6
CONTINUOUS
10
0.7071722047244094
20
2.9802294094488189
11
0.7112456299212598
21
2.9863257480314962
0
LINE
8
BLACK
6
CONTINUOUS
10
0.7112456299212598
20
2.9863257480314962
11
0.7164301181102362
21
2.9915102362204724
0
LINE
8
BLACK
6
CONTINUOUS
10
0.7164301181102362
20
2.9915102362204724
11
0.7225264566929134
21
2.9955836614173226
0
LINE
8
BLACK
6
CONTINUOUS
10
0.7225264566929134
20
2.9955836614173226
11
0.7293003543307086
21
2.9983894881889763
0
LINE
8
BLACK
6
CONTINUOUS
10
0.7293003543307086
20
2.9983894881889763
11
0.7364914566929134
21
2.9998198818897639
0
LINE
8
BLACK
6
CONTINUOUS
10
0.7364914566929134
20
2.9998198818897639
11
0.7438234251968504
21
2.9998198818897639
0
LINE
8
BLACK
6
CONTINUOUS
10
0.7438234251968504
20
2.9998198818897639
11
0.7510145275590551
21
2.9983894881889763
0
LINE
8
BLACK
6
CONTINUOUS
10
0.7510145275590551
20
2.9983894881889763
11
0.7577884251968504
21
2.9955836614173226
0
LINE
8
BLACK
6
CONTINUOUS
10
0.7577884251968504
20
2.9955836614173226
11
0.7638847637795275
21
2.9915102362204724
0
LINE
8
BLACK
6
CONTINUOUS
10
0.7638847637795275
20
2.9915102362204724
11
0.769069251968504
21
2.9863257480314962
0
LINE
8
BLACK
6
CONTINUOUS
10
0.769069251968504
20
2.9863257480314962
11
0.7731426771653543
21
2.9802294094488189
0
LINE
8
BLACK
6
CONTINUOUS
10
0.7731426771653543
20
2.9802294094488189
11
0.7759485039370079
21
2.9734555118110237
0
LINE
8
BLACK
6
CONTINUOUS
10
0.7759485039370079
20
2.9734555118110237
11
0.7773788976377952
21
2.9662644094488186
0
LINE
8
BLACK
6
CONTINUOUS
10
0.7773788976377952
20
2.9662644094488186
11
0.7775590157480314
21
2.9625984251968505
0
LINE
8
BLACK
6
CONTINUOUS
10
0.7775590157480314
20
2.9625984251968505
11
0.7775590157480314
21
2.9429133858267718
0
LINE
8
BLACK
6
CONTINUOUS
10
0.7775590157480314
20
2.9429133858267718
11
0.7773788976377952
21
2.9392474015748031
0
LINE
8
BLACK
6
CONTINUOUS
10
0.7773788976377952
20
2.9392474015748031
11
0.7759485039370079
21
2.9320562992125985
0
LINE
8
BLACK
6
CONTINUOUS
10
0.7759485039370079
20
2.9320562992125985
11
0.7731426771653543
21
2.9252824015748029
0
LINE
8
BLACK
6
CONTINUOUS
10
0.7731426771653543
20
2.9252824015748029
11
0.769069251968504
21
2.919186062992126
0
LINE
8
BLACK
6
CONTINUOUS
10
0.769069251968504
20
2.919186062992126
11
0.7638847637795275
21
2.9140015748031494
0
LINE
8
BLACK
6
CONTINUOUS
10
0.7638847637795275
20
2.9140015748031494
11
0.7577884251968504
21
2.9099281496062992
0
LINE
8
BLACK
6
CONTINUOUS
10
0.7577884251968504
20
2.9099281496062992
11
0.7510145275590551
21
2.9071223228346454
0
LINE
8
BLACK
6
CONTINUOUS
10
0.7510145275590551
20
2.9071223228346454
11
0.7438234251968504
21
2.9056919291338583
0
LINE
8
BLACK
6
CONTINUOUS
10
0.7438234251968504
20
2.9056919291338583
11
0.7364914566929134
21
2.9056919291338583
0
LINE
8
BLACK
6
CONTINUOUS
10
0.7364914566929134
20
2.9056919291338583
11
0.7293003543307086
21
2.9071223228346454
0
LINE
8
BLACK
6
CONTINUOUS
10
0.7293003543307086
20
2.9071223228346454
11
0.7225264566929134
21
2.9099281496062992
0
LINE
8
BLACK
6
CONTINUOUS
10
0.7225264566929134
20
2.9099281496062992
11
0.7164301181102362
21
2.9140015748031494
0
LINE
8
BLACK
6
CONTINUOUS
10
0.7164301181102362
20
2.9140015748031494
11
0.7112456299212598
21
2.919186062992126
0
LINE
8
BLACK
6
CONTINUOUS
10
0.7112456299212598
20
2.919186062992126
11
0.7071722047244094
21
2.9252824015748029
0
LINE
8
BLACK
6
CONTINUOUS
10
0.7071722047244094
20
2.9252824015748029
11
0.7043663779527559
21
2.9320562992125985
0
LINE
8
BLACK
6
CONTINUOUS
10
0.7043663779527559
20
2.9320562992125985
11
0.7029359842519685
21
2.9392474015748031
0
LINE
8
BLACK
6
CONTINUOUS
10
0.7029359842519685
20
2.9392474015748031
11
0.7027558661417322
21
2.9429133858267718
0
LINE
8
BLACK
6
CONTINUOUS
10
0.7027558661417322
20
2.9429133858267718
11
0.7027558661417322
21
2.9625984251968505
0
LINE
8
BLACK
6
CONTINUOUS
10
0.7027558661417322
20
2.9625984251968505
11
0.7029359842519685
21
2.9662644094488186
0
CIRCLE
8
WHITE
10
2.3055118110236221
20
0.4
40
0.0068897637795276
0
CIRCLE
8
WHITE
10
2.3331867716535433
20
0.4668132283464567
40
0.0068897637795276
0
CIRCLE
8
WHITE
10
2.3331867716535433
20
0.3331867716535433
40
0.0068897637795276
0
CIRCLE
8
WHITE
10
2.3999999999999999
20
0.4944881889763779
40
0.0068897637795276
0
CIRCLE
8
WHITE
10
2.3999999999999999
20
0.4
40
0.0068897637795276
0
CIRCLE
8
WHITE
10
2.3999999999999999
20
0.305511811023622
40
0.0068897637795276
0
CIRCLE
8
WHITE
10
2.4668132283464566
20
0.4668132283464567
40
0.0068897637795276
0
CIRCLE
8
WHITE
10
2.4668132283464566
20
0.3331867716535433
40
0.0068897637795276
0
CIRCLE
8
WHITE
10
2.4944881889763777
20
0.4
40
0.0068897637795276
0
CIRCLE
8
WHITE
10
3.192913346456693
20
0.2897637795275591
40
0.0068897637795276
0
CIRCLE
8
WHITE
10
3.0929133464566929
20
0.2897637795275591
40
0.0068897637795276
0
CIRCLE
8
WHITE
10
3.1929133858267718
20
0.389763779527559
40
0.0068897637795276
0
CIRCLE
8
WHITE
10
3.0929133070866142
20
0.389763779527559
40
0.0068897637795276
0
CIRCLE
8
WHITE
10
3.192913346456693
20
0.4897637795275591
40
0.0068897637795276
0
CIRCLE
8
WHITE
10
3.0929133464566929
20
0.4897637795275591
40
0.0068897637795276
0
CIRCLE
8
WHITE
10
-0.5275590944881889
20
0.7070866141732284
40
0.0068897637795276
0
CIRCLE
8
WHITE
10
-0.6275590944881889
20
0.7070866141732284
40
0.0068897637795276
0
CIRCLE
8
WHITE
10
-0.5275590551181102
20
0.8070866141732284
40
0.0068897637795276
0
CIRCLE
8
WHITE
10
-0.6275591338582677
20
0.8070866141732284
40
0.0068897637795276
0
CIRCLE
8
WHITE
10
-0.5275590944881889
20
0.9070866141732283
40
0.0068897637795276
0
CIRCLE
8
WHITE
10
-0.6275590944881889
20
0.9070866141732283
40
0.0068897637795276
0
CIRCLE
8
WHITE
10
0.305511811023622
20
0.4
40
0.0068897637795276
0
CIRCLE
8
WHITE
10
0.3331867716535433
20
0.4668132283464567
40
0.0068897637795276
0
CIRCLE
8
WHITE
10
0.3331867716535433
20
0.3331867716535433
40
0.0068897637795276
0
CIRCLE
8
WHITE
10
0.4
20
0.4944881889763779
40
0.0068897637795276
0
CIRCLE
8
WHITE
10
0.4
20
0.4
40
0.0068897637795276
0
CIRCLE
8
WHITE
10
0.4
20
0.305511811023622
40
0.0068897637795276
0
CIRCLE
8
WHITE
10
0.4668132283464567
20
0.4668132283464567
40
0.0068897637795276
0
CIRCLE
8
WHITE
10
0.4668132283464567
20
0.3331867716535433
40
0.0068897637795276
0
CIRCLE
8
WHITE
10
0.4944881889763779
20
0.4
40
0.0068897637795276
0
CIRCLE
8
WHITE
10
0.305511811023622
20
2.
40
0.0068897637795276
0
CIRCLE
8
WHITE
10
0.3331867716535433
20
2.0668132283464566
40
0.0068897637795276
0
CIRCLE
8
WHITE
10
0.3331867716535433
20
1.9331867716535434
40
0.0068897637795276
0
CIRCLE
8
WHITE
10
0.4
20
2.0944881889763778
40
0.0068897637795276
0
CIRCLE
8
WHITE
10
0.4
20
2.
40
0.0068897637795276
0
CIRCLE
8
WHITE
10
0.4
20
1.905511811023622
40
0.0068897637795276
0
CIRCLE
8
WHITE
10
0.4668132283464567
20
2.0668132283464566
40
0.0068897637795276
0
CIRCLE
8
WHITE
10
0.4668132283464567
20
1.9331867716535434
40
0.0068897637795276
0
CIRCLE
8
WHITE
10
0.4944881889763779
20
2.
40
0.0068897637795276
0
CIRCLE
8
WHITE
10
4.0885826771653546
20
1.3421259842519684
40
0.0068897637795276
0
CIRCLE
8
WHITE
10
4.1885826771653543
20
1.3421259842519684
40
0.0068897637795276
0
CIRCLE
8
WHITE
10
4.0885826771653546
20
1.2421259842519685
40
0.0068897637795276
0
CIRCLE
8
WHITE
10
4.1885826771653543
20
1.2421259842519685
40
0.0068897637795276
0
CIRCLE
8
WHITE
10
4.0885826771653546
20
1.1421259842519684
40
0.0068897637795276
0
CIRCLE
8
WHITE
10
4.1885826771653543
20
1.1421259842519684
40
0.0068897637795276
0
CIRCLE
8
WHITE
10
0.6283464566929133
20
0.3645669291338582
40
0.0068897637795276
0
CIRCLE
8
WHITE
10
0.6283464566929133
20
0.4645669291338583
40
0.0068897637795276
0
CIRCLE
8
WHITE
10
0.7283464566929134
20
0.3645669291338582
40
0.0068897637795276
0
CIRCLE
8
WHITE
10
0.7283464566929134
20
0.4645669291338583
40
0.0068897637795276
0
CIRCLE
8
WHITE
10
0.8283464566929134
20
0.3645669291338582
40
0.0068897637795276
0
CIRCLE
8
WHITE
10
0.8283464566929134
20
0.4645669291338583
40
0.0068897637795276
0
CIRCLE
8
WHITE
10
0.9283464566929134
20
0.3645668897637795
40
0.0068897637795276
0
CIRCLE
8
WHITE
10
0.9283464566929134
20
0.464566968503937
40
0.0068897637795276
0
CIRCLE
8
WHITE
10
1.0283464566929135
20
0.3645669291338582
40
0.0068897637795276
0
CIRCLE
8
WHITE
10
1.0283464566929135
20
0.4645669291338583
40
0.0068897637795276
0
CIRCLE
8
WHITE
10
1.1283464566929133
20
0.3645669291338582
40
0.0068897637795276
0
CIRCLE
8
WHITE
10
1.1283464566929133
20
0.4645669291338583
40
0.0068897637795276
0
CIRCLE
8
WHITE
10
1.2283464566929134
20
0.3645669291338582
40
0.0068897637795276
0
CIRCLE
8
WHITE
10
1.2283464566929134
20
0.4645669291338583
40
0.0068897637795276
0
CIRCLE
8
WHITE
10
1.3283464566929133
20
0.3645669291338582
40
0.0068897637795276
0
CIRCLE
8
WHITE
10
1.3283464566929133
20
0.4645669291338583
40
0.0068897637795276
0
CIRCLE
8
WHITE
10
1.4283464566929134
20
0.3645668897637795
40
0.0068897637795276
0
CIRCLE
8
WHITE
10
1.4283464566929134
20
0.464566968503937
40
0.0068897637795276
0
CIRCLE
8
WHITE
10
1.5283464566929132
20
0.3645669291338582
40
0.0068897637795276
0
CIRCLE
8
WHITE
10
1.5283464566929132
20
0.4645669291338583
40
0.0068897637795276
0
CIRCLE
8
WHITE
10
1.6283464566929133
20
0.3645669291338582
40
0.0068897637795276
0
CIRCLE
8
WHITE
10
1.6283464566929133
20
0.4645669291338583
40
0.0068897637795276
0
CIRCLE
8
WHITE
10
1.7283464566929134
20
0.3645669291338582
40
0.0068897637795276
0
CIRCLE
8
WHITE
10
1.7283464566929134
20
0.4645669291338583
40
0.0068897637795276
0
CIRCLE
8
WHITE
10
0.4188976377952756
20
0.6535433070866141
40
0.0068897637795276
0
CIRCLE
8
WHITE
10
0.3188976377952756
20
0.6535433070866141
40
0.0068897637795276
0
CIRCLE
8
WHITE
10
0.4188976377952756
20
0.7535433070866142
40
0.0068897637795276
0
CIRCLE
8
WHITE
10
0.3188976377952756
20
0.7535433070866142
40
0.0068897637795276
0
CIRCLE
8
WHITE
10
0.4188976377952756
20
0.8535433070866142
40
0.0068897637795276
0
CIRCLE
8
WHITE
10
0.3188976377952756
20
0.8535433070866142
40
0.0068897637795276
0
CIRCLE
8
WHITE
10
0.4188976771653543
20
0.9535433070866142
40
0.0068897637795276
0
CIRCLE
8
WHITE
10
0.3188975984251968
20
0.9535433070866142
40
0.0068897637795276
0
CIRCLE
8
WHITE
10
0.4188976377952756
20
1.0535433070866143
40
0.0068897637795276
0
CIRCLE
8
WHITE
10
0.3188976377952756
20
1.0535433070866143
40
0.0068897637795276
0
CIRCLE
8
WHITE
10
0.4188976377952756
20
1.1535433070866141
40
0.0068897637795276
0
CIRCLE
8
WHITE
10
0.3188976377952756
20
1.1535433070866141
40
0.0068897637795276
0
CIRCLE
8
WHITE
10
0.4188976377952756
20
1.2535433070866142
40
0.0068897637795276
0
CIRCLE
8
WHITE
10
0.3188976377952756
20
1.2535433070866142
40
0.0068897637795276
0
CIRCLE
8
WHITE
10
0.4188976377952756
20
1.3535433070866141
40
0.0068897637795276
0
CIRCLE
8
WHITE
10
0.3188976377952756
20
1.3535433070866141
40
0.0068897637795276
0
CIRCLE
8
WHITE
10
0.4188976771653543
20
1.4535433070866142
40
0.0068897637795276
0
CIRCLE
8
WHITE
10
0.3188975984251968
20
1.4535433070866142
40
0.0068897637795276
0
CIRCLE
8
WHITE
10
0.4188976377952756
20
1.553543307086614
40
0.0068897637795276
0
CIRCLE
8
WHITE
10
0.3188976377952756
20
1.553543307086614
40
0.0068897637795276
0
CIRCLE
8
WHITE
10
0.4188976377952756
20
1.6535433070866141
40
0.0068897637795276
0
CIRCLE
8
WHITE
10
0.3188976377952756
20
1.6535433070866141
40
0.0068897637795276
0
CIRCLE
8
WHITE
10
0.4188976377952756
20
1.7535433070866142
40
0.0068897637795276
0
CIRCLE
8
WHITE
10
0.3188976377952756
20
1.7535433070866142
40
0.0068897637795276
0
CIRCLE
8
WHITE
10
2.3622047244094486
20
1.7488188976377952
40
0.0068897637795276
0
CIRCLE
8
WHITE
10
2.4622047244094487
20
1.7488188976377952
40
0.0068897637795276
0
CIRCLE
8
WHITE
10
2.3622047244094486
20
1.6488188976377953
40
0.0068897637795276
0
CIRCLE
8
WHITE
10
2.4622047244094487
20
1.6488188976377953
40
0.0068897637795276
0
CIRCLE
8
WHITE
10
2.3622047244094486
20
1.5488188976377952
40
0.0068897637795276
0
CIRCLE
8
WHITE
10
2.4622047244094487
20
1.5488188976377952
40
0.0068897637795276
0
CIRCLE
8
WHITE
10
2.3622047244094486
20
1.4488188976377951
40
0.0068897637795276
0
CIRCLE
8
WHITE
10
2.4622047244094487
20
1.4488188976377951
40
0.0068897637795276
0
CIRCLE
8
WHITE
10
2.3622047244094486
20
1.3488188976377953
40
0.0068897637795276
0
CIRCLE
8
WHITE
10
2.4622047244094487
20
1.3488188976377953
40
0.0068897637795276
0
CIRCLE
8
WHITE
10
2.3622047244094486
20
1.2488188976377952
40
0.0068897637795276
0
CIRCLE
8
WHITE
10
2.4622047244094487
20
1.2488188976377952
40
0.0068897637795276
0
CIRCLE
8
WHITE
10
2.3622047244094486
20
1.1488188976377953
40
0.0068897637795276
0
CIRCLE
8
WHITE
10
2.4622047244094487
20
1.1488188976377953
40
0.0068897637795276
0
CIRCLE
8
WHITE
10
2.3622047244094486
20
1.0488188976377952
40
0.0068897637795276
0
CIRCLE
8
WHITE
10
2.4622047244094487
20
1.0488188976377952
40
0.0068897637795276
0
CIRCLE
8
WHITE
10
2.3622047244094486
20
0.9488188976377953
40
0.0068897637795276
0
CIRCLE
8
WHITE
10
2.4622047244094487
20
0.9488188976377953
40
0.0068897637795276
0
CIRCLE
8
WHITE
10
2.3622047244094486
20
0.8488188976377953
40
0.0068897637795276
0
CIRCLE
8
WHITE
10
2.4622047244094487
20
0.8488188976377953
40
0.0068897637795276
0
CIRCLE
8
WHITE
10
2.3622047244094486
20
0.7488188976377953
40
0.0068897637795276
0
CIRCLE
8
WHITE
10
2.4622047244094487
20
0.7488188976377953
40
0.0068897637795276
0
CIRCLE
8
WHITE
10
2.3622047244094486
20
0.6488188976377952
40
0.0068897637795276
0
CIRCLE
8
WHITE
10
2.4622047244094487
20
0.6488188976377952
40
0.0068897637795276
0
CIRCLE
8
WHITE
10
2.1535432677165356
20
0.8944881889763779
40
0.0068897637795276
0
CIRCLE
8
WHITE
10
2.0535432677165355
20
0.8944881889763779
40
0.0068897637795276
0
CIRCLE
8
WHITE
10
2.1535432677165356
20
0.9944881889763779
40
0.0068897637795276
0
CIRCLE
8
WHITE
10
2.0535432677165355
20
0.9944881889763779
40
0.0068897637795276
0
CIRCLE
8
WHITE
10
2.1535433070866143
20
1.094488188976378
40
0.0068897637795276
0
CIRCLE
8
WHITE
10
2.0535432283464568
20
1.094488188976378
40
0.0068897637795276
0
CIRCLE
8
WHITE
10
2.1535432677165356
20
1.1944881889763779
40
0.0068897637795276
0
CIRCLE
8
WHITE
10
2.0535432677165355
20
1.1944881889763779
40
0.0068897637795276
0
CIRCLE
8
WHITE
10
2.1535432677165356
20
1.294488188976378
40
0.0068897637795276
0
CIRCLE
8
WHITE
10
2.0535432677165355
20
1.294488188976378
40
0.0068897637795276
0
CIRCLE
8
WHITE
10
2.3055118110236221
20
2.
40
0.0068897637795276
0
CIRCLE
8
WHITE
10
2.3331867716535433
20
2.0668132283464566
40
0.0068897637795276
0
CIRCLE
8
WHITE
10
2.3331867716535433
20
1.9331867716535434
40
0.0068897637795276
0
CIRCLE
8
WHITE
10
2.3999999999999999
20
2.0944881889763778
40
0.0068897637795276
0
CIRCLE
8
WHITE
10
2.3999999999999999
20
2.
40
0.0068897637795276
0
CIRCLE
8
WHITE
10
2.3999999999999999
20
1.905511811023622
40
0.0068897637795276
0
CIRCLE
8
WHITE
10
2.4668132283464566
20
2.0668132283464566
40
0.0068897637795276
0
CIRCLE
8
WHITE
10
2.4668132283464566
20
1.9331867716535434
40
0.0068897637795276
0
CIRCLE
8
WHITE
10
2.4944881889763777
20
2.
40
0.0068897637795276
0
CIRCLE
8
WHITE
10
2.1456692913385824
20
0.4724409448818898
40
0.0068897637795276
0
CIRCLE
8
WHITE
10
1.918110157480315
20
0.4724409448818898
40
0.0068897637795276
0
LINE
8
WHITE
6
CONTINUOUS
10
2.2137794881889765
20
0.3118110236220472
11
2.2137794881889765
21
0.3433070866141732
0
ARC
8
WHITE
10
2.2019684645669293
20
0.3433070866141732
40
0.0118110236220472
50
0.00000000
51
180.00000000
0
LINE
8
WHITE
6
CONTINUOUS
10
2.1901574409448816
20
0.3433070866141732
11
2.1901574409448816
21
0.3118110236220472
0
ARC
8
WHITE
10
2.2019684645669293
20
0.3118110236220472
40
0.0118110236220472
50
180.00000000
51
360.00000000
0
LINE
8
WHITE
6
CONTINUOUS
10
1.8736220078740158
20
0.3118110236220472
11
1.8736220078740158
21
0.3433070866141732
0
ARC
8
WHITE
10
1.8618109842519686
20
0.3433070866141732
40
0.0118110236220472
50
0.00000000
51
180.00000000
0
LINE
8
WHITE
6
CONTINUOUS
10
1.8499999606299211
20
0.3433070866141732
11
1.8499999606299211
21
0.3118110236220472
0
ARC
8
WHITE
10
1.8618109842519686
20
0.3118110236220472
40
0.0118110236220472
50
180.00000000
51
360.00000000
0
LINE
8
WHITE
6
CONTINUOUS
10
2.2137794881889765
20
0.4704724409448819
11
2.2137794881889765
21
0.5137795275590551
0
ARC
8
WHITE
10
2.2019684645669293
20
0.5137795275590551
40
0.0118110236220472
50
0.00000000
51
180.00000000
0
LINE
8
WHITE
6
CONTINUOUS
10
2.1901574409448816
20
0.5137795275590551
11
2.1901574409448816
21
0.4704724409448819
0
ARC
8
WHITE
10
2.2019684645669293
20
0.4704724409448819
40
0.0118110236220472
50
180.00000000
51
360.00000000
0
LINE
8
WHITE
6
CONTINUOUS
10
1.8736220078740158
20
0.4704724409448819
11
1.8736220078740158
21
0.5137795275590551
0
ARC
8
WHITE
10
1.8618109842519686
20
0.5137795275590551
40
0.0118110236220472
50
0.00000000
51
180.00000000
0
LINE
8
WHITE
6
CONTINUOUS
10
1.8499999606299211
20
0.5137795275590551
11
1.8499999606299211
21
0.4704724409448819
0
ARC
8
WHITE
10
1.8618109842519686
20
0.4704724409448819
40
0.0118110236220472
50
180.00000000
51
360.00000000
0
LINE
8
WHITE
6
CONTINUOUS
10
0.8996062204724409
20
2.0570866141732282
11
0.8996062204724409
21
2.076771653543307
0
ARC
8
WHITE
10
0.8622046850393701
20
2.076771653543307
40
0.0374015354330709
50
0.00000000
51
180.00000000
0
LINE
8
WHITE
6
CONTINUOUS
10
0.8248031496062992
20
2.076771653543307
11
0.8248031496062992
21
2.0570866141732282
0
ARC
8
WHITE
10
0.8622046850393701
20
2.0570866141732282
40
0.0374015354330709
50
180.00000000
51
360.00000000
0
LINE
8
WHITE
6
CONTINUOUS
10
0.7775589763779528
20
2.9429133858267718
11
0.7775589763779528
21
2.9625984251968505
0
ARC
8
WHITE
10
0.7401574409448819
20
2.9625984251968505
40
0.0374015354330709
50
0.00000000
51
180.00000000
0
LINE
8
WHITE
6
CONTINUOUS
10
0.702755905511811
20
2.9625984251968505
11
0.702755905511811
21
2.9429133858267718
0
ARC
8
WHITE
10
0.7401574409448819
20
2.9429133858267718
40
0.0374015354330709
50
180.00000000
51
360.00000000
  0
ENDSEC
  0
EOF
